ID,SMILES
0,C(COC[*:2])OCC[*:1]
1,C(COCCOC[*:2])OCCOCC[*:1]
2,O=C(COCCOCC[*:1])NCC[*:2]
3,O=C(COCCOCCOCCOCC[*:1])NCC[*:2]
4,O=C(COCCOCC[*:1])[*:2]
5,O=C(COCCOCCOCCOCC[*:1])[*:2]
6,C(COCCOCC[*:1])OCCOCCOC[*:2]
7,C(CCOCCOC[*:2])CC[*:1]
8,C(COCC[*:1])OCCOC[*:2]
9,O=C(COCCOCCOC[*:2])[*:1]
10,C(COCC[*:2])OCC[*:1]
11,C(COCCOCC[*:2])OCCOCC[*:1]
12,C(C[*:1])OCC[*:2]
13,C(COCC[*:1])OCCOCC[*:2]
14,C(CC[*:1])CC[*:2]
15,C(CCOCC[*:2])CC[*:1]
16,O=C(COCC[*:2])[*:1]
17,O=C(COCCOCC[*:2])[*:1]
18,O=C(COCCOCCOCC[*:2])[*:1]
19,O=C(CCCC[*:2])[*:1]
20,O=C(CCCCOCC[*:2])[*:1]
21,O=C(CO[*:2])[*:1]
22,C(CC[*:2])C[*:1]
23,C(C[*:2])[*:1]
24,C(C[*:1])C[*:2]
25,C(CCC[*:2])CC[*:1]
26,C(CCC[*:1])CCC[*:2]
27,C(#C[*:2])CCC[*:1]
28,C(#C[*:2])CC[*:1]
29,C(#C[*:2])COCCOCCOCC[*:1]
30,C(#C[*:2])CCCCCC[*:1]
31,C(CCCC[*:2])CCC[*:1]
32,C(CCCC[*:1])CCCC[*:2]
33,C(CCOC[*:2])CC[*:1]
34,C(CN1CCC(CC[*:1])CC1)C[*:2]
35,C(CN1CCN(CC[*:1])CC1)C[*:2]
36,C(#Cc1cnn(CC[*:2])c1)CCC[*:1]
37,C(#Cc1cnn(C[*:2])c1)CC[*:1]
38,c1nn(C[*:2])cc1CCCC[*:1]
39,C(CCCCC[*:2])CCCC[*:1]
40,C(CCCCC[*:1])CCCCC[*:2]
41,C(#C[*:1])c1ccc(CCCCCC[*:2])nc1
42,C(#C[*:1])c1ccc(N2CCN(CCC[*:2])CC2)nc1
43,C(#C[*:1])c1ccc(N2CCN(CCCC[*:2])CC2)nc1
44,C(#C[*:1])c1ccc(N2CCN(CC[*:2])CC2)nc1
45,C(#C[*:1])c1ccc(N2CCN(C[*:2])CC2)nc1
46,C(#C[*:1])c1ccc(N2CCN([*:2])CC2)nc1
47,C(#C[*:1])C1CCN(C2CCN([*:2])CC2)CC1
48,O=C(NCCCCCCCCC[*:2])[*:1]
49,O=C(NCCCCCCCCCC[*:2])[*:1]
50,O=C(CO[*:2])NCCCC[*:1]
51,O=C(C[*:2])NCCCC[*:1]
52,C(CCCO[*:2])CCC[*:1]
53,C(COCC[*:1])C[*:2]
54,O=C(NCCCCC[*:2])[*:1]
55,c1c(CO[*:2])nnn1CCN[*:1]
56,c1c(COCCO[*:2])nnn1CCN[*:1]
57,c1c(COCCOCCO[*:2])nnn1CCN[*:1]
58,c1c(COCCOCCOCCO[*:2])nnn1CCN[*:1]
59,c1c(COCCOCCOCCOCCO[*:2])nnn1CCN[*:1]
60,c1c(COC[*:2])nnn1CCN[*:1]
61,c1c(COCCOC[*:2])nnn1CCN[*:1]
62,c1c(COCCOCCOC[*:2])nnn1CCN[*:1]
63,c1c(COCCOCCOCCOC[*:2])nnn1CCN[*:1]
64,c1c(COCCOCCOCCOCCOC[*:2])nnn1CCN[*:1]
65,C(O[*:2])[*:1]
66,C(C[*:1])N[*:2]
67,O=C(CC[*:2])NCCOCCOCCOCC[*:1]
68,O=C(C[*:2])NCCOCCOCCOCCOCC[*:1]
69,c1c(CCC[*:1])nnn1CCOCCOCCOCCOCC[*:2]
70,O=C(C[*:2])NCCOCCOCCOCCOCCn1cc(CCC[*:1])nn1
71,C(CC[*:2])COCCOCCOCC[*:1]
72,C(CCC[*:1])CCOCCCCCOCCCC[*:2]
73,C(CCCOCCCCC[*:2])CCOCCCCCC[*:1]
74,C(CCOCCCCOCCCCOCCCC[*:1])CC[*:2]
75,C(CCC[*:1])CCOCCOCCOCCOCCOCCOCCCCC[*:2]
76,C(CCC[*:1])CCOCCCCOCCCCOCCCCOCCCCC[*:2]
77,C(COCCOCC[*:2])C[*:1]
78,C(COCCC[*:1])COCC[*:2]
79,C(CCOC[*:2])COCCCC[*:1]
80,C(CC[*:1])COCCCC[*:2]
81,C(COCCOCCC[*:2])C[*:1]
82,C(COCCC[*:1])COCCC[*:2]
83,O=C(C[*:1])NCCCC[*:2]
84,O=C(C[*:1])NCCCCCCCC[*:2]
85,O=C(CCCCC[*:1])[*:2]
86,C(COCC[*:1])OCCO[*:2]
87,O=C(C[*:1])NCCCOCCOCCOCCC[*:2]
88,C(CCN[*:1])CC[*:2]
89,C(C[*:1])OC[*:2]
90,O=C(COCCOCCNC(=O)C[*:1])NCCOCCO[*:2]
91,O=C(C[*:1])NCCOCCO[*:2]
92,O=C(COCCOCCNC(=O)C[*:1])NCCOCCOCC(=O)NCCOCCO[*:2]
93,C(COCCOCCOCCN[*:2])N[*:1]
94,c1cc(OCCCOCCCCOC[*:2])ccc1N[*:1]
95,C(C[*:2])O[*:1]
96,C(C[*:2])OC[*:1]
97,C(CO[*:1])OCC[*:2]
98,C(COC[*:1])OCC[*:2]
99,C(COCC[*:2])OCCO[*:1]
100,C(COCCO[*:1])OCCOCC[*:2]
101,C(COCCOC[*:1])OCCOCC[*:2]
102,C(COCCOCC[*:2])OCCOCCO[*:1]
103,C(COCCOCC[*:2])OCCOCCOC[*:1]
104,C(COCCOCCO[*:1])OCCOCCOCC[*:2]
105,C(COCCOCCOC[*:1])OCCOCCOCC[*:2]
106,C(COCCOCCO[*:2])OCCOCCO[*:1]
107,C(COCCOCCO[*:1])OCCOCCOCCO[*:2]
108,O=C(C[*:1])NCCOCCOCCOCCOCCOCC[*:2]
109,O=C(C[*:1])NCC[*:2]
110,c1c(C[*:2])nnn1CC[*:1]
111,c1c(C[*:2])nnn1CCOCC[*:1]
112,c1c(C[*:2])nnn1CCOCCOCC[*:1]
113,c1c(C[*:2])nnn1CCOCCOCCOCC[*:1]
114,C(COCCOCCOC[*:2])N[*:1]
115,C(CCCC[*:2])CCCN[*:1]
116,C(COCCOCC[*:2])N[*:1]
117,c1cc(OCCOCCOCC[*:2])ccc1N[*:1]
118,c1cc(N[*:1])cc(OCCOCCOCC[*:2])c1
119,O=C(CN[*:1])[*:2]
120,O=C(CCC(=O)[*:1])NCC(=O)[*:2]
121,O=C(CCCC(=O)[*:1])NCC(=O)[*:2]
122,O=C(C[*:1])NCCOCCOCCOCC[*:2]
123,O=C(CO[*:2])NCCOCCOCCOCC[*:1]
124,O=C(c1cn(CCOCCOCC[*:2])nn1)[*:1]
125,O=C(c1cn(CCOCCOCCOCC[*:2])nn1)[*:1]
126,O=C(c1cn(CCOCCOCCOCCOCC[*:2])nn1)[*:1]
127,c1c(CCC[*:1])nnn1CCOCCOCC[*:2]
128,O=C(c1cnnn1CCOCCOCCOCC[*:2])[*:1]
129,O=C(c1cnnn1CCOCCOCCOCCOCC[*:2])[*:1]
130,O=C(C[*:2])NCCOCCOCCn1cc(CCCC(=O)[*:1])nn1
131,O=C(C[*:2])NCCOCCOCCOCCn1cc([*:1])nn1
132,O=C(C[*:2])NCCOCCOCCOCCn1cc(C(=O)[*:1])nn1
133,O=C(C[*:2])NCCOCCOCCOCCOCCn1cc(C(=O)[*:1])nn1
134,O=C(c1cn(CCCCCCCCCCC[*:2])nn1)[*:1]
135,O=C(CCCc1cn(CCCCC[*:2])nn1)[*:1]
136,O=C(c1cn(CCCCC[*:2])nn1)[*:1]
137,O=C(CCCCCCC[*:2])[*:1]
138,C(COCCO[*:1])OCCOC[*:2]
139,C(CCOCCCOC[*:2])CCO[*:1]
140,c1cc([*:1])ccc1OCCCCOC[*:2]
141,O=C(CC[*:1])NCCCOCCOCCO[*:2]
142,O=C(CCC[*:2])[*:1]
143,O=C(CCCCC[*:2])[*:1]
144,C(COC[*:2])C[*:1]
145,C(COCC[*:2])C[*:1]
146,O=C(CCOCCC[*:1])NCCO[*:2]
147,O=C(CCOCCOCC[*:1])NCCO[*:2]
148,O=C(CCOCCOCCOCCOCC[*:1])NCCO[*:2]
149,C(CCOCCOCC[*:2])CC[*:1]
150,C(CCOCCCCOCCCC[*:1])CC[*:2]
151,O=C(CO[*:2])NCCCC(=O)[*:1]
152,O=C(COCCOCCCCCC[*:1])[*:2]
153,O=C(COCCCCOCCCC[*:1])[*:2]
154,O=C(CCOCCCOCCC[*:1])[*:2]
155,O=C(CCOCCCOCCC[*:1])NCCO[*:2]
156,O=C(CCCCCC[*:1])[*:2]
157,O=C(CCCCCCC[*:1])[*:2]
158,O=C(CCCCCCCCC[*:1])[*:2]
159,O=C(CCCCCn1cc(C[*:1])nn1)[*:2]
160,O=C(CCCCCCn1cc(C[*:1])nn1)[*:2]
161,O=C(CCCCCCCn1cc(C[*:1])nn1)[*:2]
162,O=C(CCCCCCCCCn1cc(C[*:1])nn1)[*:2]
163,CN(CCCN(C)c1ccc(CCCO[*:2])cc1)C(=O)[*:1]
164,C(CCOCCC[*:2])COCCC[*:1]
165,C(COCCOCCOCCC[*:2])C[*:1]
166,C(COCCO[*:2])OCCO[*:1]
167,O=C(NCCOCCOCCNC(=O)[*:2])[*:1]
168,C(CCO[*:2])CC[*:1]
169,O=C(CCC(=O)[*:1])NCCCC(=O)[*:2]
170,O=C(CCC(=O)NCCCC(=O)[*:2])NCCCCCC(=O)[*:1]
171,O=C(CCC(=O)[*:1])NCCCCCC(=O)[*:2]
172,O=C(CCCn1cc(C[*:1])nn1)[*:2]
173,C(CCC[*:2])CCN[*:1]
174,C(CC[*:2])CN[*:1]
175,C(COCC[*:2])N[*:1]
176,C(CN[*:1])COCCC[*:2]
177,C(CC[*:2])COCCN[*:1]
178,O=C(CCCCCOCCOCCOCCCCCC[*:1])[*:2]
179,O=C(CCCCCOCCCCCOCCCCCC[*:1])[*:2]
180,O=C(COCCOCCOCCOCCOCCOCCCCCC[*:1])[*:2]
181,C(CCC[*:1])CCOCCOC[*:2]
182,C(CCC[*:1])CCOCCOCCOCCCCC[*:2]
183,C(CCC[*:1])CCOCCCCCOCCCCC[*:2]
184,C(CCC[*:1])CCOCCOCCOCCOCCOCCOC[*:2]
185,C(COCCN[*:1])COC[*:2]
186,O=C(CO[*:2])NCCCCN[*:1]
187,O=C(CCC(=O)[*:1])NCCCCNC(=O)CO[*:2]
188,O=C(CCC(=O)[*:1])NCCCOCCOCCOCCCNC(=O)CO[*:2]
189,C(COCCOCCOCCOC[*:2])N[*:1]
190,O=C(C[*:2])NCCOCCOCCOC[*:1]
191,O=C(CO[*:2])NCCCCCCCCN[*:1]
192,O=C(CO[*:2])NCCOCCOCCOCCOCCOCCOCCOCCOCCOCCN[*:1]
193,C(C[*:2])N[*:1]
194,C(CO[*:2])N[*:1]
195,C(CCCCO[*:2])CCCN[*:1]
196,C(CN[*:1])C[*:2]
197,C(#C[*:1])C1CN(C2CCN([*:2])CC2)C1
198,C(#C[*:1])C1CCN(C2CN([*:2])C2)CC1
199,C(#C[*:1])C1CCN([*:2])CC1
200,C1CN([*:2])CCC1C1CN([*:1])C1
201,C1CN([*:2])CCC1N1CC([*:1])C1
202,C1CN([*:2])CCC1[*:1]
203,C1CN([*:2])CCN1[*:1]
204,O=C(C[*:1])NCCC[*:2]
205,c1c(C[*:1])nnn1CCOCCOCC[*:2]
206,c1c(C[*:1])nnn1CCOCCOCCOCC[*:2]
207,c1c(C[*:1])nnn1CCOCCOCCOCCOCC[*:2]
208,O=C(C[*:1])NCCOCC[*:2]
209,O=C(C[*:1])NCCOCCOCC[*:2]
210,O=C(C[*:1])NCCOCCOCCOCCOCC[*:2]
211,c1c(C[*:1])nnn1CCOCC[*:2]
212,O=C(C[*:1])NCCCCC[*:2]
213,c1c(C[*:1])nnn1CCCCC[*:2]
214,c1c(C[*:1])nnn1CCCCCC[*:2]
215,O=C(c1cn(CCOCC[*:2])nn1)[*:1]
216,O=C(Cc1cn(CCOCC[*:2])nn1)[*:1]
217,O=C(CCc1cn(CCC[*:2])nn1)[*:1]
218,O=C(CCCc1cn(CC[*:2])nn1)[*:1]
219,C(#C[*:2])CCCCn1cc(C[*:1])nn1
220,C(#C[*:2])CCCCCn1cc(C[*:1])nn1
221,C(COCCOCC[*:1])OCCOCCOCC[*:2]
222,C(COCCOCCOCC[*:2])OCCOCCOCC[*:1]
223,O=C(C[*:2])NCCOCCn1cc(C[*:1])nn1
224,O=C(C[*:2])NCCOCCOCCn1cc(C[*:1])nn1
225,O=C(C[*:2])NCCOCCOCCOCCn1cc(C[*:1])nn1
226,O=C(CC[*:2])NCCOCCn1cc(C[*:1])nn1
227,O=C(CC[*:2])NCCOCCOCCn1cc(C[*:1])nn1
228,O=C(CC[*:2])NCCOCCOCCOCCn1cc(C[*:1])nn1
229,O=C(CC[*:2])NCCOCCOCCOCCOCCn1cc(C[*:1])nn1
230,c1c(C[*:1])nnn1CCOCCN[*:2]
231,c1c(C[*:1])nnn1CCOCCOCCN[*:2]
232,c1c(C[*:1])nnn1CCOCCOCCOCCN[*:2]
233,c1c(C[*:1])nnn1CCOCCOCCOCCOCCN[*:2]
234,O=C(CC[*:1])NCCOCCOCCOC[*:2]
235,O=C(CC[*:1])NCCOCCOCCOCCOC[*:2]
236,O=C(CO[*:1])NCCOCCOCCOC[*:2]
237,O=C(CO[*:1])NCCOCCOCCOCCOC[*:2]
238,O=C(NCCOCCOCCOC[*:2])[*:1]
239,O=C(NCCOCCOCCOCCOC[*:2])[*:1]
240,C(COCCOCCOC[*:2])NC[*:1]
241,C(COCCOCCOCCOC[*:2])NC[*:1]
242,O=C(C[*:1])NCCOCCOCCOC[*:2]
243,O=C(C[*:1])NCCOCCOCCOCCOC[*:2]
244,O=C(NCCOCCOCCOCC(=O)[*:2])[*:1]
245,O=C(NCCOCCOCCOCCOCC(=O)[*:2])[*:1]
246,O=C(COCCOCCOCCNC[*:1])[*:2]
247,O=C(COCCOCCOCCOCCNC[*:1])[*:2]
248,O=C(C[*:1])NCCOCCOCCOCC(=O)[*:2]
249,O=C(C[*:1])NCCOCCOCCOCCOCC(=O)[*:2]
250,O=C(CC[*:1])NCCOCCOCCOCC(=O)[*:2]
251,O=C(CC[*:1])NCCOCCOCCOCCOCC(=O)[*:2]
252,O=C(CO[*:1])NCCOCCOCCOCC(=O)[*:2]
253,O=C(CO[*:1])NCCOCCOCCOCCOCC(=O)[*:2]
254,O=C(NCCOCCOCCOCCO[*:2])[*:1]
255,O=C(NCCOCCOCCOCCOCCOCCO[*:2])[*:1]
256,C(COCCOCCOCCOCCOCCO[*:2])NC[*:1]
257,C(COCCOCCOCCO[*:2])NC[*:1]
258,O=C(C[*:1])NCCOCCOCCOCCO[*:2]
259,O=C(C[*:1])NCCOCCOCCOCCOCCOCCO[*:2]
260,O=C(CC[*:1])NCCOCCOCCOCCO[*:2]
261,O=C(CC[*:1])NCCOCCOCCOCCOCCOCCO[*:2]
262,O=C(CO[*:1])NCCOCCOCCOCCOCCOCCO[*:2]
263,O=C(CCCCCOCCOCCOCCCCC[*:2])[*:1]
264,O=C(CCOCCOCCOCCOCCOCC[*:2])[*:1]
265,O=C(CCOCCOCCOCCOCC[*:2])[*:1]
266,O=C(CCOCCOCCOCC[*:2])[*:1]
267,O=C(CCOCCOCC[*:2])[*:1]
268,O=C(COCCOC[*:2])[*:1]
269,O=C(CCCCCCCCCCCCCC[*:2])[*:1]
270,O=C(CCCCCCCCCCCC[*:2])[*:1]
271,O=C(CCCCCCCC[*:2])[*:1]
272,O=C(CCCCCC[*:2])[*:1]
273,O=C(CC[*:2])[*:1]
274,O=C(CCCc1cn(CCC[*:2])nn1)[*:1]
275,O=C(CCC[*:2])NCC(=O)[*:1]
276,O=C(CCCCCCCC[*:2])NCCCCC(=O)[*:1]
277,O=C(CCCCCCCC[*:2])NCCCCC[*:1]
278,C(#C[*:2])CCCC[*:1]
279,C(#C[*:2])CCCCC[*:1]
280,C(#C[*:2])CCCCCCCC[*:1]
281,C(#C[*:2])CCCCO[*:1]
282,C(#C[*:2])CCCCN[*:1]
283,C(#C[*:2])CCCn1cc([*:1])cn1
284,C(#C[*:2])c1cnn(CCC[*:1])c1
285,C(#C[*:2])CCC1CCN([*:1])CC1
286,C(#C[*:2])C1CCN(CC[*:1])CC1
287,O=C(C[*:1])N1CCC(C#C[*:2])CC1
288,O=C(CCCCCN[*:1])NCCCCCC[*:2]
289,O=C(CCCCCCCCC[*:2])[*:1]
290,O=C(C[*:2])NCCOCCOCC[*:1]
291,O=C(CCC#C[*:2])[*:1]
292,O=C(CCCC#C[*:2])[*:1]
293,O=C(CCCCC#C[*:2])[*:1]
294,O=C(CCC#C[*:2])NCC(=O)[*:1]
295,O=C(CCCC#C[*:2])NCC(=O)[*:1]
296,O=C(CCCCC#C[*:2])NCC(=O)[*:1]
297,C(#C[*:2])C[*:1]
298,O=C(C[*:2])[*:1]
299,O=C(CCCC[*:1])[*:2]
300,O=C(C[*:1])NCCC(=O)[*:2]
301,O=C(CCCCCCCCCCC(=O)[*:2])[*:1]
302,O=C(CCCCCCCCCCCN[*:2])[*:1]
303,C(CCCCCC[*:1])CCCCCN[*:2]
304,O=C(CCCCCCCCCC[*:2])[*:1]
305,O=C(CCCCCCCCCN[*:2])[*:1]
306,O=C(CCCCCCCN[*:2])[*:1]
307,O=C(CCCCCN[*:2])[*:1]
308,O=C(CCOCC[*:2])[*:1]
309,O=C(CC[*:1])NCCOCC[*:2]
310,O=C(CC[*:1])NCCOCCOCCOCCOCCOCC[*:2]
311,O=C(CC[*:1])NCCCCCC[*:2]
312,O=C(CC[*:1])NCCCCCCCCO[*:2]
313,O=C(CO[*:2])NCCCCCC(=O)[*:1]
314,O=C(CCC(=O)[*:1])NCC[*:2]
315,O=C(CCC(=O)[*:1])NCCCC[*:2]
316,O=C(CCC(=O)[*:1])NCCCCCC[*:2]
317,O=C(CCC(=O)[*:1])NCCNC(=O)CO[*:2]
318,O=C(CCC(=O)[*:1])NCCCCCCNC(=O)CO[*:2]
319,O=C(CO[*:2])NCCOCCOCC(=O)[*:1]
320,O=C(COCCCOC[*:2])[*:1]
321,O=C(COCCOCCOCCOCC[*:2])[*:1]
322,O=C(NCCOCCOCC[*:2])[*:1]
323,S=C(NCCOCCOCC[*:2])[*:1]
324,O=C(CCCn1cc(COCCOCC[*:2])nn1)[*:1]
325,O=C(CCCn1cc(COCCOCCOCC[*:2])nn1)[*:1]
326,O=C(CCCCCCn1cc(COCCOCC[*:2])nn1)[*:1]
327,O=C(CCCCCCn1cc(COCCOCCOCC[*:2])nn1)[*:1]
328,c1c(COCCOCC[*:2])nnn1CCCCCCC[*:1]
329,c1c(COCCOCCOCC[*:2])nnn1CCCCCCC[*:1]
330,c1c([*:1])nnn1CCO[*:2]
331,c1c([*:1])nnn1CCCCCO[*:2]
332,c1c([*:1])nnn1CCCCCCO[*:2]
333,c1c([*:1])nnn1CCCCCCCCO[*:2]
334,O=C(CCCCCN[*:1])[*:2]
335,O=C(CCC(=O)N[*:1])NCCCCCC(=O)[*:2]
336,O=C(CCOCCOCCOCCN[*:1])[*:2]
337,O=C(CCOCCOCCOCCOCCOCCOCCOCCN[*:1])[*:2]
338,O=C(CON=[*:1])NCCOCC[*:2]
339,O=C(CON=[*:1])NCCOCCOCC[*:2]
340,O=C(CON=[*:1])NCCOCCOCCOCC[*:2]
341,O=C(C[*:1])NCCCCCC[*:2]
342,O=C(CO[*:2])NCCCCCC[*:1]
343,O=C(CO[*:2])NCCC[*:1]
344,O=C(CO[*:2])NCC[*:1]
345,O=C(NCCOCCOCCOCC[*:2])[*:1]
346,O=C(NCCOCCOCCOCCOCC[*:2])[*:1]
347,O=C(CCCn1cc(COCCOCCOCC(=O)[*:2])nn1)[*:1]
348,O=C(CCCCn1cc(C[*:1])nn1)[*:2]
349,O=C(CCCc1cn(CCOCC[*:2])nn1)N[*:1]
350,O=C(CCCc1cn(CCOCCOCC[*:2])nn1)N[*:1]
351,O=C(CCCc1cn(CCOCCOCCOCC[*:2])nn1)N[*:1]
352,O=C(CCCc1cn(CCOCCOCCOCCOCC[*:2])nn1)N[*:1]
353,O=C(CO[*:2])NCCCCC[*:1]
354,O=C(CO[*:2])NCCCCCCCCCCC[*:1]
355,O=C(COCCOCCOCCN[*:2])NCCCO[*:1]
356,O=C(CON=[*:1])NCCOCCOCCN[*:2]
357,O=C(COCCOCCOCCN[*:2])[*:1]
358,O=C(CC[*:1])NCC[*:2]
359,O=C(CC[*:1])NCCC[*:2]
360,O=C(CC[*:1])NCCCC[*:2]
361,O=C(CC[*:1])NCCCCC[*:2]
362,O=C(COCCOCCOCC[*:1])[*:2]
363,O=C(C[*:1])NCCOCCOCCOCCC(=O)[*:2]
364,O=C(CCCCN[*:2])[*:1]
365,O=C(CCCCCCN[*:2])[*:1]
366,O=C(CCCCCCCCCCN[*:2])[*:1]
367,O=C(CCOCCC[*:2])[*:1]
368,O=C(CCCCCCCCCO[*:1])[*:2]
369,C(CCCCO[*:1])CCCC[*:2]
370,O=C(COCCOCCOCCOCCO[*:1])[*:2]
371,C(COCCOC[*:2])OCCOCCO[*:1]
372,O=C(COCCOCCOCCOCCOCCOCCO[*:1])[*:2]
373,C(COCCOCCOC[*:2])OCCOCCOCCO[*:1]
374,O=C(COCCOCCOCCOCCOCCOCC[*:1])[*:2]
375,C(COCCOCCOC[*:2])OCCOCCOCC[*:1]
376,O=C(C[*:1])NCCCC(=O)[*:2]
377,O=C(C[*:1])NCCCCC(=O)[*:2]
378,O=C(C[*:1])NCCCCCC(=O)[*:2]
379,O=C(C[*:1])NCCCCCCC(=O)[*:2]
380,O=C(C[*:1])NCCCCCCCC(=O)[*:2]
381,O=C(COCCn1cc(C[*:1])nn1)[*:2]
382,O=C(COCCOCCn1cc(C[*:1])nn1)[*:2]
383,O=C(COCCOCCOCCn1cc(C[*:1])nn1)[*:2]
384,O=C(COCCOCCOCCOCCn1cc(C[*:1])nn1)[*:2]
385,c1cc(C[*:1])ccc1CC[*:2]
386,c1cc(OCC[*:2])ccc1C[*:1]
387,O=C(C[*:2])NCCCCCC[*:1]
388,O=C(CCC[*:1])NCCCCO[*:2]
389,O=C(C[*:2])NCCOCCOCCC(=O)[*:1]
390,O=C(CCCC(=O)[*:1])NCCCCC(=O)[*:2]
391,O=C(C[*:2])NCCOCCOCCOCCOCCC(=O)[*:1]
392,O=C(C[*:2])NCCOCCOCCN[*:1]
393,C(#C[*:1])COCCOCCOCC[*:2]
394,C(#C[*:1])CCCCCCCCCC[*:2]
395,C(#C[*:1])COCCOCCOCCO[*:2]
396,C(#C[*:1])CCCCCCCCCCO[*:2]
397,O=C(CCOCCOCCOCC#C[*:1])[*:2]
398,O=C(CCCCCCCCCCC#C[*:1])[*:2]
399,C(#C[*:1])CN1CCC2(CC1)CCN(c1ncc([*:2])cn1)CC2
400,O=C(CON=[*:1])NCCOCCOCCOC[*:2]
401,O=C(N/N=C/c1ccc(OC[*:2])cc1)[*:1]
402,O=C(N/N=C/c1ccc(OCCC[*:2])cc1)[*:1]
403,O=C(N/N=C/c1ccc(OCCCC[*:2])cc1)[*:1]
404,O=C(N/N=C/c1ccc(OCCCCC[*:2])cc1)[*:1]
405,O=C(N/N=C/c1ccc(OCCCCCC[*:2])cc1)[*:1]
406,O=C(N/N=C/c1ccc(OCCCCCCC[*:2])cc1)[*:1]
407,O=C(N/N=C/c1ccc(OCCOC[*:2])cc1)[*:1]
408,O=C(N/N=C/c1ccc(OCCOCCOC[*:2])cc1)[*:1]
409,O=C(N/N=C/c1ccc(OCCOCCOCCOC[*:2])cc1)[*:1]
410,O=C(N/N=C/c1ccc(OCCOCCOCCOCCOC[*:2])cc1)[*:1]
411,O=C(N/N=C/c1ccc(OCCOCCOCCOCCOCCOC[*:2])cc1)[*:1]
412,O=C(N/N=C/c1ccc(OCCOCCOCCOCCOCCOCCOC[*:2])cc1)[*:1]
413,O=C(COc1ccc(/C=N/NC(=O)[*:1])cc1)NCC#C[*:2]
414,O=C(CCCOc1ccc(/C=N/NC(=O)[*:1])cc1)NCC#C[*:2]
415,O=C(CCCCOc1ccc(/C=N/NC(=O)[*:1])cc1)NCC#C[*:2]
416,O=C(CCCCCOc1ccc(/C=N/NC(=O)[*:1])cc1)NCC#C[*:2]
417,O=C(CCCCCCOc1ccc(/C=N/NC(=O)[*:1])cc1)NCC#C[*:2]
418,O=C(CCCCCCCOc1ccc(/C=N/NC(=O)[*:1])cc1)NCC#C[*:2]
419,O=C(COCCOc1ccc(/C=N/NC(=O)[*:1])cc1)NCC#C[*:2]
420,O=C(COCCOCCOc1ccc(/C=N/NC(=O)[*:1])cc1)NCC#C[*:2]
421,O=C(COCCOCCOCCOc1ccc(/C=N/NC(=O)[*:1])cc1)NCC#C[*:2]
422,O=C(COCCOCCOCCOCCOc1ccc(/C=N/NC(=O)[*:1])cc1)NCC#C[*:2]
423,O=C(COCCOCCOCCOCCOCCOc1ccc(/C=N/NC(=O)[*:1])cc1)NCC#C[*:2]
424,O=C(COCCOCCOCCOCCOCCOCCOc1ccc(/C=N/NC(=O)[*:1])cc1)NCC#C[*:2]
425,C(=N/N[*:1])\c1ccc(OC[*:2])cc1
426,C(=N/N[*:1])\c1ccc(OCCC[*:2])cc1
427,C(=N/N[*:1])\c1ccc(OCCCC[*:2])cc1
428,C(=N/N[*:1])\c1ccc(OCCCCC[*:2])cc1
429,C(=N/N[*:1])\c1ccc(OCCCCCC[*:2])cc1
430,C(=N/N[*:1])\c1ccc(OCCCCCCC[*:2])cc1
431,C(=N/N[*:1])\c1ccc(OCCOC[*:2])cc1
432,C(=N/N[*:1])\c1ccc(OCCOCCOC[*:2])cc1
433,C(=N/N[*:1])\c1ccc(OCCOCCOCCOC[*:2])cc1
434,C(=N/N[*:1])\c1ccc(OCCOCCOCCOCCOC[*:2])cc1
435,C(=N/N[*:1])\c1ccc(OCCOCCOCCOCCOCCOC[*:2])cc1
436,C(=N/N[*:1])\c1ccc(OCCOCCOCCOCCOCCOCCOC[*:2])cc1
437,O=C(NCCc1ccc(OCCC[*:2])cc1)[*:1]
438,O=C(NCCc1ccc(OCCCC[*:2])cc1)[*:1]
439,O=C(NCCc1ccc(OCCCCC[*:2])cc1)[*:1]
440,O=C(COCCOCCOCC[*:1])NCC[*:2]
441,C(CCC[*:1])CCOCCOCCOC[*:2]
442,C(CCC[*:1])CCOCCOCCOCCOC[*:2]
443,C(CCCOC[*:2])CCOCCCCCC[*:1]
444,c1cc(OC[*:2])ccc1OCC[*:1]
445,O=C(NCC[*:2])[*:1]
446,O=C(NCCC[*:2])[*:1]
447,O=C(NCCCC[*:2])[*:1]
448,O=C(CCN[*:1])NCCOCCOCC[*:2]
449,O=C(CCN[*:1])NCCOCCOCCOCCOCC[*:2]
450,O=C(CCOCCOCCOCn1cc(CCCN[*:1])nn1)[*:2]
451,O=C(CCOCCOCCOCn1cc(CCOCCOCCOCCN[*:1])nn1)[*:2]
452,C(COCCOCCOCCO[*:2])N[*:1]
453,C(COCCOCCOCCOCCO[*:2])N[*:1]
454,C(COCCOCCOCCOCCOCCO[*:2])N[*:1]
455,C(COCCOCCOCC[*:2])N[*:1]
456,C(CCCCCC[*:2])CCCCCN[*:1]
457,CN(CCCN[*:1])CCC[*:2]
458,C(CN1CCN(CC[*:2])CC1)N[*:1]
459,C(CN[*:1])CN1CCN(CCC[*:2])CC1
460,C(CCN1CCN(CCCC[*:2])CC1)CN[*:1]
461,C(COCCN1CCN(CCOCC[*:2])CC1)N[*:1]
462,C([*:1])[*:2]
463,C(CO[*:1])OC[*:2]
464,O=C(COCCOCCOC[*:2])NCC[*:1]
465,O=C(COCCOCCOCCOC[*:2])NCC[*:1]
466,O=C(COCCOCCOCCOCCOC[*:2])NCC[*:1]
467,O=C(COCCOCCOCCOCCOCCOC[*:2])NCC[*:1]
468,O=C(COCCOCCOCCOCCOCCOCCOCCOCCOC[*:2])NCC[*:1]
469,O=C(COCCCCCCOC[*:2])NCC[*:1]
470,O=C(COCCCCCOCCOCCCCCOC[*:2])NCC[*:1]
471,O=C(COCCOCCOCC[*:2])NCC[*:1]
472,O=C(COCCOCCOCCOCCOCC[*:2])NCC[*:1]
473,O=C(CCCC[*:2])NCC[*:1]
474,c1c(COCC[*:1])nnn1CCOCCOCC[*:2]
475,O=C(CCCc1cn(CCOCCOCC[*:2])nn1)[*:1]
476,C(COCCO[*:2])OCCOCC[*:1]
477,O=C(c1cnc(N2CCN(CC[*:1])CC2)nc1)[*:2]
478,O=C(c1cnc(N2CCN(CCC[*:1])CC2)cn1)[*:2]
479,O=C(CCOCCOCCOCCOCCOCCOCC[*:2])[*:1]
480,O=C(CCOCCOCCOCCOCCOCCOCCOCC[*:2])[*:1]
481,O=C(CCOCCOCCOCCOCCOCCOCCOCCOCCOCC[*:2])[*:1]
482,O=C(CCOCCOCCC(=O)[*:1])NCCCO[*:2]
483,O=C(CCOCCOCCOCCC(=O)[*:1])NCCCO[*:2]
484,O=C(CCOCCOCCOCCOCCOCCC(=O)[*:1])NCCCO[*:2]
485,O=C(CCOCCOCCOCCC(=O)[*:1])NCCO[*:2]
486,O=C(CCOCCOCCOCCOCCOCCOCCC(=O)[*:1])NCCO[*:2]
487,O=C(CCOCCOCCOCCOCCOCCOCCC(=O)[*:1])NCCCO[*:2]
488,O=C(CCOCCOCCOCCOCCOCCOCCOCCOCCOCCC(=O)[*:1])NCCCO[*:2]
489,O=C(CCOCCOCCOCCOCCOCCn1cc(CO[*:2])nn1)[*:1]
490,C(COCCOC[*:2])OCCOC[*:1]
491,C(COCCOC[*:1])OCCOCCOC[*:2]
492,C(COCCOCCOC[*:2])OCCOCCOC[*:1]
493,O=C(C[*:2])NCCOCCOCCOCCOCCOCCn1cc(C[*:1])nn1
494,c1c(CCCC[*:1])nnn1CCOCC[*:2]
495,c1c(CCCC[*:1])nnn1CCOCCOCC[*:2]
496,c1c(CCCC[*:1])nnn1CCOCCOCCOCC[*:2]
497,c1c(CCCC[*:1])nnn1CCOCCOCCOCCOCC[*:2]
498,O=C(C[*:1])NCCCCCCCCCC[*:2]
499,O=C(CO[*:1])NCCCCCCCCCC[*:2]
500,C(COCCOCC[*:1])N[*:2]
501,C(COCCOCCOC[*:1])N[*:2]
502,C(COCC[*:2])OCCOC[*:1]
503,O=C(CCN[*:2])[*:1]
504,O=C(COCCN[*:2])[*:1]
505,O=C(COCCOCCN[*:2])[*:1]
506,O=C(COCCOCCOCCOCCN[*:2])[*:1]
507,C(CC[*:1])COCCOCCOCCOCCN[*:2]
508,C(COCCOCCOCCOCC[*:2])N[*:1]
509,O=C(COCCOCCOCCO[*:2])[*:1]
510,O=C(COCCOCCOCCOCC(=O)[*:2])[*:1]
511,O=C(COCCOCCOCCOCC(=O)[*:1])NCCCC[*:2]
512,O=C(COCCOCCOCCOc1ccc(O[*:2])cc1)[*:1]
513,O=C(NCCOCCOCCOCCN[*:2])[*:1]
514,C(COCCOCCOCC[*:2])C[*:1]
515,c1cc(OCC[*:2])ccc1OCCO[*:1]
516,c1cc(OCCO[*:1])cc(OCC[*:2])c1
517,c1ccc(OCC[*:2])c(OCCO[*:1])c1
518,O=C(CCCC[*:2])NC[*:1]
519,O=C(CCC[*:2])NC[*:1]
520,O=C(CCCCC[*:2])NC[*:1]
521,O=C(CCOCC[*:2])NC[*:1]
522,O=C(CCCCCC[*:2])NC[*:1]
523,O=C(CCCCCCC[*:2])NC[*:1]
524,O=C(CCOCCOCC[*:2])NC[*:1]
525,O=C(CCOCCOCCOCC[*:2])NC[*:1]
526,O=C(CCOCCOCCOCCOCC[*:2])NC[*:1]
527,O=C(CCOCCOCCOCCOCCOCC[*:2])NC[*:1]
528,c1c(CCCO[*:1])nnn1CCOCC[*:2]
529,c1c(CCCCO[*:1])nnn1CCOCC[*:2]
530,c1c(CCCCCO[*:1])nnn1CCOCC[*:2]
531,c1c(CCCO[*:1])nnn1CCOCCOCC[*:2]
532,c1c(CCCCO[*:1])nnn1CCOCCOCC[*:2]
533,c1c(CCCCCO[*:1])nnn1CCOCCOCC[*:2]
534,c1c(CCCO[*:1])nnn1CCOCCOCCOCC[*:2]
535,c1c(CCCCO[*:1])nnn1CCOCCOCCOCC[*:2]
536,c1c(CCCCCO[*:1])nnn1CCOCCOCCOCC[*:2]
537,c1c(CCCO[*:1])nnn1CCOCCOCCOCCOCC[*:2]
538,c1c(CCCCO[*:1])nnn1CCOCCOCCOCCOCC[*:2]
539,c1c(CCCCCO[*:1])nnn1CCOCCOCCOCCOCC[*:2]
540,c1c(CCCO[*:1])nnn1CCOCCOCCOCCOCCOCC[*:2]
541,c1c(CCCCO[*:1])nnn1CCOCCOCCOCCOCCOCC[*:2]
542,c1c(CCCCCO[*:1])nnn1CCOCCOCCOCCOCCOCC[*:2]
543,c1c(CO[*:1])nnn1CCCCCCC[*:2]
544,c1c(CCCO[*:1])nnn1CCCCCC[*:2]
545,c1c(CCCO[*:1])nnn1CCCCCCC[*:2]
546,c1c(CCCCO[*:1])nnn1CCCCCCC[*:2]
547,c1c(CCCCCO[*:1])nnn1CCCCCCC[*:2]
548,c1c(CCCCCCO[*:1])nnn1CCCCCCC[*:2]
549,c1c(CCCCCCCO[*:1])nnn1CCCCCCC[*:2]
550,C(#C[*:2])COCCn1cc(CCCO[*:1])nn1
551,C(#C[*:2])COCCCn1cc(CCCO[*:1])nn1
552,C(#C[*:2])COCCCCn1cc(CCCO[*:1])nn1
553,C(#C[*:2])COCCCCCn1cc(CCCO[*:1])nn1
554,C(#C[*:2])COCCCCCCn1cc(CCCO[*:1])nn1
555,C(#C[*:2])COCCCCCCCn1cc(CCCO[*:1])nn1
556,c1c(CCCO[*:1])nnn1CCOCCC[*:2]
557,c1c(CCCO[*:1])nnn1CCCOCCC[*:2]
558,c1c(CCCO[*:1])nnn1CCCCOCCC[*:2]
559,c1c(CCCO[*:1])nnn1CCCCCOCCC[*:2]
560,c1c(CCCO[*:1])nnn1CCCCCCOCCC[*:2]
561,c1c(CCCO[*:1])nnn1CCCCCCCOCCC[*:2]
562,C(CCC[*:2])CCNCCC[*:1]
563,C(CCCCC[*:2])CCCCNCCC[*:1]
564,C(CNCCOCCOCCOC[*:2])C[*:1]
565,C(CNCCOCC[*:2])C[*:1]
566,C(CNCC[*:2])C[*:1]
567,c1c(C[*:2])nnn1CCO[*:1]
568,c1c(C[*:2])nnn1CCCO[*:1]
569,c1c(C[*:2])nnn1CCCCO[*:1]
570,c1c(C[*:2])nnn1CCCCCO[*:1]
571,c1c(C[*:2])nnn1CCCCCCO[*:1]
572,c1c(CC[*:2])nnn1CCO[*:1]
573,c1c(CC[*:2])nnn1CCCO[*:1]
574,c1c(CC[*:2])nnn1CCCCO[*:1]
575,c1c(CCC[*:2])nnn1CCO[*:1]
576,c1c(CCC[*:2])nnn1CCCO[*:1]
577,c1c(CCC[*:2])nnn1CCCCO[*:1]
578,c1c(CCCC[*:2])nnn1CCO[*:1]
579,c1c(CCCC[*:2])nnn1CCCO[*:1]
580,c1c(CCCC[*:2])nnn1CCCCO[*:1]
581,c1c(CCCC[*:2])nnn1CCCCCO[*:1]
582,c1c(CCCC[*:2])nnn1CCCCCCO[*:1]
583,c1c(CCCC[*:2])nnn1CCCCCCCO[*:1]
584,c1c(CCCC[*:2])nnn1CCCCCCCCO[*:1]
585,c1c(CCCC[*:2])nnn1CCCCCCCCCO[*:1]
586,c1c(CCCC[*:2])nnn1CCCCCCCCCCO[*:1]
587,c1c(CCCC[*:2])nnn1CCCCCCCCCCCO[*:1]
588,c1c(CCCC[*:2])nnn1CCCCCCCCCCCCO[*:1]
589,c1c(CCCC[*:2])nnn1CCOCCO[*:1]
590,c1c(CCCC[*:2])nnn1CCOCCOCCO[*:1]
591,O=C(CO[*:2])NCCCCNC(=O)C[*:1]
592,O=C(CO[*:2])NCCCCCCCCNC(=O)C[*:1]
593,O=C(CO[*:2])NCCCOCCOCCOCCCNC(=O)C[*:1]
594,O=C(C[*:1])NCCCCCCO[*:2]
595,O=C(CO[*:2])N1CCC(C2CCN(C(=O)C[*:1])CC2)CC1
596,O=C(C[*:1])NCCOCCOC[*:2]
597,O=C(CCOCC[*:2])NCC[*:1]
598,O=C(CCOCCOCCO[*:1])NCC[*:2]
599,O=C(CCOCCOCCOCCOCCO[*:2])NCC[*:1]
600,O=C(CCOCCOCCOCCOCCOCCOCCOCCOCCO[*:2])NCC[*:1]
601,O=C(CCCCCO[*:2])NCC[*:1]
602,O=C(CCCCCCCO[*:2])NCC[*:1]
603,O=C(CCCCCCCCO[*:2])NCC[*:1]
604,O=C(NCc1cn(CCOCC(=O)[*:2])nn1)[*:1]
605,O=C(NCc1cn(CCOCCOCC(=O)[*:2])nn1)[*:1]
606,O=C(NCc1cn(CCOCCOCCOCC(=O)[*:2])nn1)[*:1]
607,O=C(NCc1cn(CCOCCOCCOCCOCC(=O)[*:2])nn1)[*:1]
608,O=C(NCCCOCCOCCOCCC[*:2])[*:1]
609,O=C(CO[*:2])NCCOCCOCCOCCNC(=O)[*:1]
610,O=C(CO[*:2])NCCOCCCOCCCOCCNC(=O)[*:1]
611,O=C(CO[*:2])NCCOCCOCCNC(=O)[*:1]
612,O=C(CO[*:2])NCCCCCCNC(=O)[*:1]
613,O=C(C[*:2])NCCOCCOCCOCC[*:1]
614,O=C(CCC(=O)[*:1])NCCCCCCCCNC(=O)CO[*:2]
615,O=C(CCOCCOCC[*:2])NCCC[*:1]
616,O=C(CCCC(=O)[*:2])NCCN[*:1]
617,O=C(CCCC(=O)[*:2])N1CCN([*:1])CC1
618,O=C(CCCC(=O)[*:2])NCCCCN[*:1]
619,O=C(CCCC(=O)[*:2])NCCCN[*:1]
620,O=C(CCCC(=O)[*:2])NCCCCCN[*:1]
621,O=C(CCC(=O)[*:2])N1CCN([*:1])CC1
622,O=C(CCC(=O)[*:2])NCCN[*:1]
623,O=C(COCC(=O)[*:2])NCCN[*:1]
624,O=C(CCCn1cc(COCCOCCO[*:2])nn1)[*:1]
625,O=C(CCCn1cc(COCCOCCOCCO[*:2])nn1)[*:1]
626,O=C(COCCOCCO[*:2])[*:1]
627,O=C(COCCOCCOCCOCCO[*:2])[*:1]
628,O=C(CCCO[*:2])[*:1]
629,O=C(CCCCO[*:2])[*:1]
630,O=C(CCCCCO[*:2])[*:1]
631,O=C(CCCCCCO[*:2])[*:1]
632,c1c(CCCC[*:1])nnn1CCOCCOCCOCCOCCOCC[*:2]
633,O=C(CCCC[*:1])NCCOCCOCCOCC[*:2]
634,O=C(CCCCC[*:1])NCCOCCOCCOCC[*:2]
635,c1c(CCCC[*:1])nnn1CCOCCOCCOCCC[*:2]
636,c1c(CCCC[*:1])nnn1CCOCCOCCOCCOCCC[*:2]
637,C(COCCOCCOCC[*:1])OCCOCCOCCOCC[*:2]
638,O=C(CO[*:2])NCCCOCCOCCOCCCN[*:1]
639,C(CCCO[*:2])CCN[*:1]
640,c1cc([*:2])ccc1CNCc1cn(CCO[*:1])nn1
641,c1cc([*:2])ccc1CNCc1cn(CCCO[*:1])nn1
642,c1cc([*:2])ccc1CNCc1cn(CCCCO[*:1])nn1
643,c1cc([*:2])ccc1CNCc1cn(CCCCCO[*:1])nn1
644,c1cc([*:2])ccc1CNCc1cn(CCCCCCO[*:1])nn1
645,c1cc([*:2])ccc1CNCc1cn(CCCCCCCO[*:1])nn1
646,C(CCCCCC[*:2])CCCCC[*:1]
647,O=C(CCCCCCCCCCC[*:2])[*:1]
648,C(COCCOCCOCCOCCOCCOCCOCCOCC[*:2])C[*:1]
649,O=C(CC[*:1])NCCOCCOCC[*:2]
650,c1cc(OCCOCC[*:2])ccc1NCCC[*:1]
651,c1cc(OCCOCCOCC[*:2])ccc1NCCC[*:1]
652,c1cc(OCCOCC[*:2])ccc1NCc1cn(CCC[*:1])nn1
653,c1cc(OCCOCCOCC[*:2])ccc1NCc1cn(CCC[*:1])nn1
654,O=C(NCCCCCC[*:2])[*:1]
655,O=C(NCCOCCOCCO[*:2])[*:1]
656,O=C(COCCOCCOCCOCCOCC[*:1])[*:2]
657,C(CCCN[*:1])CCC[*:2]
658,C(CCC[*:1])CCOCCOCC[*:2]
659,C(CCC[*:1])CCOCCOCCOCCOCCO[*:2]
660,C(COCCOCCO[*:2])OCCOCCOC[*:1]
661,C(CC[*:1])COCCOCCOCCOCCO[*:2]
662,CC(C)(CCCOCCOCCOCCOCCO[*:2])[*:1]
663,C(COCCOC[*:1])OCCOCCO[*:2]
664,C(COCCO[*:2])OCCOC[*:1]
665,c1c(CC[*:1])nnn1CCOCCOCCOCCOCCOCCO[*:2]
666,c1c(CC[*:1])nnn1CCOCCOCCOCCO[*:2]
667,c1c(CC[*:1])nnn1CCOCCOCCO[*:2]
668,c1c(CC[*:1])nnn1CCOCCO[*:2]
669,O=C(NCCO[*:2])OCCOCCOCCOCCn1cc(CC[*:1])nn1
670,O=C(NCCO[*:2])OCCOCCOCCn1cc(CC[*:1])nn1
671,O=C(NCCO[*:2])OCCOCCn1cc(CC[*:1])nn1
672,O=C(NCCO[*:2])OCCOCCOCCOCCOCCOCCn1cc(CC[*:1])nn1
673,O=C(CO[*:2])NCCCCCCCC[*:1]
674,O=C(CO[*:2])NCCCOCCOCCOCCC[*:1]
675,O=C(NCCCCCCCC[*:1])c1ccc(C[*:2])cc1
676,O=C(NCCCCCC[*:1])[*:2]
677,O=C(NCCCCCCCC[*:1])[*:2]
678,O=C(Cc1cn(CCOCCOCCOC[*:2])nn1)[*:1]
679,CN(CCNC(=O)CO[*:2])CC(=O)[*:1]
680,O=C(CO[*:2])NCCOCCOCCOCCNCC(=O)[*:1]
681,O=C(CO[*:2])NCCCCNCC(=O)[*:1]
682,CN(CCNC(=O)C[*:2])CC(=O)[*:1]
683,C(CCOCCCOC[*:2])CC[*:1]
684,C(COCCN1CCC([*:1])CC1)COC[*:2]
685,C(CCOC[*:2])CCO[*:1]
686,C(CCN[*:1])CCOC[*:2]
687,c1cc([*:1])ccc1CCOC[*:2]
688,c1cc([*:1])ccc1COC[*:2]
689,O=C(CC[*:1])NCCOCCOCCOCC[*:2]
690,C(CCOCCC[*:2])CCO[*:1]
691,c1cc([*:1])ccc1OCCCCC[*:2]
692,c1cc(OCCOCCOCCOCCOCC[*:2])ccc1N[*:1]
693,C[C@H](N[*:1])c1ccc(OCCOCC[*:2])cc1
694,O=C(NCC1CCCCN1CCOCC[*:2])[*:1]
695,C(COCCN[*:1])NCC[*:2]
696,CN(CCOCCOCCC[*:2])C(=O)[*:1]
697,C(COCCOCCN[*:1])C[*:2]
698,C(COCCOCCN1CCC([*:2])CC1)N[*:1]
699,C(CN1CCOC(CNC[*:1])C1)OCC[*:2]
700,CN(CCOCCOCCC[*:2])C[*:1]
701,CN(CCOCCC[*:2])C[*:1]
702,C(COCCN1CCN(C[*:1])CC1)OCCO[*:2]
703,C(COCCO[*:2])OCCOCCN1CCN(C[*:1])CC1
704,C1CN([*:2])CCC1CN1CCN(C[*:1])CC1
705,C(CO[*:2])OCC[*:1]
706,C1CC(O[*:2])CCC1CN1CCN(C[*:1])CC1
707,C(COCCO[*:1])COC[*:2]
708,C(COCCCO[*:1])COC[*:2]
709,FC(F)(CCOCCOC[*:2])CCO[*:1]
710,C(CCOCCOC[*:2])CCO[*:1]
711,CN(CCOCCOCCOCCOC[*:2])C(=O)CCN[*:1]
712,CN(CCOCCOCCOCCOCCOC[*:2])C(=O)CCN[*:1]
713,CN(CCOCCOCCOCC[*:2])C(=O)CCN[*:1]
714,CN(CCOCCOCCOCCOCCO[*:2])C(=O)CCN[*:1]
715,O=C(CC(=O)[*:1])NCC[*:2]
716,O=C(CC(=O)[*:1])NCCC[*:2]
717,O=C(CC(=O)[*:1])NCCCC[*:2]
718,O=C(CC(=O)[*:1])NCCCCC[*:2]
719,O=C(CC(=O)[*:1])NCCCCCC[*:2]
720,O=C(CC(=O)[*:1])NCCCCCCC[*:2]
721,O=C(CC(=O)[*:1])NCCCCCCCC[*:2]
722,O=C(CC(=O)[*:1])NCCCCCCCCC[*:2]
723,O=C(CC(=O)[*:1])NCCCCCCCCCC[*:2]
724,O=C(CC(=O)[*:1])NCCCCCCCCCCC[*:2]
725,O=C(CCC(=O)[*:1])NCCCCCCCCCC[*:2]
726,O=C(CCC(=O)[*:1])NCCCCCCCCCCC[*:2]
727,O=C(CCCC(=O)[*:1])NCCCCCCCCCCC[*:2]
728,O=C(CCC(=O)[*:1])NCCOCCOCCOC[*:2]
729,O=C(CCC(=O)[*:1])NCCOCCOCCOCC[*:2]
730,O=C(CCC(=O)[*:1])NCCOCCOCCOCCOCC[*:2]
731,O=C(CN1CCN(CCCCCCCCCC[*:2])CC1)[*:1]
732,O=C(CN1CCN(CCCCCCCCCCC[*:2])CC1)[*:1]
733,O=C(CCC(=O)[*:1])N1CCN(CCCCCCCC[*:2])CC1
734,O=C(CCC(=O)[*:1])N1CCN(CCCCCCCCC[*:2])CC1
735,O=C(CCC(=O)[*:1])Nc1ccc(OCCCCCCC[*:2])cc1
736,O=C(CCC(=O)[*:1])NCCCCN1CCN(CCCC[*:2])CC1
737,O=C(N[*:1])c1cn(CCOCCOCC[*:2])nn1
738,O=C(c1ccc(/N=N/c2ccc(OCC[*:1])cc2)cc1)[*:2]
739,O=C(c1ccc(/N=N/c2ccc(OCCC[*:1])cc2)cc1)[*:2]
740,O=C(c1ccc(/N=N/c2ccc(OCCCC[*:1])cc2)cc1)[*:2]
741,O=C(c1ccc(/N=N/c2ccc(OCCCCC[*:1])cc2)cc1)[*:2]
742,O=C(c1ccc(/N=N/c2ccc(OCCCCCC[*:1])cc2)cc1)[*:2]
743,O=C(c1cc(F)c(/N=N/c2c(F)cc([*:2])cc2F)c(F)c1)[*:1]
744,COc1cc(/N=N/[*:2])cc(OC)c1OCC(=O)NCCN[*:1]
745,COc1cc(/N=N/[*:2])cc(OC)c1OCC(=O)NCCCN[*:1]
746,COc1cc(/N=N/[*:2])cc(OC)c1OCC(=O)NCCCCN[*:1]
747,COc1cc(/N=N/[*:2])cc(OC)c1OCC(=O)NCCCCCN[*:1]
748,COc1cc(/N=N/[*:2])cc(OC)c1OCC(=O)NCCCCCCN[*:1]
749,O=C(COc1ccc(/N=N/[*:2])cc1)NCCN[*:1]
750,O=C(COc1ccc(/N=N/[*:2])cc1)NCCCCN[*:1]
751,O=C(COc1ccc(/N=N/[*:2])cc1)NCCCCCCN[*:1]
752,O=C(CO[*:2])Nc1ccc(/N=N/c2ccc(N[*:1])cc2)cc1
753,O=C(CO[*:2])Nc1ccc(/N=N/c2ccc(CN[*:1])cc2)cc1
754,O=C(CO[*:2])Nc1ccc(/N=N/c2ccc(CCN[*:1])cc2)cc1
755,O=C(CO[*:2])Nc1ccc2c(c1)CCc1cc(N[*:1])ccc1/N=N\2
756,COc1cc(/N=N/[*:2])cc(OC)c1OCC(=O)NCCCNC(=O)CO[*:1]
757,COc1cc(/N=N/[*:2])cc(OC)c1OCC(=O)NCCCCNC(=O)CO[*:1]
758,COc1cc(/N=N/[*:2])cc(OC)c1OCC(=O)NCCCCCNC(=O)CO[*:1]
759,COc1cc(/N=N/[*:2])cc(OC)c1OCC(=O)NCCCCCCNC(=O)CO[*:1]
760,O=C(COc1ccc(/N=N/[*:2])cc1)NCCNC(=O)CO[*:1]
761,O=C(CO[*:1])Nc1ccc(/N=N/c2ccc(NC(=O)CO[*:2])cc2)cc1
762,C(COC[C@@H](COCCOCC[*:2])N[*:1])OCCOC[*:2]
763,C(COC[C@@H](COCC[*:2])N[*:1])OCCOC[*:2]
764,O=C(COCC[*:1])[*:2]
765,O=C(CO[*:2])NCCOCCOCCOCCNC(=O)C[*:1]
766,C(COCCO[*:1])OCCOCCO[*:2]
767,C(CCO[*:1])COCCCOC[*:2]
768,FC(F)(COCCCO[*:1])C(F)(F)C(F)(F)COC[*:2]
769,c1cc([*:1])ccc1OCCCOC[*:2]
770,FC(F)(COC[*:2])COc1ccc([*:1])cc1
771,FC(F)(COCCCOC[*:2])C(F)(F)CO[*:1]
772,C(COC[*:2])OCCO[*:1]
773,C(COCCOCCO[*:1])OCCOCCOC[*:2]
774,C(CO[C@H]1C[C@H](O[*:1])C1)CN1CCN([*:2])CC1
775,C1CN(CCN2CCN(C[*:2])CC2)CCC1O[C@H]1C[C@H](O[*:1])C1
776,O=C(C1CN([*:2])C1)[*:1]
777,C(CC[*:1])COCCCOC[*:2]
778,c1cc([*:1])ccc1OCCCCOCCCOC[*:2]
779,O=C(NCCOCCOCCOCCN[*:1])c1ccc([*:2])cc1
780,O=C(NCCCN[*:1])c1ccc([*:2])cc1
781,O=C(CCCc1cn(CCOCC[*:2])nn1)[*:1]
782,O=C(CCCc1cn(CCOCCOCCOCC[*:2])nn1)[*:1]
783,O=C(CCCc1cn(CCOCCOCCOCCOCC[*:2])nn1)[*:1]
784,O=C(CCCc1cn(CC[*:2])nn1)N[*:1]
785,O=C(NCCOCCOCCOCC[*:1])c1ccc([*:2])cc1
786,O=C(NCCC[*:1])c1ccc([*:2])cc1
787,O=C(NCCCC[*:1])[*:2]
788,O=C(NCCOCCOCC[*:1])[*:2]
789,O=C(CCCn1cc(CCCC[*:1])nn1)NCCOCCOCC[*:2]
790,O=C(CCCn1cc(CCCC[*:1])nn1)NCCOCCOCCNC(=O)[*:2]
791,O=C(CCCn1cc(CCCC[*:1])nn1)NCCCCCC[*:2]
792,O=C(CCCn1cc(CCCC[*:1])nn1)NCCCCC[*:2]
793,O=C(CCCn1cc(CC[*:1])nn1)NCC[*:2]
794,O=C(CCCn1cc(CC[*:1])nn1)NCCC[*:2]
795,O=C(CCCn1cc(CCC[*:1])nn1)NCCC[*:2]
796,O=C(CCCn1cc(CC[*:1])nn1)NCCCC[*:2]
797,O=C(CCCn1cc(CCCC[*:1])nn1)NCC[*:2]
798,O=C(CCCn1cc(CCC[*:1])nn1)NCCCC[*:2]
799,O=C(CCCn1cc(CCCC[*:1])nn1)NCCC[*:2]
800,O=C(CCCn1cc(CCCC[*:1])nn1)NCCCC[*:2]
801,CC(C)(C)OC(=O)N[C@@H](CCn1cc(CCCC[*:1])nn1)C(=O)NCCCC[*:2]
802,[Cl-].[NH3+][C@@H](CCn1cc(CCCC[*:1])nn1)C(=O)NCCCC[*:2]
803,C(COCCOCCOCCOCC[*:2])OCCOCCOCCOCCO[*:1]
804,C(COCCOC[*:2])N[*:1]
805,O=C(CCOCCOCCOCC[*:1])[*:2]
806,C(CC[*:1])COCC[*:2]
807,O=C(CCCNC(=O)CO[*:2])NCCC[*:1]
808,O=C(CCCCCNC(=O)CO[*:2])NCCC[*:1]
809,O=C(CCCNC(=O)CO[*:2])NCCCCC[*:1]
810,O=C(CCCCCNC(=O)CO[*:2])NCCCCC[*:1]
811,O=C(CCCNC(=O)C[*:2])NCCCCC[*:1]
812,O=C(CCCCCNC(=O)C[*:2])NCCCCC[*:1]
813,O=C(CCCC[*:1])NCC[*:2]
814,O=C(CCCCCC[*:1])NCC[*:2]
815,O=C(CCCCCCCC[*:1])NCC[*:2]
816,O=C(CCCCCCCCC[*:1])NCC[*:2]
817,O=C(CCCCCCCCCC[*:1])NCC[*:2]
818,O=C(CCCCCCCCCCC[*:1])NCC[*:2]
819,O=C(CCCCCCCCCCCC[*:1])NCC[*:2]
820,O=C(CCCCCCCCCC[*:1])NCCCC[*:2]
821,O=C(CCCCCCCCCC[*:1])NCCCCCC[*:2]
822,O=C(CCCCCCCCCC[*:1])NCCOCC[*:2]
823,O=C(CCCCCCCCCC[*:1])NCCOCCOCC[*:2]
824,O=C(CCCCCCCCCC[*:1])NCCCOCCOCCOCCC[*:2]
825,O=C(CCCCCCCCCC[*:1])NCCN[*:2]
826,O=C(CCCCCCCCCC[*:1])NC[*:2]
827,O=C(CCCCCCCCCC[*:1])NCCC[*:2]
828,O=C(CCCCCCCCCC[*:1])NCCCCC[*:2]
829,O=C(CC[*:1])NCCOCCOC[*:2]
830,O=C(CC[*:1])NCCOCCOCCOCCOCC[*:2]
831,O=C(CC[*:1])N1CCC(CN2CCN([*:2])CC2)CC1
832,O=C(CC[*:1])N1CCC(CCN2CCN([*:2])CC2)CC1
833,C(CNC[*:2])C[*:1]
834,C(CNCCC[*:2])C[*:1]
835,C(CC[*:2])CNCCC[*:1]
836,C(CCNCCC[*:1])CC[*:2]
837,C(CCCNCCC[*:1])CCC[*:2]
838,C(CCCC[*:2])CCCNCCC[*:1]
839,C(CCCCNCCC[*:1])CCCC[*:2]
840,C(CNCCOC[*:2])C[*:1]
841,C(CNCCOCCOC[*:2])C[*:1]
842,C(CNCCOCCOCC[*:2])C[*:1]
843,C(CNCCOCCOCCOCC[*:2])C[*:1]
844,C(CNCCOCCOCCOCCOCC[*:2])C[*:1]
845,C(CCCCCNCCC[*:1])CCCCC[*:2]
846,CN(CCCCCCCCCC[*:2])CCC[*:1]
847,C(CCCCNCCCC[*:1])CCCC[*:2]
848,C(CCCCC[*:2])CCCCNCCCC[*:1]
849,C(CCCCCNCCCC[*:1])CCCCC[*:2]
850,C(CNCCOCCOCCOCCOCCOCC[*:2])C[*:1]
851,C(CNCCC[*:1])CN[*:2]
852,C(CCN[*:2])CNCCC[*:1]
853,C(CCNCCC[*:1])CCN[*:2]
854,C(CCCN[*:2])CCNCCC[*:1]
855,C(CCCNCCC[*:1])CCCN[*:2]
856,C(CCCCN[*:2])CCCNCCC[*:1]
857,C(CNCCOCCN[*:2])C[*:1]
858,C(CNCCOCCOCCN[*:2])C[*:1]
859,C(CNCCOCCOCCOCCN[*:2])C[*:1]
860,C(CNCCOCCOCCOCCOCCN[*:2])C[*:1]
861,C(CNCCOCCOCCOCCOCCOCCN[*:2])C[*:1]
862,C(CC[*:1])CO[*:2]
863,C(CCC[*:1])CCO[*:2]
864,C(CCCC[*:1])CCCO[*:2]
865,C(CCCCO[*:2])CCCC[*:1]
866,C(CCCCC[*:1])CCCCO[*:2]
867,C(CCCCCO[*:2])CCCCC[*:1]
868,C(CCCCCC[*:1])CCCCCO[*:2]
869,O=C(COC[*:2])[*:1]
870,O=C(COCCOCCOCCOCCOC[*:2])[*:1]
871,Nc1cc(CCOC[*:2])cc(OCC[*:1])c1
872,Oc1cc(CCOC[*:2])cc(OCC[*:1])c1
873,Nc1cc(CCOC[*:2])cc(OCCN[*:1])c1
874,C(COC[C@H]1CNC[C@@H](COC[*:2])C1)N[*:1]
875,Nc1cc(CCOCCOCC#C[*:1])cc(CC[*:2])c1
876,C(C#CCOC[*:2])#CCN[*:1]
877,O=C(NCc1cn(CCOCC[*:2])nn1)[*:1]
878,O=C(NCc1cn(CCOCCOCC[*:2])nn1)[*:1]
879,O=C(NCc1cn(CCOCCOCCOCC[*:2])nn1)[*:1]
880,O=C(N[*:1])c1cn(CCOCC[*:2])nn1
881,O=C(N[*:1])c1cn(CCOCCOCCOCC[*:2])nn1
882,O=C(N[*:1])c1cn(CCOCCOCCOCCOCC[*:2])nn1
883,O=C(N[*:1])c1cn(CCCCCCCC[*:2])nn1
884,O=C(N[*:1])c1cn(CCOCCOCC#C[*:2])nn1
885,O=C(N[*:1])c1cn(CCCCCOCC#C[*:2])nn1
886,O=C(N[*:1])c1cn(CCCCCCCC#C[*:2])nn1
887,O=C(N[*:1])c1cn(CCOCCOCCC[*:2])nn1
888,O=C(N[*:1])c1cn(CCCCCOCCC[*:2])nn1
889,O=C(N[*:1])c1cn(CCCCCCCCC[*:2])nn1
890,C(COCCOCCOCCOCC[*:1])OCCOCCOCCOCCOCC[*:2]
891,c1c(C[*:1])nnn1CCOCCOCCOCCOCCOCC[*:2]
892,O=C(COCCn1cc([*:1])nn1)[*:2]
893,O=C(COCCOCCn1cc([*:1])nn1)[*:2]
894,O=C(COCCOCCOCCn1cc([*:1])nn1)[*:2]
895,O=C(CO[*:2])NCCOCCOCC(=O)N[*:1]
896,C(C[*:1])O[*:2]
897,C(CO[*:2])C[*:1]
898,C1CN([*:2])CCC1N[*:1]
899,C1CN([*:1])CCC1[*:2]
900,O=C(C[*:2])NCCCCC[*:1]
901,O=C(C[*:2])NCCC[*:1]
902,O=C(c1ccc(N2CCN(CCCCCCCCCO[*:2])CC2)cc1)[*:1]
903,O=C(c1ccc(N2CCN(CCCCCCCCC[*:2])CC2)cc1)[*:1]
904,O=C(c1ccc(N2CCN(CCCCCCCC[*:2])CC2)cc1)[*:1]
905,O=C(c1ccc(N2CCN(CCCCCCC[*:2])CC2)cc1)[*:1]
906,O=C(c1cnc(N2CCN(CCCC[*:2])CC2)nc1)[*:1]
907,O=C(c1cnc(N2CCN(CCC[*:2])CC2)nc1)[*:1]
908,O=C(c1cnc(N2CCN(CCCCC[*:2])CC2)nc1)[*:1]
909,O=C(c1cnc(N2CCN(CCCCCC[*:2])CC2)nc1)[*:1]
910,O=C(c1cnc(N2CCN(CCCCCCC[*:2])CC2)nc1)[*:1]
911,O=C(c1cnc(N2CCN(CCCCCCN[*:2])CC2)nc1)[*:1]
912,O=C(c1cnc(N2CCN(CCCCCN[*:2])CC2)nc1)[*:1]
913,O=C(c1cnc(N2CCN(CCCCN[*:2])CC2)nc1)[*:1]
914,O=C(c1cnc(N2CCN(CCCN[*:2])CC2)nc1)[*:1]
915,O=C(c1cnc(N2CCN(CCCCCCCN[*:2])CC2)nc1)[*:1]
916,O=C(c1ccc(C#CC2CCN(C3CCN([*:2])CC3)CC2)cc1)[*:1]
917,O=C(c1ccc(N2CCN(CCCCCCCCN[*:2])CC2)cc1)[*:1]
918,O=C(c1ccc(N2CCN(CCCCCCCCCN[*:2])CC2)cc1)[*:1]
919,O=C(c1ccc(N2CCN(CCCCCN[*:2])CC2)cc1)[*:1]
920,O=C(c1ccc(N2CCN(CCCCCCN[*:2])CC2)cc1)[*:1]
921,O=C(c1ccc(N2CCN(CCCCCCCN[*:2])CC2)cc1)[*:1]
922,O=C(c1ccc(N2CCN(CCOC[*:2])CC2)cc1)[*:1]
923,O=C(c1ccc(N2CCN(C[*:2])CC2)cc1)[*:1]
924,O=C(c1ccc(N2CCN(CC[*:2])CC2)cc1)[*:1]
925,O=C(c1ccc(N2CCN(CCOC[*:2])CC2)nn1)[*:1]
926,O=C(c1ccc(N2CCN(CCOC[*:2])CC2)nc1)[*:1]
927,O=C(c1cnc(N2CCN(CCOC[*:2])CC2)cn1)[*:1]
928,O=C(c1cnc(N2CCN(CCOC[*:2])CC2)nc1)[*:1]
929,O=C(c1ccc(N2CCN(CCOC[*:2])CC2)cn1)[*:1]
930,C(#C[*:2])COCC[*:1]
931,C(COCCOCC[*:1])OCCOCCO[*:2]
932,c1c(CO[*:2])nnn1CCCCCCCC[*:1]
933,c1c(CO[*:2])nnn1CCOCCOCC[*:1]
934,c1c(CO[*:2])nnn1CCOCCOCCOCC[*:1]
935,O=C(CO[*:2])NCCNC(=O)C[*:1]
936,O=C(CO[*:2])NCCCNC(=O)C[*:1]
937,O=C(CO[*:2])NCCCCCNC(=O)C[*:1]
938,O=C(CO[*:2])NCCCCCCNC(=O)C[*:1]
939,O=C(CO[*:2])NCCOCCNC(=O)C[*:1]
940,C(CCN[*:1])CCO[*:2]
941,O=C(CO[*:2])NCCN[*:1]
942,O=C(CO[*:2])NCCCN[*:1]
943,O=C(CO[*:2])NCCCCCN[*:1]
944,O=C(CO[*:2])NCCCCCCN[*:1]
945,O=C(CO[*:2])NCCCCCCCN[*:1]
946,O=C(CCC#C[*:2])N[*:1]
947,O=C(CCCC#C[*:2])N[*:1]
948,O=C(CCCCC#C[*:2])N[*:1]
949,C(COCCO[*:2])N[*:1]
950,C(COCCOCCO[*:2])N[*:1]
951,O=C(CC[*:1])NCCCCCCCC[*:2]
952,O=C(CC[*:1])NCCCCNCC(=O)[*:2]
953,O=C(CC[*:1])NCCCCCCNCC(=O)[*:2]
954,O=C(CC[*:1])NCCCCCCCCNCC(=O)[*:2]
955,O=C(CC[*:1])NCCOCCNCC(=O)[*:2]
956,O=C(CC[*:1])NCCOCCOCCNCC(=O)[*:2]
957,O=C(CC[*:1])NCCOCCOCCOCCNCC(=O)[*:2]
958,O=C(CC[*:1])NCCCCNCCC(=O)[*:2]
959,O=C(CC[*:1])NCCCCCCNCCC(=O)[*:2]
960,O=C(CC[*:1])NCCOCCNCCC(=O)[*:2]
961,O=C(CC[*:1])NCCOCCOCCNCCC(=O)[*:2]
962,O=C(CC[*:1])NCCCCNC(=O)CO[*:2]
963,O=C(CC[*:1])NCCCCCCNC(=O)CO[*:2]
964,O=C(CC[*:1])NCCCCCCCCNC(=O)CO[*:2]
965,O=C(CC[*:1])NCCOCCNC(=O)CO[*:2]
966,O=C(CC[*:1])NCCOCCOCCNC(=O)CO[*:2]
967,O=C(CC[*:1])NCCOCCOCCOCCNC(=O)CO[*:2]
968,CN(CCOCCOCC[*:1])CC(=O)[*:2]
969,CN(CCOCCOCCOCC[*:1])CC(=O)[*:2]
970,CN(CCOCCOCCOCCOCC[*:1])CC(=O)[*:2]
971,O=C(CCOCCOCCOCCOCCN[*:2])[*:1]
972,O=C(CO[*:2])NCCOCC[*:1]
973,O=C(CO[*:2])NCCOCCOCC[*:1]
974,O=C(CO[*:2])NCCOCCOCCOCCOCC[*:1]
975,O=C(COCCOCC[*:2])N[*:1]
976,O=C(COCCOCCOCC[*:2])N[*:1]
977,O=C(COCCOCCOCCOCC[*:2])N[*:1]
978,O=C(CC[*:2])N[*:1]
979,O=C(CCCC[*:2])N[*:1]
980,O=C(CCCCCC[*:2])N[*:1]
981,O=C(CCCCCCCC[*:2])N[*:1]
982,O=C(CCCCOCCOCCOCC[*:2])[*:1]
983,O=C(CCC(=O)[*:1])NCCCOCCCCOCCC[*:2]
984,O=C(CCCCOCCCCCOCCCCCC[*:2])[*:1]
985,O=C(CCCCCOCCCCCCOCCCCCC[*:2])[*:1]
986,O=C(CCCCCOCCCCOCCCCOCCCC[*:2])[*:1]
987,O=C(CCCCCOCCCCOCCCCOCCCCOCCCCCC[*:2])[*:1]
988,O=C(CCCCCOCCOCCOCCOCCOCCOCCCCCC[*:2])[*:1]
989,C(COCCOCCOCC[*:1])N[*:2]
990,O=C(CO[*:2])NCCOCCOCCN[*:1]
991,O=C(CO[*:2])NCCOCCN[*:1]
992,O=C(CCOCCOCCOCCOCCOCCOCCOCCOCC[*:2])[*:1]
993,O=C(CCC(=O)[*:1])NCCCOCCOCCOCCC[*:2]
994,O=C(CCOCCOCCOCC[*:2])NCCC[*:1]
995,O=C(CCOCCOCCOCCOCC[*:2])NCCC[*:1]
996,O=C(CCOCCOCCOCCOCCOCC[*:2])NCCC[*:1]
997,O=C(CCOCCOCCOCCOCCOCCOCC[*:2])NCCC[*:1]
998,O=C(CCOCCOCCOCCOCCOCCNC(=O)CCOCCOCCOCCOCCOCC[*:2])NCCC[*:1]
999,O=C(CC[*:2])NCCCCCC[*:1]
1000,O=C(CCOCCOCCOCCOCC[*:2])N1CCC([*:1])CC1
1001,O=C(CCOCCOCCOCC[*:2])N1CCC([*:1])CC1
1002,O=C(CCOCCOCCOCC[*:2])N1CC(C[*:1])C1
1003,O=C(CCCCCCCCC[*:1])N1CCN(Cc2ccc(C[*:2])cc2)CC1
1004,O=C(CCCCCCCCC[*:1])N1CCN([*:2])CC1
1005,O=C(C[*:1])NCCCOCCCCOCCC[*:2]
1006,O=C(CCOCCOCCn1cc(COCC[*:2])nn1)[*:1]
1007,O=C(CCOCCOCCOCCOCC#C[*:2])[*:1]
1008,C(CO[*:1])OCCO[*:2]
1009,c1nc(CO[*:2])cnc1CO[*:1]
1010,c1c(COCC[*:1])nnn1CCOCC[*:2]
1011,c1c(COCC[*:1])nnn1CCOCCOCCOCC[*:2]
1012,C1CN([*:1])CCN1C[*:2]
1013,C(CO[*:1])C[*:2]
1014,CN(CCCNC(=O)C[*:2])C(C)(C)[*:1]
1015,CN(CCCCNC(=O)C[*:2])C(C)(C)[*:1]
1016,CN(CCOCCNC(=O)C[*:2])C(C)(C)[*:1]
1017,CN(CCOCCOCCNC(=O)C[*:2])C(C)(C)[*:1]
1018,CN(CCOCCOCCOCCNC(=O)C[*:2])C(C)(C)[*:1]
1019,CN(CCNC(=O)C[*:2])C(C)(C)[*:1]
1020,CN(CCCC[*:2])C(C)(C)[*:1]
1021,CN(CCC[*:2])C(C)(C)[*:1]
1022,CN(CCCNC(=O)CO[*:2])C(C)(C)[*:1]
1023,CN(CCCNC(=O)C[*:2])C[*:1]
1024,CN(CCCNC(=O)C[*:2])CCC[*:1]
1025,CN(CCOCCNC(=O)C[*:2])C[*:1]
1026,CN(CCC[*:1])CCOCCNC(=O)C[*:2]
1027,CN(CCCNC(=O)C[*:2])C(C)(C)CC(C#N)[*:1]
1028,CN(CCOCCNC(=O)CN[*:2])C[*:1]
1029,CN(CCC[*:1])CCOCCNC(=O)CN[*:2]
1030,CN(CCOCCNC(=O)CN[*:2])C(C)(C)[*:1]
1031,O=C(CC[*:2])NCCC[*:1]
1032,O=C(CCCCCCCN[*:1])[*:2]
1033,O=C(CCCCCCCCCCN[*:1])[*:2]
1034,O=C(CCCCCCCCCCCN[*:1])[*:2]
1035,O=C(CO[*:1])NCCCC[*:2]
1036,O=C(CCCC(=O)[*:2])NC[*:1]
1037,O=C(NCC1CCN(CC(=O)[*:2])CC1)[*:1]
1038,O=C(CCCC(=O)[*:2])[*:1]
1039,O=C(N1CCC(C[*:1])CC1)[*:2]
1040,O=C(CCCCCN[*:2])N[*:1]
1041,O=C(COCCOCCN[*:2])N[*:1]
1042,O=C(C[*:2])NCCCCCCCC[*:1]
1043,C(CN1CCN([*:2])CC1)C1CCN([*:1])CC1
1044,C(CN1CCN([*:2])CC1)OC1CCN([*:1])CC1
1045,C(CCO[*:1])CCN1CCN([*:2])CC1
1046,C1CN([*:1])CCC1CN1CCN(CC2CCN([*:2])CC2)CC1
1047,C(CN1CCC2(CC1)CCN([*:1])CC2)C1CCN([*:2])CC1
1048,C(CN1CCC2(CC1)CCN([*:2])CC2)C1CCN([*:1])CC1
1049,C1CN(CC2CCN([*:1])CC2)CCC2(CCN([*:2])CC2)O1
1050,C1CN(CCC2CCN([*:1])CC2)CCC2(CCN([*:2])CC2)O1
1051,C(C1CC2(CCN([*:1])CC2)C1)N1CC2(CCN([*:2])CC2)C1
1052,C1CN([*:1])CCC1CN1CCN([*:2])CC1
1053,C1CN([*:2])CCC1CN1CCC2(CCC(O[*:1])CC2)CC1
1054,c1cc(OCC[*:1])ccc1CC[*:2]
1055,c1cc(OCCC[*:2])ccc1C[*:1]
1056,c1cc(C[*:1])ccc1CCC[*:2]
1057,Fc1cc(CC[*:2])ccc1C[*:1]
1058,O=C(CCCCCCNC(=O)CO[*:2])NCCCN[*:1]
1059,O=C(CCCCCCC[*:2])NCCCN[*:1]
1060,O=C(CO[*:2])NCCCCCCC[*:1]
1061,c1c(CN2CCN([*:1])CC2)nnn1CCCCCO[*:2]
1062,C(CN1CCN([*:1])CC1)O[*:2]
1063,C(CO[*:2])CN1CCN([*:1])CC1
1064,C(CCCN1CCN([*:1])CC1)CCO[*:2]
1065,C(CC[*:2])CN1CCN([*:1])CC1
1066,C(CCN1CCN([*:1])CC1)CC[*:2]
1067,c1c(CN2CCN([*:1])CC2)nnn1CCCCC[*:2]
1068,O=C(CCOCCOCC[*:2])NCCOCC[*:1]
1069,O=C(CCOCCOCC[*:2])NCCN1CCN(CCC[*:1])CC1
1070,O=C(CO[*:2])NCCCCCCCCNC(=O)[*:1]
1071,O=C(CCOCCOCCOCCOCC[*:2])Nc1cccc(C[*:1])c1
1072,O=C(CO[*:2])NCCCCCCCC(=O)[*:1]
1073,C(CC[*:2])CO[*:1]
1074,O=C(CN[*:2])NCCOCCOCC[*:1]
1075,O=C(C[*:2])NCCOCCOCCOCCC(=O)[*:1]
1076,O=C(C[*:2])NCCOCC[*:1]
1077,O=C(CO[*:2])NCCOCCOCCOCCC[*:1]
1078,O=C(CCCCCCNC(=O)CO[*:2])NCCC[*:1]
1079,O=C(CO[*:2])NCCCCCCC(=O)[*:1]
1080,O=C(CCCCCCNC(=O)CO[*:2])NCCO[*:1]
1081,O=C(CN[*:2])NCCOCCOCCOCC[*:1]
1082,O=C(CN[*:2])NCCOCC[*:1]
1083,O=C(CCOCCOCC[*:2])N[*:1]
1084,O=C(CCOCCOCCOCCOCC[*:2])N[*:1]
1085,O=C(C[*:2])N[*:1]
1086,O=C(CCC[*:2])N[*:1]
1087,O=C(CCCCC[*:2])N[*:1]
1088,C(#C[*:2])CCCCCCC[*:1]
1089,O=C(CCC(=O)[*:1])NCCOCC[*:2]
1090,O=C(CCC(=O)[*:1])NCCOCCOCC[*:2]
1091,O=C(CCC(=O)[*:1])NCCOCCN[*:2]
1092,O=C(CCC(=O)[*:1])NCCOCCOCCN[*:2]
1093,O=C(CCC(=O)[*:1])NCCOCCOCCOCCN[*:2]
1094,O=C(CCC(=O)[*:1])NCCCOCCOCCOCCCN[*:2]
1095,O=C(CCC(=O)[*:1])NCCCCCCCC[*:2]
1096,O=C(CCC(=O)[*:1])NCCCCCCCCC[*:2]
1097,O=C(CCC(=O)[*:1])NCCCCCCCCCCCC[*:2]
1098,O=C(CCC(=O)[*:1])NCCCCCCCCCCCCC[*:2]
1099,O=C(CO[*:1])NCCCOCCOCCOCCC[*:2]
1100,O=C(CC[*:1])[*:2]
1101,O=C(CCC[*:1])[*:2]
1102,O=C(NCCOCC[*:2])[*:1]
1103,O=C(NCCOCCOCCOCCOCCOCC[*:2])[*:1]
1104,O=C(NCCOCCOCCOCCOCCOCCOCCOCC[*:2])[*:1]
1105,O=C(NCc1ccc(C[*:2])cc1)[*:1]
1106,O=C(NCCOCCN[*:2])[*:1]
1107,O=C(NCCOCCOCCOCCOCCOCCOCCOCCN[*:2])[*:1]
1108,O=C(NCc1ccc(CN[*:2])cc1)[*:1]
1109,C(COCCOCCOCC[*:2])OCCOCCOCCO[*:1]
1110,C(COCCOCCOCCO[*:1])OCCOCCOCCOCC[*:2]
1111,C1CN([*:1])CCN1CC[*:2]
1112,C(CN1CCN([*:1])CC1)C[*:2]
1113,C1CN([*:1])CCN1C1CN([*:2])C1
1114,C1CN([*:1])CCN1CC1CN([*:2])C1
1115,C1CN([*:2])CCC1N1CCN([*:1])CC1
1116,C1CN([*:2])CCC1CN1CCN([*:1])CC1
1117,O=C(N1CCN(C2CN([*:2])C2)CC1)[*:1]
1118,O=C(N1CCN(CC2CN([*:2])C2)CC1)[*:1]
1119,O=C(N1CCN(C2CCN([*:2])CC2)CC1)[*:1]
1120,O=C(N1CCN(CC2CCN([*:2])CC2)CC1)[*:1]
1121,C1CN([*:1])CCC1N1CCN([*:2])CC1
1122,C1CN([*:1])CCN1C1CC2(C1)CN([*:2])C2
1123,C1CN([*:1])CCN1CC1CC2(C1)CN([*:2])C2
1124,C1CN([*:1])CCN1C1CC2(CCN([*:2])C2)C1
1125,C1CN([*:1])CCN1CC1CC2(CCN([*:2])C2)C1
1126,C1CC2(CCC1N1CCN([*:1])CC1)CCN([*:2])CC2
1127,C1CC2(CCC1N1CCN([*:1])CC1)CN([*:2])C2
1128,C1CC2(CCN1[*:1])CC([*:2])C2
1129,C1CC2(CCC1[*:2])CCN([*:1])CC2
1130,C(CCOCCN[*:1])CCOC[*:2]
1131,C(CCOCCO[*:1])CCOC[*:2]
1132,C(CCC[*:1])CCOCC[*:2]
1133,C(CCCC[*:1])CCCOCC[*:2]
1134,O=C(CCCCCC#C[*:2])[*:1]
1135,O=C(CCCCCCCC#C[*:2])[*:1]
1136,O=C(CCCCCCCCCC#C[*:2])[*:1]
1137,O=C(COCCOCCOCCOCC[*:1])N[*:2]
1138,O=C(c1cnc(N2CCC(C[*:1])CC2)nc1)[*:2]
1139,O=C(c1cnc(N2CCC(CC[*:1])CC2)nc1)[*:2]
1140,O=C(c1cnc(N2CCC(CCC[*:1])CC2)nc1)[*:2]
1141,O=C(c1cnc(N2CCN(CCC[*:1])CC2)nc1)[*:2]
1142,O=C(c1ccc(N2CCN(CCC[*:1])CC2)cc1)[*:2]
1143,O=C(c1ccc(N2CCN(CC[*:1])CC2)nc1)[*:2]
1144,O=C(c1ccc(N2CCN(CCC[*:1])CC2)nc1)[*:2]
1145,O=C(c1cnc(N2CCN(CC[*:1])CC2)cn1)[*:2]
1146,O=C(N[*:2])c1cnc(N2CCN(CCC[*:1])CC2)cn1
1147,c1nc([*:2])cnc1N1CCN(CCC[*:1])CC1
1148,O=C(c1cnc([*:2])nc1)N1CCN(CCC[*:1])CC1
1149,O=C(CCCCCCCC[*:2])NC[*:1]
1150,O=C(CCCCCCCCC[*:2])NC[*:1]
1151,O=C(CCCCCCCCCC[*:2])NC[*:1]
1152,O=C(CCCCCCCCCCC[*:2])NC[*:1]
1153,O=C(CCCCCCCCn1cc(C[*:1])nn1)[*:2]
1154,O=C(CCCCCCCCCCn1cc(C[*:1])nn1)[*:2]
1155,O=C(COCCOCCOCCOCCOCCn1cc(C[*:1])nn1)[*:2]
1156,c1c(C[*:1])nnn1CCCC[*:2]
1157,c1c(C[*:1])nnn1CCCCCCC[*:2]
1158,c1c(C[*:1])nnn1CCCCCCCC[*:2]
1159,c1c(C[*:1])nnn1CCCCCCCCC[*:2]
1160,c1c(C[*:1])nnn1CCCCCCCCCC[*:2]
1161,c1c(C[*:1])nnn1CCOCCOC[*:2]
1162,c1c(C[*:1])nnn1CCOCCOCCOCCOCCOC[*:2]
1163,c1c(C[*:1])nnn1CCOCCOCCOC[*:2]
1164,c1c(CCCCC[*:1])nnn1CCOCCOC[*:2]
1165,C(CCCC[*:1])CCCOC[*:2]
1166,C(CCCC[*:2])CCCOC[*:1]
1167,C(CCCOC[*:2])CCOC[*:1]
1168,C(CCCCOC[*:1])CCCCOC[*:2]
1169,C(COC[*:2])OC[*:1]
1170,C(COC[*:1])OCCOC[*:2]
1171,C(CN1CCN(CCC[*:2])CC1)C[*:1]
1172,O=C(CCCC[*:1])NCCCC[*:2]
1173,O=C(CCCCCCC[*:1])NCCCC[*:2]
1174,C(COC[*:2])CO[*:1]
1175,O=C(NCCOCCOC[*:2])[*:1]
1176,O=C(CO[*:2])NCCCCCCC(=O)N[*:1]
1177,O=C(CCCCCCO[*:2])N[*:1]
1178,O=C(CCCCCO[*:2])N[*:1]
1179,O=C(CCCCCCCO[*:2])N[*:1]
1180,O=C(CCCCCCCCO[*:2])N[*:1]
1181,O=C(COCCOCCO[*:2])N[*:1]
1182,C(COCCOCCO[*:2])C[*:1]
1183,O=C(COCCOCCOCCO[*:2])N[*:1]
1184,O=C(CCCCCCCCCO[*:2])N[*:1]
1185,O=C(CCCCCN1CCN(CCCCC[*:2])CC1)N[*:1]
1186,O=C(CCCN1CCN(CCCCC[*:2])CC1)N[*:1]
1187,O=C(CCCCCN1CCN(CCC[*:2])CC1)N[*:1]
1188,O=C(CCCN1CCN(CCC[*:2])CC1)N[*:1]
1189,O=C(N[*:1])N1CCN(CCCCC[*:2])CC1
1190,C(CCCCN[*:1])CCCC[*:2]
1191,C(CCCCC[*:2])CCCCN[*:1]
1192,C(CCCCCN[*:1])CCCCC[*:2]
1193,C1CN([*:2])CCN1CC1CN([*:1])C1
1194,C1CN([*:2])CCN1C1CN([*:1])C1
1195,C(N[*:1])[*:2]
1196,O=C(CC[*:1])NCCOC[*:2]
1197,O=C(CC[*:1])NCCCCCCCCC[*:2]
1198,O=C(CC[*:1])NCCCCCCCCCC[*:2]
1199,O=C(CCCCCCCCCC[*:2])NCC[*:1]
1200,O=C(CC[*:1])NCCCCCCC[*:2]
1201,O=C(CCCCCCCC[*:2])NCC[*:1]
1202,O=C(CCCNCCC[*:1])NCCOC[*:2]
1203,O=C(CCCNCCC[*:1])NCCOCC[*:2]
1204,O=C(CCCNCCC[*:1])NCCOCCOC[*:2]
1205,O=C(CCCNCCC[*:1])NCCOCCOCC[*:2]
1206,O=C(CCCNCCC[*:1])NCCOCCOCCOC[*:2]
1207,O=C(CCCNCCC[*:1])NCCOCCOCCOCC[*:2]
1208,O=C(CCCNCCC[*:1])NCCOCCOCCOCCOCC[*:2]
1209,O=C(CCCNCCC[*:1])NCCOCCOCCOCCOCCOCC[*:2]
1210,O=C(CCCNCCC[*:1])NC[*:2]
1211,O=C(CCCNCCC[*:1])NCC[*:2]
1212,O=C(CCCNCCC[*:1])NCCC[*:2]
1213,O=C(CCCNCCC[*:1])NCCCC[*:2]
1214,O=C(CCCNCCC[*:1])NCCCCC[*:2]
1215,O=C(CCCNCCC[*:1])NCCCCCC[*:2]
1216,O=C(CCCNCCC[*:1])NCCCCCCC[*:2]
1217,O=C(CCCNCCC[*:1])NCCCCCCCC[*:2]
1218,O=C(CCCNCCC[*:1])NCCCCCCCCC[*:2]
1219,O=C(CCCNCCC[*:1])NCCCCCCCCCC[*:2]
1220,CN(CCN(C)C(=O)CCC[*:2])C[*:1]
1221,CN(CCN(C)C(=O)CCCCC[*:2])C[*:1]
1222,CN(CCN(C)C(=O)CCCCCC[*:2])C[*:1]
1223,CN(CCCCCCC[*:2])C[*:1]
1224,CN(CCCCCCCCC[*:2])C[*:1]
1225,O=C(CCCCCC[*:1])NCCOCCOC[*:2]
1226,O=C(CCCCCC[*:1])NCCCCCC[*:2]
1227,CC(C)(NC(=O)CCCCC[*:2])[*:1]
1228,CC(C)(NC(=O)CCCCCC[*:2])[*:1]
1229,O=C(CCC[*:1])NCCC[*:2]
1230,O=C(CCCC[*:1])NCCC[*:2]
1231,C1CN(C[*:2])CCC1C[*:1]
1232,C1CN(CC[*:2])CCC1C[*:1]
1233,C(CN1CCC(C[*:1])CC1)C[*:2]
1234,O=C(CCCCC[*:1])NCCCC[*:2]
1235,O=C(CCCCCC[*:1])NCCCC[*:2]
1236,O=C(NCCCC[*:2])c1ccc(C[*:1])cc1
1237,O=C(CO[*:2])NCCCCNC(=O)[*:1]
1238,c1c(CCC[*:1])nnn1CCOCCOCCOCC[*:2]
1239,c1c(CCC[*:1])nnn1CCOC[*:2]
1240,c1c(C[*:1])nnn1CCOC[*:2]
1241,O=C(CCCCCCC(=O)[*:2])[*:1]
1242,O=C(CS[*:2])[*:1]
1243,O=C(CS(=O)(=O)[*:2])[*:1]
1244,C(C[*:1])S[*:2]
1245,C(#C[*:1])C[*:2]
1246,C(#C[*:1])CC[*:2]
1247,C(#C[*:1])CCC[*:2]
1248,C(#C[*:1])CCCC[*:2]
1249,C(#C[*:1])COCC[*:2]
1250,C(#C[*:1])COCCOCC[*:2]
1251,C(#C[*:1])COCCOCCOCCOCC[*:2]
1252,C(#C[*:1])COCCOCCOCCOCCOCC[*:2]
1253,C(#C[*:1])COCCOCCOCCOCCOCCOCC[*:2]
1254,C(#C[*:1])CN[*:2]
1255,C(#C[*:1])CCN[*:2]
1256,C(#C[*:1])CCCN[*:2]
1257,C(#C[*:1])CCCCN[*:2]
1258,C(#C[*:1])COCCN[*:2]
1259,C(#C[*:1])COCCOCCN[*:2]
1260,C(#C[*:1])COCCOCCOCCN[*:2]
1261,C(#C[*:1])COCCOCCOCCOCCN[*:2]
1262,C(#C[*:1])COCCOCCOCCOCCOCCN[*:2]
1263,C(#C[*:1])COCCOCCOCCOCCOCCOCCN[*:2]
1264,O=C(CO[*:2])NCCCCCCCCCCN[*:1]
1265,O=C(CO[*:2])NCCCCCCCCCCCCN[*:1]
1266,O=C(C[*:2])NCCOCCOCCOCCn1cc(CCC[*:1])nn1
1267,c1c(COCCOCCOCCO[*:2])nnn1CCC[*:1]
1268,c1c(CCCC[*:2])nnn1CCC[*:1]
1269,c1c(COCCOCCOCCOC[*:2])nnn1CCC[*:1]
1270,c1c(C[*:1])nnn1CCOCCOCCOCCOCCOCCOCC[*:2]
1271,c1c(CC[*:1])nnn1CCOCCOCC[*:2]
1272,c1c(CC[*:1])nnn1CCOCCOCCOCC[*:2]
1273,c1c(CC[*:1])nnn1CCOCCOCCOCCOCC[*:2]
1274,c1c(CC[*:1])nnn1CCOCCOCCOCCOCCOCC[*:2]
1275,c1c(CC[*:1])nnn1CCOCCOCCOCCOCCOCCOCC[*:2]
1276,c1c(CCCC[*:1])nnn1CCOCCOCCOCCOCCOCCOCC[*:2]
1277,c1c(CCC[*:1])nnn1CCOCCOCCOCCOCCOCC[*:2]
1278,c1c(CCC[*:1])nnn1CCOCCOCCOCCOCCOCCOCC[*:2]
1279,O=C(CCC[*:2])NCC[*:1]
1280,O=C(CCCCC[*:2])NCC[*:1]
1281,O=C(CCCCCC[*:2])NCC[*:1]
1282,O=C(CCCCCCC[*:2])NCC[*:1]
1283,O=C(CCC[*:2])NCc1ccc([*:1])cc1
1284,O=C(CCCC[*:2])NCc1ccc([*:1])cc1
1285,O=C(CCCCC[*:2])NCc1ccc([*:1])cc1
1286,O=C(CCCCCC[*:2])NCc1ccc([*:1])cc1
1287,O=C(CCCCCCC[*:2])NCc1ccc([*:1])cc1
1288,C(#C[*:2])CN[*:1]
1289,C(#C[*:2])CCN[*:1]
1290,C(#C[*:2])CCCN[*:1]
1291,C(#C[*:2])c1cccc([*:1])c1
1292,C(#C[*:2])c1ccc([*:1])cc1
1293,O=C(CCC#C[*:2])Nc1cccc([*:1])c1
1294,O=C(CCCC#C[*:2])Nc1cccc([*:1])c1
1295,O=C(CCCCC#C[*:2])Nc1cccc([*:1])c1
1296,O=C(CCC#C[*:2])Nc1ccc([*:1])cc1
1297,O=C(CCCC#C[*:2])Nc1ccc([*:1])cc1
1298,O=C(CCCCC#C[*:2])Nc1ccc([*:1])cc1
1299,C(#C[*:2])COc1cccc([*:1])c1
1300,C(#C[*:2])CCOc1cccc([*:1])c1
1301,C(COCCOCCOCCOCCOCC[*:2])N[*:1]
1302,C(COCCOCCOCCOCCOCCOCC[*:2])N[*:1]
1303,C(COCCOCCOCCOCCOCCOCCOCC[*:2])N[*:1]
1304,O=C(NCCOCCOCCOCCOCCOCCN[*:2])[*:1]
1305,O=C(NCCCC[*:2])c1ccc(N[*:1])cc1
1306,O=C(NCCCCO[*:2])c1ccc(N[*:1])cc1
1307,O=C(NC1CCN([*:2])CC1)c1ccc(N[*:1])cc1
1308,O=C(NCCN1CCN([*:2])CC1)c1ccc(N[*:1])cc1
1309,O=C(NCCCCN[*:2])c1ccc(N[*:1])cc1
1310,O=C(NCCCN1CCN([*:2])CC1)c1ccc(N[*:1])cc1
1311,O=C(NCCCN1CC2CC1CN2[*:2])c1ccc(N[*:1])cc1
1312,O=C(NCCCN1CCC2(CC1)CCN([*:2])CC2)c1ccc(N[*:1])cc1
1313,O=C(C[*:1])NCCCO[*:2]
1314,O=C(C[*:1])NCCCCCO[*:2]
1315,O=C(C[*:1])NCCOCCOCCO[*:2]
1316,c1c(COC[*:1])nnn1CCOCCOCCO[*:2]
1317,O=C(CO[*:2])NCCCCn1cc(CN[*:1])nn1
1318,O=C(C[*:2])NCCCCn1cc(CN[*:1])nn1
1319,O=C(CN[*:2])NCCCCn1cc(CN[*:1])nn1
1320,O=C(Cn1cc(C[*:2])nn1)N[*:1]
1321,O=C(Cn1cc(CCC(=O)[*:2])nn1)N[*:1]
1322,O=C(Cn1cc(CCCC(=O)[*:2])nn1)N[*:1]
1323,O=C(Cn1cc(CCCCC(=O)[*:2])nn1)N[*:1]
1324,O=C(CCn1cc(CCCCC(=O)[*:2])nn1)N[*:1]
1325,O=C(CCCc1cn(-c2ccc(CC(=O)[*:2])cc2)nn1)N[*:1]
1326,O=C(CCn1cc(C[*:2])nn1)N[*:1]
1327,O=C(CCn1cc(CCCC(=O)[*:2])nn1)N[*:1]
1328,O=C(C[*:1])NCc1cn(-c2ccc(CC(=O)[*:2])cc2)nn1
1329,O=C(CCCCCCC[*:2])N[*:1]
1330,O=C(CCCCCCCCC[*:2])N[*:1]
1331,c1ccc([*:2])c([*:1])c1
1332,O=C(NCC[*:2])c1ccccc1[*:1]
1333,O=C(NCCC[*:2])c1ccccc1[*:1]
1334,O=C(NCCCC[*:2])c1ccccc1[*:1]
1335,O=C(NCCCCC[*:2])c1ccccc1[*:1]
1336,O=C(NCCCCCC[*:2])c1ccccc1[*:1]
1337,O=C(NCCCCCCC[*:2])c1ccccc1[*:1]
1338,O=C(NCCOC[*:2])c1ccccc1[*:1]
1339,O=C(NCCOCCOC[*:2])c1ccccc1[*:1]
1340,O=C(NCCOCCOCCOC[*:2])c1ccccc1[*:1]
1341,O=C(NCCOCCOCCOCCOC[*:2])c1ccccc1[*:1]
1342,O=C(NCCOCCOCCOCCOCCOC[*:2])c1ccccc1[*:1]
1343,O=C(NCCOCCOCCOCCOCCOCCOC[*:2])c1ccccc1[*:1]
1344,O=C(CCn1cc(C[*:1])nn1)[*:2]
1345,O=C(Cn1cc(C[*:1])nn1)[*:2]
1346,CC(C(=O)[*:2])n1cc(C[*:1])nn1
1347,O=C(CCn1cc(CCC[*:1])nn1)[*:2]
1348,O=C(CCCn1cc(CCC[*:1])nn1)[*:2]
1349,O=C(CCCCn1cc(CCC[*:1])nn1)[*:2]
1350,O=C(CCCCCn1cc(CCC[*:1])nn1)[*:2]
1351,O=C(Cn1cc(CCC[*:1])nn1)[*:2]
1352,CC(C(=O)[*:2])n1cc(CCC[*:1])nn1
1353,O=C(CCn1cc(CCCC[*:1])nn1)[*:2]
1354,O=C(CCCn1cc(CCCC[*:1])nn1)[*:2]
1355,O=C(CCCCn1cc(CCCC[*:1])nn1)[*:2]
1356,O=C(CCCCCn1cc(CCCC[*:1])nn1)[*:2]
1357,O=C(Cn1cc(CCCC[*:1])nn1)[*:2]
1358,CC(C(=O)[*:2])n1cc(CCCC[*:1])nn1
1359,O=C(CCOCCOCCOCC[*:2])OCC[*:1]
1360,O=C(CCOCCOCCn1cc(C[*:2])nn1)OCC[*:1]
1361,O=C(CC[*:1])NCCCNC(=O)CO[*:2]
1362,O=C(CN1CCN(C(=O)CC[*:1])CC1)NCC[*:2]
1363,O=C(CN1CCN(C(=O)CC[*:1])CC1)NCCC[*:2]
1364,O=C(CN1CCN(C(=O)CC[*:1])CC1)NCCCC[*:2]
1365,O=C(CN1CCN(C(=O)CC[*:1])CC1)NCCCCC[*:2]
1366,O=C(CN1CCN(C(=O)CC[*:1])CC1)NCCCCCC[*:2]
1367,O=C(CN1CCN(C(=O)[*:1])CC1)NCC[*:2]
1368,O=C(CN1CCN(C(=O)[*:1])CC1)NCCC[*:2]
1369,O=C(CN1CCN(C(=O)[*:1])CC1)NCCCC[*:2]
1370,O=C(CN1CCN(C(=O)[*:1])CC1)NCCCCCC[*:2]
1371,O=C(CO[*:2])NCCOCCOCCOCCOCCOCC[*:1]
1372,O=C(CO[*:2])NCCOCCOCCOCCOCCOCCO[*:1]
1373,O=C(CO[*:2])NCCOCCOCCOCCO[*:1]
1374,O=C(CO[*:2])NCCOCCOCCOCCOCCOCCOCCOCCO[*:1]
1375,O=C(CCC[*:1])NCCCCC[*:2]
1376,O=C(CCC[*:1])NCCCCCCC[*:2]
1377,O=C(CCC[*:1])NCCCCCCCCCC[*:2]
1378,O=C(CCC[*:1])NCCOCCOCCOC[*:2]
1379,O=C(CCC[*:1])NCCOCCOCCOCCOCC[*:2]
1380,O=C(CCC[*:1])NCC[*:2]
1381,O=C(CCC[*:1])NCCCCCC[*:2]
1382,O=C(CCC[*:1])NCCOCC[*:2]
1383,O=C(CCC[*:1])NCCOCCOCC[*:2]
1384,O=C(CCC[*:1])NCCOCCOCCOCC[*:2]
1385,O=C(CCC[*:1])NCCOCCOCCOCCOCCOCC[*:2]
1386,O=C(CCC[*:1])NCCOCCOCC(=O)NCC[*:2]
1387,O=C(CCC[*:1])NCCOCCOCCOCC(=O)NCC[*:2]
1388,O=C(CCC[*:1])NCCCC(=O)NCC[*:2]
1389,O=C(CCC[*:1])NCCCCCC(=O)NCC[*:2]
1390,O=C(CCC[*:1])NCCCCCCCC(=O)NCC[*:2]
1391,O=C(CCC[*:1])NCCCCCCCCCCC(=O)NCC[*:2]
1392,C(O[*:1])[*:2]
1393,C(CCO[*:1])CC[*:2]
1394,C(CCC[*:2])CCO[*:1]
1395,C(CCCC[*:2])CCCO[*:1]
1396,C(COCC[*:1])N[*:2]
1397,O=C(c1ccc([*:1])cc1)N1CCC(C[*:2])CC1
1398,C1CN([*:1])CCC1C[*:2]
1399,O=C(c1ccc([*:1])cc1)N1CCC([*:2])CC1
1400,COC1(C[*:2])CCN(C(=O)c2ccc([*:1])cc2)CC1
1401,COC1(C[*:2])CCN([*:1])CC1
1402,O=C(c1ccc([*:1])cc1)N1CCN(C2CN([*:2])C2)CC1
1403,O=C(c1ccc([*:1])cc1)N1CC(C[*:2])C1
1404,C1C(C[*:2])CN1[*:1]
1405,O=C(c1ccc([*:1])cc1)N1CCC(F)(C[*:2])CC1
1406,O=C(c1ccc([*:1])cc1)N1CCC2(CC1)CC([*:2])C2
1407,O=C(c1ccc([*:1])cc1)N1CCN(CC(=O)[*:2])CC1
1408,O=C(C[*:2])N1CCN(C(=O)c2ccc([*:1])cc2)CC1
1409,O=C(OC[*:2])[*:1]
1410,O=C(NCCCCC[*:2])c1ccc(N[*:1])cc1
1411,O=C(NCCCCCC[*:2])c1ccc(N[*:1])cc1
1412,O=C(NCCC[*:2])c1ccc(N[*:1])cc1
1413,O=C(NCCOCC[*:2])c1ccc(N[*:1])cc1
1414,O=C(NCCOCCOCCOCCOCCOCCOCC[*:2])c1ccc(N[*:1])cc1
1415,O=C(NCCOCCOCCOCCOCCOCC[*:2])c1ccc(N[*:1])cc1
1416,O=C(NCCOCCOCCOCCOCC[*:2])c1ccc(N[*:1])cc1
1417,c1c([*:1])nnn1CCOCCOCCOCCOCC[*:2]
1418,c1c([*:1])nnn1CCOCCOCCOCCOCCOCC[*:2]
1419,c1c([*:1])nnn1CCOCCOCCOCCOCCOCCOCC[*:2]
1420,c1cc(N2CCN([*:2])CC2)ccc1CC[*:1]
1421,O=C(C[*:2])Nc1ccc(CCC[*:1])cc1
1422,O=C(C[*:2])N1CCN(CC[*:1])CC1
1423,CN(CC[*:1])CC1CCN([*:2])CC1
1424,C1CC(N2CCN([*:2])CC2)CCC1CC[*:1]
1425,O=C(C[*:2])N1CCN(CCC[*:1])CC1
1426,CN(CC1CCN(C(=O)[*:2])CC1)C1CC([*:1])C1
1427,O=C(N1CCC(OC2CCN(CC[*:1])CC2)CC1)[*:2]
1428,O=C(N1CCC(CN2CCC([*:1])CC2)CC1)[*:2]
1429,O=C(N1CCC(CN2CCC(O[*:1])CC2)CC1)[*:2]
1430,O=C(N1CCC(CN2CC[C@H]([*:1])[C@@H](F)C2)CC1)[*:2]
1431,O=C(C1CCN([*:2])CC1)N1CCN(Cc2cccc([*:1])c2)CC1
1432,c1cc(OCCN2CCN(CC3CCN([*:2])CC3)CC2)cc([*:1])c1
1433,c1cc(OCCN2CCN(CCCC3CCN([*:2])CC3)CC2)cc([*:1])c1
1434,O=C(CN1CCC([*:2])CC1)N1CCN(C[*:1])CC1
1435,O=C(C1CCN(C(=O)[*:1])CC1)N1CCN([*:2])CC1
1436,O=C(CCC[*:2])N1CCN([*:1])CC1
1437,O=C([C@H]1C[C@H]([*:2])C1)N1CCN([*:1])CC1
1438,O=C(CCCO[*:2])N1CCN([*:1])CC1
1439,O=C(CCCCCC(=O)[*:2])[*:1]
1440,O=C(CCCCCCCC(=O)[*:2])[*:1]
1441,O=C(CCCCCCCCCC(=O)[*:2])[*:1]
1442,O=C(CCCCCCCCCCCCCCC(=O)[*:2])[*:1]
1443,O=C(COCCOCC(=O)[*:2])[*:1]
1444,O=C(COCCOCCOCC(=O)[*:2])[*:1]
1445,O=C(C[*:1])NCCOCCOCCOCCNC(=O)C[*:2]
1446,O=C(C[*:1])NCCOCCOCCNC(=O)C[*:2]
1447,O=C(C[*:1])NCCOCCNC(=O)C[*:2]
1448,O=C(CCOCCOCC[*:1])[*:2]
1449,O=C(CCOCC[*:1])[*:2]
1450,O=C(CCOCCOCCOCCOCC[*:1])[*:2]
1451,O=C(CCOCCOCCOCCOCCOCC[*:1])[*:2]
1452,O=C(CCOCCOCCOCCOCCOCCOCC[*:1])[*:2]
1453,O=C(CCCCCCCC[*:1])[*:2]
1454,O=C(CCCCCCCCCC[*:1])[*:2]
1455,O=C(CCCCCCCCCCCC[*:1])[*:2]
1456,O=C(CCCCCCCCCCCCCC[*:1])[*:2]
1457,C(CN[*:1])COCCOCCOCCC[*:2]
1458,C(CCCN1CCC([*:2])CC1)CCC[*:1]
1459,O=C(COCCOCCOCCNC(=O)C[*:1])NC[*:2]
1460,c1cc([*:1])ccc1OCCOCCOCC[*:2]
1461,c1cc([*:1])ccc1OCCOCCOCCOCC[*:2]
1462,c1cc([*:1])ccc1OCCCCCC[*:2]
1463,c1cc([*:1])ccc1OCCCCCCCC[*:2]
1464,c1cc([*:1])ccc1OCCCCCCCCCC[*:2]
1465,O=C(COCCOCC[*:2])N1CCC([*:1])CC1
1466,O=C(COCCOCCOCC[*:2])N1CCC([*:1])CC1
1467,O=C(CCCCC[*:2])N1CCC([*:1])CC1
1468,O=C(CCCCCCC[*:2])N1CCC([*:1])CC1
1469,O=C(CCCCCCCCC[*:2])N1CCC([*:1])CC1
1470,O=C(c1ccc(C#CCOc2ccc([*:1])cc2)cc1)N1CCN([*:2])CC1
1471,O=C(C1CCN([*:2])CC1)N1CC[C@@H](Oc2ccc([*:1])cc2)C1
1472,O=C(C1CCN([*:2])CC1)N1CC[C@H](Oc2ccc([*:1])cc2)C1
1473,c1c([*:1])nnn1CCOCCOCCOCCC[*:2]
1474,O=C(NCCCCCCCC[*:2])[*:1]
1475,O=C(NCCCCCCCCCCC[*:2])[*:1]
1476,O=C(CC[*:1])NCCOCCOCCOCCOCCOCCOCCOCC[*:2]
1477,O=C(CC[*:1])NCCOCCOCCOCCOCCOCCOCCOCCOCCOCCOCCOCC[*:2]
1478,O=C(CC[*:1])NCCOCCOCCO[*:2]
1479,O=C(CC[*:1])NCCOCCOCCOCCOCCO[*:2]
1480,O=C(CC[*:1])NCCCCCO[*:2]
1481,O=C(CC[*:1])NCCCCCCO[*:2]
1482,O=C(CC[*:1])NCCOCCOCCOCCOCCOCCOCC[*:2]
1483,C(COCCOCCOCCOCCOC[*:2])N[*:1]
1484,C(COCCOCCOCCOCCOCCOC[*:2])N[*:1]
1485,O=C(COCCOCCOCCOCCOCCN[*:1])[*:2]
1486,O=C(CCC[*:2])N1CCN(C[*:1])CC1
1487,O=C(CCCC[*:2])N1CCN(C[*:1])CC1
1488,O=C(CCCCC[*:2])N1CCN(C[*:1])CC1
1489,O=C(CCCCCC[*:2])N1CCN(C[*:1])CC1
1490,O=C(CCCCCCC[*:2])N1CCN(C[*:1])CC1
1491,O=C(CCCCCCCC[*:2])N1CCN(C[*:1])CC1
1492,O=C(CCCCCCCCC[*:2])N1CCN(C[*:1])CC1
1493,O=C(NCCCCC[*:1])[*:2]
1494,c1cc([*:1])ccc1CO[*:2]
1495,O=C(C[*:2])NCCCOCCOCCOCCC[*:1]
1496,O=C(CCOCCOCC[*:2])NCC[*:1]
1497,O=C(CCOCCOCCOCC[*:2])NCC[*:1]
1498,O=C(CCOCCOCCOCCOCC[*:2])NCC[*:1]
1499,O=C(CCOCCOCCOCCOCCOCC[*:2])NCC[*:1]
1500,O=C(CCCCCCCCC[*:2])NCC[*:1]
1501,O=C(NC[*:2])[*:1]
1502,O=C(C[*:2])NCCOCCN[*:1]
1503,O=C(C[*:2])NCCCCCN[*:1]
1504,O=C(C[*:2])NCCOCCOCCOCCN[*:1]
1505,O=C(C[*:2])NCCOCCOCCOCCOCCN[*:1]
1506,O=C(CCC[*:1])NCCCC[*:2]
1507,O=C(CCC[*:1])NCCCCCCCC[*:2]
1508,O=C(CCC[*:1])NCCOCCOCCOCCOC[*:2]
1509,O=C(CCC[*:1])NCCOCCOCCOCCOCCOC[*:2]
1510,O=C(CCC[*:1])NCCCCCCCCC[*:2]
1511,O=C(CCC[*:1])N1CCN(CCCCCC[*:2])CC1
1512,O=C(CCC[*:1])N1CCN(CCCCCCC[*:2])CC1
1513,O=C(CCC[*:1])N1CCN(CCCCCCCC[*:2])CC1
1514,O=C(CCCC[*:1])N1CCN(CCCCCCCCCC[*:2])CC1
1515,O=C(CO[*:2])NCCOCCOCCOC[*:1]
1516,O=C(CO[*:2])NCCOCCOCCOCCOC[*:1]
1517,O=C(CO[*:2])NCCOCCOCCOCCOCCNC(=O)[*:1]
1518,C(CCO[*:2])CO[*:1]
1519,C(CCCO[*:2])CCO[*:1]
1520,C(CCCCO[*:2])CCCO[*:1]
1521,CN(CCCCCCO[*:1])CCN(C)[*:2]
1522,O=C(CCOCCOCCOCC[*:1])N[*:2]
1523,CN(CCN(C)[*:2])C(=O)CCOCCOCCOCC[*:1]
1524,C(CCCO[*:2])CCOC[*:1]
1525,C(CCCO[*:2])CCOCC[*:1]
1526,CN(CCN(C)[*:2])C(=O)CC[*:1]
1527,O=C(CC[*:1])NCCCC(=O)N[*:2]
1528,c1c(C[*:1])nnn1CCC[*:2]
1529,c1c(C[*:1])nnn1CC[*:2]
1530,c1c(CC[*:1])nnn1CCC[*:2]
1531,COc1cc(N[*:2])cc(OC)c1OCC(=O)NCCCCC[*:1]
1532,O=C(CO[*:1])NCc1ccc(OCCC[*:2])cc1
1533,O=C(CO[*:1])NCCc1ccc(OCCC[*:2])cc1
1534,O=C(CO[*:1])NCCc1ccc(OCCCC[*:2])cc1
1535,O=C(CO[*:1])NCCc1ccc(OCCCCC[*:2])cc1
1536,O=C(CO[*:1])NCCc1ccc(OCCCCCC[*:2])cc1
1537,O=C(CO[*:1])N1CCC(CN2CCN(C[*:2])CC2)CC1
1538,O=C(CO[*:1])N1CCC(CN2CCC(CN3CCN(C[*:2])CC3)CC2)CC1
1539,O=C(N1CCC(CN2CCC(CN3CCN(C[*:2])CC3)CC2)CC1)[*:1]
1540,O=C(C[*:1])N1CCC(CN2CCC(CN3CCN(C[*:2])CC3)CC2)CC1
1541,O=C(CC[*:1])N1CCC(CN2CCC(CN3CCN(C[*:2])CC3)CC2)CC1
1542,O=C(CO[*:1])NCCCCC(=O)[*:2]
1543,C1CN([*:1])CCC1CC[*:2]
1544,C1C([*:2])CN1[*:1]
1545,FC1(C[*:2])CCN([*:1])CC1
1546,CC1(C[*:2])CCN([*:1])CC1
1547,OC1(C[*:2])CCN([*:1])CC1
1548,O=C(CCCCCCCO[*:2])[*:1]
1549,O=C(CCCCCCCCCO[*:2])[*:1]
1550,O=C(CN[*:2])[*:1]
1551,C1CN([*:2])CCC1C[*:1]
1552,O=C(C1CCN([*:2])CC1)[*:1]
1553,C1CN([*:2])CCC1CC[*:1]
1554,O=C(CO[*:2])N1CCC(CN[*:1])CC1
1555,O=C(CO[*:2])NCCCCCCCCCCCN[*:1]
1556,O=C(CO[*:2])N1CCC(N[*:1])CC1
1557,C(CC1CCN([*:1])CC1)C[*:2]
1558,C(CC[*:2])CC1CCN([*:1])CC1
1559,C(CCC1CCN([*:1])CC1)CC[*:2]
1560,C(CCC[*:2])CCC1CCN([*:1])CC1
1561,C1CN([*:1])CCC1CN1CC([*:2])C1
1562,C1CN([*:1])CCC1CN1CC(C[*:2])C1
1563,C1CN([*:1])CCC1CN1CCC([*:2])CC1
1564,C1CN([*:1])CCC1CN1CCC(C[*:2])CC1
1565,C1CN(CC2CN([*:1])C2)CCC1[*:2]
1566,C1CN(CC2CN([*:1])C2)CCC1C[*:2]
1567,O=C(C1CCN([*:1])CC1)N1CC(C[*:2])C1
1568,O=C(C1CCN([*:1])CC1)N1CCC([*:2])CC1
1569,O=C(C1CCN([*:1])CC1)N1CCC(C[*:2])CC1
1570,O=C(C1CCN(CC2CCN([*:1])CC2)CC1)[*:2]
1571,O=C(C1CN([*:1])C1)N1CCC(C[*:2])CC1
1572,O=C(C1CCN(CC2CN([*:1])C2)CC1)[*:2]
1573,O=C(C[*:2])N1CC2(C1)CN([*:1])C2
1574,O=C(C[*:2])N1CCC2(C1)CN([*:1])C2
1575,O=C(C[*:2])N1CC2(CCN([*:1])C2)C1
1576,O=C(C[*:2])N1CCC2(CC1)CN([*:1])C2
1577,O=C(C[*:2])N1CC2(CCN([*:1])CC2)C1
1578,O=C(C[*:2])N1CCC2(CC1)CCN([*:1])C2
1579,O=C(C[*:2])N1CCC2(CCN([*:1])CC2)C1
1580,O=C(C[*:2])N1CCC2(CC1)CCN([*:1])CC2
1581,O=C(C[*:2])N1CCCC2(CCN([*:1])CC2)C1
1582,O=C(CN1CCC2(CC1)CCN([*:1])CC2)[*:2]
1583,O=C(CO[*:1])NCCN[*:2]
1584,O=C(COCCO[*:1])NCCN[*:2]
1585,CN(CCNC(=O)COCCO[*:1])[*:2]
1586,O=C(COCCOCCOCCC[*:1])NCCN[*:2]
1587,O=C(COCCOCCOCCC[*:1])NCCOCCOCCN[*:2]
1588,O=C(COCCOCCOCCC[*:1])N1CCC(CN2CCN([*:2])CC2)CC1
1589,O=C(CO[*:2])N1CCC([*:1])CC1
1590,O=C(CC[*:2])Nc1ccc(CC[*:1])cc1
1591,O=C(CCCC[*:2])Nc1ccc(CC[*:1])cc1
1592,O=C(CCCCC[*:2])Nc1ccc(CC[*:1])cc1
1593,O=C(CCCCCC[*:2])Nc1ccc(CC[*:1])cc1
1594,O=C(CCCCCCC[*:2])Nc1ccc(CC[*:1])cc1
1595,O=C(CCCCCCCC[*:2])Nc1ccc(CC[*:1])cc1
1596,O=C(CCCCCCCCC[*:2])Nc1ccc(CC[*:1])cc1
1597,O=C(CCCCCCCCCC[*:2])Nc1ccc(CC[*:1])cc1
1598,c1cc([*:1])ccc1CN[*:2]
1599,c1cc([*:1])ccc1N[*:2]
1600,C1N([*:1])CC12CN([*:2])C2
1601,N([*:1])[*:2]
1602,c1cc(-c2ccc([*:1])cc2)ccc1N[*:2]
1603,c1c(CCC[*:1])nnn1C[*:2]
1604,c1c(CCCC[*:1])nnn1C[*:2]
1605,c1c(CCCCC[*:1])nnn1C[*:2]
1606,c1c(CCC[*:1])nnn1CCCN[*:2]
1607,c1c(CCCC[*:1])nnn1CCCN[*:2]
1608,c1c(CCCCC[*:1])nnn1CCCN[*:2]
1609,c1c(CCCCCC[*:1])nnn1CCCN[*:2]
1610,c1c(CCCCCCC[*:1])nnn1CCCN[*:2]
1611,c1c(COCCOCC[*:1])nnn1CCCN[*:2]
1612,O=C(CN[*:2])N1CCC(C[*:1])CC1
1613,O=C(CCN[*:2])N1CCC(C[*:1])CC1
1614,O=C(CCCN[*:2])N1CCC(C[*:1])CC1
1615,C1CN([*:2])CCC1N1CC(C[*:1])C1
1616,C1CN([*:2])CCC1CN1CC(C[*:1])C1
1617,C1CN(C2CCN([*:2])CC2)CCC1C[*:1]
1618,C1CN([*:2])CCC1CN1CCC(C[*:1])CC1
1619,C1CN(CC2CN(C3CCN([*:2])CC3)C2)CCC1C[*:1]
1620,C1CN([*:2])CCC1CN1CC(CN2CCC(C[*:1])CC2)C1
1621,C1CN(C2CCN([*:2])CC2)CCC1CN1CCC(C[*:1])CC1
1622,C1CN(CC2CCN([*:2])CC2)CCC1CN1CCC(C[*:1])CC1
1623,O=C(N1CCC(C[*:1])CC1)N1CCC2(CC1)CCN([*:2])CC2
1624,O=C(c1ccc(N2CCN([*:2])CC2)cc1)N1CCC(C[*:1])CC1
1625,O=S(=O)(N1CCN(CCOCCOCCOCCOCCC[*:2])CC1)[*:1]
1626,C(COCCOCCN1CCN(C[*:1])CC1)C[*:2]
1627,C(COCCC[*:2])CN1CCN(C[*:1])CC1
1628,O=C(C[*:1])NCC(=O)N[*:2]
1629,O=C(C[*:1])NCCCC(=O)N[*:2]
1630,O=C(C[*:1])NCCCCCC(=O)N[*:2]
1631,O=C(C[*:1])NCCCCCCCC(=O)N[*:2]
1632,O=C(C[*:1])NCCCCCCCCCCC(=O)N[*:2]
1633,O=C(CCC1CCN(C(=O)CCCCCCC[*:1])CC1)N[*:2]
1634,O=C(C[*:1])NCCOCCOCC(=O)N[*:2]
1635,O=C(C[*:1])NCCOCCOCCOCC(=O)N[*:2]
1636,O=C(CCCCCCC[*:1])N1CCN([*:2])CC1
1637,O=C(CCCCCCC[*:1])NCC1CCN(C(=O)[*:2])CC1
1638,O=C(CCCCCCC[*:1])N1CCC2(CC1)CCN(C(=O)[*:2])CC2
1639,O=C(CCC1CCN(C(=O)C[*:1])CC1)N1CCC2(CC1)CCN(C(=O)[*:2])CC2
1640,O=C(COCCOCC[*:1])N1CCC2(CC1)CCN(C(=O)[*:2])CC2
1641,C(CN1CCN(CC[*:2])CC1)C[*:1]
1642,C(CC1CCN(CC[*:2])CC1)C[*:1]
1643,C(CCN1CCC([*:1])CC1)CC[*:2]
1644,C1CC2(CCC1[*:1])CN(C[C@H]1CC[C@H]([*:2])CC1)C2
1645,C1CC2(CCC1[*:1])CCN(C[C@H]1CC[C@H]([*:2])CC1)CC2
1646,C1CC([*:2])CCC1N1CC2(CCC([*:1])CC2)C1
1647,C1CC([*:2])CCC1N1CCC2(CCC([*:1])CC2)CC1
1648,O=C(COCCN1CCN(CC(=O)[*:1])CC1)N[*:2]
1649,O=C(COCCOCCN1CCN(CC(=O)[*:1])CC1)N[*:2]
1650,O=C(COCCN1CCN(CCCC(=O)[*:1])CC1)N[*:2]
1651,O=C(COCCOCCN1CCN(CCCC(=O)[*:1])CC1)N[*:2]
1652,O=C(CCC(=O)N1CCN(CCCC(=O)[*:1])CC1)N[*:2]
1653,O=C(CCC(=O)N1CCN(CC(=O)[*:1])CC1)N[*:2]
1654,O=C(CCCC(=O)N1CCN(CC(=O)[*:1])CC1)N[*:2]
1655,O=C(CN1CCN(CC#C[*:2])CC1)[*:1]
1656,O=C(CN1CCC(CN2CCN(CC#C[*:2])CC2)CC1)[*:1]
1657,O=C(CN1CCC(N2CCN(CC#C[*:2])CC2)CC1)[*:1]
1658,O=C(c1ccc(N2CCN(CC#C[*:2])CC2)nc1)[*:1]
1659,C(#CC1CCN([*:2])CC1)c1ccc(C[*:1])cn1
1660,O=C(c1ccc(N2CCN([*:2])CC2)nc1)[*:1]
1661,O=C(CN1CCN(CC2CCN([*:2])CC2)CC1)[*:1]
1662,O=C(CN1CCN(CC2CN([*:2])C2)CC1)[*:1]
1663,C(C1CN([*:2])C1)N1CC(C[*:1])C1
1664,C1C(C[*:1])CN1[*:2]
1665,O=C(CO[*:2])NCCCCCCCC(=O)N[*:1]
1666,c1c(CCCC[*:1])nnn1CCCCCO[*:2]
1667,c1c(CCCC[*:1])nnn1CCCCO[*:2]
1668,c1c(CCCCC[*:1])nnn1CCCCO[*:2]
1669,c1c(CC[*:1])nnn1CCCCCCCCO[*:2]
1670,c1c(CCCCC[*:1])nnn1CCCCCO[*:2]
1671,c1c(CCCCCC[*:1])nnn1CCCCO[*:2]
1672,c1c(CCCCCC[*:1])nnn1CCCCCCCCO[*:2]
1673,c1c(CCCCCCC[*:1])nnn1CCCCCCCO[*:2]
1674,c1c(CCCCCCCCCC[*:1])nnn1CCCCO[*:2]
1675,c1c(CCCCC[*:1])nnn1CCCCCCCO[*:2]
1676,O=C(NCCOC[*:2])c1ccc(=O)n(CCOC[*:1])c1
1677,O=C(NCCOCCOC[*:2])c1ccc(=O)n(CCOCCOC[*:1])c1
1678,O=C(NCCOCCOCCOC[*:2])c1ccc(=O)n(CCOCCOCCOC[*:1])c1
1679,O=C(NCCOCCOCCOCCOC[*:2])c1ccc(=O)n(CCOCCOCCOCCOC[*:1])c1
1680,O=C(NCCCCCCN[*:1])c1ccc(=O)n(CCCCCCN[*:2])c1
1681,O=C(NCCOCCN[*:1])c1ccc(=O)n(CCOCCN[*:2])c1
1682,O=C(NCCOCCOCCN[*:1])c1ccc(=O)n(CCOCCOCCN[*:2])c1
1683,O=C(NCCOCCOCCOCCN[*:1])c1ccc(=O)n(CCOCCOCCOCCN[*:2])c1
1684,O=C(NCCOCCOCCOCCOCCN[*:1])c1ccc(=O)n(CCOCCOCCOCCOCCN[*:2])c1
1685,C(COCCOCCOCCOCCOCC[*:1])N[*:2]
1686,C(CCOCCC[*:2])COCCCN[*:1]
1687,c1cc([*:2])cc([*:1])n1
1688,c1cc([*:1])nc([*:2])c1
1689,c1cc([*:1])ncc1[*:2]
1690,c1cc([*:1])cc([*:2])c1
1691,c1sc([*:1])nc1[*:2]
1692,c1cc(C[*:2])cc([*:1])n1
1693,c1cc(CC[*:2])cc([*:1])n1
1694,O=C(CC[*:1])N[*:2]
1695,O=C(CCC[*:1])N[*:2]
1696,O=C(CCCC[*:1])N[*:2]
1697,O=C(CCCCC[*:1])N[*:2]
1698,O=C(CCCCCC[*:1])N[*:2]
1699,O=C(CCCCCCC[*:1])N[*:2]
1700,O=C(CCCCCCCC[*:1])N[*:2]
1701,O=C(CCCCCCCCC[*:1])N[*:2]
1702,O=C(C[*:1])NCCOCCN[*:2]
1703,O=C(C[*:1])NCCOCCOCCN[*:2]
1704,O=C(C[*:1])NCCOCCOCCOCCN[*:2]
1705,O=C(C[*:1])N1CCN(CCN[*:2])CC1
1706,O=C(C[*:1])N1CCN([*:2])CC1
1707,C(N[*:2])[*:1]
1708,C(=C\[*:2])\[*:1]
1709,CC(C[*:1])[*:2]
1710,CC(C[*:2])[*:1]
1711,c1c(C[*:1])nnn1CCOCCO[*:2]
1712,c1c(COCCOCCOCC[*:1])nnn1CCOCCOC[*:2]
1713,c1c(C[*:1])nnn1CCCCCCO[*:2]
1714,c1c(CO[*:2])nnn1CCOCCOCCOCCn1cc(C[*:1])nn1
1715,C(COCC[*:1])COCC[*:2]
1716,C(COCCCOCC[*:2])COCC[*:1]
1717,O=C(N1CCC(N2CCN([*:2])CC2)CC1)[*:1]
1718,O=C(N1CCCN(C2CCN([*:2])CC2)CC1)[*:1]
1719,O=C(N1CCCN(C2CCN([*:2])CC2)CCC1)[*:1]
1720,O=C(N1CC2CC(C1)CN(C1CCN([*:2])CC1)C2)[*:1]
1721,O=C(N1CC2(C1)CN(C1CCN([*:2])CC1)C2)[*:1]
1722,O=C(N1CCC2(C1)CN(C1CCN([*:2])CC1)C2)[*:1]
1723,O=C(N1CCCN(C2CN([*:2])C2)CC1)[*:1]
1724,O=C(N1CC2(C1)CN(C1CN([*:2])C1)C2)[*:1]
1725,O=C(N1CCC(CN2CCN([*:2])CC2)CC1)[*:1]
1726,O=C(N1CC2(C1)CN([*:2])C2)[*:1]
1727,O=C(N1C[C@@H]2C[C@H]1CN2C1CN([*:2])C1)[*:1]
1728,O=C(N1C[C@H]2C[C@@H]1CN2C1CN([*:2])C1)[*:1]
1729,O=C(N1CCC(C2CN([*:2])C2)CC1)[*:1]
1730,N#CC1(N2CCN(C(=O)[*:1])CC2)CN([*:2])C1
1731,O=C(N1CC(N2CCN([*:2])CC2)C1)[*:1]
1732,O=C(CO[*:2])N1CCN([*:1])CC1
1733,C(CN[*:1])CO[*:2]
1734,C(CN[*:2])N[*:1]
1735,C(CCN[*:2])CN[*:1]
1736,C(CCCN[*:2])CCN[*:1]
1737,C(CCCCN[*:2])CCCN[*:1]
1738,C(COCCOCCN[*:2])N[*:1]
1739,C(CN[*:1])CN[*:2]
1740,C(CN[*:2])CO[*:1]
1741,C(CCO[*:1])CN[*:2]
1742,C(CCN[*:2])CCO[*:1]
1743,C(CCCO[*:1])CCN[*:2]
1744,C(COCCOCCO[*:1])N[*:2]
1745,C(COCCO[*:1])N[*:2]
1746,C(COCCOCCOCCO[*:1])N[*:2]
1747,CC(CCO[*:1])N[*:2]
1748,O=C(NCCCCCCC[*:2])[*:1]
1749,C(CCC[*:1])CCN[*:2]
1750,C1C([*:1])CN1[*:2]
1751,CN1CCN(CCC2([*:1])CN([*:2])C2)CC1
1752,O=C(CCCCCCCCCCCO[*:2])[*:1]
1753,O=C(CCCCCCCCCCCCCO[*:2])[*:1]
1754,O=C(CCCCCCCCCCCCCCCO[*:2])[*:1]
1755,O=C(CCCCCCCCCCCCCCCCCO[*:2])[*:1]
1756,O=C(COCCO[*:2])[*:1]
1757,O=C(CCOCCO[*:2])[*:1]
1758,O=C(CCOCCOCCCO[*:2])[*:1]
1759,c1cc(C2CCN([*:2])CC2)ccc1C[*:1]
1760,C1CN([*:2])CC1C[*:1]
1761,C1C(C[*:1])CC12CN([*:2])C2
1762,O=C(Cc1ccc(N2CCN([*:2])CC2)cc1)[*:1]
1763,O=C(CC1CCN([*:2])CC1)[*:1]
1764,O=C(CC1CCN([*:2])C1)[*:1]
1765,O=C(CC1CN([*:2])C1)[*:1]
1766,O=C(CC1CC2(C1)CN([*:2])C2)[*:1]
1767,O=C(c1ccc(C2CCN([*:2])CC2)cc1)[*:1]
1768,O=C(C1CCN([*:2])C1)[*:1]
1769,O=C(C1CC2(C1)CN([*:2])C2)[*:1]
1770,O=C(C[*:1])NCCNC(=O)C[*:2]
1771,O=C(C[*:1])NCCCNC(=O)C[*:2]
1772,O=C(C[*:1])NCCCCNC(=O)C[*:2]
1773,O=C(C[*:1])NCCCCCCNC(=O)C[*:2]
1774,O=C(C[*:1])NCCCCCCCCNC(=O)C[*:2]
1775,O=C(C[*:1])NCCCCCCCCCCNC(=O)C[*:2]
1776,O=C(CC[*:1])NCCNC(=O)C[*:2]
1777,O=C(CC[*:1])NCCCNC(=O)C[*:2]
1778,O=C(CC[*:1])NCCCCNC(=O)C[*:2]
1779,O=C(CC[*:1])NCCCCCNC(=O)C[*:2]
1780,O=C(CC[*:1])NCCOCCNC(=O)C[*:2]
1781,O=C(CC[*:1])NCCOCCOCCNC(=O)C[*:2]
1782,O=C(CC[*:1])NCCOCCOCCOCCNC(=O)C[*:2]
1783,O=C(C[*:2])NCC(=O)[*:1]
1784,O=C(C[*:2])NCCC(=O)[*:1]
1785,O=C(C[*:2])NCCCC(=O)[*:1]
1786,O=C(C[*:2])NCCCCC(=O)[*:1]
1787,O=C(C[*:2])NCCCCCC(=O)[*:1]
1788,O=C(C[*:2])NCCCCCCCC(=O)[*:1]
1789,O=C(C[*:2])NCCCCCCCCC(=O)[*:1]
1790,O=C(C[*:2])NCCCCCCCCCC(=O)[*:1]
1791,O=C(C[*:2])NCCCCCCCCCCC(=O)[*:1]
1792,C(CN[*:2])C[*:1]
1793,C1CN([*:1])CCC1N[*:2]
1794,C1CN([*:1])CCC1C1CN([*:2])C1
1795,C1CN([*:1])CCC1C1CCN([*:2])CC1
1796,C1CC2(CCN1[*:1])CC(N[*:2])C2
1797,C1CC2(CCC1N[*:2])CCN([*:1])CC2
1798,C1CC2(CCC1N[*:2])CN([*:1])C2
1799,C1C(N[*:2])CC12CN([*:1])C2
1800,C(CCCCCN[*:2])CCCCC[*:1]
1801,C(CCCN1CCN(CCC[*:1])CC1)CCO[*:2]
1802,C(CN1CCN(CCOCCOCCO[*:2])CC1)C[*:1]
1803,CN(CCC[*:1])CCOCCOCCO[*:2]
1804,O=C(CCOCCN[*:2])[*:1]
1805,O=C(CCOCCN[*:2])NCCC(=O)[*:1]
1806,O=C(CCOCCN[*:2])NCCCC(=O)[*:1]
1807,O=C(CCOCCN[*:2])NCCCCC(=O)[*:1]
1808,O=C(CCOCCN[*:2])NCCCCCC(=O)[*:1]
1809,NCCOCCC(=O)NCCCCCCC=O
1810,O=C(CCOCCN[*:2])NCCOCCC(=O)[*:1]
1811,O=C(CCOCCN[*:2])NCCOCCOCCC(=O)[*:1]
1812,O=C(CCOCCN[*:2])N1CCN(CC(=O)[*:1])CC1
1813,O=C(CCOCCOCCN[*:2])N1CCN(CC(=O)[*:1])CC1
1814,O=C(CCOCCOCCOCCN[*:2])N1CCN(CC(=O)[*:1])CC1
1815,O=C(CCOCCOCCOCCOCCN[*:2])N1CCN(CC(=O)[*:1])CC1
1816,O=C(CCOCCOCCN[*:2])NCCOCCC(=O)[*:1]
1817,O=C(CCOCCOCCOCCN[*:2])[*:1]
1818,O=C(CCCC[*:2])N1CCN(CC(=O)[*:1])CC1
1819,O=C(Cn1cc(CO[*:2])nn1)NCCCCC(=O)[*:1]
1820,O=C(CCOCCOCCN[*:2])[*:1]
1821,O=C(CCCc1cn([*:1])nn1)N[*:2]
1822,c1c(COCCOCCN[*:2])nnn1[*:1]
1823,O=C(C[*:1])NCCN[*:2]
1824,O=C(C[*:1])NCCCCCN[*:2]
1825,O=C(C[*:1])NCCCCCCCCN[*:2]
1826,O=C(CCOCC#C[*:2])[*:1]
1827,O=C(CCOCCOCCO[*:2])[*:1]
1828,O=C(CCOCCOCCOCCO[*:2])[*:1]
1829,O=C(C[*:1])NCCOCCOCCNC(=O)C1CCN([*:2])CC1
1830,C(CCOCCCOCCC[*:2])CN[*:1]
1831,O=C(COCCOCCCCCCC(=O)[*:1])N[*:2]
1832,O=C(CCCCCCOCCOC[*:2])[*:1]
1833,O=C(COCCOCCCCCC[*:1])N[*:2]
1834,O=C(CCCN[*:2])[*:1]
1835,O=C([*:1])[*:2]
1836,O=C(CC(=O)[*:1])N1CCN(C[*:2])CC1
1837,O=C(CCC[*:2])N1CCC(C(=O)[*:1])CC1
1838,O=C(c1cn(C[*:2])nn1)N1CCC(C(=O)[*:1])CC1
1839,O=C(CCCCCCCCN[*:1])[*:2]
1840,C(CN[*:1])COCC[*:2]
1841,O=C(OCCOCCOCCOCCOC(=O)[*:2])[*:1]
1842,C(CCCO[*:1])CCC[*:2]
1843,O=C(CCCCCO[*:1])[*:2]
1844,O=C(CO[*:2])NCCCCO[*:1]
1845,O=C(CO[*:2])NCCCCCCO[*:1]
1846,O=C(CO[*:2])NCCCCCCCCO[*:1]
1847,O=C(CO[*:1])NCCNC(=O)CO[*:2]
1848,O=C(CO[*:1])NCCCCNC(=O)CO[*:2]
1849,O=C(CO[*:1])NCCCCCCNC(=O)CO[*:2]
1850,O=C(CCC[*:2])NCCCN[*:1]
1851,O=C(CCC[*:2])NCCOCCOCCN[*:1]
1852,O=C(CO[*:2])NCCOCCOCCOCCN[*:1]
1853,C1CN([*:2])CCC1N1CCC([*:1])CC1
1854,C1CN(C2CN([*:2])C2)CCC1C[*:1]
1855,C(CN1CCC(C[*:1])CC1)C1CCN([*:2])CC1
1856,O=C(CC1CCN([*:2])CC1)N1CCC(C[*:1])CC1
1857,C1CN([*:2])CCC1CN1CCC([*:1])CC1
1858,C1CC([*:1])CN(CC2CCN([*:2])CC2)C1
1859,C1CN(CC2CCN([*:2])CC2)CCC1CC[*:1]
1860,C1CN([*:2])CCC1CN1CC([*:1])C1
1861,O=C(C1CCN(CC2CCN([*:2])CC2)CC1)[*:1]
1862,O=C(CC1CCN(CC2CCN([*:2])CC2)CC1)[*:1]
1863,O=C(CC1CCN(CC2(F)CCN([*:2])CC2)CC1)[*:1]
1864,O=C(CC1CCN(CCC2CCN([*:2])CC2)CC1)[*:1]
1865,c1c(C[*:1])nnn1CCOCCOCCOCCOC[*:2]
1866,c1c(C[*:1])nnn1CCOCCOCCOCCOCCOCCOC[*:2]
1867,C(CCCN1CCN([*:1])CC1)CCC[*:2]
1868,C(CCCCN1CCN([*:1])CC1)CCCC[*:2]
1869,C(CCCCCN1CCN([*:1])CC1)CCCCC[*:2]
1870,C(CCCCCC[*:2])CCCCCN1CCN([*:1])CC1
1871,C(CCCCCCN1CCN([*:1])CC1)CCCCCC[*:2]
1872,C(CCCCCCC[*:2])CCCCCCN1CCN([*:1])CC1
1873,C(CCCCN1CCN(C2CCN([*:1])CC2)CC1)CCCC[*:2]
1874,C(CN1CCN(CC2CCN([*:1])CC2)CC1)C[*:2]
1875,C(CCN1CCN(CC2CCN([*:1])CC2)CC1)CC[*:2]
1876,C(CCCC[*:2])CCCN1CCN(CC2CCN([*:1])CC2)CC1
1877,O=C(CO[*:1])N1CCN(CCCCCCC[*:2])CC1
1878,O=C(CO[*:1])N1CCN(CCCCCCCC[*:2])CC1
1879,O=C(CO[*:1])N1CCN(CCCCCCCCC[*:2])CC1
1880,O=C(CO[*:1])N1CCN(CCCCCCCCCC[*:2])CC1
1881,O=C(CO[*:1])N1CCN(CCCCCCCCCCC[*:2])CC1
1882,O=C(CO[*:1])N1CCN(CCCCCCCCCCCC[*:2])CC1
1883,O=C(CO[*:1])N1CCN(CCCCCCCCCCCCC[*:2])CC1
1884,O=C(CO[*:1])N1CCN(CCCCCCCCCCCCCC[*:2])CC1
1885,O=C(CO[*:1])N1CCC(CN2CCN(CC[*:2])CC2)CC1
1886,O=C(CO[*:1])N1CCC(CN2CCN(CCC[*:2])CC2)CC1
1887,O=C(CO[*:1])N1CCC(CN2CCN(CCCC[*:2])CC2)CC1
1888,O=C(CO[*:1])N1CCC(CN2CCN(CCCCC[*:2])CC2)CC1
1889,O=C(CO[*:1])N1CCC(CN2CCN(CCCCCC[*:2])CC2)CC1
1890,O=C(CO[*:1])N1CCC(CN2CCC(CN3CCN([*:2])CC3)CC2)CC1
1891,O=C(CO[*:1])N1CCC(CN2CCC(CN3CCC(N[*:2])CC3)CC2)CC1
1892,O=C(C[*:1])NCCCC#C[*:2]
1893,O=C(C[*:1])NCCCCC#C[*:2]
1894,O=C(C[*:1])NCCCCCC#C[*:2]
1895,C(#C[*:2])CNC[*:1]
1896,C(#C[*:2])CCNC[*:1]
1897,C(#C[*:2])CCCNC[*:1]
1898,C(#C[*:2])CCCCNC[*:1]
1899,C(#C[*:2])CCCCCNC[*:1]
1900,C(CNC[*:1])C[*:2]
1901,C(CC[*:2])CNC[*:1]
1902,C(CCNC[*:1])CC[*:2]
1903,C(CCC[*:2])CCNC[*:1]
1904,C(CCCNC[*:1])CCC[*:2]
1905,CN(CCCC[*:2])C[*:1]
1906,O=C(CC[*:1])CO[*:2]
1907,O=C(CO[*:2])NCCCCC(=O)[*:1]
1908,O=C(CO[*:2])NCCCCCCCCCCC(=O)[*:1]
1909,O=C(CO[*:2])NCCCCCCCCCCCC(=O)[*:1]
1910,NCC(=O)NCCCCCCCCCCC=O
1911,O=C(CO[*:2])NCCOCCOCCOCC(=O)[*:1]
1912,O=C(CCCCNC(=O)CO[*:2])NCCCCC(=O)[*:1]
1913,O=C(CCCCCNC(=O)CO[*:2])NCCCCCC(=O)[*:1]
1914,O=C(CCCCCCNC(=O)CO[*:2])NCCCCCCC(=O)[*:1]
1915,O=C(CCCCCCNC(=O)CO[*:2])NCCCCCCCC(=O)[*:1]
1916,O=C(CCCCCCNC(=O)CO[*:2])NCCCCCCCCC(=O)[*:1]
1917,O=C(CCCCCCNC(=O)CO[*:2])NCCCCCCCCCC(=O)[*:1]
1918,O=C(CCCCCCNC(=O)CO[*:2])NCCCCCCCCCCC(=O)[*:1]
1919,O=C(CCCCCCNC(=O)CO[*:2])NCCCCCCCCCCCC(=O)[*:1]
1920,O=C(CCCCNC(=O)CN[*:2])NCCCCC(=O)[*:1]
1921,O=C(CCCCCNC(=O)CN[*:2])NCCCCCC(=O)[*:1]
1922,O=C(CCCCCCNC(=O)CN[*:2])NCCCCCCC(=O)[*:1]
1923,O=C(CCCCCCNC(=O)CN[*:2])NCCCCCCCC(=O)[*:1]
1924,O=C(CCCCCCNC(=O)CN[*:2])NCCCCCCCCC(=O)[*:1]
1925,O=C(CCCCCCNC(=O)CN[*:2])NCCCCCCCCCC(=O)[*:1]
1926,O=C(CCCCCCNC(=O)CN[*:2])NCCCCCCCCCCC(=O)[*:1]
1927,O=C(CCCCCCCCCCCNC(=O)CN[*:2])NCCCCCCCCCCCC(=O)[*:1]
1928,c1c(COCCOCCO[*:2])nnn1[*:1]
1929,C(#C[*:2])CCCCCNCC[*:1]
1930,C(#C[*:2])CCCCCN1CCC([*:1])CC1
1931,C(#C[*:2])CCCN1CCC([*:1])CC1
1932,C(#C[*:2])CN1CCC([*:1])CC1
1933,C1CN(CC2CN([*:2])C2)CCC1[*:1]
1934,c1c([*:1])nnn1C[*:2]
1935,c1c([*:1])nnn1CCC[*:2]
1936,c1c([*:1])nnn1CCCCC[*:2]
1937,O=C(Cn1cc([*:1])nn1)[*:2]
1938,O=C(CCCn1cc([*:1])nn1)[*:2]
1939,O=C(CCCCCn1cc([*:1])nn1)[*:2]
1940,c1c([*:1])nnn1CCOCCOCCN[*:2]
1941,c1c([*:1])nnn1CCOCCOCCOCCN[*:2]
1942,c1c([*:1])nnn1CCOCCOCCOCCOCCN[*:2]
1943,O=C(C[*:2])NCCOCCOCCn1cc([*:1])nn1
1944,O=C(C[*:2])NCCOCCOCCOCCOCCn1cc([*:1])nn1
1945,C(CC[*:1])COCCC[*:2]
1946,C(CCCOC[*:1])CCOCCCCCC[*:2]
1947,C(CCC[*:2])CCOCCCCCOCCCC[*:1]
1948,C(CCCOCCCCC[*:1])CCOCCCCCC[*:2]
1949,C(CCCOCC[*:2])CCOCCCCCC[*:1]
1950,C(CCCOCC[*:1])CCOCCCCCC[*:2]
1951,C(CCC[*:2])CCOCCCCCOCCCCC[*:1]
1952,C(CCCOCCCCCC[*:2])CCOCCCCCC[*:1]
1953,c1ccc(CN[*:1])c(CC[*:2])c1
1954,c1cc(CN[*:1])cc(C[*:2])c1
1955,c1cc([*:2])ccc1CN[*:1]
1956,O=C(OCC[*:1])[*:2]
1957,O=C(OCCOCC[*:1])[*:2]
1958,O=C(OCCOCCOCC[*:1])[*:2]
1959,O=C(COCCOCC[*:1])N[*:2]
1960,O=C(COCCOCCOCC[*:1])N[*:2]
1961,O=C(CCOCC[*:1])N[*:2]
1962,O=C(CCCCCCCCCC[*:1])N[*:2]
1963,C(CN1CCN(CC[*:1])CC1)C1CCN([*:2])CC1
1964,C(CN1CCN(C[*:1])CC1)C1CN([*:2])C1
1965,O=C(CO[*:2])NCCOCCOCCOCCOCCN[*:1]
1966,O=C(Cn1cc(COCCN[*:1])nn1)[*:2]
1967,O=C(Cn1cc(COCCCN[*:1])nn1)[*:2]
1968,O=C(Cn1cc(COCCOCCOCc2cn(CCCN[*:1])nn2)nn1)[*:2]
1969,O=C(Cn1cc(COCCOCCOCCOCc2cn(CCCN[*:1])nn2)nn1)[*:2]
1970,O=C(C[*:1])NCCCCCCCCCCC(=O)[*:2]
1971,O=C(C[*:1])NCCCCCCCCC(=O)[*:2]
1972,O=C(NCCC[*:1])C(c1ccc(C[*:2])cc1)N1CCOCC1
1973,O=C(NCCCCCCCCN[*:1])C(c1ccc(C[*:2])cc1)N1CCOCC1
1974,O=C(NCCOCCN[*:1])C(c1ccc(C[*:2])cc1)N1CCOCC1
1975,O=C(NCCOCCOCCN[*:1])C(c1ccc(C[*:2])cc1)N1CCOCC1
1976,O=C(NCCOCCOCCOCCN[*:1])C(c1ccc(C[*:2])cc1)N1CCOCC1
1977,c1c(CCCC[*:1])nnn1CCCCCCCO[*:2]
1978,O=C(CCCCCC[*:2])N1CCC2(CC1)CCN([*:1])C2=O
1979,O=C(CCCCC[*:2])N1CCC2(CC1)CCN([*:1])C2=O
1980,O=C(CCOCC[*:2])N1CCC2(CC1)CCN([*:1])C2=O
1981,O=C(COCCC[*:2])[*:1]
1982,O=C(CCCOC[*:2])[*:1]
1983,O=C([C@H]1CC[C@H]([*:2])CC1)[*:1]
1984,O=C(C1CN(CC[*:2])C1)[*:1]
1985,O=C(C1CCN(CC[*:2])CC1)[*:1]
1986,O=C(NC1CC([*:2])C1)[*:1]
1987,C1C(NC[*:1])CC1[*:2]
1988,O=C(N1CCC([*:2])C1)[*:1]
1989,O=C(N1CCC([*:2])CC1)[*:1]
1990,O=S(=O)(N1CCC([*:2])CC1)[*:1]
1991,C1CN(C[*:1])CCC1[*:2]
1992,O=C(N1CCC(F)([*:2])CC1)[*:1]
1993,O=C(N1CCCC([*:2])C1)[*:1]
1994,O=C(C[*:1])N[C@H]1C[C@@H](C[*:2])C1
1995,O=C(N[C@H]1C[C@H]([*:2])C1)[*:1]
1996,C(CC[*:1])COC[*:2]
1997,C(CCC[*:1])CCOC[*:2]
1998,O=C(COCCCC[*:1])[*:2]
1999,O=C(CC[*:2])NCc1ccc(C2=NNC=C3C4CC(CC4C(=O)NCCCC(=O)[*:1])C32)cc1
2000,O=C(CC[*:2])NCc1ccc(C2=NNC=C3C4CC(C(=O)NCCCC(=O)[*:1])C(C4)C32)cc1
2001,O=C(CCC[*:1])N1CCN([*:2])CC1
2002,O=C(CCOCCOCC[*:1])NCCOCCOC[*:2]
2003,O=C(CCCCCCCCCCC[*:1])NCCCCC[*:2]
2004,O=C(CCCn1cc(CC[*:1])nn1)NCCCCC[*:2]
2005,O=C(C[*:1])N1CCN(CC[*:2])CC1
2006,C(#C[*:2])COCCOCCOCCN[*:1]
2007,C(#C[*:2])COCCOCCOCCOCCN[*:1]
2008,O=C(CO[*:1])NCCC1CCN([*:2])CC1
2009,O=C(CCCC[*:1])NC[*:2]
2010,O=C(CCCC[*:1])NCCCCC[*:2]
2011,O=C(CCCC[*:1])NCCCCCC[*:2]
2012,O=C(CCCC[*:1])NCCCCCCC[*:2]
2013,O=C(CCCC[*:1])NCCCCCCCC[*:2]
2014,O=C(CCCC[*:1])NCCCCCCCCC[*:2]
2015,O=C(CCCC[*:1])NCCCCCCCCCC[*:2]
2016,C(#C[*:2])CCCCCN[*:1]
2017,C(#C[*:2])CCCCCCN[*:1]
2018,CN(CCCC#C[*:2])[*:1]
2019,C(#C[*:2])C1CCN([*:1])CC1
2020,C(#C[*:2])CCC1CN([*:1])C1
2021,C(#C[*:2])CC1CN([*:1])C1
2022,O=C(C[*:2])NCCOCCC(=O)[*:1]
2023,O=C(C[*:1])[*:2]
2024,O=C(CCCCCCCCCCC[*:1])[*:2]
2025,O=C(C[*:1])N[*:2]
2026,O=C(CCCCCCCCCCC[*:1])N[*:2]
2027,O=C(C1CN(CCCCCCCO[*:2])C1)[*:1]
2028,O=C(CCCCC[*:1])N1CC([*:2])C1
2029,O=C(CCCCCCC[*:1])N1CC([*:2])C1
2030,C(CCCC[*:1])CCCN1CC([*:2])C1
2031,C(COCC[*:1])OCCN1CC([*:2])C1
2032,O=C(CCCCN1CC(CN[*:2])C1)[*:1]
2033,O=C(CCCCCN1CC(CN[*:2])C1)[*:1]
2034,O=C(CCCCCCCN1CC(CN[*:2])C1)[*:1]
2035,O=C(CCCCCCN1CC(CN[*:2])C1)[*:1]
2036,C(COCC[*:1])OCCN1CC(C[*:2])C1
2037,O=C(CCCC[*:1])N1CC(C[*:2])C1
2038,O=C(CCCCC[*:1])N1CC(C[*:2])C1
2039,O=C(CCCCCC[*:1])N1CC(C[*:2])C1
2040,O=C(CCCCCCC[*:1])N1CC(C[*:2])C1
2041,C(CCC[*:1])CCN1CC(C[*:2])C1
2042,C(CCCN1CC(C[*:2])C1)CCC[*:1]
2043,C(CCCC[*:1])CCCN1CC(C[*:2])C1
2044,O=C(CCCCCO[*:1])NCCCC[*:2]
2045,O=C(CCC(=O)[*:2])NCCCC(=O)[*:1]
2046,O=C(CCC(=O)[*:2])NCCCCC(=O)[*:1]
2047,O=C(CCC(=O)[*:2])NCCCCCC(=O)[*:1]
2048,O=C(CCC(=O)[*:2])NCCCCCCC(=O)[*:1]
2049,O=C(CCC(=O)[*:2])NCCCCCCCC(=O)[*:1]
2050,O=C(CC[*:2])NCCCC(=O)[*:1]
2051,O=C(CC[*:2])NCCCCC(=O)[*:1]
2052,O=C(CC[*:2])NCCCCCC(=O)[*:1]
2053,O=C(CC[*:2])NCCCCCCC(=O)[*:1]
2054,O=C(CC[*:2])NCCCCCCCC(=O)[*:1]
2055,O=C(CC[*:2])NCCCCCCCCCCC(=O)[*:1]
2056,O=C(CC[*:2])NCCCCCCCCCCCC(=O)[*:1]
2057,O=C(CCCCC(=O)[*:1])N(CCS)CC(=O)[*:2]
2058,O=C(CCCCCCC(=O)[*:1])N(CCS)CC(=O)[*:2]
2059,O=C(CCCCCCCCC(=O)[*:1])N(CCS)CC(=O)[*:2]
2060,O=C(CCCCCCCCCCC(=O)[*:1])N(CCS)CC(=O)[*:2]
2061,O=C(CN(CCS)C(=O)CCC(=O)[*:1])NCC[*:2]
2062,O=C(CN(CCS)C(=O)CCCCC(=O)[*:1])NCC[*:2]
2063,O=C(CN(CCS)C(=O)CCCCCCC(=O)[*:1])NCC[*:2]
2064,O=C(CN(CCS)C(=O)CCCCCCCCC(=O)[*:1])NCC[*:2]
2065,O=C(CN(CCS)C(=O)CCCCCCCCCCC(=O)[*:1])NCC[*:2]
2066,O=C(CCCN[*:1])[*:2]
2067,O=C(CCCCN[*:1])[*:2]
2068,O=C(CCCCCCN[*:1])[*:2]
2069,C(COC[*:2])N[*:1]
2070,c1c(CN[*:1])nnn1CCOCCOCCOCCOC[*:2]
2071,CNC(=O)C(CCCCCNC(=O)CO[*:2])N[*:1]
2072,CNC(=O)[C@@H](CN[*:1])NC(=O)CO[*:2]
2073,CNC(=O)[C@@H](Cc1ccc(CN[*:1])cc1)NC(=O)CO[*:2]
2074,CNC(=O)CN(CCCCNC(=O)CO[*:2])[*:1]
2075,O=C(CO[*:2])NCCCCCCCCC[*:1]
2076,O=C(NCCCCCNC(=O)[*:2])c1ccc([*:1])cc1
2077,O=C(CCCCN[*:1])NCc1ccc(CN[*:2])cc1
2078,O=C(CCCCN[*:1])NCCN[*:2]
2079,O=C(CCCCN[*:1])NCCO[*:2]
2080,O=C(NCCCCN[*:1])c1ccc(N[*:2])cc1
2081,O=C(NCCCN[*:1])c1ccc(CO[*:2])cc1
2082,O=C(NCCCCN[*:1])c1ccc(CO[*:2])cc1
2083,O=C(NCCCCCN[*:1])c1ccc(CO[*:2])cc1
2084,O=C(NCCN[*:1])c1ccc(CO[*:2])cc1
2085,c1c(CC[*:1])nnn1CCOC[*:2]
2086,c1c(CC[*:1])nnn1CCOCCOC[*:2]
2087,c1c(CC[*:1])nnn1CCOCCOCCOC[*:2]
2088,c1c(CC[*:1])nnn1CCOCCOCCOCCOC[*:2]
2089,c1c(CC[*:1])nnn1CCOCCOCCOCCOCCOC[*:2]
2090,O=C(CCCC[*:1])NCCOCCOCCNC(=O)CC[*:2]
2091,O=C(CCCC[*:1])NCCOCCOCCNC(=O)CCC(=O)N[*:2]
2092,O=C(CCCC[*:1])NCCCCCC(=O)N[*:2]
2093,O=C(CCn1cc(C[*:1])nn1)NCCCCCC(=O)N[*:2]
2094,O=C(CCn1cc(CCC[*:1])nn1)NCCCCCC(=O)N[*:2]
2095,O=C(CCn1cc(CCCC[*:1])nn1)NCCCCCC(=O)N[*:2]
2096,O=C(CCn1cc(CCCCCCCCC[*:1])nn1)NCCCCCC(=O)N[*:2]
2097,O=C(C[*:1])NCCCCCCCO[*:2]
2098,O=C(C[*:1])N1CCC(CN2CCN([*:2])CC2)CC1
2099,c1c(CO[*:1])nnn1CCCCC[*:2]
2100,c1c(CO[*:1])nnn1CCCCCCCCC[*:2]
2101,c1c(CO[*:1])nnn1CCCCCCCCCCC[*:2]
2102,c1c(CCCO[*:1])nnn1CCCCCCCCC[*:2]
2103,c1c(CO[*:1])nnn1CCOCCOCCOC[*:2]
2104,O=C(CCOCCOCCOCCOCC[*:2])N1CCC(C[*:1])CC1
2105,O=C(CCOCCOCC[*:2])N1CCC(C[*:1])CC1
2106,O=C(CCOCC[*:2])N1CCC(C[*:1])CC1
2107,O=C(CC[*:2])N1CCC(C[*:1])CC1
2108,O=C(CCOCCOCCOCCOCCOCC[*:2])N1CCC(C[*:1])CC1
2109,O=C(COCCOCCOCCO[*:2])N1CCC(C[*:1])CC1
2110,O=C(NCCOCCOCC(=O)[*:2])C1=NC(c2nc3ccc(O[*:1])cc3s2)SC1
2111,c1c(C[*:2])nnn1CCC[*:1]
2112,c1c(C[*:2])nnn1CCCC[*:1]
2113,c1c(C[*:2])nnn1CCCCC[*:1]
2114,c1c(C[*:2])nnn1CCCCCC[*:1]
2115,c1c(C[*:2])nnn1CCOCCOCCOCCOCC[*:1]
2116,c1c(CC[*:2])nnn1CCCCC[*:1]
2117,c1c(CC[*:2])nnn1CCOCC[*:1]
2118,O=C(CCC(=O)[*:1])N1CC(CN[*:2])C1
2119,O=C(CC(=O)[*:1])N1CC(C[*:2])C1
2120,O=C(CCC(=O)[*:1])N1CC(CN2CC(C[*:2])C2)C1
2121,O=C(CCC(=O)[*:1])N1CCC(C[*:2])C1
2122,O=C(CCC(=O)[*:1])N1CCC(C[*:2])CC1
2123,O=C(CCOCc1cn(CCOCCOCC[*:1])nn1)[*:2]
2124,c1c(COCCOCC[*:2])nnn1CCOCCOC[*:1]
2125,O=C(CCCO[*:2])NCOCCOCC[*:1]
2126,O=C(CO[*:2])NCCOCC(=O)N[*:1]
2127,O=C(CO[*:2])NCCOCCOCCOCCC(=O)N[*:1]
2128,O=C(CO[*:2])NCCOCCOCCOCCOCCC(=O)N[*:1]
2129,O=C(C[*:2])NCCOCCOCCOCCOCCC(=O)N[*:1]
2130,O=C(CO[*:2])NCCOCCOCC(=O)N[C@@H](CCCCNC(=O)c1ccc2c(c1)C(=O)OC21c2ccc(O)cc2Oc2cc(O)ccc21)C(=O)NCCOCCOCC(=O)N[*:1]
2131,O=C(CCCC[*:1])NCCOCCOCC[*:2]
2132,O=C(N[*:2])[*:1]
2133,O=C(CC[*:2])N1CCC(O)([*:1])CC1
2134,O=C(C[*:2])N1CCC(O)C([*:1])C1
2135,O=C(CCCCCCCCCC[*:2])N[*:1]
2136,O=C(CCOCCOCC[*:1])NCCCCCC(=O)[*:2]
2137,O=C(CCOCCOCCOCC[*:2])NCCCC[*:1]
2138,O=C(NCCC[*:2])c1ccc(N[*:1])nc1
2139,O=C(NCCCCC[*:2])c1ccc(N[*:1])nc1
2140,O=C(NCCCCCCC[*:2])c1ccc(N[*:1])nc1
2141,O=C(NCCCCCCCC[*:2])c1ccc(N[*:1])nc1
2142,O=C(NCCCCCCCCC[*:2])c1ccc(N[*:1])nc1
2143,O=C(NCCCCCCCCCC[*:2])c1ccc(N[*:1])nc1
2144,O=C(NCCCCCCCCCCC[*:2])c1ccc(N[*:1])nc1
2145,O=C(CO[*:2])NCCOCCO[*:1]
2146,O=C(CO[*:2])NCCOCCOCCO[*:1]
2147,O=C(CO[*:2])NCCCCCCCO[*:1]
2148,O=C(CCOCCO[*:2])N1CCC(O[*:1])CC1
2149,O=C(CCOCC[*:2])N1CCC(O[*:1])CC1
2150,O=C(CO[*:2])NCCOCCC(=O)N1CCC(O[*:1])CC1
2151,O=C(CCOCCOCC[*:2])N1CCC(O[*:1])CC1
2152,O=C(CCOCCOCCO[*:2])N1CCC(O[*:1])CC1
2153,O=C(CO[*:2])NCCOCCOCCC(=O)N1CCC(O[*:1])CC1
2154,O=C(CCOCC[*:2])N1CC(O[*:1])C1
2155,O=C(CO[*:2])NCCOCCC(=O)N1CC(O[*:1])C1
2156,O=C(CCOCCOCC[*:2])N1CC(O[*:1])C1
2157,O=C(CCOCCOCCO[*:2])N1CC(O[*:1])C1
2158,O=C(CO[*:2])NCCOCCOCCC(=O)N1CC(O[*:1])C1
2159,C(CCCCCO[*:2])CCCCO[*:1]
2160,O=C(CO[*:2])NCCCCCCCCCCO[*:1]
2161,O=C(CO[*:2])NCCOCCOCCCN1CC(O[*:1])C1
2162,C(COCCOCCO[*:2])OCCOCCOCC[*:1]
2163,C(CCCCC[*:2])CCCCO[*:1]
2164,O=C(CCOCCO[*:2])N1CC(O[*:1])C1
2165,O=C(CO[*:2])NCCOCCCN1CCC(O[*:1])CC1
2166,O=C(CO[*:2])NCCOCCOCCCN1CCC(O[*:1])CC1
2167,O=C(CO[*:2])NCCOCCOCCOCCOCCO[*:1]
2168,C(COCCO[*:2])CN1CCC(O[*:1])CC1
2169,C(COCC[*:2])CN1CCC(O[*:1])CC1
2170,C(COCCOCCO[*:2])CN1CCC(O[*:1])CC1
2171,C(COCCOCC[*:2])CN1CCC(O[*:1])CC1
2172,C(CCN[*:2])CC[*:1]
2173,O=C(NCCCCC[*:1])C1CCN([*:2])CC1
2174,O=C(NCCCCC[*:1])C1CN([*:2])C1
2175,O=C(CN[*:2])NCCCCC[*:1]
2176,O=C(NCCC[*:1])C1CCN([*:2])CC1
2177,O=C(NCCOCC[*:1])C1CCN([*:2])CC1
2178,O=C(NCCCCCCCC[*:1])C1CCN([*:2])CC1
2179,O=C(NCCCCCCCC[*:1])C1CN([*:2])C1
2180,C1CN([*:2])C[C@H]1C[*:1]
2181,c1cc([*:1])cc(O[C@H]2C[C@H](OC3CCN(CC4CCN([*:2])CC4)CC3)C2)n1
2182,c1cc([*:1])cc(O[C@H]2C[C@H](OC3CCN(CC4CCN(c5cc([*:2])on5)CC4)CC3)C2)n1
2183,O=C(CCCCCNC(=O)c1cnc([*:1])nc1)N[*:2]
2184,O=C(CCCCCCNC(=O)c1cnc([*:1])nc1)N[*:2]
2185,O=C(CCCCCCCCCCNC(=O)c1cnc([*:1])nc1)N[*:2]
2186,O=C(CCCCCCCCCCCNC(=O)c1cnc([*:1])nc1)N[*:2]
2187,O=C(NCCOC[*:2])[*:1]
2188,CCN(CCNC(=O)[*:1])C[*:2]
2189,O=C(N1CCN(C[*:2])CC1)[*:1]
2190,O=C(CCC(=O)[*:2])N[*:1]
2191,O=C(CNCC(=O)[*:2])N[*:1]
2192,O=C(CCCCC(=O)[*:2])N[*:1]
2193,O=C(CNC(=O)CN[*:1])NCC(=O)NCC(=O)[*:2]
2194,O=C(CNC(=O)CN[*:1])NCC(=O)[*:2]
2195,O=C(CNC(=O)CNC(=O)CN[*:1])NCC(=O)NCC(=O)[*:2]
2196,O=C(COCCOCCN[*:1])[*:2]
2197,O=C(COCCOCCOCCN[*:1])[*:2]
2198,O=C(COCCOCCOCCOCCN[*:1])[*:2]
2199,O=C(CCN[*:1])NCCC(=O)[*:2]
2200,O=C(CCN[*:1])NCC(=O)[*:2]
2201,O=C(CN[*:1])NCC(=O)[*:2]
2202,CN(CC(=O)NCCCO[*:2])[*:1]
2203,CN(CC(=O)NCCCCO[*:2])[*:1]
2204,CN(CC(=O)NCCCCCO[*:2])[*:1]
2205,CN(CC(=O)NCCOCCO[*:2])[*:1]
2206,CN(CC(=O)NCCOCCOCCO[*:2])[*:1]
2207,O=C(CN[*:1])NCCCO[*:2]
2208,O=C(CN[*:1])NCCCCO[*:2]
2209,O=C(CN[*:1])NCCCCCO[*:2]
2210,O=C(CN[*:1])NCCOCCO[*:2]
2211,O=C(CN[*:1])NCCOCCOCCO[*:2]
2212,O=C(CN1CCN([*:1])CC1)NCCCO[*:2]
2213,O=C(CN1CCN([*:1])CC1)NCCCCO[*:2]
2214,O=C(CN1CCN([*:1])CC1)NCCCCCO[*:2]
2215,O=C(CN1CCN([*:1])CC1)NCCOCCO[*:2]
2216,O=C(CN1CCN([*:1])CC1)NCCOCCOCCO[*:2]
2217,O=C(CO[*:1])NCCCCO[*:2]
2218,CN(CC(=O)NC[*:2])[*:1]
2219,O=C(CN1CCN([*:1])CC1)NC[*:2]
2220,O=C(CN1CCN([*:1])CC1)NCCC[*:2]
2221,O=C(CC[*:2])N1CCN([*:1])CC1
2222,O=C(CCCC[*:2])N1CCN([*:1])CC1
2223,O=C(CCCCCC[*:2])N1CCN([*:1])CC1
2224,O=C(CCOCC[*:2])N1CCN([*:1])CC1
2225,O=C(CCOCCOCC[*:2])N1CCN([*:1])CC1
2226,O=C(CN[*:2])N1CCN([*:1])CC1
2227,O=C(CCCN[*:2])N1CCN([*:1])CC1
2228,O=C(CCCCCN[*:2])N1CCN([*:1])CC1
2229,O=C(CCCCCCN[*:2])N1CCN([*:1])CC1
2230,C(#C[*:2])CCCCCN1CCN([*:1])CC1
2231,C(#C[*:2])CCCCCCN1CCN([*:1])CC1
2232,O=C(CCCCCCCC[*:2])N1CCN([*:1])CC1
2233,O=C(CCCCCCCCC[*:2])N1CCN([*:1])CC1
2234,O=C(COCCOCCOC[*:2])N1CCN([*:1])CC1
2235,O=C(CCOCCOCCOCC[*:2])N1CCN([*:1])CC1
2236,O=C(CCOCCOCCOCCOCCOCC[*:2])N1CCN([*:1])CC1
2237,O=C(C[*:2])N1CCN([*:1])CC1
2238,O=C(CCCCC[*:2])N1CCN([*:1])CC1
2239,O=C(CCOCCOCCOCCOCC[*:2])N1CCN([*:1])CC1
2240,O=C(CCCS[*:2])N1CCN([*:1])CC1
2241,O=C(CCCC#C[*:2])N1CCN([*:1])CC1
2242,O=C(COCCS[*:2])N1CCN([*:1])CC1
2243,C(CS[*:2])CN1CCN([*:1])CC1
2244,C(CCN1CCN([*:1])CC1)CS[*:2]
2245,C(CCCN1CCN([*:1])CC1)CCS[*:2]
2246,C(CCN1CCN([*:1])CC1)CO[*:2]
2247,C(#C[*:2])CCCCN1CCN([*:1])CC1
2248,C(CCS[*:2])CN[*:1]
2249,C(CCN[*:1])CCS[*:2]
2250,C(CCCS[*:2])CCN[*:1]
2251,C(CCS[*:2])CNC1CCN([*:1])CC1
2252,C(CCNC1CCN([*:1])CC1)CCS[*:2]
2253,C(CCCS[*:2])CCNC1CCN([*:1])CC1
2254,C(CCN1CCN(C2CCN([*:1])CC2)CC1)CS[*:2]
2255,C(CS[*:2])CN1CCN(C2CCN([*:1])CC2)CC1
2256,C(CCS[*:2])CCN1CCN(C2CCN([*:1])CC2)CC1
2257,C(CCCN1CCN(C2CCN([*:1])CC2)CC1)CCS[*:2]
2258,C(CCCS[*:2])CCCN1CCN(C2CCN([*:1])CC2)CC1
2259,C(CCCN1CCN(C2CCN([*:1])CC2)CC1)CCO[*:2]
2260,C(#C[*:2])CCCCCCN1CCN(C2CCN([*:1])CC2)CC1
2261,c1c(COCCOCCO[*:2])nnn1C[*:1]
2262,c1c(COCCOCCOCCO[*:2])nnn1C[*:1]
2263,c1c(COCCOCCOCCOCCO[*:2])nnn1C[*:1]
2264,c1c(COCCOCCOCCOCCOCCO[*:2])nnn1C[*:1]
2265,O=C(CCOCc1cn(C[*:1])nn1)[*:2]
2266,O=C(CCOCCOCc1cn(C[*:1])nn1)[*:2]
2267,O=C(CCOCCOCCOCc1cn(C[*:1])nn1)[*:2]
2268,O=C(CCOCCOCCOCCOCc1cn(C[*:1])nn1)[*:2]
2269,O=C(CCOCCOCCOCCOCCOCc1cn(C[*:1])nn1)[*:2]
2270,O=C(CCOCCOCCOCCOCCOCCOCc1cn(C[*:1])nn1)[*:2]
2271,O=C(NCCOCC(=O)[*:2])[*:1]
2272,O=C(NCCOCCOCC(=O)[*:2])[*:1]
2273,O=C(NCCOCCOCCOCCOCCOCC(=O)[*:2])[*:1]
2274,O=C(CCN1CCN([*:1])CC1)[*:2]
2275,O=C(CCCN1CCN([*:1])CC1)[*:2]
2276,O=C(CCCCN1CCN([*:1])CC1)[*:2]
2277,O=C(CCCCCN1CCN([*:1])CC1)[*:2]
2278,O=C(CC[*:2])Nc1ccc([*:1])cc1
2279,O=C(CCCC[*:2])Nc1ccc([*:1])cc1
2280,O=C(CCCCC[*:2])Nc1ccc([*:1])cc1
2281,O=C(CCCCCC[*:2])Nc1ccc([*:1])cc1
2282,O=C(CCCCCCC[*:2])Nc1ccc([*:1])cc1
2283,O=C(CCCCCCCC[*:2])Nc1ccc([*:1])cc1
2284,O=C(CCCCCCCCC[*:2])Nc1ccc([*:1])cc1
2285,O=C(CCCCCCCCCC[*:2])Nc1ccc([*:1])cc1
2286,O=C(CCCCC(=O)N1CCN(CCC[*:2])CC1)Nc1ccc([*:1])cc1
2287,O=C(CCCCC(=O)N1CCN(CCCC[*:2])CC1)Nc1ccc([*:1])cc1
2288,O=C(CCCCC(=O)N1CCN(CCCCC[*:2])CC1)Nc1ccc([*:1])cc1
2289,O=C(CCCCC(=O)N1CCN(CCCCCC[*:2])CC1)Nc1ccc([*:1])cc1
2290,O=C(CCCCC(=O)N1CCN(CCCCCCC[*:2])CC1)Nc1ccc([*:1])cc1
2291,c1cc([*:1])ccc1N1CCN(CCCC[*:2])CC1
2292,c1cc([*:1])ccc1N1CCN(CCCCC[*:2])CC1
2293,c1cc([*:1])ccc1N1CCN(CCCCCC[*:2])CC1
2294,c1cc([*:1])ccc1N1CCN(CCCCCCC[*:2])CC1
2295,O=C(CCCC[*:2])N1CCN(c2ccc([*:1])cc2)CC1
2296,O=C(CCCCCC[*:2])N1CCN(c2ccc([*:1])cc2)CC1
2297,O=C(CCCCCCCC[*:2])N1CCN(c2ccc([*:1])cc2)CC1
2298,O=C(CCCCCCCCCC[*:2])N1CCN(c2ccc([*:1])cc2)CC1
2299,C[C@H](C[*:1])OC[*:2]
2300,C[C@H](CC[*:1])CC[*:2]
2301,O=C(CC[*:1])NC[*:2]
2302,O=C(COC[*:2])NCC[*:1]
2303,O=C(COCCOC[*:2])NCC[*:1]
2304,O=C(CC[*:2])NCC[*:1]
2305,O=C(C[*:2])NCC[*:1]
2306,O=C(C[*:1])NCCOCCOCCOCCOCCOCCOCC[*:2]
2307,O=C(C[*:1])NCCOCCOCCOCCOCCOCCOCCOCC[*:2]
2308,O=C(C[*:1])NCCOCCOCCOCCOCCOCCOCCOCCOCC[*:2]
2309,O=C(CCCCNC(=O)C[*:1])NCc1ccc(C[*:2])cc1
2310,O=C(CCCCNC(=O)C[*:1])NCC[*:2]
2311,O=C(CCCCNC(=O)C[*:1])NCCO[*:2]
2312,O=C(CO[*:1])NCCOCCOCCN[*:2]
2313,O=C(CO[*:1])NCCOCCOCCOCCN[*:2]
2314,c1c(CC[*:1])nnn1CCOCC[*:2]
2315,c1c(CC[*:1])nnn1CCCCC[*:2]
2316,O=C(CCCCCn1cc(CC[*:1])nn1)NCCCCC[*:2]
2317,O=C(C[*:1])N/N=C\c1ccc(OC[*:2])cc1
2318,O=C(C[*:1])N/N=C\c1ccc(OCCC[*:2])cc1
2319,O=C(C[*:1])N/N=C\c1ccc(OCCCC[*:2])cc1
2320,O=C(C[*:1])N/N=C\c1ccc(OCCCCC[*:2])cc1
2321,O=C(C[*:1])N/N=C\c1ccc(OCCCCCC[*:2])cc1
2322,O=C(C[*:1])N/N=C\c1ccc(OCCCCCCC[*:2])cc1
2323,O=C(C[*:1])N/N=C\c1ccc(OCCOC[*:2])cc1
2324,O=C(C[*:1])N/N=C\c1ccc(OCCOCCOC[*:2])cc1
2325,O=C(C[*:1])N/N=C\c1ccc(OCCOCCOCCOC[*:2])cc1
2326,O=C(C[*:1])N/N=C\c1ccc(OCCOCCOCCOCCOC[*:2])cc1
2327,O=C(C[*:1])N/N=C\c1ccc(OCCOCCOCCOCCOCCOC[*:2])cc1
2328,O=C(C[*:1])N/N=C\c1ccc(OCCOCCOCCOCCOCCOCCOC[*:2])cc1
2329,O=C(COCCOc1ccc(/C=N/NC(=O)C[*:1])cc1)NCC#C[*:2]
2330,O=C(COCCOCCOc1ccc(/C=N/NC(=O)C[*:1])cc1)NCC#C[*:2]
2331,O=C(COCCOCCOCCOc1ccc(/C=N/NC(=O)C[*:1])cc1)NCC#C[*:2]
2332,O=C(COCCOCCOCCOCCOc1ccc(/C=N/NC(=O)C[*:1])cc1)NCC#C[*:2]
2333,O=C(COCCOCCOCCOCCOCCOc1ccc(/C=N/NC(=O)C[*:1])cc1)NCC#C[*:2]
2334,O=C(COCCOCCOCCOCCOCCOCCOc1ccc(/C=N/NC(=O)C[*:1])cc1)NCC#C[*:2]
2335,O=C(COc1ccc(/C=N/NC(=O)C[*:1])cc1)NCC#C[*:2]
2336,O=C(COc1ccc(/C=N/NC(=O)C[*:1])cc1)NCCCC#C[*:2]
2337,O=C(COc1ccc(/C=N/NC(=O)C[*:1])cc1)NCCCCC#C[*:2]
2338,O=C(COc1ccc(/C=N/NC(=O)C[*:1])cc1)NCCCCCC#C[*:2]
2339,O=C(COc1ccc(/C=N/NC(=O)C[*:1])cc1)NCCCCCCC#C[*:2]
2340,O=C(COc1ccc(/C=N/NC(=O)C[*:1])cc1)NCCCCCCCC#C[*:2]
2341,O=C(C[*:1])NCCc1ccc(OC[*:2])cc1
2342,O=C(C[*:1])NCCc1ccc(OCC[*:2])cc1
2343,O=C(C[*:1])NCCc1ccc(OCCC[*:2])cc1
2344,O=C(C[*:1])NCCc1ccc(OCCCC[*:2])cc1
2345,O=C(C[*:1])NCCc1ccc(OCCCCC[*:2])cc1
2346,O=C(COCCOCCOc1ccc(CCNC(=O)C[*:1])cc1)NCC#C[*:2]
2347,C(COCCN[*:1])C[*:2]
2348,C(COCCOCCOCCN[*:1])C[*:2]
2349,O=C(CCCCC[*:1])NCCC[*:2]
2350,Cc1nn(CC(=O)NCCO[*:2])c(C)c1/N=N/c1ccc(CN[*:1])cc1
2351,Cc1nn(CC(=O)[*:1])c(C)c1/N=N/c1ccc(CNC(=O)CCC(=O)N[*:2])cc1
2352,O=C(N1CCN([*:2])CC1)[*:1]
2353,O=C(CCCNC(=O)[*:1])N1CCN([*:2])CC1
2354,O=C(CCCCCNC(=O)[*:1])N1CCN([*:2])CC1
2355,O=C(CCCCCCCNC(=O)[*:1])N1CCN([*:2])CC1
2356,c1cc(CN2CCC([*:2])CC2)cc(OCCOCC[*:1])c1
2357,c1cc(CN2CCC([*:2])CC2)cc(OCCOCCOCC[*:1])c1
2358,c1cc(CN2CCC([*:2])CC2)cc(OCCCC[*:1])c1
2359,c1cc(CN2CCC([*:2])CC2)cc(OCCCCCC[*:1])c1
2360,c1cc(C[*:2])ccc1C[*:1]
2361,C(COCC[*:1])OCCN1CCN([*:2])CC1
2362,C[C@@H](C[*:1])[*:2]
2363,c1cc(C[*:1])cc(C[*:2])c1
2364,C1C[C@H](C[*:2])CC[C@H]1C[*:1]
2365,C1C[C@H](C[*:2])CC[C@@H]1C[*:1]
2366,C(#CC[*:2])C[*:1]
2367,C(COCCO[*:1])C[*:2]
2368,C1C[C@H](C[*:2])CC[C@H]1CO[*:1]
2369,O=C(CCOCCC[*:1])NCC[*:2]
2370,O=C(CCCCC[*:1])NCC[*:2]
2371,O=C(CCCCCCC[*:1])NCC[*:2]
2372,O=C(C#C[*:2])[*:1]
2373,O=C(C=C[*:2])[*:1]
2374,O=C(C1CC1[*:2])[*:1]
2375,O=C(CCOCCOCCOCC[*:2])NCCCO[*:1]
2376,O=C(CCC[*:2])NCCCO[*:1]
2377,O=C(CCOCCOCC[*:2])NCCCO[*:1]
2378,O=C(CCCCCCC[*:2])NCCCO[*:1]
2379,O=C(C[*:2])NCCCO[*:1]
2380,O=C(CCOCCOCCOCCN[*:2])NCCCO[*:1]
2381,O=C(CCCCN[*:2])NCCCO[*:1]
2382,O=C(CCCCCn1cc(CO[*:1])nn1)[*:2]
2383,O=C(CO[*:1])NCCCCC[*:2]
2384,CCCCCCCCCCNC(C)=O
2385,CC(=O)N(CCC[*:2])[*:1]
2386,CC(=O)N(CCOCCOCC[*:2])[*:1]
2387,C(COCCOCCOCCOCCC[*:2])C[*:1]
2388,C(COCCOCCOCCOCCOCCC[*:2])C[*:1]
2389,C(COCCOCCOCCOCCOCCOCCC[*:2])C[*:1]
2390,C(COCCOCCOCCOCCOCCOCCOCCC[*:2])C[*:1]
2391,O=C(C/C=N/OCC(=O)NCCOCCOC[*:1])NCCOC[*:2]
2392,C(\CN[*:1])=N/OC[*:2]
2393,O=C(C[*:1])NCCNCC(=O)[*:2]
2394,O=C(C[*:1])NCCCNCC(=O)[*:2]
2395,O=C(C[*:1])NCCCCNCC(=O)[*:2]
2396,O=C(C[*:1])NCCCCCCNCC(=O)[*:2]
2397,O=C(C[*:1])NCCOCCNCC(=O)[*:2]
2398,O=C(C[*:1])NCCOCCOCCNCC(=O)[*:2]
2399,O=C(C[*:1])NCCOCCOCCOCCNCC(=O)[*:2]
2400,O=C(C[*:1])NCCOCCOCCOCCOCCNCC(=O)[*:2]
2401,O=C(CO[*:2])NCCOCCOCCNC(=O)C[*:1]
2402,O=C(CNCC(=O)[*:2])[*:1]
2403,O=C(CCNCC(=O)[*:2])[*:1]
2404,O=C(CCCNCC(=O)[*:2])[*:1]
2405,O=C(CCCCNCC(=O)[*:2])[*:1]
2406,O=C(CCCCCNCC(=O)[*:2])[*:1]
2407,O=C(CCCCCCNCC(=O)[*:2])[*:1]
2408,O=C(CCCCCCCNCC(=O)[*:2])[*:1]
2409,O=C(CCCCCCCCNCC(=O)[*:2])[*:1]
2410,O=C(CCCCCCCCCNCC(=O)[*:2])[*:1]
2411,O=C(CCCCCCCCCCNCC(=O)[*:2])[*:1]
2412,O=C(CCCCCCCCCCCNCC(=O)[*:2])[*:1]
2413,O=C(CCCCCCCCCCCCNCC(=O)[*:2])[*:1]
2414,O=C(CO[*:2])NCCOCCOCCOCCn1cc(C[*:1])nn1
2415,O=C(CO[*:2])NCCOCCOCCOCCn1cc(CCCCC(=O)[*:1])nn1
2416,O=C(C[*:1])NCCOCCOCCOCCn1cc(CO[*:2])nn1
2417,O=C(CCCCCOCCCCCOCCCCC[*:2])[*:1]
2418,O=C(CN1CCN([*:2])CC1)[*:1]
2419,O=C(CN1CCC([*:2])CC1)[*:1]
2420,O=C(NCCOCCOCCOCCCC[*:2])[*:1]
2421,O=C(NCCCCCCOCCCCCOCCCC[*:2])[*:1]
2422,O=C(CCCCOCCCCOCCCC[*:2])NC[*:1]
2423,O=C(CCCCOCCOCCOCC[*:2])NC[*:1]
2424,O=C(COc1ccc(CC[*:1])cc1)NCC[*:2]
2425,O=C(CCCOc1ccc(CC[*:1])cc1)NCC[*:2]
2426,O=C(CCCCOc1ccc(CC[*:1])cc1)NCC[*:2]
2427,O=C(CCCCCOc1ccc(CC[*:1])cc1)NCC[*:2]
2428,O=C(CCCCCCOc1ccc(CC[*:1])cc1)NCC[*:2]
2429,O=C(COc1ccc(CC[*:1])cc1)NCCC[*:2]
2430,O=C(CCCOc1ccc(CC[*:1])cc1)NCCC[*:2]
2431,O=C(CCCCOc1ccc(CC[*:1])cc1)NCCC[*:2]
2432,O=C(CCCCCOc1ccc(CC[*:1])cc1)NCCC[*:2]
2433,O=C(CCCCCCOc1ccc(CC[*:1])cc1)NCCC[*:2]
2434,O=C(COc1ccc(CC[*:1])cc1)NCCCC[*:2]
2435,O=C(CCCOc1ccc(CC[*:1])cc1)NCCCC[*:2]
2436,O=C(CCCCOc1ccc(CC[*:1])cc1)NCCCC[*:2]
2437,O=C(CCCCCOc1ccc(CC[*:1])cc1)NCCCC[*:2]
2438,O=C(CCCCCCOc1ccc(CC[*:1])cc1)NCCCC[*:2]
2439,O=C(COc1ccc(CC[*:1])cc1)NCCCCC[*:2]
2440,O=C(CCCOc1ccc(CC[*:1])cc1)NCCCCC[*:2]
2441,O=C(CCCCOc1ccc(CC[*:1])cc1)NCCCCC[*:2]
2442,O=C(CCCCCOc1ccc(CC[*:1])cc1)NCCCCC[*:2]
2443,O=C(CCCCCCOc1ccc(CC[*:1])cc1)NCCCCC[*:2]
2444,O=C(COc1ccc(CC[*:1])cc1)NCCCCCC[*:2]
2445,O=C(CCCOc1ccc(CC[*:1])cc1)NCCCCCC[*:2]
2446,O=C(CCCCOc1ccc(CC[*:1])cc1)NCCCCCC[*:2]
2447,O=C(CCCCCOc1ccc(CC[*:1])cc1)NCCCCCC[*:2]
2448,O=C(CCCCCCOc1ccc(CC[*:1])cc1)NCCCCCC[*:2]
2449,O=C(CCCCOc1ccc(CC[*:1])cc1)N1CCN([*:2])CC1
2450,O=C(CCCCOc1ccc(CC[*:1])cc1)N1CCC(N2CCN([*:2])CC2)CC1
2451,O=C(CCCCOc1ccc(CC[*:1])cc1)N1CCC(CN2CCN([*:2])CC2)CC1
2452,O=C(CCCCOc1ccc(CC[*:1])cc1)N1CC(N2CCN([*:2])CC2)C1
2453,O=C(CCCCOc1ccc(CC[*:1])cc1)N1CC(CN2CCN([*:2])CC2)C1
2454,O=C(CCCCOc1ccc(CC[*:1])cc1)N1CCN(C2CCN([*:2])CC2)CC1
2455,O=C(CCCCOc1ccc(CC[*:1])cc1)N1CCN(CC2CCN([*:2])CC2)CC1
2456,O=C(CCCCOc1ccc(CC[*:1])cc1)N1CCN(C2CN([*:2])C2)CC1
2457,O=C(CCCCOc1ccc(CC[*:1])cc1)N1CCN(CC2CN([*:2])C2)CC1
2458,O=C(CCCCOc1ccc(CC[*:1])cc1)NCCCCCCN[*:2]
2459,c1cc(C[*:1])cc(OCCOCCOCCOCCOCCOCC[*:2])c1
2460,C(CCCCCC[*:1])CCCCCC[*:2]
2461,C(CCCCCCC[*:2])CCCCCC[*:1]
2462,C(CCCCCCC[*:1])CCCCCCC[*:2]
2463,C(CC[*:1])CN1CCN(C[*:2])CC1
2464,C(CCN1CCN(C[*:2])CC1)CC[*:1]
2465,C(CCC[*:1])CCN1CCN(C[*:2])CC1
2466,C(CCCCCCO[*:2])CCCCCC[*:1]
2467,c1c([*:1])nnn1CCOCCOCCOCC[*:2]
2468,O=C(C1CCN(C2CCN([*:2])CC2)CC1)[*:1]
2469,O=C(CCOCCOCCOCCOCCOCCN[*:2])[*:1]
2470,O=C(CC[*:1])NCCN[*:2]
2471,O=C(CC[*:1])NCCCN[*:2]
2472,O=C(CC[*:1])NCCCCN[*:2]
2473,O=C(CC[*:1])NCCCCCN[*:2]
2474,O=C(CC[*:1])NCCCCCCN[*:2]
2475,O=C(CC[*:1])NCCCCCCCN[*:2]
2476,O=C(CC[*:1])NCCCCCCCCN[*:2]
2477,O=C(CC[*:1])NCCOCCN[*:2]
2478,O=C(CC[*:1])NCCOCCOCCN[*:2]
2479,O=C(CC[*:1])NCCOCCOCCOCCN[*:2]
2480,O=C(CC[*:1])NCCOCCOCCOCCOCCN[*:2]
2481,O=C(CC[*:1])NCCOCCOCCOCCOCCOCCN[*:2]
2482,O=C(CCC(=O)[*:1])N1CCN(CC#C[*:2])CC1
2483,O=C(CC(=O)[*:1])NCC#CCN1CCN(CC#C[*:2])CC1
2484,O=C(CCC(=O)[*:1])NCC#CCN1CCN(CC#C[*:2])CC1
2485,O=C(CCCC(=O)[*:1])NCC#CCN1CCN(CC#C[*:2])CC1
2486,O=C(CCCCC(=O)[*:1])NCC#CCN1CCN(CC#C[*:2])CC1
2487,O=C(CCCCCCC(=O)[*:1])NCC#CCN1CCN(CC#C[*:2])CC1
2488,O=C(/C=C/C(=O)[*:1])NCC#CCN1CCN(CC#C[*:2])CC1
2489,O=C(/C=C/C(=O)[*:1])N1CCN(CC#C[*:2])CC1
2490,O=C(NCC#CCN1CCN(CC#C[*:2])CC1)C1(C(=O)[*:1])CC1
2491,O=C(N1CCN(CC#C[*:2])CC1)C1(C(=O)[*:1])CC1
2492,O=C(NCC#CCN1CCN(CC#C[*:2])CC1)[C@@H]1CCCC[C@@H]1C(=O)[*:1]
2493,O=C([C@@H]1CCCC[C@@H]1C(=O)[*:1])N1CCN(CC#C[*:2])CC1
2494,O=C(NCC#CCN1CCN(CC#C[*:2])CC1)[C@H]1CC[C@H](C(=O)[*:1])CC1
2495,O=C([C@H]1CC[C@H](C(=O)[*:1])CC1)N1CCN(CC#C[*:2])CC1
2496,c1cc([*:1])ccc1OCCOCC[*:2]
2497,O=C(Cn1cc(CC[*:2])nn1)[*:1]
2498,O=C(Cn1cc(CCC[*:2])nn1)[*:1]
2499,O=C(Cn1cc(CCCC[*:2])nn1)[*:1]
2500,O=C(CCCCn1cc(CCCC[*:2])nn1)[*:1]
2501,O=C(CCCCCn1cc(CCCC[*:2])nn1)[*:1]
2502,O=C(CCCCCn1cc(CCCCC[*:2])nn1)[*:1]
2503,O=C(CCCCCn1cc(CCCCCCCC[*:2])nn1)[*:1]
2504,O=C(CCc1cn(CCOCCOCCOCCOCCOCC[*:2])nn1)[*:1]
2505,O=C(CCCc1cn(CCOCCOCCOCCOCCOCC[*:2])nn1)[*:1]
2506,O=C(CCCCc1cn(CCOCCOCCOCCOCCOCC[*:2])nn1)[*:1]
2507,O=C(CCCCCc1cn(CCOCCOCCOCCOCCOCC[*:2])nn1)[*:1]
2508,O=C(CCCCCCCCc1cn(CCOCCOCCOCCOCCOCC[*:2])nn1)[*:1]
2509,O=C(CCCCCCCCc1cn(CCOCCOCC[*:2])nn1)[*:1]
2510,O=C(CCCCCCCCc1cn(CCOCCOCCOCC[*:2])nn1)[*:1]
2511,O=C(CCCCCCCCc1cn(CCOCCOCCOCCOCC[*:2])nn1)[*:1]
2512,O=C(CCCCCCCCc1cn(CCOCCOCCOCCOCCOCCOCC[*:2])nn1)[*:1]
2513,O=C(CCCCCCCCc1cn(CCOCCOCCOCCOCCOCCOCCOCC[*:2])nn1)[*:1]
2514,c1c(CCCCCC[*:1])nnn1CCOCCOCCOCCOCCOCC[*:2]
2515,O=C(CCCCC(=O)[*:2])[*:1]
2516,O=C(CCCCCCCCC(=O)[*:2])[*:1]
2517,O=C(CCCCCCCCCCCC(=O)[*:2])[*:1]
2518,O=C(CCCCCCCCCCCCC(=O)[*:2])[*:1]
2519,O=C(C[*:1])NCCCCCNC(=O)C[*:2]
2520,O=C(C[*:1])NCCO[*:2]
2521,C(COCCOCCOCCOCCOCCOCCOCCOCCOCCOCC[*:2])N[*:1]
2522,CN(CCNC(=O)CCOCCOCCOCCOCC[*:2])[*:1]
2523,O=C(CC[*:2])N1CCC(CCCC(=O)N2CCN([*:1])CC2)CC1
2524,O=C(CCOCC[*:2])N1CCC(CCCC(=O)N2CCN([*:1])CC2)CC1
2525,O=C(CCOCCOCC[*:2])N1CCC(CCCC(=O)N2CCN([*:1])CC2)CC1
2526,O=C(CCOCCOCCOCCOCCOCCOCC[*:2])N1CCC(CCCC(=O)N2CCN([*:1])CC2)CC1
2527,C(#C[*:2])CCN1CCN([*:1])CC1
2528,O=C(CCCCCCCSC(=S)[*:1])[*:2]
2529,O=C(CCCCCCCCCSC(=S)[*:1])[*:2]
2530,O=C(CCC(=O)N[*:1])NCC[*:2]
2531,O=C(CCC(=O)N[*:1])NCCC[*:2]
2532,O=C(CCC(=O)N[*:1])NCCCC[*:2]
2533,O=C(CCC(=O)N[*:1])NCCCCC[*:2]
2534,O=C(CCC(=O)N[*:1])NCCCCCC[*:2]
2535,O=C(CCC(=O)N[*:1])NCCOCCOCC[*:2]
2536,O=C(CCCC(=O)N[*:1])NCC[*:2]
2537,O=C(CCCC(=O)N[*:1])NCCC[*:2]
2538,O=C(CCCC(=O)N[*:1])NCCCC[*:2]
2539,O=C(CCCC(=O)N[*:1])NCCCCC[*:2]
2540,O=C(CCCC(=O)N[*:1])NCCCCCC[*:2]
2541,O=C(CCCC(=O)N[*:1])NCCOCCOCC[*:2]
2542,O=C(COCC(=O)N[*:1])NCC[*:2]
2543,O=C(COCC(=O)N[*:1])NCCC[*:2]
2544,O=C(COCC(=O)N[*:1])NCCCC[*:2]
2545,O=C(COCC(=O)N[*:1])NCCCCC[*:2]
2546,O=C(COCC(=O)N[*:1])NCCCCCC[*:2]
2547,O=C(COCC(=O)N[*:1])NCCOCCOCC[*:2]
2548,O=C(/C=C/C(=O)N[*:1])NCC[*:2]
2549,O=C(/C=C/C(=O)N[*:1])NCCC[*:2]
2550,O=C(/C=C/C(=O)N[*:1])NCCCC[*:2]
2551,O=C(/C=C/C(=O)N[*:1])NCCCCC[*:2]
2552,O=C(/C=C/C(=O)N[*:1])NCCCCCC[*:2]
2553,O=C(/C=C/C(=O)N[*:1])NCCOCCOCC[*:2]
2554,O=C(CN1CCN([*:1])CC1)NCCNC(=O)C[*:2]
2555,O=C(CN1CCN([*:1])CC1)NCCCNC(=O)C[*:2]
2556,O=C(CN1CCN([*:1])CC1)NCCCCNC(=O)C[*:2]
2557,O=C(CN1CCN([*:1])CC1)NCCCCCCNC(=O)C[*:2]
2558,O=C(CN1CCN([*:1])CC1)NCCOCCNC(=O)C[*:2]
2559,O=C(CN1CCN([*:1])CC1)NCCOCCOCCNC(=O)C[*:2]
2560,O=C(CN1CCN([*:1])CC1)NCCOCCOCCOCCNC(=O)C[*:2]
2561,O=C(CN1CCN([*:1])CC1)NCCOCCOCCOCCOCCNC(=O)C[*:2]
2562,O=C(CCC(=O)N1CCN([*:1])CC1)NCCNC(=O)C[*:2]
2563,O=C(CCC(=O)N1CCN([*:1])CC1)NCCCNC(=O)C[*:2]
2564,O=C(CCC(=O)N1CCN([*:1])CC1)NCCCCNC(=O)C[*:2]
2565,O=C(CCC(=O)N1CCN([*:1])CC1)NCCCCCNC(=O)C[*:2]
2566,O=C(CCC(=O)N1CCN([*:1])CC1)NCCCCCCNC(=O)C[*:2]
2567,O=C(CCC(=O)N1CCN([*:1])CC1)NCCCCCCCNC(=O)C[*:2]
2568,O=C(CCC(=O)N1CCN([*:1])CC1)NCCOCCNC(=O)C[*:2]
2569,O=C(CCC(=O)N1CCN([*:1])CC1)NCCOCCOCCNC(=O)C[*:2]
2570,O=C(CCC(=O)N1CCN([*:1])CC1)NCCOCCOCCOCCNC(=O)C[*:2]
2571,O=C(CCC(=O)N1CCN([*:1])CC1)NCCOCCOCCOCCOCCNC(=O)C[*:2]
2572,O=C(C[*:2])NCCOCCn1cc(CCCCC(=O)N2CCN([*:1])CC2)nn1
2573,O=C(C[*:2])NCC(=O)N1CCN([*:1])CC1
2574,O=C(C[*:2])NCCC(=O)N1CCN([*:1])CC1
2575,O=C(C[*:2])NCCCC(=O)N1CCN([*:1])CC1
2576,O=C(C[*:2])NCCCCC(=O)N1CCN([*:1])CC1
2577,O=C(C[*:2])NCCCCCC(=O)N1CCN([*:1])CC1
2578,O=C(C[*:2])NCCCCCCC(=O)N1CCN([*:1])CC1
2579,O=C(C[*:2])NCCCCCCCC(=O)N1CCN([*:1])CC1
2580,O=C(C[*:2])NCCCCCCCCC(=O)N1CCN([*:1])CC1
2581,O=C(C[*:2])NCCCCCCCCCC(=O)N1CCN([*:1])CC1
2582,C1CN(CC[*:2])CCN1CC[*:1]
2583,c1c(C[*:1])nnn1C[*:2]
2584,O=C(C[*:2])OCCCO[*:1]
2585,O=C(C[*:2])OCCCCO[*:1]
2586,O=C(C[*:2])OCCCCCO[*:1]
2587,O=C(C[*:2])OCCCCCCO[*:1]
2588,C(CCCCCN[*:2])CCCCN[*:1]
2589,C(COCCN[*:2])N[*:1]
2590,C1CN([*:2])CCC1CN[*:1]
2591,C1CC2(CCN1[*:1])CCN([*:2])CC2
2592,CN(c1ccc(N2CCC(CN[*:1])CC2)cc1)[*:2]
2593,O=C(CN[*:2])NCCCCCCCC(=O)N[*:1]
2594,O=C(CCCC#C[*:2])NCCC[*:1]
2595,O=C(CCCCC#C[*:2])NCCC[*:1]
2596,O=C(CCCCCC#C[*:2])NCCC[*:1]
2597,O=C(CCCCCCC#C[*:2])NCCC[*:1]
2598,O=C(CCCCCCCC#C[*:2])NCCC[*:1]
2599,c1cc(OCCOCCOCCOCC[*:2])ccc1N[*:1]
2600,C1CN(CC2CN([*:2])C2)CCC1C[*:1]
2601,C1CN([*:2])CC1CN1CCC(C[*:1])CC1
2602,C1CN(CC2CN([*:2])C2)CCC1CC[*:1]
2603,C1CN(CC2CCN([*:2])C2)CCC1CC[*:1]
2604,C(CN1CCC(CC[*:1])CC1)C1CCN([*:2])CC1
2605,C1CN(CC2CN([*:2])C2)CCC1CN1CCC(C[*:1])CC1
2606,c1nn(C[*:2])cc1[*:1]
2607,O=C(Cn1cc([*:1])cn1)NC[*:2]
2608,O=C(Cn1cc([*:1])cn1)NCC[*:2]
2609,O=C(Cn1cc([*:1])cn1)NCCC[*:2]
2610,O=C(Cn1cc([*:1])cn1)NCCCC[*:2]
2611,O=C(Cn1cc([*:1])cn1)NCCCCC[*:2]
2612,O=C(Cn1cc([*:1])cn1)NCCCCCC[*:2]
2613,O=C(Cn1cc([*:1])cn1)NCCCCCCC[*:2]
2614,O=C(Cn1cc([*:1])cn1)NCCCCCCCC[*:2]
2615,O=C(Cn1cc([*:1])cn1)NCCCCCCCCCC[*:2]
2616,O=C(Cn1cc([*:1])cn1)NCCCn1cc([*:2])nn1
2617,O=C(Cn1cc([*:1])cn1)N1CCC(NC[*:2])CC1
2618,O=C(Cn1cc([*:1])cn1)N1CCC(NCC[*:2])CC1
2619,O=C(CCN[*:1])[*:2]
2620,O=C(CCCCCCC[*:2])NCCC[*:1]
2621,O=C(CCCCCCCC[*:2])NCCC[*:1]
2622,O=C(CCCCCCC[*:2])NCCC#Cc1cc([*:1])ccn1
2623,O=C(CCCCCCCC[*:2])NCCC#Cc1cc([*:1])ccn1
2624,O=C(CCC[*:2])NCCC#Cc1cc([*:1])ccn1
2625,O=C(CCCCC[*:2])NCCC#Cc1cc([*:1])ccn1
2626,O=C(CCCCCCCCC[*:2])NCCC#Cc1cc([*:1])ccn1
2627,O=C(CCCCCCCCCCC[*:2])NCCC#Cc1cc([*:1])ccn1
2628,O=C(COCCOCCOCC[*:2])NCCC#Cc1cc([*:1])ccn1
2629,O=C(COCCOCCOCCOCC[*:2])NCCC#Cc1cc([*:1])ccn1
2630,O=C(COCCOCCOCCOCCOCC[*:2])NCCC#Cc1cc([*:1])ccn1
2631,O=C(CCCCCCCCC[*:2])NCCCNc1cc([*:1])ccn1
2632,O=C(CCCCCCCCC[*:2])NCCC#Cc1cccc([*:1])c1
2633,O=C(CCCCCCCCC[*:2])NCCCCn1ccc([*:1])n1
2634,O=C(CC[*:2])NCCc1cc([*:1])ccn1
2635,O=C(CCCC[*:2])NCCc1cc([*:1])ccn1
2636,O=C(CCCCCC[*:2])NCCc1cc([*:1])ccn1
2637,O=C(CCCCCCCC[*:2])NCCc1cc([*:1])ccn1
2638,O=C(CCCCCCCCCC[*:2])NCCc1cc([*:1])ccn1
2639,O=C(CCCCCCCCCCCC[*:2])NCCc1cc([*:1])ccn1
2640,O=C(CCCCCCCCCC[*:2])NCCCNc1cc([*:1])ccn1
2641,CN(CCC#Cc1cc([*:1])ccn1)CCCCCCCCCC[*:2]
2642,C(#Cc1cc([*:1])ccn1)CCN1CCN(CCCCCCCC[*:2])CC1
2643,CN(CCC#Cc1cc([*:1])ccn1)CCCCCCCCCCC[*:2]
2644,C(#Cc1cc([*:1])ccn1)CCN1CCN(CCCCCCCCC[*:2])CC1
2645,O=C(CCOCCOCC[*:1])NCCN[*:2]
2646,O=C(CCCCCCCNC(=O)CO[*:2])NCCN1CCN(C[*:1])CC1
2647,O=C(CCCCNC(=O)CO[*:2])NCCN1CCN(C[*:1])CC1
2648,O=C(CO[*:2])NCCCCCCCNC(=O)[*:1]
2649,O=C(CCCCCCCCCN[*:1])[*:2]
2650,O=C(CCOCCN[*:1])[*:2]
2651,O=C(COCCCCCCCCCCN[*:1])[*:2]
2652,O=C(COCCCCCCCCCCCCN[*:1])[*:2]
2653,O=C(CCOCCOCCOCCOCCN[*:1])[*:2]
2654,O=C(CCOCCOCCOCCOCCO[*:2])[*:1]
2655,C(CN1CCC([*:2])CC1)N[*:1]
2656,C(CN[*:1])CN1CCC([*:2])CC1
2657,C(CCN1CCC([*:2])CC1)CN[*:1]
2658,C(CCN[*:1])CCN1CCC([*:2])CC1
2659,C(CCCN1CCC([*:2])CC1)CCN[*:1]
2660,c1cc(N[*:1])ccc1C[*:2]
2661,c1cc(NCCN[*:1])ccc1C[*:2]
2662,c1cc(NCCCN[*:1])ccc1C[*:2]
2663,c1cc(NCCCCN[*:1])ccc1C[*:2]
2664,c1cc(NCCCCCN[*:1])ccc1C[*:2]
2665,c1cc(NCCCCCCN[*:1])ccc1C[*:2]
2666,C(CN1CCC2(CCC([*:2])CC2)CC1)N[*:1]
2667,C(CN1CC2(CCC([*:2])CC2)C1)N[*:1]
2668,C(CN1CC(N2CCC([*:2])CC2)C1)N[*:1]
2669,C1CN([*:2])CCN1CC[*:1]
2670,O=C(CC[*:1])N1CC2(C1)CN([*:2])C2
2671,O=C(CCCOCCc1cn(CCCC(=O)[*:2])nn1)[*:1]
2672,O=C(CCCOCCc1cn(CCCCC(=O)[*:2])nn1)[*:1]
2673,O=C(CCCOCCc1cn(CCCCCC(=O)[*:2])nn1)[*:1]
2674,O=C(CCCCOCCc1cn(CCCC(=O)[*:2])nn1)[*:1]
2675,O=C(CCCCOCCc1cn(CCCCC(=O)[*:2])nn1)[*:1]
2676,O=C(CCCCOCCc1cn(CCCCCC(=O)[*:2])nn1)[*:1]
2677,O=C(CCCCCOCCc1cn(CCCC(=O)[*:2])nn1)[*:1]
2678,O=C(CCCCCOCCc1cn(CCCCC(=O)[*:2])nn1)[*:1]
2679,O=C(CCCCCOCCc1cn(CCCCCC(=O)[*:2])nn1)[*:1]
2680,C(CCCN1CCC(O[*:1])CC1)CCC[*:2]
2681,O=C(N1CCN(CCC#C[*:2])CC1)N1CCN(CC[*:1])CC1
2682,C(COCCOCCOCCOCCOCCOC[*:2])OCCOCCOCCOCCOCCOCC[*:1]
2683,O=C(CCC[*:2])NCCN1CCC2(CCN(C(=O)Cn3cc([*:1])cn3)CC2)OC1
2684,C1CN(CC2CCN([*:1])CC2)CCC1CC[*:2]
2685,c1cc(-c2ccc([*:2])cc2)ccc1N[*:1]
2686,O=C(CCC(=O)[*:1])NCCCCCCC[*:2]
2687,O=C(CCC(=O)[*:1])N1CCN(CCCCCC[*:2])CC1
2688,O=C(CCC(=O)[*:1])NCCOCCOCCOCC(=O)[*:2]
2689,O=C(CCC(=O)[*:1])N1CCC(CC2CCN([*:2])CC2)CC1
2690,O=C(CCC(=O)[*:1])NCCCCCCCCC#C[*:2]
2691,c1cc([*:1])cc(OCCOCCOCCOC[*:2])n1
2692,c1cc([*:1])cc(OCCOCCOCCOc2cc([*:2])on2)n1
2693,c1cc([*:1])cc(OCCN2CCN(CCOc3cc([*:2])on3)CC2)n1
2694,C[C@@H]1CN(CCOc2cc([*:2])on2)CCN1CCOc1cc([*:1])ccn1
2695,C[C@H]1CN(CCOc2cc([*:1])ccn2)CCN1CCOc1cc([*:2])on1
2696,c1cc([*:1])cc(O[C@H]2C[C@H](OC3CCN(CCOc4cc([*:2])on4)CC3)C2)n1
2697,c1cc([*:1])cc(O[C@H]2C[C@H](OC3CCN(CCN4CCN(c5cc([*:2])on5)CC4)CC3)C2)n1
2698,c1cc([*:1])cc(O[C@H]2C[C@H](CN3CCC(CN4CCN(c5cc([*:2])on5)CC4)CC3)C2)n1
2699,c1cc([*:1])cc(O[C@H]2C[C@H](OC3CCN(c4cc([*:2])on4)CC3)C2)n1
2700,c1cc([*:1])cc(O[C@H]2C[C@H](CN3CCN(c4cc([*:2])on4)CC3)C2)n1
2701,c1cc([*:1])cc(OC2CCN(CC3CCN(c4cc([*:2])on4)CC3)CC2)n1
2702,C(#Cc1ccc(O[C@H]2C[C@H](Oc3cc([*:1])ccn3)C2)cn1)COc1cc([*:2])on1
2703,O=C(CCCCCCC[*:1])NCCC[*:2]
2704,O=C(CC[*:1])N1CCN([*:2])CC1
2705,O=C(CCCC[*:1])N1CCN([*:2])CC1
2706,O=C(CCCCC[*:1])N1CCN([*:2])CC1
2707,O=C(CCCCCC[*:1])N1CCN([*:2])CC1
2708,O=C(CCCCCCCC[*:1])N1CCN([*:2])CC1
2709,O=C(c1ccc([*:1])cc1)N1CCN([*:2])CC1
2710,O=C(c1cccc([*:1])c1)N1CCN([*:2])CC1
2711,O=C(c1ccccc1[*:1])N1CCN([*:2])CC1
2712,NC(C[*:1])C(=O)N1CCN([*:2])CC1
2713,O=C(NCCC(=O)N1CCN([*:2])CC1)c1ccc([*:1])cc1
2714,O=C(NCCCCCC(=O)N1CCN([*:2])CC1)c1ccc([*:1])cc1
2715,C1CN([*:2])CCN1C[*:1]
2716,C1C[C@H]([*:2])CC[C@H]1C[*:1]
2717,C1CC2(CCN1C[*:2])CC([*:1])C2
2718,C1CC2(CCC1[*:1])CCN(C[*:2])CC2
2719,CN(CC1(C[*:1])CC1)C(=O)CC[*:2]
2720,CN(CC1(C[*:1])CC1)C(=O)CCCC[*:2]
2721,CN(CC1(C[*:1])CC1)C(=O)CCCCC[*:2]
2722,CN(CC1(C[*:1])CC1)C(=O)CCCCCC[*:2]
2723,CN(CC1(C[*:1])CC1)C(=O)COCC[*:2]
2724,CN(CC1(C[*:1])CC1)C(=O)CCOCC[*:2]
2725,CN(CC1(C[*:1])CC1)C(=O)CCOCCOCC[*:2]
2726,CN(CC1(C[*:1])CC1)C(=O)COCCCC[*:2]
2727,CN(CC1(C[*:1])CC1)C(=O)CCCCCCO[*:2]
2728,CN(CC1(C[*:1])CC1)C(=O)CCCOCC[*:2]
2729,CN(CC1(C[*:1])CC1)C(=O)CCCCCC#C[*:2]
2730,CN(CC1(C[*:1])CC1)C(=O)CCOCCC#C[*:2]
2731,CN(CC1(C[*:1])CC1)C(=O)CCCCCCN[*:2]
2732,CN(CC1(C[*:1])CC1)C(=O)C1CCN(CC[*:2])CC1
2733,CN(CC1(C[*:1])CC1)C(=O)C1CCN(C2CCC([*:2])CC2)CC1
2734,CN(CC1(C[*:1])CC1)C(=O)CCCOC1CCC([*:2])CC1
2735,CN(CC1(C[*:1])CC1)C(=O)CCCN(C)C1CCC([*:2])CC1
2736,CN(CC1(C[*:1])CC1)C(=O)CCC(=O)N(C)C1CCC([*:2])CC1
2737,CN(CC1(C[*:1])CC1)C(=O)CN1CCN(C2CCN([*:2])CC2)CC1
2738,CN(CC1(C[*:1])CC1)C(=O)CN1CCN(C2CN([*:2])C2)CC1
2739,CN(CC1(C[*:1])CC1)C(=O)CN1CCC(CN2CCN([*:2])CC2)CC1
2740,CN(CC1(C[*:1])CC1)C(=O)CN1CCC(OC2CCN([*:2])CC2)CC1
2741,CN(CC1(C[*:1])CC1)C(=O)C1CCC(N2CCN([*:2])CC2)CC1
2742,CN(CC1(C[*:1])CC1)C(=O)C1CCN(C2CCN([*:2])CC2)CC1
2743,CN(CC1(C[*:1])CC1)C(=O)C1CCN(C(=O)C2CCN([*:2])CC2)CC1
2744,CN(CC1(C[*:1])CC1)C(=O)C1CCC(NC2CCN([*:2])CC2)CC1
2745,CN(CC1(C[*:1])CC1)C(=O)C1CCC(OC2CCN([*:2])CC2)CC1
2746,O=C(C[*:2])Nc1ccc(CC[*:1])cc1
2747,O=C(CCC[*:2])Nc1ccc(CC[*:1])cc1
2748,O=C(CO[*:2])N1CCN(CC(=O)[*:1])CC1
401,O=C(NN=Cc1ccc(OC[*:2])cc1)[*:1]
402,O=C(NN=Cc1ccc(OCCC[*:2])cc1)[*:1]
403,O=C(NN=Cc1ccc(OCCCC[*:2])cc1)[*:1]
404,O=C(NN=Cc1ccc(OCCCCC[*:2])cc1)[*:1]
405,O=C(NN=Cc1ccc(OCCCCCC[*:2])cc1)[*:1]
406,O=C(NN=Cc1ccc(OCCCCCCC[*:2])cc1)[*:1]
407,O=C(NN=Cc1ccc(OCCOC[*:2])cc1)[*:1]
408,O=C(NN=Cc1ccc(OCCOCCOC[*:2])cc1)[*:1]
409,O=C(NN=Cc1ccc(OCCOCCOCCOC[*:2])cc1)[*:1]
410,O=C(NN=Cc1ccc(OCCOCCOCCOCCOC[*:2])cc1)[*:1]
411,O=C(NN=Cc1ccc(OCCOCCOCCOCCOCCOC[*:2])cc1)[*:1]
412,O=C(NN=Cc1ccc(OCCOCCOCCOCCOCCOCCOC[*:2])cc1)[*:1]
413,O=C(COc1ccc(C=NNC(=O)[*:1])cc1)NCC#C[*:2]
414,O=C(CCCOc1ccc(C=NNC(=O)[*:1])cc1)NCC#C[*:2]
415,O=C(CCCCOc1ccc(C=NNC(=O)[*:1])cc1)NCC#C[*:2]
416,O=C(CCCCCOc1ccc(C=NNC(=O)[*:1])cc1)NCC#C[*:2]
417,O=C(CCCCCCOc1ccc(C=NNC(=O)[*:1])cc1)NCC#C[*:2]
418,O=C(CCCCCCCOc1ccc(C=NNC(=O)[*:1])cc1)NCC#C[*:2]
419,O=C(COCCOc1ccc(C=NNC(=O)[*:1])cc1)NCC#C[*:2]
420,O=C(COCCOCCOc1ccc(C=NNC(=O)[*:1])cc1)NCC#C[*:2]
421,O=C(COCCOCCOCCOc1ccc(C=NNC(=O)[*:1])cc1)NCC#C[*:2]
422,O=C(COCCOCCOCCOCCOc1ccc(C=NNC(=O)[*:1])cc1)NCC#C[*:2]
423,O=C(COCCOCCOCCOCCOCCOc1ccc(C=NNC(=O)[*:1])cc1)NCC#C[*:2]
424,O=C(COCCOCCOCCOCCOCCOCCOc1ccc(C=NNC(=O)[*:1])cc1)NCC#C[*:2]
425,C(=NN[*:1])c1ccc(OC[*:2])cc1
426,C(=NN[*:1])c1ccc(OCCC[*:2])cc1
427,C(=NN[*:1])c1ccc(OCCCC[*:2])cc1
428,C(=NN[*:1])c1ccc(OCCCCC[*:2])cc1
429,C(=NN[*:1])c1ccc(OCCCCCC[*:2])cc1
430,C(=NN[*:1])c1ccc(OCCCCCCC[*:2])cc1
431,C(=NN[*:1])c1ccc(OCCOC[*:2])cc1
432,C(=NN[*:1])c1ccc(OCCOCCOC[*:2])cc1
433,C(=NN[*:1])c1ccc(OCCOCCOCCOC[*:2])cc1
434,C(=NN[*:1])c1ccc(OCCOCCOCCOCCOC[*:2])cc1
435,C(=NN[*:1])c1ccc(OCCOCCOCCOCCOCCOC[*:2])cc1
436,C(=NN[*:1])c1ccc(OCCOCCOCCOCCOCCOCCOC[*:2])cc1
693,CC(N[*:1])c1ccc(OCCOCC[*:2])cc1
738,O=C(c1ccc(N=Nc2ccc(OCC[*:1])cc2)cc1)[*:2]
739,O=C(c1ccc(N=Nc2ccc(OCCC[*:1])cc2)cc1)[*:2]
740,O=C(c1ccc(N=Nc2ccc(OCCCC[*:1])cc2)cc1)[*:2]
741,O=C(c1ccc(N=Nc2ccc(OCCCCC[*:1])cc2)cc1)[*:2]
742,O=C(c1ccc(N=Nc2ccc(OCCCCCC[*:1])cc2)cc1)[*:2]
743,O=C(c1cc(F)c(N=Nc2c(F)cc([*:2])cc2F)c(F)c1)[*:1]
744,COc1cc(N=N[*:2])cc(OC)c1OCC(=O)NCCN[*:1]
745,COc1cc(N=N[*:2])cc(OC)c1OCC(=O)NCCCN[*:1]
746,COc1cc(N=N[*:2])cc(OC)c1OCC(=O)NCCCCN[*:1]
747,COc1cc(N=N[*:2])cc(OC)c1OCC(=O)NCCCCCN[*:1]
748,COc1cc(N=N[*:2])cc(OC)c1OCC(=O)NCCCCCCN[*:1]
749,O=C(COc1ccc(N=N[*:2])cc1)NCCN[*:1]
750,O=C(COc1ccc(N=N[*:2])cc1)NCCCCN[*:1]
751,O=C(COc1ccc(N=N[*:2])cc1)NCCCCCCN[*:1]
752,O=C(CO[*:2])Nc1ccc(N=Nc2ccc(N[*:1])cc2)cc1
753,O=C(CO[*:2])Nc1ccc(N=Nc2ccc(CN[*:1])cc2)cc1
754,O=C(CO[*:2])Nc1ccc(N=Nc2ccc(CCN[*:1])cc2)cc1
755,O=C(CO[*:2])Nc1ccc2c(c1)CCc1cc(N[*:1])ccc1N=N2
756,COc1cc(N=N[*:2])cc(OC)c1OCC(=O)NCCCNC(=O)CO[*:1]
757,COc1cc(N=N[*:2])cc(OC)c1OCC(=O)NCCCCNC(=O)CO[*:1]
758,COc1cc(N=N[*:2])cc(OC)c1OCC(=O)NCCCCCNC(=O)CO[*:1]
759,COc1cc(N=N[*:2])cc(OC)c1OCC(=O)NCCCCCCNC(=O)CO[*:1]
760,O=C(COc1ccc(N=N[*:2])cc1)NCCNC(=O)CO[*:1]
761,O=C(CO[*:1])Nc1ccc(N=Nc2ccc(NC(=O)CO[*:2])cc2)cc1
762,C(COCC(COCCOCC[*:2])N[*:1])OCCOC[*:2]
763,C(COCC(COCC[*:2])N[*:1])OCCOC[*:2]
774,C(COC1CC(O[*:1])C1)CN1CCN([*:2])CC1
775,C1CN(CCN2CCN(C[*:2])CC2)CCC1OC1CC(O[*:1])C1
801,CC(C)(C)OC(=O)NC(CCn1cc(CCCC[*:1])nn1)C(=O)NCCCC[*:2]
802,[Cl-].[NH3+]C(CCn1cc(CCCC[*:1])nn1)C(=O)NCCCC[*:2]
874,C(COCC1CNCC(COC[*:2])C1)N[*:1]
1430,O=C(N1CCC(CN2CCC([*:1])C(F)C2)CC1)[*:2]
1437,O=C(C1CC([*:2])C1)N1CCN([*:1])CC1
1471,O=C(C1CCN([*:2])CC1)N1CCC(Oc2ccc([*:1])cc2)C1
1644,C1CC([*:2])CCC1CN1CC2(CCC([*:1])CC2)C1
1645,C1CC([*:2])CCC1CN1CCC2(CCC([*:1])CC2)CC1
1708,C(=C[*:2])[*:1]
1727,O=C(N1CC2CC1CN2C1CN([*:2])C1)[*:1]
1983,O=C(C1CCC([*:2])CC1)[*:1]
1994,O=C(C[*:1])NC1CC(C[*:2])C1
2072,CNC(=O)C(CN[*:1])NC(=O)CO[*:2]
2073,CNC(=O)C(Cc1ccc(CN[*:1])cc1)NC(=O)CO[*:2]
2130,O=C(CO[*:2])NCCOCCOCC(=O)NC(CCCCNC(=O)c1ccc2c(c1)C(=O)OC21c2ccc(O)cc2Oc2cc(O)ccc21)C(=O)NCCOCCOCC(=O)N[*:1]
2181,c1cc([*:1])cc(OC2CC(OC3CCN(CC4CCN([*:2])CC4)CC3)C2)n1
2182,c1cc([*:1])cc(OC2CC(OC3CCN(CC4CCN(c5cc([*:2])on5)CC4)CC3)C2)n1
2299,CC(C[*:1])OC[*:2]
2300,CC(CC[*:1])CC[*:2]
2317,O=C(C[*:1])NN=Cc1ccc(OC[*:2])cc1
2318,O=C(C[*:1])NN=Cc1ccc(OCCC[*:2])cc1
2319,O=C(C[*:1])NN=Cc1ccc(OCCCC[*:2])cc1
2320,O=C(C[*:1])NN=Cc1ccc(OCCCCC[*:2])cc1
2321,O=C(C[*:1])NN=Cc1ccc(OCCCCCC[*:2])cc1
2322,O=C(C[*:1])NN=Cc1ccc(OCCCCCCC[*:2])cc1
2323,O=C(C[*:1])NN=Cc1ccc(OCCOC[*:2])cc1
2324,O=C(C[*:1])NN=Cc1ccc(OCCOCCOC[*:2])cc1
2325,O=C(C[*:1])NN=Cc1ccc(OCCOCCOCCOC[*:2])cc1
2326,O=C(C[*:1])NN=Cc1ccc(OCCOCCOCCOCCOC[*:2])cc1
2327,O=C(C[*:1])NN=Cc1ccc(OCCOCCOCCOCCOCCOC[*:2])cc1
2328,O=C(C[*:1])NN=Cc1ccc(OCCOCCOCCOCCOCCOCCOC[*:2])cc1
2329,O=C(COCCOc1ccc(C=NNC(=O)C[*:1])cc1)NCC#C[*:2]
2330,O=C(COCCOCCOc1ccc(C=NNC(=O)C[*:1])cc1)NCC#C[*:2]
2331,O=C(COCCOCCOCCOc1ccc(C=NNC(=O)C[*:1])cc1)NCC#C[*:2]
2332,O=C(COCCOCCOCCOCCOc1ccc(C=NNC(=O)C[*:1])cc1)NCC#C[*:2]
2333,O=C(COCCOCCOCCOCCOCCOc1ccc(C=NNC(=O)C[*:1])cc1)NCC#C[*:2]
2334,O=C(COCCOCCOCCOCCOCCOCCOc1ccc(C=NNC(=O)C[*:1])cc1)NCC#C[*:2]
2335,O=C(COc1ccc(C=NNC(=O)C[*:1])cc1)NCC#C[*:2]
2336,O=C(COc1ccc(C=NNC(=O)C[*:1])cc1)NCCCC#C[*:2]
2337,O=C(COc1ccc(C=NNC(=O)C[*:1])cc1)NCCCCC#C[*:2]
2338,O=C(COc1ccc(C=NNC(=O)C[*:1])cc1)NCCCCCC#C[*:2]
2339,O=C(COc1ccc(C=NNC(=O)C[*:1])cc1)NCCCCCCC#C[*:2]
2340,O=C(COc1ccc(C=NNC(=O)C[*:1])cc1)NCCCCCCCC#C[*:2]
2350,Cc1nn(CC(=O)NCCO[*:2])c(C)c1N=Nc1ccc(CN[*:1])cc1
2351,Cc1nn(CC(=O)[*:1])c(C)c1N=Nc1ccc(CNC(=O)CCC(=O)N[*:2])cc1
2364,C1CC(C[*:2])CCC1C[*:1]
2368,C1CC(C[*:2])CCC1CO[*:1]
2391,O=C(CC=NOCC(=O)NCCOCCOC[*:1])NCCOC[*:2]
2392,C(CN[*:1])=NOC[*:2]
2488,O=C(C=CC(=O)[*:1])NCC#CCN1CCN(CC#C[*:2])CC1
2489,O=C(C=CC(=O)[*:1])N1CCN(CC#C[*:2])CC1
2492,O=C(NCC#CCN1CCN(CC#C[*:2])CC1)C1CCCCC1C(=O)[*:1]
2493,O=C(C1CCCCC1C(=O)[*:1])N1CCN(CC#C[*:2])CC1
2494,O=C(NCC#CCN1CCN(CC#C[*:2])CC1)C1CCC(C(=O)[*:1])CC1
2495,O=C(C1CCC(C(=O)[*:1])CC1)N1CCN(CC#C[*:2])CC1
2548,O=C(C=CC(=O)N[*:1])NCC[*:2]
2549,O=C(C=CC(=O)N[*:1])NCCC[*:2]
2550,O=C(C=CC(=O)N[*:1])NCCCC[*:2]
2551,O=C(C=CC(=O)N[*:1])NCCCCC[*:2]
2552,O=C(C=CC(=O)N[*:1])NCCCCCC[*:2]
2553,O=C(C=CC(=O)N[*:1])NCCOCCOCC[*:2]
2694,CC1CN(CCOc2cc([*:2])on2)CCN1CCOc1cc([*:1])ccn1
2695,CC1CN(CCOc2cc([*:1])ccn2)CCN1CCOc1cc([*:2])on1
2696,c1cc([*:1])cc(OC2CC(OC3CCN(CCOc4cc([*:2])on4)CC3)C2)n1
2697,c1cc([*:1])cc(OC2CC(OC3CCN(CCN4CCN(c5cc([*:2])on5)CC4)CC3)C2)n1
2698,c1cc([*:1])cc(OC2CC(CN3CCC(CN4CCN(c5cc([*:2])on5)CC4)CC3)C2)n1
2699,c1cc([*:1])cc(OC2CC(OC3CCN(c4cc([*:2])on4)CC3)C2)n1
2700,c1cc([*:1])cc(OC2CC(CN3CCN(c4cc([*:2])on4)CC3)C2)n1
2702,C(#Cc1ccc(OC2CC(Oc3cc([*:1])ccn3)C2)cn1)COc1cc([*:2])on1
2716,C1CC([*:2])CCC1C[*:1]
2749,O=C(CC(=O)[*:2])[*:1]
2750,O=C(CCC(=O)[*:2])[*:1]
2751,O=C(CCCCC(=O)[*:2])[*:1]
2752,O=C(CCCCCCC(=O)[*:2])[*:1]
2753,O=C(CCCCC[*:1])[*:2]
2754,O=C(CCCCCCC[*:1])[*:2]
2755,O=C(CCOCCC(=O)[*:2])[*:1]
2756,O=C(COCCCOCC(=O)[*:2])[*:1]
2757,O=C(COCCOCC[*:1])[*:2]
2758,O=C(CCCCN[*:2])[*:1]
2759,O=C(CCCCCCN[*:2])[*:1]
2760,C(CN[*:2])C[*:1]
2761,C(CC[*:1])CN[*:2]
2762,O=C(COCCOCCN[*:2])[*:1]
2763,O=C(COCCOCCOCCOCCN[*:2])[*:1]
2764,S=C(NCCOCCOCCN[*:2])[*:1]
2765,C(COCCOCC[*:1])N[*:2]
2766,C(CCCCCN[*:2])CCCCC[*:1]
2767,O=C(CCCCCCCC[*:1])[*:2]
2768,O=C(CCOCCOCCOCC#C[*:1])[*:2]
2769,C(#C[*:1])COCCOCCOCCO[*:2]
2770,O=C(CCC#C[*:1])[*:2]
2771,O=C(CCCC#C[*:1])[*:2]
2772,O=C(c1cnc(N2CCC3(CCN(CC#C[*:1])CC3)CC2)nc1)[*:2]
2773,c1c(COCCOCCOCC[*:1])nnn1CCOCCOCCOCCOCCOCCN[*:2]
2774,O=C(CCCCCn1cc(COCCOCCOCC[*:1])nn1)[*:2]
2775,O=C(COCCOCCOCC[*:1])[*:2]
2776,O=C(COCCOCCOCCOCCO[*:1])[*:2]
2777,O=C(COCCOCCOCCOCCOCCOCC[*:1])[*:2]
2778,O=C(CCCCN1CCN([*:1])CC1)[*:2]
2779,O=C(CN[*:2])NCCOCCOC[*:1]
2780,O=C(CCC(=O)N1CCN([*:1])CC1)NCCCOCCOCCOCCCNC(=O)CO[*:2]
2781,O=C(CO[*:2])NCCCCCCCCNC(=O)CN1CCN([*:1])CC1
2782,O=C(CN[*:2])NCCOCCO[*:1]
2783,O=C(CCC(=O)N1CCN([*:1])CC1)NCCCCCCCCNC(=O)CO[*:2]
2784,O=C(CO[*:2])NCCCCNC(=O)CN1CCN([*:1])CC1
2785,O=C(CO[*:2])NCCCOCCOCCOCCCNC(=O)CN1CCN([*:1])CC1
2786,O=C(CN[*:2])NCCOCCOCCN1CCN([*:1])CC1
2787,O=C(CN[*:2])NCCOCCOCCO[*:1]
2788,C(COCCOC[*:1])N[*:2]
2789,O=C(COCCCCO[*:1])[*:2]
2790,O=C(COCCOCCO[*:1])[*:2]
2791,O=C(CCCCCOCCO[*:1])[*:2]
2792,O=C(COCCCOCCCO[*:1])[*:2]
2793,O=C(COCCOCCOCCO[*:1])[*:2]
2794,O=C(COCCCOCCCCCO[*:1])[*:2]
2795,O=C(COCCOCCOCCCCO[*:1])[*:2]
2796,O=C(COCCCOCCCCOCCCO[*:1])[*:2]
2797,O=C(CCCCCOCCCCOCCCCO[*:1])[*:2]
2798,O=C(COCCOCCOCCOCCOCCO[*:1])[*:2]
2799,O=C(COCCOCCCCOCCCCOCCO[*:1])[*:2]
2800,O=C(CCOCCCOCCCOCCCOCCCO[*:1])[*:2]
2801,O=C(COCCOCCCCOCCCCOCCOCCO[*:1])[*:2]
2802,O=C(COCCCCCOCCCCOCCCCOCCCCOCCCCCO[*:1])[*:2]
2803,O=C(CO[*:2])NCCCCn1cc([*:1])nn1
2804,O=C(COCCOCCOCCOC[*:1])[*:2]
2805,O=C(CCOC[*:1])[*:2]
2806,O=C(COCCCCOCCCC[*:1])[*:2]
2807,O=C(CCC(=O)[*:1])NCCCCNC(=O)CO[*:2]
2808,O=C(CCCCCOCCOCCOCCCCC[*:1])[*:2]
2809,O=C(COCCOCCCCC[*:1])[*:2]
2810,O=C(COCCOCCOCCOCCOCCOCCCCC[*:1])[*:2]
2811,O=C(CCCCCOCCCCCOCCCCC[*:1])[*:2]
2812,C(CCCO[*:2])CCN[*:1]
2813,O=C(N1CCC(C2CCN([*:1])CC2)CC1)[*:2]
2814,C(COCCOCC[*:2])N[*:1]
2815,C(CCCC[*:2])CCCN[*:1]
2816,O=C(COCCOCCOCCN[*:1])[*:2]
2817,C(COCCOCCOCCN[*:2])N[*:1]
2818,c1cc(C[*:1])ccc1CCO[*:2]
2819,c1cc(OCCO[*:2])ccc1C[*:1]
2820,O=C(CCC(=O)[*:1])NCCN[*:2]
2821,O=C(CCC(=O)[*:1])NCCCCN[*:2]
2822,O=C(CCC(=O)[*:1])NCCCCCCN[*:2]
2823,O=C(CCC(=O)[*:1])NCCCCCCNC(=O)CO[*:2]
2824,O=C(CCC(=O)[*:1])NCCCOCCOCCOCCNC(=O)CO[*:2]
2825,O=C(CCC(=O)[*:1])NCC[*:2]
2826,Cc1ncsc1-c1ccc([C@H](CC(=O)N2CCC(N3CCC(C#[*:1])CC3)CC2)N[*:2])cc1
2826,Cc1ncsc1-c1ccc(C(CC(=O)N2CCC(N3CCC(C#[*:1])CC3)CC2)N[*:2])cc1
2827,Cc1ncsc1-c1ccc([C@H](CC(=O)N2CCC(C#[*:1])CC2)N[*:2])cc1
2827,Cc1ncsc1-c1ccc(C(CC(=O)N2CCC(C#[*:1])CC2)N[*:2])cc1
2828,O=C(CCCc1cn(CCOCCN[*:2])nn1)[*:1]
2829,C(COCC[*:2])OCC[*:1]
2830,O=C(CO[*:2])NCCOCCOCCOCC[*:1]
2831,C(COCCOCCOCCOCCOCCN[*:2])N[*:1]
2832,c1c(CN[*:2])nnn1C[*:1]
2833,c1c(CN[*:2])nnn1CCOC[*:1]
2834,c1c(CN[*:2])nnn1CCOCCOC[*:1]
2835,c1c(CN[*:2])nnn1CCOCCOCCOC[*:1]
2836,c1c(COCCO[*:2])nnn1CCN[*:1]
2837,c1c(COCCOCCOCCO[*:2])nnn1CCN[*:1]
2838,O=C(COCc1cn(CCN[*:1])nn1)[*:2]
2839,O=C(COCCOCc1cn(CCN[*:1])nn1)[*:2]
2840,O=C(COCCOCCOCc1cn(CCN[*:1])nn1)[*:2]
2841,O=C(COCCOCCOCCOCc1cn(CCN[*:1])nn1)[*:2]
2842,O=C(COCCOCCOCCOCCOCc1cn(CCN[*:1])nn1)[*:2]
2843,c1c([*:1])nnn1CCCCCO[*:2]
2844,c1c([*:1])nnn1CCCCCCCCO[*:2]
2845,O=C(COCCOCCOCCN[*:1])N[C@H](Cc1ccccc1)C(=O)[*:2]
2845,O=C(COCCOCCOCCN[*:1])NC(Cc1ccccc1)C(=O)[*:2]
2846,C(CCCS[*:2])CCN[*:1]
2847,C(COCCS[*:2])N[*:1]
2848,C(CN[*:1])COCCCS[*:2]
2849,C(CCS[*:2])COCCN[*:1]
2850,C(COCCOCCS[*:2])N[*:1]
2851,CN(CCCN(C)[*:1])c1ccc(CCCO[*:2])cc1
2852,O=C(COc1ccc(OCCN[*:1])cc1)[*:2]
2853,O=C(c1cn(CCOCCOCCOCCN[*:2])nn1)[*:1]
2854,O=C(COCCOCCOCCOCCOCCN[*:2])[*:1]
2855,O=C(COCCOCCOCCOCCOCCOCCN[*:2])[*:1]
2856,O=C(CCOCCOCCOCCOCCOCCC(=O)[*:2])[*:1]
2857,O=C(CCOCCOCCOCCOCCOCCOCCC(=O)[*:2])[*:1]
2858,c1c(C[*:1])nnn1CCOCCOCCOCCN[*:2]
2859,C(COCCN[*:2])N[*:1]
2860,C(COCCOCCOCCOCCN[*:2])N[*:1]
2861,c1c(C[*:1])nnn1CCCCCN[*:2]
2862,c1c(C[*:1])nnn1CCCCCCN[*:2]
2863,C(#C[*:2])CCCCCn1cc(C[*:1])nn1
2864,O=C(CCC(=O)[*:2])NCCOCCn1cc(C[*:1])nn1
2865,O=C(CCC(=O)[*:2])NCCOCCOCCn1cc(C[*:1])nn1
2866,O=C(CCC(=O)[*:2])NCCOCCOCCOCCn1cc(C[*:1])nn1
2867,O=C(CCC(=O)[*:2])NCCOCCOCCOCCOCCn1cc(C[*:1])nn1
2868,O=C(CCCCOCCOCCOCCN[*:2])[*:1]
2869,O=C(CCCCOCCCCCOCCCCCCN[*:2])[*:1]
2870,O=C(CCCCCOCCCCCCOCCCCCCN[*:2])[*:1]
2871,O=C(CCCCCOCCCCOCCCCOCCCCN[*:2])[*:1]
2872,O=C(CCCCCOCCOCCOCCOCCOCCOCCCCCCN[*:2])[*:1]
2873,O=C(CCCCCOCCCCOCCCCOCCCCOCCCCCCN[*:2])[*:1]
2874,O=C(COCCOCCN[*:1])NCCOCCO[*:2]
2875,O=C(CCOCCOCCN[*:1])NCCOCCOCC(=O)NCCOCCO[*:2]
2876,O=C(CCC(=O)[*:2])NCCOCCOCCOCCn1cc([*:1])nn1
2877,O=C(CCOCCO[*:1])[*:2]
2878,Cc1ncsc1-c1ccc(C(CC(=O)N2CCC(N3CCC(C#[*:1])CC3)CC2)N[*:2])cc1
2879,O=C(CCCCCO[*:1])[*:2]
2880,O=C(CCCCCCO[*:1])[*:2]
2881,O=C(CCCCCCCO[*:1])[*:2]
2882,O=C(CCCCCCn1cc(CO[*:1])nn1)[*:2]
2883,O=C(CCCCCCCn1cc(CO[*:1])nn1)[*:2]
2884,O=C(CCCCCCCCCn1cc(CO[*:1])nn1)[*:2]
2885,O=C(COCCOCCOCC[*:1])NCCN[*:2]
2886,O=C(COCCOCCOCCOCCOCC[*:1])[*:2]
2887,O=C(COCCOCCOCCCCCC[*:1])[*:2]
2888,O=C(COCCOCCOCCOCCCCCC[*:1])[*:2]
2889,O=C(COCCCCCCOCCCCCC[*:1])[*:2]
2890,O=C(CCCn1cc(COCCOCCN[*:2])nn1)[*:1]
2891,C(CN[*:1])C[*:2]
2892,C(CCN[*:1])CC[*:2]
2893,C(CCCN[*:1])CCC[*:2]
2894,C(COCC[*:2])N[*:1]
2895,C(CCOCCCN[*:2])COCCCN[*:1]
2896,C(CN[*:1])COCCOCCOCCCN[*:2]
2897,O=C(CCN[*:1])C[*:2]
2898,C(CCN[*:1])CCN[*:2]
2899,C(COCC[*:1])OCCON[*:2]
2900,O=C(CCCCCCCCC(=O)[*:2])[*:1]
2901,O([*:1])[*:2]
2902,C(C[*:1])N[*:2]
2903,O=C(CCCCn1cc(COCCC(=O)[*:2])nn1)NCCN1CCN(C[*:1])CC1
2904,O=C(CCCCn1cc(COCCC(=O)[*:2])nn1)NCCCC(=O)[*:1]
2905,C(CN[*:2])COCCOCCC[*:1]
2906,C(CCOCCC[*:1])COCCCN[*:2]
2907,C(CN[*:2])COCCOCCOCCC[*:1]
2908,O=C(NCCOCCOCCN[*:1])[*:2]
2909,O=C(CCCCCC#C[*:2])[*:1]
2910,C(CCCN[*:1])CCCN[*:2]
2911,O=C(CCN[*:1])[*:2]
2912,O=C(CCCCCN[*:1])[*:2]
2913,O=C(CCCCCCCN[*:1])[*:2]
2914,O=C(CCCCCCCCCN[*:1])[*:2]
2915,O=C(CCCCCCCCCCCN[*:1])[*:2]
2916,O=C(CCOCCOCCN[*:1])[*:2]
2917,Cc1ncsc1-c1ccc([C@H](CC(=O)NCCCCCCCCCN[*:1])N[*:2])cc1
2917,Cc1ncsc1-c1ccc(C(CC(=O)NCCCCCCCCCN[*:1])N[*:2])cc1
2918,C(C1CCN(C2CCN([*:2])CC2)CC1)#[*:1]
2919,O=C(CCN[*:1])NCCOCCOCCN[*:2]
2920,O=C(CCN[*:1])NCCOCCOCCOCCOCCN[*:2]
2921,O=C(CCOCCOCCOCCn1cc(CCCN[*:1])nn1)[*:2]
2922,O=C(CCOCCOCCOCCn1cc(CCOCCOCCOCCN[*:1])nn1)[*:2]
2923,C(COCCOCCOCCOCCO[*:2])N[*:1]
2924,C(CCCCCCN[*:2])CCCCCN[*:1]
2925,CN(CCCN[*:1])CCCN[*:2]
2926,C(CN1CCN(CCN[*:2])CC1)N[*:1]
2927,C(CN[*:1])CN1CCN(CCCN[*:2])CC1
2928,C(CCN1CCN(CCCCN[*:2])CC1)CN[*:1]
2929,C(COCCN[*:1])CN1CCN(CCOCCN[*:2])CC1
2930,O=C(CCCCCCCCN[*:2])[*:1]
2931,O=C(CN[*:2])NCCCCCCCCCCC(=O)[*:1]
2932,O=C(CN[*:2])NCCCC[*:1]
2933,O=C(CC[*:1])NCCN[*:2]
2934,O=C(CC[*:1])NCCCCN[*:2]
2935,O=C(CC[*:1])NCCCCCCN[*:2]
2936,O=C(CC[*:1])NCCOCOCOCC(=O)[*:2]
2937,O=C(CC[*:1])NCCOCOCOCOCC(=O)[*:2]
2938,O=C(CO[*:1])NCCOCOCOCC(=O)[*:2]
2939,CC(C)(/C=C(\C#N)C(=O)[*:1])CCCOCCOCCOCCOCCO[*:2]
2939,CC(C)(C=C(C#N)C(=O)[*:1])CCCOCCOCCOCCOCCO[*:2]
2940,O=C(CCCCCCOCCOCCOCCOCCO[*:2])[*:1]
2941,C(COCCOCCO[*:2])OCCOCCOC[*:1]
2942,N#C/C(=C\CCCCOCCOCCOCCOCCO[*:2])C(=O)[*:1]
2942,N#CC(=CCCCCOCCOCCOCCOCCO[*:2])C(=O)[*:1]
2943,N#C/C(=C\COCCOCCOCCOCCOCCO[*:2])C(=O)[*:1]
2943,N#CC(=CCOCCOCCOCCOCCOCCO[*:2])C(=O)[*:1]
2944,O=C(COCn1cc(C[*:1])nn1)[*:2]
2945,O=C(COCCOCOCCn1cc(C[*:1])nn1)[*:2]
2946,O=C(COCCOCOCOCCn1cc(C[*:1])nn1)[*:2]
2947,O=C(COCCOCCOC[*:1])[*:2]
2948,O=C(COCCOCCOCCOCCNC[*:1])[*:2]
2949,O=C(CCCCCCCCCCC(=O)[*:2])[*:1]
2950,O=C(CC(=O)[*:1])NCCC(=O)[*:2]
2951,O=C(CC(=O)[*:1])NCCCC(=O)[*:2]
2952,O=C(CC(=O)[*:1])NCCCCC(=O)[*:2]
2953,O=C(CC(=O)[*:1])NCCCCCC(=O)[*:2]
2954,O=C(CC(=O)[*:1])NCCCCCCC(=O)[*:2]
2955,O=C(CC(=O)[*:1])NCCCCCCCC(=O)[*:2]
2956,O=C(CC(=O)[*:1])NCCCCCCCCC(=O)[*:2]
2957,O=C(CC(=O)[*:1])NCCCCCCCCCC(=O)[*:2]
2958,O=C(CC(=O)[*:1])NCCCCCCCCCCC(=O)[*:2]
2959,O=C(CC(=O)[*:1])NCCCCCCCCCCCC(=O)[*:2]
2960,O=C(CCC(=O)[*:1])NCCCCCCCCCCC(=O)[*:2]
2961,O=C(CCC(=O)[*:1])NCCCCCCCCCCCC(=O)[*:2]
2962,O=C(CCCC(=O)[*:1])NCCCCCCCCCCCC(=O)[*:2]
2963,O=C(CCC(=O)NCCOCCOCCOCC(=O)[*:2])CCC(=O)[*:1]
2964,O=C(CCC(=O)NCCOCCOCCOCCC(=O)[*:2])CCC(=O)[*:1]
2965,O=C(CCC(=O)NCCOCCOCCOCCOCCC(=O)[*:2])CCC(=O)[*:1]
2966,O=C(CN1CCN(CCCCCCCCCCC(=O)[*:2])CC1)[*:1]
2967,O=C(CN1CCN(CCCCCCCCCCCC(=O)[*:2])CC1)[*:1]
2968,O=C(CCC(=O)[*:1])N1CCN(CCCCCCCCC(=O)[*:2])CC1
2969,O=C(CCC(=O)[*:1])N1CCN(CCCCCCCCCC(=O)[*:2])CC1
2970,O=C(CCC(=O)[*:1])N1CCN(CCCCCCCC(=O)[*:2])CC1
2971,O=C(CCC(=O)[*:1])NCCCCN1CCN(CCCCC(=O)[*:2])CC1
2972,O=C(Cn1cc(CCO[*:1])nn1)[*:2]
2973,O=C(Cn1cc(CCCO[*:1])nn1)[*:2]
2974,O=C(Cn1cc(CCCCCO[*:1])nn1)[*:2]
2975,O=C(Cn1cc(COCCO[*:1])nn1)[*:2]
2976,O=C(COCCOCCOCC(=O)[*:1])NCCN[*:2]
2977,O=C(COCCOCCOCCOCCOCC(=O)[*:1])NCCN[*:2]
2978,O=C(COCCCCCOCCOCCCCCOCC(=O)[*:1])NCCN[*:2]
2979,O=C(COCCCCCCOCC(=O)[*:1])NCCN[*:2]
2980,O=C(COCCOCCOCCOCCOCCOCC(=O)[*:1])NCCN[*:2]
2981,O=C(COCCOCCOCCOCCOCCOCCOCCOCCOCC(=O)[*:1])NCCN[*:2]
2982,O=C(COCCOCCOCCOCC(=O)[*:1])NCCN[*:2]
2983,O=C(COCCOCCOCCOCCOCC[*:1])NCCN[*:2]
2984,O=C(CCCC[*:1])NCCN[*:2]
2985,O=C(COCCOCCOCCS[*:2])NCC[*:1]
2986,O=C(COCCOCCOCCOCCOCCS[*:2])NCC[*:1]
2987,O=C(CCCCS[*:2])NCC[*:1]
2988,COc1cc(/N=N/[*:2])cc(OC)c1OCC(=O)NCCN[*:1]
2988,COc1cc(N=N[*:2])cc(OC)c1OCC(=O)NCCN[*:1]
2989,O=C(CO[*:2])Nc1ccc(/N=N/c2ccc(CN[*:1])cc2)cc1
2989,O=C(CO[*:2])Nc1ccc(N=Nc2ccc(CN[*:1])cc2)cc1
2990,O=C(CO[*:2])Nc1ccc2c(c1)CCc1cc(N[*:1])ccc1/N=N\2
2990,O=C(CO[*:2])Nc1ccc2c(c1)CCc1cc(N[*:1])ccc1N=N2
2991,COc1cc(/N=N/[*:2])cc(OC)c1OCC(=O)NCCCCNC(=O)CO[*:1]
2991,COc1cc(N=N[*:2])cc(OC)c1OCC(=O)NCCCCNC(=O)CO[*:1]
2992,O=C(c1ccc(/N=N/c2ccc([*:1])cc2)cc1)[*:2]
2992,O=C(c1ccc(N=Nc2ccc([*:1])cc2)cc1)[*:2]
2993,c1c(CN[*:2])nnn1CCCCCO[*:1]
2994,O=C(CCCCc1cn(CCO[*:1])nn1)[*:2]
2995,O=C(CCCCc1cn(CCCO[*:1])nn1)[*:2]
2996,O=C(CCCCc1cn(CCCCO[*:1])nn1)[*:2]
2997,O=C(CCCCc1cn(CCCCCO[*:1])nn1)[*:2]
2998,O=C(CCCCc1cn(CCCCCCO[*:1])nn1)[*:2]
2999,O=C(CCCCc1cn(CCCCCCCO[*:1])nn1)[*:2]
3000,O=C(CCCCc1cn(CCCCCCCCO[*:1])nn1)[*:2]
3001,O=C(CCCCc1cn(CCCCCCCCCO[*:1])nn1)[*:2]
3002,O=C(CCCCc1cn(CCCCCCCCCCO[*:1])nn1)[*:2]
3003,O=C(CCCCc1cn(CCCCCCCCCCCO[*:1])nn1)[*:2]
3004,O=C(CCCCc1cn(CCCCCCCCCCCCO[*:1])nn1)[*:2]
3005,O=C(CCc1cn(CCCO[*:1])nn1)[*:2]
3006,O=C(CCCc1cn(CCCO[*:1])nn1)[*:2]
3007,O=C(CCCCc1cn(CCOCCO[*:1])nn1)[*:2]
3008,O=C(CCCCc1cn(CCOCCOCCO[*:1])nn1)[*:2]
3009,O=C(COCCOC[*:1])[*:2]
3010,O=C(CCOCCC[*:1])[*:2]
3011,O=C(CCOCCOC[*:1])[*:2]
3012,O=C(COCCC[*:1])[*:2]
3013,c1c([*:1])nnn1CCOCCN[*:2]
3014,O=C(CO[*:2])NCCCCCCCC[*:1]
3015,O=C(CO[*:2])NCCC[*:1]
3016,O=C(CN[*:2])NCC[*:1]
3017,c1c(CN[*:1])nnn1CCOCCN[*:2]
3018,c1c(CN[*:1])nnn1CCOCCOCCN[*:2]
3019,c1c(CN[*:1])nnn1CCOCCOCCOCCN[*:2]
3020,O=C(CO[*:2])NCCOCCOCCOCCN[*:1]
3021,C(CCCC[*:1])CCCN[*:2]
3022,O=C(CCOCCOCCN[*:2])[*:1]
3023,O=C(CCOCCOCCOCCOCCN[*:2])[*:1]
3024,O=C(CCOCCOCC[*:1])[*:2]
3025,O=C(COCCOCCOCCN[*:2])NCCCO[*:1]
3026,O=C(CCN[*:2])NCCC(=O)[*:1]
3027,O=C(CCN[*:2])NCCCCC(=O)[*:1]
3028,O=C(CCN[*:2])NCCCCCCC(=O)[*:1]
3029,O=C(COCCn1cc(CN[*:1])nn1)[*:2]
3030,O=C(COCCOCCn1cc(CN[*:1])nn1)[*:2]
3031,O=C(COCCOCCOCCn1cc(CN[*:1])nn1)[*:2]
3032,O=C(COCCOCCOCCOCCn1cc(CN[*:1])nn1)[*:2]
3033,O=C(CCC(=O)[*:1])NCCCCCC(=O)[*:2]
3034,O=C(CCCCCNP(=O)(O)[*:1])[*:2]
3035,O=C(CCOCCOCCOCCNP(=O)(O)[*:1])[*:2]
3036,O=C(CCOCCOCCOCCOCCOCCOCCOCCNP(=O)(O)[*:1])[*:2]
3037,O=C(CCOCCOCCN[*:2])NCC[*:1]
3038,c1c(CCCO[*:1])nnn1CCOCCOCCOCCOCCN[*:2]
3039,c1c(CCCO[*:1])nnn1CCOCCN[*:2]
3040,c1c(CCCCO[*:1])nnn1CCOCCN[*:2]
3041,c1c(CCCCCO[*:1])nnn1CCOCCN[*:2]
3042,c1c(CCCO[*:1])nnn1CCOCCOCCN[*:2]
3043,c1c(CCCCO[*:1])nnn1CCOCCOCCN[*:2]
3044,c1c(CCCCCO[*:1])nnn1CCOCCOCCN[*:2]
3045,c1c(CCCO[*:1])nnn1CCOCCOCCOCCN[*:2]
3046,c1c(CCCCO[*:1])nnn1CCOCCOCCOCCN[*:2]
3047,c1c(CCCCCO[*:1])nnn1CCOCCOCCOCCN[*:2]
3048,c1c(CCCCO[*:1])nnn1CCOCCOCCOCCOCCN[*:2]
3049,c1c(CCCCCO[*:1])nnn1CCOCCOCCOCCOCCN[*:2]
3050,c1c(CCCO[*:1])nnn1CCOCCOCCOCCOCCOCCN[*:2]
3051,c1c(CCCCCO[*:1])nnn1CCOCCOCCOCCOCCOCCN[*:2]
3052,c1c(CO[*:1])nnn1CCCCCCCN[*:2]
3053,c1c(CCCO[*:1])nnn1CCCCCCN[*:2]
3054,c1c(CCCO[*:1])nnn1CCCCCCCN[*:2]
3055,c1c(CCCCO[*:1])nnn1CCCCCCCN[*:2]
3056,c1c(CCCCCO[*:1])nnn1CCCCCCCN[*:2]
3057,c1c(CCCCCCO[*:1])nnn1CCCCCCCN[*:2]
3058,c1c(CCCCCCCO[*:1])nnn1CCCCCCCN[*:2]
3059,O=C(CCCn1cc(COCCOC[*:2])nn1)[*:1]
3060,O=C(CCCn1cc(COCCOCCOC[*:2])nn1)[*:1]
3061,O=C(COCCOCCOCCOC[*:2])[*:1]
3062,O=C(CCC[*:2])[*:1]
3063,O=C(CCCCC[*:2])[*:1]
3064,O=C(CCCn1cc(COCCOCCOCCO[*:2])nn1)[*:1]
3065,O=C(COCCOCCOCCOCCCO[*:2])[*:1]
3066,O=C(CCCCO[*:2])[*:1]
3067,O=C(CCCCCCO[*:2])[*:1]
3068,C(COCCOCCOCCOCCOCCOCCN[*:2])N[*:1]
3069,c1c(CCCCN[*:1])nnn1CCOCCOCCOCCN[*:2]
3070,c1c(CCCCN[*:1])nnn1CCOCCOCCOCCOCCN[*:2]
3071,O=C(CCCn1cc(CCCCN[*:1])nn1)NCCOCCOCCN[*:2]
3072,O=C(CCCn1cc(CCCCN[*:1])nn1)NCCCCCC[*:2]
3073,O=C(CCCn1cc(CCCCN[*:1])nn1)NCCCCC[*:2]
3074,O=C(CCCn1cc(CCN[*:1])nn1)NCCN[*:2]
3075,O=C(CCCn1cc(CCN[*:1])nn1)NCCCN[*:2]
3076,O=C(CCCn1cc(CCCN[*:1])nn1)NCCCN[*:2]
3077,O=C(CCCn1cc(CCN[*:1])nn1)NCCCCN[*:2]
3078,O=C(CCCn1cc(CCCCN[*:1])nn1)NCCN[*:2]
3079,O=C(CCCn1cc(CCCN[*:1])nn1)NCCCCN[*:2]
3080,O=C(CCCn1cc(CCCCN[*:1])nn1)NCCCN[*:2]
3081,O=C(CCCn1cc(CCCCN[*:1])nn1)NCCCCN[*:2]
3082,CC(C)(C)N(C(=O)[O-])C(CCn1cc(CCCCN[*:1])nn1)C(=O)NCCCCN[*:2]
3083,Cc1ncsc1-c1ccc([C@@H](CC(=O)N2CCC(N3CCC(C#[*:1])CC3)CC2)N[*:2])cc1
3083,Cc1ncsc1-c1ccc(C(CC(=O)N2CCC(N3CCC(C#[*:1])CC3)CC2)N[*:2])cc1
3084,O=C(CN[*:2])NCCCCN[*:1]
3085,C(CCCN[*:1])CCCO[*:2]
3086,C(C[*:2])[*:1]
3087,O=C(CCOCCOCCC[*:1])[*:2]
3088,C(CCO[*:2])COCCCC[*:1]
3089,C(COCCOCCC[*:1])CO[*:2]
3090,C(COCCCO[*:2])COCCC[*:1]
3091,O=C(COCCN[*:1])[*:2]
3092,O=C(COCCOCCNC(=O)COCCOCCN[*:1])NCCOCCO[*:2]
3093,O=C(COCCCCOCCC[*:1])[*:2]
3094,O=C(CN[*:1])[*:2]
3095,O=C(c1cn(CCOCCOCCN[*:2])nn1)[*:1]
3096,O=C(c1cn(CCOCCOCCOCCOCCN[*:2])nn1)[*:1]
3097,O=C(c1cnnn1CCOCCOCCOCCN[*:2])[*:1]
3098,O=C(c1cnnn1CCOCCOCCOCCOCCN[*:2])[*:1]
3099,O=C(CCCc1cn(CCOCCOCCN[*:2])nn1)[*:1]
3100,O=C(c1cn(CCCCCCCCCCCN[*:2])nn1)[*:1]
3101,O=C(CCCc1cn(CCCCCN[*:2])nn1)[*:1]
3102,O=C(c1cn(CCCCCN[*:2])nn1)[*:1]
3103,O=C(CCCCCCn1cc([*:1])nn1)[*:2]
3104,O=C(CCCCCCCn1cc([*:1])nn1)[*:2]
3105,O=C(CCCCCCCCCn1cc([*:1])nn1)[*:2]
3106,O=C(COCCCOCCN[*:1])[*:2]
3107,O=C(COCCOCCOCCN[*:1])N[C@@H](Cc1ccccc1)C(=O)[*:2]
3107,O=C(COCCOCCOCCN[*:1])NC(Cc1ccccc1)C(=O)[*:2]
3108,C(CO[*:2])N[*:1]
3109,O=C(c1cn(CCOCCN[*:2])nn1)[*:1]
3110,O=C(Cc1cn(CCOCCN[*:2])nn1)[*:1]
3111,O=C(CCc1cn(CCCN[*:2])nn1)[*:1]
3112,O=C(CCCc1cn(CCN[*:2])nn1)[*:1]
3113,O=C(CC[*:1])NCCOCCOCCOCCOCC(=O)[*:2]
3114,O=C(CO[*:1])NCCOCCOCCOCCOCC(=O)[*:2]
3115,C(COCCOCCOCCO[*:2])NC[*:1]
3116,O=C(CC[*:1])NCCOCCOCCOCCOCCOCCO[*:2]
3117,O=C(CCOCCOCCC(=O)[*:2])[*:1]
3118,O=C(CCOCCOCCOCCC(=O)[*:2])[*:1]
3119,O=C(CCOCCOCCOCCOCCC(=O)[*:2])[*:1]
3120,O=C(CC[*:1])NCCOCCN[*:2]
3121,O=C(CC[*:1])NCCCCCCCCO[*:2]
3122,O=C(CCCn1cc(COCCOCCOCCN[*:2])nn1)[*:1]
3123,O=C(CCCCCn1cc(C[*:1])nn1)[*:2]
3124,O=C(CCCc1cn(CCOCCOCCOCCN[*:2])nn1)[*:1]
3125,O=C(CCCc1cn(CCOCCOCCOCCOCCN[*:2])nn1)[*:1]
3126,O=C(CCOCCCO[*:2])[*:1]
3127,O=C(COCCOCCOCCn1cc(C[*:1])nn1)[*:2]
3128,O=C(CCCC(=O)[*:1])NCCCCC(=O)[*:2]
3129,O=C(CCOCCOCCOCn1cc(CCCN[*:1])nn1)[*:2]
3130,C(COCCN1CCN(CCOCCN[*:2])CC1)N[*:1]
3131,c1c(COCC[*:1])nnn1CCOCCOCCN[*:2]
3132,O=C(CCOCCOCCOCCOCCOCCOCCOCCC(=O)[*:2])[*:1]
3133,O=C(CCOCCOCCOCCOCCOCCOCCOCCOCCOCCC(=O)[*:2])[*:1]
3134,O=C(CCOCCOCCOCCC(=O)[*:1])NCCCO[*:2]
3135,O=C(CCOCCOCCOCCC(=O)[*:1])NCCO[*:2]
3136,O=C(CCOCCOCCOCCOCCOCCOCCC(=O)[*:1])NCCCO[*:2]
3137,O=C(CCOCCOCCOCCOCCOCCn1cc(CO[*:2])nn1)[*:1]
3138,O=C(COCCOCCOCCOCCOCC(=O)[*:2])[*:1]
3139,O=C(COCCOCCOCCOCCOCCOCC(=O)[*:2])[*:1]
3140,c1c(COCCOCCOCC[*:1])nnn1CCOCCOCCOCCN[*:2]
3141,O=C(CCN[*:2])[*:1]
3142,C(COCCOCCOCCOC[*:2])N[*:1]
3143,O=C(COCCOCCOCCOc1cccc(O[*:2])c1)[*:1]
3144,O=C(COCCOCCOCCO[*:2])[*:1]
3145,O=C(COCCOCCOCCOc1ccccc1O[*:2])[*:1]
3146,C(#C[*:1])COCCOCCOC[*:2]
3147,C(COCCOCCOC[*:2])C[*:1]
3148,C(COC[*:2])OCCO[*:1]
3149,c1cc(OC[*:2])ccc1OCCO[*:1]
3150,c1cc(OCCO[*:1])cc(OC[*:2])c1
3151,c1ccc(OC[*:2])c(OCCO[*:1])c1
3152,c1c(CCCCO[*:1])nnn1CCOCCOCCOCCOCCOCCN[*:2]
3153,c1c(CN[*:2])nnn1CCO[*:1]
3154,c1c(CN[*:2])nnn1CCCO[*:1]
3155,c1c(CN[*:2])nnn1CCCCO[*:1]
3156,c1c(CN[*:2])nnn1CCCCCCO[*:1]
3157,c1c(CCN[*:2])nnn1CCO[*:1]
3158,c1c(CCN[*:2])nnn1CCCO[*:1]
3159,c1c(CCN[*:2])nnn1CCCCO[*:1]
3160,c1c(CCCN[*:2])nnn1CCO[*:1]
3161,c1c(CCCN[*:2])nnn1CCCO[*:1]
3162,c1c(CCCN[*:2])nnn1CCCCO[*:1]
3163,O=C(CO[*:2])N1CCC(C2CCN([*:1])CC2)CC1
3164,O=C(CCOCCOCCOCCOCCO[*:2])[*:1]
3165,O=C(CCOCCOCCOCCOCCOCCOCCOCCOCCO[*:2])[*:1]
3166,O=C(CCCCCCCCO[*:2])[*:1]
3167,C(COCCOCCOCCOCC[*:1])N[*:2]
3168,O=C(CCC(=O)N1CCN([*:1])CC1)NCCCCNC(=O)CO[*:2]
3169,c1c(CCCC[*:1])nnn1CCOCCN[*:2]
3170,c1c(CCCC[*:1])nnn1CCOCCOCCN[*:2]
3171,c1c(CCCC[*:1])nnn1CCOCCOCCOCCN[*:2]
3172,c1c(CCCC[*:1])nnn1CCOCCOCCOCCOCCN[*:2]
3173,c1c(CCCC[*:1])nnn1CCOCCOCCOCCOCCOCCN[*:2]
3174,O=C(CCCC[*:1])NCCOCCOCCOCCN[*:2]
3175,O=C(CCCCC[*:1])NCCOCCOCCOCCN[*:2]
3176,c1c(CCCC[*:1])nnn1CCOCCOCCOCCCN[*:2]
3177,c1c(CCCC[*:1])nnn1CCOCCOCCOCCOCCCN[*:2]
3178,C(COCCOCCOCCOCCOCCOCC[*:1])N[*:2]
3179,C(COCCOCCOCCOCCOCCOCCOCC[*:1])N[*:2]
3180,O=C(CCCCCCCCCCCN[*:2])[*:1]
3181,C(COCCOCCOCCOCCOCCOCCOCCOCCN[*:2])C[*:1]
3182,C(COC[*:1])N[*:2]
3183,N#C/C(=C/COCCOCCOCCOCCOCCO[*:2])C(=O)[*:1]
3183,N#CC(=CCOCCOCCOCCOCCOCCO[*:2])C(=O)[*:1]
3184,N#C/C(=C/CCCCOCCOCCOCCOCCO[*:2])C(=O)[*:1]
3184,N#CC(=CCCCCOCCOCCOCCOCCO[*:2])C(=O)[*:1]
3185,CC(C)(/C=C(/C#N)C(=O)[*:1])CCCOCCOCCOCCOCCO[*:2]
3185,CC(C)(C=C(C#N)C(=O)[*:1])CCCOCCOCCOCCOCCO[*:2]
3186,N#C/C(=C/COCCOCCOCCOCCO[*:2])C(=O)[*:1]
3186,N#CC(=CCOCCOCCOCCOCCO[*:2])C(=O)[*:1]
3187,N#C/C(=C/COCCOCCOCCO[*:2])C(=O)[*:1]
3187,N#CC(=CCOCCOCCOCCO[*:2])C(=O)[*:1]
3188,N#C/C(=C/CCc1cn(CCOCCOCCOCCOCCOCCO[*:2])nn1)C(=O)[*:1]
3188,N#CC(=CCCc1cn(CCOCCOCCOCCOCCOCCO[*:2])nn1)C(=O)[*:1]
3189,N#C/C(=C/CCc1cn(CCOCCOCCOCCO[*:2])nn1)C(=O)[*:1]
3189,N#CC(=CCCc1cn(CCOCCOCCOCCO[*:2])nn1)C(=O)[*:1]
3190,N#C/C(=C/CCc1cn(CCOCCOCCO[*:2])nn1)C(=O)[*:1]
3190,N#CC(=CCCc1cn(CCOCCOCCO[*:2])nn1)C(=O)[*:1]
3191,N#C/C(=C/CCc1cn(CCOCCO[*:2])nn1)C(=O)[*:1]
3191,N#CC(=CCCc1cn(CCOCCO[*:2])nn1)C(=O)[*:1]
3192,N#C/C(=C/CCc1cn(CCOCCOCCOCCOC(=O)NCCO[*:2])nn1)C(=O)[*:1]
3192,N#CC(=CCCc1cn(CCOCCOCCOCCOC(=O)NCCO[*:2])nn1)C(=O)[*:1]
3193,N#C/C(=C/CCc1cn(CCOCCOCCOC(=O)NCCO[*:2])nn1)C(=O)[*:1]
3193,N#CC(=CCCc1cn(CCOCCOCCOC(=O)NCCO[*:2])nn1)C(=O)[*:1]
3194,N#C/C(=C/CCc1cn(CCOCCOC(=O)NCCO[*:2])nn1)C(=O)[*:1]
3194,N#CC(=CCCc1cn(CCOCCOC(=O)NCCO[*:2])nn1)C(=O)[*:1]
3195,N#C/C(=C/CCc1cn(CCOCCOCCOCCOCCOCCOC(=O)NCCO[*:2])nn1)C(=O)[*:1]
3195,N#CC(=CCCc1cn(CCOCCOCCOCCOCCOCCOC(=O)NCCO[*:2])nn1)C(=O)[*:1]
3196,O=C(Cc1cn(CCOCCOCCOCC(=O)[*:2])nn1)[*:1]
3197,O=C(CO[*:2])NCCOCCOCCOCCNCC(=O)[*:1]
3198,CN(CCN[*:2])CC(=O)[*:1]
3199,O=C(COCCCOCCCCC[*:1])[*:2]
3200,O=C(COCCCCCN[*:1])[*:2]
3201,O=C(COCCc1ccc([*:1])cc1)[*:2]
3202,C(CCCCN1CCN([*:2])CC1)CCCN[*:1]
3203,C(CCC[*:1])CCN1CCN([*:2])CC1
3204,C(CCOCCCN[*:2])CCO[*:1]
3205,C(COCCOCCOCCOCCOCCO[*:1])N[*:2]
3206,C(COCCOCCOCCOCCO[*:1])N[*:2]
3207,C[C@H](N[*:1])c1ccc(OCCOCCN[*:2])cc1
3207,CC(N[*:1])c1ccc(OCCOCCN[*:2])cc1
3208,C1CCN(CCOCCN[*:2])C(CN[*:1])C1
3209,C(CN[*:2])NCCOCCN[*:1]
3210,CN(CCOCCOCCC[*:2])[*:1]
3211,C(COCCN1CCOC(CNC[*:1])C1)N[*:2]
3212,CN(CCOCCC[*:2])C[*:1]
3213,CN(CCOCCOCCOCCOCC(=O)[*:2])C(=O)CCN[*:1]
3214,CN(CCOCCOCCOCCOCCOCC(=O)[*:2])C(=O)CCN[*:1]
3215,CN(CCOCCOCCOCCN[*:2])C(=O)CCN[*:1]
3216,CN(CCOCCOCCOCCC(=O)[*:2])C(=O)CCN[*:1]
3217,O=C(CCC(=O)[*:1])NCCOCCOCCOCCC(=O)[*:2]
3218,O=C(CCC(=O)[*:1])NCCOCCOCCOCCOCCC(=O)[*:2]
3219,O=C(CCC(=O)[*:1])Nc1ccc(OCCCCCCCC(=O)[*:2])cc1
3220,O=C(COCCCCC[*:1])[*:2]
3221,O=C(CN1CCN(CCN2CCC(O[C@H]3C[C@H](O[*:1])C3)CC2)CC1)[*:2]
3221,O=C(CN1CCN(CCN2CCC(OC3CC(O[*:1])C3)CC2)CC1)[*:2]
3222,O=C(COCCCOCCCC[*:1])[*:2]
3223,O=C(NCCOCCOCC[*:1])c1ccc([*:2])cc1
3224,CC(C)(C)OC(=O)N[C@@H](CCn1cc(CCCCN[*:1])nn1)C(=O)NCCCCN[*:2]
3224,CC(C)(C)OC(=O)NC(CCn1cc(CCCCN[*:1])nn1)C(=O)NCCCCN[*:2]
3225,O=C(CCC(=O)[*:1])NCCOCCOCC(=O)[*:2]
3226,O=C(CCC(=O)[*:1])NCCOCCOCCOCCOCC(=O)[*:2]
3227,O=C(CCC(=O)[*:1])NCCCCCCC(=O)[*:2]
3228,O=C(CCC(=O)[*:1])NCCOCCOCCOCCN[*:2]
3229,O=C(CCC(=O)[*:1])NCCOCCOCCOCCOCCN[*:2]
3230,O=C(CCC(=O)[*:1])N1CCC(CN2CCN([*:2])CC2)CC1
3231,O=C(CCC(=O)[*:1])N1CCC(CCN2CCN([*:2])CC2)CC1
3232,C(CCC[*:1])CCO[*:2]
3233,C(CCCC[*:1])CCCO[*:2]
3234,C(CCCCC[*:1])CCCCO[*:2]
3235,C(CCCCCC[*:1])CCCCCO[*:2]
3236,Nc1cc(CCOCC(=O)[*:2])cc(OCCN[*:1])c1
3237,O=C(COCCc1cc(O)cc(OCCN[*:1])c1)[*:2]
3238,O=C(COC[C@@H]1CNC[C@H](COCCN[*:1])C1)[*:2]
3238,O=C(COCC1CNCC(COCCN[*:1])C1)[*:2]
3239,O=C(COCC#CC#CCN[*:1])[*:2]
3240,c1c(C[*:1])nnn1CCOCCOCCOCCOCCOCCN[*:2]
3241,O=C(CO[*:2])NCCOCCOCC(=O)Nc1ccc(C(=O)NCCCCCCC(=O)[*:1])cc1
3242,C(O[*:1])O[*:2]
3243,C(CO[*:2])O[*:1]
3244,C(CO[*:1])CO[*:2]
3245,C(CCO[*:1])CCO[*:2]
3246,C(CCCO[*:1])CCCO[*:2]
3247,O=C(CN[*:2])NCCCCC(=O)[*:1]
3248,O=C(CN[*:2])NCCCCCC(=O)[*:1]
3249,O=C(CN[*:2])NCCCC(=O)[*:1]
3250,O=C(c1ccc(N2CCN(CCCCCCCCCN[*:2])CC2)cc1)[*:1]
3251,O=C(c1ccc(N2CCN(CCCCCCCN[*:2])CC2)cc1)[*:1]
3252,O=C(c1cnc(N2CCN(CCCN[*:2])CC2)nc1)[*:1]
3253,O=C(c1cnc(N2CCN(CCCCCCN[*:2])CC2)nc1)[*:1]
3254,O=C(c1ccc(C#CC2CCN(C3CCN([*:2])CC3)CC2)cc1)[*:1]
3255,O=C(c1ccc(N2CCN(CCCCCCN[*:2])CC2)cc1)[*:1]
3256,Cc1ncsc1-c1ccc([C@H](CC(=O)NCCCCCCCCCN2CCN(c3ccc(C(=O)[*:1])cc3)CC2)N[*:2])cc1
3256,Cc1ncsc1-c1ccc(C(CC(=O)NCCCCCCCCCN2CCN(c3ccc(C(=O)[*:1])cc3)CC2)N[*:2])cc1
3257,Cc1ncsc1-c1ccc([C@H](CC(=O)NCCCCCCCCN2CCN(c3ccc(C(=O)[*:1])cc3)CC2)N[*:2])cc1
3257,Cc1ncsc1-c1ccc(C(CC(=O)NCCCCCCCCN2CCN(c3ccc(C(=O)[*:1])cc3)CC2)N[*:2])cc1
3258,Cc1ncsc1-c1ccc([C@H](CC(=O)NCCCCCCCN2CCN(c3ccc(C(=O)[*:1])cc3)CC2)N[*:2])cc1
3258,Cc1ncsc1-c1ccc(C(CC(=O)NCCCCCCCN2CCN(c3ccc(C(=O)[*:1])cc3)CC2)N[*:2])cc1
3259,O=C(c1ccc(N2CCN(CCOCC(=O)[*:2])CC2)cc1)[*:1]
3260,O=C(c1ccc(N2CCN(CC(=O)[*:2])CC2)cc1)[*:1]
3261,O=C(c1ccc(N2CCN(CCC(=O)[*:2])CC2)cc1)[*:1]
3262,O=C(c1ccc(N2CCN(CCOCC(=O)[*:2])CC2)nn1)[*:1]
3263,O=C(c1ccc(N2CCN(CCOCC(=O)[*:2])CC2)nc1)[*:1]
3264,O=C(c1cnc(N2CCN(CCOCC(=O)[*:2])CC2)cn1)[*:1]
3265,O=C(c1cnc(N2CCN(CCOCC(=O)[*:2])CC2)nc1)[*:1]
3266,O=C(c1ccc(N2CCN(CCOCC(=O)[*:2])CC2)cn1)[*:1]
3267,O=C(CO[*:2])NCCCCCCN[*:1]
3268,C(#C[*:2])COC[*:1]
3269,O=C(CC[*:1])NCCOCCOCCN[*:2]
3270,O=C(CC[*:1])NCCOCCOCCOCCOCCN[*:2]
3271,O=C(CC[*:1])NCCCCCCNCC(=O)[*:2]
3272,O=C(CC[*:1])NCCOCCNCC(=O)[*:2]
3273,O=C(CC[*:1])NCCOCCOCCOCCNCC(=O)[*:2]
3274,O=C(CC[*:1])NCCCCCCNCCC(=O)[*:2]
3275,O=C(CC[*:1])NCCOCCOCCNCCC(=O)[*:2]
3276,O=C(CC[*:1])NCCCCCCNC(=O)CO[*:2]
3277,O=C(CC[*:1])NCCOCCNC(=O)CO[*:2]
3278,O=C(CC[*:1])NCCOCCOCCOCCNC(=O)CO[*:2]
3279,CN(CCOCCOC[*:1])CC(=O)[*:2]
3280,CN(CCOCCOCCOC[*:1])CC(=O)[*:2]
3281,CN(CCOCCOCCOCCOC[*:1])CC(=O)[*:2]
3282,C(COCC[*:2])OCCOC[*:1]
3283,O=C(CCC(=O)[*:1])NCCCOCCCCOCCCN[*:2]
3284,O=C(CCCCOCCCCCOCCCCCC[*:1])[*:2]
3285,C(CCC[*:1])CCOCCCCCOCCCCCO[*:2]
3286,c1cc(OCCOCCOCCOCC[*:1])cc(O[*:2])c1
3287,O=C(CCOCCOCCOCCN[*:2])NCCC[*:1]
3288,O=C(CCOCCOCCOCCOCCN[*:2])NCCC[*:1]
3289,O=C(CCOCCOCCOCCOCCOCCN[*:2])NCCC[*:1]
3290,O=C(CCOCCOCCOCCOCCOCCOCCN[*:2])NCCC[*:1]
3291,O=C(CCOCCOCCOCCOCCOCCNC(=O)CCOCCOCCOCCOCCOCCN[*:2])NCCC[*:1]
3292,O=C(CCC(=O)[*:2])NCCCCCC[*:1]
3293,O=C(CCCCCCC[*:1])N1CCN(Cc2ccc(CN[*:2])cc2)CC1
3294,c1c(COCC[*:1])nnn1CCOCCN[*:2]
3295,c1c(COCC[*:1])nnn1CCOCCOCCOCCN[*:2]
3296,CN(CCCNC(=O)CN[*:2])C(C)(C)/C=C(\C#N)C(=O)[*:1]
3296,CN(CCCNC(=O)CN[*:2])C(C)(C)C=C(C#N)C(=O)[*:1]
3297,CN(CCCCNC(=O)CN[*:2])C(C)(C)/C=C(\C#N)C(=O)[*:1]
3297,CN(CCCCNC(=O)CN[*:2])C(C)(C)C=C(C#N)C(=O)[*:1]
3298,CN(CCOCCNC(=O)CN[*:2])C(C)(C)/C=C(\C#N)C(=O)[*:1]
3298,CN(CCOCCNC(=O)CN[*:2])C(C)(C)C=C(C#N)C(=O)[*:1]
3299,CN(CCOCCOCCNC(=O)CN[*:2])C(C)(C)/C=C(\C#N)C(=O)[*:1]
3299,CN(CCOCCOCCNC(=O)CN[*:2])C(C)(C)C=C(C#N)C(=O)[*:1]
3300,CN(CCOCCOCCOCCNC(=O)CN[*:2])C(C)(C)/C=C(\C#N)C(=O)[*:1]
3300,CN(CCOCCOCCOCCNC(=O)CN[*:2])C(C)(C)C=C(C#N)C(=O)[*:1]
3301,CN(CCNC(=O)CN[*:2])C(C)(C)/C=C(\C#N)C(=O)[*:1]
3301,CN(CCNC(=O)CN[*:2])C(C)(C)C=C(C#N)C(=O)[*:1]
3302,CN(CCCCN[*:2])C(C)(C)/C=C(\C#N)C(=O)[*:1]
3302,CN(CCCCN[*:2])C(C)(C)C=C(C#N)C(=O)[*:1]
3303,CN(CCCN[*:2])C(C)(C)/C=C(\C#N)C(=O)[*:1]
3303,CN(CCCN[*:2])C(C)(C)C=C(C#N)C(=O)[*:1]
3304,CN(CCCNC(=O)CO[*:2])C(C)(C)/C=C(\C#N)C(=O)[*:1]
3304,CN(CCCNC(=O)CO[*:2])C(C)(C)C=C(C#N)C(=O)[*:1]
3305,CN(CCCNC(=O)CN[*:2])C[*:1]
3306,CN(CCCNC(=O)CN[*:2])CCCC(=O)[*:1]
3307,CN(CCCC(=O)[*:1])CCOCCNC(=O)CN[*:2]
3308,CN(CCCNC(=O)CN[*:2])C(C)(C)CC(C#N)C(=O)[*:1]
3309,CN(CCCNC(=O)CN[*:2])C(C)(C)[*:1]
3310,O=C(CCN[*:2])NCC[*:1]
3311,O=C(CN1CCC(CN[*:1])CC1)[*:2]
3312,O=C(COCCOCCN[*:2])Nc1cccc(C(=O)[*:1])c1
3313,C(CN1CCN([*:2])CC1)OC1CCN([*:1])CC1
3314,C1CN([*:1])CCC1CN1CCN(CC2CCN([*:2])CC2)CC1
3315,C(CN1CCC2(CC1)CCN([*:2])CC2)C1CCN([*:1])CC1
3316,C1CN(CCC2CCN([*:1])CC2)CCC2(CCN([*:2])CC2)O1
3317,C1CN([*:1])CCC1CN1CCN([*:2])CC1
3318,c1cc(OCC[*:1])ccc1CCO[*:2]
3319,c1cc(OCCCO[*:2])ccc1C[*:1]
3320,c1cc(C[*:1])ccc1CCCO[*:2]
3321,Fc1cc(CCO[*:2])ccc1C[*:1]
3322,O=C(CCCCCCCC(=O)[*:2])NCC[*:1]
3323,O=C(CN[*:1])NCCCOCCOCCOCCCNC(=O)CO[*:2]
3324,O=C(CCOCCOCCN[*:2])NCCOCC[*:1]
3325,O=C(CCOCCOCCN[*:2])NCCN1CCN(CCCC(=O)[*:1])CC1
3326,O=C(CCOCCOCCOCCOCCN[*:2])Nc1cccc(C[*:1])c1
3327,O=C(CCCCO[*:1])[*:2]
3328,O=C(CO[*:2])NCCOCCOC[*:1]
3329,O=C(CCCCCCNC(=O)CO[*:2])NCC[*:1]
3330,O=C(CCCCCCNC(=O)CO[*:2])NCCO[*:1]
3331,O=C(CN[*:2])NCCOCCOCCOC[*:1]
3332,O=C(CN[*:2])NCCOC[*:1]
3333,O=C(CN[*:2])NCCOCCOCCN[*:1]
3334,C(#C[*:2])CCCCCCN1CCN(C2CCN([*:1])CC2)CC1
3335,O=C(CO[*:1])NCCCOCCOCCOCCCN(C(C(=O)NCc1ccccc1)c1ccc(Cl)c(Cl)c1)[*:2]
3336,O=C(CCOCCOCCO[*:1])[*:2]
3337,O=C(CCOCCOCCOCCO[*:1])[*:2]
3338,O=C(CCOCCOCCOCCOCCO[*:1])[*:2]
3339,O=C(CCOCCOCCOCCOCCOCCO[*:1])[*:2]
3340,O=C(CCOCCOCCOCCOCCOCCOCCO[*:1])[*:2]
3341,O=C(CCOCCOCCOCCOCCOCCOCCOCCO[*:1])[*:2]
3342,C(CN1CCN([*:1])CC1)N[*:2]
3343,C(CN[*:2])CN1CCN([*:1])CC1
3344,C(CCN1CCN([*:1])CC1)CN[*:2]
3345,C(CCN[*:2])CCN1CCN([*:1])CC1
3346,C1CN([*:1])CCN1CC1CN([*:2])C1
3347,C1CN([*:2])CCC1CN1CCN([*:1])CC1
3348,C1CN([*:1])CCN1C1CC2(C1)CN([*:2])C2
3349,C1CN([*:1])CCN1C1CC2(CCN([*:2])C2)C1
3350,C1CC2(CCC1N1CCN([*:1])CC1)CCN([*:2])CC2
3351,C1CC2(CCN1[*:1])CC(N[*:2])C2
3352,O=C(COCCCCCOCCN[*:1])[*:2]
3353,O=C(CCOCCCCC[*:1])[*:2]
3354,O=C(CCOCCCCCCC[*:1])[*:2]
3355,O=C(CCCCCCCCCCCC(=O)[*:2])[*:1]
3356,O=C(CCCCn1cc([*:1])nn1)[*:2]
3357,O=C(CCCCCCCCn1cc([*:1])nn1)[*:2]
3358,O=C(CCCCCCCCCCn1cc([*:1])nn1)[*:2]
3359,O=C(COCCOCCOCCn1cc([*:1])nn1)[*:2]
3360,O=C(COCCOCCOCCOCCOCCn1cc([*:1])nn1)[*:2]
3361,O=C(COCCOCCn1cc(CCCC[*:1])nn1)[*:2]
3362,O=C(CCCCCCCCOCC(=O)[*:2])[*:1]
3363,O=C(COCCCCCCCCC(=O)[*:2])[*:1]
3364,O=C(COCCCCCCOCC(=O)[*:2])[*:1]
3365,O=C(COCCCCCCCCCOCC(=O)[*:2])[*:1]
3366,O=C(CCCN1CCN(CCCC(=O)[*:2])CC1)[*:1]
3367,O=C(CCCCC(=O)[*:1])NCCCCO[*:2]
3368,O=C(CCCCCCCC(=O)[*:1])NCCCCO[*:2]
3369,O=C(CO[*:2])NCCOC[*:1]
3370,C(COCCOCCO[*:2])C[*:1]
3371,O=C(N1CCN(CCCCC[*:2])CC1)[*:1]
3372,C(CCCCN[*:1])CCCCN[*:2]
3373,C(CCCCCN[*:1])CCCCCN[*:2]
3374,C1CN([*:2])CCN1C1CN([*:1])C1
3375,CN(CCN(C)C(=O)CCCC(=O)[*:2])C[*:1]
3376,CN(CCN(C)C(=O)CCCCCC(=O)[*:2])C[*:1]
3377,CN(CCN(C)C(=O)CCCCCCC(=O)[*:2])C[*:1]
3378,CN(CCCCCCCC(=O)[*:2])C[*:1]
3379,CN(CCCCCCCCCC(=O)[*:2])C[*:1]
3380,O=C(CCCCC[*:1])NCCOCCOCC(=O)[*:2]
3381,O=C(CCCCC[*:1])NCCCCCCC(=O)[*:2]
3382,CC(C)(/C=C(\C#N)C(=O)[*:1])NC(=O)CCCCCC(=O)[*:2]
3382,CC(C)(C=C(C#N)C(=O)[*:1])NC(=O)CCCCCC(=O)[*:2]
3383,CC(C)(/C=C(\C#N)C(=O)[*:1])NC(=O)CCCCCCC(=O)[*:2]
3383,CC(C)(C=C(C#N)C(=O)[*:1])NC(=O)CCCCCCC(=O)[*:2]
3384,O=C(CCOCCOCCOC[*:1])[*:2]
3385,O=C(CC[*:1])NCCCC(=O)[*:2]
3386,O=C(CCC[*:1])NCCCC(=O)[*:2]
3387,O=C(CN1CCC([*:1])CC1)[*:2]
3388,O=C(CCN1CCC([*:1])CC1)[*:2]
3389,O=C(CCCN1CCC([*:1])CC1)[*:2]
3390,c1c(CC[*:1])nnn1CCOCCOCCOCCN[*:2]
3391,O=C(COCCn1cc(CC[*:1])nn1)[*:2]
3392,O=C(CCCC(=O)[*:2])N1CCN([*:1])CC1
3393,c1c(CCCN[*:1])nnn1CCOCCOCCOCCN[*:2]
3394,c1c([*:1])nnn1CCOCCOCCOCCOCCOCCN[*:2]
3395,c1c([*:1])nnn1CCOCCOCCOCCOCCOCCOCCN[*:2]
3396,c1c(C[*:1])nnn1CCOCCOCCOCCOCCOCCOCCN[*:2]
3397,c1c(CCC[*:1])nnn1CCOCCOCCN[*:2]
3398,c1c(CCC[*:1])nnn1CCOCCOCCOCCN[*:2]
3399,c1c(CCC[*:1])nnn1CCOCCOCCOCCOCCN[*:2]
3400,c1c(CCC[*:1])nnn1CCOCCOCCOCCOCCOCCN[*:2]
3401,c1c(CCC[*:1])nnn1CCOCCOCCOCCOCCOCCOCCN[*:2]
3402,O=C(CCCCCCC[*:2])NCC[*:1]
3403,O=C(CCCC[*:2])NCc1ccc([*:1])cc1
3404,O=C(CCCCCC[*:2])NCc1ccc([*:1])cc1
3405,O=C(NCCCCN[*:2])c1ccc(N[*:1])cc1
3406,O=C(NC1CCN([*:2])CC1)c1ccc(N[*:1])cc1
3407,O=C(NCCCN1CCN([*:2])CC1)c1ccc(N[*:1])cc1
3408,O=C(NCCCN1CCC2(CC1)CCN([*:2])CC2)c1ccc(N[*:1])cc1
3409,O=C(CN1CCN([*:1])CC1)NCCCCCO[*:2]
3410,O=C(COCc1cn(CCOCCOCCO[*:1])nn1)[*:2]
3411,O=C(CN[*:2])NCCCCn1cc(CN[*:1])nn1
3412,O=C(CCn1cc(C[*:1])nn1)[*:2]
3413,O=C(Cn1cc(C[*:1])nn1)[*:2]
3414,O=C(CCn1cc(CCC[*:1])nn1)[*:2]
3415,O=C(CCCCn1cc(CCC[*:1])nn1)[*:2]
3416,O=C(Cn1cc(CCC[*:1])nn1)[*:2]
3417,O=C(CCn1cc(CCCC[*:1])nn1)[*:2]
3418,O=C(CCCCn1cc(CCCC[*:1])nn1)[*:2]
3419,O=C(Cn1cc(CCCC[*:1])nn1)[*:2]
3420,O=C(CCOCCOCCOCCN[*:2])OCCO[*:1]
3421,O=C(CCOCCOCCn1cc(CN[*:2])nn1)OCCO[*:1]
3422,O=C(CCCCC#C[*:2])[*:1]
3423,O=C(CN1CCN([*:1])CC1)NCCN[*:2]
3424,O=C(CN1CCN([*:1])CC1)NCCCN[*:2]
3425,O=C(CN1CCN([*:1])CC1)NCCCCN[*:2]
3426,O=C(CN1CCN([*:1])CC1)NCCCCCCN[*:2]
3427,O=C(CO[*:2])NCCOCCOCCOCCOCCOCCO[*:1]
3428,O=C(CO[*:2])NCCOCCOCCOCCOCCOCCOCCOCCO[*:1]
3429,O=C(CC[*:1])NCCCCCC(=O)[*:2]
3430,O=C(CC[*:1])NCCCCCCCC(=O)[*:2]
3431,O=C(CC[*:1])NCCCCCCCCCCC(=O)[*:2]
3432,O=C(CC[*:1])NCCOCCOCCOCCOCCC(=O)[*:2]
3433,O=C(CC[*:1])NCCOCCOCC(=O)NCCN[*:2]
3434,O=C(CC[*:1])NCCOCCOCCOCC(=O)NCCN[*:2]
3435,O=C(CCCNC(=O)CC[*:1])NCCN[*:2]
3436,O=C(CCCCCNC(=O)CC[*:1])NCCN[*:2]
3437,O=C(CCCCCCCNC(=O)CC[*:1])NCCN[*:2]
3438,O=C(CCCCCCCCCCNC(=O)CC[*:1])NCCN[*:2]
3439,O=C(CCO[*:1])[*:2]
3440,O=C(CCCO[*:1])[*:2]
3441,O=C(CO[*:1])[*:2]
3442,C(CCCO[*:2])CCO[*:1]
3443,C(OC[*:2])[*:1]
3444,C(COC[*:1])OCCOC[*:2]
3445,c1cc(OCCOC[*:1])cc(O[*:2])c1
3446,c1cc(OCCOCCOC[*:1])cc(O[*:2])c1
3447,c1cc(OCCOCCOCCOC[*:1])cc(O[*:2])c1
3448,O=C(c1ccc([*:1])cc1)N1CCC([*:2])CC1
3449,O=C(c1ccc([*:1])cc1)N1CCN(C2CN([*:2])C2)CC1
3450,O=C(c1ccc([*:1])cc1)N1CCC(F)(C[*:2])CC1
3451,O=C(c1ccc([*:1])cc1)N1CCN([*:2])CC1
3452,O=C(NCCCCCCN[*:2])c1ccc(N[*:1])cc1
3453,O=C(NCCCN[*:2])c1ccc(N[*:1])cc1
3454,O=C(NCCCCCN[*:2])c1ccc(N[*:1])cc1
3455,O=C(NCCOCCN[*:2])c1ccc(N[*:1])cc1
3456,O=C(NCCOCCOCCOCCOCCOCCOCCN[*:2])c1ccc(N[*:1])cc1
3457,O=C(NCCOCCOCCOCCOCCOCCN[*:2])c1ccc(N[*:1])cc1
3458,O=C(NCCOCCOCCOCCOCCN[*:2])c1ccc(N[*:1])cc1
3459,C1CN(C[*:1])CCC1OC1CCN([*:2])CC1
3460,C1CN(CC[*:1])CCC1OC1CCN([*:2])CC1
3461,F[C@H]1CN(CC2CCN([*:2])CC2)CC[C@@H]1[*:1]
3461,FC1CN(CC2CCN([*:2])CC2)CCC1[*:1]
3462,c1cc(OCCN2CCN(CC3CCN([*:2])CC3)CC2)cc([*:1])c1
3463,O=C(CN1CCC([*:2])CC1)N1CCN(C[*:1])CC1
3464,O=C(C1CCN([*:1])CC1)N1CCN([*:2])CC1
3465,C(COC[*:1])OCCO[*:2]
3466,O=C(CCOCCOCCOCCOC[*:1])[*:2]
3467,O=C(CCOCCOCCOCCOCCOC[*:1])[*:2]
3468,O=C(CCOCCOCCOCCOCCOCCOC[*:1])[*:2]
3469,O=C(CCCCCCCCCCCCC[*:1])[*:2]
3470,O=C(COCCOCCOCCN[*:1])NC[*:2]
3471,O=C(CCCCC(=O)[*:2])N1CCN([*:1])CC1
3472,O=C(CCCCCC(=O)[*:2])N1CCN([*:1])CC1
3473,O=C(CCCCCCC(=O)[*:2])N1CCN([*:1])CC1
3474,O=C(CCCCCCCC(=O)[*:2])N1CCN([*:1])CC1
3475,O=C(CCCCCCCCC(=O)[*:2])N1CCN([*:1])CC1
3476,O=C(CCCCCCCCCC(=O)[*:2])N1CCN([*:1])CC1
3477,O=C(CCCCCNC(=O)[*:2])[*:1]
3478,O=C(c1ccc(CO[*:2])cc1)[*:1]
3479,C(CN[*:2])COCCOCCOCC[*:1]
3480,O=C(CN[*:2])NCCCOCCOCCOCC[*:1]
3481,C(CCCN[*:2])CCC[*:1]
3482,Cc1ncsc1-c1ccc(C(CC(=O)N2CCC(C#[*:1])CC2)N[*:2])cc1
3483,O=C(COCCOCCOCCN[*:1])NC(Cc1ccccc1)C(=O)[*:2]
3484,Cc1ncsc1-c1ccc(C(CC(=O)NCCCCCCCCCN[*:1])N[*:2])cc1
3485,CC(C)(C=C(C#N)C(=O)[*:1])CCCOCCOCCOCCOCCO[*:2]
3486,N#CC(=CCCCCOCCOCCOCCOCCO[*:2])C(=O)[*:1]
3487,N#CC(=CCOCCOCCOCCOCCOCCO[*:2])C(=O)[*:1]
3488,COc1cc(N=[*:2])cc(OC)c1OCC(=O)NCCN[*:1]
3489,COc1cc(N=[*:2])cc(OC)c1OCC(=O)NCCCN[*:1]
3490,COc1cc(N=[*:2])cc(OC)c1OCC(=O)NCCCCN[*:1]
3491,COc1cc(N=[*:2])cc(OC)c1OCC(=O)NCCCCCN[*:1]
3492,COc1cc(N=[*:2])cc(OC)c1OCC(=O)NCCCCCCN[*:1]
3493,O=C(COc1ccc(N=[*:2])cc1)NCCN[*:1]
3494,O=C(COc1ccc(N=[*:2])cc1)NCCCCN[*:1]
3495,O=C(COc1ccc(N=[*:2])cc1)NCCCCCCN[*:1]
3496,O=C(CO[*:2])Nc1ccc(N=Nc2ccc(N[*:1])cc2)cc1
3497,O=C(CO[*:2])Nc1ccc(N=Nc2ccc(CCN[*:1])cc2)cc1
3498,COc1cc(N=N[*:2])cc(OC)c1OCC(=O)NCCCNC(=O)CO[*:1]
3499,COc1cc(N=N[*:2])cc(OC)c1OCC(=O)NCCCCCNC(=O)CO[*:1]
3500,O=C(COc1ccc(N=N[*:2])cc1)NCCNC(=O)CO[*:1]
3501,O=C(c1ccc(N=Nc2ccc([*:1])cc2)cc1)[*:2]
3502,O=C(c1ccc(N=Nc2ccc(OCCCC[*:1])cc2)cc1)[*:2]
3503,O=C(c1ccc(N=Nc2ccc(OCCCCCC[*:1])cc2)cc1)[*:2]
3504,O=C(CON=[*:1])NCCOCCOCCO[*:2]
3505,O=C(CON=[*:1])NCCOCCO[*:2]
3506,O=C(CON=[*:1])NCCOCCOCCOCCO[*:2]
3507,O=C(COc1ccc(C=NN[*:1])cc1)NCC#C[*:2]
3508,O=C(CCCOc1ccc(C=NN[*:1])cc1)NCC#C[*:2]
3509,O=C(CCCCOc1ccc(C=NN[*:1])cc1)NCC#C[*:2]
3510,O=C(CCCCCOc1ccc(C=NN[*:1])cc1)NCC#C[*:2]
3511,O=C(CCCCCCOc1ccc(C=NN[*:1])cc1)NCC#C[*:2]
3512,O=C(CCCCCCCOc1ccc(C=NN[*:1])cc1)NCC#C[*:2]
3513,O=C(COCCOc1ccc(C=NN[*:1])cc1)NCC#C[*:2]
3514,O=C(COCCOCCOc1ccc(C=NN[*:1])cc1)NCC#C[*:2]
3515,O=C(COCCOCCOCCOc1ccc(C=NN[*:1])cc1)NCC#C[*:2]
3516,O=C(COCCOCCOCCOCCOc1ccc(C=NN[*:1])cc1)NCC#C[*:2]
3517,O=C(COCCOCCOCCOCCOCCOc1ccc(C=NN[*:1])cc1)NCC#C[*:2]
3518,O=C(COCCOCCOCCOCCOCCOCCOc1ccc(C=NN[*:1])cc1)NCC#C[*:2]
3519,N#CC(=CCOCCOCCOCCOCCO[*:2])C(=O)[*:1]
3520,N#CC(=CCOCCOCCOCCO[*:2])C(=O)[*:1]
3521,N#CC(=CCCc1cn(CCOCCOCCOCCOCCOCCO[*:2])nn1)C(=O)[*:1]
3522,N#CC(=CCCc1cn(CCOCCOCCOCCO[*:2])nn1)C(=O)[*:1]
3523,N#CC(=CCCc1cn(CCOCCOCCO[*:2])nn1)C(=O)[*:1]
3524,N#CC(=CCCc1cn(CCOCCO[*:2])nn1)C(=O)[*:1]
3525,N#CC(=CCCc1cn(CCOCCOCCOCCOC(=O)NCCO[*:2])nn1)C(=O)[*:1]
3526,N#CC(=CCCc1cn(CCOCCOCCOC(=O)NCCO[*:2])nn1)C(=O)[*:1]
3527,N#CC(=CCCc1cn(CCOCCOC(=O)NCCO[*:2])nn1)C(=O)[*:1]
3528,N#CC(=CCCc1cn(CCOCCOCCOCCOCCOCCOC(=O)NCCO[*:2])nn1)C(=O)[*:1]
3529,CC(N[*:1])c1ccc(OCCOCCN[*:2])cc1
3530,O=C(CN1CCN(CCN2CCC(OC3CC(O[*:1])C3)CC2)CC1)[*:2]
3531,CC(C)(C)OC(=O)NC(CCn1cc(CCCCN[*:1])nn1)C(=O)NCCCCN[*:2]
3532,O=C(COCC1CNCC(COCCN[*:1])C1)[*:2]
3533,Cc1ncsc1-c1ccc(C(CC(=O)NCCCCCCCCCN2CCN(c3ccc(C(=O)[*:1])cc3)CC2)N[*:2])cc1
3534,Cc1ncsc1-c1ccc(C(CC(=O)NCCCCCCCCN2CCN(c3ccc(C(=O)[*:1])cc3)CC2)N[*:2])cc1
3535,Cc1ncsc1-c1ccc(C(CC(=O)NCCCCCCCN2CCN(c3ccc(C(=O)[*:1])cc3)CC2)N[*:2])cc1
3536,CN(CCCNC(=O)CN[*:2])C(C)(C)C=C(C#N)C(=O)[*:1]
3537,CN(CCCCNC(=O)CN[*:2])C(C)(C)C=C(C#N)C(=O)[*:1]
3538,CN(CCOCCNC(=O)CN[*:2])C(C)(C)C=C(C#N)C(=O)[*:1]
3539,CN(CCOCCOCCNC(=O)CN[*:2])C(C)(C)C=C(C#N)C(=O)[*:1]
3540,CN(CCOCCOCCOCCNC(=O)CN[*:2])C(C)(C)C=C(C#N)C(=O)[*:1]
3541,CN(CCNC(=O)CN[*:2])C(C)(C)C=C(C#N)C(=O)[*:1]
3542,CN(CCCCN[*:2])C(C)(C)C=C(C#N)C(=O)[*:1]
3543,CN(CCCN[*:2])C(C)(C)C=C(C#N)C(=O)[*:1]
3544,CN(CCCNC(=O)CO[*:2])C(C)(C)C=C(C#N)C(=O)[*:1]
3545,CC(C)(C=C(C#N)C(=O)[*:1])NC(=O)CCCCCC(=O)[*:2]
3546,CC(C)(C=C(C#N)C(=O)[*:1])NC(=O)CCCCCCC(=O)[*:2]
3547,FC1CN(CC2CCN([*:2])CC2)CCC1[*:1]
3548,O=C(CCCCCOCCOCCOCCCCCC(=O)[*:2])[*:1]
3549,O=C(CCOCCOCCOCCOCCC(=O)[*:2])[*:1]
3550,O=C(CCOCCOCCC(=O)[*:2])[*:1]
3551,O=C(CCCCCCCCCCCCCCC(=O)[*:2])[*:1]
3552,O=C(CCCCCCCCC(=O)[*:2])[*:1]
3553,O=C(CCCCCCC(=O)[*:2])[*:1]
3554,O=C(CCCCC(=O)[*:2])[*:1]
3555,O=C(CCC(=O)[*:2])[*:1]
3556,O=C(CCCc1cn(CCCC(=O)[*:2])nn1)[*:1]
3557,O=C(CCCC(=O)[*:2])NCC(=O)[*:1]
3558,O=C(CCCCCCCCC(=O)[*:2])NCCCCC(=O)[*:1]
3559,O=C(CCCCCCCCC(=O)[*:2])NCCCCC[*:1]
3560,C(CCN[*:1])CC[*:2]
3561,C(CN[*:1])C[*:2]
3562,O=C(COCCOCCOCCOCC[*:1])[*:2]
3563,O=C(CCCCCCCN1CCN([*:1])CC1)[*:2]
3564,O=C(CCCCCCN1CCN([*:1])CC1)[*:2]
3565,O=C(CCCCCCCn1cc(CN2CCN([*:1])CC2)nn1)[*:2]
3566,O=C(CN1CCN([*:1])CC1)NCCC(=O)[*:2]
3567,C(COCCN1CCN([*:1])CC1)OCCOCC[*:2]
3568,C(COCC[*:2])OCCN1CCN([*:1])CC1
3569,c1c(CN2CCN([*:1])CC2)nnn1CCOCCOCC[*:2]
3570,O=C(COCCOCCCCCC[*:1])[*:2]
3571,O=C(CCCCCOCCCCCOCCCCCC[*:1])[*:2]
3572,C#Cc1ccc([C@H](CC(=O)N2CCC(N3CCC(C#[*:1])CC3)CC2)N[*:2])cc1
3572,C#Cc1ccc(C(CC(=O)N2CCC(N3CCC(C#[*:1])CC3)CC2)N[*:2])cc1
3573,N#Cc1ccc([C@H](CC(=O)N2CCC(N3CCC(C#[*:1])CC3)CC2)N[*:2])cc1
3573,N#Cc1ccc(C(CC(=O)N2CCC(N3CCC(C#[*:1])CC3)CC2)N[*:2])cc1
3574,O=C(C[C@H](N[*:2])c1ccc(Br)cc1)N1CCC(N2CCC(C#[*:1])CC2)CC1
3574,O=C(CC(N[*:2])c1ccc(Br)cc1)N1CCC(N2CCC(C#[*:1])CC2)CC1
3575,O=C(C[C@H](N[*:2])c1ccc(Cl)cc1)N1CCC(N2CCC(C#[*:1])CC2)CC1
3575,O=C(CC(N[*:2])c1ccc(Cl)cc1)N1CCC(N2CCC(C#[*:1])CC2)CC1
3576,O=C(C[C@H](N[*:2])c1ccc(F)cc1)N1CCC(N2CCC(C#[*:1])CC2)CC1
3576,O=C(CC(N[*:2])c1ccc(F)cc1)N1CCC(N2CCC(C#[*:1])CC2)CC1
3577,O=C(C[C@H](N[*:2])c1ccccc1)N1CCC(N2CCC(C#[*:1])CC2)CC1
3577,O=C(CC(N[*:2])c1ccccc1)N1CCC(N2CCC(C#[*:1])CC2)CC1
3578,O=C(C[C@H](N[*:2])c1ccccc1)N1CCC(N2CC(C#[*:1])C2)CC1
3578,O=C(CC(N[*:2])c1ccccc1)N1CCC(N2CC(C#[*:1])C2)CC1
3579,O=C(C[C@H](N[*:2])c1ccccc1)N1CC(N2CCC(C#[*:1])CC2)C1
3579,O=C(CC(N[*:2])c1ccccc1)N1CC(N2CCC(C#[*:1])CC2)C1
3580,O=C(C[C@H](N[*:2])c1ccccc1)N1CCC(C#[*:1])CC1
3580,O=C(CC(N[*:2])c1ccccc1)N1CCC(C#[*:1])CC1
3581,O=C(C[C@H](N[*:2])c1ccccc1)N1CCC(C2CN([*:1])C2)CC1
3581,O=C(CC(N[*:2])c1ccccc1)N1CCC(C2CN([*:1])C2)CC1
3582,O=C(C[C@H](N[*:2])c1ccccc1)N1CCC(N2CC([*:1])C2)CC1
3582,O=C(CC(N[*:2])c1ccccc1)N1CCC(N2CC([*:1])C2)CC1
3583,O=C(C[C@H](N[*:2])c1ccccc1)N1CCC([*:1])CC1
3583,O=C(CC(N[*:2])c1ccccc1)N1CCC([*:1])CC1
3584,O=C(C[C@H](N[*:2])c1ccccc1)N1CCN([*:1])CC1
3584,O=C(CC(N[*:2])c1ccccc1)N1CCN([*:1])CC1
3585,O=C(C[C@H](N[*:2])c1ccc(F)cc1)N1CCC(C#[*:1])CC1
3585,O=C(CC(N[*:2])c1ccc(F)cc1)N1CCC(C#[*:1])CC1
3586,O=C(C[C@H](N[*:2])c1ccc(Cl)cc1)N1CCC(C#[*:1])CC1
3586,O=C(CC(N[*:2])c1ccc(Cl)cc1)N1CCC(C#[*:1])CC1
3587,O=C(C[C@H](N[*:2])c1ccc(Br)cc1)N1CCC(C#[*:1])CC1
3587,O=C(CC(N[*:2])c1ccc(Br)cc1)N1CCC(C#[*:1])CC1
3588,N#Cc1ccc([C@H](CC(=O)N2CCC(C#[*:1])CC2)N[*:2])cc1
3588,N#Cc1ccc(C(CC(=O)N2CCC(C#[*:1])CC2)N[*:2])cc1
3589,C#Cc1ccc([C@H](CC(=O)N2CCC(C#[*:1])CC2)N[*:2])cc1
3589,C#Cc1ccc(C(CC(=O)N2CCC(C#[*:1])CC2)N[*:2])cc1
3590,O=C(COCCCOCCCCCO[*:1])[*:2]
3591,O=C(COCCCCOc1ccc([*:1])cc1)[*:2]
3592,C(CO[*:1])N[*:2]
3593,C(COCCOCCO[*:1])N[*:2]
3594,C(COCCOCCOCCOCCO[*:1])N[*:2]
3595,C(CCN[*:2])CN[*:1]
3596,C(CCCCN[*:2])CCCN[*:1]
3597,O=C(CCCCCCCN[*:1])[*:2]
3598,Cc1ncsc1-c1ccc(C(CC(=O)N2CCC(N3CCC(C#C[*:1])CC3)CC2)N[*:2])cc1
3599,CCN(CCCCCCCC(=O)[*:2])CCO[*:1]
3600,O=C(CCOCCOCCCCCO[*:1])[*:2]
3601,O=C(COCCOCCN1CCN(C[*:1])CC1)[*:2]
3602,O=C(COCCOCCOCCOCCN1CCN(C[*:1])CC1)[*:2]
3603,O=C(COCCOCCOCCOCCOCCN1CCN(C[*:1])CC1)[*:2]
3604,O=C(COCCOCCCCCN1CCN(C[*:1])CC1)[*:2]
3605,O=C(COCCOCCOCCN1CCN(C[*:1])CC1)[*:2]
3606,O=C(COCCOCCOCC(=O)[*:2])N1CCN(C[*:1])CC1
3607,Cc1ncsc1-c1ccc(CN[*:2])c(OCCOCCOCCN2CCN(C[*:1])CC2)c1
3608,Cc1ncsc1-c1ccc(CN[*:2])c(OCCOCCOCCOCCOCCN2CCN(C[*:1])CC2)c1
3609,Cc1ncsc1-c1ccc(CN[*:2])c(OCCOCCN2CCN(C[*:1])CC2)c1
3610,Cc1ncsc1-c1ccc(CN[*:2])c(OCCOCCOCCOCCN2CCN(C[*:1])CC2)c1
3611,Cc1ncsc1-c1ccc(CN[*:2])c(OCCCCCN2CCN(C[*:1])CC2)c1
3612,Cc1ncsc1-c1ccc(CN[*:2])c(OCCOCCCCCN2CCN(C[*:1])CC2)c1
3613,Cc1ncsc1-c1ccc(CN[*:2])c(OCCOCC(=O)NC2CN(C[*:1])C2)c1
3614,Cc1ncsc1-c1ccc(CN[*:2])c(OCCOCCOCC(=O)NC2CN(C[*:1])C2)c1
3615,Cc1ncsc1-c1ccc(CN[*:2])c(OCCOCCOCCOCC(=O)NC2CN(C[*:1])C2)c1
3616,Cc1ncsc1-c1ccc(CN[*:2])c(OCCCCC(=O)NC2CN(C[*:1])C2)c1
3617,Cc1ncsc1-c1ccc(CN[*:2])c(OCCOCCCCC(=O)NC2CN(C[*:1])C2)c1
3618,O=C(CCCCC#C[*:2])[*:1]
3619,O=C(CCCCCCC#C[*:2])[*:1]
3620,O=C(CCCCCCCCC#C[*:2])[*:1]
3621,C(#C[*:2])CCCCO[*:1]
3622,O=C(c1cnn(CCCC#C[*:2])c1)[*:1]
3623,O=C(CCCn1cc(C#C[*:2])cn1)[*:1]
3624,O=C(CCN1CCC(C#C[*:2])CC1)[*:1]
3625,O=C(CC(=O)[*:1])N1CCC(C#C[*:2])CC1
3626,N([*:1])[*:2]
3627,O=C(CCCCCCc1ccc(C#C[*:1])cn1)[*:2]
3628,O=C(CCCN1CCN(c2ccc(C#C[*:1])cn2)CC1)[*:2]
3629,O=C(CCCCN1CCN(c2ccc(C#C[*:1])cn2)CC1)[*:2]
3630,O=C(CCN1CCN(c2ccc(C#C[*:1])cn2)CC1)[*:2]
3631,O=C(CN1CCN(c2ccc(C#C[*:1])cn2)CC1)[*:2]
3632,Cc1ncsc1-c1ccc([C@H](CC(=O)NCCCN2CCN(c3ccc(C#C[*:1])cn3)CC2)N[*:2])cc1
3632,Cc1ncsc1-c1ccc(C(CC(=O)NCCCN2CCN(c3ccc(C#C[*:1])cn3)CC2)N[*:2])cc1
3633,Cc1ncsc1-c1ccc([C@H](CC(=O)N2CCN(c3ccc(C#C[*:1])cn3)CC2)N[*:2])cc1
3633,Cc1ncsc1-c1ccc(C(CC(=O)N2CCN(c3ccc(C#C[*:1])cn3)CC2)N[*:2])cc1
3634,Cc1ncsc1-c1ccc([C@H](CC(=O)N2CCC(N3CCC(C#C[*:1])CC3)CC2)N[*:2])cc1
3634,Cc1ncsc1-c1ccc(C(CC(=O)N2CCC(N3CCC(C#C[*:1])CC3)CC2)N[*:2])cc1
3635,O=C(COCCOCCOCCOCCOCCN[*:1])[*:2]
3636,O=C(COCCOCCOCCOCCOCCOCCOCCN[*:1])[*:2]
3637,O=C(COCCOCCOCCOCCOCCOCCOCCOCCOCCN[*:1])[*:2]
3638,COc1cc(/N=N/[*:2])cc(OC)c1OCC(=O)NCCCN[*:1]
3638,COc1cc(N=N[*:2])cc(OC)c1OCC(=O)NCCCN[*:1]
3639,COc1cc(/N=N/[*:2])cc(OC)c1OCC(=O)NCCCCCN[*:1]
3639,COc1cc(N=N[*:2])cc(OC)c1OCC(=O)NCCCCCN[*:1]
3640,O=C(COc1ccc(/N=N/[*:2])cc1)NCCN[*:1]
3640,O=C(COc1ccc(N=N[*:2])cc1)NCCN[*:1]
3641,O=C(COc1ccc(/N=N/[*:2])cc1)NCCCCCCN[*:1]
3641,O=C(COc1ccc(N=N[*:2])cc1)NCCCCCCN[*:1]
3642,COc1cc(/N=N/[*:2])cc(OC)c1OCC(=O)NCCCCCCNC(=O)CO[*:1]
3642,COc1cc(N=N[*:2])cc(OC)c1OCC(=O)NCCCCCCNC(=O)CO[*:1]
3643,O=C(COc1ccc(/N=N\[*:2])cc1)NCCNC(=O)CO[*:1]
3643,O=C(COc1ccc(N=N[*:2])cc1)NCCNC(=O)CO[*:1]
3644,O=C(c1ccc(/N=N/c2ccc(OCCCC[*:1])cc2)cc1)[*:2]
3644,O=C(c1ccc(N=Nc2ccc(OCCCC[*:1])cc2)cc1)[*:2]
3645,O=C(c1ccc(/N=N/c2ccc(OCCCCCC[*:1])cc2)cc1)[*:2]
3645,O=C(c1ccc(N=Nc2ccc(OCCCCCC[*:1])cc2)cc1)[*:2]
3646,C(#C[*:2])CCC[*:1]
3647,O=C(CCCC#C[*:2])NCC(=O)[*:1]
3648,O=C(CCC#C[*:2])[*:1]
3649,C(#C[*:2])COCCCn1cc(CCCO[*:1])nn1
3650,C(#C[*:2])COCCCCCn1cc(CCCO[*:1])nn1
3651,C(#C[*:2])COCCCCCCCn1cc(CCCO[*:1])nn1
3652,c1c(CCCO[*:1])nnn1CCCOCCC[*:2]
3653,c1c(CCCO[*:1])nnn1CCCCCOCCC[*:2]
3654,c1c(CCCO[*:1])nnn1CCCCCCCOCCC[*:2]
3655,O=C(CCCc1cn(CCOCCN[*:2])nn1)[*:1]
3656,O=C(CCCc1cn(CCOCCOCCOCCN[*:2])nn1)[*:1]
3657,O=C(CCCn1cc(CCCCN[*:1])nn1)NCCCCCC[*:2]
3658,O=C(COCCOCCN1CCN(C[*:1])CC1)NCCN[*:2]
3659,O=C(COCCOCCOCCOCCN1CCN(C[*:1])CC1)NCCN[*:2]
3660,C(COCCN[*:1])C[*:2]
3661,C(COCCOCCO[*:2])OCCOCCO[*:1]
3662,C(COCC[*:1])OCCO[*:2]
3663,O=C(COc1ccc(/C=N/N[*:1])cc1)[*:2]
3663,O=C(COc1ccc(C=NN[*:1])cc1)[*:2]
3664,O=C(CCCOc1ccc(/C=N/N[*:1])cc1)[*:2]
3664,O=C(CCCOc1ccc(C=NN[*:1])cc1)[*:2]
3665,O=C(CCCCOc1ccc(/C=N/N[*:1])cc1)[*:2]
3665,O=C(CCCCOc1ccc(C=NN[*:1])cc1)[*:2]
3666,O=C(CCCCCOc1ccc(/C=N/N[*:1])cc1)[*:2]
3666,O=C(CCCCCOc1ccc(C=NN[*:1])cc1)[*:2]
3667,O=C(CCCCCCOc1ccc(/C=N/N[*:1])cc1)[*:2]
3667,O=C(CCCCCCOc1ccc(C=NN[*:1])cc1)[*:2]
3668,O=C(CCCCCCCOc1ccc(/C=N/N[*:1])cc1)[*:2]
3668,O=C(CCCCCCCOc1ccc(C=NN[*:1])cc1)[*:2]
3669,O=C(COCCOc1ccc(/C=N/N[*:1])cc1)[*:2]
3669,O=C(COCCOc1ccc(C=NN[*:1])cc1)[*:2]
3670,O=C(COCCOCCOc1ccc(/C=N/N[*:1])cc1)[*:2]
3670,O=C(COCCOCCOc1ccc(C=NN[*:1])cc1)[*:2]
3671,O=C(COCCOCCOCCOc1ccc(/C=N/N[*:1])cc1)[*:2]
3671,O=C(COCCOCCOCCOc1ccc(C=NN[*:1])cc1)[*:2]
3672,O=C(COCCOCCOCCOCCOc1ccc(/C=N/N[*:1])cc1)[*:2]
3672,O=C(COCCOCCOCCOCCOc1ccc(C=NN[*:1])cc1)[*:2]
3673,O=C(COCCOCCOCCOCCOCCOc1ccc(/C=N/N[*:1])cc1)[*:2]
3673,O=C(COCCOCCOCCOCCOCCOc1ccc(C=NN[*:1])cc1)[*:2]
3674,O=C(COCCOCCOCCOCCOCCOCCOc1ccc(/C=N/N[*:1])cc1)[*:2]
3674,O=C(COCCOCCOCCOCCOCCOCCOc1ccc(C=NN[*:1])cc1)[*:2]
3675,O=C(COc1ccc(/C=N/N[*:1])cc1)NCC#C[*:2]
3675,O=C(COc1ccc(C=NN[*:1])cc1)NCC#C[*:2]
3676,O=C(CCCOc1ccc(/C=N/N[*:1])cc1)NCC#C[*:2]
3676,O=C(CCCOc1ccc(C=NN[*:1])cc1)NCC#C[*:2]
3677,O=C(CCCCOc1ccc(/C=N/N[*:1])cc1)NCC#C[*:2]
3677,O=C(CCCCOc1ccc(C=NN[*:1])cc1)NCC#C[*:2]
3678,O=C(CCCCCOc1ccc(/C=N/N[*:1])cc1)NCC#C[*:2]
3678,O=C(CCCCCOc1ccc(C=NN[*:1])cc1)NCC#C[*:2]
3679,O=C(CCCCCCOc1ccc(/C=N/N[*:1])cc1)NCC#C[*:2]
3679,O=C(CCCCCCOc1ccc(C=NN[*:1])cc1)NCC#C[*:2]
3680,O=C(CCCCCCCOc1ccc(/C=N/N[*:1])cc1)NCC#C[*:2]
3680,O=C(CCCCCCCOc1ccc(C=NN[*:1])cc1)NCC#C[*:2]
3681,O=C(COCCOc1ccc(/C=N/N[*:1])cc1)NCC#C[*:2]
3681,O=C(COCCOc1ccc(C=NN[*:1])cc1)NCC#C[*:2]
3682,O=C(COCCOCCOc1ccc(/C=N/N[*:1])cc1)NCC#C[*:2]
3682,O=C(COCCOCCOc1ccc(C=NN[*:1])cc1)NCC#C[*:2]
3683,O=C(COCCOCCOCCOc1ccc(/C=N/N[*:1])cc1)NCC#C[*:2]
3683,O=C(COCCOCCOCCOc1ccc(C=NN[*:1])cc1)NCC#C[*:2]
3684,O=C(COCCOCCOCCOCCOc1ccc(/C=N/N[*:1])cc1)NCC#C[*:2]
3684,O=C(COCCOCCOCCOCCOc1ccc(C=NN[*:1])cc1)NCC#C[*:2]
3685,O=C(COCCOCCOCCOCCOCCOc1ccc(/C=N/N[*:1])cc1)NCC#C[*:2]
3685,O=C(COCCOCCOCCOCCOCCOc1ccc(C=NN[*:1])cc1)NCC#C[*:2]
3686,O=C(COCCOCCOCCOCCOCCOCCOc1ccc(/C=N/N[*:1])cc1)NCC#C[*:2]
3686,O=C(COCCOCCOCCOCCOCCOCCOc1ccc(C=NN[*:1])cc1)NCC#C[*:2]
3687,O=C(CCCOc1ccc(CCN[*:1])cc1)[*:2]
3688,O=C(CCCCOc1ccc(CCN[*:1])cc1)[*:2]
3689,O=C(CCCCCOc1ccc(CCN[*:1])cc1)[*:2]
3690,O=C(COCCOCCOC[*:2])[*:1]
3691,O=C(COCCOC[*:2])[*:1]
3692,O=C(COCCN[*:2])[*:1]
3693,O=C(COCCOCCOCCOCCN[*:2])[*:1]
3694,CN(CCO[*:1])C(=O)COCCOCCOCCN[*:2]
3695,C(COCCOCCOCCN[*:2])N[*:1]
3696,C(#C[*:2])[*:1]
3697,O=C(CCCCCCC(=O)[*:1])N/N=C/c1ccc([*:2])cc1
3697,O=C(CCCCCCC(=O)[*:1])NN=Cc1ccc([*:2])cc1
3698,c1cc([*:2])ccc1CNCc1cn(CCCO[*:1])nn1
3699,c1cc([*:2])ccc1CNCc1cn(CCCCCO[*:1])nn1
3700,c1cc([*:2])ccc1CNCc1cn(CCCCCCCO[*:1])nn1
3701,O=C(COCCCOCCN1CCC([*:1])CC1)[*:2]
3702,c1cc([*:1])ccc1OCCCCCN[*:2]
3703,O=C(COCCCOCCO[*:1])[*:2]
3704,O=C(COCCOCCC(F)(F)CCO[*:1])[*:2]
3705,O=C(COCCOCCCCCO[*:1])[*:2]
3706,C(COCCO[*:2])OCCOCC[*:1]
3707,O=C(COCCCOCCCCO[*:1])[*:2]
3708,O=C(COCC(F)(F)C(F)(F)C(F)(F)COCCCO[*:1])[*:2]
3709,O=C(COCCCOc1ccc([*:1])cc1)[*:2]
3710,O=C(COCC(F)(F)COc1ccc([*:1])cc1)[*:2]
3711,O=C(COCCCOCC(F)(F)C(F)(F)CO[*:1])[*:2]
3712,O=C(COCCCOCCCCOc1ccc([*:1])cc1)[*:2]
3713,C(COCCOCCOCCOCCOCCOCCOCCOCCO[*:1])N[*:2]
3714,C(COCCOCCOCCOCCOCCOCCOCCN[*:2])N[*:1]
3715,C(COCCOCCOCCOCCOCCOCCOCCOCCOCCN[*:2])N[*:1]
3716,C(CN[*:2])N[*:1]
3717,C1CN([*:2])CCN1[*:1]
3718,C1CN([*:1])CCC1N[*:2]
3719,C(CO[*:1])OCCO[*:2]
3720,O=C(CO[*:2])NCCCOCCOCCOCCCN[*:1]
3721,O=C(CCOCCOCCN[*:2])N1CCN([*:1])CC1
3722,O=C(CCOCCOCCOCCOCCN[*:2])N1CCN([*:1])CC1
3723,O=C(CCCCC(=O)[*:2])N1CCN([*:1])CC1
3724,O=C(CCOCCOCCN[*:2])[*:1]
3725,O=C(CCCN[*:2])N1CCN([*:1])CC1
3726,O=C(CN[*:2])[*:1]
3727,O=C(CCCCCN[*:2])[*:1]
3728,O=C(CCCCN[*:2])N1CCN([*:1])CC1
3729,C(#C[*:2])CCCN1CCN([*:1])CC1
3730,C(#C[*:2])CCCCCCCN1CCN([*:1])CC1
3731,O=C(CO[*:1])NCCCOCCOCCOCCCN(C(C(=O)NCc1ccccc1)c1ccc(Cl)cc1)[*:2]
3732,O=C(COCCCCCOCCO[*:1])[*:2]
3733,O=C(CCCCCCCCO[*:2])[*:1]
3734,O=C(CCCCCCO[*:2])[*:1]
3735,O=C(CCCCCC[*:2])[*:1]
3736,O=C(CCCCCN1CCN(CCCCC[*:2])CC1)[*:1]
3737,O=C(CCCN1CCN(CCCCC[*:2])CC1)[*:1]
3738,O=C(CCCCCN1CCN(CCC[*:2])CC1)[*:1]
3739,O=C(CCCN1CCN(CCC[*:2])CC1)[*:1]
3740,C1CN([*:2])CCC1N1CCN([*:1])CC1
3741,O=C(CN1CCN([*:1])CC1)NCCCCN[*:2]
3742,O=C(CC[*:1])NCCOCC(=O)[*:2]
3743,O=C(CC[*:1])NCCOCCOCC(=O)[*:2]
3744,O=C(CC[*:1])NCCCCC(=O)[*:2]
3745,O=C(CC[*:1])NCCCCCCC(=O)[*:2]
3746,O=C(CC[*:1])NCCCCCCCCC(=O)[*:2]
3747,O=C(CC[*:1])NCCCCCCCCCC(=O)[*:2]
3748,O=C(CCCCCCCCCCC(=O)[*:2])NCC[*:1]
3749,O=C(CC[*:1])NCCOCCOCCN[*:2]
3750,O=C(CC[*:1])NCCOCCOCCOCCOCCN[*:2]
3751,O=C(CC[*:1])NCCN[*:2]
3752,O=C(CC[*:1])NCCCCN[*:2]
3753,O=C(CC[*:1])NCCCCCCN[*:2]
3754,O=C(CC[*:1])NCCCCCCCCN[*:2]
3755,O=C(CCCCCCCCN[*:2])NCC[*:1]
3756,O=C(CC[*:1])NCCCCCCCCO[*:2]
3757,O=C(CCOCCOCCOCCN[*:2])[*:1]
3758,O=C(CCCCN[*:2])[*:1]
3759,O=C(CS[*:2])[*:1]
3760,O=C(CC[*:2])[*:1]
3761,C(C[*:1])S[*:2]
3762,O=C(CCCC[*:1])[*:2]
3763,c1c(COCCOCCOCCO[*:2])nnn1CCCN[*:1]
3764,O=C(CCCCc1cn(CCCN[*:1])nn1)[*:2]
3765,O=C(COCCOCCOCCOCc1cn(CCCN[*:1])nn1)[*:2]
3766,c1c(CCCN[*:1])nnn1CCOCCOCCN[*:2]
3767,c1c(CCCN[*:1])nnn1CCOCCOCCOCCOCCN[*:2]
3768,c1c(CCCN[*:1])nnn1CCOCCOCCOCCOCCOCCN[*:2]
3769,c1c(CCCN[*:1])nnn1CCOCCOCCOCCOCCOCCOCCN[*:2]
3770,O=C(CCCN[*:2])NCC[*:1]
3771,O=C(CCCCN[*:2])NCC[*:1]
3772,O=C(CCCCCN[*:2])NCC[*:1]
3773,O=C(c1cccc(C#C[*:2])c1)[*:1]
3774,O=C(c1ccc(C#C[*:2])cc1)[*:1]
3775,O=C(CCC#C[*:2])Nc1cccc(C(=O)[*:1])c1
3776,O=C(CCCC#C[*:2])Nc1cccc(C(=O)[*:1])c1
3777,O=C(CCCCC#C[*:2])Nc1cccc(C(=O)[*:1])c1
3778,O=C(CCC#C[*:2])Nc1ccc(C(=O)[*:1])cc1
3779,O=C(CCCC#C[*:2])Nc1ccc(C(=O)[*:1])cc1
3780,O=C(CCCCC#C[*:2])Nc1ccc(C(=O)[*:1])cc1
3781,O=C(c1cccc(OCC#C[*:2])c1)[*:1]
3782,O=C(c1cccc(OCCC#C[*:2])c1)[*:1]
3783,C(COCCOCCOCCOCCN[*:2])N[*:1]
3784,O=C(NCCCCC[*:2])c1ccc(N[*:1])cc1
3785,O=C([C@H]1C[C@H](N[*:2])C1)N1CCN([*:1])CC1
3785,O=C(C1CC(N[*:2])C1)N1CCN([*:1])CC1
3786,c1cc([*:1])ccc1OCCOCCOCCN[*:2]
3787,c1cc([*:1])ccc1OCCOCCOCCOCCN[*:2]
3788,c1cc([*:1])ccc1OCCCCCCN[*:2]
3789,c1cc([*:1])ccc1OCCCCCCCCN[*:2]
3790,c1cc([*:1])ccc1OCCCCCCCCCCN[*:2]
3791,O=C(COCCOCCN[*:2])N1CCC([*:1])CC1
3792,O=C(COCCOCCOCCN[*:2])N1CCC([*:1])CC1
3793,O=C(CCCCCN[*:2])N1CCC([*:1])CC1
3794,O=C(CCCCCCCN[*:2])N1CCC([*:1])CC1
3795,O=C(CCCCCCCCCN[*:2])N1CCC([*:1])CC1
3796,O=C(C1CCN([*:2])CC1)N1CC[C@@H](Oc2ccc([*:1])cc2)C1
3796,O=C(C1CCN([*:2])CC1)N1CCC(Oc2ccc([*:1])cc2)C1
3797,O=C(c1cn(CCOCCOCCOCCC[*:2])nn1)[*:1]
3798,N#CCCN(c1ccc2c(c1)OCCN2CC(=O)NCCOCCN[*:1])[*:2]
3799,N#CCCN(c1ccc2c(c1)OCCN2CC(=O)NCCCCCN[*:1])[*:2]
3800,N#CCCN(c1ccc2c(c1)OCCN2CC(=O)NCCOCCOCCN[*:1])[*:2]
3801,N#CCCN(c1ccc2c(c1)OCCN2CC(=O)NCCOCCOCCOCCN[*:1])[*:2]
3802,N#CCCN(c1ccc2c(c1)OCCN2CC(=O)NCCOCCOCCOCCOCCN[*:1])[*:2]
3803,N#CCCN(c1ccc2c(c1)OCCN2CC(=O)NCCCCC[*:1])[*:2]
3804,N#CCCN(c1ccc2c(c1)OCCN2CC(=O)NCCOCCOCC[*:1])[*:2]
3805,C#Cc1ccc(C(CC(=O)N2CCC(N3CCC(C#[*:1])CC3)CC2)N[*:2])cc1
3806,N#Cc1ccc(C(CC(=O)N2CCC(N3CCC(C#[*:1])CC3)CC2)N[*:2])cc1
3807,O=C(CC(N[*:2])c1ccc(Br)cc1)N1CCC(N2CCC(C#[*:1])CC2)CC1
3808,O=C(CC(N[*:2])c1ccc(Cl)cc1)N1CCC(N2CCC(C#[*:1])CC2)CC1
3809,O=C(CC(N[*:2])c1ccc(F)cc1)N1CCC(N2CCC(C#[*:1])CC2)CC1
3810,O=C(CC(N[*:2])c1ccccc1)N1CCC(N2CCC(C#[*:1])CC2)CC1
3811,O=C(CC(N[*:2])c1ccccc1)N1CCC(N2CC(C#[*:1])C2)CC1
3812,O=C(CC(N[*:2])c1ccccc1)N1CC(N2CCC(C#[*:1])CC2)C1
3813,O=C(CC(N[*:2])c1ccccc1)N1CCC(C#[*:1])CC1
3814,O=C(CC(N[*:2])c1ccccc1)N1CCC(C2CN([*:1])C2)CC1
3815,O=C(CC(N[*:2])c1ccccc1)N1CCC(N2CC([*:1])C2)CC1
3816,O=C(CC(N[*:2])c1ccccc1)N1CCC([*:1])CC1
3817,O=C(CC(N[*:2])c1ccccc1)N1CCN([*:1])CC1
3818,O=C(CC(N[*:2])c1ccc(F)cc1)N1CCC(C#[*:1])CC1
3819,O=C(CC(N[*:2])c1ccc(Cl)cc1)N1CCC(C#[*:1])CC1
3820,O=C(CC(N[*:2])c1ccc(Br)cc1)N1CCC(C#[*:1])CC1
3821,N#Cc1ccc(C(CC(=O)N2CCC(C#[*:1])CC2)N[*:2])cc1
3822,C#Cc1ccc(C(CC(=O)N2CCC(C#[*:1])CC2)N[*:2])cc1
3823,Cc1ncsc1-c1ccc(C(CC(=O)NCCCN2CCN(c3ccc(C#C[*:1])cn3)CC2)N[*:2])cc1
3824,Cc1ncsc1-c1ccc(C(CC(=O)N2CCN(c3ccc(C#C[*:1])cn3)CC2)N[*:2])cc1
3825,O=C(COc1ccc(C=NN[*:1])cc1)[*:2]
3826,O=C(CCCOc1ccc(C=NN[*:1])cc1)[*:2]
3827,O=C(CCCCOc1ccc(C=NN[*:1])cc1)[*:2]
3828,O=C(CCCCCOc1ccc(C=NN[*:1])cc1)[*:2]
3829,O=C(CCCCCCOc1ccc(C=NN[*:1])cc1)[*:2]
3830,O=C(CCCCCCCOc1ccc(C=NN[*:1])cc1)[*:2]
3831,O=C(COCCOc1ccc(C=NN[*:1])cc1)[*:2]
3832,O=C(COCCOCCOc1ccc(C=NN[*:1])cc1)[*:2]
3833,O=C(COCCOCCOCCOc1ccc(C=NN[*:1])cc1)[*:2]
3834,O=C(COCCOCCOCCOCCOc1ccc(C=NN[*:1])cc1)[*:2]
3835,O=C(COCCOCCOCCOCCOCCOc1ccc(C=NN[*:1])cc1)[*:2]
3836,O=C(COCCOCCOCCOCCOCCOCCOc1ccc(C=NN[*:1])cc1)[*:2]
3837,O=C(CCCCCCC(=O)[*:1])NN=Cc1ccc([*:2])cc1
3838,O=C(C1CC(N[*:2])C1)N1CCN([*:1])CC1
3839,O=C(CN1CCN([*:1])CC1)NCCC(=O)[*:2]
3840,O=C(COCCOCCN1CCN(C[*:1])CC1)[*:2]
3841,C(#C[*:1])CCN[*:2]
3842,C(#C[*:1])CCCCN[*:2]
3843,C(#C[*:1])COCCOCCN[*:2]
3844,C(#C[*:1])COCCOCCOCCOCCN[*:2]
3845,C(#C[*:1])COCCOCCOCCOCCOCCOCCN[*:2]
3846,CCN(CCOCCOCCOCC(=O)[*:2])CCO[*:1]
3847,CCN(CCOCCOCCOCC#C[*:2])CCO[*:1]
3848,CCN(CCCCCCC#C[*:2])CCO[*:1]
3849,CCN(CCOCCOCCOCCC(=O)[*:2])CCO[*:1]
3850,CCN(CCCC(=O)[*:2])CCO[*:1]
3851,CCN(CCCCC(=O)[*:2])CCO[*:1]
3852,CCN(CCCCCC(=O)[*:2])CCO[*:1]
3853,CCN(CCCCCCC(=O)[*:2])CCO[*:1]
3854,CCN(CCCCCCCCC(=O)[*:2])CCO[*:1]
3855,CCN(CCCCCCCCCC(=O)[*:2])CCO[*:1]
3856,CN(CCCCCCCC(=O)[*:2])CCO[*:1]
3857,CC(C)N(CCCCCCCC(=O)[*:2])CCO[*:1]
3858,CC(C)(C)N(CCCCCCCC(=O)[*:2])CCO[*:1]
3859,O=C(CCCCCCCN(CCO[*:1])C1CC1)[*:2]
3860,O=C(CCCCCCCN(CCO[*:1])C1CCC1)[*:2]
3861,O=C(CCCCCCCN(CCO[*:1])C1CCCC1)[*:2]
3862,O=C(CCCCCCCN(CCO[*:1])C1CCCCC1)[*:2]
3863,O=C(CCCCCCCN(CCO[*:1])CC1CCC1)[*:2]
3864,CCN(CCOCCOCCC(=O)[*:2])CCO[*:1]
3865,CCN(CCOCCOCC(=O)[*:2])CCO[*:1]
3866,CCN(CCCCCOCC(=O)[*:2])CCO[*:1]
3867,CCN(CCO[*:1])CCC1CCN(CCCC(=O)[*:2])CC1
3868,CCN(CCO[*:1])CCN1CCN(CCCC(=O)[*:2])CC1
3869,CCN(CCCC#Cc1cnn(CCC(=O)[*:2])c1)CCO[*:1]
3870,CCN(CCC#Cc1cnn(CC(=O)[*:2])c1)CCO[*:1]
3871,CCN(CCCCc1cnn(CC(=O)[*:2])c1)CCO[*:1]
3872,O=C(CCCOc1ccc(/C=N/N[*:1])cc1)[*:2]
3872,O=C(CCCOc1ccc(C=NN[*:1])cc1)[*:2]
3873,O=C(CCCCCOc1ccc(/C=N/N[*:1])cc1)[*:2]
3873,O=C(CCCCCOc1ccc(C=NN[*:1])cc1)[*:2]
3874,O=C(CCCCCCCOc1ccc(/C=N/N[*:1])cc1)[*:2]
3874,O=C(CCCCCCCOc1ccc(C=NN[*:1])cc1)[*:2]
3875,O=C(COCCOCCOc1ccc(/C=N/N[*:1])cc1)[*:2]
3875,O=C(COCCOCCOc1ccc(C=NN[*:1])cc1)[*:2]
3876,O=C(COCCOCCOCCOCCOc1ccc(/C=N/N[*:1])cc1)[*:2]
3876,O=C(COCCOCCOCCOCCOc1ccc(C=NN[*:1])cc1)[*:2]
3877,O=C(COCCOCCOCCOCCOCCOCCOc1ccc(/C=N/N[*:1])cc1)[*:2]
3877,O=C(COCCOCCOCCOCCOCCOCCOc1ccc(C=NN[*:1])cc1)[*:2]
3878,O=C(COc1ccc(C=NN[*:1])cc1)[*:2]
3879,O=C(CCCCOc1ccc(C=NN[*:1])cc1)[*:2]
3880,O=C(CCCCCCOc1ccc(C=NN[*:1])cc1)[*:2]
3881,O=C(COCCOc1ccc(C=NN[*:1])cc1)[*:2]
3882,O=C(COCCOCCOCCOc1ccc(C=NN[*:1])cc1)[*:2]
3883,O=C(COCCOCCOCCOCCOCCOc1ccc(C=NN[*:1])cc1)[*:2]
3884,O=C(CCCCCCCCCCC(=O)[*:2])N1CCN([*:1])CC1
3885,O=C(CCCCCCCCCN[*:2])N1CCN([*:1])CC1
3886,O=C(CCCCCCC(=O)[*:2])N1CCN([*:1])CC1
3887,O=C(CCC(=O)N1CCN([*:1])CC1)NCCCCNC(=O)CO[*:2]
3888,O=C(CO[*:2])NCCCCNC(=O)[*:1]
3889,O=C(CN[*:2])NCCCCC[*:1]
3890,O=C(CCC(=O)N1CCN([*:1])CC1)NCCCOCCOCCOCCCNC(=O)CO[*:2]
3891,O=C(CO[*:2])N1CCN([*:1])CC1
3892,O=C(NCCOCCOCC[*:2])c1ccc([*:1])cc1
3893,O=C(NCCOCCOCCOCCN[*:2])c1ccc([*:1])cc1
3894,O=C(COCCCOc1ccc([*:1])cc1)[*:2]
3895,O=C(CCOCCOCCO[*:1])NCC[*:2]
3896,O=C(CC[*:1])NCCCCN[*:2]
3897,O=C(CCN[*:1])NCCOCCOCCN[*:2]
3898,O=C(CCCCC(=O)[*:1])NCCOCCOCCN[*:2]
3899,c1c([*:1])nnn1CCOCCN[*:2]
3900,c1c([*:1])nnn1CCOCCOCCOCCN[*:2]
3901,O=C(CCCc1cn(CCOCCOCCOCCOCCN[*:2])nn1)[*:1]
3902,CCN(CCCCCCCC(=O)[*:2])CCO[*:1]
3903,O=C(CCOCCCOCCC[*:1])[*:2]
3904,C(COCCN1CCN(C[*:1])CC1)OCCO[*:2]
3905,O=C(COCCOCCOCCO[*:2])[*:1]
3906,c1cc([*:1])ccc1OCCOCC[*:2]
3907,c1cc(OCCOCC[*:2])ccc1N[*:1]
3908,c1cc(OCCOCCOCCN[*:2])ccc1N[*:1]
3909,O=C(COCCOCCN[*:1])[*:2]
3910,O=C(CO[*:2])NCCOCCOCCOCCOCCN[*:1]
3911,O=C(CO[*:2])NCCOCCCOCCCOCCN[*:1]
3912,O=C(CO[*:2])NCCCCCCN[*:1]
3913,O=C(c1cn(CCOCC[*:2])nn1)[*:1]
3914,c1c(CN[*:1])nnn1CCOCC[*:2]
3915,c1c(CN[*:1])nnn1CCOCCOCC[*:2]
3916,c1c(CN[*:1])nnn1CCOCCOCCOCC[*:2]
3917,O=C(c1cn(CCCCCCCC[*:2])nn1)[*:1]
3918,O=C(c1cn(CCOCCOCC#C[*:2])nn1)[*:1]
3919,O=C(c1cn(CCCCCOCC#C[*:2])nn1)[*:1]
3920,O=C(c1cn(CCCCCCCC#C[*:2])nn1)[*:1]
3921,O=C(c1cn(CCOCCOCCC[*:2])nn1)[*:1]
3922,O=C(c1cn(CCCCCOCCC[*:2])nn1)[*:1]
3923,O=C(c1cn(CCCCCCCCC[*:2])nn1)[*:1]
3924,O=C(CCC(=O)[*:1])NCCCC(=O)[*:2]
3925,O=C(CCCn1cc(C[*:1])nn1)[*:2]
3926,C1CN([*:2])CCN1[*:1]
3927,O=C(CCCc1cn(CCOCCOCCN[*:2])nn1)[*:1]
3928,O=C(CCCc1cn(CCOCCN[*:2])nn1)[*:1]
3929,O=C(CCCn1cc(CCCCN[*:1])nn1)NCCOCCOCC[*:2]
3930,O=C(CCCCCCC[*:2])Nc1ccc([*:1])cc1
3931,O=C(CCCC(=O)[*:1])NCC(=O)[*:2]
3932,O=C(CO[*:2])NCCCCCCCCN[*:1]
3933,C(CCN[*:1])CC[*:2]
3934,c1c(C[*:1])nnn1CCOCCOCCOCCOCCN[*:2]
3935,O=C(c1cnc(N2CCN(CC[*:1])CC2)nc1)[*:2]
3936,O=C(COCCOCCOCCN[*:2])N1CCN([*:1])CC1
3937,O=C(CCCC[*:2])NCc1ccc([*:1])cc1
3938,O=C(CCCCC[*:2])NCc1ccc([*:1])cc1
3939,O=C(CCCCCC[*:2])NCc1ccc([*:1])cc1
3940,O=C(CCOCCOCC[*:2])[*:1]
3941,O=C(CCOCCOCCOCCOCC[*:2])[*:1]
3942,O=C(CCOCCC(=O)[*:2])[*:1]
3943,O=C(CCOCCOCCOCCC(=O)[*:2])[*:1]
3944,O=C(CCOCCOCCOCCOCCOCCC(=O)[*:2])[*:1]
3945,C(CNCCOCCN[*:2])CON[*:1]
3946,C(COCCOCCOCCOCC[*:2])N[*:1]
3947,O=C(CCOCCOCCOCCn1cc(CC[*:1])nn1)[*:2]
3948,O=C(CCOCCOCCOCCOCCn1cc(CC[*:1])nn1)[*:2]
3949,O=C(COCCOCCOCCOCCOCCOCCN[*:2])[*:1]
3950,O=C(CO[*:2])NCCCOCCOCCOCCCN[*:1]
3951,O=C(CO[*:1])NCCCCCCCCN[*:2]
3952,O=C(CC[*:1])NCCOCCOCCN[*:2]
3953,C(CCC[*:2])CCN[*:1]
3954,C(COCCOCCN[*:2])N[*:1]
3955,O=C(NCCCCCCCCN[*:1])c1ccc(C[*:2])cc1
3956,C(CCCCN[*:2])CCCN[*:1]
3957,O=C(CC[*:1])NCCOCCOCCOCCN[*:2]
3958,O=C(CCOCCOCCOCCN[*:1])[*:2]
3959,C1CN([*:2])CCC1CN1CCN(C[*:1])CC1
3960,C(COCCN1CCN([*:1])CC1)OCCOCC[*:2]
3961,O=C(CN1CCN([*:1])CC1)NCCN[*:2]
3962,O=C(CCCCN[*:2])N1CCN([*:1])CC1
3963,O=C(COCCCOCCCCO[*:1])[*:2]
3964,O=C(CO[*:2])NCCCC(=O)[*:1]
3965,O=C(CCCNC(=O)CO[*:2])NCCC[*:1]
3966,O=C(CCCCCNC(=O)CN[*:2])NCCCCCC(=O)[*:1]
3967,O=C(CN[*:2])N1CCN([*:1])CC1
3968,O=C(CCCCCN[*:2])N1CCN([*:1])CC1
3969,O=C(CCCCCCC[*:2])N1CCN([*:1])CC1
3970,O=C(CCOCCOCCN[*:2])N1CCN([*:1])CC1
3971,O=C(CCCCCCCCCN[*:1])[*:2]
3972,O=C(CCCCCCCCCCCNCCCON[*:1])[*:2]
3973,O=C(CCCCCCCCCCNCCCCON[*:1])[*:2]
3974,O=C(CCCCCCCCCCCNCCCCON[*:1])[*:2]
3975,C(CNCCCON[*:1])CN[*:2]
3976,C(CCN[*:2])CNCCCON[*:1]
3977,C(CCNCCCON[*:1])CCN[*:2]
3978,C(CCCN[*:2])CCNCCCON[*:1]
3979,C(CCCNCCCON[*:1])CCCN[*:2]
3980,C(CCCCN[*:2])CCCNCCCON[*:1]
3981,C(CNCCOCCOCCN[*:2])CON[*:1]
3982,C(CNCCOCCOCCOCCN[*:2])CON[*:1]
3983,C(CNCCOCCOCCOCCOCCN[*:2])CON[*:1]
3984,C(CNCCOCCOCCOCCOCCOCCN[*:2])CON[*:1]
3985,C(CCO[*:2])CCN1CCN([*:1])CC1
3986,C(CCCN1CCN([*:1])CC1)CCC[*:2]
3987,C(CCCCCN1CCN([*:1])CC1)CCCCC[*:2]
3988,O=C(COCCOCCOCCOCCOCC(=O)[*:2])[*:1]
3989,C(COCC[*:2])N[*:1]
3990,O=C(CCOCCOCCOCCOC[*:2])[*:1]
3991,C(CCCCO[*:2])CCCO[*:1]
3992,C(CCCCCC[*:1])CCCCCO[*:2]
3993,C(COCCO[*:1])OCCOCCO[*:2]
3994,c1c(CO[*:2])nnn1CCCCCCCC[*:1]
3995,c1c(CO[*:2])nnn1CCOCCOCCOCC[*:1]
3996,O=C(NCCCCN[*:2])c1ccc(N[*:1])cc1
3997,O=C(NCCCCC[*:2])c1ccc(N[*:1])cc1
3998,O=C(CO[*:2])NCCN[*:1]
3999,O=C(NCCCCCN[*:2])c1ccc([*:1])cc1
4000,O=C(CCCC#C[*:2])Nc1ccc([*:1])cc1
4001,O=C(NCCOCC[*:2])c1ccc(N[*:1])cc1
4002,O=C(COCCOCCN[*:2])[*:1]
4003,O=C(COCCOCCOCCOCCN[*:2])[*:1]
4004,O=C(CO[*:2])NCCCCCN[*:1]
4005,O=C(CCOCCOCCN[*:1])[*:2]
4006,O=C(CCOCCOCCOCCOCCOCCOCCOCCOCC[*:2])[*:1]
4007,O=C(CCOCCOCCOCC[*:2])N1CCC([*:1])CC1
4008,C(CCOCCC[*:2])COCCCN[*:1]
4009,O=C(CN1CCN([*:1])CC1)[*:2]
4010,O=C(COCCO[*:1])[*:2]
4011,O=C(CO[*:1])NCCCCCCC(=O)[*:2]
4012,O=C(CO[*:1])NCCCCC(=O)[*:2]
4013,C1CN([*:2])CCC1CN[*:1]
4014,C(CCCCN1CCN([*:1])CC1)CCCN[*:2]
4015,c1c(CN2CCN([*:1])CC2)nnn1CCCCCO[*:2]
4016,C(CO[*:2])CN1CCN([*:1])CC1
4017,O=C(CCC(=O)N1CCN([*:1])CC1)NCCCCCCCCNC(=O)CO[*:2]
4018,O=C(CCOCCOCCOCCO[*:1])[*:2]
4019,O=C(CN[*:2])NCCOCCOCCOCCC(=O)[*:1]
4020,O=C(CCOCCOCCOCCOCCOCC[*:2])NCC[*:1]
4021,C(CN1CCN([*:2])CC1)C[*:1]
4022,O=C(CCC(=O)[*:1])NCCOCCN[*:2]
4023,O=C(CCC(=O)[*:1])NCCOCCOCCOCCN[*:2]
4024,O=C(CCC(=O)[*:1])NCCCCCCCC[*:2]
4025,O=C(CCC(=O)[*:1])NCCCCCCCCCC[*:2]
4026,O=C(CCC(=O)[*:1])NCCCCCCCCCCCC[*:2]
4027,O=C(CCCC#C[*:2])N1CCN([*:1])CC1
4028,C(COCCOCCOCCOCCOCCOCCOCCN[*:2])N[*:1]
4029,c1cc(CN[*:2])ccc1CN[*:1]
4030,O=C(c1cnc(N2CCC(C[*:1])CC2)nc1)[*:2]
4031,O=C(c1cnc(N2CCC(CCC[*:1])CC2)nc1)[*:2]
4032,O=C(c1ccc(N2CCN(CCC[*:1])CC2)cc1)[*:2]
4033,O=C(c1ccc(N2CCN(CCC[*:1])CC2)nc1)[*:2]
4034,O=C(NCCOCCOCCOCC[*:2])c1ccc([*:1])cc1
4035,O=C(C1CCN([*:1])CC1)N1CCN([*:2])CC1
4036,O=C(CCCNCCC[*:1])NCCOCCC(=O)[*:2]
4037,O=C(CCCNCCC[*:1])NCCOCCOCCC(=O)[*:2]
4038,O=C(CCCNCCC[*:1])NCCOCCOCCOCCC(=O)[*:2]
4039,O=C(CCCNCCC[*:1])NCCC(=O)[*:2]
4040,O=C(CCCNCCC[*:1])NCCCCC(=O)[*:2]
4041,O=C(CCCNCCC[*:1])NCCCCCC(=O)[*:2]
4042,O=C(CCCNCCC[*:1])NCCCCCCC(=O)[*:2]
4043,O=C(CCCNCCC[*:1])NCCCCCCCC(=O)[*:2]
4044,O=C(CCCNCCC[*:1])NCCCCCCCCC(=O)[*:2]
4045,O=C(CCCNCCC[*:1])NCCCCCCCCCC(=O)[*:2]
4046,O=C(CCCNCCC[*:1])NCCCCCCCCCCC(=O)[*:2]
4047,O=C(CCCNCCC[*:1])NCCOCCOCC[*:2]
4048,O=C(CCCNCCC[*:1])NCCOCCOCCOCCOCC[*:2]
4049,O=C(CCCNCCC[*:1])NCC[*:2]
4050,O=C(CCCNCCC[*:1])NCCCC[*:2]
4051,O=C(CCCNCCC[*:1])NCCCCCC[*:2]
4052,O=C(CCCNCCC[*:1])NCCCCCCCC[*:2]
4053,O=C(CCCCN[*:1])NCCCC[*:2]
4054,O=C(CCCCCN[*:1])NCCCC[*:2]
4055,O=C(CCCCCCN[*:1])NCCCC[*:2]
4056,O=C(NCCCC[*:2])c1ccc(CN[*:1])cc1
4057,O=C(CCCCC[*:2])N1CCC(N[*:1])CC1
4058,O=C(CCCCCN[*:2])N1CCC(N[*:1])CC1
4059,O=C(CO[*:2])NCCCCCCCCCCCCN[*:1]
4060,c1c(CCCN[*:1])nnn1CCOCCOCCOCCN[*:2]
4061,c1c(CCCN[*:1])nnn1CCOCCOCCOCCOCCOCCN[*:2]
4062,O=C(CN[*:1])NCCCCN[*:2]
4063,O=C(CN[*:1])NCCOCCOCCN[*:2]
4064,C(COCCOCCOCCOCCOCCOCC[*:2])N[*:1]
4065,O=C(CN1CCN([*:1])CC1)NCCCO[*:2]
4066,O=C(CN1CCN([*:1])CC1)NCCOCCOCCO[*:2]
4067,O=C(CCCCCCCCCCN1CCN([*:1])CC1)[*:2]
4068,O=C(COCCN1CCN([*:1])CC1)[*:2]
4069,O=C(Cn1cc(C[*:2])nn1)[*:1]
4070,O=C(Cn1cc(CCC(=O)[*:2])nn1)[*:1]
4071,O=C(Cn1cc(CCCC(=O)[*:2])nn1)[*:1]
4072,O=C(Cn1cc(CCCCC(=O)[*:2])nn1)[*:1]
4073,O=C(CCn1cc(CCCCC(=O)[*:2])nn1)[*:1]
4074,O=C(CCCc1cn(-c2ccc(CC(=O)[*:2])cc2)nn1)[*:1]
4075,O=C(CCCCCC[*:2])Nc1ccc([*:1])cc1
4076,O=C(CCn1cc(C[*:2])nn1)[*:1]
4077,O=C(CCn1cc(CCCC(=O)[*:2])nn1)[*:1]
4078,O=C(Cc1ccc(-n2cc(CN[*:1])nn2)cc1)[*:2]
4079,O=C(NCCCC(=O)[*:2])c1ccccc1[*:1]
4080,O=C(NCCCCC(=O)[*:2])c1ccccc1[*:1]
4081,O=C(NCCCCCC(=O)[*:2])c1ccccc1[*:1]
4082,O=C(NCCCCCCC(=O)[*:2])c1ccccc1[*:1]
4083,O=C(NCCCCCCCC(=O)[*:2])c1ccccc1[*:1]
4084,O=C(CC[*:1])NCCCNC(=O)CO[*:2]
4085,O=C(CC[*:1])NCCCCCCNC(=O)CO[*:2]
4086,O=C(CN1CCN([*:1])CC1)NCCCCCC[*:2]
4087,O=C(CCCc1ccc(N[*:2])cc1)[*:1]
4088,C1CN([*:2])CCC1CN1CCC(O[*:1])CC1
4089,O=C(NCCCOCCOCCOCCC[*:2])[*:1]
4090,O=C(NCCOCCOCCN[*:2])[*:1]
4091,O=C(CC[*:1])NCCOCCOCCOCCOCCOCCOCCOCCOCCOCCOCCOCC[*:2]
4092,O=C(CC[*:1])NCCOCCOCCOCCO[*:2]
4093,O=C(CC[*:1])NCCCCCO[*:2]
4094,O=C(COCCOCCOCCOCCN[*:1])[*:2]
4095,O=C(COCCOCCOCCOCCOCCOCCN[*:1])[*:2]
4096,O=C(CCCc1cn(CCOCCOCCOCC[*:2])nn1)[*:1]
4097,O=C(CCCCCOc1ccc(C=NN[*:1])cc1)[*:2]
4098,O=C(CCCCCCCOc1ccc(C=NN[*:1])cc1)[*:2]
4099,O=C(CCCCCCCCCCCN[*:2])N1CCN([*:1])CC1
4100,O=C(CCCCCCCN[*:2])N1CCN([*:1])CC1
4101,C(CN[*:2])COCCOCCOCCN[*:1]
4102,O=C(CCCOCCOCCOCCCNC(=O)CO[*:2])NCCC(=O)N1CCN([*:1])CC1
4103,O=C(NCCOCCOCCOCCOCCN[*:2])c1ccc([*:1])cc1
4104,O=C(NCCOCCOCCOCCOCC(=O)[*:2])c1ccc([*:1])cc1
4105,O=C(CCOCC[*:1])[*:2]
4106,O=C(CCOCCOCC[*:1])[*:2]
4107,O=C(CC[*:1])NCCN[*:2]
4108,O=C(CCCCCNC(=O)CC[*:1])NCCCCCCN[*:2]
4109,O=C(CCCCCN[*:2])NCCCCCCNC(=O)CC[*:1]
4110,Cc1ncsc1-c1ccc(C(CC(=O)N2CCC(N3CCC(C#C[*:1])CC3)CC2)N[*:2])cc1
4111,Cc1ncsc1-c1ccc(CN[*:2])c(OCCCCCN2CCN(C[*:1])CC2)c1
4112,Cc1ncsc1-c1ccc(CN[*:2])c(OCCOCC(=O)[*:1])c1
4113,Cc1ncsc1-c1ccc(CN[*:2])c(OCCOCCOCC(=O)[*:1])c1
4114,Cc1ncsc1-c1ccc(CN[*:2])c(OCCCCC(=O)[*:1])c1
4115,Cc1ncsc1-c1ccc(CN[*:2])c(OCCOCCCCC(=O)[*:1])c1
4116,O=C(COCCOCCOCCOCCN[*:1])[*:2]
4117,O=C(CCCCCCCN[*:2])[*:1]
4118,O=C(CCC(=O)[*:1])NCCCCCC(=O)[*:2]
4119,O=C(CCCc1cn(CCOCCOCCOCCN[*:2])nn1)[*:1]
4120,O=C(CCCC(=O)[*:2])NCCN[*:1]
4121,O=C(CCC(=O)[*:2])NCCCN[*:1]
4122,O=C(CCC(=O)[*:2])N1CCN([*:1])CC1
4123,C(CN[*:1])CN[*:2]
4124,C(CCN[*:1])CCN[*:2]
4125,O=C(CCC(=O)[*:2])NCCN[*:1]
4126,C(CCCCO[*:2])CCCN[*:1]
4127,c1c(C[*:1])nnn1CCOCCOCCOCCN[*:2]
4128,O=C(CCCCN[*:2])[*:1]
4129,C(CCN[*:2])CC[*:1]
4130,O=C(CCCOc1ccc(/C=N/N[*:1])cc1)[*:2]
4130,O=C(CCCOc1ccc(C=NN[*:1])cc1)[*:2]
4131,O=C(CCCCCOc1ccc(/C=N/N[*:1])cc1)[*:2]
4131,O=C(CCCCCOc1ccc(C=NN[*:1])cc1)[*:2]
4132,O=C(CCCCCCCOc1ccc(/C=N/N[*:1])cc1)[*:2]
4132,O=C(CCCCCCCOc1ccc(C=NN[*:1])cc1)[*:2]
4133,O=C(COCCOCCOc1ccc(/C=N/N[*:1])cc1)[*:2]
4133,O=C(COCCOCCOc1ccc(C=NN[*:1])cc1)[*:2]
4134,O=C(COCCOCCOCCOCCOc1ccc(/C=N/N[*:1])cc1)[*:2]
4134,O=C(COCCOCCOCCOCCOc1ccc(C=NN[*:1])cc1)[*:2]
4135,O=C(COCCOCCOCCOCCOCCOCCOc1ccc(/C=N/N[*:1])cc1)[*:2]
4135,O=C(COCCOCCOCCOCCOCCOCCOc1ccc(C=NN[*:1])cc1)[*:2]
4136,C(COCCOCCOCCN[*:2])N[*:1]
4137,O=C(CCCN[*:2])[*:1]
4138,O=C(CCOCCN[*:2])[*:1]
4139,O=C(CCOCCOCCOCCOCCN[*:2])[*:1]
4140,O=C(CCCC(=O)[*:2])[*:1]
4141,O=C(CCOCCC(=O)[*:2])[*:1]
4142,O=C(CCCCCCCCCCN[*:1])[*:2]
4143,O=C(COCCOCCOCCOCCN[*:2])[*:1]
4144,O=C(CCOCCOCCOCCOCCOCCN[*:1])[*:2]
4145,O=C(CN1CCN([*:1])CC1)NCCOCCN[*:2]
4146,O=C(C1CN([*:2])C1)N1CCN([*:1])CC1
4147,O=C(CO[*:2])NCCCC(=O)[*:1]
4148,O=C(CCCNC(=O)CN[*:2])NCCC[*:1]
4149,O=C(CCCCCC[*:1])NCCN[*:2]
4150,O=C(CCCCCCC[*:1])NCCN[*:2]
4151,O=C(CCCCCCCC[*:1])NCCN[*:2]
4152,O=C(CCCCCCCCC[*:1])NCCN[*:2]
4153,O=C(CCCCCCCC[*:1])NCCCCN[*:2]
4154,O=C(CCCCCCCC[*:1])NCCCCCCN[*:2]
4155,O=C(CCCCCCCC[*:1])NCCOCCN[*:2]
4156,O=C(CCCCCCCC[*:1])NCCOCCOCCN[*:2]
4157,O=C(CCCCCCCC[*:1])NCCCOCCOCCOCCCN[*:2]
4158,O=C(CCCCCCCC[*:1])NCC(=O)[*:2]
4159,O=C(CCCCCCCC[*:1])NCCCC(=O)[*:2]
4160,O=C(CCCCCCCC[*:1])NCCCCCC(=O)[*:2]
4161,O=C(CCOCCOCCOCCN[*:2])N1CCN([*:1])CC1
4162,O=C(CCN[*:1])[*:2]
4163,O=C(CCCCN[*:1])[*:2]
4164,O=C(CCCCCCCN[*:1])[*:2]
4165,O=C(CCCCCCCCCN[*:1])[*:2]
4166,O=C(CCOCCN[*:1])[*:2]
4167,O=C(CCOCCOCCN[*:1])[*:2]
4168,CN(CCCCCCCCCCC(=O)[*:2])[*:1]
4169,C(CCCCN1CCN([*:1])CC1)CCCO[*:2]
4170,O=C(COCC(=O)[*:2])[*:1]
4171,O=C(CCCCCCCCCC(=O)[*:2])[*:1]
4172,O=C(CCOCCOCN[*:2])[*:1]
4173,O=C(CCOCCOCCOCCOCCOCCN[*:2])N1CCN(C(=O)C2CCN([*:1])CC2)CC1
4174,O=C(COCCOC[*:2])N1CCN(C(=O)C2CCN([*:1])CC2)CC1
4175,C(#C[*:2])CCC[*:1]
4176,C(CCCN[*:1])CCCN[*:2]
4177,O=C(CO[*:2])NCCCN[*:1]
4178,O=C(CO[*:2])NCCCCCCCN[*:1]
4179,O=C(CO[*:2])NCCCCN[*:1]
4180,O=C(CO[*:2])NCCOCCN[*:1]
4181,O=C(CO[*:2])NCCOCCOCCOCCN[*:1]
4182,O=C(CCC(=O)[*:2])[*:1]
4183,O=C(CCCCCCCCC(=O)[*:2])[*:1]
4184,O=C(CCOCCOCCOCCOCCC(=O)[*:2])N1CCC([*:1])CC1
4185,O=C(CCCO[*:1])[*:2]
4186,O=C(CO[*:2])NCCCCCCN1CCN([*:1])CC1
4187,O=C(CN[*:2])NCCCCCCCCN1CCN([*:1])CC1
4188,c1c(CN2CCN([*:1])CC2)nnn1CCCC[*:2]
4189,O=C(CCN[*:2])N1CCN([*:1])CC1
4190,O=C(CO[*:2])NCCCC[*:1]
4191,O=C(CO[*:2])NCCCCCC[*:1]
4192,O=C(CO[*:2])NCCOCCOCC[*:1]
4193,O=C(CCC#C[*:2])N1CCN([*:1])CC1
4194,O=C(CCCCC#C[*:2])N1CCN([*:1])CC1
4195,O=C(Cc1ccc(CN[*:1])cc1)[*:2]
4196,O=C(CCCCCC#C[*:2])N1CCN([*:1])CC1
4197,O=C(CCCCCCCC#C[*:2])N1CCN([*:1])CC1
4198,O=C(CCCCCCCCCC#C[*:2])N1CCN([*:1])CC1
4199,O=C(c1cnc(N2CCN(CC[*:1])CC2)cn1)[*:2]
4200,O=C(COCCOCCOCCO[*:1])[*:2]
4201,O=C(CCOCCOCCOCCOCCN[*:2])N1CCN(C(=O)C2CCN([*:1])CC2)CC1
4202,O=C(CCOCCOCCOCCN[*:2])N1CCN(C(=O)C2CCN([*:1])CC2)CC1
4203,O=C(CCOCCOCCN[*:2])N1CCN(C(=O)C2CCN([*:1])CC2)CC1
4204,O=C(CCOCCN[*:2])N1CCN(C(=O)C2CCN([*:1])CC2)CC1
4205,O=C(NCCN[*:2])C1CCN([*:1])CC1
4206,O=C(NCC(=O)[*:2])C1CCN([*:1])CC1
4207,O=C(CC[*:1])NCCOCCOCC(=O)[*:2]
4208,O=C(CC[*:1])NCCOCCOCCOCCOCCOCCC(=O)[*:2]
4209,O=C(CC[*:1])NCC(=O)[*:2]
4210,O=C(CCCO[*:2])N1CCC(N[*:1])CC1
4211,O=C(CCCCO[*:2])N1CCC(N[*:1])CC1
4212,O=C(CCCCCCO[*:2])N1CCC(N[*:1])CC1
4213,O=C(CN[*:2])N1CCC(N[*:1])CC1
4214,O=C(CCCCN[*:2])N1CCC(N[*:1])CC1
4215,O=C(CCCCCCC(=O)[*:2])N1CCC(N[*:1])CC1
4216,O=C(CN1CCN([*:1])CC1)NCCCCCCO[*:2]
4217,O=C(CN1CCN([*:1])CC1)NCCOCCOCCOCCO[*:2]
4218,O=C(NCCOCCC(=O)[*:2])N1CCN([*:1])CC1
4219,O=C(CN1CCN([*:1])CC1)NCCCCCS[*:2]
4220,O=C(COCCOCCOCCOCCN1CCN([*:1])CC1)[*:2]
4221,O=C(COCCOCCN1CCN([*:1])CC1)[*:2]
4222,O=C(c1ccccc1[*:1])[*:2]
4223,O=C(NCCC(=O)[*:2])c1ccccc1[*:1]
4224,O=C(NCCOCC(=O)[*:2])c1ccccc1[*:1]
4225,O=C(NCCOCCOCC(=O)[*:2])c1ccccc1[*:1]
4226,O=C(NCCOCCOCCOCC(=O)[*:2])c1ccccc1[*:1]
4227,O=C(NCCOCCOCCOCCOCC(=O)[*:2])c1ccccc1[*:1]
4228,O=C(NCCOCCOCCOCCOCCOCC(=O)[*:2])c1ccccc1[*:1]
4229,O=C(NCCOCCOCCOCCOCCOCCOCC(=O)[*:2])c1ccccc1[*:1]
4230,C(CCC[*:1])CCN[*:2]
4231,O=C(CN1CCN([*:1])CC1)NCCN[*:2]
4232,O=C(CN1CCN([*:1])CC1)NCCCCN[*:2]
4233,O=C(CN1CCN([*:1])CC1)NCCCCCN[*:2]
4234,O=C(c1cn(CCOCCOCCOCCOCCOCCN[*:2])nn1)[*:1]
4235,O=C(c1cn(CCOCCOCCOCCOCCOCCOCCN[*:2])nn1)[*:1]
4236,O=C(c1cn(CCOCCOCC(=O)[*:2])nn1)[*:1]
4237,O=C(CCc1ccc(N2CCN([*:2])CC2)cc1)[*:1]
4238,O=C(CN[*:2])N1CCN(CCC(=O)[*:1])CC1
4239,CN(CCC(=O)[*:1])CC1CCN([*:2])CC1
4240,O=C(CCC1CCC(N2CCN([*:2])CC2)CC1)[*:1]
4241,O=C(CN[*:2])N1CCN(CCCC(=O)[*:1])CC1
4242,CN(CC1CCN([*:2])CC1)C1CC(C(=O)[*:1])C1
4243,O=C(NCCCN[*:2])[*:1]
4244,O=C(NCCCCCCCC(=O)[*:2])[*:1]
4245,O=C(NCCCCCCCCCCC(=O)[*:2])[*:1]
4246,O=C(CCOCCOCCOCCOCCOCCOCCN[*:1])[*:2]
4247,O=C(COc1ccc(C=NN[*:1])cc1)[*:2]
4248,O=C(COCCOc1ccc(C=NN[*:1])cc1)[*:2]
4249,O=C(COCCOCCOCCOc1ccc(C=NN[*:1])cc1)[*:2]
4250,O=C(COCCOCCOCCOCCOCCOc1ccc(C=NN[*:1])cc1)[*:2]
4251,O=C(CCCCOc1ccc(C=NN[*:1])cc1)[*:2]
4252,O=C(c1cn(CCOCCOCC(=O)[*:2])nn1)[*:1]
4253,O=C(CO[*:2])NCCCCCCN1CCN([*:1])CC1
4254,C(CCN[*:2])CN[*:1]
4255,C(CCCN[*:2])CCN[*:1]
4256,O=C(CO[*:2])NCCN[*:1]
4257,O=C(CO[*:2])NCCCCN[*:1]
4258,O=C(CO[*:2])NCCCCCCN[*:1]
4259,O=C(c1cn(CCOCC(=O)[*:2])nn1)[*:1]
4260,O=C(c1cn(CCOCCOCCOCC(=O)[*:2])nn1)[*:1]
4261,O=C(CN[*:2])NCCOCCN1CCN([*:1])CC1
4262,c1c(C[*:2])nnn1CCCN[*:1]
4263,O=C(NCCOCCOCCOCC[*:2])c1ccc([*:1])cc1
4264,O=C(CN[*:1])[*:2]
4265,O=C(CN1CCN([*:1])CC1)NCCOCCOCCO[*:2]
4266,c1cc(OCCOCC[*:2])ccc1NCCC[*:1]
4267,c1cc(OCCOCC[*:2])ccc1NCc1cn(CCC[*:1])nn1
4268,[Cl-].[NH3+]C(CCn1cc(CCCCN[*:1])nn1)C(=O)NCCCC[*:2]
4269,O=C(COCCOCCOCCN[*:1])[*:2]
4270,O=C(CCCCC[*:1])NCCOCCOCCOCC[*:2]
4271,O=C(c1ccc([*:1])cc1)N1CCN([*:2])CC1
4272,O=C(NCCOCCOCC[*:2])c1ccc([*:1])cc1
4273,[Cl-].[NH3+][C@@H](CCn1cc(CCCCN[*:1])nn1)C(=O)NCCCC[*:2]
4273,[Cl-].[NH3+]C(CCn1cc(CCCCN[*:1])nn1)C(=O)NCCCC[*:2]
4274,CN(CCCN[*:2])C[*:1]
4275,O=C(NCCC[*:1])c1ccc([*:2])cc1
4276,C(CN[*:2])N[*:1]
4277,O=C(CC[*:1])NCCN[*:2]
4278,O=C(CCCCO[*:2])[*:1]
4279,C(CCN1CCN([*:1])CC1)CC[*:2]
4280,O=C(CCCCCCCC(=O)[*:2])[*:1]
4281,O=C(CCCCCCCCCCCCCCC(=O)[*:2])[*:1]
4282,O=C(COCCOCCOCC(=O)[*:2])[*:1]
4283,O=C(C[*:2])NCCOCCOCCN[*:1]
4284,c1c(C[*:1])nnn1CCCN[*:2]
4285,C(CCCC[*:1])CCCN[*:2]
4286,O=C(NCCC(=O)[*:2])c1ccc([*:1])cc1
4287,O=C(NCCCC(=O)[*:2])c1ccc([*:1])cc1
4288,O=C(NCCCCC(=O)[*:2])c1ccc([*:1])cc1
4289,O=C(NCCOCCOCCC(=O)[*:2])c1ccc([*:1])cc1
4290,O=C(COCCOCCOc1ccc([*:1])cc1)[*:2]
4291,C1CN([*:2])CCC1[*:1]
4292,C[C@H]1C[C@H]([*:1])CCN1[*:2]
4292,CC1CC([*:1])CCN1[*:2]
4293,C[C@@H]1CN([*:2])CC[C@H]1[*:1]
4293,CC1CN([*:2])CCC1[*:1]
4294,C[C@H]1CN([*:2])CC[C@@H]1[*:1]
4294,CC1CN([*:2])CCC1[*:1]
4295,CC1CC([*:1])CCN1[*:2]
4296,CC1CN([*:2])CCC1[*:1]
4297,C(CCCCN[*:2])CCCN[*:1]
4298,O=C(CO[*:2])NCCOCCOCCN[*:1]
4299,O=C(CO[*:2])NCCOCCO[*:1]
4300,O=C(CO[*:2])NCCOCCOCCOC[*:1]
4301,O=C(CCOCCOCCOCCOCCN[*:2])[*:1]
4302,O=C(COCc1ccc(O[*:1])cc1)[*:2]
4303,O=C(COCCOCCOCCN[*:1])[*:2]
4304,O=C(CCCCCCCCCCN[*:1])[*:2]
4305,C1CN([*:2])CCC1[*:1]
4306,CN(CCOCCOCCOCC[*:1])CC[C@H](CSc1ccccc1)Nc1ccc(S(=O)(=O)NC(=O)c2ccc(N3CCN(C[*:2])CC3)cc2)cc1S(=O)(=O)C(F)(F)F
4306,CN(CCOCCOCCOCC[*:1])CCC(CSc1ccccc1)Nc1ccc(S(=O)(=O)NC(=O)c2ccc(N3CCN(C[*:2])CC3)cc2)cc1S(=O)(=O)C(F)(F)F
4307,CN(CCCCCCCn1cc(COCCOCC[*:1])nn1)CC[C@@H](CSc1ccccc1)Nc1ccc(S(=O)(=O)NC(=O)c2ccc(N3CCN(C[*:2])CC3)cc2)cc1S(=O)(=O)C(F)(F)F
4307,CN(CCCCCCCn1cc(COCCOCC[*:1])nn1)CCC(CSc1ccccc1)Nc1ccc(S(=O)(=O)NC(=O)c2ccc(N3CCN(C[*:2])CC3)cc2)cc1S(=O)(=O)C(F)(F)F
4308,CN(CCOCCOCCOCCOCC[*:1])CC[C@@H](CSc1ccccc1)Nc1ccc(S(=O)(=O)NC(=O)c2ccc(N3CCN(C[*:2])CC3)cc2)cc1S(=O)(=O)C(F)(F)F
4308,CN(CCOCCOCCOCCOCC[*:1])CCC(CSc1ccccc1)Nc1ccc(S(=O)(=O)NC(=O)c2ccc(N3CCN(C[*:2])CC3)cc2)cc1S(=O)(=O)C(F)(F)F
4309,C(CCN[*:2])CN[*:1]
4310,O=C(CCC(=O)[*:2])NCCN[*:1]
4311,C(CN[*:2])N[*:1]
4312,C(CCN[*:1])CCN[*:2]
4313,CN(CCCCCCCn1cc(COCCOCC[*:1])nn1)CC[C@H](CSc1ccccc1)Nc1ccc(S(=O)(=O)NC(=O)c2ccc(N3CCN(C[*:2])CC3)cc2)cc1S(=O)(=O)C(F)(F)F
4313,CN(CCCCCCCn1cc(COCCOCC[*:1])nn1)CCC(CSc1ccccc1)Nc1ccc(S(=O)(=O)NC(=O)c2ccc(N3CCN(C[*:2])CC3)cc2)cc1S(=O)(=O)C(F)(F)F
4314,CN(CCOCCOCCOCCOCC[*:1])CC[C@H](CSc1ccccc1)Nc1ccc(S(=O)(=O)NC(=O)c2ccc(N3CCN(C[*:2])CC3)cc2)cc1S(=O)(=O)C(F)(F)F
4314,CN(CCOCCOCCOCCOCC[*:1])CCC(CSc1ccccc1)Nc1ccc(S(=O)(=O)NC(=O)c2ccc(N3CCN(C[*:2])CC3)cc2)cc1S(=O)(=O)C(F)(F)F
4315,O=C(NCCOCCOCCO[*:2])C1CCN([*:1])C1
4316,O=C(CCCCCCCCCCCN[*:1])[*:2]
4317,CN(CCOCCOCCOCC[*:1])CCC(CSc1ccccc1)Nc1ccc(S(=O)(=O)NC(=O)c2ccc(N3CCN(C[*:2])CC3)cc2)cc1S(=O)(=O)C(F)(F)F
4318,CN(CCCCCCCn1cc(COCCOCC[*:1])nn1)CCC(CSc1ccccc1)Nc1ccc(S(=O)(=O)NC(=O)c2ccc(N3CCN(C[*:2])CC3)cc2)cc1S(=O)(=O)C(F)(F)F
4319,CN(CCOCCOCCOCCOCC[*:1])CCC(CSc1ccccc1)Nc1ccc(S(=O)(=O)NC(=O)c2ccc(N3CCN(C[*:2])CC3)cc2)cc1S(=O)(=O)C(F)(F)F
4320,C1CN([*:2])CCN1[*:1]
4321,O=C(COCCOCCOCCN[*:1])[*:2]
4322,C(CCCCC[*:2])CCCCN[*:1]
4323,C(CN[*:2])N[*:1]
4324,C(CCN[*:2])CN[*:1]
4325,C(CCCN[*:1])CCCN[*:2]
4326,C(COCCN[*:2])N[*:1]
4327,C(N[*:2])[*:1]
4328,C(CN[*:2])C[*:1]
4329,C(CN[*:1])COCCOCCO[*:2]
