ID,SMILES
0,CC1(C)CCC(c2ccc(Cl)cc2)=C(CN2CCN(c3ccc(C(=O)NS(=O)(=O)c4ccc(N[C@H](CCN5CCOCC5)CSc5ccccc5)c(S(=O)(=O)C(F)(F)F)c4)cc3)CC2)C1
1,C=CC(=O)Nc1cccc(-n2c(=O)cc(C)c3cnc(Nc4ccc(N5CCN(C)CC5)cc4OC)nc32)c1
2,COc1cc2c(OC[C@@H]3CCC(=O)N3)nccc2cc1C(N)=O
3,CC[C@H]1[C@@H](COc2nccc3cc(C(N)=O)c(OC)cc23)NC(=O)[C@H]1F
4,Cc1nc(Nc2ncc(C(=O)Nc3c(C)cccc3Cl)s2)cc(N2CCN(CCO)CC2)n1
5,COc1cc(/C=C2\SC(=O)NC2=O)ccc1Oc1ccc(C#N)cc1C(F)(F)F
6,CC[C@H](C)[C@H](N)c1cn([C@@H](Cc2ccc(O)cc2)C(=O)N2CCN(c3nc(N)nc(N4CCN(C(=O)[C@H](Cc5ccc(O)cc5)n5cc([C@@H](N)[C@@H](C)CC)nn5)CC4)n3)CC2)nn1
7,CCn1nc(C2CC2)cc1Nc1ncnc2[nH]c3cc(-c4c(C)noc4C)c(OC)cc3c12
8,CC[C@@H]1C(=O)N(C)c2cnc(Nc3ccccc3OC)nc2N1C1CCCC1
9,Cn1cc(Nc2ncc(Cl)c(NCc3cc(F)ccc3F)n2)cn1
10,COc1cc(-c2cnc3cccc(-c4cc(F)c(CN5CCS(=O)(=O)CC5)c(F)c4)c3n2)ccc1OCCCN1CCOCC1
11,CN(C)C1CCN(c2ccc(Nc3cc4c(N5CCC(CO)CC5)nc(Nc5ccc(F)cc5)nc4cn3)nc2)CC1
12,CC(C)S(=O)(=O)c1ccccc1Nc1nc(Nc2ccc(N3CCN(C)CC3)cc2)ncc1Cl
13,CC(C)(C)c1cc(NC(=O)Nc2ccc(-c3cn4c(n3)sc3ccccc34)cc2)no1
14,COc1cc(Nc2c(C#N)cnc3cc(OCCCN4CCN(C)CC4)c(OC)cc23)c(Cl)cc1Cl
15,CN1CCN(c2ccc(Nc3cc(-c4cccc(-n5ccc6cc(C7CC7)cc(F)c6c5=O)c4CO)cn(C)c3=O)nc2)CC1
16,CN(CCCNc1nc(Nc2ccccc2)ncc1Br)C(=O)C1CCC1
17,CN(CCCNc1ccnc(Nc2ccccc2)n1)C(=O)C1CCC1
18,CN(CCCNc1nc(Nc2ccccc2)ncc1F)C(=O)C1CCC1
19,CN(CCCNc1nc(Nc2ccccc2)ncc1Cl)C(=O)C1CCC1
20,CN(CCCNc1nc(Nc2ccccc2)ncc1I)C(=O)C1CCC1
21,CN(CCCNc1nc(Nc2ccccc2)ncc1C(F)(F)F)C(=O)C1CCC1
22,Cc1cnc(Nc2ccccc2)nc1NCCCN(C)C(=O)C1CCC1
23,CCc1cnc(Nc2ccccc2)nc1NCCCN(C)C(=O)C1CCC1
24,CN(CCCNc1nc(Nc2ccccc2)ncc1C1CCC1)C(=O)C1CCC1
25,C=Cc1cnc(Nc2ccccc2)nc1NCCCN(C)C(=O)C1CCC1
26,CN(CCCNc1nc(Nc2ccccc2)ncc1C1CC1)C(=O)C1CCC1
27,COc1cccc(Cc2cnc(NC(=O)CSc3nc(C)cc(C)n3)s2)c1
28,COc1ccc(CC(=O)Nc2cc(C3CCC3)[nH]n2)cc1
29,CC(C)(C)S(=O)(=O)c1ccc2nccc(Nc3ccc4scnc4c3)c2c1
30,COc1cc(/C=C2\SC(=O)N(C)C2=O)ccc1Oc1ccc(C#N)cc1C(F)(F)F
31,C=CC(=O)N1CCC[C@@H](n2nc(-c3ccc(Oc4ccccc4)cc3)c3c(N)ncnc32)C1
32,Cc1sc2c(c1C)C(c1ccc(Cl)cc1)=N[C@@H](CC(=O)OC(C)(C)C)c1nnc(C)n1-2
33,CCC(C)(C)C(=O)C(=O)N1CCCC[C@H]1C(=O)OC(CCc1ccc(OC)c(OC)c1)c1cccc(N)c1
34,Cc1ccc(NC(=O)c2ccc(CN3CCN(C)CC3)cc2)cc1Nc1nccc(-c2cccnc2)n1
35,COc1ccc(-c2cn(C)c(=O)c3cc(C(=N)NC4CCS(=O)(=O)CC4)sc23)cc1OC
36,COc1cc(-c2cn(C)c(=O)c3cnccc23)cc(OC)c1CN(C)C
37,CC(C)(C)c1cnc(CSc2cnc(NC(=O)C3CCNCC3)s2)o1
38,COC[C@@H](C)N[C@H]1CC[C@H](Nc2cc(-c3cccc(NCC4(C#N)CCOCC4)n3)c(Cl)cn2)CC1
39,Cc1nn(C)c(COc2ccc(N3CCN(S(=O)(=O)N(C)C)CC3)cc2)c1-c1cccc2c(CCCOc3cccc4ccccc34)c(C(=O)O)n(CCN3CCOCC3)c12
40,Nc1nnc(-c2ccccc2O)cc1N1CCNCC1
41,CC(C)NC[C@@H](C(=O)N1CCC(c2ncnc3c2[C@H](C)C[C@H]3O)CC1)c1ccc(Cl)cc1
42,O=C(NC1CCNCC1)c1n[nH]cc1NC(=O)c1c(Cl)cccc1Cl
43,O=C(Nc1ccc(CN2CCNCC2)cc1)c1n[nH]cc1Nc1ncnc2[nH]ccc12
44,CS(=O)(=O)c1ccc(-c2cnc(NCc3ccco3)n3cnnc23)cc1
45,O=C(O)c1ccc(CN(CC2CCCCC2)S(=O)(=O)c2ccc(S(=O)(=O)N(Cc3ccc(Cl)cc3)C3CCCC3)cc2)cc1
46,CC1(C)[C@H](NC(=O)c2ccccc2)C(C)(C)[C@H]1Oc1ccc(C#N)c(Cl)c1
47,O=C(c1ccc(OCCN2CCCCC2)cc1)c1c(-c2ccc(O)cc2)sc2cc(O)ccc12
48,CC/C(=C(\c1ccccc1)c1ccc(/C=C/C(=O)O)cc1)c1ccccc1
49,CCCCN(Cc1ccc(C(=O)NO)cc1)C(=O)Nc1ccccc1
50,CC(=O)Nc1ccc(OCC(C)(O)C(=O)Nc2ccc([N+](=O)[O-])c(C(F)(F)F)c2)cc1
51,CC(=O)c1c(C)c2cnc(Nc3ccc(N4CCNCC4)cn3)nc2n(C2CCCC2)c1=O
52,Cc1cc(Nc2ncc(Cl)c(Nc3ccccc3S(=O)(=O)C(C)C)n2)c(OC(C)C)cc1C1CCNCC1
53,COc1ccc(/C=N/NC(=O)CCCCCCC(=O)NO)cc1
54,COc1ccc(OC)c2c1c(OC)cc1c(=O)cc(-c3ccccc3)oc12
55,CNC(=O)c1ccc(N2C(=S)N(c3ccc(C#N)c(C(F)(F)F)c3)C(=O)C2(C)C)cc1F
56,CN1C[C@H](Nc2cnn(C)c(=O)c2Br)C[C@H](c2ccccc2)C1
57,CNC(=O)c1ccc(Nc2ncc(C(F)(F)F)c(NCc3ccccc3N(C)S(C)(=O)=O)n2)cc1
58,CNC(=O)CCc1ccc(-c2cnc(NCc3c(F)ccc4c3CCO4)n3cnnc23)c(C)n1
59,Cc1sc2c(c1C)C(c1ccc(Cl)cc1)=N[C@@H](CC(=O)Nc1ccc(O)cc1)c1nnc(C)n1-2
60,N#CC1=C(C#N)c2ccc(Sc3ccc(Br)cc3)c3cccc(c23)C1=O
61,CC(C)(C)c1ccc(C(=O)NCCN2C(=O)c3cccc4c(Sc5ccc(Br)cc5)ccc(c34)C2=O)cc1
62,N#CN1CCC[C@H](n2nc(-c3ccc(Oc4ccc(F)cc4F)cc3)c(C(N)=O)c2N)C1
63,C=CC(=O)N1C[C@H](n2nc(-c3ccc(Oc4ccccc4)cc3)c3c(N)ncnc32)C[C@H]1C(=O)O
64,C=CC(=O)N[C@@H](CCC(=O)O)C(=O)Nc1cccc(Nc2ncc(NC(=O)c3cc(NC(=O)c4cccc(C)c4)ccc3C)cn2)c1
65,CN(C)C(=O)c1cc2cnc(Nc3ccc(N4CCNCC4)cn3)nc2n1C1CCCC1
66,CCN1CCN(Cc2ccc(Nc3ncc(F)c(-c4cc(F)c5nc(C)n(C(C)C)c5c4)n3)nc2)CC1
67,Nc1cccc2c1C(=O)N(C1CCC(=O)NC1=O)C2=O
68,NC(=O)c1cccc2cn(-c3ccccc3)nc12
69,C=Cc1c(Cc2ccc(F)c(C(=O)N3CCN(C(=O)CCC)CC3)c2)n[nH]c(=O)c1C
70,CCOc1ccc2c(c1)sc1nc(-c3ccc(NC(=O)Nc4cc(C(C)(C)C)on4)cc3)cn12
71,CC1(C)C(NC(=O)c2cnn(CCO)c2)C(C)(C)C1Oc1ccc(C#N)c(Cl)c1
72,CNC(=O)c1ccc(N2C(=S)N(c3cnc(C#N)c(C(F)(F)F)c3)C(=O)C23CCC3)cc1F
73,CC(O)(CS(=O)(=O)c1ccc(F)cc1)C(=O)Nc1ccc(C#N)c(C(F)(F)F)c1
74,COc1cc2c(Oc3ccc(NC(=O)C4(C(=O)Nc5ccc(F)cc5)CC4)cc3F)ccnc2cc1O
75,O=C(NCCO)c1cccc(-c2cc(Nc3ccc(OC(F)(F)F)cc3)ncn2)c1
76,Oc1cccc(-c2cc(Nc3ccc(OC(F)(F)F)cc3)ncn2)c1
77,COc1c(O)cc(O)c2c(=O)cc(-c3ccccc3)oc12
78,Cc1ccc(F)c(S(=O)(=O)Nc2ccc(-c3nc(OC[C@H]4CNCCO4)c4cn[nH]c4n3)cc2)c1
79,COc1ccc(Cl)c(S(=O)(=O)Nc2ccc(-c3nc(OC[C@H]4CNCCO4)c4c(C)n[nH]c4n3)cc2)c1
80,CN(C)CC#Cc1ccc(OCCCc2sc(N3CCc4cccc(C(=O)Nc5nc6ccccc6s5)c4C3)nc2C(=O)O)c(F)c1
81,COc1cc(/C=C(\C#N)C(N)=O)ccc1OCc1ccc(C(F)(F)F)cc1C(F)(F)F
82,CC[N]CCOc1ccc(/C(=C(/CC)c2ccccc2)c2ccc(O)cc2)cc1
83,CC[N]CCOc1ccc(/C(=C(/CC)c2ccccc2)c2ccccc2)cc1
84,CC[N]CCOc1ccc(Cn2c(-c3ccc(O)cc3)c(C)c3cc(O)ccc32)cc1
85,CC[N]CCOc1ccc([C@@H]2c3ccc(O)cc3CC[C@@H]2c2ccccc2)cc1
86,CNc1cc(CS(=O)(=O)/C=C/c2c(OC)cc(OC)cc2OC)ccc1OC
87,CC(C)CCC(=O)N1CCN2c3ncc(Cl)c(n3)Nc3cc4c(c(c3)OCCOC[C@H]2C1)N(C)C(=O)CC4
88,COc1cc(N2CCC(N3CCN(C)CC3)CC2)ccc1Nc1ncc(Cl)c(Nc2ccccc2P(C)(C)=O)n1
89,CS(=O)(=O)CCNCc1ccc(-c2ccc3ncnc(Nc4ccc(OCc5cccc(F)c5)c(Cl)c4)c3c2)o1
90,COc1cc2ncnc(Nc3ccc(F)c(Cl)c3)c2cc1OCCCN1CCOCC1
91,CN(C)C/C=C/C(=O)Nc1cc2c(Nc3ccc(F)c(Cl)c3)ncnc2cc1OC1CCOC1
92,COc1cc2c(Oc3ccc(NC(=O)C4(C(=O)Nc5ccc(F)cc5)CC4)cc3F)ccnc2cc1OCCCN1CCOCC1
93,Cc1nnc2n1-c1sc(C#Cc3cnn(C)c3)c(Cc3ccccc3)c1COC2
94,Cc1ncc([N+](=O)[O-])n1CCOC(=O)NC(Nc1ncccn1)C(Cl)(Cl)Cl
95,COc1cc(-c2cn(C)c(=O)c3cnccc23)c(OC)cc1CN(C)C
96,O=C1CCC(N2C(=O)c3ccccc3C2=O)C(=O)N1
97,CC(=O)N1CC[C@H]2CC[C@@H](C(=O)N[C@@H](CCC(N)=O)C(=O)NC(c3ccccc3)c3ccccc3)N2C(=O)[C@@H](NC(=O)c2cc3cc(C(F)(F)P(=O)(O)O)ccc3[nH]2)C1
98,CC(=O)N1CC[C@H]2CC[C@@H](C(=O)N[C@@H](CCC(N)=O)C(=O)NCc3ccccc3)N2C(=O)[C@@H](NC(=O)c2cc3cc(C(F)(F)P(=O)(O)O)ccc3[nH]2)C1
99,CNC(=O)[C@H](CCC(N)=O)NC(=O)[C@@H]1CC[C@@H]2CCN(C(C)=O)C[C@H](NC(=O)c3cc4cc(C(F)(F)P(=O)(O)O)ccc4[nH]3)C(=O)N12
100,CC(=O)N1CC[C@H]2CC[C@@H](C(=O)N[C@@H](CCC(N)=O)C(=O)NC(c3ccccc3)c3ccccc3)N2C(=O)[C@@H](NC(=O)c2cc3cc(OP(=O)(O)O)ccc3[nH]2)C1
101,CC(=O)N1CC[C@H]2CC[C@@H](C(=O)N[C@@H](CCC(N)=O)C(=O)NC(c3ccccc3)c3ccccc3)N2C(=O)[C@@H](NC(=O)c2cc3cc(CP(=O)(O)O)ccc3[nH]2)C1
102,CC(=O)N1CC[C@H]2CC[C@@H](C(=O)N[C@@H](CCC(N)=O)C(=O)NC(c3ccccc3)c3ccccc3)N2C(=O)[C@@H](NC(=O)/C=C(\C)c2ccc(C(F)(F)P(=O)(O)O)cc2)C1
103,CNC(=O)c1ccc(NC(=O)[C@@H]2NC3(CCCCC3)[C@@]3(C(=O)Nc4cc(Cl)ccc43)[C@H]2c2cccc(Cl)c2F)cc1
104,Cc1ccc(N2C(=S)N(c3cnc(C#N)c(C(F)(F)F)c3)C(=O)C23CCC3)cc1
105,Cc1ccc(S(=O)CC(C)(O)C(=O)Nc2ccc(C#N)c(C(F)(F)F)c2)cc1
106,Cc1ccc(C(=O)N[C@H]2C(C)(C)[C@H](Oc3ccc(C#N)c(Cl)c3)C2(C)C)cc1
107,Cc1ccc(Cc2c(C)nn(-c3ccc(C#N)c(Cl)c3)c2C)cc1
108,C=CC(=O)N1CCN(c2ncnc3c(F)c(-c4cc(O)cc5ccccc45)c(Cl)cc23)CC1
109,COc1ccccc1S(=O)(=O)Nc1ccc2c3c(cccc13)C(=O)N2C
110,O=C(C[C@H]1C2=NN=C(N2C3=C(C(C4=CC=C(C=C4)Cl)=N1)C(C)=C(S3)C)C)OC(C)(C)C
111,FC1=CC(I)=CC=C1NC(N2C)=C(NS(C3=CC=CC=C3)(=O)=O)C=C(C)C2=O
112,C=CC(=O)N1CCC[C@H](C1)N2C3=C(C(=N2)C4=CC=C(C=C4)OC5=CC=CC=C5)C(=NC=N3)N
113,CC1=NOC(C)=C1C2=CC=C3C(C(C4=CC=CC=C4)NC(N3C)=O)=C2
114,C1(=CC=C(C=C1)C2=C(CC(CC2)(C)C)CN3CCN(CC3)C4=CC=C(C=C4)C(=O)N[S](C5=CC=C(C(=C5)[S](C(F)(F)F)(=O)=O)NC(CCN6CCNCC6)CSC7=CC=CC=C7)(=O)=O)Cl
115,OC(C=C1)=CC=C1NC2=NC(NC3=CC4=C(C=CC=C4)C=N3)=CC=N2
116,OC(C=C1)=CC=C1NC2=NC(NC3=NNC(C)=C3)=CC=N2
117,NC1=C2C(NN=C2C3=CC=CC=C3)=NC=N1
118,O=S(C1=CC2=C(C=C1)N=CC=C2NC(C=C3)=CC4=C3SC=N4)(C(C)(C)C)=O
119,CC[N]CCOc1ccc(/C(c2ccc(O)cc2)=C(c3ccccc3)/CC)cc1
120,C=CC(N1C[C@H](N(CC1)C2=NC(N(C3=C2C=C(C(C4=C(C=CC=C4F)O)=N3)F)C5=C(C=CN=C5C(C)C)C)=O)C)=O
121,O=C(N(CC)C1=O)N(C2CC2)C3=C1C=C(C(N)=O)C(N)=N3
122,CCN(C(N1CC)=O)C(C2=C1N=C(C(C(N)=O)=C2)N)=O
123,O=S(NCCNC1=NON=C1/C(NC2=CC(Br)=C(F)C=C2)=N/O)(N)=O
124,O=C(NC1=CC=CC=C1N)C2=CC=C(NC(C)=O)C=C2
125,O=C(C1=C2C=C(C(C)=O)O1)C3=CC=CC=C3C2=O
126,ClC1=C(C=CC=C1NC(C)=O)SC2=NC=C(N=C2N)N3CCC(C)(CC3)N
127,ClC1=CC=C(C2=N[C@H](C3=NN=C(N3C4=C2C(C)=C(S4)C)C)CC(OC(C)(C)C)=O)C=C1
128,O=C(O)C1=CC=C(C2=CC3=C(N(C(C)=O)[C@@H](C)C[C@H]3NC4=CC=C(Cl)C=C4)C=C2)C=C1
129,O=C(NCC1=CC=C(C2=C(C)N=CS2)C=C1)[C@H]3N(C([C@H](C(C)(C)C)N)=O)C[C@H](O)C3
130,O=C(NCC1=CC=C(C2=C(C)N=CS2)C=C1)[C@@H]3N(C([C@@H](C(C)(C)C)NC(C4(C#N)CC4)=O)=O)C[C@@H](O)C3
131,O=C(C1=CC=C2C(N=C(NC3=CC=CC(Cl)=C3)C4=C2C=NC=C4)=C1)O
132,NC1=CC=CC2=C1C(N(C2=O)C3CCC(NC3=O)=O)=O
133,Cc1ncsc1-c1ccc(CNC(=O)[C@@H]2C[C@@H](O)CN2C(=O)[C@@H](N)C(C)(C)C)cc1
134,O=C([C@H]1N(C([C@@H](NC(C2(F)CC2)=O)C(C)(C)C)=O)C[C@H](O)C1)NCC3=CC=C(C4=C(C)N=CS4)C=C3O
135,O=C(N/N=C/C1=CC=C(OC)C=C1)CCCCCCC(NO)=O
136,O=C(N(CCCC)CC1=CC=C(C(NO)=O)C=C1)NC2=CC=CC=C2
137,COC1=C(C=C(C(N(CCN(C)C)C)=C1)NC(C=C)=O)NC2=NC=CC(C3=CN(C4=C3C=CC=C4)C)=N2
138,FC1=CC=C(C2=CC=C(C(O)=O)C=C2N3CCC(C4=C(C)N=CN4)CC3)C=C1C
139,N#CC[C@@H]1N(C(C(F)=C)=O)CCN(C2=C3C(CN(C4=C5C(Cl)=CC=CC5=CC=C4)CC3)=NC(OC[C@H]6N(C)CCC6)=N2)C1
140,CC1=CC=C2C(SC(C3=CC=C(NC)C=C3)=N2)=C1
141,CN(C)C1=CC=C(/N=N/C2=NC3=C(S2)C=C(OC)C=C3)C=C1
142,O=S(C1=CC=CC=C1NC2=NC(NC3=CC(C)=C(C4CCNCC4)C=C3OC(C)C)=NC=C2Cl)(C(C)C)=O
143,CC(C1=C(C)C2=CN=C(NC3=NC=C(C=C3)N4CCNCC4)N=C2N(C5CCCC5)C1=O)=O
144,O=C(C1=CC2=CN=C(NC3=NC=C(N4CCNCC4)C=C3)N=C2N1C5CCCC5)N(C)C
145,CCN(CC1)CCN1CC(C=C2)=CN=C2NC3=NC=C(C(C4=CC(F)=C(N=C5C)C(N5C(C)C)=C4)=N3)F
146,CS(=O)(N(C)C1=NC=CC=C1CNC2=NC(NC3=CC4=C(NC(C4)=O)C=C3)=NC=C2C(F)(F)F)=O
147,CNC(C(C=C1)=CC=C1NC2=NC(NCC3=C(N(C)S(C)(=O)=O)N=CC=N3)=C(C(F)(F)F)C=N2)=O
148,O=S(N(C)C1=NC=CC=C1CNC2=NC(NC3=CC(CC(N4)=O)=C4C=C3)=C(C(F)(F)F)C=N2)(C)=O
149,O=C(NC1=NC=CS1)C(N(CC2=C3C=C(C4=CN=C(N5CCNCC5)C=C4)C=C2)C3=O)C6=CC=CC=C6
150,O=C(NC1=NC=CS1)C(C2=CC(F)=CC=C2O)N(CC3=C4C=C(C5=CC=C(N6CCNCC6)C=C5)C=C3)C4=O
151,O=C(NC1=NC=CS1)C(N(CC2=C3C=C(C4=CC=C(N5CCNCC5)C=C4)C=C2)C3=O)C6=CC(F)=CC=C6F
152,O=C(C(C1=CC=CC=C1)N(C2=O)CC3=C2C=C(C=C3)C4=CC=C(C=C4)N5CCNCC5)NC6=NC=CS6
153,CC(/C=C/C=C(/C=C/C1=C(CCCC(C)1C)C)C)=C\C(O)=O
154,CC(C)(C1=CC(C(/C=C/C(C=C2)=CC=C2C(O)=O)=O)=CC(C(C)(C)C)=C1)C
155,OC(C=C1)=CC(CC[C@@]2([H])[C@]3([H])CC4)=C1[C@@]2([H])CC[C@]3(C)C4=O
156,O[C@H]1CC[C@@]2([H])[C@]3([H])CC[C@@]4([H])CC(CC[C@]4(C)[C@@]3([H])CC[C@]12C)=O
157,OC1=CC=C(/C(C2=CC=C(OCCNC)C=C2)=C(C3=CC=CC=C3)\CC)C=C1
158,CCS(=O)(NC1=CC=C(C(C2=CN(C(C3=C2C=CN3)=O)C)=C1)OC4=CC=C(C=C4F)F)=O
159,FC(C1=NC2=CC=CC=C2N1C3=NC(N4CCOCC4)=NC(N5CCOCC5)=N3)F
160,O=P([O-])OC[C@@H]1O[C@H](N2C=NC3=C2N=C(N)NC3=O)[C@@H](O)[C@H]1O
161,O[C@H]1[C@@H](O[C@@H]([C@H]1O)N2C3=C(C(NC(N)=N3)=O)[N+](CC4=CC=CC=C4)=C2)COP(O)=O
162,O[C@H]1[C@@H](O[C@@H]([C@H]1O)N2C3=C(C(NC(N)=N3)=O)[N+](CC4=CC=C(F)C=C4)=C2)COP(O)=O
163,O[C@H]1[C@@H](O[C@@H]([C@H]1O)N2C3=C(C(NC(N)=N3)=O)[N+](CC4=CC=C(F)C=C4)=C2)COS(=O)(O)=O
164,O[C@H]1[C@@H](O[C@@H]([C@H]1O)N2C3=C(C(NC(N)=N3)=O)[N+](CC4=CC=CC=C4)=C2)COS(=O)(O)=O
165,O[C@H]1[C@@H](O[C@@H]([C@H]1O)N2C3=C(C(NC(N)=N3)=O)N=C2)COS(=O)(O)=O
166,O=C1NC(N)=NC2=C1[N+](CC3=CC=C(F)C=C3)=CN2[C@H]4O[C@@H](COP(OP(O)(O)=O)(O)=O)[C@H](O)[C@@H]4O
167,O=C1NC(N)=NC2=C1[N+](CC3=CC=CC=C3)=CN2[C@H]4O[C@@H](COP(OP(O)(O)=O)(O)=O)[C@H](O)[C@@H]4O
168,O=C1NC(N)=NC2=C1N=CN2[C@H]3O[C@@H](COP(OP(O)(O)=O)(O)=O)[C@H](O)[C@@H]3O
169,O=C(N1CCNCC1)N2C(C3=CC=C(Cl)C=C3)C(C4=CC=C(Cl)C=C4)N=C2C5=CC=C(C(C)(C)C)C=C5OCC
170,O=C(N1CCNCC1)N2[C@H](C3=CC=C(Cl)C=C3)[C@H](C4=CC=C(Cl)C=C4)N=C2C5=CC=C(C(C)(C)C)C=C5OCC
171,O=C1N(CC=C)N(C2=NC(C(C)(O)C)=CC=C2)C3=NC(NC4=CC=C(N5CCN(C)CC5)C=C4)=NC=C31
172,O=C(C[C@@H](C[C@@H](CCN1C(C2=CC=C(F)C=C2)=C(C(C(NC3=CC=CC=C3)=O)=C1C(C)C)C4=CC=CC=C4)O)O)O
173,O=C(N)CCCN1N=C(C)C2=C(C)N(C3=CC=C(C)C=C3)N=C2C1=O
174,O=C(C1=CC(C2=NNC=C2)=C(N3C[C@H](O)CC3)N=C1)NC4=CC=C(OC(F)(Cl)F)C=C4
175,CN1CCN(CC1)CC2=CC=C(C=C2C(F)(F)F)NC(C3=CC(C#CC4=CN=C5C=CC=NN45)=C(C=C3)C)=O
176,O=C(N1CCN(C2=NC(C)=NC(NC3=NC=C(/C=C/C4=CC=CC(C)=C4)S3)=C2)CC1)CCCC#C
177,O=C(NC)C1=CC=C(C)C(N2C(C)=CC(OCC3=CC=C(F)C=C3F)=C(Br)C2=O)=C1
178,O=C([C@@H]1N(CC2=CC=C(OCC3=C(C)C(C4=CC=CC=C4)=CC=C3)C(Br)=C2)CCCC1)O
179,O=C(C1N(CC2=CC(Cl)=C(OCC3=C(C)C(C4=CC=CC=C4)=CC=C3)C=C2OCC5=CC=CC(C#N)=C5)CCCC1)O
180,O=C(C1N(CC2=CC(Cl)=C(OCC3=CC=CC(C4=CC=C5OCCOC5=C4)=C3C)C=C2OCC6=CC=CC(C#N)=C6)CCCC1)O
181,OC1=CC=C(CN(C2=CC=C(OC)C(OC)=C2)C(O3)=O)C3=C1
182,C/C=C/C[C@H]([C@H]([C@H]1C(N[C@H](C(N(CC(N([C@H](C(N[C@H](C(N([C@H](C(N[C@H](C(N[C@@H](C(N([C@H](C(N([C@H](C(N([C@H](C(N1C)=O)C(C)C)C)=O)CC(C)C)C)=O)CC(C)C)C)=O)C)=O)C)=O)CC(C)C)C)=O)C(C)C)=O)CC(C)C)C)=O)C)=O)CC)=O)O)C
183,O=C(O)c1ccc(NC(=O)[C@@H]2NC3(CCCCC3)[C@@]3(C(=O)Nc4cc(Cl)ccc43)[C@H]2c2cccc(Cl)c2F)cc1
184,CC/C(=C(\c1ccc(O)cc1)c1ccc(OCCN(C)C)cc1)c1ccccc1
185,CC/C(=C(\c1ccccc1)c1ccc(OCCN(C)C)cc1)c1ccccc1
186,Cc1c(-c2ccc(O)cc2)n(Cc2ccc(OCCN3CCCCCC3)cc2)c2ccc(O)cc12
187,Oc1ccc2c(c1)CC[C@H](c1ccccc1)[C@@H]2c1ccc(OCCN2CCCC2)cc1
188,CC1(C)[C@H](NC(=O)c2cnn(CCO)c2)C(C)(C)[C@H]1Oc1ccc(C#N)c(Cl)c1
189,Cc1nn(-c2ccc(C#N)c(Cl)c2)c(C)c1Cc1ccc(F)cc1
190,CCn1nc(C2CC2)cc1Nc1nc(C(=O)NC)nc2[nH]c3cc(-c4c(C)noc4C)c(OC)cc3c12
191,CNC(=O)c1ncc2c(n1)[nH]c1cc(-c3c(C)noc3C)c(OC)cc12
192,COCCn1cc(COc2cccc(Cc3cnc(NC(=O)CSc4nc(C)cc(C)n4)s3)c2)nn1
193,NC(=O)c1cccc2cn(-c3ccc([C@@H]4CCCNC4)cc3)nc12
194,O=C(c1cc(Cc2n[nH]c(=O)c3ccccc23)ccc1F)N1CCN(C(=O)C2CC2)CC1
195,Nc1ncnc2c1c(-c1ccc(Oc3ccccc3)cc1)nn2C1CCNCC1
196,CC(=O)Nc1ccc(OC[C@](C)(O)C(=O)Nc2ccc([N+](=O)[O-])c(C(F)(F)F)c2)cc1
197,Nc1ncnc2c1c(-c1ccc(Oc3ccccc3)cc1)nn2[C@@H]1CCCNC1
198,CC(=O)N1CCC[C@@H](n2nc(-c3ccc(Oc4ccc(F)cc4F)cc3)c(C(N)=O)c2N)C1
199,COc1cc(OC)c(/C=C/S(=O)(=O)Cc2ccc(OC)c(NCC(=O)O)c2)c(OC)c1
200,C=CC(=O)Nc1cccc(Nc2nc(Nc3ccc(OCCOC)cc3)ncc2F)c1
201,CNC(=O)c1ccc(Nc2ncc(C(F)(F)F)c(NCc3nccnc3N(C)S(C)(=O)=O)n2)cc1
202,CC(C)(C)c1cc(NC(=O)Nc2ccc(-c3cn4c(n3)sc3cc(OCCN5CCOCC5)ccc34)cc2)no1
203,CN(C)C/C=C/C(=O)Nc1cc2c(Nc3ccc(F)c(Cl)c3)ncnc2cc1O[C@H]1CCOC1
204,CN1C[C@@H](Nc2cnn(C)c(=O)c2Br)C[C@@H](c2ccccc2)C1
205,FC(F)c1nc2ccccc2n1-c1nc(N2CCOCC2)nc(N2CCOCC2)n1
206,CCC(C)(C)C(=O)C(=O)N1CCCC[C@H]1C(=O)O[C@H](CCc1ccc(OC)c(OC)c1)c1cccc(N)c1
207,COc1cc2nccc(Nc3ccc4scnc4c3)c2cc1S(=O)(=O)C(C)(C)C
208,Cc1cc(NS(=O)(=O)c2ccccc2)c(Nc2ccc(I)cc2F)n(C)c1=O
209,COC(=O)CCCCC(=O)NCCN1C(=O)c2cccc3c(Sc4ccc(Br)cc4)ccc(c23)C1=O
210,CC(=O)CCNC1=C(C#N)C(=O)c2cccc3c(Sc4ccc(Br)cc4)ccc1c23
211,COc1cc(N2CCNCC2)ccc1Nc1ncc(Cl)c(Nc2ccccc2P(C)(C)=O)n1
212,COc1cc(N2CCC(N)CC2)ccc1Nc1ncc(Cl)c(Nc2ccccc2P(C)(C)=O)n1
213,COc1cc(N2CCC(N3CCNCC3)CC2)ccc1Nc1ncc(Cl)c(Nc2ccccc2P(C)(C)=O)n1
214,COc1cc(N2CCC(N3CCN(C)CC3)CC2)ccc1Nc1ncc(Cl)c(Nc2ccccc2S(=O)(=O)C(C)C)n1
215,CCOc1cc(C(C)(C)C)ccc1C1=N[C@@](C)(c2ccc(Cl)cc2)[C@@](C)(c2ccc(Cl)cc2)N1C(=O)N1CCN(CCCS(C)(=O)=O)CC1
216,O=C(NC1CCNCC1)c1[nH]ncc1NC(=O)c1c(Cl)cccc1Cl
217,CN1CCN(Cc2ccc(NC(=O)c3[nH]ncc3Nc3ncnc4[nH]ccc34)cc2)CC1
218,Cc1c(COc2cc(OCc3cccc(C#N)c3)c(CN3CCCCC3C(=O)O)cc2Cl)cccc1-c1ccc2c(c1)OCCO2
219,Nc1nc2c(c(=O)[nH]1)[n+](Cc1ccccc1)cn2[C@@H]1O[C@H](COP(=O)(O)O)[C@@H](O)[C@H]1O
220,Nc1nc2c(c(=O)[nH]1)[n+](Cc1ccc(F)cc1)cn2[C@@H]1O[C@H](COP(=O)(O)O)[C@@H](O)[C@H]1O
221,Nc1nc2c(c(=O)[nH]1)[n+](Cc1ccccc1)cn2[C@@H]1O[C@H](COP(=O)(O)OP(=O)(O)O)[C@@H](O)[C@H]1O
222,Nc1nc2c(c(=O)[nH]1)[n+](Cc1ccc(Cl)cc1)cn2[C@@H]1O[C@H](COP(=O)(O)OP(=O)(O)O)[C@@H](O)[C@H]1O
223,Nc1nc2c(ncn2[C@@H]2O[C@H](COP(=O)(O)O)[C@@H](O)[C@H]2O)c(=O)[nH]1
224,Nc1nc2c(ncn2[C@@H]2O[C@H](COP(=O)(O)OP(=O)(O)O)[C@@H](O)[C@H]2O)c(=O)[nH]1
225,CC1=C(/C=C/C(C)=C/C=C/C(C)=C/C(=O)O)C(C)(C)CCC1
226,O=S(=O)(c1ccc(S(=O)(=O)N(Cc2ccc(Cl)cc2)C2CCCC2)cc1)N(Cc1ccccc1)CC1CCNCC1
227,O=C(Nc1nc2ccccc2s1)c1cccc2c1CN(c1nc(C(=O)O)c(CCCOc3ccc(C#CCN4CCNCC4)cc3F)s1)CC2
228,CC(=O)Nc1ccc(C(=O)Nc2ccccc2N)cc1
229,CC(C)(C)c1cc(C(=O)/C=C/c2ccc(C(=O)O)cc2)cc(C(C)(C)C)c1
230,C[C@]12CC[C@@H]3c4ccc(O)cc4CC[C@H]3[C@@H]1CCC2=O
231,C[C@]12CCC(=O)C[C@@H]1CC[C@@H]1[C@@H]2CC[C@]2(C)[C@@H](O)CC[C@@H]12
232,OCCn1cc(Nc2ncc(Cl)c(NCc3cc(F)ccc3F)n2)cn1
233,Cc1noc(C)c1-c1ccc2c(c1)C(c1ccccc1)NC(=O)N2C
234,CC[C@@H]1[C@H](F)C(=O)N[C@@H]1COc1nccc2cc(C(N)=O)c(OC)cc12
235,COc1cc2c(OC[C@@H]3CCC(=O)N3)ncc(Br)c2cc1C(N)=O
236,CC[C@@H]1C(=O)N(C)c2cnc(Nc3ccc(C(=O)NC4CCN(C)CC4)cc3OC)nc2N1C1CCCC1
237,CC(C)NC[C@@H](C(=O)N1CCN(c2ncnc3c2[C@H](C)C[C@H]3O)CC1)c1ccc(Cl)cc1
238,CO[C@H]1C[C@@H]2CC[C@@H](C)[C@@](O)(O2)C(=O)C(=O)N2CCCC[C@H]2C(=O)O[C@H]([C@H](C)C[C@@H]2CC[C@@H](O)[C@H](OC)C2)CC(=O)[C@H](C)/C=C(\C)[C@@H](O)[C@@H](OC)C(=O)[C@H](C)C[C@H](C)/C=C/C=C/C=C/1C
239,Cc1[nH]nc(Nc2ncnc3cc(O)c(S(=O)(=O)C(C)(C)C)cc23)c1C
240,NCCCOC(=O)NC(Nc1ncccn1)C(Cl)(Cl)Cl
241,CC(=O)N[C@H](C(=O)N1C[C@H](O)C[C@H]1C(=O)NCc1ccc(-c2scnc2C)cc1)C(C)(C)C
242,Cc1ncsc1-c1ccc(CNC(=O)[C@@H]2C[C@@H](O)CN2C(=O)[C@@H](NC(=O)C2(C#N)CC2)C(C)(C)C)cc1
243,C#CCOCCOCCOCCNc1nc(N2CCN(C(=O)[C@H](Cc3ccc(O)cc3)n3cc([C@@H](N)[C@@H](C)CC)nn3)CC2)nc(N2CCN(C(=O)[C@H](Cc3ccc(O)cc3)n3cc([C@@H](N)[C@@H](C)CC)nn3)CC2)n1
244,CCN1CCN(Cc2ccc(NC(=O)c3cccc(-c4ccc5nc(NC(=O)C6CC6)sc5n4)c3)cc2C(F)(F)F)CC1
245,COC(=O)C1CCN(c2ncc(C(=O)Nc3ccc(OC(F)(F)Cl)cc3)cc2-c2ccn[nH]2)C1
246,C[C@]12CC[C@@H]3c4ccc(O)cc4CC[C@H]3[C@@H]1CC[C@@H]2O
247,COc1ccc2c(Nc3c(Cl)cncc3Cl)cc(=O)oc2c1OCCCCCCC(=O)O
248,Cc1c(C#N)c(-c2ccc(C#N)cc2)c(C)n1Cc1ccccc1
249,Cc1nn(-c2ccc(C#N)c(C(F)(F)F)c2)c(C)c1Cc1ccc(F)cc1
250,Cc1nn(-c2ccc(C#N)c(Cl)c2)c(C)c1CCc1ccc(F)cc1
251,Cc1nn(-c2ccc(C#N)cc2Cl)c(C)c1Cc1ccc(F)cc1
252,CCCS(=O)(=O)Nc1ccc(F)c(C(=O)c2c[nH]c3ncc(-c4ccc(Cl)cc4)cc23)c1F
253,CCCS(=O)(=O)Nc1ccc(F)c(-n2cc(-c3cncnc3)c3nc(N(C)C4CCN(CC)CC4)ccc32)c1F
254,CC(C)c1c(C(=O)Nc2ccccc2)c(-c2ccccc2)c(-c2ccc(F)cc2)n1CC[C@@H](O)C[C@@H](O)CC(=O)O
255,O=C(NOC[C@H](O)CO)c1ccc(F)c(F)c1Nc1ccc(I)cc1F
256,CNc1ccc(-c2nc3ccc(C)cc3s2)cc1
257,COc1ccc2nc(/N=N/c3ccc(N(C)C)cc3)sc2c1
258,CS(=O)(=O)N1CCC(Nc2ncc(Br)c(Nc3cccc(F)c3C(N)=O)n2)CC1
259,NC(=O)c1c(F)cccc1Nc1nc(Nc2ccc(S(N)(=O)=O)cc2)ncc1Br
260,Cc1cc(S(N)(=O)=O)ccc1Nc1ncc(Br)c(Nc2cccc(F)c2C(N)=O)n1
261,Cc1cc(Nc2ncc(Br)c(Nc3cccc(F)c3C(N)=O)n2)ccc1S(N)(=O)=O
262,CCS(=O)(=O)Nc1ccc(Oc2ccc(F)cc2F)c(-c2cn(C)c(=O)c3[nH]ccc23)c1
263,C=CC(=O)Nc1cc(Nc2nccc(-c3cn(C)c4ccccc34)n2)c(OC)cc1N(C)CCN(C)C
264,CCn1nc(C2CC2)cc1Nc1nc(COC)nc2[nH]c3cc(-c4c(C)noc4C)c(OC)cc3c12
265,Cc1c(NC(=O)c2ccc(C(C)(C)C)cc2)cccc1-c1cn(C)c(=O)c(Nc2ccc(C(=O)N3CCOCC3)cc2)n1
266,Cc1cc(-c2cncnc2N2CCC(c3[nH]cnc3C)CC2)ccc1F
267,C=CCn1c(=O)c2cnc(Nc3ccc(N4CCN(C)CC4)cc3)nc2n1-c1cccc(C(C)(C)O)n1
268,Cc1c(COc2ccc(CN3CCCCC3C(=O)O)cc2Br)cccc1-c1ccccc1
269,Cc1c(COc2cc(OCc3cccc(C#N)c3)c(CN3CCCCC3C(=O)O)cc2Cl)cccc1-c1ccccc1
270,CNCc1ccc(-c2[nH]c3cc(F)cc4c3c2CCNC4=O)cc1
271,C[C@]1(c2nc3c(C(N)=O)cccc3[nH]2)CCCN1
272,CCCOc1cccc(Oc2cc3c(cc2NS(=O)(=O)c2ccc(OC)c(OC)c2)n(C)c(=O)n3C)c1
273,CCCOc1cc(OCCCCN(C)C)cc(Oc2cc3c(cc2NS(=O)(=O)c2ccc(OC)c(OC)c2)n(C)c(=O)n3C)c1
274,CC[C@H](C(=O)N1CCCC[C@H]1C(=O)O[C@H](CCc1ccc(OC)c(OC)c1)c1cccc(OCC(=O)O)c1)c1cc(OC)c(OC)c(OC)c1
275,CC[C@H](C(=O)N1CCCC[C@H]1C(=O)O[C@H](CCc1ccc(OC)c(OC)c1)c1ccccc1OCC(=O)O)c1cc(OC)c(OC)c(OC)c1
276,CC[C@H](C)[C@@H]([C@@H](CC(=O)N1CCC[C@H]1[C@H](OC)[C@@H](C)C(=O)N[C@H](C)[C@@H](O)c1ccccc1)OC)N(C)C(=O)[C@@H](NC(=O)[C@@H](NC)C(C)C)C(C)C
277,COc1ccc(/C=C\c2cc(OC)c(OC)c(OC)c2)cc1O
278,[18F]c1ccc(-c2ccc3c(c2)[nH]c2ccncc23)cn1
279,N[C@@H](Cc1ccccc1)C(=O)N1C/C(=C\c2ccc(Cl)c(Cl)c2)C(=O)/C(=C/c2ccc(Cl)c(Cl)c2)C1
280,COc1ccc(Nc2nccc(Nc3cnc4ccccc4c3)n2)cc1
281,CC(C)(C)n1nc(-c2ccc(Cl)cc2)c2c(N)ncnc21
282,Fc1cnc(Nc2ccc(N3CCNCC3)cc2)nc1Nc1cc(C2CC2)[nH]n1
283,CCC[C@H](NC(=O)[C@@H]1[C@H]2CCC[C@H]2CN1C(=O)[C@@H](NC(=O)[C@@H](NC(=O)c1cnccn1)C1CCCCC1)C(C)(C)C)C(=O)C(=O)NC1CC1
284,C=CC(=O)N1C[C@@H](n2nc(-c3ccc(Oc4ccccc4)cc3)c3c(N)ncnc32)C[C@H]1C(=O)O
285,C=CC(=O)N[C@@H](CCC(=O)O)C(=O)Nc1cccc(Nc2ncc(NC(=O)c3cc(NC(=O)c4cccc(C(F)(F)F)c4)ccc3C)cn2)c1
286,CCC(=O)N1C[C@@H](n2nc(-c3ccc(Oc4ccccc4)cc3)c3c(N)ncnc32)C[C@H]1C(=O)O
287,CCC(=O)N[C@@H](CCC(=O)O)C(=O)Nc1cccc(Nc2ncc(NC(=O)c3cc(NC(=O)c4cccc(C(F)(F)F)c4)ccc3C)cn2)c1
288,CN(C)[C@H]1CC[C@@]2(C)C(=CC[C@@H]3C2CC[C@]2(C)[C@@H](c4ccc5ccncc5c4)CC[C@@H]32)C1
289,Cc1[nH]c(/C=C2\C(=O)Nc3ccc(S(=O)(=O)Cc4c(Cl)cccc4Cl)cc32)c(C)c1C(=O)N1CCC[C@@H]1CN1CCCC1
290,CCN(CC)CCNC(=O)c1c(C)[nH]c(/C=C2\C(=O)Nc3ccc(F)cc32)c1C
291,CC1(C)C(NC(=O)O)C(C)(C)C1Oc1ccc(C#N)c(Cl)c1
292,Cc1nnc2n1-c1ccc(-c3cn[nH]c3)cc1C(c1ccc(Cl)cc1)=NC21CC1
293,NC(=O)c1nn(-c2ccccc2)cc1NC(=O)c1coc(-c2ccnc(NCC(F)(F)F)c2)n1
294,O=Cc1ccc(-n2cc(NC(=O)c3coc(-c4ccnc(NCC5CC5)c4)n3)c(C(F)(F)F)n2)cc1
295,NC(=O)c1nn(-c2ccccc2)cc1NC(=O)c1coc(-c2ccnc(NCC3CC3)c2)n1
296,O=C(O)c1ccc(-n2cc(NC(=O)c3coc(-c4ccnc(NCC5CC5)c4)n3)c(C(F)F)n2)cc1
297,O=C(O)c1ccc(-n2cc(NC(=O)c3coc(-c4ccnc(NCC(F)(F)F)c4)n3)c(C(F)F)n2)cc1
298,NC(=O)c1nn(-c2ccc(C(=O)O)cc2)cc1NC(=O)c1coc(-c2ccncc2)n1
299,O=C(Nc1nc2ccc(CO)cc2n1[C@H]1CC[C@@H](CO)CC1)c1cccc(C(F)(F)F)c1
300,COc1cc2nn(C3CCNCC3)cc2cc1NC(=O)c1cccc(C(F)(F)F)n1
301,C[C@@H]1Cc2c([nH]c3ccccc23)[C@@H](c2c(F)cc(/C=C/C(=O)O)cc2F)N1CC(C)(C)F
302,O=C(Nc1nccs1)C(c1ccccc1)N1Cc2ccc(-c3ccc(N4CCNCC4)cc3)cc2C1=O
303,O=C(Nc1nccs1)C(c1ccccc1)N1Cc2ccc(-c3ccc(N4CCNCC4)nc3)cc2C1=O
304,CCC(=O)N1CCN(c2ncnc3c(F)c(-c4cc(O)cc5ccccc45)c(Cl)cc23)CC1
305,CC1(N)CCN(c2cnc(Sc3cccc(N)c3Cl)c(N)n2)CC1
306,CN(c1ncccc1CNc1nc(Nc2ccc3c(c2)CC(=O)N3)ncc1C(F)(F)F)S(C)(=O)=O
307,O=C(Nc1nccs1)C(c1cc(F)ccc1O)N1Cc2ccc(-c3ccc(N4CCNCC4)cc3)cc2C1=O
308,O=C(Nc1nccs1)C(c1cc(F)ccc1F)N1Cc2ccc(-c3ccc(N4CCNCC4)cc3)cc2C1=O
309,CN1C(=O)N(c2ccc(C#N)c(C(F)(F)F)c2)C(=O)C1(C)c1ccc(O)cc1
310,CC1(C)[C@H](NC(=O)c2ccc(O)cc2)C(C)(C)[C@H]1Oc1ccc(C#N)c(C(F)(F)F)c1
311,CC(O)(COc1ccc(O)cc1)C(=O)Nc1ccc(C#N)c(C(F)(F)F)c1
312,CNc1ccc(-c2nc3ccccc3s2)cc1
313,O=C1/C(=C/C=C/c2ccc([N+](=O)[O-])cc2)c2ccccc2N1Cc1ccccc1
314,O=[N+]([O-])c1ccc2c(c1)Sc1ccccc1N2
315,CN1CCN(c2ccc(C(=O)Nc3n[nH]c4ccc(Cc5cc(F)cc(F)c5)cc34)c(NC3CCOCC3)c2)CC1
316,OC1CCN(c2cc(-c3cccc(-c4cnc5ccc(N6CCC[C@@H]6c6cccc(F)c6)nn45)n3)ccn2)CC1
317,COc1c(F)cc(N2C(=S)N(c3ccc(C#N)c(C(F)(F)F)c3)C(=O)C2(C)C)cc1F
318,CC1(C)C(=O)N(c2cnc(C#N)c(C(F)(F)F)c2)C(=S)N1c1ccc(O)cc1
319,CC1(C)C(=O)N(c2ccc(C#N)c(Cl)c2)C(=S)N1c1ccc(O)cc1
320,CC1(C)C(=O)N(c2ccc(C#N)c(C(F)(F)F)c2)C(=O)N1c1ccc(O)cc1
321,Cc1ccc(-n2nc3c(=O)n(CCCC(=O)NCC(C)c4ccccc4)nc(C)c3c2C)cc1
322,O=C(Nc1ccc(OC(F)(F)Cl)cc1)c1cnc(N2CC[C@@H](O)C2)c(-c2ccn[nH]2)c1
323,Cc1ccc(C(=O)Nc2ccc(CN3CCN(C)CC3)c(C(F)(F)F)c2)cc1C#Cc1cnc2cccnn12
324,C#CCCCC(=O)N1CCN(c2cc(Nc3ncc(/C=C/c4cccc(C)c4)s3)nc(C)n2)CC1
325,CNC(=O)c1ccc(C)c(-n2c(C)cc(OCc3ccc(F)cc3F)c(Br)c2=O)c1
326,CC(=O)N1c2ccc(-c3ccc(C(=O)O)cc3)cc2[C@H](Nc2ccc(Cl)cc2)C[C@@H]1C
327,COc1cc(C(=O)NC2CCN(C)CC2)ccc1Nc1ncc(C(F)(F)F)c(Oc2cccc3c2C(=O)CC3)n1
328,C=C(F)C(=O)N1CCN(c2nc(OC[C@@H]3CCCN3C)nc3c2CCN(c2cccc4cccc(Cl)c24)C3)C[C@@H]1CC#N
329,N#Cc1ccc(O[C@H]2C[C@H]3CC[C@@H](C2)N3)cc1Cl
330,c1ccc(-c2csc(N3CCOCC3)n2)cc1
331,CC(C)(C)c1nc(-c2cccc(NS(=O)(=O)c3c(F)cccc3F)c2F)c(-c2ccnc(N)n2)s1
332,CCn1c(=O)c2cc(C(N)=O)c(N)nc2n(C2CC2)c1=O
333,CN1CCc2cc(Nc3ncc(C4CC4)c(NCCCNC(=O)C4CCC4)n3)ccc2C1
334,COc1cc(N2CCN(C)CC2)ccc1Nc1ncc2c(n1)N(C)c1ccccc1C(=O)N2
335,COc1cc(N2CCN(C)CC2)ccc1Nc1ncc2c(n1)N(C)c1ccccc1C(=O)N2CC(F)(F)F
336,CCN1CCN(c2ccc(Nc3ncc4scc(-c5cccc(NS(C)(=O)=O)c5)c4n3)cc2)CC1
337,CN1CCN(c2ccc(Nc3ncc4nc(Nc5ccccc5)n(C5CCCC5)c4n3)cc2)CC1
338,CNc1cc(Nc2cc(C3CC3)[nH]n2)nc(Nc2ccc(CC#N)cc2)n1
339,NS(=O)(=O)NCCNc1nonc1/C(=N\O)Nc1ccc(F)c(Br)c1
340,COC(=O)C1=CC[C@@]23CC[C@H]([C@@](C)(/C=C/C=C(\C)C(=O)O)OC2=O)[C@@]3(OC(C)=O)CC1
341,C[C@@H]1Cc2c([nH]c3ccccc23)[C@@H](c2cnc(Cl)nc2)N1CC(C)(C)F
342,CNC(=O)c1cc(Oc2ccc(NC(=O)Nc3cc(C(C)(C)C)nn3-c3ccc4ncccc4c3)c(F)c2)ccn1
343,CC(=O)N1CCN([C@H]2CC[C@@H](Nc3ncnn4ccc(C(C)C)c34)CC2)CC1
344,CC(C)c1cccc(NC(=O)Nc2cccc(-c3cccc4[nH]nc(N)c34)c2)c1
345,CC[C@H](C)n1cc(C)c2c(C(=O)NCc3c(C)cc(C)[nH]c3=O)cc(-c3ccc(N4CCNCC4)nc3)cc21
346,CC1(N)CCN(c2cnc(-c3cccc(Cl)c3Cl)c(N)n2)CC1
347,Cc1[nH]nc(Nc2ccnc(Nc3ccc(CC#N)cc3)n2)c1C
348,Cc1ccc(Nc2ncc3c(n2)N(C)C(=O)N(c2cc(NC(=O)c4cccc(C(F)(F)F)c4)ccc2C)C3)cn1
349,Cc1ccc(NC(=O)c2cccc(C(C)(C)C#N)c2)cc1Nc1ccc2ncn(C)c(=O)c2c1
350,CNc1cc(Nc2cc(C)cc(C)c2)nn2c(C(N)=O)cnc12
351,Cc1ccc(F)c(NC(=O)Nc2ccc(-c3cccc4[nH]nc(N)c34)cc2)c1
352,CNC(=O)c1ccccc1Nc1cc(Nc2cc(C)c(C3CCNCC3)cc2OC(C)C)ncc1C(F)(F)F
353,Cc1cnc(Nc2ccc(N3CCN(C)CC3)cc2)nc1Nc1cccc(S(=O)(=O)NC(C)(C)C)c1
354,CCc1cnn2c(NCc3ccc[n+]([O-])c3)cc(N3CCCC[C@H]3CCO)nc12
355,CCc1c[nH]nc1Nc1ccnc(Nc2ccc(CC#N)cc2)n1
356,CCCNc1nc(Nc2ccc(C#N)cc2)ncc1C#CCCCNC(=O)[C@H](C)N(C)C(=O)/C=C/CN(C)C
357,CCN(c1cc(-c2ccc(CN3CCOCC3)cc2)cc(C(=O)NCc2c(C)cc(C)[nH]c2=O)c1C)C1CCOCC1
358,CCNc1nc(Nc2cc(F)c(C(=O)N3CCOCC3)cc2OC)ncc1C(F)(F)F
359,COC(=O)c1ccc(Nc2ncc3cc(C(=O)N(C)C)n(C4CCCC4)c3n2)cc1
360,Cn1ncc(Cl)c1-c1cc(C(=O)N[C@H](CN)Cc2cccc(F)c2)sc1Cl
361,Cn1cc(-c2cc(Oc3cc(F)c(NC(=O)C4(C(=O)Nc5ccccc5)CC4)cc3F)ccn2)cn1
362,Cn1c(=O)c(-c2c(Cl)cccc2Cl)cc2cnc(Nc3ccc(OCCN)cc3)nc21
363,CNC(=O)c1ccccc1Nc1cc(Nc2ccc(N3CCOCC3)cc2OC)ncc1C(F)(F)F
364,CNC(=O)N1CCc2c(c(N3CCCc4cc(-c5cnn(C)c5)c(C(F)F)cc43)nn2C2CCOCC2)C1
365,COc1cc(Nc2ncc3c(n2)-c2ccc(Cl)cc2C(c2c(F)cccc2OC)=NC3)ccc1C(=O)O
366,COc1cc2nc(N3CCN(C(=O)c4ccco4)CC3)nc(N)c2cc1OC
367,CS(=O)(=O)c1ccc(-c2cccn3nc(Nc4cccc(N5CCNCC5)c4)nc23)cc1
368,CS(=O)(=O)c1cccc(CNc2nc(Nc3ccc(C(N)=O)cc3)ncc2C(F)(F)F)c1
369,CNC(=O)c1cc2c(cc1CS(C)(=O)=O)-c1cn(C)c(=O)c3[nH]cc(c13)CN2c1ncc(F)cc1F
370,Nc1nc(Nc2ccc(S(N)(=O)=O)cc2)nn1C(=O)c1c(F)cccc1F
371,N#Cc1cccc(-c2c[nH]c3ncnc(N4CCOCC4)c23)c1
372,C[C@@]12C[C@H](N)C[C@]1(C)C[C@@H](Oc1ccc(C#N)c(Cl)c1)C2
373,N#CCc1ccc(Nc2nccc(Nc3cc(C4CC4)[nH]n3)n2)cc1
374,C=CC(=O)Nc1cc(-c2nn(C3CCC(N4CCN(C(C)=O)CC4)CC3)c3ncnc(N)c23)ccc1Oc1ccccc1
375,Nc1ncccc1-c1nc2ccc(-c3ccccc3)nc2n1-c1ccc(C2(N)CCC2)cc1
376,NCc1ccc(-n2c(-c3cccnc3N)nc3ccc(-c4ccccc4)nc32)cc1
377,CCOc1cc2nc(CCC(C)(C)C(=O)OC)n(C)c2cc1NC(=O)c1cccc(C(F)(F)F)n1
378,CCCCCCCCCCCCCC(=S)NCCCC[C@H](NC(=O)OCc1ccccc1)C(=O)Nc1ccccc1
379,CC(C)NC(=O)N1CC[C@H](NC2=Nc3cc(F)ccc3N(CC(F)F)c3ccc(Cl)cc32)C1
380,CN(C)C/C=C/C(=O)Nc1ccc(C(=O)Nc2cccc(Nc3cc(-c4c[nH]c5ccccc45)ncn3)c2)cc1
381,O=c1ccc2cnc(Nc3ccccc3)nc2n1C1CC2CCC1C2
382,O=C(NC[C@H](O)CN1CCc2ccccc2C1)c1cc(NC2COC2)ncn1
383,CCCCNNC(=O)c1ccc(-c2ccccc2)cc1
384,CC(C)Nc1cc(-n2ccc3cc(C#N)cnc32)ncc1C(=O)N[C@H]1CC[C@H](C(=O)NC2CC2)CC1
385,COc1nc(-c2ccnc(NC(=O)C3CC3)c2)sc1C(N)=O
386,NC(=O)c1cccc(-c2cc(Nc3ccc(OC(F)(F)F)cc3)ncn2)c1
387,Cc1ccsc1C(=O)n1nc(Nc2ccc(S(N)(=O)=O)cc2)nc1N
388,O=C(Nc1ccc(N2CCC(C(=O)N3CCOCC3)CC2)cc1)c1cnc(Oc2ccccc2)nc1
389,O=C1Nc2ccccc2-c2nc(Nc3ccc(N4CCNCC4)cc3)ncc2N1
390,O=C(CCCCCCC(=O)Nc1ccccc1)NO
391,Cn1cc(-c2ccc(-c3cncc(Cl)c3N3CCC4(CCNC4=O)CC3)cc2)cn1
392,NC1(c2ccc(-c3nc4ccn5c(=O)[nH]nc5c4cc3-c3ccccc3)cc2)CCC1
393,Nc1ncc(-c2ccc(S(=O)(=O)NC3CC3)cc2F)cc1-c1ccc2c(c1)CCNC2=O
394,Cc1cccc(C(=O)NO)c1
395,CNC(=O)c1cccc(C(=O)NO)c1
396,CCc1cc2c(cc1N1CCC(N3CCOCC3)CC1)C(C)(C)c1[nH]c3cc(C#N)ccc3c1C2=O
397,C=CC(=O)Nc1cc2c(Nc3ccc(F)c(Cl)c3)ncnc2cc1OCCCN1CCOCC1
398,C[C@@H]1OCC2(CCN(c3cnc(Sc4ccnc(N)c4Cl)c(N)n3)CC2)[C@@H]1N
399,O=c1[nH]c(CSC2CCNCC2)nc2cc(NC3CCCC3)cc(F)c12
400,CN(C)C/C=C/C(=O)Nc1ccc(C(=O)N2CCC[C@@H](Nc3ncc(Cl)c(-c4c[nH]c5ccccc45)n3)C2)cc1
401,CC(C)S(=O)(=O)c1ccccc1Nc1nc(N[C@@H]2CCCNC2)ncc1Cl
402,CN1CCN(c2ccc3nc(-c4c(N)c5c(F)cccc5[nH]c4=O)[nH]c3c2)CC1
403,CN1CCN(c2ccc(-c3cccc(CN4CCOCC4)c3)cc2NC(=O)c2c[nH]c(=O)cc2C(F)(F)F)CC1
404,O=C(Cc1ccc(Cl)c(Cl)c1)NCc1cccc(-c2cn3c(n2)CCC3)c1
405,CCC(=O)N[C@H]1CC[C@@H](n2c(=O)cc(C)c3cnc(Nc4ccc(N5CCN(C)CC5)cc4OC)nc32)CC1
406,COc1cc2ncnc(Nc3n[nH]c(C)c3C)c2cc1S(=O)(=O)C(C)(C)C
407,COc1cc2ncnc(Nc3ccc(F)c(Cl)c3)c2cc1NC(=O)/C=C/CN1CCCCC1
408,CC(=O)Nc1ccc(C(=O)Nc2cc(-c3cccs3)ccc2N)cc1
409,CC(C)c1cnn2c(NCc3ccccc3)cc(NCCCCCCN)nc12
410,CC(C)c1cnn2c(NCc3ccccc3-n3ccnc3)nc(OC3CCN(C)CC3)nc12
411,CC(C)c1cnn2c(NCc3ccccc3N(C)C)nc(OC3CCN(C)CC3)nc12
412,CC(C)c1cnn2c(NCc3ccccc3)nc(OC3CCN(C)CC3)nc12
413,N#Cc1ccc(O[C@H]2CC[C@H](NC(=O)c3ccccc3)CC2)cc1Cl
414,N#Cc1ccc(O[C@H]2CC[C@H](NC(=O)c3ccccc3)C2)cc1Cl
415,N#Cc1ccc(O[C@@H]2CCC[C@@H](NC(=O)c3ccccc3)CC2)cc1Cl
416,N#Cc1ccc(O[C@H]2CCC[C@@H](NC(=O)c3ccccc3)CCC2)cc1Cl
417,N#Cc1ccc(OC2CCN(C(=O)c3ccccc3)CC2)cc1Cl
418,N#Cc1ccc(OC2CCCN(C(=O)c3ccccc3)CC2)cc1Cl
419,N#Cc1ccc(N[C@H]2CC[C@H](NC(=O)c3ccccc3)CC2)cc1Cl
420,CN(c1ccc(C#N)c(Cl)c1)[C@H]1CC[C@H](NC(=O)c2ccccc2)CC1
421,CCN(c1ccc(C#N)c(Cl)c1)[C@H]1CC[C@H](NC(=O)c2ccccc2)CC1
422,CCCN(c1ccc(C#N)c(Cl)c1)[C@H]1CC[C@H](NC(=O)c2ccccc2)CC1
423,CCn1c(-c2nonc2N)nc2c(C#CC(C)(C)O)ncc(OC[C@H]3CCCNC3)c21
424,C=CC(=O)N1CC[C@H](n2c(Nc3ccccc3)nc3cnc(Nc4ccc(N5CCN(C)CC5)cc4)nc32)C1
425,C=CC(=O)N1CCC[C@H](n2c(Nc3ccccc3)nc3cnc(Nc4ccc(N5CCN(C)CC5)cc4)nc32)C1
426,CCC(=O)N1CCC[C@H](n2c(Nc3ccccc3)nc3cnc(Nc4ccc(N5CCN(C)CC5)cc4)nc32)C1
427,Cc1cc(Cn2c(N3CC4(CNC4)C3)nc3c(N4CCN(C)CC4)cc(Cl)cc32)cc(C)c1F
428,CCNC(=O)c1cc2c(-c3cc(C(C)(C)O)ccc3Oc3c(C)cc(F)cc3C)cn(C)c(=O)c2[nH]1
429,O=C(O)/C(Cc1ccccc1[N+](=O)[O-])=N/Nc1nc(-c2ccc(Cl)c(Cl)c2)cs1
430,O=C(O)/C(Cc1ccccc1[N+](=O)[O-])=N\Nc1nc(-c2ccc(-c3ccccc3)cc2)cs1
431,O=c1cc(CO)occ1O
432,N[C@@H](Cc1ccc(O)c(O)c1)C(=O)O
433,Cc1ncc(-c2ccnc(Nc3ccc(S(C)(=O)=O)cc3)n2)n1C(C)C
434,O=C(N[C@H]1CC[C@H](O)CC1)c1n[nH]cc1NC(=O)c1c(F)cccc1F
435,CC[C@@H]1c2nnc(C)n2-c2cnc(Nc3ccc(C(=O)NC4CCN(C)CC4)cc3OC)nc2N1CC1CCCCC1
436,COc1c(C)cnc(Cn2cnc3c(Cl)nc(N)nc32)c1C
437,COCCOCCOc1cc2[nH]c(CNc3nc(N4CCOCC4)nc4c3ncn4C(C)C)nc2cc1F
438,COc1ccc(-c2ocnc2C(=O)NCCCn2cncn2)cc1Cl
439,CN1CCN(S(=O)(=O)c2ccc(-c3cnc(N)c(C(=O)Nc4cccnc4)n3)cc2)CC1
440,Nc1nc(Nc2ccc3c(c2)CC[C@@H](N2CCCC2)CC3)nn1-c1cc2c(nn1)-c1ccccc1CCC2
441,CCOC(=O)c1[nH]c2cc(Cl)ccc2c1C(C(=O)NC(C)(C)C)N(C=O)Cc1cc(F)c(F)c(F)c1
442,CN1CCC[C@H]1COc1nc2c(c(N3CCN(C(=O)/C(C#N)=C\C4CC4)[C@@H](CC#N)C3)n1)CCN(c1cccc3cccc(Cl)c13)C2
443,O=C(O)CNc1ncnc2[nH]cc(C(=O)c3ccc(Oc4ccccc4)cc3Cl)c12
444,N[C@H]1CC[C@@H](Nc2ncnc3[nH]cc(C(=O)c4ccc(Oc5ccccc5)cc4Cl)c23)CC1
445,O=C(CCCO/N=C1C(=C2/C(=O)Nc3ccccc32)/Nc2ccccc2/1)NO
446,CCS(=O)(=O)N1CC(CC#N)(n2cc(-c3ncnc4[nH]ccc34)cn2)C1
447,COc1cc(C2CCNCC2)ccc1Nc1ncc(Cl)c(Nc2ccccc2NS(C)(=O)=O)n1
448,CC(=O)N1CC[C@H]2CC[C@@H](C(=O)N[C@@H](CCC(N)=O)C(=O)NC(c3ccccc3)c3ccccc3)N2C(=O)[C@@H](NC(=O)c2cc3cc(C(=O)P(=O)(O)O)ccc3[nH]2)C1
449,CCN1CCN(c2ccc(Nc3cc(N(C)C(=O)Nc4c(Cl)c(OC)cc(OC)c4Cl)ncn3)cc2)CC1
450,C=CC(=O)Nc1ccc(CN2C(=O)N(c3cc(OC)cc(OC)c3)Cc3cnc(Nc4ccc(N5CCN(C)CC5)cc4)nc32)cc1
451,CC(C)(C)c1ccc(S(=O)(=O)Nc2ccc(Cl)cc2C(=O)c2cc[n+]([O-])cc2)cc1
452,COc1ccc(-c2cc3ccc(O)cc3oc2=O)cc1
453,COc1ccc(N2Cc3ccc(O)cc3OC2=O)cc1OC
454,COc1ncc(-c2ccc3ncc(-c4nnc(CCN5CCN(C)CC5)o4)n3c2)cc1NS(=O)(=O)c1ccc(F)cc1F
455,CC(C)(C)c1cc(NC(=O)Nc2ccc(-c3c[nH]c4ncnc(N)c34)cc2)no1
456,CCc1ccc(/C=C2/SC(=S)NC2=O)cc1
457,C[C@H]1[C@H](C)CC[C@]2(C(=O)O)CC[C@]3(C)C(=CC[C@@H]4[C@@]5(C)CC[C@H](O)C(C)(C)[C@@H]5CC[C@]43C)[C@H]12
458,COc1cc(OCc2cccc(-c3ccccc3)c2C)cc(OC)c1CNCCNC(C)=O
459,C=CC(=O)N1CCN(C(=O)c2cc(-c3cc(Cl)ccc3Cl)c(Cl)cc2OC)CC1
460,Cc1nc(N2CCC3(CC2)CO[C@@H](C)[C@H]3N)c(CO)nc1-c1cccc(Cl)c1Cl
461,COCCNC(=O)c1ccc(-c2nc(CNc3nccc(NCC(C)C)n3)cs2)cc1
462,C[C@H]1CC2(CCNCC2)CN1c1ccc(C#N)c(Cl)c1
463,Cc1c(N2CCC3(CCNCC3)C2C)ccc(C#N)c1Cl
464,CC[C@H]1CC2(CCNCC2)CN1c1ccc(C#N)c(Cl)c1
465,COc1cc(N2CCOCC2)ccc1NC(=O)c1cccc(-c2ccn[nH]2)n1
466,N#CC[C@H](C1CCCC1)n1cc(-c2ncnc3[nH]ccc23)cn1
467,CCCn1cc(-c2ncnc3[nH]ccc23)cn1
468,C=CC(=O)N1CCC([C@@H]2CCNc3c(C(N)=O)c(-c4ccc(Oc5ccccc5)cc4)nn32)CC1
469,COc1cc(-c2cn(C)c(=O)c(C)c2C)cc(OC)c1C
470,CCCCn1cc(-c2ccc(O)c(OC)c2)c2ccncc2c1=O
471,CCCCn1cc(-c2cc(OC)c(C)c(OC)c2)c2ccncc2c1=O
472,CCCCn1cc(-c2cc(F)c(O)c(F)c2)c2ccncc2c1=O
473,Nc1nnc(-c2ccccc2O)cc1N1CCNC2(CC2)C1
474,Nc1nnc(-c2ccccc2O)cc1N1CC2CCC(C1)N2
475,Nc1nnc(-c2ccccc2O)cc1N1CC(Oc2ccccc2)C1
476,Nc1nnc(-c2ccccc2O)cc1N1CCC(c2ccccc2)CC1
477,CCN(C)S(=O)(=O)Nc1ccc(F)c(C(=O)c2c[nH]c3ncc(-c4cnc(C5CC5)nc4)cc23)c1F
478,COc1ccc(C2=NC(c3ccc(Cl)cc3)C(c3ccc(Cl)cc3)N2C(=O)N2CCNC(=O)C2)c(OC(C)C)c1
479,COc1ccc(C2=N[C@@H](c3ccc(Cl)cc3)[C@@H](c3ccc(Cl)cc3)N2C(=O)N2CCNC(=O)C2)c(OC(C)C)c1
480,COc1ccc(C2=N[C@H](c3ccc(Cl)cc3)[C@H](c3ccc(Cl)cc3)N2C(=O)N2CCNC(=O)C2)c(OC(C)C)c1
481,Cc1ccc(C(=O)Nc2ccc(CN3CCN(C)CC3)c(C(F)(F)F)c2)cc1C#Cc1cnc2[nH]ncc2c1
482,CC[C@H](C)C(=O)O[C@H]1C[C@@H](C)C=C2C=C[C@H](C)[C@H](CC[C@@H]3C[C@@H](O)CC(=O)O3)[C@H]21
483,CCOC(=O)c1csc(Nc2ccc(Cl)cc2)n1
484,O=C(NO)c1cccc(-n2cc(CSc3ccccc3)nn2)c1
485,O=C(O)Cc1cccc(OCCCN(Cc2cccc(C(F)(F)F)c2Cl)CC(c2ccccc2)c2ccccc2)c1
486,O=CNO
487,Nc1ccccc1NC=O
488,CNc1ccc([N+](=O)[O-])c(Nc2ccc3[nH]ncc3c2)n1
489,CC(=O)N1CCCN(c2nc(NCCc3cccs3)nc(N(C)CC(=O)O)n2)CC1
490,C[C@H]1CCCN1Cc1nc2ccc(NC(=O)c3ccc4c(cnn4C)c3)cc2[nH]1
491,N#Cc1ccc(O[C@H]2CC[C@H](NC(=O)c3cccnn3)CC2)cc1Cl
492,CC1(CN)CCN(c2cnc(Sc3cccc(Cl)c3Cl)c(N)n2)CC1
493,O=C(Nc1ccc(OC(F)(F)F)cc1)N[C@H]1CC[C@H](Oc2ccc(C(=O)O)cc2)CC1
494,C[C@@H](OC(C)(C)C)[C@H](NC(=O)OCc1ccccc1)C(=O)N[C@@H](CC1CCCCC1)C(=O)N[C@H](C=O)C[C@@H]1CCNC1=O
495,C[C@@H](OC(C)(C)C)[C@H](NC(=O)OCc1c[nH]nn1)C(=O)N[C@@H](CC1CCCCC1)C(=O)N[C@H](C=O)C[C@@H]1CCNC1=O
496,CC(C)(C)NC(=O)N[C@H](C(=O)N1C[C@H]2[C@@H]([C@H]1C(=O)N[C@H](C=O)C[C@@H]1CCNC1=O)C2(C)C)C(C)(C)C
497,NC(=O)[C@@H]1CC2CCCCC2N1C(=O)c1cccc([C@@H]2CCCN2C(=O)c2ccc3[nH]ncc3c2F)c1Cl
498,COc1cc(N2CCNCC2)ccc1Nc1ncc2c(n1)N(C)c1ccccc1C(=O)N2C
499,COc1cc(N2CCC(O)CC2)ccc1Nc1ncc2c(n1)N(C)c1ccccc1C(=O)N2C
500,COc1cc(C(=O)N2CCNCC2)ccc1Nc1ncc2c(n1)N(C)c1ccccc1C(=O)N2C
501,Cc1sc2c(c1C)C(c1ccc(Cl)cc1)=N[C@@H](CC(N)=O)c1nnc(C)n1-2
502,CNCCN1CCC(c2cc(CN(C)C(=O)c3cccc(Oc4ccccc4)c3)ccn2)CC1
503,CN1CCN(C(=O)c2ccc(N3CCC4(CC3)CCN(c3ccc(C#N)c(Cl)c3)C4)cc2)CC1
504,C[C@H]1CC2(CCN(c3ccc(C(=O)N4CCN(C)CC4)cc3)CC2)CN1c1ccc(C#N)c(Cl)c1
505,C[C@@H]1CC2(CCN(c3ccc(C(=O)N4CCN(C)CC4)cc3)CC2)CN1c1ccc(C#N)c(Cl)c1
506,COc1cc(O)c2c(=O)cc(-c3ccc(N4CCN(C)CC4)cc3)oc2c1C1=CCN(C)CC1
507,C[C@H](NC(=O)c1ccc2c(-c3ccc(C(F)(F)F)cc3)cccc2c1)c1ccccn1
508,C[C@H](NC(=O)c1cnc2c(-c3ccc(C(F)(F)F)cc3)cccc2c1)c1ccccn1
509,C[C@H](NC(=O)c1ccc2c(-c3ccccc3)cccc2c1)c1ccccn1
510,C[C@H](NC(=O)c1ccc2ccccc2c1)c1ccccn1
511,C[C@@H]1Cc2c([nH]c3ccccc23)[C@@H](c2c(F)cc(NC3CN(CCCF)C3)cc2F)N1CC(F)(F)CO
512,C[C@@H]1Cc2c(ccc3[nH]ncc23)[C@@H](c2ccc(NC3CN(CCCF)C3)cn2)N1CC(F)(F)F
513,Oc1c(CCc2ccccc2)c(-c2ccccc2)nn1-c1nc2cc(Cl)ccc2[nH]1
514,CC(=O)Nc1ccc(C(=O)Nc2ccc(F)cc2N)cc1
515,CCCNNC(=O)c1ccc(NC(C)=O)cc1
516,O=C(NC(=O)c1c(O)cccc1O)NC1CCCCC1
517,O=C(NC(=O)c1ccccc1F)NC1c2ccccc2-c2ccccc21
518,CC(C)c1cc(C(=O)N2Cc3ccc(CN4CCN(C)CC4)cc3C2)ccc1O
519,CC1=C(O)C(=O)C=C2C1=CC=C1[C@@]2(C)CC[C@@]2(C)[C@@H]3C[C@](C)(C(=O)O)CC[C@]3(C)CC[C@]12C
520,Cc1cccc(/C=N/Nc2cc(N3CCOCC3)nc(OCCc3ccccn3)n2)c1
521,C[C@@H]1CN(c2cc(-c3n[nH]c4ccc(OC5(C)CC5)cc34)ncn2)C[C@H](C)O1
522,CCCNNC(=O)c1ccc(N2CCN(C)CC2)cc1
523,C#CC(=O)N1CCN(Cc2ccc(-c3cc(C(=O)NCc4c(C)cc(C)[nH]c4=O)c(C)c(N(CC)C4CCOCC4)c3)cc2)CC1
524,C#CCCC(=O)N1CCN(Cc2ccc(-c3cc(C(=O)NCc4c(C)cc(C)[nH]c4=O)c(C)c(N(CC)C4CCOCC4)c3)cc2)CC1
525,C#CCOc1ccc(CC(NC(=O)OC(C)(C)C)C(=O)N2CCN(Cc3ccc(-c4cc(C(=O)NCc5c(C)cc(C)[nH]c5=O)c(C)c(N(CC)C5CCOCC5)c4)cc3)CC2)cc1
526,CC(C)(c1ccc(OC[C@H](O)CO)cc1)c1ccc(OC[C@H](O)CCl)cc1
527,C[C@@H]1CCC2[C@@H](C)[C@@H](OCCNCCO[C@H]3O[C@@H]4O[C@@]5(C)CCC6[C@H](C)CCC([C@H]3C)[C@]64OO5)O[C@@H]3O[C@@]4(C)CCC1[C@@]23OO4
528,CCCCNc1ncc2c(-c3ccc(C)cc3)cn([C@H]3CC[C@H](O)CC3)c2n1
529,COc1cccc(Nc2[nH]nc(-c3ccc(NS(=O)(=O)C(F)F)cc3)c2C(N)=O)c1
530,Cn1cc(-c2cc(-c3ccccc3O)nnc2N)cn1
531,Cc1ccccc1N1C(=O)[C@@H]2[C@H](C1=O)[C@@H]1C=C[C@H]2C1
532,Cc1cc(N(C)C)nc(Nc2ccc(NC(=O)Cc3ccccc3)cc2)n1
533,COC1=C2C[C@@H](C)C[C@H](OC)[C@H](O)[C@@H](C)/C=C(\C)[C@H](OC(N)=O)[C@@H](OC)/C=C\C=C(/C)C(=O)NC(=CC1=O)C2=O
534,CN1CCC(COc2cnc(-c3cccc(Cn4nc(-c5cccc(C#N)c5)ccc4=O)c3)nc2)CC1
535,Cc1ccc(NC(=O)NCc2ccc3c(c2)CN(C2CCC(=O)NC2=O)C3=O)cc1Cl
536,COCCOC(=O)C1=C(C)NC2=C(C(=O)CC(c3ccccc3OC)C2)C1c1cccc(O)c1
537,CC1(C)CC[C@]2(C(=O)O)CC[C@]3(C)[C@H](C(=O)C=C4[C@@]5(C)C=C(C#N)C(=O)C(C)(C)[C@@H]5CC[C@]43C)[C@@H]2C1
538,N#Cc1ccc(N2CCC3(CCN(C(=O)c4ccccc4)CC3)C2)cc1Cl
539,N#Cc1ccc(N2CCC3(CCN(c4ccccc4)CC3)C2)cc1Cl
540,O=C(O)c1nn(Cc2ccc(Cl)cc2Cl)c2ccccc12
541,O=C(/C=C/c1cccnc1)NCCCCC1CCN(C(=O)c2ccccc2)CC1
542,COc1cc([C@@H](CC(=O)O)c2ccc(C)c(CN3C[C@@H](C)Oc4ccccc4S3(=O)=O)c2)cc2nnn(C)c12
543,Nc1ccc(-c2cc(-c3cccc(Br)c3)n[nH]2)cc1
544,CN1CCN(CCC(=O)Nc2ccc3c(=O)n(CC4(O)CCN(C(=O)C(CCCNC(=O)c5ccc6c(Cl)c7c(nc6c5)CCCC7)Cc5ccccc5)CC4)cnc3c2)CC1
545,Cc1cc(Nc2nc(NCc3ccc(F)cc3F)nc3c2cnn3C2CCNCC2)n[nH]1
546,CNC(=O)c1ccc(-c2cc3cccc(-c4nn(C5CCOCC5)c5c4CN(C(C)=O)CC5)c3cn2)cn1
547,CNC(=O)Nc1ccc2c(c1)CC[C@]21CN(CC(=O)N(Cc2ccc(F)cc2)[C@@H](C)C(F)(F)F)C(=O)O1
548,Nc1cccc(-c2cc(-c3ccc4c(c3)OCO4)[nH]n2)c1
549,Cn1ncc(Nc2ccc3c(c2)CCNC3)c(Cl)c1=O
550,Cn1ncc(Nc2ccc3c(c2)CNCC3)c(Cl)c1=O
551,CN(C)CCCOc1ccc(-c2cc(NCCCn3cccn3)nc(S(C)(=O)=O)n2)cc1
552,COc1ccc(N(C(=O)CCl)C(C(=O)NCCc2ccccc2)c2cccs2)cc1Cl
553,Brc1cccc(-c2cc(-c3ccc4c(c3)OCO4)[nH]n2)c1
554,Cn1cc(C2=C(c3ccc(Cl)cc3Cl)C(=O)NC2=O)c2ccccc21
555,O=c1sn(-c2cccc3ccccc23)c(=O)n1Cc1ccccc1
556,CNC(=O)c1cc(Oc2ccc(NC(=O)Nc3ccc(Cl)c(C(F)(F)F)c3)cc2)ccn1
557,CC1CN(C2COC2)CCN1c1ccc(Nc2cc(-c3ccnc(N4CCn5c(cc6c5CC(C)(C)C6)C4=O)c3CO)cn(C)c2=O)nc1
558,CCOC(=O)C1=C[C@@H](OC(CC)CC)[C@H](NC(C)=O)[C@@H](N)C1
559,CCn1nc(C)cc1C(=O)Nc1nc2cc(C(N)=O)cc(OC)c2n1C/C=C/Cn1c(NC(=O)c2cc(C)nn2CC)nc2cc(C(N)=O)cc(OCCCN3CCOCC3)c21
560,CSCC[C@H](NC(=O)[C@H](C)NC(=O)[C@H](Cc1ccccc1)NC(=O)[C@H](Cc1ccccc1)NC(=O)[C@@H]1CCCN1C(=O)[C@H](Cc1c[nH]c2ccccc12)NC(=O)[C@H](CCSC)NC(=O)[C@H](CCCCN)NC(=O)[C@H](CCCNC(=N)N)NC(=O)[C@H](Cc1ccccc1)NC(=O)[C@H](CO)NC(=O)[C@H](CCC(N)=O)NC(=O)[C@H](Cc1ccccc1)NC(=O)[C@H](CC(=O)O)NC(=O)[C@@H](N)CCCNC(=N)N)C(=O)O
561,COc1cc(C(N)=O)ccc1NC(=O)[C@@H]1N[C@@H](CC(C)(C)C)[C@@]2(C(=O)Nc3cc(Cl)ccc32)[C@H]1c1cccc(Cl)c1F
562,O=S(=O)(C1C[C@@H]2O[C@H]1C(c1ccc(O)cc1)=C2c1ccc(O)cc1)N(CC(F)(F)F)c1ccccc1
563,O=C(c1ccc(Oc2ccccc2)cc1Cl)c1c[nH]c2ncnc(N[C@H]3CC[C@H](CO)OC3)c12
564,COc1ccc2nc(-c3ccc(N(C)C)cc3)sc2c1
565,COC(=O)c1ccc([C@H]2c3[nH]c4ccccc4c3C[C@H](C(=O)OC)N2C(=O)CCl)cc1
566,COc1ccc(C(=O)NO)cc1OCc1ccccc1
567,CCCCCCCC/C=C\CCCCCCCC(=O)O
568,Cc1onc(C(=O)N2CCN(C(c3ccc(Cl)cc3)c3ccc(Cl)cc3)CC2)c1[N+](=O)[O-]
569,Cc1nnc2n1-c1ccc(-c3cnn(C)c3)cc1[C@H](Nc1ccc(Cl)cc1)CC2
570,COC(=O)[C@H](C)NC(=O)[C@H](C)NC(=O)[C@H](CCCCNC(C)=S)NC(=O)c1ccc(C(=O)c2ccc(OC/C=C/CN=[N+]=[N-])cc2)cc1
571,C[C@@H](Oc1cc(-c2cnn(C3CCNCC3)c2)cnc1N)c1c(Cl)ccc(F)c1Cl
572,Nc1n[nH]c2cccc(-c3cccc(NC(=O)Nc4cccc(Cl)c4)c3)c12
573,Cn1cccc1C(=O)N1CCN(C(=O)Nc2ccc(N3CCC(C(=O)N4CCOCC4)CC3)cc2)CC1
574,COc1cc2c(C)c(CC(=O)N3CCOCC3)c(=O)oc2c(C=O)c1O
575,C#CCO[C@H]1C(=C)CC[C@H]2[C@@H](/C=C(\C)C(=O)[C@@]3(O)C[C@H](C)[C@H](O)[C@H]13)C2(C)C
576,CN[C@@H](C)C(=O)N[C@H](C(=O)N1C[C@@H](Oc2ccccc2)C[C@H]1C(=O)N[C@@H]1CCCc2ccccc21)C1CCCCC1
577,CC(=O)N[C@H](C(=O)N1C[C@H](O)C[C@H]1C(=O)N[C@@H](C)c1ccc(-c2scnc2C)cc1)C(C)(C)C
578,Cc1ncsc1-c1ccc(CNC(=O)[C@@H]2C[C@@H](O)CN2C(=O)[C@H](C(C)C)N2Cc3ccccc3C2=O)cc1
579,COc1cc(CC(=O)N[C@@H](Cc2ccccc2)C(=O)N[C@@H](Cc2ccc(C(F)(F)P(=O)(O)O)cc2)C(=O)N[C@@H](CCCCNC(=O)c2ccc(C)c(Br)c2)C(N)=O)ccc1O
580,Cc1ccc(C(=O)NC2CC2)cc1-c1ccc(C(=O)c2ccc(O)cc2)cc1
581,CN(C)CC[C@@H](c1ccccc1)n1cc(NC(=O)c2n[nH]c3c2CCC(C)(C)C3)cn1
582,O=C(Nc1ccc(OC(F)(F)F)cc1)NC1CCC(Oc2ccc(C(=O)O)cc2)CC1
583,O=C(O)CCCCCCCCCCCNC(=O)NC12CC3CC(CC(C3)C1)C2
584,COc1c(C)c2c(c(O)c1C/C=C(\C)CCC(=O)OCCN1CCOCC1)C(=O)OC2
585,CC1=CC(C)=[N+]2C1=C(C)c1c(C)cc(C)n1[B-]2(F)F
586,Nc1cc2c(Nc3ccc(F)c(Cl)c3)ncnc2cc1O[C@H]1CCOC1
587,CC(=O)Nc1cncc(Nc2ncc(Cl)c(-c3cccc(-c4ccccc4)c3)n2)c1
588,COc1cc2nc(C)nc(N[C@H](C)c3cc(N)cc(C(F)(F)F)c3)c2cc1C1CCN(C(C)=O)CC1
589,Oc1ccc(C2CCN(C3=Nn4c(nnc4C(F)(F)F)CC3)CC2)cc1
590,Cc1ccc(F)c(NC(=O)Nc2ccc(-c3cccc4c3c(N)nn4C(=O)CCCNC(=O)C3CC4C=CC3C4)cc2)c1
591,COc1cc2c(Nc3ccccc3)ncnc2cc1OCC1CCN(C(C)=O)CC1
592,CN(C)C(=O)CCN(C(=O)[C@@H]1CCCN1C(=O)[C@@H](NC(=O)c1cc2cc(C(F)(F)P(=O)(O)O)ccc2s1)C(C)(C)C)c1ccc(Br)cc1
593,NS(=O)(=O)c1ccc(C(=O)O)cc1
594,COCCNC(=O)c1ccc(S(N)(=O)=O)cc1
595,CN(C)C(=O)CCN(C(=O)[C@@H]1CCCN1C(=O)[C@@H](NC(=O)c1cc2cc(C(F)(F)P(=O)(O)O)ccc2s1)C(C)(C)C)c1ccc(-c2nccs2)cc1
596,C=CC(=O)Nc1cccc(Oc2nc(Nc3ccc(N4CCN(C)CC4)cc3)nc3ccoc23)c1
597,CCc1ccc2c(c1)c(=O)c(C(=O)Nc1ccc(Oc3ncnc4cc(OC)c(OC)cc34)c(F)c1)c(C)n2C
598,O=C(/C=C/c1ccccc1)c1oc(=O)c2ccccc2c1O
599,CNS(=O)(=O)Nc1cccc(Cc2c(C)c3ccc(Oc4ncccn4)cc3oc2=O)c1F
600,C=CC(=O)N1CCN(c2nc(=O)n(-c3ccc(C(=O)O)cc3C(C)C)c3cc(-c4ccccc4Cl)c(Cl)cc23)[C@@H](C)C1
601,Cc1cc(-c2ccc(C=O)c(OC(C)C)c2)cn(C)c1=O
602,O=C(NCc1cccnc1)Nc1ccc(S(=O)(=O)N2CCNCC2)cc1
603,COC(C)(C)CCC[C@@](C)(O)C1CC[C@]2(C)C1[C@H](O)CC1[C@@]3(C)CC[C@H](O)C(C)(C)C3CC[C@]12C
604,O=C(O)C1(Cc2cccc(Nc3nccs3)n2)CCC(Oc2cccc(Cl)c2F)CC1
605,Nc1ccccc1NC(=O)c1ccc(CNC(=O)OCc2cccnc2)cc1
606,Nc1cc(F)ccc1NC(=O)c1ccc(CNC(=O)/C=C/c2cccnc2)cc1
607,CCOC(=O)c1csc(-n2nc(-c3cccc(C#CCCCCN)c3)c(Cc3ccc(S(N)(=O)=O)cc3)c2CC2CC2)n1
608,NC(c1cccnc1)c1cc2ccccc2o1
609,CCc1nc(C(N)=O)c(Nc2ccc(N3CCC(N4CCN(C)CC4)CC3)c(OC)c2)nc1NC1CCOCC1
610,CC1(COc2ccc3c(c2)ncn3-c2ccc3cccc(N4CCC(N)CC4)c3n2)COC1
611,COc1ccc(Cn2ccc3ccc(C(=O)NO)cc32)cc1
612,CC(=O)O[C@@H]1C[C@H](O)[C@@]23CO[C@@H](O)[C@]1(C)[C@@H]2C[C@@H](O)[C@]1(C)[C@@H]3C(=O)[C@H](OC(C)=O)[C@@]2(C)[C@H](c3ccoc3)C[C@H]3O[C@]321
613,COC(=O)N[C@@H](C)CNc1nccc(-c2cn(C(C)C)nc2-c2cc(Cl)cc(NS(C)(=O)=O)c2F)n1
614,COc1cc(C(CC(=O)O)c2ccc(C)c(CN3C[C@@H](C)Oc4ccccc4S3(=O)=O)c2)cc2nnn(C)c12
615,Cc1nc2cc(NC(=O)OCC3c4ccccc4-c4ccccc43)ccc2n1Cc1ccc(C(=O)O)cc1F
616,COc1cc2nc(C)nc(N[C@H](C)c3cc(N)cc(C(F)(F)F)c3)c2cc1O[C@H]1CCOC1
617,CCCn1c(=O)c(-c2ccc(C(=O)NCc3cccnc3)cc2)nc2ccccc21
618,CC(C)n1nc(-c2ccc3oc(N)nc3c2)c2c(N)ncnc21
619,Cc1ccc(CO)cc1N(Cc1ccccc1C#N)c1nc(Nc2ccc(N3CCNCC3)c(S(C)(=O)=O)c2)ncc1F
620,CNC(=O)c1cnc(Cl)cc1Nc1cccc(C(=O)O)c1OC
621,C[C@@H](C(=O)Nc1ccc(Cl)cc1)C1CCC(c2ccnc3ccc(F)cc23)CC1
622,CN[C@@H](C)C(=O)N[C@H](C(=O)N1Cc2cc(O)ccc2C[C@H]1C(=O)N[C@@H]1CCCc2ccccc21)C(C)(C)C
623,C=C1CC[C@H]2[C@@H](/C=C(\C)C(=O)[C@@]3(O)C[C@H](C)[C@H](O)[C@@H]3[C@H]1O)C2(C)C
624,CN1CCN([C@@H]2CCCN(c3cnc(C(N)=O)c(Nc4ccc(C5CCNCC5)cc4)n3)C2)C1=O
625,CC(C)[C@@H](CS(=O)(=O)C(C)C)N1C(=O)[C@@](C)(CC(=O)O)C[C@H](c2cccc(Cl)c2)[C@H]1c1ccc(Cl)cc1
626,Cc1ccc(S(=O)(=O)N[C@@H](Cc2c[nH]c3ccccc23)C(=O)Nc2ccc(N3CCOCC3)cc2)cc1
627,Cc1cccc(C)c1Nc1nn(C)c2nc(Nc3ccc4c(c3)CNCC4)ncc12
628,Cc1ccc(C(C)C)cc1Oc1nccc(-c2c(-c3ccc(C(F)(F)F)cc3)ncn2C2CCNCC2)n1
629,CC(=O)Nc1n[nH]c2cc(-c3cnn(CC(=O)Nc4ccc(C)c(C(F)(F)F)c4)c3)ccc12
630,NCCCC[C@H](NC(=O)[C@@H]1CCCN1C(=O)Cc1cccc2ccccc12)C(=O)Nc1ccccc1C(=O)O
631,CCOc1cc(C(=O)N2CCC(N3CCN(C)CC3)CC2)ccc1Nc1ncc2c(n1)N(C1CCCC1)c1ccccc1C(=O)N2C
632,CCC(C)N1c2ccccc2C(=O)N(C)c2cnc(Nc3ccc(C(=O)N4CCC(N5CCN(C)CC5)CC4)cc3OC)nc21
633,CN1CCN(c2ccc3c(C4CCN(C(=O)c5ccc(OC(F)(F)F)cc5N)CC4)ncnc3c2)CC1
634,O=c1nc2n(C3CCCC3)c3cc(C4CCNCC4)ccc3n2c2cccc(Br)c12
635,CCN1CCN(c2ccc(Nc3nc(NC4CCC(N)CC4)nc4c3ncn4C3CCCC3)cc2)CC1
636,Cc1c(-c2nc(Nc3ccccc3)c3nc[nH]c3n2)cccc1N1CCn2c(cc3c2CC(C)(C)C3)C1=O
637,C#CCCC(=O)N(C)CCOc1ccc(/C(=C(\CC)c2ccccc2)c2ccc(O)cc2)cc1
638,O=C(NO)C(c1ccc(-c2ncc(C(F)(F)F)cn2)cc1)c1ccccc1F
639,CCCN(CCC)C[C@@H](C)NC(=O)c1ccc(-c2noc(C(F)(F)F)n2)cc1
640,COc1cc(CCc2cc(NC(=O)c3ccc(N4C[C@@H](C)N[C@@H](C)C4)cc3)n[nH]2)cc(OC)c1
641,CNC(=O)c1ccccc1Nc1nc(Nc2ccc(N3CCNCC3)cc2)ncc1Cl
642,Cc1ccc(S(=O)(=O)OCC(=O)Nc2ccc(C(=O)O)c(O)c2)cc1
643,CNc1nc(Nc2ccc(C(=O)N3CCOCC3)cc2OC)ncc1Cl
644,N#Cc1ccc(N[C@H]2CC[C@H](N(C(=O)NCc3ccccc3)c3ccc(N4CCNCC4)cc3)CC2)nc1
645,O=C1COc2cc(C(=O)N(Cc3ccc(C(=O)Nc4ccncn4)cc3)C3CC3)ccc2N1
646,COc1ccc(C(=O)NO)cc1NC(=O)c1ccccc1
647,O=C(Nc1ccc([N+](=O)[O-])cc1Cl)c1cc(Cl)ccc1O
648,C[C@H](CC(=O)N1CCC(O)(Cn2cnc3cc(NC(=O)CCN4CCN(C)CC4)ccc3c2=O)CC1)c1ccccc1
649,O=S(=O)(c1ccc(NC(=S)NCc2cccnc2)cc1)N1CCN(Cc2ccccc2)CC1
650,Nc1nc(N)c2c(OCC3CCN(Cc4c(Cl)cccc4Cl)CC3)cccc2n1
651,Cc1cc(CN)cc(C)c1-c1ncn(C)c1-c1ccnc2cc(F)ccc12
652,C[C@H](CC(=O)N1CCC(O)(Cn2cnc3c(-c4ccc(CN)cc4)n(C)nc3c2=O)CC1)c1ccccc1
653,C#CCN(C)CCN(C)c1cc(OC)c(Nc2nccc(-c3cn(C)c4ccccc34)n2)cc1NC(=O)C=C
654,COc1cc2ncnc(Nc3ccc(F)c(Cl)c3)c2cc1OCCCN1CCNCC1
655,CNC(=O)C[C@@H]1C[C@@H](c2cccc(F)c2)[C@H](NC(=O)c2ccc(-c3c(Cl)cnn3C)s2)CN1
656,Cc1cc(C)c(CNC(=O)c2cc(-c3ccc(N4CCNCC4)nc3)cc3c2cnn3C(C)C)c(=O)[nH]1
657,CCN(c1cc(-c2ccc(N3CCNCC3)nc2)cc(C(=O)NCc2c(C)cc(C)[nH]c2=O)c1C)C1CCOCC1
658,C=CC(=O)Nc1cccc(Nc2nc(Nc3ccc(N4CCN(C(C)=O)CC4)cc3OC)ncc2C(F)(F)F)c1
659,CC1(C)CC[C@]2(C(=O)O)CC[C@]3(C)C(=CCC4[C@@]5(C)CC[C@H](O)C(C)(C)C5CC[C@]43C)C2C1
660,O=C(c1c(F)ccc(NS(=O)(=O)N2CC[C@@H](F)C2)c1F)c1c[nH]c2ncc(-c3cnc(N4CCNCC4)nc3)cc12
661,CNC(=O)c1ccccc1Nc1nc(Nc2ccc(N3CCOCC3)cc2OC)ncc1Cl
662,O=c1[nH][nH]c2nc3ccccc3nc12
663,Cn1c(=O)c(C(=O)NN)nc2ccccc21
664,O=C(NCCO)c1nc2ccccc2[nH]c1=O
665,NNC(=O)c1ccc(/N=C2\C(=O)Nc3ccccc32)cc1
666,CN1C(=O)/C(=N\c2ccc(C(=O)NN)cc2)c2ccccc21
667,NNC(=O)CSc1nc2ccccc2o1
668,NNC(=O)CSc1nc2ccccc2s1
669,CCCCc1ccc(NC(=O)c2ccc([N+](=O)[O-])o2)cc1
670,C=CC(=O)N1CCN(c2nc(=O)n(-c3c(C)ccnc3C(C)C)c3nc(-c4c(O)cccc4F)c(F)cc23)[C@@H](C)C1
671,CN(Cc1cnc2nc(N)nc(N)c2n1)c1ccc(C(=O)N[C@@H](CCC(=O)O)C(=O)O)cc1
672,Cc1cc(C)cc(COc2cc3c(cc2OCc2cc(C)cc(C)c2)[C@H]2C[C@@H](O)C[C@H](C)N2CC3)c1
673,CN1c2ccc(F)cc2C(=O)N2CCc3c([nH]c4ccc(O)cc34)C21
674,CC(C)CCN[C@@H]1CCc2cc(O)c(N3CC(=O)NS3(=O)=O)c(F)c2C1
675,O=C(O)c1cc(O)c2c(c1)C(=O)c1cccc(O)c1C2=O
676,CC(C)Nc1cc(-c2c[nH]c(C(=O)N[C@H](CO)c3cccc(Cl)c3)c2)c(Cl)cn1
677,Cn1nccc1Nc1nccc(-c2ccn([C@H](CO)c3ccc(Cl)c(F)c3)c(=O)c2)n1
678,Cc1cccc(CN2C(=O)c3cc(-c4nc(Nc5ccnn5C)ncc4C)cn3C[C@H]2C)n1
679,CCOc1ccc2c(-c3ccc(C(=O)O)c(C4CCCC4)c3)ncnc2c1
680,CN1CCC(CNc2ccc3ncc(-c4cccc(OC(F)(F)F)c4)n3n2)CC1
681,N[C@@H]1CCCN(c2c(/C=C3\SC(=O)NC3=O)cccc2-c2ccccc2)C1
682,C[C@@H]1C[C@H](N)C[C@H](c2ccncc2NC(=O)c2ccc(F)c(-c3c(F)cccc3F)n2)C1
683,CCc1ccc(C(=O)NCCCC[C@H](NC(=O)[C@H](Cc2ccc(C(F)(F)P(=O)(O)O)cc2)NC(=O)[C@H](Cc2ccccc2)NC(=O)CO[C@H]2C[C@@H](C)CC[C@@H]2C(C)C)C(N)=O)cc1
684,CNC(=O)C1CCN(C(=O)CCC(=O)N(CC(C)(C)C)c2ccc(Cl)cc2C(O)c2ccccc2Cl)CC1
685,CCCCNC(=O)CCc1ccc2nc(NC(=O)CCc3ccc(OC)c(OC)c3)sc2c1
686,C[C@@H]1C[C@H]2[C@@H]3CCC4=CC(=O)C=C[C@]4(C)[C@@]3(F)[C@@H](O)C[C@]2(C)[C@@]1(O)C(=O)CO
687,COc1ccc(-c2c[nH]c3ncc(-c4ccc(N5CCNCC5)cc4)cc23)cc1OC
688,CC(C)C[C@H](NC(=O)[C@H]1CCCN1)C(=O)N[C@@H](Cc1cnc[nH]1)C(=O)N[C@@H](CO)C(=O)N[C@H](C(=O)O)[C@@H](C)OP(=O)(O)O
689,C[C@@H](OP(=O)(O)O)[C@@H]1NC(=O)[C@H](Cc2cncn2CCCCCCCCc2ccccc2)NC(=O)[C@@H](N)CCC(=O)NCCCC[C@@H](C(N)=O)NC1=O
690,CCN(CC)Cc1ccc(-c2cc3c(-c4cc(F)cc(NC(=O)c5ccc(C(C)(C)O)cc5)c4C)ncnc3[nH]2)cc1
691,Nc1ncc(-c2nc(N3CCOCC3)nc(N3CCOCC3)n2)c(C(F)F)n1
692,CCS(=O)(=O)N1CCC([C@@H](C)n2cc(C)c3c(C(=O)NCc4c(OC)cc(C)[nH]c4=O)cccc32)CC1
693,O=S(=O)(F)c1ccc(Cn2ccnn2)cc1
694,C#Cc1c(F)ccc2cc(O)cc(-c3ncc4c(N5CC6CCC(C5)N6)nc(OC[C@@]56CCCN5C[C@H](F)C6)nc4c3F)c12
0,CC1(C)CCC(c2ccc(Cl)cc2)=C(CN2CCN(c3ccc(C(=O)NS(=O)(=O)c4ccc(NC(CCN5CCOCC5)CSc5ccccc5)c(S(=O)(=O)C(F)(F)F)c4)cc3)CC2)C1
2,COc1cc2c(OCC3CCC(=O)N3)nccc2cc1C(N)=O
3,CCC1C(COc2nccc3cc(C(N)=O)c(OC)cc23)NC(=O)C1F
5,COc1cc(C=C2SC(=O)NC2=O)ccc1Oc1ccc(C#N)cc1C(F)(F)F
6,CCC(C)C(N)c1cn(C(Cc2ccc(O)cc2)C(=O)N2CCN(c3nc(N)nc(N4CCN(C(=O)C(Cc5ccc(O)cc5)n5cc(C(N)C(C)CC)nn5)CC4)n3)CC2)nn1
8,CCC1C(=O)N(C)c2cnc(Nc3ccccc3OC)nc2N1C1CCCC1
30,COc1cc(C=C2SC(=O)N(C)C2=O)ccc1Oc1ccc(C#N)cc1C(F)(F)F
31,C=CC(=O)N1CCCC(n2nc(-c3ccc(Oc4ccccc4)cc3)c3c(N)ncnc32)C1
32,Cc1sc2c(c1C)C(c1ccc(Cl)cc1)=NC(CC(=O)OC(C)(C)C)c1nnc(C)n1-2
33,CCC(C)(C)C(=O)C(=O)N1CCCCC1C(=O)OC(CCc1ccc(OC)c(OC)c1)c1cccc(N)c1
38,COCC(C)NC1CCC(Nc2cc(-c3cccc(NCC4(C#N)CCOCC4)n3)c(Cl)cn2)CC1
41,CC(C)NCC(C(=O)N1CCC(c2ncnc3c2C(C)CC3O)CC1)c1ccc(Cl)cc1
46,CC1(C)C(NC(=O)c2ccccc2)C(C)(C)C1Oc1ccc(C#N)c(Cl)c1
48,CCC(=C(c1ccccc1)c1ccc(C=CC(=O)O)cc1)c1ccccc1
53,COc1ccc(C=NNC(=O)CCCCCCC(=O)NO)cc1
56,CN1CC(Nc2cnn(C)c(=O)c2Br)CC(c2ccccc2)C1
59,Cc1sc2c(c1C)C(c1ccc(Cl)cc1)=NC(CC(=O)Nc1ccc(O)cc1)c1nnc(C)n1-2
62,N#CN1CCCC(n2nc(-c3ccc(Oc4ccc(F)cc4F)cc3)c(C(N)=O)c2N)C1
63,C=CC(=O)N1CC(n2nc(-c3ccc(Oc4ccccc4)cc3)c3c(N)ncnc32)CC1C(=O)O
64,C=CC(=O)NC(CCC(=O)O)C(=O)Nc1cccc(Nc2ncc(NC(=O)c3cc(NC(=O)c4cccc(C)c4)ccc3C)cn2)c1
78,Cc1ccc(F)c(S(=O)(=O)Nc2ccc(-c3nc(OCC4CNCCO4)c4cn[nH]c4n3)cc2)c1
79,COc1ccc(Cl)c(S(=O)(=O)Nc2ccc(-c3nc(OCC4CNCCO4)c4c(C)n[nH]c4n3)cc2)c1
81,COc1cc(C=C(C#N)C(N)=O)ccc1OCc1ccc(C(F)(F)F)cc1C(F)(F)F
82,CC[N]CCOc1ccc(C(=C(CC)c2ccccc2)c2ccc(O)cc2)cc1
83,CC[N]CCOc1ccc(C(=C(CC)c2ccccc2)c2ccccc2)cc1
85,CC[N]CCOc1ccc(C2c3ccc(O)cc3CCC2c2ccccc2)cc1
86,CNc1cc(CS(=O)(=O)C=Cc2c(OC)cc(OC)cc2OC)ccc1OC
87,CC(C)CCC(=O)N1CCN2c3ncc(Cl)c(n3)Nc3cc4c(c(c3)OCCOCC2C1)N(C)C(=O)CC4
91,CN(C)CC=CC(=O)Nc1cc2c(Nc3ccc(F)c(Cl)c3)ncnc2cc1OC1CCOC1
97,CC(=O)N1CCC2CCC(C(=O)NC(CCC(N)=O)C(=O)NC(c3ccccc3)c3ccccc3)N2C(=O)C(NC(=O)c2cc3cc(C(F)(F)P(=O)(O)O)ccc3[nH]2)C1
98,CC(=O)N1CCC2CCC(C(=O)NC(CCC(N)=O)C(=O)NCc3ccccc3)N2C(=O)C(NC(=O)c2cc3cc(C(F)(F)P(=O)(O)O)ccc3[nH]2)C1
99,CNC(=O)C(CCC(N)=O)NC(=O)C1CCC2CCN(C(C)=O)CC(NC(=O)c3cc4cc(C(F)(F)P(=O)(O)O)ccc4[nH]3)C(=O)N21
100,CC(=O)N1CCC2CCC(C(=O)NC(CCC(N)=O)C(=O)NC(c3ccccc3)c3ccccc3)N2C(=O)C(NC(=O)c2cc3cc(OP(=O)(O)O)ccc3[nH]2)C1
101,CC(=O)N1CCC2CCC(C(=O)NC(CCC(N)=O)C(=O)NC(c3ccccc3)c3ccccc3)N2C(=O)C(NC(=O)c2cc3cc(CP(=O)(O)O)ccc3[nH]2)C1
102,CC(=O)N1CCC2CCC(C(=O)NC(CCC(N)=O)C(=O)NC(c3ccccc3)c3ccccc3)N2C(=O)C(NC(=O)C=C(C)c2ccc(C(F)(F)P(=O)(O)O)cc2)C1
103,CNC(=O)c1ccc(NC(=O)C2NC3(CCCCC3)C3(C(=O)Nc4cc(Cl)ccc43)C2c2cccc(Cl)c2F)cc1
106,Cc1ccc(C(=O)NC2C(C)(C)C(Oc3ccc(C#N)c(Cl)c3)C2(C)C)cc1
114,CC1(C)CCC(c2ccc(Cl)cc2)=C(CN2CCN(c3ccc(C(=O)NS(=O)(=O)c4ccc(NC(CCN5CCNCC5)CSc5ccccc5)c(S(=O)(=O)C(F)(F)F)c4)cc3)CC2)C1
115,Oc1ccc(Nc2nccc(Nc3cc4ccccc4cn3)n2)cc1
116,Cc1cc(Nc2ccnc(Nc3ccc(O)cc3)n2)n[nH]1
117,Nc1ncnc2[nH]nc(-c3ccccc3)c12
120,C=CC(=O)N1CCN(c2nc(=O)n(-c3c(C)ccnc3C(C)C)c3nc(-c4c(O)cccc4F)c(F)cc23)C(C)C1
122,CCn1c(=O)c2cc(C(N)=O)c(N)nc2n(CC)c1=O
123,NS(=O)(=O)NCCNc1nonc1C(=NO)Nc1ccc(F)c(Br)c1
125,CC(=O)c1cc2c(o1)C(=O)c1ccccc1C2=O
126,CC(=O)Nc1cccc(Sc2ncc(N3CCC(C)(N)CC3)nc2N)c1Cl
128,CC(=O)N1c2ccc(-c3ccc(C(=O)O)cc3)cc2C(Nc2ccc(Cl)cc2)CC1C
129,Cc1ncsc1-c1ccc(CNC(=O)C2CC(O)CN2C(=O)C(N)C(C)(C)C)cc1
130,Cc1ncsc1-c1ccc(CNC(=O)C2CC(O)CN2C(=O)C(NC(=O)C2(C#N)CC2)C(C)(C)C)cc1
131,O=C(O)c1ccc2c(c1)nc(Nc1cccc(Cl)c1)c1ccncc12
134,Cc1ncsc1-c1ccc(CNC(=O)C2CC(O)CN2C(=O)C(NC(=O)C2(F)CC2)C(C)(C)C)c(O)c1
138,Cc1cc(-c2ccc(C(=O)O)cc2N2CCC(c3[nH]cnc3C)CC2)ccc1F
139,C=C(F)C(=O)N1CCN(c2nc(OCC3CCCN3C)nc3c2CCN(c2cccc4cccc(Cl)c24)C3)CC1CC#N
141,COc1ccc2nc(N=Nc3ccc(N(C)C)cc3)sc2c1
148,CN(c1ncccc1CNc1ncc(C(F)(F)F)c(Nc2ccc3c(c2)CC(=O)N3)n1)S(C)(=O)=O
153,CC(C=CC1=C(C)CCCC1(C)C)=CC=CC(C)=CC(=O)O
154,CC(C)(C)c1cc(C(=O)C=Cc2ccc(C(=O)O)cc2)cc(C(C)(C)C)c1
155,CC12CCC3c4ccc(O)cc4CCC3C1CCC2=O
156,CC12CCC3C(CCC4CC(=O)CCC43C)C1CCC2O
157,CCC(=C(c1ccc(O)cc1)c1ccc(OCCNC)cc1)c1ccccc1
160,Nc1nc2c(ncn2C2OC(CO[PH](=O)[O-])C(O)C2O)c(=O)[nH]1
161,Nc1nc2c(c(=O)[nH]1)[n+](Cc1ccccc1)cn2C1OC(CO[PH](=O)O)C(O)C1O
162,Nc1nc2c(c(=O)[nH]1)[n+](Cc1ccc(F)cc1)cn2C1OC(CO[PH](=O)O)C(O)C1O
163,Nc1nc2c(c(=O)[nH]1)[n+](Cc1ccc(F)cc1)cn2C1OC(COS(=O)(=O)O)C(O)C1O
164,Nc1nc2c(c(=O)[nH]1)[n+](Cc1ccccc1)cn2C1OC(COS(=O)(=O)O)C(O)C1O
165,Nc1nc2c(ncn2C2OC(COS(=O)(=O)O)C(O)C2O)c(=O)[nH]1
166,Nc1nc2c(c(=O)[nH]1)[n+](Cc1ccc(F)cc1)cn2C1OC(COP(=O)(O)OP(=O)(O)O)C(O)C1O
167,Nc1nc2c(c(=O)[nH]1)[n+](Cc1ccccc1)cn2C1OC(COP(=O)(O)OP(=O)(O)O)C(O)C1O
168,Nc1nc2c(ncn2C2OC(COP(=O)(O)OP(=O)(O)O)C(O)C2O)c(=O)[nH]1
169,CCOc1cc(C(C)(C)C)ccc1C1=NC(c2ccc(Cl)cc2)C(c2ccc(Cl)cc2)N1C(=O)N1CCNCC1
172,CC(C)c1c(C(=O)Nc2ccccc2)c(-c2ccccc2)c(-c2ccc(F)cc2)n1CCC(O)CC(O)CC(=O)O
173,Cc1ccc(-n2nc3c(=O)n(CCCC(N)=O)nc(C)c3c2C)cc1
174,O=C(Nc1ccc(OC(F)(F)Cl)cc1)c1cnc(N2CCC(O)C2)c(-c2cc[nH]n2)c1
176,C#CCCCC(=O)N1CCN(c2cc(Nc3ncc(C=Cc4cccc(C)c4)s3)nc(C)n2)CC1
182,CC=CCC(C)C(O)C1C(=O)NC(CC)C(=O)N(C)CC(=O)N(C)C(CC(C)C)C(=O)NC(C(C)C)C(=O)N(C)C(CC(C)C)C(=O)NC(C)C(=O)NC(C)C(=O)N(C)C(CC(C)C)C(=O)N(C)C(CC(C)C)C(=O)N(C)C(C(C)C)C(=O)N1C
183,O=C(O)c1ccc(NC(=O)C2NC3(CCCCC3)C3(C(=O)Nc4cc(Cl)ccc43)C2c2cccc(Cl)c2F)cc1
184,CCC(=C(c1ccc(O)cc1)c1ccc(OCCN(C)C)cc1)c1ccccc1
185,CCC(=C(c1ccccc1)c1ccc(OCCN(C)C)cc1)c1ccccc1
187,Oc1ccc2c(c1)CCC(c1ccccc1)C2c1ccc(OCCN2CCCC2)cc1
193,NC(=O)c1cccc2cn(-c3ccc(C4CCCNC4)cc3)nc12
197,Nc1ncnc2c1c(-c1ccc(Oc3ccccc3)cc1)nn2C1CCCNC1
198,CC(=O)N1CCCC(n2nc(-c3ccc(Oc4ccc(F)cc4F)cc3)c(C(N)=O)c2N)C1
199,COc1cc(OC)c(C=CS(=O)(=O)Cc2ccc(OC)c(NCC(=O)O)c2)c(OC)c1
215,CCOc1cc(C(C)(C)C)ccc1C1=NC(C)(c2ccc(Cl)cc2)C(C)(c2ccc(Cl)cc2)N1C(=O)N1CCN(CCCS(C)(=O)=O)CC1
219,Nc1nc2c(c(=O)[nH]1)[n+](Cc1ccccc1)cn2C1OC(COP(=O)(O)O)C(O)C1O
220,Nc1nc2c(c(=O)[nH]1)[n+](Cc1ccc(F)cc1)cn2C1OC(COP(=O)(O)O)C(O)C1O
222,Nc1nc2c(c(=O)[nH]1)[n+](Cc1ccc(Cl)cc1)cn2C1OC(COP(=O)(O)OP(=O)(O)O)C(O)C1O
223,Nc1nc2c(ncn2C2OC(COP(=O)(O)O)C(O)C2O)c(=O)[nH]1
235,COc1cc2c(OCC3CCC(=O)N3)ncc(Br)c2cc1C(N)=O
236,CCC1C(=O)N(C)c2cnc(Nc3ccc(C(=O)NC4CCN(C)CC4)cc3OC)nc2N1C1CCCC1
237,CC(C)NCC(C(=O)N1CCN(c2ncnc3c2C(C)CC3O)CC1)c1ccc(Cl)cc1
238,COC1CC2CCC(C)C(O)(O2)C(=O)C(=O)N2CCCCC2C(=O)OC(C(C)CC2CCC(O)C(OC)C2)CC(=O)C(C)C=C(C)C(O)C(OC)C(=O)C(C)CC(C)C=CC=CC=C1C
241,CC(=O)NC(C(=O)N1CC(O)CC1C(=O)NCc1ccc(-c2scnc2C)cc1)C(C)(C)C
243,C#CCOCCOCCOCCNc1nc(N2CCN(C(=O)C(Cc3ccc(O)cc3)n3cc(C(N)C(C)CC)nn3)CC2)nc(N2CCN(C(=O)C(Cc3ccc(O)cc3)n3cc(C(N)C(C)CC)nn3)CC2)n1
246,CC12CCC3c4ccc(O)cc4CCC3C1CCC2O
255,O=C(NOCC(O)CO)c1ccc(F)c(F)c1Nc1ccc(I)cc1F
271,CC1(c2nc3c(C(N)=O)cccc3[nH]2)CCCN1
274,CCC(C(=O)N1CCCCC1C(=O)OC(CCc1ccc(OC)c(OC)c1)c1cccc(OCC(=O)O)c1)c1cc(OC)c(OC)c(OC)c1
275,CCC(C(=O)N1CCCCC1C(=O)OC(CCc1ccc(OC)c(OC)c1)c1ccccc1OCC(=O)O)c1cc(OC)c(OC)c(OC)c1
276,CCC(C)C(C(CC(=O)N1CCCC1C(OC)C(C)C(=O)NC(C)C(O)c1ccccc1)OC)N(C)C(=O)C(NC(=O)C(NC)C(C)C)C(C)C
277,COc1ccc(C=Cc2cc(OC)c(OC)c(OC)c2)cc1O
279,NC(Cc1ccccc1)C(=O)N1CC(=Cc2ccc(Cl)c(Cl)c2)C(=O)C(=Cc2ccc(Cl)c(Cl)c2)C1
283,CCCC(NC(=O)C1C2CCCC2CN1C(=O)C(NC(=O)C(NC(=O)c1cnccn1)C1CCCCC1)C(C)(C)C)C(=O)C(=O)NC1CC1
285,C=CC(=O)NC(CCC(=O)O)C(=O)Nc1cccc(Nc2ncc(NC(=O)c3cc(NC(=O)c4cccc(C(F)(F)F)c4)ccc3C)cn2)c1
286,CCC(=O)N1CC(n2nc(-c3ccc(Oc4ccccc4)cc3)c3c(N)ncnc32)CC1C(=O)O
287,CCC(=O)NC(CCC(=O)O)C(=O)Nc1cccc(Nc2ncc(NC(=O)c3cc(NC(=O)c4cccc(C(F)(F)F)c4)ccc3C)cn2)c1
288,CN(C)C1CCC2(C)C(=CCC3C2CCC2(C)C(c4ccc5ccncc5c4)CCC32)C1
289,Cc1[nH]c(C=C2C(=O)Nc3ccc(S(=O)(=O)Cc4c(Cl)cccc4Cl)cc32)c(C)c1C(=O)N1CCCC1CN1CCCC1
290,CCN(CC)CCNC(=O)c1c(C)[nH]c(C=C2C(=O)Nc3ccc(F)cc32)c1C
299,O=C(Nc1nc2ccc(CO)cc2n1C1CCC(CO)CC1)c1cccc(C(F)(F)F)c1
301,CC1Cc2c([nH]c3ccccc23)C(c2c(F)cc(C=CC(=O)O)cc2F)N1CC(C)(C)F
310,CC1(C)C(NC(=O)c2ccc(O)cc2)C(C)(C)C1Oc1ccc(C#N)c(C(F)(F)F)c1
313,O=C1C(=CC=Cc2ccc([N+](=O)[O-])cc2)c2ccccc2N1Cc1ccccc1
316,OC1CCN(c2cc(-c3cccc(-c4cnc5ccc(N6CCCC6c6cccc(F)c6)nn45)n3)ccn2)CC1
322,O=C(Nc1ccc(OC(F)(F)Cl)cc1)c1cnc(N2CCC(O)C2)c(-c2ccn[nH]2)c1
329,N#Cc1ccc(OC2CC3CCC(C2)N3)cc1Cl
340,COC(=O)C1=CCC23CCC(C(C)(C=CC=C(C)C(=O)O)OC2=O)C3(OC(C)=O)CC1
341,CC1Cc2c([nH]c3ccccc23)C(c2cnc(Cl)nc2)N1CC(C)(C)F
343,CC(=O)N1CCN(C2CCC(Nc3ncnn4ccc(C(C)C)c34)CC2)CC1
345,CCC(C)n1cc(C)c2c(C(=O)NCc3c(C)cc(C)[nH]c3=O)cc(-c3ccc(N4CCNCC4)nc3)cc21
354,CCc1cnn2c(NCc3ccc[n+]([O-])c3)cc(N3CCCCC3CCO)nc12
356,CCCNc1nc(Nc2ccc(C#N)cc2)ncc1C#CCCCNC(=O)C(C)N(C)C(=O)C=CCN(C)C
360,Cn1ncc(Cl)c1-c1cc(C(=O)NC(CN)Cc2cccc(F)c2)sc1Cl
372,CC12CC(N)CC1(C)CC(Oc1ccc(C#N)c(Cl)c1)C2
378,CCCCCCCCCCCCCC(=S)NCCCCC(NC(=O)OCc1ccccc1)C(=O)Nc1ccccc1
379,CC(C)NC(=O)N1CCC(NC2=Nc3cc(F)ccc3N(CC(F)F)c3ccc(Cl)cc32)C1
380,CN(C)CC=CC(=O)Nc1ccc(C(=O)Nc2cccc(Nc3cc(-c4c[nH]c5ccccc45)ncn3)c2)cc1
382,O=C(NCC(O)CN1CCc2ccccc2C1)c1cc(NC2COC2)ncn1
384,CC(C)Nc1cc(-n2ccc3cc(C#N)cnc32)ncc1C(=O)NC1CCC(C(=O)NC2CC2)CC1
398,CC1OCC2(CCN(c3cnc(Sc4ccnc(N)c4Cl)c(N)n3)CC2)C1N
400,CN(C)CC=CC(=O)Nc1ccc(C(=O)N2CCCC(Nc3ncc(Cl)c(-c4c[nH]c5ccccc45)n3)C2)cc1
401,CC(C)S(=O)(=O)c1ccccc1Nc1nc(NC2CCCNC2)ncc1Cl
405,CCC(=O)NC1CCC(n2c(=O)cc(C)c3cnc(Nc4ccc(N5CCN(C)CC5)cc4OC)nc32)CC1
407,COc1cc2ncnc(Nc3ccc(F)c(Cl)c3)c2cc1NC(=O)C=CCN1CCCCC1
413,N#Cc1ccc(OC2CCC(NC(=O)c3ccccc3)CC2)cc1Cl
414,N#Cc1ccc(OC2CCC(NC(=O)c3ccccc3)C2)cc1Cl
415,N#Cc1ccc(OC2CCCC(NC(=O)c3ccccc3)CC2)cc1Cl
416,N#Cc1ccc(OC2CCCC(NC(=O)c3ccccc3)CCC2)cc1Cl
419,N#Cc1ccc(NC2CCC(NC(=O)c3ccccc3)CC2)cc1Cl
420,CN(c1ccc(C#N)c(Cl)c1)C1CCC(NC(=O)c2ccccc2)CC1
421,CCN(c1ccc(C#N)c(Cl)c1)C1CCC(NC(=O)c2ccccc2)CC1
422,CCCN(c1ccc(C#N)c(Cl)c1)C1CCC(NC(=O)c2ccccc2)CC1
423,CCn1c(-c2nonc2N)nc2c(C#CC(C)(C)O)ncc(OCC3CCCNC3)c21
424,C=CC(=O)N1CCC(n2c(Nc3ccccc3)nc3cnc(Nc4ccc(N5CCN(C)CC5)cc4)nc32)C1
425,C=CC(=O)N1CCCC(n2c(Nc3ccccc3)nc3cnc(Nc4ccc(N5CCN(C)CC5)cc4)nc32)C1
426,CCC(=O)N1CCCC(n2c(Nc3ccccc3)nc3cnc(Nc4ccc(N5CCN(C)CC5)cc4)nc32)C1
429,O=C(O)C(Cc1ccccc1[N+](=O)[O-])=NNc1nc(-c2ccc(Cl)c(Cl)c2)cs1
430,O=C(O)C(Cc1ccccc1[N+](=O)[O-])=NNc1nc(-c2ccc(-c3ccccc3)cc2)cs1
432,NC(Cc1ccc(O)c(O)c1)C(=O)O
434,O=C(NC1CCC(O)CC1)c1n[nH]cc1NC(=O)c1c(F)cccc1F
435,CCC1c2nnc(C)n2-c2cnc(Nc3ccc(C(=O)NC4CCN(C)CC4)cc3OC)nc2N1CC1CCCCC1
440,Nc1nc(Nc2ccc3c(c2)CCC(N2CCCC2)CC3)nn1-c1cc2c(nn1)-c1ccccc1CCC2
442,CN1CCCC1COc1nc2c(c(N3CCN(C(=O)C(C#N)=CC4CC4)C(CC#N)C3)n1)CCN(c1cccc3cccc(Cl)c13)C2
444,NC1CCC(Nc2ncnc3[nH]cc(C(=O)c4ccc(Oc5ccccc5)cc4Cl)c23)CC1
445,O=C(CCCON=C1C(=C2C(=O)Nc3ccccc32)Nc2ccccc21)NO
448,CC(=O)N1CCC2CCC(C(=O)NC(CCC(N)=O)C(=O)NC(c3ccccc3)c3ccccc3)N2C(=O)C(NC(=O)c2cc3cc(C(=O)P(=O)(O)O)ccc3[nH]2)C1
456,CCc1ccc(C=C2SC(=S)NC2=O)cc1
457,CC1CCC2(C(=O)O)CCC3(C)C(=CCC4C5(C)CCC(O)C(C)(C)C5CCC43C)C2C1C
460,Cc1nc(N2CCC3(CC2)COC(C)C3N)c(CO)nc1-c1cccc(Cl)c1Cl
462,CC1CC2(CCNCC2)CN1c1ccc(C#N)c(Cl)c1
464,CCC1CC2(CCNCC2)CN1c1ccc(C#N)c(Cl)c1
466,N#CCC(C1CCCC1)n1cc(-c2ncnc3[nH]ccc23)cn1
468,C=CC(=O)N1CCC(C2CCNc3c(C(N)=O)c(-c4ccc(Oc5ccccc5)cc4)nn32)CC1
482,CCC(C)C(=O)OC1CC(C)C=C2C=CC(C)C(CCC3CC(O)CC(=O)O3)C21
490,CC1CCCN1Cc1nc2ccc(NC(=O)c3ccc4c(cnn4C)c3)cc2[nH]1
491,N#Cc1ccc(OC2CCC(NC(=O)c3cccnn3)CC2)cc1Cl
494,CC(OC(C)(C)C)C(NC(=O)OCc1ccccc1)C(=O)NC(CC1CCCCC1)C(=O)NC(C=O)CC1CCNC1=O
495,CC(OC(C)(C)C)C(NC(=O)OCc1c[nH]nn1)C(=O)NC(CC1CCCCC1)C(=O)NC(C=O)CC1CCNC1=O
496,CC(C)(C)NC(=O)NC(C(=O)N1CC2C(C1C(=O)NC(C=O)CC1CCNC1=O)C2(C)C)C(C)(C)C
497,NC(=O)C1CC2CCCCC2N1C(=O)c1cccc(C2CCCN2C(=O)c2ccc3[nH]ncc3c2F)c1Cl
501,Cc1sc2c(c1C)C(c1ccc(Cl)cc1)=NC(CC(N)=O)c1nnc(C)n1-2
504,CC1CC2(CCN(c3ccc(C(=O)N4CCN(C)CC4)cc3)CC2)CN1c1ccc(C#N)c(Cl)c1
507,CC(NC(=O)c1ccc2c(-c3ccc(C(F)(F)F)cc3)cccc2c1)c1ccccn1
508,CC(NC(=O)c1cnc2c(-c3ccc(C(F)(F)F)cc3)cccc2c1)c1ccccn1
509,CC(NC(=O)c1ccc2c(-c3ccccc3)cccc2c1)c1ccccn1
510,CC(NC(=O)c1ccc2ccccc2c1)c1ccccn1
511,CC1Cc2c([nH]c3ccccc23)C(c2c(F)cc(NC3CN(CCCF)C3)cc2F)N1CC(F)(F)CO
512,CC1Cc2c(ccc3[nH]ncc23)C(c2ccc(NC3CN(CCCF)C3)cn2)N1CC(F)(F)F
519,CC1=C(O)C(=O)C=C2C1=CC=C1C2(C)CCC2(C)C3CC(C)(C(=O)O)CCC3(C)CCC12C
520,Cc1cccc(C=NNc2cc(N3CCOCC3)nc(OCCc3ccccn3)n2)c1
521,CC1CN(c2cc(-c3n[nH]c4ccc(OC5(C)CC5)cc34)ncn2)CC(C)O1
526,CC(C)(c1ccc(OCC(O)CO)cc1)c1ccc(OCC(O)CCl)cc1
527,CC1CCC2C(C)C(OCCNCCOC3OC4OC5(C)CCC6C(C)CCC(C3C)C46OO5)OC3OC4(C)CCC1C32OO4
528,CCCCNc1ncc2c(-c3ccc(C)cc3)cn(C3CCC(O)CC3)c2n1
531,Cc1ccccc1N1C(=O)C2C3C=CC(C3)C2C1=O
533,COC1=C2CC(C)CC(OC)C(O)C(C)C=C(C)C(OC(N)=O)C(OC)C=CC=C(C)C(=O)NC(=CC1=O)C2=O
537,CC1(C)CCC2(C(=O)O)CCC3(C)C(C(=O)C=C4C5(C)C=C(C#N)C(=O)C(C)(C)C5CCC43C)C2C1
541,O=C(C=Cc1cccnc1)NCCCCC1CCN(C(=O)c2ccccc2)CC1
542,COc1cc(C(CC(=O)O)c2ccc(C)c(CN3CC(C)Oc4ccccc4S3(=O)=O)c2)cc2nnn(C)c12
547,CNC(=O)Nc1ccc2c(c1)CCC21CN(CC(=O)N(Cc2ccc(F)cc2)C(C)C(F)(F)F)C(=O)O1
558,CCOC(=O)C1=CC(OC(CC)CC)C(NC(C)=O)C(N)C1
559,CCn1nc(C)cc1C(=O)Nc1nc2cc(C(N)=O)cc(OC)c2n1CC=CCn1c(NC(=O)c2cc(C)nn2CC)nc2cc(C(N)=O)cc(OCCCN3CCOCC3)c21
560,CSCCC(NC(=O)C(C)NC(=O)C(Cc1ccccc1)NC(=O)C(Cc1ccccc1)NC(=O)C1CCCN1C(=O)C(Cc1c[nH]c2ccccc12)NC(=O)C(CCSC)NC(=O)C(CCCCN)NC(=O)C(CCCNC(=N)N)NC(=O)C(Cc1ccccc1)NC(=O)C(CO)NC(=O)C(CCC(N)=O)NC(=O)C(Cc1ccccc1)NC(=O)C(CC(=O)O)NC(=O)C(N)CCCNC(=N)N)C(=O)O
561,COc1cc(C(N)=O)ccc1NC(=O)C1NC(CC(C)(C)C)C2(C(=O)Nc3cc(Cl)ccc32)C1c1cccc(Cl)c1F
562,O=S(=O)(C1CC2OC1C(c1ccc(O)cc1)=C2c1ccc(O)cc1)N(CC(F)(F)F)c1ccccc1
563,O=C(c1ccc(Oc2ccccc2)cc1Cl)c1c[nH]c2ncnc(NC3CCC(CO)OC3)c12
565,COC(=O)c1ccc(C2c3[nH]c4ccccc4c3CC(C(=O)OC)N2C(=O)CCl)cc1
567,CCCCCCCCC=CCCCCCCCC(=O)O
569,Cc1nnc2n1-c1ccc(-c3cnn(C)c3)cc1C(Nc1ccc(Cl)cc1)CC2
570,COC(=O)C(C)NC(=O)C(C)NC(=O)C(CCCCNC(C)=S)NC(=O)c1ccc(C(=O)c2ccc(OCC=CCN=[N+]=[N-])cc2)cc1
571,CC(Oc1cc(-c2cnn(C3CCNCC3)c2)cnc1N)c1c(Cl)ccc(F)c1Cl
575,C#CCOC1C(=C)CCC2C(C=C(C)C(=O)C3(O)CC(C)C(O)C13)C2(C)C
576,CNC(C)C(=O)NC(C(=O)N1CC(Oc2ccccc2)CC1C(=O)NC1CCCc2ccccc21)C1CCCCC1
577,CC(=O)NC(C(=O)N1CC(O)CC1C(=O)NC(C)c1ccc(-c2scnc2C)cc1)C(C)(C)C
578,Cc1ncsc1-c1ccc(CNC(=O)C2CC(O)CN2C(=O)C(C(C)C)N2Cc3ccccc3C2=O)cc1
579,COc1cc(CC(=O)NC(Cc2ccccc2)C(=O)NC(Cc2ccc(C(F)(F)P(=O)(O)O)cc2)C(=O)NC(CCCCNC(=O)c2ccc(C)c(Br)c2)C(N)=O)ccc1O
581,CN(C)CCC(c1ccccc1)n1cc(NC(=O)c2n[nH]c3c2CCC(C)(C)C3)cn1
584,COc1c(C)c2c(c(O)c1CC=C(C)CCC(=O)OCCN1CCOCC1)C(=O)OC2
586,Nc1cc2c(Nc3ccc(F)c(Cl)c3)ncnc2cc1OC1CCOC1
588,COc1cc2nc(C)nc(NC(C)c3cc(N)cc(C(F)(F)F)c3)c2cc1C1CCN(C(C)=O)CC1
592,CN(C)C(=O)CCN(C(=O)C1CCCN1C(=O)C(NC(=O)c1cc2cc(C(F)(F)P(=O)(O)O)ccc2s1)C(C)(C)C)c1ccc(Br)cc1
595,CN(C)C(=O)CCN(C(=O)C1CCCN1C(=O)C(NC(=O)c1cc2cc(C(F)(F)P(=O)(O)O)ccc2s1)C(C)(C)C)c1ccc(-c2nccs2)cc1
598,O=C(C=Cc1ccccc1)c1oc(=O)c2ccccc2c1O
600,C=CC(=O)N1CCN(c2nc(=O)n(-c3ccc(C(=O)O)cc3C(C)C)c3cc(-c4ccccc4Cl)c(Cl)cc23)C(C)C1
603,COC(C)(C)CCCC(C)(O)C1CCC2(C)C1C(O)CC1C3(C)CCC(O)C(C)(C)C3CCC12C
606,Nc1cc(F)ccc1NC(=O)c1ccc(CNC(=O)C=Cc2cccnc2)cc1
612,CC(=O)OC1CC(O)C23COC(O)C1(C)C2CC(O)C1(C)C3C(=O)C(OC(C)=O)C2(C)C(c3ccoc3)CC3OC321
613,COC(=O)NC(C)CNc1nccc(-c2cn(C(C)C)nc2-c2cc(Cl)cc(NS(C)(=O)=O)c2F)n1
616,COc1cc2nc(C)nc(NC(C)c3cc(N)cc(C(F)(F)F)c3)c2cc1OC1CCOC1
621,CC(C(=O)Nc1ccc(Cl)cc1)C1CCC(c2ccnc3ccc(F)cc23)CC1
622,CNC(C)C(=O)NC(C(=O)N1Cc2cc(O)ccc2CC1C(=O)NC1CCCc2ccccc21)C(C)(C)C
623,C=C1CCC2C(C=C(C)C(=O)C3(O)CC(C)C(O)C3C1O)C2(C)C
624,CN1CCN(C2CCCN(c3cnc(C(N)=O)c(Nc4ccc(C5CCNCC5)cc4)n3)C2)C1=O
625,CC(C)C(CS(=O)(=O)C(C)C)N1C(=O)C(C)(CC(=O)O)CC(c2cccc(Cl)c2)C1c1ccc(Cl)cc1
626,Cc1ccc(S(=O)(=O)NC(Cc2c[nH]c3ccccc23)C(=O)Nc2ccc(N3CCOCC3)cc2)cc1
630,NCCCCC(NC(=O)C1CCCN1C(=O)Cc1cccc2ccccc12)C(=O)Nc1ccccc1C(=O)O
637,C#CCCC(=O)N(C)CCOc1ccc(C(=C(CC)c2ccccc2)c2ccc(O)cc2)cc1
639,CCCN(CCC)CC(C)NC(=O)c1ccc(-c2noc(C(F)(F)F)n2)cc1
640,COc1cc(CCc2cc(NC(=O)c3ccc(N4CC(C)NC(C)C4)cc3)n[nH]2)cc(OC)c1
644,N#Cc1ccc(NC2CCC(N(C(=O)NCc3ccccc3)c3ccc(N4CCNCC4)cc3)CC2)nc1
648,CC(CC(=O)N1CCC(O)(Cn2cnc3cc(NC(=O)CCN4CCN(C)CC4)ccc3c2=O)CC1)c1ccccc1
652,CC(CC(=O)N1CCC(O)(Cn2cnc3c(-c4ccc(CN)cc4)n(C)nc3c2=O)CC1)c1ccccc1
655,CNC(=O)CC1CC(c2cccc(F)c2)C(NC(=O)c2ccc(-c3c(Cl)cnn3C)s2)CN1
659,CC1(C)CCC2(C(=O)O)CCC3(C)C(=CCC4C5(C)CCC(O)C(C)(C)C5CCC43C)C2C1
660,O=C(c1c(F)ccc(NS(=O)(=O)N2CCC(F)C2)c1F)c1c[nH]c2ncc(-c3cnc(N4CCNCC4)nc3)cc12
665,NNC(=O)c1ccc(N=C2C(=O)Nc3ccccc32)cc1
666,CN1C(=O)C(=Nc2ccc(C(=O)NN)cc2)c2ccccc21
671,CN(Cc1cnc2nc(N)nc(N)c2n1)c1ccc(C(=O)NC(CCC(=O)O)C(=O)O)cc1
672,Cc1cc(C)cc(COc2cc3c(cc2OCc2cc(C)cc(C)c2)C2CC(O)CC(C)N2CC3)c1
674,CC(C)CCNC1CCc2cc(O)c(N3CC(=O)NS3(=O)=O)c(F)c2C1
676,CC(C)Nc1cc(-c2c[nH]c(C(=O)NC(CO)c3cccc(Cl)c3)c2)c(Cl)cn1
677,Cn1nccc1Nc1nccc(-c2ccn(C(CO)c3ccc(Cl)c(F)c3)c(=O)c2)n1
678,Cc1cccc(CN2C(=O)c3cc(-c4nc(Nc5ccnn5C)ncc4C)cn3CC2C)n1
681,NC1CCCN(c2c(C=C3SC(=O)NC3=O)cccc2-c2ccccc2)C1
682,CC1CC(N)CC(c2ccncc2NC(=O)c2ccc(F)c(-c3c(F)cccc3F)n2)C1
683,CCc1ccc(C(=O)NCCCCC(NC(=O)C(Cc2ccc(C(F)(F)P(=O)(O)O)cc2)NC(=O)C(Cc2ccccc2)NC(=O)COC2CC(C)CCC2C(C)C)C(N)=O)cc1
686,CC1CC2C3CCC4=CC(=O)C=CC4(C)C3(F)C(O)CC2(C)C1(O)C(=O)CO
688,CC(C)CC(NC(=O)C1CCCN1)C(=O)NC(Cc1cnc[nH]1)C(=O)NC(CO)C(=O)NC(C(=O)O)C(C)OP(=O)(O)O
689,CC(OP(=O)(O)O)C1NC(=O)C(Cc2cncn2CCCCCCCCc2ccccc2)NC(=O)C(N)CCC(=O)NCCCCC(C(N)=O)NC1=O
692,CCS(=O)(=O)N1CCC(C(C)n2cc(C)c3c(C(=O)NCc4c(OC)cc(C)[nH]c4=O)cccc32)CC1
694,C#Cc1c(F)ccc2cc(O)cc(-c3ncc4c(N5CC6CCC(C5)N6)nc(OCC56CCCN5CC(F)C6)nc4c3F)c12
695,CNCC[C@H](CSc1ccccc1)Nc1ccc(S(=O)(=O)NC(=O)c2ccc(N3CCN(CC4=C(c5ccc(Cl)cc5)CCC(C)(C)C4)CC3)cc2)cc1S(=O)(=O)C(F)(F)F
695,CNCCC(CSc1ccccc1)Nc1ccc(S(=O)(=O)NC(=O)c2ccc(N3CCN(CC4=C(c5ccc(Cl)cc5)CCC(C)(C)C4)CC3)cc2)cc1S(=O)(=O)C(F)(F)F
696,CNCC[C@H](CSc1ccccc1)Nc1ccc(S(=O)(=O)NC(=O)c2ccc(N3CCN(CC4=C(c5ccc(Cl)cc5)CCC(C)(C)C4)CC3)cc2)cc1S(=O)(=O)C(F)(F)F
696,CNCCC(CSc1ccccc1)Nc1ccc(S(=O)(=O)NC(=O)c2ccc(N3CCN(CC4=C(c5ccc(Cl)cc5)CCC(C)(C)C4)CC3)cc2)cc1S(=O)(=O)C(F)(F)F
697,CN(C)CC[C@H](CSc1ccccc1)Nc1ccc(S(=O)(=O)NC(=O)c2ccc(N3CCN(CC4=C(c5ccc(Cl)cc5)CCC(C)(C)C4)CC3)cc2)cc1S(=O)(=O)C(F)(F)F
697,CN(C)CCC(CSc1ccccc1)Nc1ccc(S(=O)(=O)NC(=O)c2ccc(N3CCN(CC4=C(c5ccc(Cl)cc5)CCC(C)(C)C4)CC3)cc2)cc1S(=O)(=O)C(F)(F)F
698,CC(=O)c1c(C)c2cnc(N)nc2n(C2CCCC2)c1=O
699,CC1(C)C(=O)N(c2ccc(C#N)c(C(F)(F)F)c2)C(=S)N1c1ccc(O)cc1
700,CCNCCOc1ccc(C(=O)c2c(-c3ccc(O)cc3)sc3cc(O)ccc23)cc1
701,CCNCCOc1ccc(Cn2c(-c3ccc(O)cc3)c(C)c3cc(O)ccc32)cc1
702,CCNCCOc1ccc([C@@H]2c3ccc(O)cc3CC[C@@H]2c2ccccc2)cc1
702,CCNCCOc1ccc(C2c3ccc(O)cc3CCC2c2ccccc2)cc1
703,CC(C)c1cnn2c(NCc3ccc(N)cc3)nc(OC3CCN(C)CC3)nc12
704,CCCS(=O)(=O)Nc1ccc(F)c(-n2cc(-c3cncnc3)c3nc(N(C)C4CCNCC4)ccc32)c1F
705,NC(=O)CC[C@H](NC(=O)[C@@H]1CC[C@@H]2CCNC[C@H](NC(=O)c3cc4cc(C(F)(F)P(=O)(O)O)ccc4[nH]3)C(=O)N21)C(=O)NC(c1ccccc1)c1ccccc1
705,NC(=O)CCC(NC(=O)C1CCC2CCNCC(NC(=O)c3cc4cc(C(F)(F)P(=O)(O)O)ccc4[nH]3)C(=O)N21)C(=O)NC(c1ccccc1)c1ccccc1
706,Cn1cc2c3c(c[nH]c3c1=O)CN(c1ncc(F)cc1F)c1ccc(CS(C)(=O)=O)cc1-2
707,Cc1sc2c(c1C)C(c1ccc(Cl)cc1)=N[C@@H](C)c1nnc(C)n1-2
707,Cc1sc2c(c1C)C(c1ccc(Cl)cc1)=NC(C)c1nnc(C)n1-2
708,Cn1cc2c3c(c[nH]c3c1=O)CN(c1ncc(F)cc1F)c1ccc(CS(C)(=O)=O)cc1-2
709,Cn1c(=O)c2cc(C(N)=O)c(N)nc2n(C2CC2)c1=O
710,CCn1c(=O)n(C)c(=O)c2cc(C(N)=O)c(N)nc21
711,CCNC(C(=O)NC(C)(C)C)c1ccc(Cl)cc1
712,NCCc1ccc(O)c(O)c1
713,Fc1cc(CNCc2ccc(Cl)cc2)cc(F)c1F
714,CCNc1nc(Nc2cc(F)ccc2OC)ncc1C(F)(F)F
715,COc1cc(OC)c(/C=C/S(=O)(=O)Cc2ccc(OC)c(C)c2)c(OC)c1
715,COc1cc(OC)c(C=CS(=O)(=O)Cc2ccc(OC)c(C)c2)c(OC)c1
716,CC(C)(C)NC(=O)C(c1c[nH]c2cc(Cl)ccc12)N(C=O)Cc1cc(F)c(F)c(F)c1
717,CCOC(=O)c1[nH]c2cc(Cl)ccc2c1C(NCc1ccc(Cl)cc1)C(=O)NC(C)(C)C
718,N#Cc1cccc(-c2c[nH]c3ncnc(N4CCNCC4)c23)c1
719,CCOC(=O)c1[nH]c2cc(Cl)ccc2c1C(NCc1ccccc1)C(=O)NC(C)(C)C
720,Clc1ccc(Nc2nccs2)cc1
721,CC=NNc1nc(-c2ccc(-c3ccccc3)cc2)cs1
722,COc1cc(OC)c(/C=C/S(=O)(=O)Cc2ccc(OC)c(N)c2)c(OC)c1
722,COc1cc(OC)c(C=CS(=O)(=O)Cc2ccc(OC)c(N)c2)c(OC)c1
723,Oc1ccc2c(c1)CC[C@H](c1ccccc1)[C@@H]2c1ccccc1
723,Oc1ccc2c(c1)CCC(c1ccccc1)C2c1ccccc1
724,CC1(C)CCC(c2ccc(Cl)cc2)=C(CN2CCN(c3ccc(C(=O)NS(=O)(=O)c4ccc(N[C@H](CCN5CCNCC5)CSc5ccccc5)c(S(=O)(=O)C(F)(F)F)c4)cc3)CC2)C1
724,CC1(C)CCC(c2ccc(Cl)cc2)=C(CN2CCN(c3ccc(C(=O)NS(=O)(=O)c4ccc(NC(CCN5CCNCC5)CSc5ccccc5)c(S(=O)(=O)C(F)(F)F)c4)cc3)CC2)C1
725,CC1(C)CCC(c2ccc(Cl)cc2)=C(CN2CCN(c3ccc(C(=O)NS(=O)(=O)c4ccc(N[C@@H](CCN5CCNCC5)CSc5ccccc5)c(S(=O)(=O)C(F)(F)F)c4)cc3)CC2)C1
725,CC1(C)CCC(c2ccc(Cl)cc2)=C(CN2CCN(c3ccc(C(=O)NS(=O)(=O)c4ccc(NC(CCN5CCNCC5)CSc5ccccc5)c(S(=O)(=O)C(F)(F)F)c4)cc3)CC2)C1
726,CC1(C)CCC(c2ccc(Cl)cc2)=C(CN2CCN(c3ccc(C(=O)NS(=O)(=O)c4ccc(N[C@@H](CCN5CCN(C=O)CC5)CSc5ccccc5)c(S(=O)(=O)C(F)(F)F)c4)cc3)CC2)C1
726,CC1(C)CCC(c2ccc(Cl)cc2)=C(CN2CCN(c3ccc(C(=O)NS(=O)(=O)c4ccc(NC(CCN5CCN(C=O)CC5)CSc5ccccc5)c(S(=O)(=O)C(F)(F)F)c4)cc3)CC2)C1
727,CNCC[C@@H](CSc1ccccc1)Nc1ccc(S(=O)(=O)NC(=O)c2ccc(N3CCN(CC4=C(c5ccc(Cl)cc5)CCC(C)(C)C4)CC3)cc2)cc1S(=O)(=O)C(F)(F)F
727,CNCCC(CSc1ccccc1)Nc1ccc(S(=O)(=O)NC(=O)c2ccc(N3CCN(CC4=C(c5ccc(Cl)cc5)CCC(C)(C)C4)CC3)cc2)cc1S(=O)(=O)C(F)(F)F
728,CN(C)CC[C@@H](CSc1ccccc1)Nc1ccc(S(=O)(=O)NC(=O)c2ccc(N3CCN(CC4=C(c5ccc(Cl)cc5)CCC(C)(C)C4)CC3)cc2)cc1S(=O)(=O)C(F)(F)F
728,CN(C)CCC(CSc1ccccc1)Nc1ccc(S(=O)(=O)NC(=O)c2ccc(N3CCN(CC4=C(c5ccc(Cl)cc5)CCC(C)(C)C4)CC3)cc2)cc1S(=O)(=O)C(F)(F)F
729,COc1cc2c(OC[C@@H]3CCC(=O)N3)nccc2cc1C(N)=O
729,COc1cc2c(OCC3CCC(=O)N3)nccc2cc1C(N)=O
730,COc1cc(/C=C2\SC(=O)N(C)C2=O)ccc1Oc1ccc(C#N)cc1C(F)(F)F
730,COc1cc(C=C2SC(=O)N(C)C2=O)ccc1Oc1ccc(C#N)cc1C(F)(F)F
731,CCn1nc(C2CC2)cc1Nc1nc(C=O)nc2[nH]c3cc(-c4c(C)noc4C)c(OC)cc3c12
732,CC[C@@H]1C(=O)N(C)c2cnc(Nc3ccc(C=O)cc3OC)nc2N1C1CCCC1
732,CCC1C(=O)N(C)c2cnc(Nc3ccc(C=O)cc3OC)nc2N1C1CCCC1
733,OCCn1cc(Nc2ncc(Cl)c(NCc3cc(F)ccc3F)n2)cn1
734,COc1cc(-c2cnc3cccc(-c4cc(F)c(CN5CCS(=O)(=O)CC5)c(F)c4)c3n2)ccc1OCCCN1CCNCC1
735,OCC1CCN(c2nc(Nc3ccc(F)cc3)nc3cnc(Nc4ccccn4)cc23)CC1
736,CN(C)C1CCN(c2ccc(Nc3cc4cnc(Nc5ccc(F)cc5)nc4cn3)nc2)CC1
737,CCOc1ccc2c(c1)sc1nc(-c3ccc(NC(=O)Nc4cc(C(C)(C)C)on4)cc3)cn12
738,CN(CCCNc1nc(Nc2ccccc2)ncc1Br)C(=O)C1CCC1
739,CN(CCCNc1nc(Nc2ccccc2)ncc1F)C(=O)C1CCC1
740,CN(CCCNc1nc(Nc2ccccc2)ncc1I)C(=O)C1CCC1
741,Cc1cnc(Nc2ccccc2)nc1NCCCN(C)C(=O)C1CCC1
742,CN(CCCNc1nc(Nc2ccccc2)ncc1C1CCC1)C(=O)C1CCC1
743,CN(CCCNc1nc(Nc2ccccc2)ncc1C1CC1)C(=O)C1CCC1
744,COc1ccc(CC(=O)Nc2cc(C3CCC3)[nH]n2)cc1
745,COc1cc(C=C2SC(=O)N(C)C2=O)ccc1Oc1ccc(C#N)cc1C(F)(F)F
746,Cc1sc2c(c1C)C(c1ccc(Cl)cc1)=N[C@@H](CC=O)c1nnc(C)n1-2
746,Cc1sc2c(c1C)C(c1ccc(Cl)cc1)=NC(CC=O)c1nnc(C)n1-2
747,Cc1ccc(NC(=O)c2ccc(CN3CCN(C)CC3)cc2)cc1Nc1nccc(-c2cccnc2)n1
748,COc1ccc(-c2cn(C)c(=O)c3cc(C(=N)NC4CCS(=O)(=O)CC4)sc23)cc1OCC=O
749,COc1cc(-c2cn(C)c(=O)c3cnccc23)cc(OC)c1CN(C)CC=O
750,CC(C)(C)c1cnc(CSc2cnc(NC(=O)C3CCN(CC=O)CC3)s2)o1
751,O=C(NC1CCNCC1)c1n[nH]cc1NC(=O)c1c(Cl)cccc1Cl
752,Cc1ccc(C(=O)N[C@H]2C(C)(C)[C@H](Oc3ccc(C#N)c(Cl)c3)C2(C)C)cc1
752,Cc1ccc(C(=O)NC2C(C)(C)C(Oc3ccc(C#N)c(Cl)c3)C2(C)C)cc1
753,CCCCN(Cc1ccc(C(=O)NO)cc1)C(=O)Nc1ccc(N)cc1
754,Cc1sc2c(c1C)C(c1ccc(Cl)cc1)=N[C@@H](CC(=O)Nc1ccc(O)cc1)c1nnc(C)n1-2
754,Cc1sc2c(c1C)C(c1ccc(Cl)cc1)=NC(CC(=O)Nc1ccc(O)cc1)c1nnc(C)n1-2
755,CC(O)(COc1ccc(N)cc1)C(=O)Nc1ccc([N+](=O)[O-])c(C(F)(F)F)c1
756,CC(=O)c1c(C)c2cnc(Nc3ccc(N4CCN(CC=O)CC4)cn3)nc2n(C2CCCC2)c1=O
757,Cc1cc(Nc2ncc(Cl)c(Nc3ccccc3S(=O)(=O)C(C)C)n2)c(OC(C)C)cc1C1CCN(CC=O)CC1
758,COc1ccc(OC)c2c1c(OC)cc1c(=O)cc(-c3ccccc3)oc12
759,CN1CC(Nc2cnn(C)c(=O)c2Br)CC(c2ccc(C=O)cc2)C1
760,CN1C[C@H](Nc2cnn(C)c(=O)c2Br)C[C@H](c2ccc(C=O)cc2)C1
760,CN1CC(Nc2cnn(C)c(=O)c2Br)CC(c2ccc(C=O)cc2)C1
761,CN1C[C@@H](Nc2cnn(C)c(=O)c2Br)C[C@@H](c2ccc(C=O)cc2)C1
761,CN1CC(Nc2cnn(C)c(=O)c2Br)CC(c2ccc(C=O)cc2)C1
762,Cc1nc(CCC=O)ccc1-c1cnc(NCc2c(F)ccc3c2CCO3)n2cnnc12
763,NC(=O)c1c(-c2ccc(Oc3ccc(F)cc3F)cc2)nn([C@H]2CCCNC2)c1N
763,NC(=O)c1c(-c2ccc(Oc3ccc(F)cc3F)cc2)nn(C2CCCNC2)c1N
764,NC(=O)c1c(-c2ccc(Oc3ccc(F)cc3F)cc2)nn([C@@H]2CCCNC2)c1N
764,NC(=O)c1c(-c2ccc(Oc3ccc(F)cc3F)cc2)nn(C2CCCNC2)c1N
765,C=CC(=O)N1C[C@H](n2nc(-c3ccc(Oc4ccccc4)cc3)c3c(N)ncnc32)C[C@H]1C=O
765,C=CC(=O)N1CC(n2nc(-c3ccc(Oc4ccccc4)cc3)c3c(N)ncnc32)CC1C=O
766,C=CC(=O)N[C@@H](CCC=O)C(=O)Nc1cccc(Nc2ncc(NC(=O)c3cc(NC(=O)c4cccc(C)c4)ccc3C)cn2)c1
766,C=CC(=O)NC(CCC=O)C(=O)Nc1cccc(Nc2ncc(NC(=O)c3cc(NC(=O)c4cccc(C)c4)ccc3C)cn2)c1
767,C=CC(=O)N1C[C@@H](n2nc(-c3ccc(Oc4ccccc4)cc3)c3c(N)ncnc32)C[C@H]1C=O
767,C=CC(=O)N1CC(n2nc(-c3ccc(Oc4ccccc4)cc3)c3c(N)ncnc32)CC1C=O
768,CCC(=O)N1C[C@H](n2nc(-c3ccc(Oc4ccccc4)cc3)c3c(N)ncnc32)C[C@H]1C=O
768,CCC(=O)N1CC(n2nc(-c3ccc(Oc4ccccc4)cc3)c3c(N)ncnc32)CC1C=O
769,Nc1ncnc2c1c(-c1ccc(Oc3ccccc3)cc1)nn2[C@@H]1CCCN(CC=O)C1
769,Nc1ncnc2c1c(-c1ccc(Oc3ccccc3)cc1)nn2C1CCCN(CC=O)C1
770,Cc1ccc(C(=O)NC2C(C)(C)C(Oc3ccc(C#N)c(Cl)c3)C2(C)C)cc1
771,COc1cc2c(Oc3ccc(NC(=O)C4(C(=O)Nc5ccc(F)cc5)CC4)cc3F)ccnc2cc1O
772,Oc1cccc(-c2cc(Nc3ccc(OC(F)(F)F)cc3)ncn2)c1
773,Cc1ccc(F)c(S(=O)(=O)Nc2ccc(-c3nc(OC[C@H]4CNCCO4)c4cn[nH]c4n3)cc2)c1
773,Cc1ccc(F)c(S(=O)(=O)Nc2ccc(-c3nc(OCC4CNCCO4)c4cn[nH]c4n3)cc2)c1
774,O=C(Nc1nc2ccccc2s1)c1cccc2c1CN(c1nc(C(=O)O)c(CCCOc3ccc(C#CCN4CCNCC4)cc3F)s1)CC2
775,COc1cc(/C=C(\C#N)C=O)ccc1OCc1ccc(C(F)(F)F)cc1C(F)(F)F
775,COc1cc(C=C(C#N)C=O)ccc1OCc1ccc(C(F)(F)F)cc1C(F)(F)F
776,CC/C(=C(\c1ccc(O)cc1)c1ccc(OCCN(C)CC)cc1)c1ccccc1
776,CCC(=C(c1ccc(O)cc1)c1ccc(OCCN(C)CC)cc1)c1ccccc1
777,CCNCCOc1ccc([C@@H]2c3ccc(O)cc3CC[C@@H]2c2ccccc2)cc1
777,CCNCCOc1ccc(C2c3ccc(O)cc3CCC2c2ccccc2)cc1
778,CC(=O)c1c(C)c2cnc(Nc3ccc(N4CCN(C=O)CC4)cn3)nc2n(C2CCCC2)c1=O
779,COc1cc(OC)c(/C=C/S(=O)(=O)Cc2ccc(OC)c(CC=O)c2)c(OC)c1
779,COc1cc(OC)c(C=CS(=O)(=O)Cc2ccc(OC)c(CC=O)c2)c(OC)c1
780,COc1cc(N2CCC(N)CC2)ccc1Nc1ncc(Cl)c(Nc2ccccc2P(C)(C)=O)n1
781,Cc1nnc2n1-c1sc(C#Cc3cnn(C)c3)c(Cc3ccccc3)c1COC2
782,NCCCOC(=O)NC(Nc1ncccn1)C(Cl)(Cl)Cl
783,O=Cc1ccc2c(c1)C(=O)N(C1CCC(=O)NC1=O)C2=O
784,NC(=O)CC[C@H](NC(=O)[C@@H]1CC[C@@H]2CCN(C=O)C[C@H](NC(=O)c3cc4cc(C(F)(F)P(=O)(O)O)ccc4[nH]3)C(=O)N21)C(=O)NC(c1ccccc1)c1ccccc1
784,NC(=O)CCC(NC(=O)C1CCC2CCN(C=O)CC(NC(=O)c3cc4cc(C(F)(F)P(=O)(O)O)ccc4[nH]3)C(=O)N21)C(=O)NC(c1ccccc1)c1ccccc1
785,NC(=O)CC[C@H](NC(=O)[C@@H]1CC[C@@H]2CCNC[C@H](NC(=O)c3cc4cc(C(F)(F)P(=O)(O)O)ccc4[nH]3)C(=O)N21)C(=O)NCc1ccccc1
785,NC(=O)CCC(NC(=O)C1CCC2CCNCC(NC(=O)c3cc4cc(C(F)(F)P(=O)(O)O)ccc4[nH]3)C(=O)N21)C(=O)NCc1ccccc1
786,CNC(=O)[C@H](CCC(N)=O)NC(=O)[C@@H]1CC[C@@H]2CCNC[C@H](NC(=O)c3cc4cc(C(F)(F)P(=O)(O)O)ccc4[nH]3)C(=O)N21
786,CNC(=O)C(CCC(N)=O)NC(=O)C1CCC2CCNCC(NC(=O)c3cc4cc(C(F)(F)P(=O)(O)O)ccc4[nH]3)C(=O)N21
787,NC(=O)CC[C@H](NC(=O)[C@@H]1CC[C@@H]2CCNC[C@H](NC(=O)c3cc4cc(OP(=O)(O)O)ccc4[nH]3)C(=O)N21)C(=O)NC(c1ccccc1)c1ccccc1
787,NC(=O)CCC(NC(=O)C1CCC2CCNCC(NC(=O)c3cc4cc(OP(=O)(O)O)ccc4[nH]3)C(=O)N21)C(=O)NC(c1ccccc1)c1ccccc1
788,NC(=O)CC[C@H](NC(=O)[C@@H]1CC[C@@H]2CCNC[C@H](NC(=O)c3cc4cc(CP(=O)(O)O)ccc4[nH]3)C(=O)N21)C(=O)NC(c1ccccc1)c1ccccc1
788,NC(=O)CCC(NC(=O)C1CCC2CCNCC(NC(=O)c3cc4cc(CP(=O)(O)O)ccc4[nH]3)C(=O)N21)C(=O)NC(c1ccccc1)c1ccccc1
789,C/C(=C\C(=O)N[C@H]1CNCC[C@H]2CC[C@@H](C(=O)N[C@@H](CCC(N)=O)C(=O)NC(c3ccccc3)c3ccccc3)N2C1=O)c1ccc(C(F)(F)P(=O)(O)O)cc1
789,CC(=CC(=O)NC1CNCCC2CCC(C(=O)NC(CCC(N)=O)C(=O)NC(c3ccccc3)c3ccccc3)N2C1=O)c1ccc(C(F)(F)P(=O)(O)O)cc1
790,O=Cc1ccc(NC(=O)[C@@H]2NC3(CCCCC3)[C@@]3(C(=O)Nc4cc(Cl)ccc43)[C@H]2c2cccc(Cl)c2F)cc1
790,O=Cc1ccc(NC(=O)C2NC3(CCCCC3)C3(C(=O)Nc4cc(Cl)ccc43)C2c2cccc(Cl)c2F)cc1
791,CC1(C)C(=O)N(c2ccc(C#N)c(C(F)(F)F)c2)C(=S)N1c1ccc(C=O)c(F)c1
792,Cc1ccc(Cc2c(C)nn(-c3ccc(C#N)c(Cl)c3)c2C)cc1
793,CC1(C)[C@H](NC(=O)c2ccc(C=O)cc2)C(C)(C)[C@H]1Oc1ccc(C#N)c(Cl)c1
793,CC1(C)C(NC(=O)c2ccc(C=O)cc2)C(C)(C)C1Oc1ccc(C#N)c(Cl)c1
794,COc1ccccc1S(=O)(=O)Nc1ccc2c3c(cccc13)C(=O)N2C
795,Cc1sc2c(c1C)C(c1ccc(Cl)cc1)=N[C@@H](CN)c1nnc(C)n1-2
795,Cc1sc2c(c1C)C(c1ccc(Cl)cc1)=NC(CN)c1nnc(C)n1-2
796,Nc1ncnc2c1c(-c1ccc(Oc3ccccc3)cc1)nn2[C@H]1CCCNC1
796,Nc1ncnc2c1c(-c1ccc(Oc3ccccc3)cc1)nn2C1CCCNC1
797,C=CC(=O)N1CCC[C@H](n2nc(-c3ccc(Oc4ccccc4)cc3)c3c(N)ncnc32)C1
797,C=CC(=O)N1CCCC(n2nc(-c3ccc(Oc4ccccc4)cc3)c3c(N)ncnc32)C1
798,Cc1noc(C)c1-c1ccc2c(c1)C(c1ccccc1)N(CC=O)C(=O)N2C
799,Cc1noc(C)c1-c1ccc2c(c1)C(c1ccccc1)NC(=O)N2C
800,Cc1cc(Nc2ccnc(Nc3ccc(O)cc3)n2)n[nH]1
801,C=CC(=O)N1CCN(c2nc(=O)n(-c3c(C)ccnc3C(C)C)c3nc(-c4c(O)cccc4F)c(F)cc23)[C@H](C)C1
801,C=CC(=O)N1CCN(c2nc(=O)n(-c3c(C)ccnc3C(C)C)c3nc(-c4c(O)cccc4F)c(F)cc23)C(C)C1
802,NC(=O)c1cc2c(=O)n(CC=O)c(=O)n(C3CC3)c2nc1N
803,CCn1c(=O)n(CC=O)c(=O)c2cc(C(N)=O)c(N)nc21
804,CCNc1nonc1/C(=N/O)Nc1ccc(F)c(Br)c1
804,CCNc1nonc1C(=NO)Nc1ccc(F)c(Br)c1
805,CNc1nonc1/C(=N/O)Nc1ccc(F)c(Br)c1
805,CNc1nonc1C(=NO)Nc1ccc(F)c(Br)c1
806,Nc1ccc(C(=O)Nc2ccccc2N)cc1
807,Cc1ncsc1-c1ccc(CNC(=O)[C@H]2C[C@H](O)CN2C(=O)[C@H](NC(=O)COCCOCCOCCO)C(C)(C)C)cc1
807,Cc1ncsc1-c1ccc(CNC(=O)C2CC(O)CN2C(=O)C(NC(=O)COCCOCCOCCO)C(C)(C)C)cc1
808,Cc1ncsc1-c1ccc(CNC(=O)[C@H]2C[C@H](O)CN2C(=O)[C@H](NC(=O)COCCOCCOCCOCCO)C(C)(C)C)cc1
808,Cc1ncsc1-c1ccc(CNC(=O)C2CC(O)CN2C(=O)C(NC(=O)COCCOCCOCCOCCO)C(C)(C)C)cc1
809,Cc1ncsc1-c1ccc(CNC(=O)[C@H]2C[C@H](O)CN2C(=O)[C@H](NC(=O)COCCOCCOCCOCCOCCO)C(C)(C)C)cc1
809,Cc1ncsc1-c1ccc(CNC(=O)C2CC(O)CN2C(=O)C(NC(=O)COCCOCCOCCOCCOCCO)C(C)(C)C)cc1
810,Cc1ncsc1-c1ccc(CNC(=O)[C@H]2C[C@H](O)CN2C(=O)[C@H](NC(=O)C2(C#N)CC2)C(C)(C)C)cc1
810,Cc1ncsc1-c1ccc(CNC(=O)C2CC(O)CN2C(=O)C(NC(=O)C2(C#N)CC2)C(C)(C)C)cc1
811,O=Cc1ccc2c(c1)nc(Nc1cccc(Cl)c1)c1ccncc12
812,Cc1ncsc1-c1ccc(CNC(=O)[C@@H]2C[C@@H](O)CN2C(=O)[C@@H](NC(=O)C2(F)CC2)C(C)(C)C)c(O)c1
812,Cc1ncsc1-c1ccc(CNC(=O)C2CC(O)CN2C(=O)C(NC(=O)C2(F)CC2)C(C)(C)C)c(O)c1
813,CCC(C)(C)C(=O)C(=O)N1CCCC[C@H]1C(=O)O[C@H](CCc1ccc(OC)c(OC)c1)c1ccccc1
813,CCC(C)(C)C(=O)C(=O)N1CCCCC1C(=O)OC(CCc1ccc(OC)c(OC)c1)c1ccccc1
814,C=CC(=O)Nc1cc(Nc2nccc(-c3cn(C)c4ccccc34)n2)c(OC)cc1N(C)CCN(C)C
815,C=C(F)C(=O)N1CCN(c2nc(OC[C@@H]3CCCN3CCC=O)nc3c2CCN(c2cccc4cccc(Cl)c24)C3)C[C@@H]1CC#N
815,C=C(F)C(=O)N1CCN(c2nc(OCC3CCCN3CCC=O)nc3c2CCN(c2cccc4cccc(Cl)c24)C3)CC1CC#N
816,CNc1ccc(-c2nc3ccc(C)cc3s2)cc1
817,Cc1cc(Nc2ncc(Cl)c(Nc3ccccc3S(=O)(=O)C(C)C)n2)c(OC(C)C)cc1C1CCNCC1
818,CCN1CCN(Cc2ccc(Nc3ncc(F)c(-c4cc(F)c5nc(C)n(C(C)C)c5c4)n3)nc2)CC1
819,CN(c1nccnc1CNc1nc(Nc2ccc(C=O)cc2)ncc1C(F)(F)F)S(C)(=O)=O
820,O=C(Nc1nccs1)C(c1cc(F)ccc1O)N1Cc2ccc(-c3ccc(N4CCNCC4)cc3)cc2C1=O
821,O=CCN1CCN(c2ccc(-c3ccc4c(c3)C(=O)N(C(C(=O)Nc3nccs3)c3ccccc3)C4)cc2)CC1
822,CC(C)(C)c1cc(C(=O)/C=C/c2ccc(C(=O)O)cc2)cc(C(C)(C)C)c1
822,CC(C)(C)c1cc(C(=O)C=Cc2ccc(C(=O)O)cc2)cc(C(C)(C)C)c1
823,CC/C(=C(\c1ccc(O)cc1)c1ccc(OCCNC)cc1)c1ccccc1
823,CCC(=C(c1ccc(O)cc1)c1ccc(OCCNC)cc1)c1ccccc1
824,Cc1ccc(NC(=O)c2ccc(CN)cc2)cc1Nc1nccc(-c2cccnc2)n1
825,CCS(=O)(=O)Nc1ccc(Oc2ccc(F)cc2F)c(-c2cn(C)c(=O)c3[nH]c(C=O)cc23)c1
826,Nc1nc2c(ncn2[C@H]2O[C@@H](CO[PH](=O)[O-])[C@H](O)[C@@H]2O)c(=O)[nH]1
826,Nc1nc2c(ncn2C2OC(CO[PH](=O)[O-])C(O)C2O)c(=O)[nH]1
827,Nc1nc2c(c(=O)[nH]1)[n+](Cc1ccc(F)cc1)cn2[C@@H]1O[C@H](COS(N)(=O)=O)[C@@H](O)[C@H]1O
827,Nc1nc2c(c(=O)[nH]1)[n+](Cc1ccc(F)cc1)cn2C1OC(COS(N)(=O)=O)C(O)C1O
828,Nc1nc2c(c(=O)[nH]1)[n+](Cc1ccccc1)cn2[C@@H]1O[C@H](COS(N)(=O)=O)[C@@H](O)[C@H]1O
828,Nc1nc2c(c(=O)[nH]1)[n+](Cc1ccccc1)cn2C1OC(COS(N)(=O)=O)C(O)C1O
829,Nc1nc2c(ncn2[C@@H]2O[C@H](COS(N)(=O)=O)[C@@H](O)[C@H]2O)c(=O)[nH]1
829,Nc1nc2c(ncn2C2OC(COS(N)(=O)=O)C(O)C2O)c(=O)[nH]1
830,Nc1nc2c(c(=O)[nH]1)[n+](Cc1ccc(F)cc1)cn2[C@H]1O[C@@H](COP(=O)(O)O)[C@H](O)[C@@H]1O
830,Nc1nc2c(c(=O)[nH]1)[n+](Cc1ccc(F)cc1)cn2C1OC(COP(=O)(O)O)C(O)C1O
831,Nc1nc2c(c(=O)[nH]1)[n+](Cc1ccccc1)cn2[C@H]1O[C@@H](COP(=O)(O)O)[C@H](O)[C@@H]1O
831,Nc1nc2c(c(=O)[nH]1)[n+](Cc1ccccc1)cn2C1OC(COP(=O)(O)O)C(O)C1O
832,Nc1nc2c(ncn2[C@H]2O[C@@H](COP(=O)(O)O)[C@H](O)[C@@H]2O)c(=O)[nH]1
832,Nc1nc2c(ncn2C2OC(COP(=O)(O)O)C(O)C2O)c(=O)[nH]1
833,Nc1nc2c(c(=O)[nH]1)[n+](Cc1ccc(F)cc1)cn2[C@@H]1O[C@H](COP(=O)(O)O)[C@@H](O)[C@H]1O
833,Nc1nc2c(c(=O)[nH]1)[n+](Cc1ccc(F)cc1)cn2C1OC(COP(=O)(O)O)C(O)C1O
834,CCOc1cc(C(C)(C)C)ccc1C1=N[C@@H](c2ccc(Cl)cc2)[C@@H](c2ccc(Cl)cc2)N1C(=O)N1CCNCC1
834,CCOc1cc(C(C)(C)C)ccc1C1=NC(c2ccc(Cl)cc2)C(c2ccc(Cl)cc2)N1C(=O)N1CCNCC1
835,CC(C)c1c(C(=O)Nc2ccccc2)c(-c2ccccc2)c(-c2ccc(F)cc2)n1CC[C@@H](O)C[C@@H](O)CC(=O)O
835,CC(C)c1c(C(=O)Nc2ccccc2)c(-c2ccccc2)c(-c2ccc(F)cc2)n1CCC(O)CC(O)CC(=O)O
836,Cc1ccc(-n2nc3c(=O)n(CCCC=O)nc(C)c3c2C)cc1
837,Cc1ccc(C=O)cc1-n1c(C)cc(OCc2ccc(F)cc2F)c(Br)c1=O
838,C/C=C/C[C@@H](C)[C@@H](O)[C@H]1C(=O)N[C@@H](CC)C(=O)N(C)CC(=O)N(C)[C@@H](CC(C)C)C(=O)N[C@@H](C(C)C)C(=O)N(C)[C@@H](CC(C)C)C(=O)N[C@@H](C)C(=O)N[C@H](C)C(=O)N(C)[C@@H](CC(C)C)C(=O)N(C)[C@@H](CC(C)C)C(=O)N(C)[C@@H](C(C)C)C(=O)N1C
838,CC=CCC(C)C(O)C1C(=O)NC(CC)C(=O)N(C)CC(=O)N(C)C(CC(C)C)C(=O)NC(C(C)C)C(=O)N(C)C(CC(C)C)C(=O)NC(C)C(=O)NC(C)C(=O)N(C)C(CC(C)C)C(=O)N(C)C(CC(C)C)C(=O)N(C)C(C(C)C)C(=O)N1C
839,COc1cc2c(cc1-c1c(C)noc1C)[nH]c1nc(C=O)ncc12
840,COc1cc(OC)c(/C=C/S(=O)(=O)Cc2ccc(OC)c(NCC=O)c2)c(OC)c1
840,COc1cc(OC)c(C=CS(=O)(=O)Cc2ccc(OC)c(NCC=O)c2)c(OC)c1
841,CCC(C)(C)C(=O)C(=O)N1CCCC[C@H]1C(=O)O[C@H](CCc1ccc(OC)c(OC)c1)c1cccc(N)c1
841,CCC(C)(C)C(=O)C(=O)N1CCCCC1C(=O)OC(CCc1ccc(OC)c(OC)c1)c1cccc(N)c1
842,C[C@](O)(COc1ccc(N)cc1)C(=O)Nc1ccc([N+](=O)[O-])c(C(F)(F)F)c1
842,CC(O)(COc1ccc(N)cc1)C(=O)Nc1ccc([N+](=O)[O-])c(C(F)(F)F)c1
843,Cc1cc(NS(=O)(=O)c2ccc(C=O)cc2)c(Nc2ccc(I)cc2F)n(C)c1=O
844,Cc1cc(NS(=O)(=O)c2ccc(CC=O)cc2)c(Nc2ccc(I)cc2F)n(C)c1=O
845,O=C(NC1CCNCC1)c1[nH]ncc1NC(=O)c1c(Cl)cccc1Cl
846,O=C(Nc1ccc(CN2CCNCC2)cc1)c1[nH]ncc1Nc1ncnc2[nH]ccc12
847,CC1(C)CCC(c2ccc(Cl)cc2)=C(CN2CCN(c3ccc(C(=O)NS(=O)(=O)c4ccc(N[C@H](CCN5CCN(C=O)CC5)CSc5ccccc5)c(S(=O)(=O)C(F)(F)F)c4)cc3)CC2)C1
847,CC1(C)CCC(c2ccc(Cl)cc2)=C(CN2CCN(c3ccc(C(=O)NS(=O)(=O)c4ccc(NC(CCN5CCN(C=O)CC5)CSc5ccccc5)c(S(=O)(=O)C(F)(F)F)c4)cc3)CC2)C1
848,Nc1nc2c(c(=O)[nH]1)[n+](Cc1ccccc1)cn2[C@@H]1O[C@H](CO[PH](=O)O)[C@@H](O)[C@H]1O
848,Nc1nc2c(c(=O)[nH]1)[n+](Cc1ccccc1)cn2C1OC(CO[PH](=O)O)C(O)C1O
849,Nc1nc2c(c(=O)[nH]1)[n+](Cc1ccc(F)cc1)cn2[C@@H]1O[C@H](CO[PH](=O)O)[C@@H](O)[C@H]1O
849,Nc1nc2c(c(=O)[nH]1)[n+](Cc1ccc(F)cc1)cn2C1OC(CO[PH](=O)O)C(O)C1O
850,O=Cc1ccc(CN(CC2CCNCC2)S(=O)(=O)c2ccc(S(=O)(=O)N(Cc3ccc(Cl)cc3)C3CCCC3)cc2)cc1
851,C[C@@H]1C[C@@H](O)c2ncnc(N3CCN(C(=O)[C@H](C)c4ccc(Cl)cc4)CC3)c21
851,CC1CC(O)c2ncnc(N3CCN(C(=O)C(C)c4ccc(Cl)cc4)CC3)c21
852,COc1cc2ncnc(Nc3n[nH]c(C)c3C)c2cc1S(=O)(=O)C(C)(C)C
853,CCN1CCN(Cc2ccc(NC(=O)c3cccc(-c4ccc5nc(N)sc5n4)c3)cc2C(F)(F)F)CC1
854,O=Cc1cccc(-c2cc(Nc3ccc(OC(F)(F)F)cc3)ncn2)c1
855,Cc1c(C#N)c(-c2ccc(C#N)cc2)c(C)n1Cc1ccc(C=O)cc1
856,Cc1nn(-c2ccc(C#N)c(C(F)(F)F)c2)c(C)c1C
857,CCc1c(C)nn(-c2ccc(C#N)c(Cl)c2)c1C
858,Cc1nn(-c2ccc(C#N)cc2Cl)c(C)c1C
859,CCCS(=O)(=O)Nc1ccc(F)c(-n2cc(-c3cncnc3)c3nc(N(C)C4CCNCC4)ccc32)c1F
860,COc1cc(-c2cn(C)c(=O)c3cc(C(=N)NC4CCS(=O)(=O)CC4)sc23)ccc1OCC=O
861,NCCS(=O)(=O)N1CCC(Nc2ncc(Br)c(Nc3cccc(F)c3C(N)=O)n2)CC1
862,Cc1cc(S(N)(=O)=O)ccc1Nc1ncc(Br)c(Nc2cccc(F)c2C(N)=O)n1
863,CN1CCN(c2ccc(Nc3cc(-c4cccc(-n5ccc6cc(C7CC7)cc(F)c6c5=O)c4CO)cn(C)c3=O)nc2)CC1
864,C[C@]1(c2nc3c(C(N)=O)cccc3[nH]2)CCCN1
864,CC1(c2nc3c(C(N)=O)cccc3[nH]2)CCCN1
865,CC[C@H](C)[C@@H]([C@@H](CC(=O)N1CCC[C@H]1[C@H](OC)[C@@H](C)C(=O)N[C@H](C)[C@@H](O)c1ccccc1)OC)N(C)C(=O)[C@@H](NC(=O)[C@@H](NC)C(C)C)C(C)C
865,CCC(C)C(C(CC(=O)N1CCCC1C(OC)C(C)C(=O)NC(C)C(O)c1ccccc1)OC)N(C)C(=O)C(NC(=O)C(NC)C(C)C)C(C)C
866,N[C@@H](Cc1ccccc1)C(=O)N1C/C(=C\c2ccc(Cl)c(Cl)c2)C(=O)/C(=C/c2ccc(Cl)c(Cl)c2)C1
866,NC(Cc1ccccc1)C(=O)N1CC(=Cc2ccc(Cl)c(Cl)c2)C(=O)C(=Cc2ccc(Cl)c(Cl)c2)C1
867,CCC[C@H](NC(=O)[C@@H]1[C@H]2CCC[C@H]2CN1C(=O)[C@@H](NC(=O)[C@@H](NC(=O)c1cnc(C=O)cn1)C1CCCCC1)C(C)(C)C)C(=O)C(=O)NC1CC1
867,CCCC(NC(=O)C1C2CCCC2CN1C(=O)C(NC(=O)C(NC(=O)c1cnc(C=O)cn1)C1CCCCC1)C(C)(C)C)C(=O)C(=O)NC1CC1
868,C=CC(=O)N[C@@H](CCC=O)C(=O)Nc1cccc(Nc2ncc(NC(=O)c3cc(NC(=O)c4cccc(C(F)(F)F)c4)ccc3C)cn2)c1
868,C=CC(=O)NC(CCC=O)C(=O)Nc1cccc(Nc2ncc(NC(=O)c3cc(NC(=O)c4cccc(C(F)(F)F)c4)ccc3C)cn2)c1
869,CCC(=O)N1C[C@@H](n2nc(-c3ccc(Oc4ccccc4)cc3)c3c(N)ncnc32)C[C@H]1C=O
869,CCC(=O)N1CC(n2nc(-c3ccc(Oc4ccccc4)cc3)c3c(N)ncnc32)CC1C=O
870,Cc1nc2c(F)cc(-c3nc(Nc4ccc(CN5CCN(CCN)CC5)cn4)ncc3F)cc2n1C(C)C
871,CC1(C)[C@H](NC(=O)c2ccccc2)C(C)(C)[C@H]1Oc1ccc(C#N)c(Cl)c1
871,CC1(C)C(NC(=O)c2ccccc2)C(C)(C)C1Oc1ccc(C#N)c(Cl)c1
872,NC(=O)c1nn(-c2ccc(C=O)cc2)cc1NC(=O)c1coc(-c2ccnc(NCC(F)(F)F)c2)n1
873,NC(=O)c1nn(-c2ccc(C=O)cc2)cc1NC(=O)c1coc(-c2ccnc(NCC3CC3)c2)n1
874,NC(=O)c1nn(-c2ccccc2)cc1NC(=O)c1coc(-c2ccnc(NCC3CC3)c2)n1
875,CCC(=O)N1CCN(c2ncnc3c(F)c(-c4cc(O)cc5ccccc45)c(Cl)cc23)CC1
876,Cc1sc2c(c1C)C(c1ccc(Cl)cc1)=N[C@H](CC=O)c1nnc(C)n1-2
876,Cc1sc2c(c1C)C(c1ccc(Cl)cc1)=NC(CC=O)c1nnc(C)n1-2
877,CN1C(=O)N(c2ccc(C#N)c(C(F)(F)F)c2)C(=O)C1(C)c1ccc(O)cc1
878,CNc1ccc(-c2nc3ccccc3s2)cc1
879,CC1(C)C(=O)N(c2cnc(C#N)c(C(F)(F)F)c2)C(=S)N1c1ccc(O)cc1
880,CC1(C)C(=O)N(c2ccc(C#N)c(Cl)c2)C(=S)N1c1ccc(O)cc1
881,CC(C)c1ccn2ncnc(N[C@H]3CC[C@@H](N4CCNCC4)CC3)c12
881,CC(C)c1ccn2ncnc(NC3CCC(N4CCNCC4)CC3)c12
882,Cn1cc2c3c(c[nH]c3c1=O)CN(c1ncc(F)cc1F)c1cc(C=O)c(CS(C)(=O)=O)cc1-2
883,CCNc1nonc1/C(=N\O)Nc1ccc(F)c(Br)c1
883,CCNc1nonc1C(=NO)Nc1ccc(F)c(Br)c1
884,CNc1nonc1/C(=N\O)Nc1ccc(F)c(Br)c1
884,CNc1nonc1C(=NO)Nc1ccc(F)c(Br)c1
885,NO
886,COC(=O)C1=CC[C@@]23CC[C@H]([C@@](C)(/C=C/C=C(\C)C=O)OC2=O)[C@@]3(OC(C)=O)CC1
886,COC(=O)C1=CCC23CCC(C(C)(C=CC=C(C)C=O)OC2=O)C3(OC(C)=O)CC1
887,Nc1ccc(C(=O)Nc2ccc(F)cc2N)cc1
888,C[C@@]12C[C@H](N)C[C@]1(C)C[C@@H](Oc1ccc(C#N)c(Cl)c1)C2
888,CC12CC(N)CC1(C)CC(Oc1ccc(C#N)c(Cl)c1)C2
889,COc1nc(-c2ccnc(NC(=O)C3CC3)c2)sc1C=O
890,CN1CCN(c2ccc(Nc3ncc4nc(Nc5ccccc5)n(C5CCCC5)c4n3)cc2)CC1
891,CCCS(=O)(=O)Nc1ccc(F)c(-n2cc(-c3cncnc3)c3nc(N(C)C4CCN(CC)CC4)ccc32)c1F
892,CCCS(=O)(=O)Nc1ccc(F)c(-n2cc(-c3cncnc3)c3nc(N(C)C4CCN(CC=O)CC4)ccc32)c1F
893,Cc1ccsc1C(=O)n1nc(Nc2ccc(S(N)(=O)=O)cc2)nc1N
894,CCCNc1nc(Nc2ccc(C#N)cc2)ncc1C#CCCCNC(=O)[C@H](C)N(C)C(=O)/C(C#N)=C/C(C)(C)N(C)C
894,CCCNc1nc(Nc2ccc(C#N)cc2)ncc1C#CCCCNC(=O)C(C)N(C)C(=O)C(C#N)=CC(C)(C)N(C)C
895,N#Cc1cccc(-c2c[nH]c3ncnc(N4CCOC(CN)C4)c23)c1
896,N#Cc1cccc(-c2c[nH]c3ncnc(N4CCOC(CC=O)C4)c23)c1
897,N#Cc1cccc(-c2c[nH]c3ncnc(N4CCOC(C=O)C4)c23)c1
898,CCNc1nc(Nc2cc(F)c(C(=O)N3CCOC(CN)C3)cc2OC)ncc1C(F)(F)F
899,CCNc1nc(Nc2cc(F)c(C=O)cc2OC)ncc1C(F)(F)F
900,Nc1ccc(NC(=O)CCCCCCC(=O)NO)cc1
901,O=Cc1cccc(C(=O)NO)c1
902,CS(=O)(=O)c1cccc(CNc2nc(Nc3ccc(C=O)cc3)ncc2C(F)(F)F)c1
903,C[C@@H]1Cc2c([nH]c3ccccc23)[C@@H](c2cncnc2)N1CC(C)(C)F
903,CC1Cc2c([nH]c3ccccc23)C(c2cncnc2)N1CC(C)(C)F
904,C[C@@H]1Cc2c([nH]c3ccccc23)[C@@H](c2c(F)cccc2F)N1CC(C)(C)F
904,CC1Cc2c([nH]c3ccccc23)C(c2c(F)cccc2F)N1CC(C)(C)F
905,CCc1c[nH]nc1Nc1ccnc(Nc2ccc(CC#N)cc2)n1
906,Cn1cc(-c2ccc(-c3cncc(Cl)c3N3CCC4(CCNC4=O)CC3)cc2)cn1
907,CCN1CCN(c2ccc(Nc3ncc4scc(-c5cccc(NS(C)(=O)=O)c5)c4n3)cc2)CC1
908,Cn1cc(-c2cc(Oc3cc(F)c(NC(=O)C4(C(=O)Nc5ccc(C=O)cc5)CC4)cc3F)ccn2)cn1
909,Cc1ccc(NC(=O)c2ccc(CN3CCN(CC=O)CC3)cc2)cc1Nc1nccc(-c2cccnc2)n1
910,NCc1ccc(-n2c(-c3cccnc3N)nc3ccc(-c4ccccc4)nc32)cc1
911,Nc1ncccc1-c1nc2ccc(-c3ccccc3)nc2n1-c1ccc(C2(N)CCC2)cc1
912,CS(=O)(=O)c1ccc(-c2cccn3nc(Nc4cccc(N5CCNCC5)c4)nc23)cc1
913,CNc1cc(Nc2cc(C3CC3)n[nH]2)nc(Nc2ccc(CC#N)cc2)n1
914,O=c1ccc2cnc(Nc3ccccc3)nc2n1C1CC2CCC1C2
915,CC(C)(C)c1cc(NC(=O)Nc2ccc(Oc3ccnc(C=O)c3)cc2F)n(-c2ccc3ncccc3c2)n1
916,CC(C)(C)c1cnc(CSc2cnc(NC(=O)C3CCNCC3)s2)o1
917,CCc1cc2c(cc1N1CCCCC1)C(C)(C)c1[nH]c3cc(C#N)ccc3c1C2=O
918,CCc1ccc2c(c1)C(=O)c1c([nH]c3cc(C#N)ccc13)C2(C)C
919,O=CCN1CCC(SCc2nc3cc(NC4CCCC4)cc(F)c3c(=O)[nH]2)CC1
920,CN1CCN(c2ccc3[nH]c(-c4c(N)c5c(F)cccc5[nH]c4=O)nc3c2)CC1
921,CCC(=O)N[C@H]1CC[C@@H](n2c(=O)cc(C)c3cnc(Nc4ccc(N5CCN(C)CC5)cc4OC)nc32)CC1
921,CCC(=O)NC1CCC(n2c(=O)cc(C)c3cnc(Nc4ccc(N5CCN(C)CC5)cc4OC)nc32)CC1
922,Cc1n[nH]c(Nc2ncnc3cc(O)c(S(=O)(=O)C(C)(C)C)cc23)c1C
923,CC1(CN)CCC(c2ccc(Cl)cc2)=C(CN2CCN(c3ccc(C(=O)NS(=O)(=O)c4ccc(N[C@H](CCN5CCOCC5)CSc5ccccc5)c(S(=O)(=O)C(F)(F)F)c4)cc3)CC2)C1
923,CC1(CN)CCC(c2ccc(Cl)cc2)=C(CN2CCN(c3ccc(C(=O)NS(=O)(=O)c4ccc(NC(CCN5CCOCC5)CSc5ccccc5)c(S(=O)(=O)C(F)(F)F)c4)cc3)CC2)C1
924,C[C@]1(CN)CCC(c2ccc(Cl)cc2)=C(CN2CCN(c3ccc(C(=O)NS(=O)(=O)c4ccc(N[C@H](CCN5CCOCC5)CSc5ccccc5)c(S(=O)(=O)C(F)(F)F)c4)cc3)CC2)C1
924,CC1(CN)CCC(c2ccc(Cl)cc2)=C(CN2CCN(c3ccc(C(=O)NS(=O)(=O)c4ccc(NC(CCN5CCOCC5)CSc5ccccc5)c(S(=O)(=O)C(F)(F)F)c4)cc3)CC2)C1
925,C[C@@]1(CN)CCC(c2ccc(Cl)cc2)=C(CN2CCN(c3ccc(C(=O)NS(=O)(=O)c4ccc(N[C@H](CCN5CCOCC5)CSc5ccccc5)c(S(=O)(=O)C(F)(F)F)c4)cc3)CC2)C1
925,CC1(CN)CCC(c2ccc(Cl)cc2)=C(CN2CCN(c3ccc(C(=O)NS(=O)(=O)c4ccc(NC(CCN5CCOCC5)CSc5ccccc5)c(S(=O)(=O)C(F)(F)F)c4)cc3)CC2)C1
926,Nc1ccc(C(=O)Nc2cc(-c3cccs3)ccc2N)cc1
927,CC(C)c1cnn2c(NCc3ccccc3-n3ccnc3)nc(OC3CCN(C)CC3)nc12
928,CC(C)c1cnn2c(NCc3ccccc3)nc(OC3CCN(C)CC3)nc12
929,CC(C)c1cnn2c(NCc3ccc(N)cc3N(C)C)nc(OC3CCN(C)CC3)nc12
930,CC(C)c1cnn2c(NCc3cc(N)ccc3N(C)C)nc(OC3CCN(C)CC3)nc12
931,CC(C)c1cnn2c(NCc3cccc(N)c3)nc(OC3CCN(C)CC3)nc12
932,CC(C)c1cnn2c(NCc3ccc(NC=O)cc3)nc(OC3CCN(C)CC3)nc12
933,CC[C@@H](CO)Nc1cc(NCc2ccc(N)cc2)n2ncc(C(C)C)c2n1
933,CCC(CO)Nc1cc(NCc2ccc(N)cc2)n2ncc(C(C)C)c2n1
934,N#Cc1ccc(O[C@@H]2CCC[C@@H](NC(=O)c3ccccc3)CC2)cc1Cl
934,N#Cc1ccc(OC2CCCC(NC(=O)c3ccccc3)CC2)cc1Cl
935,N#Cc1ccc(OC2CCCN(C(=O)c3ccccc3)CC2)cc1Cl
936,C[C@@H]1C[C@@H](O)c2ncnc(N3CCN(C(=O)[C@H](CN)c4ccc(Cl)cc4)CC3)c21
936,CC1CC(O)c2ncnc(N3CCN(C(=O)C(CN)c4ccc(Cl)cc4)CC3)c21
937,C=CC(=O)Nc1cc(Nc2nccc(-c3cn(C)c4ccccc34)n2)c(OC)cc1N(C)CCN(C)CC=O
938,COc1cc(N2CCN(CC=O)CC2)c(NC(=O)/C(C#N)=C/C2CC2)cc1Nc1nccc(-c2cn(C)c3ccccc23)n1
938,COc1cc(N2CCN(CC=O)CC2)c(NC(=O)C(C#N)=CC2CC2)cc1Nc1nccc(-c2cn(C)c3ccccc23)n1
939,COc1cc(N2CCN(CC=O)CC2)c(NC(=O)/C(C#N)=C/c2ccncc2)cc1Nc1nccc(-c2cn(C)c3ccccc23)n1
939,COc1cc(N2CCN(CC=O)CC2)c(NC(=O)C(C#N)=Cc2ccncc2)cc1Nc1nccc(-c2cn(C)c3ccccc23)n1
940,COc1cc(N2CCN(C)CC2)c(N)cc1Nc1nccc(-c2cn(C)c3ccccc23)n1
941,COc1cc(N(C)CCN(C)C)c(N)cc1Nc1nccc(-c2cn(C)c3ccccc23)n1
942,C=CC(=O)N1CCC[C@H](n2c(Nc3ccccc3)nc3cnc(Nc4ccc(N5CCN(C)CC5)cc4)nc32)C1
942,C=CC(=O)N1CCCC(n2c(Nc3ccccc3)nc3cnc(Nc4ccc(N5CCN(C)CC5)cc4)nc32)C1
943,C=CC(=O)N1CCC[C@H](n2c(Nc3ccccc3)nc3cnc(Nc4ccc(N5CCN(CC=O)CC5)cc4)nc32)C1
943,C=CC(=O)N1CCCC(n2c(Nc3ccccc3)nc3cnc(Nc4ccc(N5CCN(CC=O)CC5)cc4)nc32)C1
944,Cc1cc(Cn2c(N3CC4(CNC4)C3)nc3c(N4CCN(C)CC4)cc(Cl)cc32)cc(C)c1F
945,Cc1cc(Cn2c(N3CC4(CNC4)C3)nc3c(N4CCN(CCC=O)CC4)cc(Cl)cc32)cc(C)c1F
946,O=CCc1sc(N/N=C(\Cc2ccccc2[N+](=O)[O-])C(=O)O)nc1-c1ccc(Cl)c(Cl)c1
946,O=CCc1sc(NN=C(Cc2ccccc2[N+](=O)[O-])C(=O)O)nc1-c1ccc(Cl)c(Cl)c1
947,C/C(C=O)=N\Nc1nc(-c2ccc(-c3ccccc3)cc2)cs1
947,CC(C=O)=NNc1nc(-c2ccc(-c3ccccc3)cc2)cs1
948,N[C@H](C=O)Cc1ccc(O)c(O)c1
948,NC(C=O)Cc1ccc(O)c(O)c1
949,CC[C@@H]1c2nnc(C)n2-c2cnc(Nc3ccc(C(=O)NC4CCN(C)CC4)cc3OC)nc2N1CC1CCCCC1
949,CCC1c2nnc(C)n2-c2cnc(Nc3ccc(C(=O)NC4CCN(C)CC4)cc3OC)nc2N1CC1CCCCC1
950,Cc1nccc(Nc2ncc(C(=O)Nc3c(C)cccc3Cl)s2)n1
951,COc1ccc(-c2ocnc2C=O)cc1Cl
952,Nc1nc(N)n(-c2ccc(-c3ccccc3)nn2)n1
953,Nc1nc(N)n(-c2cc3c(nn2)-c2ccccc2CCC3)n1
954,CCOC(=O)c1[nH]c2cc(Cl)ccc2c1C(NCc1ccc(Cl)cc1)C(=O)NC(C)(C)C
955,CCOC(=O)c1[nH]c2cc(Cl)ccc2c1C(NCc1cc(F)c(F)c(F)c1)C(=O)NC(C)(C)C
956,CC(C)(C)NC(=O)C(c1c(C=O)[nH]c2cc(Cl)ccc12)N(C=O)Cc1cc(F)c(F)c(F)c1
957,CC(C)(C)NC(=O)C(NCc1cc(F)c(F)c(F)c1)c1ccc(Cl)cc1
958,CN1CCC[C@H]1COc1nc2c(c(N3CCN(C(=O)/C(C#N)=C\C4CC4)[C@@H](CC#N)C3)n1)CCN(c1cccc3cccc(Cl)c13)C2
958,CN1CCCC1COc1nc2c(c(N3CCN(C(=O)C(C#N)=CC4CC4)C(CC#N)C3)n1)CCN(c1cccc3cccc(Cl)c13)C2
959,O=CN[C@H]1CC[C@@H](Nc2ncnc3[nH]cc(C(=O)c4ccc(Oc5ccccc5)cc4Cl)c23)CC1
959,O=CNC1CCC(Nc2ncnc3[nH]cc(C(=O)c4ccc(Oc5ccccc5)cc4Cl)c23)CC1
960,CCS(=O)(=O)N1CC(CC#N)(n2cc(-c3ncnc4[nH]ccc34)cn2)C1
961,NC(=O)CC[C@H](NC(=O)[C@@H]1CC[C@@H]2CCNC[C@H](NC(=O)c3cc4cc(C(=O)P(=O)(O)O)ccc4[nH]3)C(=O)N21)C(=O)NC(c1ccccc1)c1ccccc1
961,NC(=O)CCC(NC(=O)C1CCC2CCNCC(NC(=O)c3cc4cc(C(=O)P(=O)(O)O)ccc4[nH]3)C(=O)N21)C(=O)NC(c1ccccc1)c1ccccc1
962,CCC(=O)Nc1ccc(CN2C(=O)N(c3cc(OC)cc(OC)c3)Cc3cnc(Nc4ccccc4)nc32)cc1
963,CC(C)(C)c1ccc(S(=O)(=O)Nc2ccc(Cl)cc2C(=O)c2cc[n+]([O-])cc2)cc1
964,C[C@H]1[C@H](C)CC[C@]2(C=O)CC[C@]3(C)C(=CC[C@@H]4[C@@]5(C)CC[C@H](O)C(C)(C)C5CC[C@]43C)[C@H]12
964,CC1CCC2(C=O)CCC3(C)C(=CCC4C5(C)CCC(O)C(C)(C)C5CCC43C)C2C1C
965,COc1cc(OCc2cccc(-c3ccccc3)c2C)cc(OC)c1CNCCN
966,COc1cc(Cl)c(-c2cc(Cl)ccc2Cl)cc1C(=O)N1CCN(C(=O)/C=C/C=O)CC1
966,COc1cc(Cl)c(-c2cc(Cl)ccc2Cl)cc1C(=O)N1CCN(C(=O)C=CC=O)CC1
967,c1ccc(-c2csc(N3CCOCC3)n2)cc1
968,C[C@H]1CC2(CCNCC2)CN1c1ccc(C#N)c(Cl)c1
968,CC1CC2(CCNCC2)CN1c1ccc(C#N)c(Cl)c1
969,CC[C@H]1CC2(CCNCC2)CN1c1ccc(C#N)c(Cl)c1
969,CCC1CC2(CCNCC2)CN1c1ccc(C#N)c(Cl)c1
970,CCCn1cc(-c2ncnc3[nH]ccc23)cn1
971,COc1cc(-c2cn(C)c(=O)c(C)c2C)cc(OC)c1C
972,COc1cc(OC)cc(-c2cn(C)c(=O)c3cnccc23)c1
973,CCCCn1cc(-c2cc(F)c(O)c(F)c2)c2ccncc2c1=O
974,Nc1nnc(-c2ccccc2O)cc1N1CC2CCC(C1)N2
975,Nc1nnc(-c2ccccc2O)cc1N1CCC(C=O)(c2ccccc2)CC1
976,CCN(C)S(=O)(=O)Nc1ccc(F)c(C(=O)c2c[nH]c3ncc(-c4cccnc4)cc23)c1F
977,CCN(C)S(=O)(=O)Nc1ccc(F)c(C(=O)c2c[nH]c3ncc(-c4cncnc4)cc23)c1F
978,CCN(C)S(=O)(=O)Nc1ccc(F)c(C(=O)c2c[nH]c3ncc(-c4ccccc4)cc23)c1F
979,CC1(C)C(=O)N(c2ccc(C#N)c(C(F)(F)F)c2)C(=S)N1c1ccccc1
980,O=Cc1csc(Nc2ccc(Cl)cc2)n1
981,COc1ccc2c(Nc3ccc(F)c(Cl)c3)ncnc2c1
982,O=Cc1cccc(SCc2cn(-c3cccc(C(=O)NO)c3)nn2)c1
983,O=Cc1ccc(SCc2cn(-c3cccc(C(=O)NO)c3)nn2)cc1
984,Nc1ccccc1N
985,C[C@H]1CCCN1Cc1nc2ccc(NC(=O)c3ccc4c(cnn4C)c3)cc2[nH]1
985,CC1CCCN1Cc1nc2ccc(NC(=O)c3ccc4c(cnn4C)c3)cc2[nH]1
986,CC1(C)CCC(c2ccc(Cl)cc2)=C(CN2CCN(c3ccc(C(=O)NS(=O)(=O)c4ccc(NC(CCN5CCN(C=O)CC5)CSc5ccccc5)c(S(=O)(=O)C(F)(F)F)c4)cc3)CC2)C1
987,COc1cc2c(OCC3CCC(=O)N3)nccc2cc1C(N)=O
988,CCC(C)C(N)c1cn(C(Cc2ccc(O)cc2)C(=O)N2CCN(c3nc(N)nc(N4CCN(C(=O)C(Cc5ccc(O)cc5)n5cc(C(N)C(C)CC)nn5)CC4)n3)CC2)nn1
989,CCC1C(=O)N(C)c2cnc(Nc3ccc(C=O)cc3OC)nc2N1C1CCCC1
990,Cc1sc2c(c1C)C(c1ccc(Cl)cc1)=NC(CC=O)c1nnc(C)n1-2
991,Cc1sc2c(c1C)C(c1ccc(Cl)cc1)=NC(CC(=O)Nc1ccc(O)cc1)c1nnc(C)n1-2
992,Nc1ncnc2c1c(-c1ccc(Oc3ccccc3)cc1)nn2C1CCCNC1
993,NC(=O)c1c(-c2ccc(Oc3ccc(F)cc3F)cc2)nn(C2CCCNC2)c1N
994,C=CC(=O)N1CC(n2nc(-c3ccc(Oc4ccccc4)cc3)c3c(N)ncnc32)CC1C=O
995,C=CC(=O)NC(CCC=O)C(=O)Nc1cccc(Nc2ncc(NC(=O)c3cc(NC(=O)c4cccc(C)c4)ccc3C)cn2)c1
996,CCC(=O)N1CC(n2nc(-c3ccc(Oc4ccccc4)cc3)c3c(N)ncnc32)CC1C=O
997,Nc1ncnc2c1c(-c1ccc(Oc3ccccc3)cc1)nn2C1CCCN(CC=O)C1
998,COc1ccc(Cl)c(S(=O)(=O)Nc2ccc(-c3nc(OCC4CNCCO4)c4c(C)n[nH]c4n3)cc2)c1
999,COc1cc(C=C(C#N)C=O)ccc1OCc1ccc(C(F)(F)F)cc1C(F)(F)F
1000,CCC(=C(c1ccc(O)cc1)c1ccc(OCCN(C)CC)cc1)c1ccccc1
1001,COc1cc(OC)c(C=CS(=O)(=O)Cc2ccc(OC)c(CC=O)c2)c(OC)c1
1002,NC(=O)CCC(NC(=O)C1CCC2CCNCC(NC(=O)c3cc4cc(C(F)(F)P(=O)(O)O)ccc4[nH]3)C(=O)N21)C(=O)NC(c1ccccc1)c1ccccc1
1003,NC(=O)CCC(NC(=O)C1CCC2CCN(C=O)CC(NC(=O)c3cc4cc(C(F)(F)P(=O)(O)O)ccc4[nH]3)C(=O)N21)C(=O)NC(c1ccccc1)c1ccccc1
1004,NC(=O)CCC(NC(=O)C1CCC2CCNCC(NC(=O)c3cc4cc(C(F)(F)P(=O)(O)O)ccc4[nH]3)C(=O)N21)C(=O)NCc1ccccc1
1005,CNC(=O)C(CCC(N)=O)NC(=O)C1CCC2CCNCC(NC(=O)c3cc4cc(C(F)(F)P(=O)(O)O)ccc4[nH]3)C(=O)N21
1006,NC(=O)CCC(NC(=O)C1CCC2CCNCC(NC(=O)c3cc4cc(OP(=O)(O)O)ccc4[nH]3)C(=O)N21)C(=O)NC(c1ccccc1)c1ccccc1
1007,NC(=O)CCC(NC(=O)C1CCC2CCNCC(NC(=O)c3cc4cc(CP(=O)(O)O)ccc4[nH]3)C(=O)N21)C(=O)NC(c1ccccc1)c1ccccc1
1008,CC(=CC(=O)NC1CNCCC2CCC(C(=O)NC(CCC(N)=O)C(=O)NC(c3ccccc3)c3ccccc3)N2C1=O)c1ccc(C(F)(F)P(=O)(O)O)cc1
1009,O=Cc1ccc(NC(=O)C2NC3(CCCCC3)C3(C(=O)Nc4cc(Cl)ccc43)C2c2cccc(Cl)c2F)cc1
1010,CC1(C)C(NC(=O)c2ccc(C=O)cc2)C(C)(C)C1Oc1ccc(C#N)c(Cl)c1
1011,Cc1sc2c(c1C)C(c1ccc(Cl)cc1)=NC(CN)c1nnc(C)n1-2
1012,C=CC(=O)N1CCN(c2nc(=O)n(-c3c(C)ccnc3C(C)C)c3nc(-c4c(O)cccc4F)c(F)cc23)C(C)C1
1013,CCNc1nonc1C(=NO)Nc1ccc(F)c(Br)c1
1014,CNc1nonc1C(=NO)Nc1ccc(F)c(Br)c1
1015,CCC(C)(C)C(=O)C(=O)N1CCCCC1C(=O)OC(CCc1ccc(OC)c(OC)c1)c1ccccc1
1016,Cc1nc(Nc2ncc(C(=O)Nc3c(C)cccc3Cl)s2)cc(N2CCNCC2)n1
1017,C=C(F)C(=O)N1CCN(c2nc(OCC3CCCN3CCC=O)nc3c2CCN(c2cccc4cccc(Cl)c24)C3)CC1CC#N
1018,COc1ccc2nc(N=Nc3ccc(N(C)C)cc3)sc2c1
1019,CC(C)(C)c1cc(C(=O)C=Cc2ccc(C(=O)O)cc2)cc(C(C)(C)C)c1
1020,CC12CCCC1C1CCc3cc(O)ccc3C1CC2
1021,CCC(=C(c1ccc(O)cc1)c1ccc(OCCNC)cc1)c1ccccc1
1022,Nc1nc2c(c(=O)[nH]1)[n+](Cc1ccc(F)cc1)cn2C1OC(COS(N)(=O)=O)C(O)C1O
1023,Nc1nc2c(c(=O)[nH]1)[n+](Cc1ccccc1)cn2C1OC(COS(N)(=O)=O)C(O)C1O
1024,Nc1nc2c(ncn2C2OC(COS(N)(=O)=O)C(O)C2O)c(=O)[nH]1
1025,Nc1nc2c(c(=O)[nH]1)[n+](Cc1ccccc1)cn2C1OC(COP(=O)(O)O)C(O)C1O
1026,CC(C)c1c(C(=O)Nc2ccccc2)c(-c2ccccc2)c(-c2ccc(F)cc2)n1CCC(O)CC(O)CC(=O)O
1027,CNc1cc(CS(=O)(=O)C=Cc2c(OC)cc(OC)cc2OC)ccc1OC
1028,COc1cc(OC)c(C=CS(=O)(=O)Cc2ccc(OC)c(NCC=O)c2)c(OC)c1
1029,Nc1nc2c(c(=O)[nH]1)[n+](Cc1ccccc1)cn2C1OC(CO[PH](=O)O)C(O)C1O
1030,O=Cc1ccc(C(=O)c2c(-c3ccc(O)cc3)sc3cc(O)ccc23)cc1
1031,CC1(c2nc3c(C(N)=O)cccc3[nH]2)CCCN1
1032,CCC(C)C(C(CC(=O)N1CCCC1C(OC)C(C)C(=O)NC(C)C(O)c1ccccc1)OC)N(C)C(=O)C(NC(=O)C(NC)C(C)C)C(C)C
1033,NC(Cc1ccccc1)C(=O)N1CC(=Cc2ccc(Cl)c(Cl)c2)C(=O)C(=Cc2ccc(Cl)c(Cl)c2)C1
1034,CCCC(NC(=O)C1C2CCCC2CN1C(=O)C(NC(=O)C(NC(=O)c1cnc(C=O)cn1)C1CCCCC1)C(C)(C)C)C(=O)C(=O)NC1CC1
1035,C=CC(=O)NC(CCC=O)C(=O)Nc1cccc(Nc2ncc(NC(=O)c3cc(NC(=O)c4cccc(C(F)(F)F)c4)ccc3C)cn2)c1
1036,CC1(C)C(NC(=O)c2ccccc2)C(C)(C)C1Oc1ccc(C#N)c(Cl)c1
1037,O=C1C(=CC=Cc2ccc([N+](=O)[O-])cc2)c2ccccc2N1Cc1ccccc1
1038,CC(C)c1ccn2ncnc(NC3CCC(N4CCNCC4)CC3)c12
1039,COC(=O)C1=CCC23CCC(C(C)(C=CC=C(C)C=O)OC2=O)C3(OC(C)=O)CC1
1040,CC12CC(N)CC1(C)CC(Oc1ccc(C#N)c(Cl)c1)C2
1041,CCCNc1nc(Nc2ccc(C#N)cc2)ncc1C#CCCCNC(=O)C(C)N(C)C(=O)C(C#N)=CC(C)(C)N(C)C
1042,CC1Cc2c([nH]c3ccccc23)C(c2cncnc2)N1CC(C)(C)F
1043,CC1Cc2c([nH]c3ccccc23)C(c2c(F)cccc2F)N1CC(C)(C)F
1044,CC(C)S(=O)(=O)c1ccccc1Nc1nc(NC2CCCNC2)ncc1Cl
1045,CC1(CN)CCC(c2ccc(Cl)cc2)=C(CN2CCN(c3ccc(C(=O)NS(=O)(=O)c4ccc(NC(CCN5CCOCC5)CSc5ccccc5)c(S(=O)(=O)C(F)(F)F)c4)cc3)CC2)C1
1046,CCC(CO)Nc1cc(NCc2ccc(N)cc2)n2ncc(C(C)C)c2n1
1047,N#Cc1ccc(OC2CCC(NC(=O)c3ccccc3)C2)cc1Cl
1048,N#Cc1ccc(OC2CCCC(NC(=O)c3ccccc3)CCC2)cc1Cl
1049,CN(c1ccc(C#N)c(Cl)c1)C1CCC(NC(=O)c2ccccc2)CC1
1050,CCCN(c1ccc(C#N)c(Cl)c1)C1CCC(NC(=O)c2ccccc2)CC1
1051,CC1CC(O)c2ncnc(N3CCN(C(=O)C(CN)c4ccc(Cl)cc4)CC3)c21
1052,COc1cc(N2CCN(CC=O)CC2)c(NC(=O)C(C#N)=CC2CC2)cc1Nc1nccc(-c2cn(C)c3ccccc23)n1
1053,COc1cc(N2CCN(CC=O)CC2)c(NC(=O)C(C#N)=Cc2ccncc2)cc1Nc1nccc(-c2cn(C)c3ccccc23)n1
1054,C=CC(=O)N1CCCC(n2c(Nc3ccccc3)nc3cnc(Nc4ccc(N5CCN(C)CC5)cc4)nc32)C1
1055,C=CC(=O)N1CCCC(n2c(Nc3ccccc3)nc3cnc(Nc4ccc(N5CCN(CC=O)CC5)cc4)nc32)C1
1056,O=CCc1sc(NN=C(Cc2ccccc2[N+](=O)[O-])C(=O)O)nc1-c1ccc(Cl)c(Cl)c1
1057,CC(C=O)=NNc1nc(-c2ccc(-c3ccccc3)cc2)cs1
1058,NC(C=O)Cc1ccc(O)c(O)c1
1059,CCC1c2nnc(C)n2-c2cnc(Nc3ccc(C(=O)NC4CCN(C)CC4)cc3OC)nc2N1CC1CCCCC1
1060,O=CNC1CCC(Nc2ncnc3[nH]cc(C(=O)c4ccc(Oc5ccccc5)cc4Cl)c23)CC1
1061,NC(=O)CCC(NC(=O)C1CCC2CCNCC(NC(=O)c3cc4cc(C(=O)P(=O)(O)O)ccc4[nH]3)C(=O)N21)C(=O)NC(c1ccccc1)c1ccccc1
1062,CC1CCC2(C=O)CCC3(C)C(=CCC4C5(C)CCC(O)C(C)(C)C5CCC43C)C2C1C
1063,COc1cc(Cl)c(-c2cc(Cl)ccc2Cl)cc1C(=O)N1CCN(C(=O)C=CC=O)CC1
1064,CC1CC2(CCNCC2)CN1c1ccc(C#N)c(Cl)c1
1065,CC1CC2(CCN(c3ccc(C(=O)N4CCN(C)CC4)cc3)CC2)CN1c1ccc(C#N)c(Cl)c1
1066,CC1(C)CCC(c2ccc(Cl)cc2)=C(CN2CCN(c3ccc(C(=O)NS(=O)(=O)c4ccc(NC(CCN5CCOCC5)CSc5ccccc5)c(S(=O)(=O)C(F)(F)F)c4)cc3)CC2)C1
1067,N#Cc1ccc(OC2CCC(NC(=O)c3cccnn3)CC2)cc1Cl
1068,COc1cc(-c2cnc3cccc(-c4cc(F)c(CN5CCS(=O)(=O)CC5)c(F)c4)c3n2)ccc1OCCCN1CCNCC1
1069,CN(C)C1CCN(c2ccc(Nc3cc4cnc(Nc5ccc(F)cc5)nc4cn3)nc2)CC1
1070,C[C@@H]1C[C@@H](O)c2ncnc(C3CCN(C(=O)[C@H](C)c4ccc(Cl)cc4)CC3)c21
1070,CC1CC(O)c2ncnc(C3CCN(C(=O)C(C)c4ccc(Cl)cc4)CC3)c21
1071,CC1(C)[C@H](NC(=O)c2ccccc2)C(C)(C)[C@H]1Oc1ccc(C#N)c(Cl)c1
1071,CC1(C)C(NC(=O)c2ccccc2)C(C)(C)C1Oc1ccc(C#N)c(Cl)c1
1072,NC(=O)c1c(-c2ccc(Oc3ccc(F)cc3F)cc2)nn([C@H]2CCCN(C=O)C2)c1N
1072,NC(=O)c1c(-c2ccc(Oc3ccc(F)cc3F)cc2)nn(C2CCCN(C=O)C2)c1N
1073,C=CC(=O)N[C@@H](CCC=O)C(=O)Nc1cccc(Nc2ncc(NC(=O)c3cc(NC(=O)c4cccc(C)c4)ccc3C)cn2)c1
1073,C=CC(=O)NC(CCC=O)C(=O)Nc1cccc(Nc2ncc(NC(=O)c3cc(NC(=O)c4cccc(C)c4)ccc3C)cn2)c1
1074,C=CC(=O)N[C@H](CCC=O)C(=O)Nc1cccc(Nc2ncc(NC(=O)c3cc(NC(=O)c4cccc(C)c4)ccc3C)cn2)c1
1074,C=CC(=O)NC(CCC=O)C(=O)Nc1cccc(Nc2ncc(NC(=O)c3cc(NC(=O)c4cccc(C)c4)ccc3C)cn2)c1
1075,COc1cc(OC)cc(-c2cn(C)c(=O)c3cnccc23)c1
1076,O=Cc1ccc(NC(=O)[C@@H]2NC3(CCCCC3)[C@@]3(C(=O)Nc4cc(Cl)ccc43)[C@H]2c2cccc(Cl)c2F)cc1
1076,O=Cc1ccc(NC(=O)C2NC3(CCCCC3)C3(C(=O)Nc4cc(Cl)ccc43)C2c2cccc(Cl)c2F)cc1
1077,Cc1sc2c(c1C)C(c1ccc(Cl)cc1)=N[C@@H](CC=O)c1nnc(C)n1-2
1077,Cc1sc2c(c1C)C(c1ccc(Cl)cc1)=NC(CC=O)c1nnc(C)n1-2
1078,CCC(C)(C)C(=O)C(=O)N1CCCC[C@H]1C(=O)O[C@H](CCc1ccc(OC)c(OC)c1)c1ccccc1
1078,CCC(C)(C)C(=O)C(=O)N1CCCCC1C(=O)OC(CCc1ccc(OC)c(OC)c1)c1ccccc1
1079,NC(=O)c1c(-c2ccc(Oc3ccc(F)cc3F)cc2)nn([C@@H]2CCCN(C=O)C2)c1N
1079,NC(=O)c1c(-c2ccc(Oc3ccc(F)cc3F)cc2)nn(C2CCCN(C=O)C2)c1N
1080,Nc1ncnc2c1c(-c1ccc(Oc3ccccc3)cc1)nn2C1CCNCC1
1081,CCN1CCN(Cc2ccc(NC(=O)c3cccc(-c4ccc5nc(N)sc5n4)c3)cc2C(F)(F)F)CC1
1082,C[C@]12CC[C@@H]3c4ccc(O)cc4CC[C@H]3[C@@H]1CC[C@@H]2O
1082,CC12CCC3c4ccc(O)cc4CCC3C1CCC2O
1083,Cc1c(C#N)c(-c2ccc(C#N)cc2)c(C)n1Cc1ccc(C=O)cc1
1084,CCCCN(Cc1ccc(C(=O)NO)cc1)C(=O)Nc1ccccc1
1085,C=CC(=O)N[C@@H](CCC=O)C(=O)Nc1cccc(Nc2ncc(NC(=O)c3cc(NC(=O)c4cccc(C(F)(F)F)c4)ccc3C)cn2)c1
1085,C=CC(=O)NC(CCC=O)C(=O)Nc1cccc(Nc2ncc(NC(=O)c3cc(NC(=O)c4cccc(C(F)(F)F)c4)ccc3C)cn2)c1
1086,CCC(=O)N1CCN(c2ncnc3c(F)c(-c4cc(O)cc5ccccc45)c(Cl)cc23)CC1
1087,CN1C(=O)N(c2ccc(C#N)c(C(F)(F)F)c2)C(=O)C1(C)c1ccc(O)cc1
1088,CCNc1nonc1/C(=N\O)Nc1ccc(F)c(Br)c1
1088,CCNc1nonc1C(=NO)Nc1ccc(F)c(Br)c1
1089,Cc1nc(Nc2ncc(C(=O)Nc3c(C)cccc3Cl)s2)cc(N2CCN(CC=O)CC2)n1
1090,CCc1cc2c(cc1N1CCCCC1)C(C)(C)c1[nH]c3cc(C#N)ccc3c1C2=O
1091,CCc1cc2c(cc1N1CCC(N)CC1)C(C)(C)c1[nH]c3cc(C#N)ccc3c1C2=O
1092,CC1(C)C(=O)N(c2ccc(C#N)c(C(F)(F)F)c2)C(=S)N1c1ccc(C=O)c(F)c1
1093,Nc1nc(N)n(-c2ccc(-c3ccccc3)nn2)n1
1094,C[C@H]1[C@H](C)CC[C@]2(C=O)CC[C@]3(C)C(=CC[C@@H]4[C@@]5(C)CC[C@H](O)C(C)(C)C5CC[C@]43C)[C@H]12
1094,CC1CCC2(C=O)CCC3(C)C(=CCC4C5(C)CCC(O)C(C)(C)C5CCC43C)C2C1C
1095,CCN(C)S(=O)(=O)Nc1ccc(F)c(C(=O)c2c[nH]c3ncc(-c4cccnc4)cc23)c1F
1096,Cc1nc(Nc2ncc(C(=O)Nc3c(C)cccc3Cl)s2)cc(N2CCN(CCO)CC2)n1
1097,CC1CC(O)c2ncnc(C3CCN(C(=O)C(C)c4ccc(Cl)cc4)CC3)c21
1098,CC1(C)C(NC(=O)c2ccccc2)C(C)(C)C1Oc1ccc(C#N)c(Cl)c1
1099,NC(=O)c1c(-c2ccc(Oc3ccc(F)cc3F)cc2)nn(C2CCCN(C=O)C2)c1N
1100,C=CC(=O)NC(CCC=O)C(=O)Nc1cccc(Nc2ncc(NC(=O)c3cc(NC(=O)c4cccc(C)c4)ccc3C)cn2)c1
1101,O=Cc1ccc(NC(=O)C2NC3(CCCCC3)C3(C(=O)Nc4cc(Cl)ccc43)C2c2cccc(Cl)c2F)cc1
1102,CCC(C)(C)C(=O)C(=O)N1CCCCC1C(=O)OC(CCc1ccc(OC)c(OC)c1)c1ccccc1
1103,CCC(=C(c1ccc(O)cc1)c1ccc(OCCNC)cc1)c1ccccc1
1104,Oc1ccc2c(c1)CCC(c1ccccc1)C2c1ccccc1
1105,CC1Cc2c([nH]c3ccccc23)C(c2c(F)cccc2F)N1CC(C)(C)F
1106,CC1CCC2(C=O)CCC3(C)C(=CCC4C5(C)CCC(O)C(C)(C)C5CCC43C)C2C1C
1107,Cc1sc2c(c1C)C(c1ccc(Cl)cc1)=NC(CC=O)c1nnc(C)n1-2
1108,CN(C)CC[C@H](CSc1ccccc1)Nc1ccc(S(=O)(=O)NC(=O)c2ccc(N3CCN(CC4=C(c5ccc(Cl)cc5)CCC(C)(C)C4)CC3)cc2)cc1S(=O)(=O)C(F)(F)F
1108,CN(C)CCC(CSc1ccccc1)Nc1ccc(S(=O)(=O)NC(=O)c2ccc(N3CCN(CC4=C(c5ccc(Cl)cc5)CCC(C)(C)C4)CC3)cc2)cc1S(=O)(=O)C(F)(F)F
1109,CC1(C)CCC(c2ccc(Cl)cc2)=C(CN2CCN(c3ccc(C(=O)NS(=O)(=O)c4ccc(N[C@@H](CCN5CCN(C=O)CC5)CSc5ccccc5)c(S(=O)(=O)C(F)(F)F)c4)cc3)CC2)C1
1109,CC1(C)CCC(c2ccc(Cl)cc2)=C(CN2CCN(c3ccc(C(=O)NS(=O)(=O)c4ccc(NC(CCN5CCN(C=O)CC5)CSc5ccccc5)c(S(=O)(=O)C(F)(F)F)c4)cc3)CC2)C1
1110,CN(C)CC[C@@H](CSc1ccccc1)Nc1ccc(S(=O)(=O)NC(=O)c2ccc(N3CCN(CC4=C(c5ccc(Cl)cc5)CCC(C)(C)C4)CC3)cc2)cc1S(=O)(=O)C(F)(F)F
1110,CN(C)CCC(CSc1ccccc1)Nc1ccc(S(=O)(=O)NC(=O)c2ccc(N3CCN(CC4=C(c5ccc(Cl)cc5)CCC(C)(C)C4)CC3)cc2)cc1S(=O)(=O)C(F)(F)F
1111,COc1cc2c(OC[C@@H]3CCC(=O)N3)nccc2cc1C(N)=O
1111,COc1cc2c(OCC3CCC(=O)N3)nccc2cc1C(N)=O
1112,COc1cc(/C=C2\SC(=O)N(C)C2=O)ccc1Oc1ccc(C#N)cc1C(F)(F)F
1112,COc1cc(C=C2SC(=O)N(C)C2=O)ccc1Oc1ccc(C#N)cc1C(F)(F)F
1113,CCn1nc(C2CC2)cc1Nc1nc(C=O)nc2[nH]c3cc(-c4c(C)noc4C)c(OC)cc3c12
1114,Cn1cc(Nc2ncc(Cl)c(NCc3cc(F)ccc3F)n2)cn1
1115,COc1cc(-c2cnc3cccc(-c4cc(F)c(CN5CCS(=O)(=O)CC5)c(F)c4)c3n2)ccc1OCCCN1CCNCC1
1116,CN(C)C1CCN(c2ccc(Nc3cc4cnc(Nc5ccc(F)cc5)nc4cn3)nc2)CC1
1117,CCOc1ccc2c(c1)sc1nc(-c3ccc(NC(=O)Nc4cc(C(C)(C)C)on4)cc3)cn12
1118,CN(CCCNc1nc(Nc2ccccc2)ncc1Br)C(=O)C1CCC1
1119,CN(CCCNc1nc(Nc2ccccc2)ncc1F)C(=O)C1CCC1
1120,CN(CCCNc1nc(Nc2ccccc2)ncc1I)C(=O)C1CCC1
1121,Cc1cnc(Nc2ccccc2)nc1NCCCN(C)C(=O)C1CCC1
1122,CN(CCCNc1nc(Nc2ccccc2)ncc1C1CCC1)C(=O)C1CCC1
1123,CN(CCCNc1nc(Nc2ccccc2)ncc1C1CC1)C(=O)C1CCC1
1124,COc1ccc(CC(=O)Nc2cc(C3CCC3)[nH]n2)cc1
1125,COc1cc(C=C2SC(=O)N(C)C2=O)ccc1Oc1ccc(C#N)cc1C(F)(F)F
1126,Cc1sc2c(c1C)C(c1ccc(Cl)cc1)=N[C@@H](CC=O)c1nnc(C)n1-2
1126,Cc1sc2c(c1C)C(c1ccc(Cl)cc1)=NC(CC=O)c1nnc(C)n1-2
1127,Cc1ccc(NC(=O)c2ccc(CN3CCN(C)CC3)cc2)cc1Nc1nccc(-c2cccnc2)n1
1128,COc1cc(-c2cn(C)c(=O)c3cnccc23)cc(OC)c1CN(C)CC=O
1129,Nc1nnc(-c2ccccc2O)cc1N1CCNCC1
1130,O=C(Nc1ccc(CN2CCNCC2)cc1)c1n[nH]cc1Nc1ncnc2[nH]ccc12
1131,CCNCCOc1ccc(C(=O)c2c(-c3ccc(O)cc3)sc3cc(O)ccc23)cc1
1132,CCCCN(Cc1ccc(C(=O)NO)cc1)C(=O)Nc1ccccc1
1133,CC(O)(COc1ccc(N)cc1)C(=O)Nc1ccc([N+](=O)[O-])c(C(F)(F)F)c1
1134,CC(=O)c1c(C)c2cnc(Nc3ccc(N4CCNCC4)cn3)nc2n(C2CCCC2)c1=O
1135,COc1ccc(/C=N/NC(=O)CCCCCCC(=O)NO)cc1
1135,COc1ccc(C=NNC(=O)CCCCCCC(=O)NO)cc1
1136,CC1(C)C(=O)N(c2ccc(C#N)c(C(F)(F)F)c2)C(=S)N1c1ccc(O)cc1
1137,CN1C[C@H](Nc2cnn(C)c(=O)c2Br)C[C@H](c2ccc(C=O)cc2)C1
1137,CN1CC(Nc2cnn(C)c(=O)c2Br)CC(c2ccc(C=O)cc2)C1
1138,Cc1nc(CCC=O)ccc1-c1cnc(NCc2c(F)ccc3c2CCO3)n2cnnc12
1139,NC(=O)c1c(-c2ccc(Oc3ccc(F)cc3F)cc2)nn([C@H]2CCCNC2)c1N
1139,NC(=O)c1c(-c2ccc(Oc3ccc(F)cc3F)cc2)nn(C2CCCNC2)c1N
1140,C=CC(=O)N1C[C@H](n2nc(-c3ccc(Oc4ccccc4)cc3)c3c(N)ncnc32)C[C@H]1C=O
1140,C=CC(=O)N1CC(n2nc(-c3ccc(Oc4ccccc4)cc3)c3c(N)ncnc32)CC1C=O
1141,C=CC(=O)N1C[C@@H](n2nc(-c3ccc(Oc4ccccc4)cc3)c3c(N)ncnc32)C[C@H]1C=O
1141,C=CC(=O)N1CC(n2nc(-c3ccc(Oc4ccccc4)cc3)c3c(N)ncnc32)CC1C=O
1142,CN(C)C(=O)c1cc2cnc(Nc3ccc(N4CCNCC4)cn3)nc2n1C1CCCC1
1143,NC(=O)c1cccc2cn(-c3ccccc3)nc12
1144,Cc1ccc(N2C(=S)N(c3cnc(C#N)c(C(F)(F)F)c3)C(=O)C23CCC3)cc1
1145,O=C(NCCO)c1cccc(-c2cc(Nc3ccc(OC(F)(F)F)cc3)ncn2)c1
1146,COc1c(O)cc(O)c2c(=O)cc(-c3ccccc3)oc12
1147,COc1ccc(Cl)c(S(=O)(=O)Nc2ccc(-c3nc(OC[C@H]4CNCCO4)c4c(C)n[nH]c4n3)cc2)c1
1147,COc1ccc(Cl)c(S(=O)(=O)Nc2ccc(-c3nc(OCC4CNCCO4)c4c(C)n[nH]c4n3)cc2)c1
1148,COc1cc(/C=C(\C#N)C=O)ccc1OCc1ccc(C(F)(F)F)cc1C(F)(F)F
1148,COc1cc(C=C(C#N)C=O)ccc1OCc1ccc(C(F)(F)F)cc1C(F)(F)F
1149,CCNCCOc1ccc(Cn2c(-c3ccc(O)cc3)c(C)c3cc(O)ccc32)cc1
1150,CC(=O)c1c(C)c2cnc(Nc3ccc(N4CCN(C=O)CC4)cn3)nc2n(C2CCCC2)c1=O
1151,COc1cc(N2CCNCC2)ccc1Nc1ncc(Cl)c(Nc2ccccc2P(C)(C)=O)n1
1152,COc1cc(N2CCC(N3CCNCC3)CC2)ccc1Nc1ncc(Cl)c(Nc2ccccc2P(C)(C)=O)n1
1153,C=CC(=O)N1CCC[C@@H](n2nc(-c3ccc(Oc4ccccc4)cc3)c3c(N)ncnc32)C1
1153,C=CC(=O)N1CCCC(n2nc(-c3ccc(Oc4ccccc4)cc3)c3c(N)ncnc32)C1
1154,O=Cc1ccc2c(c1)C(=O)N(C1CCC(=O)NC1=O)C2=O
1155,NC(=O)CC[C@H](NC(=O)[C@@H]1CC[C@@H]2CCN(C=O)C[C@H](NC(=O)c3cc4cc(C(F)(F)P(=O)(O)O)ccc4[nH]3)C(=O)N21)C(=O)NC(c1ccccc1)c1ccccc1
1155,NC(=O)CCC(NC(=O)C1CCC2CCN(C=O)CC(NC(=O)c3cc4cc(C(F)(F)P(=O)(O)O)ccc4[nH]3)C(=O)N21)C(=O)NC(c1ccccc1)c1ccccc1
1156,CNC(=O)[C@H](CCC(N)=O)NC(=O)[C@@H]1CC[C@@H]2CCNC[C@H](NC(=O)c3cc4cc(C(F)(F)P(=O)(O)O)ccc4[nH]3)C(=O)N21
1156,CNC(=O)C(CCC(N)=O)NC(=O)C1CCC2CCNCC(NC(=O)c3cc4cc(C(F)(F)P(=O)(O)O)ccc4[nH]3)C(=O)N21
1157,NC(=O)CC[C@H](NC(=O)[C@@H]1CC[C@@H]2CCNC[C@H](NC(=O)c3cc4cc(CP(=O)(O)O)ccc4[nH]3)C(=O)N21)C(=O)NC(c1ccccc1)c1ccccc1
1157,NC(=O)CCC(NC(=O)C1CCC2CCNCC(NC(=O)c3cc4cc(CP(=O)(O)O)ccc4[nH]3)C(=O)N21)C(=O)NC(c1ccccc1)c1ccccc1
1158,O=Cc1ccc(NC(=O)[C@@H]2NC3(CCCCC3)[C@@]3(C(=O)Nc4cc(Cl)ccc43)[C@H]2c2cccc(Cl)c2F)cc1
1158,O=Cc1ccc(NC(=O)C2NC3(CCCCC3)C3(C(=O)Nc4cc(Cl)ccc43)C2c2cccc(Cl)c2F)cc1
1159,Cc1ccc(S(=O)CC(C)(O)C(=O)Nc2ccc(C#N)c(C(F)(F)F)c2)cc1
1160,CC1(C)[C@H](NC(=O)c2ccc(C=O)cc2)C(C)(C)[C@H]1Oc1ccc(C#N)c(Cl)c1
1160,CC1(C)C(NC(=O)c2ccc(C=O)cc2)C(C)(C)C1Oc1ccc(C#N)c(Cl)c1
1161,COc1ccccc1S(=O)(=O)Nc1ccc2c3c(cccc13)C(=O)N2C
1162,Cc1cc(NS(=O)(=O)c2ccccc2)c(Nc2ccc(I)cc2F)n(C)c1=O
1163,C=CC(=O)N1CCC[C@H](n2nc(-c3ccc(Oc4ccccc4)cc3)c3c(N)ncnc32)C1
1163,C=CC(=O)N1CCCC(n2nc(-c3ccc(Oc4ccccc4)cc3)c3c(N)ncnc32)C1
1164,CC1(C)CCC(c2ccc(Cl)cc2)=C(CN2CCN(c3ccc(C(=O)NS(=O)(=O)c4ccc(NC(CCN5CCNCC5)CSc5ccccc5)c(S(=O)(=O)C(F)(F)F)c4)cc3)CC2)C1
1165,Oc1ccc(Nc2nccc(Nc3cc4ccccc4cn3)n2)cc1
1166,CC/C(=C(\c1ccc(O)cc1)c1ccc(OCCN(C)C)cc1)c1ccccc1
1166,CCC(=C(c1ccc(O)cc1)c1ccc(OCCN(C)C)cc1)c1ccccc1
1167,NC(=O)c1cc2c(=O)n(CC=O)c(=O)n(C3CC3)c2nc1N
1168,CCNc1nonc1/C(=N/O)Nc1ccc(F)c(Br)c1
1168,CCNc1nonc1C(=NO)Nc1ccc(F)c(Br)c1
1169,Nc1ccc(C(=O)Nc2ccccc2N)cc1
1170,Cc1ncsc1-c1ccc(CNC(=O)[C@H]2C[C@H](O)CN2C(=O)[C@H](NC(=O)COCCOCCOCCO)C(C)(C)C)cc1
1170,Cc1ncsc1-c1ccc(CNC(=O)C2CC(O)CN2C(=O)C(NC(=O)COCCOCCOCCO)C(C)(C)C)cc1
1171,Cc1ncsc1-c1ccc(CNC(=O)[C@H]2C[C@H](O)CN2C(=O)[C@H](NC(=O)COCCOCCOCCOCCOCCO)C(C)(C)C)cc1
1171,Cc1ncsc1-c1ccc(CNC(=O)C2CC(O)CN2C(=O)C(NC(=O)COCCOCCOCCOCCOCCO)C(C)(C)C)cc1
1172,O=Cc1ccc2c(c1)nc(Nc1cccc(Cl)c1)c1ccncc12
1173,CCC(C)(C)C(=O)C(=O)N1CCCC[C@H]1C(=O)O[C@H](CCc1ccc(OC)c(OC)c1)c1ccccc1
1173,CCC(C)(C)C(=O)C(=O)N1CCCCC1C(=O)OC(CCc1ccc(OC)c(OC)c1)c1ccccc1
1174,C=CC(=O)Nc1cc(Nc2nccc(-c3cn(C)c4ccccc34)n2)c(OC)cc1N(C)CCN(C)C
1175,C=C(F)C(=O)N1CCN(c2nc(OC[C@@H]3CCCN3C)nc3c2CCN(c2cccc4cccc(Cl)c24)C3)C[C@@H]1CC#N
1175,C=C(F)C(=O)N1CCN(c2nc(OCC3CCCN3C)nc3c2CCN(c2cccc4cccc(Cl)c24)C3)CC1CC#N
1176,COc1ccc2nc(/N=N/c3ccc(N(C)C)cc3)sc2c1
1176,COc1ccc2nc(N=Nc3ccc(N(C)C)cc3)sc2c1
1177,CC(=O)c1c(C)c2cnc(N)nc2n(C2CCCC2)c1=O
1178,CN(c1nccnc1CNc1nc(Nc2ccc(C=O)cc2)ncc1C(F)(F)F)S(C)(=O)=O
1179,O=C(Nc1nccs1)C(c1cc(F)ccc1O)N1Cc2ccc(-c3ccc(N4CCNCC4)cc3)cc2C1=O
1180,O=CCN1CCN(c2ccc(-c3ccc4c(c3)C(=O)N(C(C(=O)Nc3nccs3)c3ccccc3)C4)cc2)CC1
1181,CC(C)(C)c1cc(C(=O)/C=C/c2ccc(C(=O)O)cc2)cc(C(C)(C)C)c1
1181,CC(C)(C)c1cc(C(=O)C=Cc2ccc(C(=O)O)cc2)cc(C(C)(C)C)c1
1182,CC/C(=C(\c1ccc(O)cc1)c1ccc(OCCNC)cc1)c1ccccc1
1182,CCC(=C(c1ccc(O)cc1)c1ccc(OCCNC)cc1)c1ccccc1
1183,CCS(=O)(=O)Nc1ccc(Oc2ccc(F)cc2F)c(-c2cn(C)c(=O)c3[nH]c(C=O)cc23)c1
1184,Nc1nc2c(c(=O)[nH]1)[n+](Cc1ccc(F)cc1)cn2[C@@H]1O[C@H](COS(N)(=O)=O)[C@@H](O)[C@H]1O
1184,Nc1nc2c(c(=O)[nH]1)[n+](Cc1ccc(F)cc1)cn2C1OC(COS(N)(=O)=O)C(O)C1O
1185,Nc1nc2c(ncn2[C@@H]2O[C@H](COS(N)(=O)=O)[C@@H](O)[C@H]2O)c(=O)[nH]1
1185,Nc1nc2c(ncn2C2OC(COS(N)(=O)=O)C(O)C2O)c(=O)[nH]1
1186,Nc1nc2c(c(=O)[nH]1)[n+](Cc1ccccc1)cn2[C@H]1O[C@@H](COP(=O)(O)O)[C@H](O)[C@@H]1O
1186,Nc1nc2c(c(=O)[nH]1)[n+](Cc1ccccc1)cn2C1OC(COP(=O)(O)O)C(O)C1O
1187,Nc1nc2c(c(=O)[nH]1)[n+](Cc1ccccc1)cn2[C@@H]1O[C@H](COP(=O)(O)O)[C@@H](O)[C@H]1O
1187,Nc1nc2c(c(=O)[nH]1)[n+](Cc1ccccc1)cn2C1OC(COP(=O)(O)O)C(O)C1O
1188,CCOc1cc(C(C)(C)C)ccc1C1=NC(c2ccc(Cl)cc2)C(c2ccc(Cl)cc2)N1C(=O)N1CCNCC1
1189,C=CCn1c(=O)c2cnc(Nc3ccc(N4CCN(C)CC4)cc3)nc2n1-c1cccc(C(C)(C)O)n1
1190,Cc1ccc(-n2nc3c(=O)n(CCCC=O)nc(C)c3c2C)cc1
1191,C/C=C/C[C@@H](C)[C@@H](O)[C@H]1C(=O)N[C@@H](CC)C(=O)N(C)CC(=O)N(C)[C@@H](CC(C)C)C(=O)N[C@@H](C(C)C)C(=O)N(C)[C@@H](CC(C)C)C(=O)N[C@@H](C)C(=O)N[C@H](C)C(=O)N(C)[C@@H](CC(C)C)C(=O)N(C)[C@@H](CC(C)C)C(=O)N(C)[C@@H](C(C)C)C(=O)N1C
1191,CC=CCC(C)C(O)C1C(=O)NC(CC)C(=O)N(C)CC(=O)N(C)C(CC(C)C)C(=O)NC(C(C)C)C(=O)N(C)C(CC(C)C)C(=O)NC(C)C(=O)NC(C)C(=O)N(C)C(CC(C)C)C(=O)N(C)C(CC(C)C)C(=O)N(C)C(C(C)C)C(=O)N1C
1192,CNc1cc(CS(=O)(=O)/C=C/c2c(OC)cc(OC)cc2OC)ccc1OC
1192,CNc1cc(CS(=O)(=O)C=Cc2c(OC)cc(OC)cc2OC)ccc1OC
1193,COc1cc(OC)c(/C=C/S(=O)(=O)Cc2ccc(OC)c(N)c2)c(OC)c1
1193,COc1cc(OC)c(C=CS(=O)(=O)Cc2ccc(OC)c(N)c2)c(OC)c1
1194,C[C@](O)(COc1ccc(N)cc1)C(=O)Nc1ccc([N+](=O)[O-])c(C(F)(F)F)c1
1194,CC(O)(COc1ccc(N)cc1)C(=O)Nc1ccc([N+](=O)[O-])c(C(F)(F)F)c1
1195,Cc1cc(NS(=O)(=O)c2ccc(CC=O)cc2)c(Nc2ccc(I)cc2F)n(C)c1=O
1196,O=C(NC1CCNCC1)c1[nH]ncc1NC(=O)c1c(Cl)cccc1Cl
1197,CC1(C)CCC(c2ccc(Cl)cc2)=C(CN2CCN(c3ccc(C(=O)NS(=O)(=O)c4ccc(N[C@H](CCN5CCN(C=O)CC5)CSc5ccccc5)c(S(=O)(=O)C(F)(F)F)c4)cc3)CC2)C1
1197,CC1(C)CCC(c2ccc(Cl)cc2)=C(CN2CCN(c3ccc(C(=O)NS(=O)(=O)c4ccc(NC(CCN5CCN(C=O)CC5)CSc5ccccc5)c(S(=O)(=O)C(F)(F)F)c4)cc3)CC2)C1
1198,Nc1nc2c(c(=O)[nH]1)[n+](Cc1ccccc1)cn2[C@@H]1O[C@H](CO[PH](=O)O)[C@@H](O)[C@H]1O
1198,Nc1nc2c(c(=O)[nH]1)[n+](Cc1ccccc1)cn2C1OC(CO[PH](=O)O)C(O)C1O
1199,Nc1nc2c(ncn2[C@@H]2O[C@H](COP(=O)(O)O)[C@@H](O)[C@H]2O)c(=O)[nH]1
1199,Nc1nc2c(ncn2C2OC(COP(=O)(O)O)C(O)C2O)c(=O)[nH]1
1200,C[C@@H]1C[C@@H](O)c2ncnc(N3CCN(C(=O)[C@H](C)c4ccc(Cl)cc4)CC3)c21
1200,CC1CC(O)c2ncnc(N3CCN(C(=O)C(C)c4ccc(Cl)cc4)CC3)c21
1201,COc1cc2ncnc(Nc3n[nH]c(C)c3C)c2cc1S(=O)(=O)C(C)(C)C
1202,O=Cc1cccc(-c2cc(Nc3ccc(OC(F)(F)F)cc3)ncn2)c1
1203,Cc1nn(-c2ccc(C#N)c(C(F)(F)F)c2)c(C)c1C
1204,Cc1nn(-c2ccc(C#N)cc2Cl)c(C)c1C
1205,CCCS(=O)(=O)Nc1ccc(F)c(-n2cc(-c3cncnc3)c3nc(N(C)C4CCNCC4)ccc32)c1F
1206,NCCS(=O)(=O)N1CCC(Nc2ncc(Br)c(Nc3cccc(F)c3C(N)=O)n2)CC1
1207,Cc1cc(S(N)(=O)=O)ccc1Nc1ncc(Br)c(Nc2cccc(F)c2C(N)=O)n1
1208,CN1CCN(c2ccc(Nc3cc(-c4cccc(-n5ccc6cc(C7CC7)cc(F)c6c5=O)c4CO)cn(C)c3=O)nc2)CC1
1209,C[C@]1(c2nc3c(C(N)=O)cccc3[nH]2)CCCN1
1209,CC1(c2nc3c(C(N)=O)cccc3[nH]2)CCCN1
1210,CC[C@H](C)[C@@H]([C@@H](CC(=O)N1CCC[C@H]1[C@H](OC)[C@@H](C)C(=O)N[C@H](C)[C@@H](O)c1ccccc1)OC)N(C)C(=O)[C@@H](NC(=O)[C@@H](NC)C(C)C)C(C)C
1210,CCC(C)C(C(CC(=O)N1CCCC1C(OC)C(C)C(=O)NC(C)C(O)c1ccccc1)OC)N(C)C(=O)C(NC(=O)C(NC)C(C)C)C(C)C
1211,N[C@@H](Cc1ccccc1)C(=O)N1C/C(=C\c2ccc(Cl)c(Cl)c2)C(=O)/C(=C/c2ccc(Cl)c(Cl)c2)C1
1211,NC(Cc1ccccc1)C(=O)N1CC(=Cc2ccc(Cl)c(Cl)c2)C(=O)C(=Cc2ccc(Cl)c(Cl)c2)C1
1212,CCC[C@H](NC(=O)[C@@H]1[C@H]2CCC[C@H]2CN1C(=O)[C@@H](NC(=O)[C@@H](NC(=O)c1cnc(C=O)cn1)C1CCCCC1)C(C)(C)C)C(=O)C(=O)NC1CC1
1212,CCCC(NC(=O)C1C2CCCC2CN1C(=O)C(NC(=O)C(NC(=O)c1cnc(C=O)cn1)C1CCCCC1)C(C)(C)C)C(=O)C(=O)NC1CC1
1213,CCC(=O)N1C[C@@H](n2nc(-c3ccc(Oc4ccccc4)cc3)c3c(N)ncnc32)C[C@H]1C=O
1213,CCC(=O)N1CC(n2nc(-c3ccc(Oc4ccccc4)cc3)c3c(N)ncnc32)CC1C=O
1214,Cc1nc2c(F)cc(-c3nc(Nc4ccc(CN5CCN(CCN)CC5)cn4)ncc3F)cc2n1C(C)C
1215,CC1(C)[C@H](NC(=O)c2ccccc2)C(C)(C)[C@H]1Oc1ccc(C#N)c(Cl)c1
1215,CC1(C)C(NC(=O)c2ccccc2)C(C)(C)C1Oc1ccc(C#N)c(Cl)c1
1216,O=Cc1ccc(-n2cc(NC(=O)c3coc(-c4ccnc(NCC5CC5)c4)n3)c(C(F)(F)F)n2)cc1
1217,NC(=O)c1nn(-c2ccccc2)cc1NC(=O)c1coc(-c2ccnc(NCC(F)(F)F)c2)n1
1218,COc1cc2nn(C3CCNCC3)cc2cc1NC(=O)c1cccc(C(F)(F)F)n1
1219,Cc1sc2c(c1C)C(c1ccc(Cl)cc1)=N[C@H](CC=O)c1nnc(C)n1-2
1219,Cc1sc2c(c1C)C(c1ccc(Cl)cc1)=NC(CC=O)c1nnc(C)n1-2
1220,CN1C(=O)N(c2ccc(C#N)c(C(F)(F)F)c2)C(=O)C1(C)c1ccc(O)cc1
1221,CNc1ccc(-c2nc3ccccc3s2)cc1
1222,CC1(C)C(=O)N(c2cnc(C#N)c(C(F)(F)F)c2)C(=S)N1c1ccc(O)cc1
1223,CC1(C)C(=O)N(c2ccc(C#N)c(Cl)c2)C(=S)N1c1ccc(O)cc1
1224,CC[C@H](C)n1cc(C)c2c(C(=O)NCc3c(C)cc(C)[nH]c3=O)cc(-c3ccc(N4CCNCC4)nc3)cc21
1224,CCC(C)n1cc(C)c2c(C(=O)NCc3c(C)cc(C)[nH]c3=O)cc(-c3ccc(N4CCNCC4)nc3)cc21
1225,CCNc1nonc1/C(=N\O)Nc1ccc(F)c(Br)c1
1225,CCNc1nonc1C(=NO)Nc1ccc(F)c(Br)c1
1226,CC1(N)CCN(c2cnc(-c3cccc(Cl)c3Cl)c(N)n2)CC1
1227,COC(=O)C1=CC[C@@]23CC[C@H]([C@@](C)(/C=C/C=C(\C)C=O)OC2=O)[C@@]3(OC(C)=O)CC1
1227,COC(=O)C1=CCC23CCC(C(C)(C=CC=C(C)C=O)OC2=O)C3(OC(C)=O)CC1
1228,N#Cc1ccc(O[C@H]2C[C@H]3CC[C@@H](C2)N3)cc1Cl
1228,N#Cc1ccc(OC2CC3CCC(C2)N3)cc1Cl
1229,COc1nc(-c2ccnc(NC(=O)C3CC3)c2)sc1C=O
1230,CN1CCN(c2ccc(Nc3ncc4nc(Nc5ccccc5)n(C5CCCC5)c4n3)cc2)CC1
1231,CCCS(=O)(=O)Nc1ccc(F)c(-n2cc(-c3cncnc3)c3nc(N(C)C4CCN(CC)CC4)ccc32)c1F
1232,Nc1nc(Nc2ccc(S(N)(=O)=O)cc2)nn1C(=O)c1c(F)cccc1F
1233,CCCNc1nc(Nc2ccc(C#N)cc2)ncc1C#CCCCNC(=O)[C@H](C)N(C)C(=O)/C=C/CN(C)C
1233,CCCNc1nc(Nc2ccc(C#N)cc2)ncc1C#CCCCNC(=O)C(C)N(C)C(=O)C=CCN(C)C
1234,N#Cc1cccc(-c2c[nH]c3ncnc(N4CCOC(CN)C4)c23)c1
1235,N#Cc1cccc(-c2c[nH]c3ncnc(N4CCOC(C=O)C4)c23)c1
1236,CCNc1nc(Nc2cc(F)c(C(=O)N3CCOC(CN)C3)cc2OC)ncc1C(F)(F)F
1237,Nc1ccc(NC(=O)CCCCCCC(=O)NO)cc1
1238,CS(=O)(=O)c1cccc(CNc2nc(Nc3ccc(C=O)cc3)ncc2C(F)(F)F)c1
1239,C[C@@H]1Cc2c([nH]c3ccccc23)[C@@H](c2cncnc2)N1CC(C)(C)F
1239,CC1Cc2c([nH]c3ccccc23)C(c2cncnc2)N1CC(C)(C)F
1240,Cc1[nH]nc(Nc2ccnc(Nc3ccc(CC#N)cc3)n2)c1C
1241,CNc1cc(Nc2cc(C3CC3)[nH]n2)nc(Nc2ccc(CC#N)cc2)n1
1242,CN1CCc2cc(Nc3ncc(C4CC4)c(NCCCNC(=O)C4CCC4)n3)ccc2C1
1243,Cc1ccc(NC(=O)c2cccc(C(C)(C)C#N)c2)cc1Nc1ccc2ncn(C)c(=O)c2c1
1244,COc1cc(N2CCN(C)CC2)ccc1Nc1ncc2c(n1)N(C)c1ccccc1C(=O)N2CC(F)(F)F
1245,NC1(c2ccc(-c3nc4ccn5c(=O)[nH]nc5c4cc3-c3ccccc3)cc2)CCC1
1246,Cn1ncc(Cl)c1-c1cc(C(=O)N[C@H](CN)Cc2cccc(F)c2)sc1Cl
1246,Cn1ncc(Cl)c1-c1cc(C(=O)NC(CN)Cc2cccc(F)c2)sc1Cl
1247,Cc1cnc(Nc2ccc(N3CCN(C)CC3)cc2)nc1Nc1cccc(S(=O)(=O)NC(C)(C)C)c1
1248,Cc1ccc(C(=O)Nc2ccc(CN3CCN(C)CC3)c(C(F)(F)F)c2)cc1C#Cc1cnc2cccnn12
1249,Cn1c(=O)c(-c2c(Cl)cccc2Cl)cc2cnc(Nc3ccc(OCCN)cc3)nc21
1250,CC(C)(C)c1cc(NC(=O)Nc2ccc(Oc3ccnc(C=O)c3)cc2F)n(-c2ccc3ncccc3c2)n1
1251,CC(C)(C)c1cnc(CSc2cnc(NC(=O)C3CCNCC3)s2)o1
1252,CCc1ccc2c(c1)C(=O)c1c([nH]c3cc(C#N)ccc13)C2(C)C
1253,CC(C)S(=O)(=O)c1ccccc1Nc1nc(N[C@@H]2CCCNC2)ncc1Cl
1253,CC(C)S(=O)(=O)c1ccccc1Nc1nc(NC2CCCNC2)ncc1Cl
1254,O=C(Cc1ccc(Cl)c(Cl)c1)NCc1cccc(-c2cn3c(n2)CCC3)c1
1255,Cc1n[nH]c(Nc2ncnc3cc(O)c(S(=O)(=O)C(C)(C)C)cc23)c1C
1256,C[C@]1(CN)CCC(c2ccc(Cl)cc2)=C(CN2CCN(c3ccc(C(=O)NS(=O)(=O)c4ccc(N[C@H](CCN5CCOCC5)CSc5ccccc5)c(S(=O)(=O)C(F)(F)F)c4)cc3)CC2)C1
1256,CC1(CN)CCC(c2ccc(Cl)cc2)=C(CN2CCN(c3ccc(C(=O)NS(=O)(=O)c4ccc(NC(CCN5CCOCC5)CSc5ccccc5)c(S(=O)(=O)C(F)(F)F)c4)cc3)CC2)C1
1257,COc1cc2ncnc(Nc3ccc(F)c(Cl)c3)c2cc1NC(=O)/C=C/CN1CCCCC1
1257,COc1cc2ncnc(Nc3ccc(F)c(Cl)c3)c2cc1NC(=O)C=CCN1CCCCC1
1258,CC(C)c1cnn2c(NCc3ccccc3)cc(NCCCCCCN)nc12
1259,CC(C)c1cnn2c(NCc3ccccc3N(C)C)nc(OC3CCN(C)CC3)nc12
1260,CC(C)c1cnn2c(NCc3ccc(N)cc3N(C)C)nc(OC3CCN(C)CC3)nc12
1261,CC(C)c1cnn2c(NCc3cccc(N)c3)nc(OC3CCN(C)CC3)nc12
1262,CC(C)c1cnn2c(NCc3ccc(NC=O)cc3)nc(OC3CCN(C)CC3)nc12
1263,N#Cc1ccc(O[C@H]2CC[C@H](NC(=O)c3ccccc3)C2)cc1Cl
1263,N#Cc1ccc(OC2CCC(NC(=O)c3ccccc3)C2)cc1Cl
1264,N#Cc1ccc(OC2CCN(C(=O)c3ccccc3)CC2)cc1Cl
1265,C[C@@H]1C[C@@H](O)c2ncnc(N3CCN(C(=O)[C@H](CN)c4ccc(Cl)cc4)CC3)c21
1265,CC1CC(O)c2ncnc(N3CCN(C(=O)C(CN)c4ccc(Cl)cc4)CC3)c21
1266,COc1cc(N2CCN(CC=O)CC2)c(NC(=O)/C(C#N)=C/C2CC2)cc1Nc1nccc(-c2cn(C)c3ccccc23)n1
1266,COc1cc(N2CCN(CC=O)CC2)c(NC(=O)C(C#N)=CC2CC2)cc1Nc1nccc(-c2cn(C)c3ccccc23)n1
1267,COc1cc(N2CCN(C)CC2)c(N)cc1Nc1nccc(-c2cn(C)c3ccccc23)n1
1268,C=CC(=O)N1CC[C@H](n2c(Nc3ccccc3)nc3cnc(Nc4ccc(N5CCN(C)CC5)cc4)nc32)C1
1268,C=CC(=O)N1CCC(n2c(Nc3ccccc3)nc3cnc(Nc4ccc(N5CCN(C)CC5)cc4)nc32)C1
1269,C=CC(=O)N1CCC[C@H](n2c(Nc3ccccc3)nc3cnc(Nc4ccc(N5CCN(CC=O)CC5)cc4)nc32)C1
1269,C=CC(=O)N1CCCC(n2c(Nc3ccccc3)nc3cnc(Nc4ccc(N5CCN(CC=O)CC5)cc4)nc32)C1
1270,Cc1cc(Cn2c(N3CC4(CNC4)C3)nc3c(N4CCN(C)CC4)cc(Cl)cc32)cc(C)c1F
1271,O=CCc1sc(N/N=C(\Cc2ccccc2[N+](=O)[O-])C(=O)O)nc1-c1ccc(Cl)c(Cl)c1
1271,O=CCc1sc(NN=C(Cc2ccccc2[N+](=O)[O-])C(=O)O)nc1-c1ccc(Cl)c(Cl)c1
1272,O=c1cc(CO)occ1O
1273,Cc1ncc(-c2ccnc(Nc3ccc(S(C)(=O)=O)cc3)n2)n1C(C)C
1274,Cc1nccc(Nc2ncc(C(=O)Nc3c(C)cccc3Cl)s2)n1
1275,COc1ccc(-c2ocnc2C=O)cc1Cl
1276,Nc1nc(N)n(-c2cc3c(nn2)-c2ccccc2CCC3)n1
1277,CCOC(=O)c1[nH]c2cc(Cl)ccc2c1C(NCc1ccc(Cl)cc1)C(=O)NC(C)(C)C
1278,CC(C)(C)NC(=O)C(c1c(C=O)[nH]c2cc(Cl)ccc12)N(C=O)Cc1cc(F)c(F)c(F)c1
1279,CC(C)(C)NC(=O)C(NCc1cc(F)c(F)c(F)c1)c1ccc(Cl)cc1
1280,CN1CCC[C@H]1COc1nc2c(c(N3CCN(C(=O)/C(C#N)=C\C4CC4)[C@@H](CC#N)C3)n1)CCN(c1cccc3cccc(Cl)c13)C2
1280,CN1CCCC1COc1nc2c(c(N3CCN(C(=O)C(C#N)=CC4CC4)C(CC#N)C3)n1)CCN(c1cccc3cccc(Cl)c13)C2
1281,O=C(CCCO/N=C1C(=C2/C(=O)Nc3ccccc32)/Nc2ccccc2/1)NO
1281,O=C(CCCON=C1C(=C2C(=O)Nc3ccccc32)Nc2ccccc21)NO
1282,COc1cc(C2CCNCC2)ccc1Nc1ncc(Cl)c(Nc2ccccc2NS(C)(=O)=O)n1
1283,CCC(=O)Nc1ccc(CN2C(=O)N(c3cc(OC)cc(OC)c3)Cc3cnc(Nc4ccccc4)nc32)cc1
1284,CC(C)(C)c1ccc(S(=O)(=O)Nc2ccc(Cl)cc2C(=O)c2cc[n+]([O-])cc2)cc1
1285,COc1cc(OCc2cccc(-c3ccccc3)c2C)cc(OC)c1CNCCN
1286,Cc1nc(N2CCC3(CC2)CO[C@@H](C)[C@H]3N)c(CO)nc1-c1cccc(Cl)c1Cl
1286,Cc1nc(N2CCC3(CC2)COC(C)C3N)c(CO)nc1-c1cccc(Cl)c1Cl
1287,COCCNC(=O)c1ccc(-c2nc(CNc3nccc(NCC(C)C)n3)cs2)cc1
1288,Cc1c(N2CCC3(CCNCC3)C2C)ccc(C#N)c1Cl
1289,C[C@H]1CC2(CCN(c3ccc(C(=O)N4CCN(C)CC4)cc3)CC2)CN1c1ccc(C#N)c(Cl)c1
1289,CC1CC2(CCN(c3ccc(C(=O)N4CCN(C)CC4)cc3)CC2)CN1c1ccc(C#N)c(Cl)c1
1290,N#CC[C@H](C1CCCC1)n1cc(-c2ncnc3[nH]ccc23)cn1
1290,N#CCC(C1CCCC1)n1cc(-c2ncnc3[nH]ccc23)cn1
1291,COc1cc(OC)cc(-c2cn(C)c(=O)c3cnccc23)c1
1292,CCCCn1cc(-c2cc(F)c(O)c(F)c2)c2ccncc2c1=O
1293,Nc1nnc(-c2ccccc2O)cc1N1CC2CCC(C1)N2
1294,Nc1nnc(-c2ccccc2O)cc1N1CCC(C=O)(c2ccccc2)CC1
1295,CCN(C)S(=O)(=O)Nc1ccc(F)c(C(=O)c2c[nH]c3ncc(-c4cncnc4)cc23)c1F
1296,Cc1ccc(C(=O)Nc2ccc(CN3CCN(C)CC3)c(C(F)(F)F)c2)cc1C#Cc1cnc2[nH]ncc2c1
1297,O=Cc1csc(Nc2ccc(Cl)cc2)n1
1298,O=Cc1cccc(SCc2cn(-c3cccc(C(=O)NO)c3)nn2)c1
1299,CC1(C)CCC(c2ccc(Cl)cc2)=C(CN2CCN(c3ccc(C(=O)NS(=O)(=O)c4ccc(N[C@H](CCN5CCOCC5)CSc5ccccc5)c(S(=O)(=O)C(F)(F)F)c4)cc3)CC2)C1
1299,CC1(C)CCC(c2ccc(Cl)cc2)=C(CN2CCN(c3ccc(C(=O)NS(=O)(=O)c4ccc(NC(CCN5CCOCC5)CSc5ccccc5)c(S(=O)(=O)C(F)(F)F)c4)cc3)CC2)C1
1300,CNc1ccc([N+](=O)[O-])c(Nc2ccc3[nH]ncc3c2)n1
1301,CN(C)CCC(CSc1ccccc1)Nc1ccc(S(=O)(=O)NC(=O)c2ccc(N3CCN(CC4=C(c5ccc(Cl)cc5)CCC(C)(C)C4)CC3)cc2)cc1S(=O)(=O)C(F)(F)F
1302,CNCCC(CSc1ccccc1)Nc1ccc(S(=O)(=O)NC(=O)c2ccc(N3CCN(CC4=C(c5ccc(Cl)cc5)CCC(C)(C)C4)CC3)cc2)cc1S(=O)(=O)C(F)(F)F
1303,CCC1C(COc2nccc3cc(C(N)=O)c(OC)cc23)NC(=O)C1F
1304,CCC1C(=O)N(C)c2cnc(Nc3ccc(C=O)cc3OC)nc2N1C1CCCC1
1305,CCC(C)(C)C(=O)C(=O)N1CCCCC1C(=O)OC(CCc1ccc(OC)c(OC)c1)c1cccc(N)c1
1306,COc1ccc(C=NNC(=O)CCCCCCC(=O)NO)cc1
1307,NC(=O)c1c(-c2ccc(Oc3ccc(F)cc3F)cc2)nn(C2CCCNC2)c1N
1308,C=CC(=O)NC(CCC=O)C(=O)Nc1cccc(Nc2ncc(NC(=O)c3cc(NC(=O)c4cccc(C)c4)ccc3C)cn2)c1
1309,Nc1ncnc2c1c(-c1ccc(Oc3ccccc3)cc1)nn2C1CCCN(CC=O)C1
1310,COc1ccc(Cl)c(S(=O)(=O)Nc2ccc(-c3nc(OCC4CNCCO4)c4c(C)n[nH]c4n3)cc2)c1
1311,CCC(=C(c1ccc(O)cc1)c1ccc(OCCN(C)CC)cc1)c1ccccc1
1312,COc1cc(OC)c(C=CS(=O)(=O)Cc2ccc(OC)c(CC=O)c2)c(OC)c1
1313,NC(=O)CCC(NC(=O)C1CCC2CCNCC(NC(=O)c3cc4cc(C(F)(F)P(=O)(O)O)ccc4[nH]3)C(=O)N21)C(=O)NC(c1ccccc1)c1ccccc1
1314,NC(=O)CCC(NC(=O)C1CCC2CCNCC(NC(=O)c3cc4cc(C(F)(F)P(=O)(O)O)ccc4[nH]3)C(=O)N21)C(=O)NCc1ccccc1
1315,NC(=O)CCC(NC(=O)C1CCC2CCNCC(NC(=O)c3cc4cc(OP(=O)(O)O)ccc4[nH]3)C(=O)N21)C(=O)NC(c1ccccc1)c1ccccc1
1316,CC(=CC(=O)NC1CNCCC2CCC(C(=O)NC(CCC(N)=O)C(=O)NC(c3ccccc3)c3ccccc3)N2C1=O)c1ccc(C(F)(F)P(=O)(O)O)cc1
1317,CC1(C)C(NC(=O)c2ccc(C=O)cc2)C(C)(C)C1Oc1ccc(C#N)c(Cl)c1
1318,CCC(=C(c1ccc(O)cc1)c1ccc(OCCN(C)C)cc1)c1ccccc1
1319,CCNc1nonc1C(=NO)Nc1ccc(F)c(Br)c1
1320,CCC(C)(C)C(=O)C(=O)N1CCCCC1C(=O)OC(CCc1ccc(OC)c(OC)c1)c1ccccc1
1321,C=C(F)C(=O)N1CCN(c2nc(OCC3CCCN3CCC=O)nc3c2CCN(c2cccc4cccc(Cl)c24)C3)CC1CC#N
1322,COc1ccc2nc(N=Nc3ccc(N(C)C)cc3)sc2c1
1323,CC(C)(C)c1cc(C(=O)C=Cc2ccc(C(=O)O)cc2)cc(C(C)(C)C)c1
1324,CC12CCC3C(CCC4CC(=O)CCC43C)C1CCC2O
1325,Nc1nc2c(ncn2C2OC(CO[PH](=O)[O-])C(O)C2O)c(=O)[nH]1
1326,Nc1nc2c(c(=O)[nH]1)[n+](Cc1ccccc1)cn2C1OC(COS(N)(=O)=O)C(O)C1O
1327,Nc1nc2c(c(=O)[nH]1)[n+](Cc1ccc(F)cc1)cn2C1OC(COP(=O)(O)O)C(O)C1O
1328,Nc1nc2c(ncn2C2OC(COP(=O)(O)O)C(O)C2O)c(=O)[nH]1
1329,CC=CCC(C)C(O)C1C(=O)NC(CC)C(=O)N(C)CC(=O)N(C)C(CC(C)C)C(=O)NC(C(C)C)C(=O)N(C)C(CC(C)C)C(=O)NC(C)C(=O)NC(C)C(=O)N(C)C(CC(C)C)C(=O)N(C)C(CC(C)C)C(=O)N(C)C(C(C)C)C(=O)N1C
1330,COc1cc(OC)c(C=CS(=O)(=O)Cc2ccc(OC)c(NCC=O)c2)c(OC)c1
1331,Nc1nc2c(c(=O)[nH]1)[n+](Cc1ccccc1)cn2C1OC(CO[PH](=O)O)C(O)C1O
1332,O=Cc1ccc(C(=O)c2c(-c3ccc(O)cc3)sc3cc(O)ccc23)cc1
1333,CC1(c2nc3c(C(N)=O)cccc3[nH]2)CCCN1
1334,CCC(C)C(C(CC(=O)N1CCCC1C(OC)C(C)C(=O)NC(C)C(O)c1ccccc1)OC)N(C)C(=O)C(NC(=O)C(NC)C(C)C)C(C)C
1335,NC(Cc1ccccc1)C(=O)N1CC(=Cc2ccc(Cl)c(Cl)c2)C(=O)C(=Cc2ccc(Cl)c(Cl)c2)C1
1336,C=CC(=O)NC(CCC=O)C(=O)Nc1cccc(Nc2ncc(NC(=O)c3cc(NC(=O)c4cccc(C(F)(F)F)c4)ccc3C)cn2)c1
1337,CC1(C)C(NC(=O)c2ccccc2)C(C)(C)C1Oc1ccc(C#N)c(Cl)c1
1338,O=C1C(=CC=Cc2ccc([N+](=O)[O-])cc2)c2ccccc2N1Cc1ccccc1
1339,CC(C)c1ccn2ncnc(NC3CCC(N4CCNCC4)CC3)c12
1340,COC(=O)C1=CCC23CCC(C(C)(C=CC=C(C)C=O)OC2=O)C3(OC(C)=O)CC1
1341,CC12CC(N)CC1(C)CC(Oc1ccc(C#N)c(Cl)c1)C2
1342,CCCNc1nc(Nc2ccc(C#N)cc2)ncc1C#CCCCNC(=O)C(C)N(C)C(=O)C(C#N)=CC(C)(C)N(C)C
1343,CC1Cc2c([nH]c3ccccc23)C(c2c(F)cccc2F)N1CC(C)(C)F
1344,CC(C)S(=O)(=O)c1ccccc1Nc1nc(NC2CCCNC2)ncc1Cl
1345,CC1(CN)CCC(c2ccc(Cl)cc2)=C(CN2CCN(c3ccc(C(=O)NS(=O)(=O)c4ccc(NC(CCN5CCOCC5)CSc5ccccc5)c(S(=O)(=O)C(F)(F)F)c4)cc3)CC2)C1
1346,CCC(CO)Nc1cc(NCc2ccc(N)cc2)n2ncc(C(C)C)c2n1
1347,N#Cc1ccc(OC2CCC(NC(=O)c3ccccc3)C2)cc1Cl
1348,N#Cc1ccc(OC2CCCC(NC(=O)c3ccccc3)CCC2)cc1Cl
1349,CN(c1ccc(C#N)c(Cl)c1)C1CCC(NC(=O)c2ccccc2)CC1
1350,CCCN(c1ccc(C#N)c(Cl)c1)C1CCC(NC(=O)c2ccccc2)CC1
1351,COc1cc(N2CCN(CC=O)CC2)c(NC(=O)C(C#N)=CC2CC2)cc1Nc1nccc(-c2cn(C)c3ccccc23)n1
1352,C=CC(=O)N1CCC(n2c(Nc3ccccc3)nc3cnc(Nc4ccc(N5CCN(C)CC5)cc4)nc32)C1
1353,C=CC(=O)N1CCCC(n2c(Nc3ccccc3)nc3cnc(Nc4ccc(N5CCN(CC=O)CC5)cc4)nc32)C1
1354,O=CCc1sc(NN=C(Cc2ccccc2[N+](=O)[O-])C(=O)O)nc1-c1ccc(Cl)c(Cl)c1
1355,NC(C=O)Cc1ccc(O)c(O)c1
1356,CCC1c2nnc(C)n2-c2cnc(Nc3ccc(C(=O)NC4CCN(C)CC4)cc3OC)nc2N1CC1CCCCC1
1357,O=CNC1CCC(Nc2ncnc3[nH]cc(C(=O)c4ccc(Oc5ccccc5)cc4Cl)c23)CC1
1358,NC(=O)CCC(NC(=O)C1CCC2CCNCC(NC(=O)c3cc4cc(C(=O)P(=O)(O)O)ccc4[nH]3)C(=O)N21)C(=O)NC(c1ccccc1)c1ccccc1
1359,COc1cc(Cl)c(-c2cc(Cl)ccc2Cl)cc1C(=O)N1CCN(C(=O)C=CC=O)CC1
1360,CC1CC2(CCNCC2)CN1c1ccc(C#N)c(Cl)c1
1361,CC1CC2(CCN(c3ccc(C(=O)N4CCN(C)CC4)cc3)CC2)CN1c1ccc(C#N)c(Cl)c1
1362,CC1(C)CCC(c2ccc(Cl)cc2)=C(CN2CCN(c3ccc(C(=O)NS(=O)(=O)c4ccc(NC(CCN5CCOCC5)CSc5ccccc5)c(S(=O)(=O)C(F)(F)F)c4)cc3)CC2)C1
1363,N#Cc1ccc(OC2CCC(NC(=O)c3cccnn3)CC2)cc1Cl
1364,COc1cc(-c2cnc3cccc(-c4cc(F)c(CN5CCS(=O)(=O)CC5)c(F)c4)c3n2)ccc1OCCCN1CCNCC1
1365,CN(C)C1CCN(c2ccc(Nc3cc4cnc(Nc5ccc(F)cc5)nc4cn3)nc2)CC1
1366,Cc1ccc(C(=O)N[C@H]2C(C)(C)[C@H](Oc3ccc(C#N)c(Cl)c3)C2(C)C)cc1
1366,Cc1ccc(C(=O)NC2C(C)(C)C(Oc3ccc(C#N)c(Cl)c3)C2(C)C)cc1
1367,CC1(C)C(=O)N(c2ccc(C#N)c(C(F)(F)F)c2)C(=S)N1c1ccccc1
1368,C=CC(=O)N1C[C@H](n2nc(-c3ccc(Oc4ccccc4)cc3)c3c(N)ncnc32)C[C@H]1C=O
1368,C=CC(=O)N1CC(n2nc(-c3ccc(Oc4ccccc4)cc3)c3c(N)ncnc32)CC1C=O
1369,C=CC(=O)N[C@H](CCC=O)C(=O)Nc1cccc(Nc2ncc(NC(=O)c3cc(NC(=O)c4cccc(C)c4)ccc3C)cn2)c1
1369,C=CC(=O)NC(CCC=O)C(=O)Nc1cccc(Nc2ncc(NC(=O)c3cc(NC(=O)c4cccc(C)c4)ccc3C)cn2)c1
1370,COc1cc(OC)cc(-c2cn(C)c(=O)c3cnccc23)c1
1371,O=Cc1ccc(NC(=O)[C@@H]2NC3(CCCCC3)[C@@]3(C(=O)Nc4cc(Cl)ccc43)[C@H]2c2cccc(Cl)c2F)cc1
1371,O=Cc1ccc(NC(=O)C2NC3(CCCCC3)C3(C(=O)Nc4cc(Cl)ccc43)C2c2cccc(Cl)c2F)cc1
1372,Cc1sc2c(c1C)C(c1ccc(Cl)cc1)=N[C@@H](CC=O)c1nnc(C)n1-2
1372,Cc1sc2c(c1C)C(c1ccc(Cl)cc1)=NC(CC=O)c1nnc(C)n1-2
1373,CCC(C)(C)C(=O)C(=O)N1CCCC[C@H]1C(=O)O[C@H](CCc1ccc(OC)c(OC)c1)c1ccccc1
1373,CCC(C)(C)C(=O)C(=O)N1CCCCC1C(=O)OC(CCc1ccc(OC)c(OC)c1)c1ccccc1
1374,Cc1ccc(NC(=O)c2ccc(CN)cc2)cc1Nc1nccc(-c2cccnc2)n1
1375,O=Cc1ccc(C(=O)c2c(-c3ccc(O)cc3)sc3cc(O)ccc23)cc1
1376,CC/C(=C(\c1ccc(O)cc1)c1ccc(OCCNC)cc1)c1ccccc1
1376,CCC(=C(c1ccc(O)cc1)c1ccc(OCCNC)cc1)c1ccccc1
1377,Oc1ccc2c(c1)CC[C@H](c1ccccc1)[C@@H]2c1ccccc1
1377,Oc1ccc2c(c1)CCC(c1ccccc1)C2c1ccccc1
1378,NO
1379,C=CC(=O)N1C[C@@H](n2nc(-c3ccc(Oc4ccccc4)cc3)c3c(N)ncnc32)C[C@H]1C=O
1379,C=CC(=O)N1CC(n2nc(-c3ccc(Oc4ccccc4)cc3)c3c(N)ncnc32)CC1C=O
1380,C[C@@H]1Cc2c([nH]c3ccccc23)[C@@H](c2c(F)cccc2F)N1CC(C)(C)F
1380,CC1Cc2c([nH]c3ccccc23)C(c2c(F)cccc2F)N1CC(C)(C)F
1381,CC(O)(COc1ccc(O)cc1)C(=O)Nc1ccc(C#N)c(C(F)(F)F)c1
1382,CC1(C)C(=O)N(c2ccc(C#N)c(C(F)(F)F)c2)C(=S)N1c1ccc(O)cc1
1383,COC(=O)C1=CC[C@@]23CC[C@H]([C@@](C)(/C=C/C=C(\C)C=O)OC2=O)[C@@]3(OC(C)=O)CC1
1383,COC(=O)C1=CCC23CCC(C(C)(C=CC=C(C)C=O)OC2=O)C3(OC(C)=O)CC1
1384,C[C@@H]1C[C@@H](O)c2ncnc(N3CCN(C(=O)[C@H](CN)c4ccc(Cl)cc4)CC3)c21
1384,CC1CC(O)c2ncnc(N3CCN(C(=O)C(CN)c4ccc(Cl)cc4)CC3)c21
1385,CCc1ccc2c(c1)C(=O)c1c([nH]c3cc(C#N)ccc13)C2(C)C
1386,CC(C)c1cnn2c(NCc3ccc(N)cc3)nc(OC3CCN(C)CC3)nc12
1387,COc1ccc(-c2ocnc2C=O)cc1Cl
1388,Nc1nc(N)n(-c2cc3c(nn2)-c2ccccc2CCC3)n1
1389,COCCNC(=O)c1ccc(-c2nc(CNc3nccc(NCC(C)C)n3)cs2)cc1
1390,Nc1ccccc1N
1391,CC1CC(O)c2ncnc(C3CCN(C(=O)C(C)c4ccc(Cl)cc4)CC3)c21
1392,CC1(C)C(NC(=O)c2ccccc2)C(C)(C)C1Oc1ccc(C#N)c(Cl)c1
1393,C=CC(=O)N1CC(n2nc(-c3ccc(Oc4ccccc4)cc3)c3c(N)ncnc32)CC1C=O
1394,NC(=O)CCC(NC(=O)C1CCC2CCNCC(NC(=O)c3cc4cc(C(F)(F)P(=O)(O)O)ccc4[nH]3)C(=O)N21)C(=O)NC(c1ccccc1)c1ccccc1
1395,CCNc1nonc1C(=NO)Nc1ccc(F)c(Br)c1
1396,CC1CC(O)c2ncnc(N3CCN(C(=O)C(CN)c4ccc(Cl)cc4)CC3)c21
1397,CC12CCC3c4ccc(O)cc4CCC3C1CCC2O
1398,C=CC(=O)NC(CCC=O)C(=O)Nc1cccc(Nc2ncc(NC(=O)c3cc(NC(=O)c4cccc(C(F)(F)F)c4)ccc3C)cn2)c1
1399,COC(=O)C1=CCC23CCC(C(C)(C=CC=C(C)C=O)OC2=O)C3(OC(C)=O)CC1
1400,CCN(C)S(=O)(=O)Nc1ccc(F)c(C(=O)c2c[nH]c3ncc(-c4ccccc4)cc23)c1F
1401,CN(C)CC[C@H](CSc1ccccc1)Nc1ccc(S(=O)(=O)NC(=O)c2ccc(N3CCN(CC4=C(c5ccc(Cl)cc5)CCC(C)(C)C4)CC3)cc2)cc1S(=O)(=O)C(F)(F)F
1401,CN(C)CCC(CSc1ccccc1)Nc1ccc(S(=O)(=O)NC(=O)c2ccc(N3CCN(CC4=C(c5ccc(Cl)cc5)CCC(C)(C)C4)CC3)cc2)cc1S(=O)(=O)C(F)(F)F
1402,CC1(C)CCC(c2ccc(Cl)cc2)=C(CN2CCN(c3ccc(C(=O)NS(=O)(=O)c4ccc(N[C@@H](CCN5CCN(C=O)CC5)CSc5ccccc5)c(S(=O)(=O)C(F)(F)F)c4)cc3)CC2)C1
1402,CC1(C)CCC(c2ccc(Cl)cc2)=C(CN2CCN(c3ccc(C(=O)NS(=O)(=O)c4ccc(NC(CCN5CCN(C=O)CC5)CSc5ccccc5)c(S(=O)(=O)C(F)(F)F)c4)cc3)CC2)C1
1403,CN(C)CC[C@@H](CSc1ccccc1)Nc1ccc(S(=O)(=O)NC(=O)c2ccc(N3CCN(CC4=C(c5ccc(Cl)cc5)CCC(C)(C)C4)CC3)cc2)cc1S(=O)(=O)C(F)(F)F
1403,CN(C)CCC(CSc1ccccc1)Nc1ccc(S(=O)(=O)NC(=O)c2ccc(N3CCN(CC4=C(c5ccc(Cl)cc5)CCC(C)(C)C4)CC3)cc2)cc1S(=O)(=O)C(F)(F)F
1404,COc1cc2c(OC[C@@H]3CCC(=O)N3)nccc2cc1C(N)=O
1404,COc1cc2c(OCC3CCC(=O)N3)nccc2cc1C(N)=O
1405,COc1cc(/C=C2\SC(=O)N(C)C2=O)ccc1Oc1ccc(C#N)cc1C(F)(F)F
1405,COc1cc(C=C2SC(=O)N(C)C2=O)ccc1Oc1ccc(C#N)cc1C(F)(F)F
1406,CCn1nc(C2CC2)cc1Nc1nc(C=O)nc2[nH]c3cc(-c4c(C)noc4C)c(OC)cc3c12
1407,Cn1cc(Nc2ncc(Cl)c(NCc3cc(F)ccc3F)n2)cn1
1408,COc1cc(-c2cnc3cccc(-c4cc(F)c(CN5CCS(=O)(=O)CC5)c(F)c4)c3n2)ccc1OCCCN1CCNCC1
1409,CN(C)C1CCN(c2ccc(Nc3cc4cnc(Nc5ccc(F)cc5)nc4cn3)nc2)CC1
1410,CCOc1ccc2c(c1)sc1nc(-c3ccc(NC(=O)Nc4cc(C(C)(C)C)on4)cc3)cn12
1411,CN(CCCNc1nc(Nc2ccccc2)ncc1Br)C(=O)C1CCC1
1412,CN(CCCNc1nc(Nc2ccccc2)ncc1F)C(=O)C1CCC1
1413,CN(CCCNc1nc(Nc2ccccc2)ncc1I)C(=O)C1CCC1
1414,Cc1cnc(Nc2ccccc2)nc1NCCCN(C)C(=O)C1CCC1
1415,CN(CCCNc1nc(Nc2ccccc2)ncc1C1CCC1)C(=O)C1CCC1
1416,CN(CCCNc1nc(Nc2ccccc2)ncc1C1CC1)C(=O)C1CCC1
1417,COc1ccc(CC(=O)Nc2cc(C3CCC3)[nH]n2)cc1
1418,COc1cc(C=C2SC(=O)N(C)C2=O)ccc1Oc1ccc(C#N)cc1C(F)(F)F
1419,Cc1sc2c(c1C)C(c1ccc(Cl)cc1)=N[C@@H](CC=O)c1nnc(C)n1-2
1419,Cc1sc2c(c1C)C(c1ccc(Cl)cc1)=NC(CC=O)c1nnc(C)n1-2
1420,Cc1ccc(NC(=O)c2ccc(CN3CCN(C)CC3)cc2)cc1Nc1nccc(-c2cccnc2)n1
1421,COc1cc(-c2cn(C)c(=O)c3cnccc23)cc(OC)c1CN(C)CC=O
1422,Nc1nnc(-c2ccccc2O)cc1N1CCNCC1
1423,O=C(Nc1ccc(CN2CCNCC2)cc1)c1n[nH]cc1Nc1ncnc2[nH]ccc12
1424,CCNCCOc1ccc(C(=O)c2c(-c3ccc(O)cc3)sc3cc(O)ccc23)cc1
1425,CCCCN(Cc1ccc(C(=O)NO)cc1)C(=O)Nc1ccccc1
1426,CC(O)(COc1ccc(N)cc1)C(=O)Nc1ccc([N+](=O)[O-])c(C(F)(F)F)c1
1427,CC(=O)c1c(C)c2cnc(Nc3ccc(N4CCNCC4)cn3)nc2n(C2CCCC2)c1=O
1428,COc1ccc(/C=N/NC(=O)CCCCCCC(=O)NO)cc1
1428,COc1ccc(C=NNC(=O)CCCCCCC(=O)NO)cc1
1429,CC1(C)C(=O)N(c2ccc(C#N)c(C(F)(F)F)c2)C(=S)N1c1ccc(O)cc1
1430,CN1C[C@H](Nc2cnn(C)c(=O)c2Br)C[C@H](c2ccc(C=O)cc2)C1
1430,CN1CC(Nc2cnn(C)c(=O)c2Br)CC(c2ccc(C=O)cc2)C1
1431,Cc1nc(CCC=O)ccc1-c1cnc(NCc2c(F)ccc3c2CCO3)n2cnnc12
1432,NC(=O)c1c(-c2ccc(Oc3ccc(F)cc3F)cc2)nn([C@H]2CCCNC2)c1N
1432,NC(=O)c1c(-c2ccc(Oc3ccc(F)cc3F)cc2)nn(C2CCCNC2)c1N
1433,C=CC(=O)N1C[C@H](n2nc(-c3ccc(Oc4ccccc4)cc3)c3c(N)ncnc32)C[C@H]1C=O
1433,C=CC(=O)N1CC(n2nc(-c3ccc(Oc4ccccc4)cc3)c3c(N)ncnc32)CC1C=O
1434,C=CC(=O)N1C[C@@H](n2nc(-c3ccc(Oc4ccccc4)cc3)c3c(N)ncnc32)C[C@H]1C=O
1434,C=CC(=O)N1CC(n2nc(-c3ccc(Oc4ccccc4)cc3)c3c(N)ncnc32)CC1C=O
1435,CN(C)C(=O)c1cc2cnc(Nc3ccc(N4CCNCC4)cn3)nc2n1C1CCCC1
1436,NC(=O)c1cccc2cn(-c3ccccc3)nc12
1437,Cc1ccc(N2C(=S)N(c3cnc(C#N)c(C(F)(F)F)c3)C(=O)C23CCC3)cc1
1438,O=C(NCCO)c1cccc(-c2cc(Nc3ccc(OC(F)(F)F)cc3)ncn2)c1
1439,COc1c(O)cc(O)c2c(=O)cc(-c3ccccc3)oc12
1440,COc1ccc(Cl)c(S(=O)(=O)Nc2ccc(-c3nc(OC[C@H]4CNCCO4)c4c(C)n[nH]c4n3)cc2)c1
1440,COc1ccc(Cl)c(S(=O)(=O)Nc2ccc(-c3nc(OCC4CNCCO4)c4c(C)n[nH]c4n3)cc2)c1
1441,COc1cc(/C=C(\C#N)C=O)ccc1OCc1ccc(C(F)(F)F)cc1C(F)(F)F
1441,COc1cc(C=C(C#N)C=O)ccc1OCc1ccc(C(F)(F)F)cc1C(F)(F)F
1442,CCNCCOc1ccc(Cn2c(-c3ccc(O)cc3)c(C)c3cc(O)ccc32)cc1
1443,CC(=O)c1c(C)c2cnc(Nc3ccc(N4CCN(C=O)CC4)cn3)nc2n(C2CCCC2)c1=O
1444,COc1cc(N2CCNCC2)ccc1Nc1ncc(Cl)c(Nc2ccccc2P(C)(C)=O)n1
1445,COc1cc(N2CCC(N3CCNCC3)CC2)ccc1Nc1ncc(Cl)c(Nc2ccccc2P(C)(C)=O)n1
1446,C=CC(=O)N1CCC[C@@H](n2nc(-c3ccc(Oc4ccccc4)cc3)c3c(N)ncnc32)C1
1446,C=CC(=O)N1CCCC(n2nc(-c3ccc(Oc4ccccc4)cc3)c3c(N)ncnc32)C1
1447,O=Cc1ccc2c(c1)C(=O)N(C1CCC(=O)NC1=O)C2=O
1448,NC(=O)CC[C@H](NC(=O)[C@@H]1CC[C@@H]2CCN(C=O)C[C@H](NC(=O)c3cc4cc(C(F)(F)P(=O)(O)O)ccc4[nH]3)C(=O)N21)C(=O)NC(c1ccccc1)c1ccccc1
1448,NC(=O)CCC(NC(=O)C1CCC2CCN(C=O)CC(NC(=O)c3cc4cc(C(F)(F)P(=O)(O)O)ccc4[nH]3)C(=O)N21)C(=O)NC(c1ccccc1)c1ccccc1
1449,CNC(=O)[C@H](CCC(N)=O)NC(=O)[C@@H]1CC[C@@H]2CCNC[C@H](NC(=O)c3cc4cc(C(F)(F)P(=O)(O)O)ccc4[nH]3)C(=O)N21
1449,CNC(=O)C(CCC(N)=O)NC(=O)C1CCC2CCNCC(NC(=O)c3cc4cc(C(F)(F)P(=O)(O)O)ccc4[nH]3)C(=O)N21
1450,NC(=O)CC[C@H](NC(=O)[C@@H]1CC[C@@H]2CCNC[C@H](NC(=O)c3cc4cc(CP(=O)(O)O)ccc4[nH]3)C(=O)N21)C(=O)NC(c1ccccc1)c1ccccc1
1450,NC(=O)CCC(NC(=O)C1CCC2CCNCC(NC(=O)c3cc4cc(CP(=O)(O)O)ccc4[nH]3)C(=O)N21)C(=O)NC(c1ccccc1)c1ccccc1
1451,O=Cc1ccc(NC(=O)[C@@H]2NC3(CCCCC3)[C@@]3(C(=O)Nc4cc(Cl)ccc43)[C@H]2c2cccc(Cl)c2F)cc1
1451,O=Cc1ccc(NC(=O)C2NC3(CCCCC3)C3(C(=O)Nc4cc(Cl)ccc43)C2c2cccc(Cl)c2F)cc1
1452,Cc1ccc(S(=O)CC(C)(O)C(=O)Nc2ccc(C#N)c(C(F)(F)F)c2)cc1
1453,CC1(C)[C@H](NC(=O)c2ccc(C=O)cc2)C(C)(C)[C@H]1Oc1ccc(C#N)c(Cl)c1
1453,CC1(C)C(NC(=O)c2ccc(C=O)cc2)C(C)(C)C1Oc1ccc(C#N)c(Cl)c1
1454,COc1ccccc1S(=O)(=O)Nc1ccc2c3c(cccc13)C(=O)N2C
1455,Cc1cc(NS(=O)(=O)c2ccccc2)c(Nc2ccc(I)cc2F)n(C)c1=O
1456,C=CC(=O)N1CCC[C@H](n2nc(-c3ccc(Oc4ccccc4)cc3)c3c(N)ncnc32)C1
1456,C=CC(=O)N1CCCC(n2nc(-c3ccc(Oc4ccccc4)cc3)c3c(N)ncnc32)C1
1457,CC1(C)CCC(c2ccc(Cl)cc2)=C(CN2CCN(c3ccc(C(=O)NS(=O)(=O)c4ccc(NC(CCN5CCNCC5)CSc5ccccc5)c(S(=O)(=O)C(F)(F)F)c4)cc3)CC2)C1
1458,Oc1ccc(Nc2nccc(Nc3cc4ccccc4cn3)n2)cc1
1459,CC/C(=C(\c1ccc(O)cc1)c1ccc(OCCN(C)C)cc1)c1ccccc1
1459,CCC(=C(c1ccc(O)cc1)c1ccc(OCCN(C)C)cc1)c1ccccc1
1460,NC(=O)c1cc2c(=O)n(CC=O)c(=O)n(C3CC3)c2nc1N
1461,CCNc1nonc1/C(=N/O)Nc1ccc(F)c(Br)c1
1461,CCNc1nonc1C(=NO)Nc1ccc(F)c(Br)c1
1462,Nc1ccc(C(=O)Nc2ccccc2N)cc1
1463,Cc1ncsc1-c1ccc(CNC(=O)[C@H]2C[C@H](O)CN2C(=O)[C@H](NC(=O)COCCOCCOCCO)C(C)(C)C)cc1
1463,Cc1ncsc1-c1ccc(CNC(=O)C2CC(O)CN2C(=O)C(NC(=O)COCCOCCOCCO)C(C)(C)C)cc1
1464,Cc1ncsc1-c1ccc(CNC(=O)[C@H]2C[C@H](O)CN2C(=O)[C@H](NC(=O)COCCOCCOCCOCCOCCO)C(C)(C)C)cc1
1464,Cc1ncsc1-c1ccc(CNC(=O)C2CC(O)CN2C(=O)C(NC(=O)COCCOCCOCCOCCOCCO)C(C)(C)C)cc1
1465,O=Cc1ccc2c(c1)nc(Nc1cccc(Cl)c1)c1ccncc12
1466,CCC(C)(C)C(=O)C(=O)N1CCCC[C@H]1C(=O)O[C@H](CCc1ccc(OC)c(OC)c1)c1ccccc1
1466,CCC(C)(C)C(=O)C(=O)N1CCCCC1C(=O)OC(CCc1ccc(OC)c(OC)c1)c1ccccc1
1467,C=CC(=O)Nc1cc(Nc2nccc(-c3cn(C)c4ccccc34)n2)c(OC)cc1N(C)CCN(C)C
1468,C=C(F)C(=O)N1CCN(c2nc(OC[C@@H]3CCCN3C)nc3c2CCN(c2cccc4cccc(Cl)c24)C3)C[C@@H]1CC#N
1468,C=C(F)C(=O)N1CCN(c2nc(OCC3CCCN3C)nc3c2CCN(c2cccc4cccc(Cl)c24)C3)CC1CC#N
1469,COc1ccc2nc(/N=N/c3ccc(N(C)C)cc3)sc2c1
1469,COc1ccc2nc(N=Nc3ccc(N(C)C)cc3)sc2c1
1470,CC(=O)c1c(C)c2cnc(N)nc2n(C2CCCC2)c1=O
1471,CN(c1nccnc1CNc1nc(Nc2ccc(C=O)cc2)ncc1C(F)(F)F)S(C)(=O)=O
1472,O=C(Nc1nccs1)C(c1cc(F)ccc1O)N1Cc2ccc(-c3ccc(N4CCNCC4)cc3)cc2C1=O
1473,O=CCN1CCN(c2ccc(-c3ccc4c(c3)C(=O)N(C(C(=O)Nc3nccs3)c3ccccc3)C4)cc2)CC1
1474,CC(C)(C)c1cc(C(=O)/C=C/c2ccc(C(=O)O)cc2)cc(C(C)(C)C)c1
1474,CC(C)(C)c1cc(C(=O)C=Cc2ccc(C(=O)O)cc2)cc(C(C)(C)C)c1
1475,CC/C(=C(\c1ccc(O)cc1)c1ccc(OCCNC)cc1)c1ccccc1
1475,CCC(=C(c1ccc(O)cc1)c1ccc(OCCNC)cc1)c1ccccc1
1476,CCS(=O)(=O)Nc1ccc(Oc2ccc(F)cc2F)c(-c2cn(C)c(=O)c3[nH]c(C=O)cc23)c1
1477,Nc1nc2c(c(=O)[nH]1)[n+](Cc1ccc(F)cc1)cn2[C@@H]1O[C@H](COS(N)(=O)=O)[C@@H](O)[C@H]1O
1477,Nc1nc2c(c(=O)[nH]1)[n+](Cc1ccc(F)cc1)cn2C1OC(COS(N)(=O)=O)C(O)C1O
1478,Nc1nc2c(ncn2[C@@H]2O[C@H](COS(N)(=O)=O)[C@@H](O)[C@H]2O)c(=O)[nH]1
1478,Nc1nc2c(ncn2C2OC(COS(N)(=O)=O)C(O)C2O)c(=O)[nH]1
1479,Nc1nc2c(c(=O)[nH]1)[n+](Cc1ccccc1)cn2[C@H]1O[C@@H](COP(=O)(O)O)[C@H](O)[C@@H]1O
1479,Nc1nc2c(c(=O)[nH]1)[n+](Cc1ccccc1)cn2C1OC(COP(=O)(O)O)C(O)C1O
1480,Nc1nc2c(c(=O)[nH]1)[n+](Cc1ccccc1)cn2[C@@H]1O[C@H](COP(=O)(O)O)[C@@H](O)[C@H]1O
1480,Nc1nc2c(c(=O)[nH]1)[n+](Cc1ccccc1)cn2C1OC(COP(=O)(O)O)C(O)C1O
1481,CCOc1cc(C(C)(C)C)ccc1C1=NC(c2ccc(Cl)cc2)C(c2ccc(Cl)cc2)N1C(=O)N1CCNCC1
1482,C=CCn1c(=O)c2cnc(Nc3ccc(N4CCN(C)CC4)cc3)nc2n1-c1cccc(C(C)(C)O)n1
1483,Cc1ccc(-n2nc3c(=O)n(CCCC=O)nc(C)c3c2C)cc1
1484,C/C=C/C[C@@H](C)[C@@H](O)[C@H]1C(=O)N[C@@H](CC)C(=O)N(C)CC(=O)N(C)[C@@H](CC(C)C)C(=O)N[C@@H](C(C)C)C(=O)N(C)[C@@H](CC(C)C)C(=O)N[C@@H](C)C(=O)N[C@H](C)C(=O)N(C)[C@@H](CC(C)C)C(=O)N(C)[C@@H](CC(C)C)C(=O)N(C)[C@@H](C(C)C)C(=O)N1C
1484,CC=CCC(C)C(O)C1C(=O)NC(CC)C(=O)N(C)CC(=O)N(C)C(CC(C)C)C(=O)NC(C(C)C)C(=O)N(C)C(CC(C)C)C(=O)NC(C)C(=O)NC(C)C(=O)N(C)C(CC(C)C)C(=O)N(C)C(CC(C)C)C(=O)N(C)C(C(C)C)C(=O)N1C
1485,CNc1cc(CS(=O)(=O)/C=C/c2c(OC)cc(OC)cc2OC)ccc1OC
1485,CNc1cc(CS(=O)(=O)C=Cc2c(OC)cc(OC)cc2OC)ccc1OC
1486,COc1cc(OC)c(/C=C/S(=O)(=O)Cc2ccc(OC)c(N)c2)c(OC)c1
1486,COc1cc(OC)c(C=CS(=O)(=O)Cc2ccc(OC)c(N)c2)c(OC)c1
1487,C[C@](O)(COc1ccc(N)cc1)C(=O)Nc1ccc([N+](=O)[O-])c(C(F)(F)F)c1
1487,CC(O)(COc1ccc(N)cc1)C(=O)Nc1ccc([N+](=O)[O-])c(C(F)(F)F)c1
1488,Cc1cc(NS(=O)(=O)c2ccc(CC=O)cc2)c(Nc2ccc(I)cc2F)n(C)c1=O
1489,O=C(NC1CCNCC1)c1[nH]ncc1NC(=O)c1c(Cl)cccc1Cl
1490,CC1(C)CCC(c2ccc(Cl)cc2)=C(CN2CCN(c3ccc(C(=O)NS(=O)(=O)c4ccc(N[C@H](CCN5CCN(C=O)CC5)CSc5ccccc5)c(S(=O)(=O)C(F)(F)F)c4)cc3)CC2)C1
1490,CC1(C)CCC(c2ccc(Cl)cc2)=C(CN2CCN(c3ccc(C(=O)NS(=O)(=O)c4ccc(NC(CCN5CCN(C=O)CC5)CSc5ccccc5)c(S(=O)(=O)C(F)(F)F)c4)cc3)CC2)C1
1491,Nc1nc2c(c(=O)[nH]1)[n+](Cc1ccccc1)cn2[C@@H]1O[C@H](CO[PH](=O)O)[C@@H](O)[C@H]1O
1491,Nc1nc2c(c(=O)[nH]1)[n+](Cc1ccccc1)cn2C1OC(CO[PH](=O)O)C(O)C1O
1492,Nc1nc2c(ncn2[C@@H]2O[C@H](COP(=O)(O)O)[C@@H](O)[C@H]2O)c(=O)[nH]1
1492,Nc1nc2c(ncn2C2OC(COP(=O)(O)O)C(O)C2O)c(=O)[nH]1
1493,C[C@@H]1C[C@@H](O)c2ncnc(N3CCN(C(=O)[C@H](C)c4ccc(Cl)cc4)CC3)c21
1493,CC1CC(O)c2ncnc(N3CCN(C(=O)C(C)c4ccc(Cl)cc4)CC3)c21
1494,COc1cc2ncnc(Nc3n[nH]c(C)c3C)c2cc1S(=O)(=O)C(C)(C)C
1495,O=Cc1cccc(-c2cc(Nc3ccc(OC(F)(F)F)cc3)ncn2)c1
1496,Cc1nn(-c2ccc(C#N)c(C(F)(F)F)c2)c(C)c1C
1497,Cc1nn(-c2ccc(C#N)cc2Cl)c(C)c1C
1498,CCCS(=O)(=O)Nc1ccc(F)c(-n2cc(-c3cncnc3)c3nc(N(C)C4CCNCC4)ccc32)c1F
1499,NCCS(=O)(=O)N1CCC(Nc2ncc(Br)c(Nc3cccc(F)c3C(N)=O)n2)CC1
1500,Cc1cc(S(N)(=O)=O)ccc1Nc1ncc(Br)c(Nc2cccc(F)c2C(N)=O)n1
1501,CN1CCN(c2ccc(Nc3cc(-c4cccc(-n5ccc6cc(C7CC7)cc(F)c6c5=O)c4CO)cn(C)c3=O)nc2)CC1
1502,C[C@]1(c2nc3c(C(N)=O)cccc3[nH]2)CCCN1
1502,CC1(c2nc3c(C(N)=O)cccc3[nH]2)CCCN1
1503,CC[C@H](C)[C@@H]([C@@H](CC(=O)N1CCC[C@H]1[C@H](OC)[C@@H](C)C(=O)N[C@H](C)[C@@H](O)c1ccccc1)OC)N(C)C(=O)[C@@H](NC(=O)[C@@H](NC)C(C)C)C(C)C
1503,CCC(C)C(C(CC(=O)N1CCCC1C(OC)C(C)C(=O)NC(C)C(O)c1ccccc1)OC)N(C)C(=O)C(NC(=O)C(NC)C(C)C)C(C)C
1504,N[C@@H](Cc1ccccc1)C(=O)N1C/C(=C\c2ccc(Cl)c(Cl)c2)C(=O)/C(=C/c2ccc(Cl)c(Cl)c2)C1
1504,NC(Cc1ccccc1)C(=O)N1CC(=Cc2ccc(Cl)c(Cl)c2)C(=O)C(=Cc2ccc(Cl)c(Cl)c2)C1
1505,CCC[C@H](NC(=O)[C@@H]1[C@H]2CCC[C@H]2CN1C(=O)[C@@H](NC(=O)[C@@H](NC(=O)c1cnc(C=O)cn1)C1CCCCC1)C(C)(C)C)C(=O)C(=O)NC1CC1
1505,CCCC(NC(=O)C1C2CCCC2CN1C(=O)C(NC(=O)C(NC(=O)c1cnc(C=O)cn1)C1CCCCC1)C(C)(C)C)C(=O)C(=O)NC1CC1
1506,CCC(=O)N1C[C@@H](n2nc(-c3ccc(Oc4ccccc4)cc3)c3c(N)ncnc32)C[C@H]1C=O
1506,CCC(=O)N1CC(n2nc(-c3ccc(Oc4ccccc4)cc3)c3c(N)ncnc32)CC1C=O
1507,Cc1nc2c(F)cc(-c3nc(Nc4ccc(CN5CCN(CCN)CC5)cn4)ncc3F)cc2n1C(C)C
1508,CC1(C)[C@H](NC(=O)c2ccccc2)C(C)(C)[C@H]1Oc1ccc(C#N)c(Cl)c1
1508,CC1(C)C(NC(=O)c2ccccc2)C(C)(C)C1Oc1ccc(C#N)c(Cl)c1
1509,O=Cc1ccc(-n2cc(NC(=O)c3coc(-c4ccnc(NCC5CC5)c4)n3)c(C(F)(F)F)n2)cc1
1510,NC(=O)c1nn(-c2ccccc2)cc1NC(=O)c1coc(-c2ccnc(NCC(F)(F)F)c2)n1
1511,COc1cc2nn(C3CCNCC3)cc2cc1NC(=O)c1cccc(C(F)(F)F)n1
1512,Cc1sc2c(c1C)C(c1ccc(Cl)cc1)=N[C@H](CC=O)c1nnc(C)n1-2
1512,Cc1sc2c(c1C)C(c1ccc(Cl)cc1)=NC(CC=O)c1nnc(C)n1-2
1513,CN1C(=O)N(c2ccc(C#N)c(C(F)(F)F)c2)C(=O)C1(C)c1ccc(O)cc1
1514,CNc1ccc(-c2nc3ccccc3s2)cc1
1515,CC1(C)C(=O)N(c2cnc(C#N)c(C(F)(F)F)c2)C(=S)N1c1ccc(O)cc1
1516,CC1(C)C(=O)N(c2ccc(C#N)c(Cl)c2)C(=S)N1c1ccc(O)cc1
1517,CC[C@H](C)n1cc(C)c2c(C(=O)NCc3c(C)cc(C)[nH]c3=O)cc(-c3ccc(N4CCNCC4)nc3)cc21
1517,CCC(C)n1cc(C)c2c(C(=O)NCc3c(C)cc(C)[nH]c3=O)cc(-c3ccc(N4CCNCC4)nc3)cc21
1518,CCNc1nonc1/C(=N\O)Nc1ccc(F)c(Br)c1
1518,CCNc1nonc1C(=NO)Nc1ccc(F)c(Br)c1
1519,CC1(N)CCN(c2cnc(-c3cccc(Cl)c3Cl)c(N)n2)CC1
1520,COC(=O)C1=CC[C@@]23CC[C@H]([C@@](C)(/C=C/C=C(\C)C=O)OC2=O)[C@@]3(OC(C)=O)CC1
1520,COC(=O)C1=CCC23CCC(C(C)(C=CC=C(C)C=O)OC2=O)C3(OC(C)=O)CC1
1521,N#Cc1ccc(O[C@H]2C[C@H]3CC[C@@H](C2)N3)cc1Cl
1521,N#Cc1ccc(OC2CC3CCC(C2)N3)cc1Cl
1522,COc1nc(-c2ccnc(NC(=O)C3CC3)c2)sc1C=O
1523,CN1CCN(c2ccc(Nc3ncc4nc(Nc5ccccc5)n(C5CCCC5)c4n3)cc2)CC1
1524,CCCS(=O)(=O)Nc1ccc(F)c(-n2cc(-c3cncnc3)c3nc(N(C)C4CCN(CC)CC4)ccc32)c1F
1525,Nc1nc(Nc2ccc(S(N)(=O)=O)cc2)nn1C(=O)c1c(F)cccc1F
1526,CCCNc1nc(Nc2ccc(C#N)cc2)ncc1C#CCCCNC(=O)[C@H](C)N(C)C(=O)/C=C/CN(C)C
1526,CCCNc1nc(Nc2ccc(C#N)cc2)ncc1C#CCCCNC(=O)C(C)N(C)C(=O)C=CCN(C)C
1527,N#Cc1cccc(-c2c[nH]c3ncnc(N4CCOC(CN)C4)c23)c1
1528,N#Cc1cccc(-c2c[nH]c3ncnc(N4CCOC(C=O)C4)c23)c1
1529,CCNc1nc(Nc2cc(F)c(C(=O)N3CCOC(CN)C3)cc2OC)ncc1C(F)(F)F
1530,Nc1ccc(NC(=O)CCCCCCC(=O)NO)cc1
1531,CS(=O)(=O)c1cccc(CNc2nc(Nc3ccc(C=O)cc3)ncc2C(F)(F)F)c1
1532,C[C@@H]1Cc2c([nH]c3ccccc23)[C@@H](c2cncnc2)N1CC(C)(C)F
1532,CC1Cc2c([nH]c3ccccc23)C(c2cncnc2)N1CC(C)(C)F
1533,Cc1[nH]nc(Nc2ccnc(Nc3ccc(CC#N)cc3)n2)c1C
1534,CNc1cc(Nc2cc(C3CC3)[nH]n2)nc(Nc2ccc(CC#N)cc2)n1
1535,CN1CCc2cc(Nc3ncc(C4CC4)c(NCCCNC(=O)C4CCC4)n3)ccc2C1
1536,Cc1ccc(NC(=O)c2cccc(C(C)(C)C#N)c2)cc1Nc1ccc2ncn(C)c(=O)c2c1
1537,COc1cc(N2CCN(C)CC2)ccc1Nc1ncc2c(n1)N(C)c1ccccc1C(=O)N2CC(F)(F)F
1538,NC1(c2ccc(-c3nc4ccn5c(=O)[nH]nc5c4cc3-c3ccccc3)cc2)CCC1
1539,Cn1ncc(Cl)c1-c1cc(C(=O)N[C@H](CN)Cc2cccc(F)c2)sc1Cl
1539,Cn1ncc(Cl)c1-c1cc(C(=O)NC(CN)Cc2cccc(F)c2)sc1Cl
1540,Cc1cnc(Nc2ccc(N3CCN(C)CC3)cc2)nc1Nc1cccc(S(=O)(=O)NC(C)(C)C)c1
1541,Cc1ccc(C(=O)Nc2ccc(CN3CCN(C)CC3)c(C(F)(F)F)c2)cc1C#Cc1cnc2cccnn12
1542,Cn1c(=O)c(-c2c(Cl)cccc2Cl)cc2cnc(Nc3ccc(OCCN)cc3)nc21
1543,CC(C)(C)c1cc(NC(=O)Nc2ccc(Oc3ccnc(C=O)c3)cc2F)n(-c2ccc3ncccc3c2)n1
1544,CC(C)(C)c1cnc(CSc2cnc(NC(=O)C3CCNCC3)s2)o1
1545,CCc1ccc2c(c1)C(=O)c1c([nH]c3cc(C#N)ccc13)C2(C)C
1546,CC(C)S(=O)(=O)c1ccccc1Nc1nc(N[C@@H]2CCCNC2)ncc1Cl
1546,CC(C)S(=O)(=O)c1ccccc1Nc1nc(NC2CCCNC2)ncc1Cl
1547,O=C(Cc1ccc(Cl)c(Cl)c1)NCc1cccc(-c2cn3c(n2)CCC3)c1
1548,Cc1n[nH]c(Nc2ncnc3cc(O)c(S(=O)(=O)C(C)(C)C)cc23)c1C
1549,C[C@]1(CN)CCC(c2ccc(Cl)cc2)=C(CN2CCN(c3ccc(C(=O)NS(=O)(=O)c4ccc(N[C@H](CCN5CCOCC5)CSc5ccccc5)c(S(=O)(=O)C(F)(F)F)c4)cc3)CC2)C1
1549,CC1(CN)CCC(c2ccc(Cl)cc2)=C(CN2CCN(c3ccc(C(=O)NS(=O)(=O)c4ccc(NC(CCN5CCOCC5)CSc5ccccc5)c(S(=O)(=O)C(F)(F)F)c4)cc3)CC2)C1
1550,COc1cc2ncnc(Nc3ccc(F)c(Cl)c3)c2cc1NC(=O)/C=C/CN1CCCCC1
1550,COc1cc2ncnc(Nc3ccc(F)c(Cl)c3)c2cc1NC(=O)C=CCN1CCCCC1
1551,CC(C)c1cnn2c(NCc3ccccc3)cc(NCCCCCCN)nc12
1552,CC(C)c1cnn2c(NCc3ccccc3N(C)C)nc(OC3CCN(C)CC3)nc12
1553,CC(C)c1cnn2c(NCc3ccc(N)cc3N(C)C)nc(OC3CCN(C)CC3)nc12
1554,CC(C)c1cnn2c(NCc3cccc(N)c3)nc(OC3CCN(C)CC3)nc12
1555,CC(C)c1cnn2c(NCc3ccc(NC=O)cc3)nc(OC3CCN(C)CC3)nc12
1556,N#Cc1ccc(O[C@H]2CC[C@H](NC(=O)c3ccccc3)C2)cc1Cl
1556,N#Cc1ccc(OC2CCC(NC(=O)c3ccccc3)C2)cc1Cl
1557,N#Cc1ccc(OC2CCN(C(=O)c3ccccc3)CC2)cc1Cl
1558,C[C@@H]1C[C@@H](O)c2ncnc(N3CCN(C(=O)[C@H](CN)c4ccc(Cl)cc4)CC3)c21
1558,CC1CC(O)c2ncnc(N3CCN(C(=O)C(CN)c4ccc(Cl)cc4)CC3)c21
1559,COc1cc(N2CCN(CC=O)CC2)c(NC(=O)/C(C#N)=C/C2CC2)cc1Nc1nccc(-c2cn(C)c3ccccc23)n1
1559,COc1cc(N2CCN(CC=O)CC2)c(NC(=O)C(C#N)=CC2CC2)cc1Nc1nccc(-c2cn(C)c3ccccc23)n1
1560,COc1cc(N2CCN(C)CC2)c(N)cc1Nc1nccc(-c2cn(C)c3ccccc23)n1
1561,C=CC(=O)N1CC[C@H](n2c(Nc3ccccc3)nc3cnc(Nc4ccc(N5CCN(C)CC5)cc4)nc32)C1
1561,C=CC(=O)N1CCC(n2c(Nc3ccccc3)nc3cnc(Nc4ccc(N5CCN(C)CC5)cc4)nc32)C1
1562,C=CC(=O)N1CCC[C@H](n2c(Nc3ccccc3)nc3cnc(Nc4ccc(N5CCN(CC=O)CC5)cc4)nc32)C1
1562,C=CC(=O)N1CCCC(n2c(Nc3ccccc3)nc3cnc(Nc4ccc(N5CCN(CC=O)CC5)cc4)nc32)C1
1563,Cc1cc(Cn2c(N3CC4(CNC4)C3)nc3c(N4CCN(C)CC4)cc(Cl)cc32)cc(C)c1F
1564,O=CCc1sc(N/N=C(\Cc2ccccc2[N+](=O)[O-])C(=O)O)nc1-c1ccc(Cl)c(Cl)c1
1564,O=CCc1sc(NN=C(Cc2ccccc2[N+](=O)[O-])C(=O)O)nc1-c1ccc(Cl)c(Cl)c1
1565,O=c1cc(CO)occ1O
1566,Cc1ncc(-c2ccnc(Nc3ccc(S(C)(=O)=O)cc3)n2)n1C(C)C
1567,Cc1nccc(Nc2ncc(C(=O)Nc3c(C)cccc3Cl)s2)n1
1568,COc1ccc(-c2ocnc2C=O)cc1Cl
1569,Nc1nc(N)n(-c2cc3c(nn2)-c2ccccc2CCC3)n1
1570,CCOC(=O)c1[nH]c2cc(Cl)ccc2c1C(NCc1ccc(Cl)cc1)C(=O)NC(C)(C)C
1571,CC(C)(C)NC(=O)C(c1c(C=O)[nH]c2cc(Cl)ccc12)N(C=O)Cc1cc(F)c(F)c(F)c1
1572,CC(C)(C)NC(=O)C(NCc1cc(F)c(F)c(F)c1)c1ccc(Cl)cc1
1573,CN1CCC[C@H]1COc1nc2c(c(N3CCN(C(=O)/C(C#N)=C\C4CC4)[C@@H](CC#N)C3)n1)CCN(c1cccc3cccc(Cl)c13)C2
1573,CN1CCCC1COc1nc2c(c(N3CCN(C(=O)C(C#N)=CC4CC4)C(CC#N)C3)n1)CCN(c1cccc3cccc(Cl)c13)C2
1574,O=C(CCCO/N=C1C(=C2/C(=O)Nc3ccccc32)/Nc2ccccc2/1)NO
1574,O=C(CCCON=C1C(=C2C(=O)Nc3ccccc32)Nc2ccccc21)NO
1575,COc1cc(C2CCNCC2)ccc1Nc1ncc(Cl)c(Nc2ccccc2NS(C)(=O)=O)n1
1576,CCC(=O)Nc1ccc(CN2C(=O)N(c3cc(OC)cc(OC)c3)Cc3cnc(Nc4ccccc4)nc32)cc1
1577,CC(C)(C)c1ccc(S(=O)(=O)Nc2ccc(Cl)cc2C(=O)c2cc[n+]([O-])cc2)cc1
1578,COc1cc(OCc2cccc(-c3ccccc3)c2C)cc(OC)c1CNCCN
1579,Cc1nc(N2CCC3(CC2)CO[C@@H](C)[C@H]3N)c(CO)nc1-c1cccc(Cl)c1Cl
1579,Cc1nc(N2CCC3(CC2)COC(C)C3N)c(CO)nc1-c1cccc(Cl)c1Cl
1580,COCCNC(=O)c1ccc(-c2nc(CNc3nccc(NCC(C)C)n3)cs2)cc1
1581,Cc1c(N2CCC3(CCNCC3)C2C)ccc(C#N)c1Cl
1582,C[C@H]1CC2(CCN(c3ccc(C(=O)N4CCN(C)CC4)cc3)CC2)CN1c1ccc(C#N)c(Cl)c1
1582,CC1CC2(CCN(c3ccc(C(=O)N4CCN(C)CC4)cc3)CC2)CN1c1ccc(C#N)c(Cl)c1
1583,N#CC[C@H](C1CCCC1)n1cc(-c2ncnc3[nH]ccc23)cn1
1583,N#CCC(C1CCCC1)n1cc(-c2ncnc3[nH]ccc23)cn1
1584,COc1cc(OC)cc(-c2cn(C)c(=O)c3cnccc23)c1
1585,CCCCn1cc(-c2cc(F)c(O)c(F)c2)c2ccncc2c1=O
1586,Nc1nnc(-c2ccccc2O)cc1N1CC2CCC(C1)N2
1587,Nc1nnc(-c2ccccc2O)cc1N1CCC(C=O)(c2ccccc2)CC1
1588,CCN(C)S(=O)(=O)Nc1ccc(F)c(C(=O)c2c[nH]c3ncc(-c4cncnc4)cc23)c1F
1589,Cc1ccc(C(=O)Nc2ccc(CN3CCN(C)CC3)c(C(F)(F)F)c2)cc1C#Cc1cnc2[nH]ncc2c1
1590,O=Cc1csc(Nc2ccc(Cl)cc2)n1
1591,O=Cc1cccc(SCc2cn(-c3cccc(C(=O)NO)c3)nn2)c1
1592,CC1(C)CCC(c2ccc(Cl)cc2)=C(CN2CCN(c3ccc(C(=O)NS(=O)(=O)c4ccc(N[C@H](CCN5CCOCC5)CSc5ccccc5)c(S(=O)(=O)C(F)(F)F)c4)cc3)CC2)C1
1592,CC1(C)CCC(c2ccc(Cl)cc2)=C(CN2CCN(c3ccc(C(=O)NS(=O)(=O)c4ccc(NC(CCN5CCOCC5)CSc5ccccc5)c(S(=O)(=O)C(F)(F)F)c4)cc3)CC2)C1
1593,CNc1ccc([N+](=O)[O-])c(Nc2ccc3[nH]ncc3c2)n1
1594,CN(C)CCC(CSc1ccccc1)Nc1ccc(S(=O)(=O)NC(=O)c2ccc(N3CCN(CC4=C(c5ccc(Cl)cc5)CCC(C)(C)C4)CC3)cc2)cc1S(=O)(=O)C(F)(F)F
1595,CNCCC(CSc1ccccc1)Nc1ccc(S(=O)(=O)NC(=O)c2ccc(N3CCN(CC4=C(c5ccc(Cl)cc5)CCC(C)(C)C4)CC3)cc2)cc1S(=O)(=O)C(F)(F)F
1596,CCC1C(COc2nccc3cc(C(N)=O)c(OC)cc23)NC(=O)C1F
1597,CCC1C(=O)N(C)c2cnc(Nc3ccc(C=O)cc3OC)nc2N1C1CCCC1
1598,CCC(C)(C)C(=O)C(=O)N1CCCCC1C(=O)OC(CCc1ccc(OC)c(OC)c1)c1cccc(N)c1
1599,COc1ccc(C=NNC(=O)CCCCCCC(=O)NO)cc1
1600,NC(=O)c1c(-c2ccc(Oc3ccc(F)cc3F)cc2)nn(C2CCCNC2)c1N
1601,C=CC(=O)NC(CCC=O)C(=O)Nc1cccc(Nc2ncc(NC(=O)c3cc(NC(=O)c4cccc(C)c4)ccc3C)cn2)c1
1602,Nc1ncnc2c1c(-c1ccc(Oc3ccccc3)cc1)nn2C1CCCN(CC=O)C1
1603,COc1ccc(Cl)c(S(=O)(=O)Nc2ccc(-c3nc(OCC4CNCCO4)c4c(C)n[nH]c4n3)cc2)c1
1604,CCC(=C(c1ccc(O)cc1)c1ccc(OCCN(C)CC)cc1)c1ccccc1
1605,COc1cc(OC)c(C=CS(=O)(=O)Cc2ccc(OC)c(CC=O)c2)c(OC)c1
1606,NC(=O)CCC(NC(=O)C1CCC2CCNCC(NC(=O)c3cc4cc(C(F)(F)P(=O)(O)O)ccc4[nH]3)C(=O)N21)C(=O)NC(c1ccccc1)c1ccccc1
1607,NC(=O)CCC(NC(=O)C1CCC2CCNCC(NC(=O)c3cc4cc(C(F)(F)P(=O)(O)O)ccc4[nH]3)C(=O)N21)C(=O)NCc1ccccc1
1608,NC(=O)CCC(NC(=O)C1CCC2CCNCC(NC(=O)c3cc4cc(OP(=O)(O)O)ccc4[nH]3)C(=O)N21)C(=O)NC(c1ccccc1)c1ccccc1
1609,CC(=CC(=O)NC1CNCCC2CCC(C(=O)NC(CCC(N)=O)C(=O)NC(c3ccccc3)c3ccccc3)N2C1=O)c1ccc(C(F)(F)P(=O)(O)O)cc1
1610,CC1(C)C(NC(=O)c2ccc(C=O)cc2)C(C)(C)C1Oc1ccc(C#N)c(Cl)c1
1611,CCC(=C(c1ccc(O)cc1)c1ccc(OCCN(C)C)cc1)c1ccccc1
1612,CCNc1nonc1C(=NO)Nc1ccc(F)c(Br)c1
1613,CCC(C)(C)C(=O)C(=O)N1CCCCC1C(=O)OC(CCc1ccc(OC)c(OC)c1)c1ccccc1
1614,C=C(F)C(=O)N1CCN(c2nc(OCC3CCCN3CCC=O)nc3c2CCN(c2cccc4cccc(Cl)c24)C3)CC1CC#N
1615,COc1ccc2nc(N=Nc3ccc(N(C)C)cc3)sc2c1
1616,CC(C)(C)c1cc(C(=O)C=Cc2ccc(C(=O)O)cc2)cc(C(C)(C)C)c1
1617,CC12CCC3C(CCC4CC(=O)CCC43C)C1CCC2O
1618,Nc1nc2c(ncn2C2OC(CO[PH](=O)[O-])C(O)C2O)c(=O)[nH]1
1619,Nc1nc2c(c(=O)[nH]1)[n+](Cc1ccccc1)cn2C1OC(COS(N)(=O)=O)C(O)C1O
1620,Nc1nc2c(c(=O)[nH]1)[n+](Cc1ccc(F)cc1)cn2C1OC(COP(=O)(O)O)C(O)C1O
1621,Nc1nc2c(ncn2C2OC(COP(=O)(O)O)C(O)C2O)c(=O)[nH]1
1622,CC=CCC(C)C(O)C1C(=O)NC(CC)C(=O)N(C)CC(=O)N(C)C(CC(C)C)C(=O)NC(C(C)C)C(=O)N(C)C(CC(C)C)C(=O)NC(C)C(=O)NC(C)C(=O)N(C)C(CC(C)C)C(=O)N(C)C(CC(C)C)C(=O)N(C)C(C(C)C)C(=O)N1C
1623,COc1cc(OC)c(C=CS(=O)(=O)Cc2ccc(OC)c(NCC=O)c2)c(OC)c1
1624,Nc1nc2c(c(=O)[nH]1)[n+](Cc1ccccc1)cn2C1OC(CO[PH](=O)O)C(O)C1O
1625,O=Cc1ccc(C(=O)c2c(-c3ccc(O)cc3)sc3cc(O)ccc23)cc1
1626,CC1(c2nc3c(C(N)=O)cccc3[nH]2)CCCN1
1627,CCC(C)C(C(CC(=O)N1CCCC1C(OC)C(C)C(=O)NC(C)C(O)c1ccccc1)OC)N(C)C(=O)C(NC(=O)C(NC)C(C)C)C(C)C
1628,NC(Cc1ccccc1)C(=O)N1CC(=Cc2ccc(Cl)c(Cl)c2)C(=O)C(=Cc2ccc(Cl)c(Cl)c2)C1
1629,C=CC(=O)NC(CCC=O)C(=O)Nc1cccc(Nc2ncc(NC(=O)c3cc(NC(=O)c4cccc(C(F)(F)F)c4)ccc3C)cn2)c1
1630,CC1(C)C(NC(=O)c2ccccc2)C(C)(C)C1Oc1ccc(C#N)c(Cl)c1
1631,O=C1C(=CC=Cc2ccc([N+](=O)[O-])cc2)c2ccccc2N1Cc1ccccc1
1632,CC(C)c1ccn2ncnc(NC3CCC(N4CCNCC4)CC3)c12
1633,COC(=O)C1=CCC23CCC(C(C)(C=CC=C(C)C=O)OC2=O)C3(OC(C)=O)CC1
1634,CC12CC(N)CC1(C)CC(Oc1ccc(C#N)c(Cl)c1)C2
1635,CCCNc1nc(Nc2ccc(C#N)cc2)ncc1C#CCCCNC(=O)C(C)N(C)C(=O)C(C#N)=CC(C)(C)N(C)C
1636,CC1Cc2c([nH]c3ccccc23)C(c2c(F)cccc2F)N1CC(C)(C)F
1637,CC(C)S(=O)(=O)c1ccccc1Nc1nc(NC2CCCNC2)ncc1Cl
1638,CC1(CN)CCC(c2ccc(Cl)cc2)=C(CN2CCN(c3ccc(C(=O)NS(=O)(=O)c4ccc(NC(CCN5CCOCC5)CSc5ccccc5)c(S(=O)(=O)C(F)(F)F)c4)cc3)CC2)C1
1639,CCC(CO)Nc1cc(NCc2ccc(N)cc2)n2ncc(C(C)C)c2n1
1640,N#Cc1ccc(OC2CCC(NC(=O)c3ccccc3)C2)cc1Cl
1641,N#Cc1ccc(OC2CCCC(NC(=O)c3ccccc3)CCC2)cc1Cl
1642,CN(c1ccc(C#N)c(Cl)c1)C1CCC(NC(=O)c2ccccc2)CC1
1643,CCCN(c1ccc(C#N)c(Cl)c1)C1CCC(NC(=O)c2ccccc2)CC1
1644,COc1cc(N2CCN(CC=O)CC2)c(NC(=O)C(C#N)=CC2CC2)cc1Nc1nccc(-c2cn(C)c3ccccc23)n1
1645,C=CC(=O)N1CCC(n2c(Nc3ccccc3)nc3cnc(Nc4ccc(N5CCN(C)CC5)cc4)nc32)C1
1646,C=CC(=O)N1CCCC(n2c(Nc3ccccc3)nc3cnc(Nc4ccc(N5CCN(CC=O)CC5)cc4)nc32)C1
1647,O=CCc1sc(NN=C(Cc2ccccc2[N+](=O)[O-])C(=O)O)nc1-c1ccc(Cl)c(Cl)c1
1648,NC(C=O)Cc1ccc(O)c(O)c1
1649,CCC1c2nnc(C)n2-c2cnc(Nc3ccc(C(=O)NC4CCN(C)CC4)cc3OC)nc2N1CC1CCCCC1
1650,O=CNC1CCC(Nc2ncnc3[nH]cc(C(=O)c4ccc(Oc5ccccc5)cc4Cl)c23)CC1
1651,NC(=O)CCC(NC(=O)C1CCC2CCNCC(NC(=O)c3cc4cc(C(=O)P(=O)(O)O)ccc4[nH]3)C(=O)N21)C(=O)NC(c1ccccc1)c1ccccc1
1652,COc1cc(Cl)c(-c2cc(Cl)ccc2Cl)cc1C(=O)N1CCN(C(=O)C=CC=O)CC1
1653,CC1CC2(CCNCC2)CN1c1ccc(C#N)c(Cl)c1
1654,CC1CC2(CCN(c3ccc(C(=O)N4CCN(C)CC4)cc3)CC2)CN1c1ccc(C#N)c(Cl)c1
1655,CC1(C)CCC(c2ccc(Cl)cc2)=C(CN2CCN(c3ccc(C(=O)NS(=O)(=O)c4ccc(NC(CCN5CCOCC5)CSc5ccccc5)c(S(=O)(=O)C(F)(F)F)c4)cc3)CC2)C1
1656,N#Cc1ccc(OC2CCC(NC(=O)c3cccnn3)CC2)cc1Cl
1657,COc1cc(-c2cnc3cccc(-c4cc(F)c(CN5CCS(=O)(=O)CC5)c(F)c4)c3n2)ccc1OCCCN1CCNCC1
1658,CN(C)C1CCN(c2ccc(Nc3cc4cnc(Nc5ccc(F)cc5)nc4cn3)nc2)CC1
1659,Cc1ccc(C(=O)N[C@H]2C(C)(C)[C@H](Oc3ccc(C#N)c(Cl)c3)C2(C)C)cc1
1659,Cc1ccc(C(=O)NC2C(C)(C)C(Oc3ccc(C#N)c(Cl)c3)C2(C)C)cc1
1660,CC1(C)C(=O)N(c2ccc(C#N)c(C(F)(F)F)c2)C(=S)N1c1ccccc1
1661,C=CC(=O)N1C[C@H](n2nc(-c3ccc(Oc4ccccc4)cc3)c3c(N)ncnc32)C[C@H]1C=O
1661,C=CC(=O)N1CC(n2nc(-c3ccc(Oc4ccccc4)cc3)c3c(N)ncnc32)CC1C=O
1662,C=CC(=O)N[C@H](CCC=O)C(=O)Nc1cccc(Nc2ncc(NC(=O)c3cc(NC(=O)c4cccc(C)c4)ccc3C)cn2)c1
1662,C=CC(=O)NC(CCC=O)C(=O)Nc1cccc(Nc2ncc(NC(=O)c3cc(NC(=O)c4cccc(C)c4)ccc3C)cn2)c1
1663,COc1cc(OC)cc(-c2cn(C)c(=O)c3cnccc23)c1
1664,O=Cc1ccc(NC(=O)[C@@H]2NC3(CCCCC3)[C@@]3(C(=O)Nc4cc(Cl)ccc43)[C@H]2c2cccc(Cl)c2F)cc1
1664,O=Cc1ccc(NC(=O)C2NC3(CCCCC3)C3(C(=O)Nc4cc(Cl)ccc43)C2c2cccc(Cl)c2F)cc1
1665,Cc1sc2c(c1C)C(c1ccc(Cl)cc1)=N[C@@H](CC=O)c1nnc(C)n1-2
1665,Cc1sc2c(c1C)C(c1ccc(Cl)cc1)=NC(CC=O)c1nnc(C)n1-2
1666,CCC(C)(C)C(=O)C(=O)N1CCCC[C@H]1C(=O)O[C@H](CCc1ccc(OC)c(OC)c1)c1ccccc1
1666,CCC(C)(C)C(=O)C(=O)N1CCCCC1C(=O)OC(CCc1ccc(OC)c(OC)c1)c1ccccc1
1667,Cc1ccc(NC(=O)c2ccc(CN)cc2)cc1Nc1nccc(-c2cccnc2)n1
1668,O=Cc1ccc(C(=O)c2c(-c3ccc(O)cc3)sc3cc(O)ccc23)cc1
1669,CC/C(=C(\c1ccc(O)cc1)c1ccc(OCCNC)cc1)c1ccccc1
1669,CCC(=C(c1ccc(O)cc1)c1ccc(OCCNC)cc1)c1ccccc1
1670,Oc1ccc2c(c1)CC[C@H](c1ccccc1)[C@@H]2c1ccccc1
1670,Oc1ccc2c(c1)CCC(c1ccccc1)C2c1ccccc1
1671,NO
1672,C=CC(=O)N1C[C@@H](n2nc(-c3ccc(Oc4ccccc4)cc3)c3c(N)ncnc32)C[C@H]1C=O
1672,C=CC(=O)N1CC(n2nc(-c3ccc(Oc4ccccc4)cc3)c3c(N)ncnc32)CC1C=O
1673,C[C@@H]1Cc2c([nH]c3ccccc23)[C@@H](c2c(F)cccc2F)N1CC(C)(C)F
1673,CC1Cc2c([nH]c3ccccc23)C(c2c(F)cccc2F)N1CC(C)(C)F
1674,CC(O)(COc1ccc(O)cc1)C(=O)Nc1ccc(C#N)c(C(F)(F)F)c1
1675,CC1(C)C(=O)N(c2ccc(C#N)c(C(F)(F)F)c2)C(=S)N1c1ccc(O)cc1
1676,COC(=O)C1=CC[C@@]23CC[C@H]([C@@](C)(/C=C/C=C(\C)C=O)OC2=O)[C@@]3(OC(C)=O)CC1
1676,COC(=O)C1=CCC23CCC(C(C)(C=CC=C(C)C=O)OC2=O)C3(OC(C)=O)CC1
1677,C[C@@H]1C[C@@H](O)c2ncnc(N3CCN(C(=O)[C@H](CN)c4ccc(Cl)cc4)CC3)c21
1677,CC1CC(O)c2ncnc(N3CCN(C(=O)C(CN)c4ccc(Cl)cc4)CC3)c21
1678,CCc1ccc2c(c1)C(=O)c1c([nH]c3cc(C#N)ccc13)C2(C)C
1679,CC(C)c1cnn2c(NCc3ccc(N)cc3)nc(OC3CCN(C)CC3)nc12
1680,COc1ccc(-c2ocnc2C=O)cc1Cl
1681,Nc1nc(N)n(-c2cc3c(nn2)-c2ccccc2CCC3)n1
1682,COCCNC(=O)c1ccc(-c2nc(CNc3nccc(NCC(C)C)n3)cs2)cc1
1683,Nc1ccccc1N
1684,CC1CC(O)c2ncnc(C3CCN(C(=O)C(C)c4ccc(Cl)cc4)CC3)c21
1685,CC1(C)C(NC(=O)c2ccccc2)C(C)(C)C1Oc1ccc(C#N)c(Cl)c1
1686,C=CC(=O)N1CC(n2nc(-c3ccc(Oc4ccccc4)cc3)c3c(N)ncnc32)CC1C=O
1687,NC(=O)CCC(NC(=O)C1CCC2CCNCC(NC(=O)c3cc4cc(C(F)(F)P(=O)(O)O)ccc4[nH]3)C(=O)N21)C(=O)NC(c1ccccc1)c1ccccc1
1688,CCNc1nonc1C(=NO)Nc1ccc(F)c(Br)c1
1689,CC1CC(O)c2ncnc(N3CCN(C(=O)C(CN)c4ccc(Cl)cc4)CC3)c21
1690,CC12CCC3c4ccc(O)cc4CCC3C1CCC2O
1691,C=CC(=O)NC(CCC=O)C(=O)Nc1cccc(Nc2ncc(NC(=O)c3cc(NC(=O)c4cccc(C(F)(F)F)c4)ccc3C)cn2)c1
1692,COC(=O)C1=CCC23CCC(C(C)(C=CC=C(C)C=O)OC2=O)C3(OC(C)=O)CC1
1693,CCN(C)S(=O)(=O)Nc1ccc(F)c(C(=O)c2c[nH]c3ncc(-c4ccccc4)cc23)c1F
1694,CN(C)CC[C@H](CSc1ccccc1)Nc1ccc(S(=O)(=O)NC(=O)c2ccc(N3CCN(CC4=C(c5ccc(Cl)cc5)CCC(C)(C)C4)CC3)cc2)cc1S(=O)(=O)C(F)(F)F
1694,CN(C)CCC(CSc1ccccc1)Nc1ccc(S(=O)(=O)NC(=O)c2ccc(N3CCN(CC4=C(c5ccc(Cl)cc5)CCC(C)(C)C4)CC3)cc2)cc1S(=O)(=O)C(F)(F)F
1695,CC1(C)CCC(c2ccc(Cl)cc2)=C(CN2CCN(c3ccc(C(=O)NS(=O)(=O)c4ccc(N[C@@H](CCN5CCN(C=O)CC5)CSc5ccccc5)c(S(=O)(=O)C(F)(F)F)c4)cc3)CC2)C1
1695,CC1(C)CCC(c2ccc(Cl)cc2)=C(CN2CCN(c3ccc(C(=O)NS(=O)(=O)c4ccc(NC(CCN5CCN(C=O)CC5)CSc5ccccc5)c(S(=O)(=O)C(F)(F)F)c4)cc3)CC2)C1
1696,CN(C)CC[C@@H](CSc1ccccc1)Nc1ccc(S(=O)(=O)NC(=O)c2ccc(N3CCN(CC4=C(c5ccc(Cl)cc5)CCC(C)(C)C4)CC3)cc2)cc1S(=O)(=O)C(F)(F)F
1696,CN(C)CCC(CSc1ccccc1)Nc1ccc(S(=O)(=O)NC(=O)c2ccc(N3CCN(CC4=C(c5ccc(Cl)cc5)CCC(C)(C)C4)CC3)cc2)cc1S(=O)(=O)C(F)(F)F
1697,COc1cc2c(OC[C@@H]3CCC(=O)N3)nccc2cc1C(N)=O
1697,COc1cc2c(OCC3CCC(=O)N3)nccc2cc1C(N)=O
1698,COc1cc(/C=C2\SC(=O)N(C)C2=O)ccc1Oc1ccc(C#N)cc1C(F)(F)F
1698,COc1cc(C=C2SC(=O)N(C)C2=O)ccc1Oc1ccc(C#N)cc1C(F)(F)F
1699,CCn1nc(C2CC2)cc1Nc1nc(C=O)nc2[nH]c3cc(-c4c(C)noc4C)c(OC)cc3c12
1700,Cn1cc(Nc2ncc(Cl)c(NCc3cc(F)ccc3F)n2)cn1
1701,COc1cc(-c2cnc3cccc(-c4cc(F)c(CN5CCS(=O)(=O)CC5)c(F)c4)c3n2)ccc1OCCCN1CCNCC1
1702,CN(C)C1CCN(c2ccc(Nc3cc4cnc(Nc5ccc(F)cc5)nc4cn3)nc2)CC1
1703,CCOc1ccc2c(c1)sc1nc(-c3ccc(NC(=O)Nc4cc(C(C)(C)C)on4)cc3)cn12
1704,CN(CCCNc1nc(Nc2ccccc2)ncc1Br)C(=O)C1CCC1
1705,CN(CCCNc1nc(Nc2ccccc2)ncc1F)C(=O)C1CCC1
1706,CN(CCCNc1nc(Nc2ccccc2)ncc1I)C(=O)C1CCC1
1707,Cc1cnc(Nc2ccccc2)nc1NCCCN(C)C(=O)C1CCC1
1708,CN(CCCNc1nc(Nc2ccccc2)ncc1C1CCC1)C(=O)C1CCC1
1709,CN(CCCNc1nc(Nc2ccccc2)ncc1C1CC1)C(=O)C1CCC1
1710,COc1ccc(CC(=O)Nc2cc(C3CCC3)[nH]n2)cc1
1711,COc1cc(C=C2SC(=O)N(C)C2=O)ccc1Oc1ccc(C#N)cc1C(F)(F)F
1712,Cc1sc2c(c1C)C(c1ccc(Cl)cc1)=N[C@@H](CC=O)c1nnc(C)n1-2
1712,Cc1sc2c(c1C)C(c1ccc(Cl)cc1)=NC(CC=O)c1nnc(C)n1-2
1713,Cc1ccc(NC(=O)c2ccc(CN3CCN(C)CC3)cc2)cc1Nc1nccc(-c2cccnc2)n1
1714,COc1cc(-c2cn(C)c(=O)c3cnccc23)cc(OC)c1CN(C)CC=O
1715,Nc1nnc(-c2ccccc2O)cc1N1CCNCC1
1716,O=C(Nc1ccc(CN2CCNCC2)cc1)c1n[nH]cc1Nc1ncnc2[nH]ccc12
1717,CCNCCOc1ccc(C(=O)c2c(-c3ccc(O)cc3)sc3cc(O)ccc23)cc1
1718,CCCCN(Cc1ccc(C(=O)NO)cc1)C(=O)Nc1ccccc1
1719,CC(O)(COc1ccc(N)cc1)C(=O)Nc1ccc([N+](=O)[O-])c(C(F)(F)F)c1
1720,CC(=O)c1c(C)c2cnc(Nc3ccc(N4CCNCC4)cn3)nc2n(C2CCCC2)c1=O
1721,COc1ccc(/C=N/NC(=O)CCCCCCC(=O)NO)cc1
1721,COc1ccc(C=NNC(=O)CCCCCCC(=O)NO)cc1
1722,CC1(C)C(=O)N(c2ccc(C#N)c(C(F)(F)F)c2)C(=S)N1c1ccc(O)cc1
1723,CN1C[C@H](Nc2cnn(C)c(=O)c2Br)C[C@H](c2ccc(C=O)cc2)C1
1723,CN1CC(Nc2cnn(C)c(=O)c2Br)CC(c2ccc(C=O)cc2)C1
1724,Cc1nc(CCC=O)ccc1-c1cnc(NCc2c(F)ccc3c2CCO3)n2cnnc12
1725,NC(=O)c1c(-c2ccc(Oc3ccc(F)cc3F)cc2)nn([C@H]2CCCNC2)c1N
1725,NC(=O)c1c(-c2ccc(Oc3ccc(F)cc3F)cc2)nn(C2CCCNC2)c1N
1726,C=CC(=O)N1C[C@H](n2nc(-c3ccc(Oc4ccccc4)cc3)c3c(N)ncnc32)C[C@H]1C=O
1726,C=CC(=O)N1CC(n2nc(-c3ccc(Oc4ccccc4)cc3)c3c(N)ncnc32)CC1C=O
1727,C=CC(=O)N1C[C@@H](n2nc(-c3ccc(Oc4ccccc4)cc3)c3c(N)ncnc32)C[C@H]1C=O
1727,C=CC(=O)N1CC(n2nc(-c3ccc(Oc4ccccc4)cc3)c3c(N)ncnc32)CC1C=O
1728,CN(C)C(=O)c1cc2cnc(Nc3ccc(N4CCNCC4)cn3)nc2n1C1CCCC1
1729,NC(=O)c1cccc2cn(-c3ccccc3)nc12
1730,Cc1ccc(N2C(=S)N(c3cnc(C#N)c(C(F)(F)F)c3)C(=O)C23CCC3)cc1
1731,O=C(NCCO)c1cccc(-c2cc(Nc3ccc(OC(F)(F)F)cc3)ncn2)c1
1732,COc1c(O)cc(O)c2c(=O)cc(-c3ccccc3)oc12
1733,COc1ccc(Cl)c(S(=O)(=O)Nc2ccc(-c3nc(OC[C@H]4CNCCO4)c4c(C)n[nH]c4n3)cc2)c1
1733,COc1ccc(Cl)c(S(=O)(=O)Nc2ccc(-c3nc(OCC4CNCCO4)c4c(C)n[nH]c4n3)cc2)c1
1734,COc1cc(/C=C(\C#N)C=O)ccc1OCc1ccc(C(F)(F)F)cc1C(F)(F)F
1734,COc1cc(C=C(C#N)C=O)ccc1OCc1ccc(C(F)(F)F)cc1C(F)(F)F
1735,CCNCCOc1ccc(Cn2c(-c3ccc(O)cc3)c(C)c3cc(O)ccc32)cc1
1736,CC(=O)c1c(C)c2cnc(Nc3ccc(N4CCN(C=O)CC4)cn3)nc2n(C2CCCC2)c1=O
1737,COc1cc(N2CCNCC2)ccc1Nc1ncc(Cl)c(Nc2ccccc2P(C)(C)=O)n1
1738,COc1cc(N2CCC(N3CCNCC3)CC2)ccc1Nc1ncc(Cl)c(Nc2ccccc2P(C)(C)=O)n1
1739,C=CC(=O)N1CCC[C@@H](n2nc(-c3ccc(Oc4ccccc4)cc3)c3c(N)ncnc32)C1
1739,C=CC(=O)N1CCCC(n2nc(-c3ccc(Oc4ccccc4)cc3)c3c(N)ncnc32)C1
1740,O=Cc1ccc2c(c1)C(=O)N(C1CCC(=O)NC1=O)C2=O
1741,NC(=O)CC[C@H](NC(=O)[C@@H]1CC[C@@H]2CCN(C=O)C[C@H](NC(=O)c3cc4cc(C(F)(F)P(=O)(O)O)ccc4[nH]3)C(=O)N21)C(=O)NC(c1ccccc1)c1ccccc1
1741,NC(=O)CCC(NC(=O)C1CCC2CCN(C=O)CC(NC(=O)c3cc4cc(C(F)(F)P(=O)(O)O)ccc4[nH]3)C(=O)N21)C(=O)NC(c1ccccc1)c1ccccc1
1742,CNC(=O)[C@H](CCC(N)=O)NC(=O)[C@@H]1CC[C@@H]2CCNC[C@H](NC(=O)c3cc4cc(C(F)(F)P(=O)(O)O)ccc4[nH]3)C(=O)N21
1742,CNC(=O)C(CCC(N)=O)NC(=O)C1CCC2CCNCC(NC(=O)c3cc4cc(C(F)(F)P(=O)(O)O)ccc4[nH]3)C(=O)N21
1743,NC(=O)CC[C@H](NC(=O)[C@@H]1CC[C@@H]2CCNC[C@H](NC(=O)c3cc4cc(CP(=O)(O)O)ccc4[nH]3)C(=O)N21)C(=O)NC(c1ccccc1)c1ccccc1
1743,NC(=O)CCC(NC(=O)C1CCC2CCNCC(NC(=O)c3cc4cc(CP(=O)(O)O)ccc4[nH]3)C(=O)N21)C(=O)NC(c1ccccc1)c1ccccc1
1744,O=Cc1ccc(NC(=O)[C@@H]2NC3(CCCCC3)[C@@]3(C(=O)Nc4cc(Cl)ccc43)[C@H]2c2cccc(Cl)c2F)cc1
1744,O=Cc1ccc(NC(=O)C2NC3(CCCCC3)C3(C(=O)Nc4cc(Cl)ccc43)C2c2cccc(Cl)c2F)cc1
1745,Cc1ccc(S(=O)CC(C)(O)C(=O)Nc2ccc(C#N)c(C(F)(F)F)c2)cc1
1746,CC1(C)[C@H](NC(=O)c2ccc(C=O)cc2)C(C)(C)[C@H]1Oc1ccc(C#N)c(Cl)c1
1746,CC1(C)C(NC(=O)c2ccc(C=O)cc2)C(C)(C)C1Oc1ccc(C#N)c(Cl)c1
1747,COc1ccccc1S(=O)(=O)Nc1ccc2c3c(cccc13)C(=O)N2C
1748,Cc1cc(NS(=O)(=O)c2ccccc2)c(Nc2ccc(I)cc2F)n(C)c1=O
1749,C=CC(=O)N1CCC[C@H](n2nc(-c3ccc(Oc4ccccc4)cc3)c3c(N)ncnc32)C1
1749,C=CC(=O)N1CCCC(n2nc(-c3ccc(Oc4ccccc4)cc3)c3c(N)ncnc32)C1
1750,CC1(C)CCC(c2ccc(Cl)cc2)=C(CN2CCN(c3ccc(C(=O)NS(=O)(=O)c4ccc(NC(CCN5CCNCC5)CSc5ccccc5)c(S(=O)(=O)C(F)(F)F)c4)cc3)CC2)C1
1751,Oc1ccc(Nc2nccc(Nc3cc4ccccc4cn3)n2)cc1
1752,CC/C(=C(\c1ccc(O)cc1)c1ccc(OCCN(C)C)cc1)c1ccccc1
1752,CCC(=C(c1ccc(O)cc1)c1ccc(OCCN(C)C)cc1)c1ccccc1
1753,NC(=O)c1cc2c(=O)n(CC=O)c(=O)n(C3CC3)c2nc1N
1754,CCNc1nonc1/C(=N/O)Nc1ccc(F)c(Br)c1
1754,CCNc1nonc1C(=NO)Nc1ccc(F)c(Br)c1
1755,Nc1ccc(C(=O)Nc2ccccc2N)cc1
1756,Cc1ncsc1-c1ccc(CNC(=O)[C@H]2C[C@H](O)CN2C(=O)[C@H](NC(=O)COCCOCCOCCO)C(C)(C)C)cc1
1756,Cc1ncsc1-c1ccc(CNC(=O)C2CC(O)CN2C(=O)C(NC(=O)COCCOCCOCCO)C(C)(C)C)cc1
1757,Cc1ncsc1-c1ccc(CNC(=O)[C@H]2C[C@H](O)CN2C(=O)[C@H](NC(=O)COCCOCCOCCOCCOCCO)C(C)(C)C)cc1
1757,Cc1ncsc1-c1ccc(CNC(=O)C2CC(O)CN2C(=O)C(NC(=O)COCCOCCOCCOCCOCCO)C(C)(C)C)cc1
1758,O=Cc1ccc2c(c1)nc(Nc1cccc(Cl)c1)c1ccncc12
1759,CCC(C)(C)C(=O)C(=O)N1CCCC[C@H]1C(=O)O[C@H](CCc1ccc(OC)c(OC)c1)c1ccccc1
1759,CCC(C)(C)C(=O)C(=O)N1CCCCC1C(=O)OC(CCc1ccc(OC)c(OC)c1)c1ccccc1
1760,C=CC(=O)Nc1cc(Nc2nccc(-c3cn(C)c4ccccc34)n2)c(OC)cc1N(C)CCN(C)C
1761,C=C(F)C(=O)N1CCN(c2nc(OC[C@@H]3CCCN3C)nc3c2CCN(c2cccc4cccc(Cl)c24)C3)C[C@@H]1CC#N
1761,C=C(F)C(=O)N1CCN(c2nc(OCC3CCCN3C)nc3c2CCN(c2cccc4cccc(Cl)c24)C3)CC1CC#N
1762,COc1ccc2nc(/N=N/c3ccc(N(C)C)cc3)sc2c1
1762,COc1ccc2nc(N=Nc3ccc(N(C)C)cc3)sc2c1
1763,CC(=O)c1c(C)c2cnc(N)nc2n(C2CCCC2)c1=O
1764,CN(c1nccnc1CNc1nc(Nc2ccc(C=O)cc2)ncc1C(F)(F)F)S(C)(=O)=O
1765,O=C(Nc1nccs1)C(c1cc(F)ccc1O)N1Cc2ccc(-c3ccc(N4CCNCC4)cc3)cc2C1=O
1766,O=CCN1CCN(c2ccc(-c3ccc4c(c3)C(=O)N(C(C(=O)Nc3nccs3)c3ccccc3)C4)cc2)CC1
1767,CC(C)(C)c1cc(C(=O)/C=C/c2ccc(C(=O)O)cc2)cc(C(C)(C)C)c1
1767,CC(C)(C)c1cc(C(=O)C=Cc2ccc(C(=O)O)cc2)cc(C(C)(C)C)c1
1768,CC/C(=C(\c1ccc(O)cc1)c1ccc(OCCNC)cc1)c1ccccc1
1768,CCC(=C(c1ccc(O)cc1)c1ccc(OCCNC)cc1)c1ccccc1
1769,CCS(=O)(=O)Nc1ccc(Oc2ccc(F)cc2F)c(-c2cn(C)c(=O)c3[nH]c(C=O)cc23)c1
1770,Nc1nc2c(c(=O)[nH]1)[n+](Cc1ccc(F)cc1)cn2[C@@H]1O[C@H](COS(N)(=O)=O)[C@@H](O)[C@H]1O
1770,Nc1nc2c(c(=O)[nH]1)[n+](Cc1ccc(F)cc1)cn2C1OC(COS(N)(=O)=O)C(O)C1O
1771,Nc1nc2c(ncn2[C@@H]2O[C@H](COS(N)(=O)=O)[C@@H](O)[C@H]2O)c(=O)[nH]1
1771,Nc1nc2c(ncn2C2OC(COS(N)(=O)=O)C(O)C2O)c(=O)[nH]1
1772,Nc1nc2c(c(=O)[nH]1)[n+](Cc1ccccc1)cn2[C@H]1O[C@@H](COP(=O)(O)O)[C@H](O)[C@@H]1O
1772,Nc1nc2c(c(=O)[nH]1)[n+](Cc1ccccc1)cn2C1OC(COP(=O)(O)O)C(O)C1O
1773,Nc1nc2c(c(=O)[nH]1)[n+](Cc1ccccc1)cn2[C@@H]1O[C@H](COP(=O)(O)O)[C@@H](O)[C@H]1O
1773,Nc1nc2c(c(=O)[nH]1)[n+](Cc1ccccc1)cn2C1OC(COP(=O)(O)O)C(O)C1O
1774,CCOc1cc(C(C)(C)C)ccc1C1=NC(c2ccc(Cl)cc2)C(c2ccc(Cl)cc2)N1C(=O)N1CCNCC1
1775,C=CCn1c(=O)c2cnc(Nc3ccc(N4CCN(C)CC4)cc3)nc2n1-c1cccc(C(C)(C)O)n1
1776,Cc1ccc(-n2nc3c(=O)n(CCCC=O)nc(C)c3c2C)cc1
1777,C/C=C/C[C@@H](C)[C@@H](O)[C@H]1C(=O)N[C@@H](CC)C(=O)N(C)CC(=O)N(C)[C@@H](CC(C)C)C(=O)N[C@@H](C(C)C)C(=O)N(C)[C@@H](CC(C)C)C(=O)N[C@@H](C)C(=O)N[C@H](C)C(=O)N(C)[C@@H](CC(C)C)C(=O)N(C)[C@@H](CC(C)C)C(=O)N(C)[C@@H](C(C)C)C(=O)N1C
1777,CC=CCC(C)C(O)C1C(=O)NC(CC)C(=O)N(C)CC(=O)N(C)C(CC(C)C)C(=O)NC(C(C)C)C(=O)N(C)C(CC(C)C)C(=O)NC(C)C(=O)NC(C)C(=O)N(C)C(CC(C)C)C(=O)N(C)C(CC(C)C)C(=O)N(C)C(C(C)C)C(=O)N1C
1778,CNc1cc(CS(=O)(=O)/C=C/c2c(OC)cc(OC)cc2OC)ccc1OC
1778,CNc1cc(CS(=O)(=O)C=Cc2c(OC)cc(OC)cc2OC)ccc1OC
1779,COc1cc(OC)c(/C=C/S(=O)(=O)Cc2ccc(OC)c(N)c2)c(OC)c1
1779,COc1cc(OC)c(C=CS(=O)(=O)Cc2ccc(OC)c(N)c2)c(OC)c1
1780,C[C@](O)(COc1ccc(N)cc1)C(=O)Nc1ccc([N+](=O)[O-])c(C(F)(F)F)c1
1780,CC(O)(COc1ccc(N)cc1)C(=O)Nc1ccc([N+](=O)[O-])c(C(F)(F)F)c1
1781,Cc1cc(NS(=O)(=O)c2ccc(CC=O)cc2)c(Nc2ccc(I)cc2F)n(C)c1=O
1782,O=C(NC1CCNCC1)c1[nH]ncc1NC(=O)c1c(Cl)cccc1Cl
1783,CC1(C)CCC(c2ccc(Cl)cc2)=C(CN2CCN(c3ccc(C(=O)NS(=O)(=O)c4ccc(N[C@H](CCN5CCN(C=O)CC5)CSc5ccccc5)c(S(=O)(=O)C(F)(F)F)c4)cc3)CC2)C1
1783,CC1(C)CCC(c2ccc(Cl)cc2)=C(CN2CCN(c3ccc(C(=O)NS(=O)(=O)c4ccc(NC(CCN5CCN(C=O)CC5)CSc5ccccc5)c(S(=O)(=O)C(F)(F)F)c4)cc3)CC2)C1
1784,Nc1nc2c(c(=O)[nH]1)[n+](Cc1ccccc1)cn2[C@@H]1O[C@H](CO[PH](=O)O)[C@@H](O)[C@H]1O
1784,Nc1nc2c(c(=O)[nH]1)[n+](Cc1ccccc1)cn2C1OC(CO[PH](=O)O)C(O)C1O
1785,Nc1nc2c(ncn2[C@@H]2O[C@H](COP(=O)(O)O)[C@@H](O)[C@H]2O)c(=O)[nH]1
1785,Nc1nc2c(ncn2C2OC(COP(=O)(O)O)C(O)C2O)c(=O)[nH]1
1786,C[C@@H]1C[C@@H](O)c2ncnc(N3CCN(C(=O)[C@H](C)c4ccc(Cl)cc4)CC3)c21
1786,CC1CC(O)c2ncnc(N3CCN(C(=O)C(C)c4ccc(Cl)cc4)CC3)c21
1787,COc1cc2ncnc(Nc3n[nH]c(C)c3C)c2cc1S(=O)(=O)C(C)(C)C
1788,O=Cc1cccc(-c2cc(Nc3ccc(OC(F)(F)F)cc3)ncn2)c1
1789,Cc1nn(-c2ccc(C#N)c(C(F)(F)F)c2)c(C)c1C
1790,Cc1nn(-c2ccc(C#N)cc2Cl)c(C)c1C
1791,CCCS(=O)(=O)Nc1ccc(F)c(-n2cc(-c3cncnc3)c3nc(N(C)C4CCNCC4)ccc32)c1F
1792,NCCS(=O)(=O)N1CCC(Nc2ncc(Br)c(Nc3cccc(F)c3C(N)=O)n2)CC1
1793,Cc1cc(S(N)(=O)=O)ccc1Nc1ncc(Br)c(Nc2cccc(F)c2C(N)=O)n1
1794,CN1CCN(c2ccc(Nc3cc(-c4cccc(-n5ccc6cc(C7CC7)cc(F)c6c5=O)c4CO)cn(C)c3=O)nc2)CC1
1795,C[C@]1(c2nc3c(C(N)=O)cccc3[nH]2)CCCN1
1795,CC1(c2nc3c(C(N)=O)cccc3[nH]2)CCCN1
1796,CC[C@H](C)[C@@H]([C@@H](CC(=O)N1CCC[C@H]1[C@H](OC)[C@@H](C)C(=O)N[C@H](C)[C@@H](O)c1ccccc1)OC)N(C)C(=O)[C@@H](NC(=O)[C@@H](NC)C(C)C)C(C)C
1796,CCC(C)C(C(CC(=O)N1CCCC1C(OC)C(C)C(=O)NC(C)C(O)c1ccccc1)OC)N(C)C(=O)C(NC(=O)C(NC)C(C)C)C(C)C
1797,N[C@@H](Cc1ccccc1)C(=O)N1C/C(=C\c2ccc(Cl)c(Cl)c2)C(=O)/C(=C/c2ccc(Cl)c(Cl)c2)C1
1797,NC(Cc1ccccc1)C(=O)N1CC(=Cc2ccc(Cl)c(Cl)c2)C(=O)C(=Cc2ccc(Cl)c(Cl)c2)C1
1798,CCC[C@H](NC(=O)[C@@H]1[C@H]2CCC[C@H]2CN1C(=O)[C@@H](NC(=O)[C@@H](NC(=O)c1cnc(C=O)cn1)C1CCCCC1)C(C)(C)C)C(=O)C(=O)NC1CC1
1798,CCCC(NC(=O)C1C2CCCC2CN1C(=O)C(NC(=O)C(NC(=O)c1cnc(C=O)cn1)C1CCCCC1)C(C)(C)C)C(=O)C(=O)NC1CC1
1799,CCC(=O)N1C[C@@H](n2nc(-c3ccc(Oc4ccccc4)cc3)c3c(N)ncnc32)C[C@H]1C=O
1799,CCC(=O)N1CC(n2nc(-c3ccc(Oc4ccccc4)cc3)c3c(N)ncnc32)CC1C=O
1800,Cc1nc2c(F)cc(-c3nc(Nc4ccc(CN5CCN(CCN)CC5)cn4)ncc3F)cc2n1C(C)C
1801,CC1(C)[C@H](NC(=O)c2ccccc2)C(C)(C)[C@H]1Oc1ccc(C#N)c(Cl)c1
1801,CC1(C)C(NC(=O)c2ccccc2)C(C)(C)C1Oc1ccc(C#N)c(Cl)c1
1802,O=Cc1ccc(-n2cc(NC(=O)c3coc(-c4ccnc(NCC5CC5)c4)n3)c(C(F)(F)F)n2)cc1
1803,NC(=O)c1nn(-c2ccccc2)cc1NC(=O)c1coc(-c2ccnc(NCC(F)(F)F)c2)n1
1804,COc1cc2nn(C3CCNCC3)cc2cc1NC(=O)c1cccc(C(F)(F)F)n1
1805,Cc1sc2c(c1C)C(c1ccc(Cl)cc1)=N[C@H](CC=O)c1nnc(C)n1-2
1805,Cc1sc2c(c1C)C(c1ccc(Cl)cc1)=NC(CC=O)c1nnc(C)n1-2
1806,CN1C(=O)N(c2ccc(C#N)c(C(F)(F)F)c2)C(=O)C1(C)c1ccc(O)cc1
1807,CNc1ccc(-c2nc3ccccc3s2)cc1
1808,CC1(C)C(=O)N(c2cnc(C#N)c(C(F)(F)F)c2)C(=S)N1c1ccc(O)cc1
1809,CC1(C)C(=O)N(c2ccc(C#N)c(Cl)c2)C(=S)N1c1ccc(O)cc1
1810,CC[C@H](C)n1cc(C)c2c(C(=O)NCc3c(C)cc(C)[nH]c3=O)cc(-c3ccc(N4CCNCC4)nc3)cc21
1810,CCC(C)n1cc(C)c2c(C(=O)NCc3c(C)cc(C)[nH]c3=O)cc(-c3ccc(N4CCNCC4)nc3)cc21
1811,CCNc1nonc1/C(=N\O)Nc1ccc(F)c(Br)c1
1811,CCNc1nonc1C(=NO)Nc1ccc(F)c(Br)c1
1812,CC1(N)CCN(c2cnc(-c3cccc(Cl)c3Cl)c(N)n2)CC1
1813,COC(=O)C1=CC[C@@]23CC[C@H]([C@@](C)(/C=C/C=C(\C)C=O)OC2=O)[C@@]3(OC(C)=O)CC1
1813,COC(=O)C1=CCC23CCC(C(C)(C=CC=C(C)C=O)OC2=O)C3(OC(C)=O)CC1
1814,N#Cc1ccc(O[C@H]2C[C@H]3CC[C@@H](C2)N3)cc1Cl
1814,N#Cc1ccc(OC2CC3CCC(C2)N3)cc1Cl
1815,COc1nc(-c2ccnc(NC(=O)C3CC3)c2)sc1C=O
1816,CN1CCN(c2ccc(Nc3ncc4nc(Nc5ccccc5)n(C5CCCC5)c4n3)cc2)CC1
1817,CCCS(=O)(=O)Nc1ccc(F)c(-n2cc(-c3cncnc3)c3nc(N(C)C4CCN(CC)CC4)ccc32)c1F
1818,Nc1nc(Nc2ccc(S(N)(=O)=O)cc2)nn1C(=O)c1c(F)cccc1F
1819,CCCNc1nc(Nc2ccc(C#N)cc2)ncc1C#CCCCNC(=O)[C@H](C)N(C)C(=O)/C=C/CN(C)C
1819,CCCNc1nc(Nc2ccc(C#N)cc2)ncc1C#CCCCNC(=O)C(C)N(C)C(=O)C=CCN(C)C
1820,N#Cc1cccc(-c2c[nH]c3ncnc(N4CCOC(CN)C4)c23)c1
1821,N#Cc1cccc(-c2c[nH]c3ncnc(N4CCOC(C=O)C4)c23)c1
1822,CCNc1nc(Nc2cc(F)c(C(=O)N3CCOC(CN)C3)cc2OC)ncc1C(F)(F)F
1823,Nc1ccc(NC(=O)CCCCCCC(=O)NO)cc1
1824,CS(=O)(=O)c1cccc(CNc2nc(Nc3ccc(C=O)cc3)ncc2C(F)(F)F)c1
1825,C[C@@H]1Cc2c([nH]c3ccccc23)[C@@H](c2cncnc2)N1CC(C)(C)F
1825,CC1Cc2c([nH]c3ccccc23)C(c2cncnc2)N1CC(C)(C)F
1826,Cc1[nH]nc(Nc2ccnc(Nc3ccc(CC#N)cc3)n2)c1C
1827,CNc1cc(Nc2cc(C3CC3)[nH]n2)nc(Nc2ccc(CC#N)cc2)n1
1828,CN1CCc2cc(Nc3ncc(C4CC4)c(NCCCNC(=O)C4CCC4)n3)ccc2C1
1829,Cc1ccc(NC(=O)c2cccc(C(C)(C)C#N)c2)cc1Nc1ccc2ncn(C)c(=O)c2c1
1830,COc1cc(N2CCN(C)CC2)ccc1Nc1ncc2c(n1)N(C)c1ccccc1C(=O)N2CC(F)(F)F
1831,NC1(c2ccc(-c3nc4ccn5c(=O)[nH]nc5c4cc3-c3ccccc3)cc2)CCC1
1832,Cn1ncc(Cl)c1-c1cc(C(=O)N[C@H](CN)Cc2cccc(F)c2)sc1Cl
1832,Cn1ncc(Cl)c1-c1cc(C(=O)NC(CN)Cc2cccc(F)c2)sc1Cl
1833,Cc1cnc(Nc2ccc(N3CCN(C)CC3)cc2)nc1Nc1cccc(S(=O)(=O)NC(C)(C)C)c1
1834,Cc1ccc(C(=O)Nc2ccc(CN3CCN(C)CC3)c(C(F)(F)F)c2)cc1C#Cc1cnc2cccnn12
1835,Cn1c(=O)c(-c2c(Cl)cccc2Cl)cc2cnc(Nc3ccc(OCCN)cc3)nc21
1836,CC(C)(C)c1cc(NC(=O)Nc2ccc(Oc3ccnc(C=O)c3)cc2F)n(-c2ccc3ncccc3c2)n1
1837,CC(C)(C)c1cnc(CSc2cnc(NC(=O)C3CCNCC3)s2)o1
1838,CCc1ccc2c(c1)C(=O)c1c([nH]c3cc(C#N)ccc13)C2(C)C
1839,CC(C)S(=O)(=O)c1ccccc1Nc1nc(N[C@@H]2CCCNC2)ncc1Cl
1839,CC(C)S(=O)(=O)c1ccccc1Nc1nc(NC2CCCNC2)ncc1Cl
1840,O=C(Cc1ccc(Cl)c(Cl)c1)NCc1cccc(-c2cn3c(n2)CCC3)c1
1841,Cc1n[nH]c(Nc2ncnc3cc(O)c(S(=O)(=O)C(C)(C)C)cc23)c1C
1842,C[C@]1(CN)CCC(c2ccc(Cl)cc2)=C(CN2CCN(c3ccc(C(=O)NS(=O)(=O)c4ccc(N[C@H](CCN5CCOCC5)CSc5ccccc5)c(S(=O)(=O)C(F)(F)F)c4)cc3)CC2)C1
1842,CC1(CN)CCC(c2ccc(Cl)cc2)=C(CN2CCN(c3ccc(C(=O)NS(=O)(=O)c4ccc(NC(CCN5CCOCC5)CSc5ccccc5)c(S(=O)(=O)C(F)(F)F)c4)cc3)CC2)C1
1843,COc1cc2ncnc(Nc3ccc(F)c(Cl)c3)c2cc1NC(=O)/C=C/CN1CCCCC1
1843,COc1cc2ncnc(Nc3ccc(F)c(Cl)c3)c2cc1NC(=O)C=CCN1CCCCC1
1844,CC(C)c1cnn2c(NCc3ccccc3)cc(NCCCCCCN)nc12
1845,CC(C)c1cnn2c(NCc3ccccc3N(C)C)nc(OC3CCN(C)CC3)nc12
1846,CC(C)c1cnn2c(NCc3ccc(N)cc3N(C)C)nc(OC3CCN(C)CC3)nc12
1847,CC(C)c1cnn2c(NCc3cccc(N)c3)nc(OC3CCN(C)CC3)nc12
1848,CC(C)c1cnn2c(NCc3ccc(NC=O)cc3)nc(OC3CCN(C)CC3)nc12
1849,N#Cc1ccc(O[C@H]2CC[C@H](NC(=O)c3ccccc3)C2)cc1Cl
1849,N#Cc1ccc(OC2CCC(NC(=O)c3ccccc3)C2)cc1Cl
1850,N#Cc1ccc(OC2CCN(C(=O)c3ccccc3)CC2)cc1Cl
1851,C[C@@H]1C[C@@H](O)c2ncnc(N3CCN(C(=O)[C@H](CN)c4ccc(Cl)cc4)CC3)c21
1851,CC1CC(O)c2ncnc(N3CCN(C(=O)C(CN)c4ccc(Cl)cc4)CC3)c21
1852,COc1cc(N2CCN(CC=O)CC2)c(NC(=O)/C(C#N)=C/C2CC2)cc1Nc1nccc(-c2cn(C)c3ccccc23)n1
1852,COc1cc(N2CCN(CC=O)CC2)c(NC(=O)C(C#N)=CC2CC2)cc1Nc1nccc(-c2cn(C)c3ccccc23)n1
1853,COc1cc(N2CCN(C)CC2)c(N)cc1Nc1nccc(-c2cn(C)c3ccccc23)n1
1854,C=CC(=O)N1CC[C@H](n2c(Nc3ccccc3)nc3cnc(Nc4ccc(N5CCN(C)CC5)cc4)nc32)C1
1854,C=CC(=O)N1CCC(n2c(Nc3ccccc3)nc3cnc(Nc4ccc(N5CCN(C)CC5)cc4)nc32)C1
1855,C=CC(=O)N1CCC[C@H](n2c(Nc3ccccc3)nc3cnc(Nc4ccc(N5CCN(CC=O)CC5)cc4)nc32)C1
1855,C=CC(=O)N1CCCC(n2c(Nc3ccccc3)nc3cnc(Nc4ccc(N5CCN(CC=O)CC5)cc4)nc32)C1
1856,Cc1cc(Cn2c(N3CC4(CNC4)C3)nc3c(N4CCN(C)CC4)cc(Cl)cc32)cc(C)c1F
1857,O=CCc1sc(N/N=C(\Cc2ccccc2[N+](=O)[O-])C(=O)O)nc1-c1ccc(Cl)c(Cl)c1
1857,O=CCc1sc(NN=C(Cc2ccccc2[N+](=O)[O-])C(=O)O)nc1-c1ccc(Cl)c(Cl)c1
1858,O=c1cc(CO)occ1O
1859,Cc1ncc(-c2ccnc(Nc3ccc(S(C)(=O)=O)cc3)n2)n1C(C)C
1860,Cc1nccc(Nc2ncc(C(=O)Nc3c(C)cccc3Cl)s2)n1
1861,COc1ccc(-c2ocnc2C=O)cc1Cl
1862,Nc1nc(N)n(-c2cc3c(nn2)-c2ccccc2CCC3)n1
1863,CCOC(=O)c1[nH]c2cc(Cl)ccc2c1C(NCc1ccc(Cl)cc1)C(=O)NC(C)(C)C
1864,CC(C)(C)NC(=O)C(c1c(C=O)[nH]c2cc(Cl)ccc12)N(C=O)Cc1cc(F)c(F)c(F)c1
1865,CC(C)(C)NC(=O)C(NCc1cc(F)c(F)c(F)c1)c1ccc(Cl)cc1
1866,CN1CCC[C@H]1COc1nc2c(c(N3CCN(C(=O)/C(C#N)=C\C4CC4)[C@@H](CC#N)C3)n1)CCN(c1cccc3cccc(Cl)c13)C2
1866,CN1CCCC1COc1nc2c(c(N3CCN(C(=O)C(C#N)=CC4CC4)C(CC#N)C3)n1)CCN(c1cccc3cccc(Cl)c13)C2
1867,O=C(CCCO/N=C1C(=C2/C(=O)Nc3ccccc32)/Nc2ccccc2/1)NO
1867,O=C(CCCON=C1C(=C2C(=O)Nc3ccccc32)Nc2ccccc21)NO
1868,COc1cc(C2CCNCC2)ccc1Nc1ncc(Cl)c(Nc2ccccc2NS(C)(=O)=O)n1
1869,CCC(=O)Nc1ccc(CN2C(=O)N(c3cc(OC)cc(OC)c3)Cc3cnc(Nc4ccccc4)nc32)cc1
1870,CC(C)(C)c1ccc(S(=O)(=O)Nc2ccc(Cl)cc2C(=O)c2cc[n+]([O-])cc2)cc1
1871,COc1cc(OCc2cccc(-c3ccccc3)c2C)cc(OC)c1CNCCN
1872,Cc1nc(N2CCC3(CC2)CO[C@@H](C)[C@H]3N)c(CO)nc1-c1cccc(Cl)c1Cl
1872,Cc1nc(N2CCC3(CC2)COC(C)C3N)c(CO)nc1-c1cccc(Cl)c1Cl
1873,COCCNC(=O)c1ccc(-c2nc(CNc3nccc(NCC(C)C)n3)cs2)cc1
1874,Cc1c(N2CCC3(CCNCC3)C2C)ccc(C#N)c1Cl
1875,C[C@H]1CC2(CCN(c3ccc(C(=O)N4CCN(C)CC4)cc3)CC2)CN1c1ccc(C#N)c(Cl)c1
1875,CC1CC2(CCN(c3ccc(C(=O)N4CCN(C)CC4)cc3)CC2)CN1c1ccc(C#N)c(Cl)c1
1876,N#CC[C@H](C1CCCC1)n1cc(-c2ncnc3[nH]ccc23)cn1
1876,N#CCC(C1CCCC1)n1cc(-c2ncnc3[nH]ccc23)cn1
1877,COc1cc(OC)cc(-c2cn(C)c(=O)c3cnccc23)c1
1878,CCCCn1cc(-c2cc(F)c(O)c(F)c2)c2ccncc2c1=O
1879,Nc1nnc(-c2ccccc2O)cc1N1CC2CCC(C1)N2
1880,Nc1nnc(-c2ccccc2O)cc1N1CCC(C=O)(c2ccccc2)CC1
1881,CCN(C)S(=O)(=O)Nc1ccc(F)c(C(=O)c2c[nH]c3ncc(-c4cncnc4)cc23)c1F
1882,Cc1ccc(C(=O)Nc2ccc(CN3CCN(C)CC3)c(C(F)(F)F)c2)cc1C#Cc1cnc2[nH]ncc2c1
1883,O=Cc1csc(Nc2ccc(Cl)cc2)n1
1884,O=Cc1cccc(SCc2cn(-c3cccc(C(=O)NO)c3)nn2)c1
1885,CC1(C)CCC(c2ccc(Cl)cc2)=C(CN2CCN(c3ccc(C(=O)NS(=O)(=O)c4ccc(N[C@H](CCN5CCOCC5)CSc5ccccc5)c(S(=O)(=O)C(F)(F)F)c4)cc3)CC2)C1
1885,CC1(C)CCC(c2ccc(Cl)cc2)=C(CN2CCN(c3ccc(C(=O)NS(=O)(=O)c4ccc(NC(CCN5CCOCC5)CSc5ccccc5)c(S(=O)(=O)C(F)(F)F)c4)cc3)CC2)C1
1886,CNc1ccc([N+](=O)[O-])c(Nc2ccc3[nH]ncc3c2)n1
1887,CN(C)CCC(CSc1ccccc1)Nc1ccc(S(=O)(=O)NC(=O)c2ccc(N3CCN(CC4=C(c5ccc(Cl)cc5)CCC(C)(C)C4)CC3)cc2)cc1S(=O)(=O)C(F)(F)F
1888,CNCCC(CSc1ccccc1)Nc1ccc(S(=O)(=O)NC(=O)c2ccc(N3CCN(CC4=C(c5ccc(Cl)cc5)CCC(C)(C)C4)CC3)cc2)cc1S(=O)(=O)C(F)(F)F
1889,CCC1C(COc2nccc3cc(C(N)=O)c(OC)cc23)NC(=O)C1F
1890,CCC1C(=O)N(C)c2cnc(Nc3ccc(C=O)cc3OC)nc2N1C1CCCC1
1891,CCC(C)(C)C(=O)C(=O)N1CCCCC1C(=O)OC(CCc1ccc(OC)c(OC)c1)c1cccc(N)c1
1892,COc1ccc(C=NNC(=O)CCCCCCC(=O)NO)cc1
1893,NC(=O)c1c(-c2ccc(Oc3ccc(F)cc3F)cc2)nn(C2CCCNC2)c1N
1894,C=CC(=O)NC(CCC=O)C(=O)Nc1cccc(Nc2ncc(NC(=O)c3cc(NC(=O)c4cccc(C)c4)ccc3C)cn2)c1
1895,Nc1ncnc2c1c(-c1ccc(Oc3ccccc3)cc1)nn2C1CCCN(CC=O)C1
1896,COc1ccc(Cl)c(S(=O)(=O)Nc2ccc(-c3nc(OCC4CNCCO4)c4c(C)n[nH]c4n3)cc2)c1
1897,CCC(=C(c1ccc(O)cc1)c1ccc(OCCN(C)CC)cc1)c1ccccc1
1898,COc1cc(OC)c(C=CS(=O)(=O)Cc2ccc(OC)c(CC=O)c2)c(OC)c1
1899,NC(=O)CCC(NC(=O)C1CCC2CCNCC(NC(=O)c3cc4cc(C(F)(F)P(=O)(O)O)ccc4[nH]3)C(=O)N21)C(=O)NC(c1ccccc1)c1ccccc1
1900,NC(=O)CCC(NC(=O)C1CCC2CCNCC(NC(=O)c3cc4cc(C(F)(F)P(=O)(O)O)ccc4[nH]3)C(=O)N21)C(=O)NCc1ccccc1
1901,NC(=O)CCC(NC(=O)C1CCC2CCNCC(NC(=O)c3cc4cc(OP(=O)(O)O)ccc4[nH]3)C(=O)N21)C(=O)NC(c1ccccc1)c1ccccc1
1902,CC(=CC(=O)NC1CNCCC2CCC(C(=O)NC(CCC(N)=O)C(=O)NC(c3ccccc3)c3ccccc3)N2C1=O)c1ccc(C(F)(F)P(=O)(O)O)cc1
1903,CC1(C)C(NC(=O)c2ccc(C=O)cc2)C(C)(C)C1Oc1ccc(C#N)c(Cl)c1
1904,CCC(=C(c1ccc(O)cc1)c1ccc(OCCN(C)C)cc1)c1ccccc1
1905,CCNc1nonc1C(=NO)Nc1ccc(F)c(Br)c1
1906,CCC(C)(C)C(=O)C(=O)N1CCCCC1C(=O)OC(CCc1ccc(OC)c(OC)c1)c1ccccc1
1907,C=C(F)C(=O)N1CCN(c2nc(OCC3CCCN3CCC=O)nc3c2CCN(c2cccc4cccc(Cl)c24)C3)CC1CC#N
1908,COc1ccc2nc(N=Nc3ccc(N(C)C)cc3)sc2c1
1909,CC(C)(C)c1cc(C(=O)C=Cc2ccc(C(=O)O)cc2)cc(C(C)(C)C)c1
1910,CC12CCC3C(CCC4CC(=O)CCC43C)C1CCC2O
1911,Nc1nc2c(ncn2C2OC(CO[PH](=O)[O-])C(O)C2O)c(=O)[nH]1
1912,Nc1nc2c(c(=O)[nH]1)[n+](Cc1ccccc1)cn2C1OC(COS(N)(=O)=O)C(O)C1O
1913,Nc1nc2c(c(=O)[nH]1)[n+](Cc1ccc(F)cc1)cn2C1OC(COP(=O)(O)O)C(O)C1O
1914,Nc1nc2c(ncn2C2OC(COP(=O)(O)O)C(O)C2O)c(=O)[nH]1
1915,CC=CCC(C)C(O)C1C(=O)NC(CC)C(=O)N(C)CC(=O)N(C)C(CC(C)C)C(=O)NC(C(C)C)C(=O)N(C)C(CC(C)C)C(=O)NC(C)C(=O)NC(C)C(=O)N(C)C(CC(C)C)C(=O)N(C)C(CC(C)C)C(=O)N(C)C(C(C)C)C(=O)N1C
1916,COc1cc(OC)c(C=CS(=O)(=O)Cc2ccc(OC)c(NCC=O)c2)c(OC)c1
1917,Nc1nc2c(c(=O)[nH]1)[n+](Cc1ccccc1)cn2C1OC(CO[PH](=O)O)C(O)C1O
1918,O=Cc1ccc(C(=O)c2c(-c3ccc(O)cc3)sc3cc(O)ccc23)cc1
1919,CC1(c2nc3c(C(N)=O)cccc3[nH]2)CCCN1
1920,CCC(C)C(C(CC(=O)N1CCCC1C(OC)C(C)C(=O)NC(C)C(O)c1ccccc1)OC)N(C)C(=O)C(NC(=O)C(NC)C(C)C)C(C)C
1921,NC(Cc1ccccc1)C(=O)N1CC(=Cc2ccc(Cl)c(Cl)c2)C(=O)C(=Cc2ccc(Cl)c(Cl)c2)C1
1922,C=CC(=O)NC(CCC=O)C(=O)Nc1cccc(Nc2ncc(NC(=O)c3cc(NC(=O)c4cccc(C(F)(F)F)c4)ccc3C)cn2)c1
1923,CC1(C)C(NC(=O)c2ccccc2)C(C)(C)C1Oc1ccc(C#N)c(Cl)c1
1924,O=C1C(=CC=Cc2ccc([N+](=O)[O-])cc2)c2ccccc2N1Cc1ccccc1
1925,CC(C)c1ccn2ncnc(NC3CCC(N4CCNCC4)CC3)c12
1926,COC(=O)C1=CCC23CCC(C(C)(C=CC=C(C)C=O)OC2=O)C3(OC(C)=O)CC1
1927,CC12CC(N)CC1(C)CC(Oc1ccc(C#N)c(Cl)c1)C2
1928,CCCNc1nc(Nc2ccc(C#N)cc2)ncc1C#CCCCNC(=O)C(C)N(C)C(=O)C(C#N)=CC(C)(C)N(C)C
1929,CC1Cc2c([nH]c3ccccc23)C(c2c(F)cccc2F)N1CC(C)(C)F
1930,CC(C)S(=O)(=O)c1ccccc1Nc1nc(NC2CCCNC2)ncc1Cl
1931,CC1(CN)CCC(c2ccc(Cl)cc2)=C(CN2CCN(c3ccc(C(=O)NS(=O)(=O)c4ccc(NC(CCN5CCOCC5)CSc5ccccc5)c(S(=O)(=O)C(F)(F)F)c4)cc3)CC2)C1
1932,CCC(CO)Nc1cc(NCc2ccc(N)cc2)n2ncc(C(C)C)c2n1
1933,N#Cc1ccc(OC2CCC(NC(=O)c3ccccc3)C2)cc1Cl
1934,N#Cc1ccc(OC2CCCC(NC(=O)c3ccccc3)CCC2)cc1Cl
1935,CN(c1ccc(C#N)c(Cl)c1)C1CCC(NC(=O)c2ccccc2)CC1
1936,CCCN(c1ccc(C#N)c(Cl)c1)C1CCC(NC(=O)c2ccccc2)CC1
1937,COc1cc(N2CCN(CC=O)CC2)c(NC(=O)C(C#N)=CC2CC2)cc1Nc1nccc(-c2cn(C)c3ccccc23)n1
1938,C=CC(=O)N1CCC(n2c(Nc3ccccc3)nc3cnc(Nc4ccc(N5CCN(C)CC5)cc4)nc32)C1
1939,C=CC(=O)N1CCCC(n2c(Nc3ccccc3)nc3cnc(Nc4ccc(N5CCN(CC=O)CC5)cc4)nc32)C1
1940,O=CCc1sc(NN=C(Cc2ccccc2[N+](=O)[O-])C(=O)O)nc1-c1ccc(Cl)c(Cl)c1
1941,NC(C=O)Cc1ccc(O)c(O)c1
1942,CCC1c2nnc(C)n2-c2cnc(Nc3ccc(C(=O)NC4CCN(C)CC4)cc3OC)nc2N1CC1CCCCC1
1943,O=CNC1CCC(Nc2ncnc3[nH]cc(C(=O)c4ccc(Oc5ccccc5)cc4Cl)c23)CC1
1944,NC(=O)CCC(NC(=O)C1CCC2CCNCC(NC(=O)c3cc4cc(C(=O)P(=O)(O)O)ccc4[nH]3)C(=O)N21)C(=O)NC(c1ccccc1)c1ccccc1
1945,COc1cc(Cl)c(-c2cc(Cl)ccc2Cl)cc1C(=O)N1CCN(C(=O)C=CC=O)CC1
1946,CC1CC2(CCNCC2)CN1c1ccc(C#N)c(Cl)c1
1947,CC1CC2(CCN(c3ccc(C(=O)N4CCN(C)CC4)cc3)CC2)CN1c1ccc(C#N)c(Cl)c1
1948,CC1(C)CCC(c2ccc(Cl)cc2)=C(CN2CCN(c3ccc(C(=O)NS(=O)(=O)c4ccc(NC(CCN5CCOCC5)CSc5ccccc5)c(S(=O)(=O)C(F)(F)F)c4)cc3)CC2)C1
1949,N#Cc1ccc(OC2CCC(NC(=O)c3cccnn3)CC2)cc1Cl
1950,COc1cc(-c2cnc3cccc(-c4cc(F)c(CN5CCS(=O)(=O)CC5)c(F)c4)c3n2)ccc1OCCCN1CCNCC1
1951,CN(C)C1CCN(c2ccc(Nc3cc4cnc(Nc5ccc(F)cc5)nc4cn3)nc2)CC1
1952,Cc1ccc(C(=O)N[C@H]2C(C)(C)[C@H](Oc3ccc(C#N)c(Cl)c3)C2(C)C)cc1
1952,Cc1ccc(C(=O)NC2C(C)(C)C(Oc3ccc(C#N)c(Cl)c3)C2(C)C)cc1
1953,CC1(C)C(=O)N(c2ccc(C#N)c(C(F)(F)F)c2)C(=S)N1c1ccccc1
1954,C=CC(=O)N1C[C@H](n2nc(-c3ccc(Oc4ccccc4)cc3)c3c(N)ncnc32)C[C@H]1C=O
1954,C=CC(=O)N1CC(n2nc(-c3ccc(Oc4ccccc4)cc3)c3c(N)ncnc32)CC1C=O
1955,C=CC(=O)N[C@H](CCC=O)C(=O)Nc1cccc(Nc2ncc(NC(=O)c3cc(NC(=O)c4cccc(C)c4)ccc3C)cn2)c1
1955,C=CC(=O)NC(CCC=O)C(=O)Nc1cccc(Nc2ncc(NC(=O)c3cc(NC(=O)c4cccc(C)c4)ccc3C)cn2)c1
1956,COc1cc(OC)cc(-c2cn(C)c(=O)c3cnccc23)c1
1957,O=Cc1ccc(NC(=O)[C@@H]2NC3(CCCCC3)[C@@]3(C(=O)Nc4cc(Cl)ccc43)[C@H]2c2cccc(Cl)c2F)cc1
1957,O=Cc1ccc(NC(=O)C2NC3(CCCCC3)C3(C(=O)Nc4cc(Cl)ccc43)C2c2cccc(Cl)c2F)cc1
1958,Cc1sc2c(c1C)C(c1ccc(Cl)cc1)=N[C@@H](CC=O)c1nnc(C)n1-2
1958,Cc1sc2c(c1C)C(c1ccc(Cl)cc1)=NC(CC=O)c1nnc(C)n1-2
1959,CCC(C)(C)C(=O)C(=O)N1CCCC[C@H]1C(=O)O[C@H](CCc1ccc(OC)c(OC)c1)c1ccccc1
1959,CCC(C)(C)C(=O)C(=O)N1CCCCC1C(=O)OC(CCc1ccc(OC)c(OC)c1)c1ccccc1
1960,Cc1ccc(NC(=O)c2ccc(CN)cc2)cc1Nc1nccc(-c2cccnc2)n1
1961,O=Cc1ccc(C(=O)c2c(-c3ccc(O)cc3)sc3cc(O)ccc23)cc1
1962,CC/C(=C(\c1ccc(O)cc1)c1ccc(OCCNC)cc1)c1ccccc1
1962,CCC(=C(c1ccc(O)cc1)c1ccc(OCCNC)cc1)c1ccccc1
1963,Oc1ccc2c(c1)CC[C@H](c1ccccc1)[C@@H]2c1ccccc1
1963,Oc1ccc2c(c1)CCC(c1ccccc1)C2c1ccccc1
1964,NO
1965,C=CC(=O)N1C[C@@H](n2nc(-c3ccc(Oc4ccccc4)cc3)c3c(N)ncnc32)C[C@H]1C=O
1965,C=CC(=O)N1CC(n2nc(-c3ccc(Oc4ccccc4)cc3)c3c(N)ncnc32)CC1C=O
1966,C[C@@H]1Cc2c([nH]c3ccccc23)[C@@H](c2c(F)cccc2F)N1CC(C)(C)F
1966,CC1Cc2c([nH]c3ccccc23)C(c2c(F)cccc2F)N1CC(C)(C)F
1967,CC(O)(COc1ccc(O)cc1)C(=O)Nc1ccc(C#N)c(C(F)(F)F)c1
1968,CC1(C)C(=O)N(c2ccc(C#N)c(C(F)(F)F)c2)C(=S)N1c1ccc(O)cc1
1969,COC(=O)C1=CC[C@@]23CC[C@H]([C@@](C)(/C=C/C=C(\C)C=O)OC2=O)[C@@]3(OC(C)=O)CC1
1969,COC(=O)C1=CCC23CCC(C(C)(C=CC=C(C)C=O)OC2=O)C3(OC(C)=O)CC1
1970,C[C@@H]1C[C@@H](O)c2ncnc(N3CCN(C(=O)[C@H](CN)c4ccc(Cl)cc4)CC3)c21
1970,CC1CC(O)c2ncnc(N3CCN(C(=O)C(CN)c4ccc(Cl)cc4)CC3)c21
1971,CCc1ccc2c(c1)C(=O)c1c([nH]c3cc(C#N)ccc13)C2(C)C
1972,CC(C)c1cnn2c(NCc3ccc(N)cc3)nc(OC3CCN(C)CC3)nc12
1973,COc1ccc(-c2ocnc2C=O)cc1Cl
1974,Nc1nc(N)n(-c2cc3c(nn2)-c2ccccc2CCC3)n1
1975,COCCNC(=O)c1ccc(-c2nc(CNc3nccc(NCC(C)C)n3)cs2)cc1
1976,Nc1ccccc1N
1977,CC1CC(O)c2ncnc(C3CCN(C(=O)C(C)c4ccc(Cl)cc4)CC3)c21
1978,CC1(C)C(NC(=O)c2ccccc2)C(C)(C)C1Oc1ccc(C#N)c(Cl)c1
1979,C=CC(=O)N1CC(n2nc(-c3ccc(Oc4ccccc4)cc3)c3c(N)ncnc32)CC1C=O
1980,NC(=O)CCC(NC(=O)C1CCC2CCNCC(NC(=O)c3cc4cc(C(F)(F)P(=O)(O)O)ccc4[nH]3)C(=O)N21)C(=O)NC(c1ccccc1)c1ccccc1
1981,CCNc1nonc1C(=NO)Nc1ccc(F)c(Br)c1
1982,CC1CC(O)c2ncnc(N3CCN(C(=O)C(CN)c4ccc(Cl)cc4)CC3)c21
1983,CC12CCC3c4ccc(O)cc4CCC3C1CCC2O
1984,C=CC(=O)NC(CCC=O)C(=O)Nc1cccc(Nc2ncc(NC(=O)c3cc(NC(=O)c4cccc(C(F)(F)F)c4)ccc3C)cn2)c1
1985,COC(=O)C1=CCC23CCC(C(C)(C=CC=C(C)C=O)OC2=O)C3(OC(C)=O)CC1
1986,CCN(C)S(=O)(=O)Nc1ccc(F)c(C(=O)c2c[nH]c3ncc(-c4ccccc4)cc23)c1F
1987,C=CC(=O)Nc1cccc(-n2c(=O)cc(C)c3cnc(Nc4ccccc4OC)nc32)c1
1988,CCOc1ccc2c(c1)sc1nc(-c3ccc(N[N+](=O)NC(=N)/C=C(\O)C(C)(C)C)cc3)cn12
1988,CCOc1ccc2c(c1)sc1nc(-c3ccc(N[N+](=O)NC(=N)C=C(O)C(C)(C)C)cc3)cn12
1989,COc1cc(-c2cn(C)c(=O)c3cc(C(=N)NC4CCS(=O)(=O)CC4)sc23)ccc1O
1990,CCn1c(C(=O)O)c(CCCOc2cccc3ccccc23)c2cccc(-c3c(C)nn(C)c3COc3ccc(N4CCN(S(=O)(=O)N(C)C)CC4)cc3)c21
1991,Cc1nn(C)c(COc2ccc(N3CCN(S(=O)(=O)N(C)C)CC3)cc2)c1-c1cccc2c(CCCOc3cccc4ccccc34)c(C=O)n(CCN3CCOCC3)c12
1992,Cc1nn(C)c(COc2ccccc2)c1-c1cccc2c(CCCOc3cccc4ccccc34)c(C(=O)O)n(CCN3CCOCC3)c12
1993,CN(CC1CCCCC1)S(=O)(=O)c1ccc(S(=O)(=O)N(Cc2ccc(Cl)cc2)C2CCCC2)cc1
1994,CN(c1cccc(CNc2nc(N)ncc2C(F)(F)F)c1)S(C)(=O)=O
1995,CN(c1cccc(CNc2nc(Nc3ccccc3)ncc2C(F)(F)F)c1)S(C)(=O)=O
1996,CN(c1cccc(CNc2nc(Nc3ccc(O)cc3)ncc2C(F)(F)F)c1)S(C)(=O)=O
1997,N#CC1=C(N)c2ccc(Sc3ccc(Br)cc3)c3cccc(c23)C1=O
1998,N#CC1=Cc2ccc(Sc3ccc(Br)cc3)c3cccc(c23)C1=O
1999,NCCN1C(=O)c2cccc3c(Sc4ccc(Br)cc4)ccc(c23)C1=O
2000,CCC(=O)NCCN1C(=O)c2cccc3c(Sc4ccc(Br)cc4)ccc(c23)C1=O
2001,Cc1nc2c(F)cc(-c3nc(Nc4ccc(CN5CCNCC5)cn4)ncc3F)cc2n1C(C)C
2002,COc1ccc(Cl)c(S(=O)(=O)Nc2ccc(-c3nc(OC[C@H]4CNCCO4)c4cn[nH]c4n3)cc2)c1
2002,COc1ccc(Cl)c(S(=O)(=O)Nc2ccc(-c3nc(OCC4CNCCO4)c4cn[nH]c4n3)cc2)c1
2003,COc1ccc(C(=O)c2c(-c3ccc(O)cc3)sc3cc(O)ccc23)cc1
2004,CC(C)N(C)CCOc1ccc(C(=O)c2c(-c3ccc(O)cc3)sc3cc(O)ccc23)cc1
2005,CN(CCOc1ccc(C(=O)c2c(-c3ccc(O)cc3)sc3cc(O)ccc23)cc1)C1CC1
2006,CN(CCOc1ccc(C(=O)c2c(-c3ccc(O)cc3)sc3cc(O)ccc23)cc1)C1CCCC1
2007,CN(CCOc1ccc(C(=O)c2c(-c3ccc(O)cc3)sc3cc(O)ccc23)cc1)C1CCCCC1
2008,CN(CCOc1ccc(C(=O)c2c(-c3ccc(O)cc3)sc3cc(O)ccc23)cc1)CC1CCC1
2009,CN(C)C/C=C/C(=O)Nc1ccc2ncnc(Nc3ccc(F)c(Cl)c3)c2c1
2009,CN(C)CC=CC(=O)Nc1ccc2ncnc(Nc3ccc(F)c(Cl)c3)c2c1
2010,COc1cc2c(Oc3ccc(N(C(=O)C4(C(N)=O)CC4)c4ccc(F)cc4)cc3F)ccnc2cc1O
2011,C=CC(=O)N1CCC[C@@H](n2nc(-c3ccc(-c4ccccc4)cc3)c3c(N)ncnc32)C1
2011,C=CC(=O)N1CCCC(n2nc(-c3ccc(-c4ccccc4)cc3)c3c(N)ncnc32)C1
2012,CCC(=O)N1CCC[C@@H](n2nc(-c3ccc(-c4ccccc4)cc3)c3c(N)ncnc32)C1
2012,CCC(=O)N1CCCC(n2nc(-c3ccc(-c4ccccc4)cc3)c3c(N)ncnc32)C1
2013,COc1ccc(OC)c(-c2cn(C)c(=O)c3cnccc23)c1
2014,Cc1cc(Nc2ncncc2Cl)n[nH]1
2015,Cc1cc(Nc2nc(N)ncc2Cl)n[nH]1
2016,Nc1ncnc2c1c(-c1ccc(Cl)cc1)nn2Cc1cn(CC=O)nn1
2017,CC(=O)N1c2ccc(-c3ccc(C=O)cc3)cc2[C@H](Nc2ccc(Cl)cc2)C[C@@H]1C
2017,CC(=O)N1c2ccc(-c3ccc(C=O)cc3)cc2C(Nc2ccc(Cl)cc2)CC1C
2018,Cc1cc(-c2ccc(C=O)cc2N2CCC(c3[nH]cnc3C)CC2)ccc1F
2019,CN(c1ncccc1CNc1nc(Nc2ccc(N)cc2)ncc1C(F)(F)F)S(C)(=O)=O
2020,CN(c1nccnc1CNc1nc(Nc2ccc(N)cc2)ncc1C(F)(F)F)S(C)(=O)=O
2021,CN(c1ncccc1CNc1nc(Nc2ccc(C=O)cc2)ncc1C(F)(F)F)S(C)(=O)=O
2022,CN(c1ncccc1CNc1ncc(C(F)(F)F)c(Nc2ccc(N)cc2)n1)S(C)(=O)=O
2023,FC(F)c1nc2ccccc2n1-c1ncnc(N2CCOCC2)n1
2024,FC(F)c1nc2ccccc2n1-c1nc(N2CCNCC2)nc(N2CCOCC2)n1
2025,CCOc1cc(C(C)(C)C)ccc1C1=NC(c2ccc(Cl)cc2)C(c2ccc(Cl)cc2)N1C=O
2026,Cc1ccc(NC(=O)c2ccc(CN3CCNCC3)cc2)cc1Nc1nccc(-c2cccnc2)n1
2027,N[C@@H]1CCN(c2ncc(C(=O)Nc3ccc(OC(F)(F)Cl)cc3)cc2-c2cc[nH]n2)C1
2027,NC1CCN(c2ncc(C(=O)Nc3ccc(OC(F)(F)Cl)cc3)cc2-c2cc[nH]n2)C1
2028,Cc1c(COc2ccc(CN3CCCCC3C=O)cc2Br)cccc1-c1ccccc1
2029,Cc1c(COc2cc(OCc3cccc(C#N)c3)c(CN3CCCCC3C=O)cc2Cl)cccc1-c1ccccc1
2030,Cc1c(COc2cc(OCc3cccc(C#N)c3)c(CN3CCCCC3C=O)cc2Cl)cccc1-c1ccc2c(c1)OCCO2
2031,O=C1NCc2ccc(O)cc2O1
2032,COCCOc1ccc(Nc2ncc(F)c(Nc3cccc(N)c3)n2)cc1
2033,COC(=O)C[C@@H]1N=C(c2ccc(Cl)cc2)c2c(sc(C=O)c2C)-n2c(C)nnc21
2033,COC(=O)CC1N=C(c2ccc(Cl)cc2)c2c(sc(C=O)c2C)-n2c(C)nnc21
2034,Cc1ccc(Nc2ncc(F)c(-c3cc(F)c4nc(C)n(C(C)C)c4c3)n2)nc1
2035,Cc1ccc(C(=O)Nc2ccc(C)c(Nc3nccc(-c4cccnc4)n3)c2)cc1
2036,CC(O)(CS(=O)(=O)c1ccc(C=O)cc1)C(=O)Nc1ccc(C#N)c(C(F)(F)F)c1
2037,CCCS(=O)(=O)Nc1ccc(F)c(C(=O)c2c[nH]c3ncccc23)c1F
2038,CCCS(=O)(=O)Nc1ccc(F)c(C(=O)c2c[nH]c3ncc(-c4ccc(CN)cc4)cc23)c1F
2039,CCONC(=O)c1ccc(F)c(F)c1Nc1ccc(I)cc1F
2040,O=Cc1ccc(F)c(F)c1Nc1ccc(I)cc1F
2041,CCCONC(=O)c1ccc(F)c(F)c1Nc1ccc(I)cc1F
2042,CCN(C)Cc1ccc(-c2[nH]c3cc(F)cc4c3c2CCNC4=O)cc1
2043,O=C(c1cc(Cc2n[nH]c(=O)c3ccccc23)ccc1F)N1CCNCC1
2044,CCCOc1cccc(Oc2cc3c(cc2NS(=O)(=O)c2cccc(C=O)c2)n(C)c(=O)n3C)c1
2045,CCCOc1cc(OCCCCN(C)C)cc(Oc2cc3c(cc2NS(=O)(=O)c2cccc(C=O)c2)n(C)c(=O)n3C)c1
2046,CC[C@H](C(=O)N1CCCC[C@H]1C(=O)O[C@H](CCc1ccc(OC)c(OC)c1)c1ccccc1OCC=O)c1cc(OC)c(OC)c(OC)c1
2046,CCC(C(=O)N1CCCCC1C(=O)OC(CCc1ccc(OC)c(OC)c1)c1ccccc1OCC=O)c1cc(OC)c(OC)c(OC)c1
2047,CC[C@H](C(=O)N1CCCC[C@H]1C(=O)O[C@H](CCc1ccc(OC)c(OC)c1)c1cccc(OCC=O)c1)c1cc(OC)c(OC)c(OC)c1
2047,CCC(C(=O)N1CCCCC1C(=O)OC(CCc1ccc(OC)c(OC)c1)c1cccc(OCC=O)c1)c1cc(OC)c(OC)c(OC)c1
2048,CC[C@H](C(=O)N1CCCC[C@H]1C(=O)O[C@H](CCc1ccc(OC)c(OC)c1)c1ccccc1)c1cc(OC)c(OC)c(OC)c1
2048,CCC(C(=O)N1CCCCC1C(=O)OC(CCc1ccc(OC)c(OC)c1)c1ccccc1)c1cc(OC)c(OC)c(OC)c1
2049,COc1ccc(/C=C\c2cc(OC)c(OC)c(OC)c2)cc1N
2049,COc1ccc(C=Cc2cc(OC)c(OC)c(OC)c2)cc1N
2050,c1ccc2c(c1)[nH]c1ccncc12
2051,CN(C)[C@H]1CC[C@@]2(C)C(CC[C@@H]3C2CC[C@]2(C)[C@@H](c4ccc5ccncc5c4)CC[C@@H]32)C1
2051,CN(C)C1CCC2(C)C(CCC3C2CCC2(C)C(c4ccc5ccncc5c4)CCC32)C1
2052,Cc1[nH]c(/C=C2\C(=O)Nc3ccc(S(=O)(=O)Cc4c(Cl)cccc4Cl)cc32)c(C)c1C=O
2052,Cc1[nH]c(C=C2C(=O)Nc3ccc(S(=O)(=O)Cc4c(Cl)cccc4Cl)cc32)c(C)c1C=O
2053,Cc1[nH]c(/C=C2\C(=O)Nc3ccc(F)cc32)c(C)c1C=O
2053,Cc1[nH]c(C=C2C(=O)Nc3ccc(F)cc32)c(C)c1C=O
2054,O=CCCc1ccc2c(c1)[nH]c1ccncc12
2055,NC(=O)c1nn(-c2ccccc2)cc1NC(=O)c1coc(-c2ccncc2)n1
2056,O=C(Nc1nccs1)C(c1ccccc1O)N1Cc2ccc(-c3cccnc3)cc2C1=O
2057,O=C(Nc1n[nH]c2ccc(Cc3cc(F)cc(F)c3)cc12)c1ccccc1NC1CCOCC1
2058,Fc1cccc([C@H]2CCCN2c2ccc3ncc(-c4ccccn4)n3n2)c1
2058,Fc1cccc(C2CCCN2c2ccc3ncc(-c4ccccn4)n3n2)c1
2059,CC1(C)C(=O)N(c2ccc(C#N)c(C(F)(F)F)c2)C(=S)N1c1cccc(F)c1
2060,C#Cc1ccc(OCCCc2sc(N3CCc4cccc(C(=O)Nc5nc6ccccc6s5)c4C3)nc2C(=O)O)cc1
2061,COc1cc(C=O)ccc1Nc1ncc(C(F)(F)F)c(Oc2cccc3c2C(=O)CC3)n1
2062,NCCCC(=O)N1CCN(C(=O)c2cc(Cc3n[nH]c(=O)c4ccccc34)ccc2F)CC1
2063,CCC(=O)N1CCN(C(=O)c2cc(Cc3n[nH]c(=O)c4ccccc34)ccc2F)CC1
2064,O=CCCCCCCCCCCC(=O)N1CCN(C(=O)c2cc(Cc3n[nH]c(=O)c4ccccc34)ccc2F)CC1
2065,CCCCONC(=O)c1ccc(F)c(F)c1Nc1ccc(I)cc1F
2066,CCN(c1cc(-c2ccc(C)cc2)cc(C(=O)NCc2c(C)cc(C)[nH]c2=O)c1C)C1CCOCC1
2067,CCN(c1cc(-c2ccccc2)cc(C(=O)NCc2c(C)cc(C)[nH]c2=O)c1C)C1CCOCC1
2068,O=C(NC[C@H](O)CN1CCc2ccccc2C1)c1cc(NC2CNC2)ncn1
2068,O=C(NCC(O)CN1CCc2ccccc2C1)c1cc(NC2CNC2)ncn1
2069,CCOc1cc2nc(CCC(C)(C)C=O)n(C)c2cc1NC(=O)c1cccc(C(F)(F)F)n1
2070,CCCCCCCCCCCCCC(=S)NCCCC[C@H](N)C(=O)Nc1ccccc1
2070,CCCCCCCCCCCCCC(=S)NCCCCC(N)C(=O)Nc1ccccc1
2071,CNC(=O)c1cnc(-c2ccnc(NC(=O)C3CC3)c2)s1
2072,CNC(=O)c1sc(-c2ccnc(NC(=O)C3CC3)c2)nc1O
2073,CN(C)C(=O)c1cn(C2CCCC2)c2ncncc12
2074,CN(C)C(=O)c1cn(C2CCCC2)c2nc(Nc3ccc(C=O)cc3)ncc12
2075,CN(C)C(=O)c1cn(C2CCCC2)c2nc(N)ncc12
2076,CCCNNC(=O)c1ccc(-c2ccc(N)cc2)cc1
2077,COc1cc(Nc2ncc3c(n2)-c2ccc(Cl)cc2C(c2c(F)cccc2OC)=NC3)ccc1C=O
2078,Nc1nccc(-c2scnc2-c2cccc(NS(=O)(=O)c3c(F)cccc3F)c2F)n1
2079,CCCS(=O)(=O)Nc1ccc(F)c(C(=O)c2c[nH]c3ncc(-c4ccccc4)cc23)c1F
2080,Fc1ccc(-c2csc(N3CCOCC3)n2)cc1F
2081,Fc1ccc2c(c1)N=C(N[C@H]1CCNC1)c1cc(Cl)ccc1N2CC(F)F
2081,Fc1ccc2c(c1)N=C(NC1CCNC1)c1cc(Cl)ccc1N2CC(F)F
2082,Cc1ccc(NC(=O)c2cccc(C(F)(F)F)c2)cc1N1Cc2cnc(Nc3cccnc3)nc2N(C)C1=O
2083,CCCS(=O)(=O)Nc1ccc(F)c(C(=O)c2c[nH]c3ncc(-c4ccc(C=O)cc4)cc23)c1F
2084,C[C@@H]1CCc2ncnc(N3CCN(C(=O)[C@H](CN)c4ccc(Cl)cc4)CC3)c21
2084,CC1CCc2ncnc(N3CCN(C(=O)C(CN)c4ccc(Cl)cc4)CC3)c21
2085,CNc1cc(Nc2cccc(C)c2)nn2c(C(N)=O)cnc12
2086,CCC(=O)N(Cc1ccc(N)nc1)c1cc(N2CCCC[C@H]2CCO)nc2c(CC)cnn12
2086,CCC(=O)N(Cc1ccc(N)nc1)c1cc(N2CCCCC2CCO)nc2c(CC)cnn12
2087,Nc1ccc(C(=O)Nc2cccc(Nc3cc(-c4c[nH]c5ccccc45)ncn3)c2)cc1
2088,CN(C1CC1)S(=O)(=O)c1ccc(-c2cnc(N)c(-c3ccc4c(c3)CCNC4=O)c2)cc1
2089,CN1c2ccccc2C(=O)Nc2cnc(Nc3ccccc3)nc21
2090,C=CC(=O)Nc1cc2c(Nc3ccc(F)c(Cl)c3)ncnc2cc1O
2091,C=CC(=O)Nc1cc2c(Nc3ccc(F)c(Cl)c3)ncnc2cc1OCC
2092,C=CC(=O)Nc1cc2c(Nc3ccc(F)c(Cl)c3)ncnc2cc1OCCC
2093,C[C@@H]1OCC2(CCN(c3cnc(Sc4cccc(N)c4Cl)c(N)n3)CC2)[C@@H]1N
2093,CC1OCC2(CCN(c3cnc(Sc4cccc(N)c4Cl)c(N)n3)CC2)C1N
2094,C[C@@H]1CCC2(CCN(c3cnc(Sc4cccc(N)c4Cl)c(N)n3)CC2)[C@@H]1N
2094,CC1CCC2(CCN(c3cnc(Sc4cccc(N)c4Cl)c(N)n3)CC2)C1N
2095,Nc1c(-c2nc3ccccc3[nH]2)c(=O)[nH]c2cccc(F)c12
2096,CN1CCN(c2ccc(-c3ccc(C=O)cc3)cc2NC(=O)c2c[nH]c(=O)cc2C(F)(F)F)CC1
2097,CN1CCN(c2ccccc2NC(=O)c2cnc(O)cc2C(F)(F)F)CC1
2098,CCC(=O)N[C@H]1CC[C@@H](n2c(=O)cc(C)c3cnc(Nc4ccccc4OC)nc32)CC1
2098,CCC(=O)NC1CCC(n2c(=O)cc(C)c3cnc(Nc4ccccc4OC)nc32)CC1
2099,CCN(c1cccc(C(=O)NCc2c(C)cc(C)[nH]c2=O)c1C)C1CCOCC1
2100,CCN(c1cc(-c2ccc(C=O)cc2)cc(C(=O)NCc2c(C)cc(C)[nH]c2=O)c1C)C1CCOCC1
2101,CC(O)(CS(=O)(=O)c1ccccc1)C(=O)Nc1ccc(C#N)c(C(F)(F)F)c1
2102,O=C(Nc1ccccc1)c1cnc(Oc2ccccc2)nc1
2103,CCn1c(-c2nonc2N)nc2c(C#CC(C)(C)O)ncc(O)c21
2104,Cn1cc(-c2ccccc2Oc2ccccc2)c2cc(C=O)[nH]c2c1=O
2105,Cn1cc(-c2ccccc2)c2cc(C=O)[nH]c2c1=O
2106,Cn1cc(-c2cccc(C(C)(C)O)c2)c2cc(C=O)[nH]c2c1=O
2107,CC(C)Oc1ccccc1-c1cn(C)c(=O)c2[nH]c(C=O)cc12
2108,Cn1cc(-c2ccccc2OC2CC2)c2cc(C=O)[nH]c2c1=O
2109,C=C(C)c1ccc(OC(C)C)c(-c2cn(C)c(=O)c3[nH]c(C=O)cc23)c1
2110,C=C(C)c1ccc(Oc2ccccc2)c(-c2cn(C)c(=O)c3[nH]c(C=O)cc23)c1
2111,CC(C)Oc1ccc(C(C)(C)O)cc1-c1cn(C)c(=O)c2[nH]c(C=O)cc12
2112,Cn1cc(-c2cc(C(C)(C)O)ccc2OC2CC2)c2cc(C=O)[nH]c2c1=O
2113,Cn1cc(-c2cc(C(C)(C)O)ccc2Oc2ccccc2)c2cc(C=O)[nH]c2c1=O
2114,CC[C@@H]1c2nnc(C)n2-c2cnc(Nc3ccc(C=O)cc3OC)nc2N1CC1CCCCC1
2114,CCC1c2nnc(C)n2-c2cnc(Nc3ccc(C=O)cc3OC)nc2N1CC1CCCCC1
2115,COc1c(C)cnc(Cn2ccc3c(Cl)nc(N)nc32)c1C
2116,CC(C)n1cnc2c(NCc3nc4cc(F)ccc4[nH]3)nc(N3CCOCC3)nc21
2117,COc1ccc(-c2ocnc2C=O)cc1I
2118,O=CCNc1ncnc2[nH]cc(C(=O)c3ccc(Oc4ccccc4)cc3Cl)c12
2119,COc1ccccc1Nc1ncc(Cl)c(Nc2ccccc2S(=O)(=O)C(C)C)n1
2120,COc1cc(OC)c(Cl)c(NC(=O)N(C)c2cc(Nc3ccccc3)ncn2)c1Cl
2121,CNC(=O)c1ccccc1Nc1cc(Nc2ccccc2OC)ncc1C(F)(F)F
2122,Nc1ccc(-c2cc3ccc(O)cc3oc2=O)cc1
2123,Nc1ccc(N2Cc3ccc(O)cc3OC2=O)cc1
2124,O=CCc1ccc(N2Cc3ccc(O)cc3OC2=O)cc1
2125,COc1ncc(-c2ccc3ncc(-c4nnco4)n3c2)cc1NS(=O)(=O)c1ccc(F)cc1F
2126,COc1cc(OCc2cccc(-c3ccccc3)c2C)cc(OC)c1C
2127,COc1cc(OCc2cccc(-c3ccccc3)c2C)cc(OC)c1CNCC=O
2128,COc1cc(OCc2ccc(-c3ccccc3)c(C)c2)cc(OC)c1CNCC=O
2129,COc1cc(OCc2cccc(-c3ccccc3)c2C)cc(OC)c1CN
2130,COc1cc(Cl)c(-c2cc(Cl)ccc2Cl)cc1C(=O)N1CCN(C(=O)CCC=O)CC1
2131,CC1CN(c2nc(-c3ccccc3)cs2)CCO1
2132,CC1COCCN1c1nc(-c2ccccc2)cs1
2133,CC1CN(c2nc(-c3ccccc3)cs2)CC(C)O1
2134,CC1CN(c2nc(-c3ccccc3)cs2)C(C)CO1
2135,CC1(C)CN(c2nc(-c3ccccc3)cs2)CCO1
2136,c1ccc(-c2csc(N3CC4CCC(C3)O4)n2)cc1
2137,Fc1cccc(-c2csc(N3CCOCC3)n2)c1
2138,Fc1ccccc1-c1csc(N2CCOCC2)n1
2139,Cc1ccccc1-c1csc(N2CCOCC2)n1
2140,O=[N+]([O-])c1cccc(-c2csc(N3CCOCC3)n2)c1
2141,Nc1cccc(-c2csc(N3CCOCC3)n2)c1
2142,NC(=O)c1c(-c2ccc(Oc3ccccc3)cc2)nn2c1NCC[C@H]2C1CCNCC1
2142,NC(=O)c1c(-c2ccc(Oc3ccccc3)cc2)nn2c1NCCC2C1CCNCC1
2143,CCCCn1cc(-c2cc(OC)cc(OC)c2)c2ccncc2c1=O
2144,Nc1nnc(-c2cc(F)ccc2O)cc1N1CC2CCC(C1)N2
2145,C[C@H]1C=C2C=C[C@H](C)[C@H](CC[C@@H]3C[C@@H](O)CC(=O)O3)[C@H]2[C@@H](O)C1
2145,CC1C=C2C=CC(C)C(CCC3CC(O)CC(=O)O3)C2C(O)C1
2146,O=CCc1cccc(OCCCN(Cc2cccc(C(F)(F)F)c2Cl)CC(c2ccccc2)c2ccccc2)c1
2147,CN1CCN(c2ccc(-c3cccc(CN4CCN(CCN)CC4)c3)cc2NC(=O)c2c[nH]c(=O)cc2C(F)(F)F)CC1
2148,CCOc1ccc2c(c1)sc1nc(-c3ccc(N[N+](=O)NC(=N)C=C(O)C(C)(C)C)cc3)cn12
2149,CNC1CCC(Nc2cc(-c3cccc(NCC4(C#N)CCOCC4)n3)c(Cl)cn2)CC1
2150,N#CC1(CNc2cccc(-c3cc(NC4CCC(N)CC4)ncc3Cl)n2)CCOCC1
2151,COc1ccc(Cl)c(S(=O)(=O)Nc2ccc(-c3nc(OCC4CNCCO4)c4cn[nH]c4n3)cc2)c1
2152,CN(C)CC=CC(=O)Nc1ccc2ncnc(Nc3ccc(F)c(Cl)c3)c2c1
2153,C=CC(=O)N1CCCC(n2nc(-c3ccc(-c4ccccc4)cc3)c3c(N)ncnc32)C1
2154,CCC(=O)N1CCCC(n2nc(-c3ccc(-c4ccccc4)cc3)c3c(N)ncnc32)C1
2155,CC(=O)N1c2ccc(-c3ccc(C=O)cc3)cc2C(Nc2ccc(Cl)cc2)CC1C
2156,NC1CCN(c2ncc(C(=O)Nc3ccc(OC(F)(F)Cl)cc3)cc2-c2cc[nH]n2)C1
2157,COC(=O)CC1N=C(c2ccc(Cl)cc2)c2c(sc(C=O)c2C)-n2c(C)nnc21
2158,N#CC1(CNc2cccc(-c3cc(NC4CCC(NCC=O)CC4)ncc3Cl)n2)CCOCC1
2159,O=Cc1ccc(-c2c(-c3ccc(O)cc3)sc3cc(O)ccc23)cc1
2160,O=Cc1ccc(Oc2c(-c3ccc(O)cc3)sc3cc(O)ccc23)cc1
2161,O=Cc1cccc(C(=O)c2c(-c3ccc(O)cc3)sc3cc(O)ccc23)c1
2162,O=Cc1cccc(-c2c(-c3ccc(O)cc3)sc3cc(O)ccc23)c1
2163,O=Cc1cccc(Oc2c(-c3ccc(O)cc3)sc3cc(O)ccc23)c1
2164,O=Cc1c(-c2ccc(O)cc2)sc2cc(O)ccc12
2165,CCC(C(=O)N1CCCCC1C(=O)OC(CCc1ccc(OC)c(OC)c1)c1ccccc1OCC=O)c1cc(OC)c(OC)c(OC)c1
2166,CCC(C(=O)N1CCCCC1C(=O)OC(CCc1ccc(OC)c(OC)c1)c1cccc(OCC=O)c1)c1cc(OC)c(OC)c(OC)c1
2167,CCC(C(=O)N1CCCCC1C(=O)OC(CCc1ccc(OC)c(OC)c1)c1ccccc1)c1cc(OC)c(OC)c(OC)c1
2168,COc1ccc(C=Cc2cc(OC)c(OC)c(OC)c2)cc1N
2169,CN(C)C1CCC2(C)C(CCC3C2CCC2(C)C(c4ccc5ccncc5c4)CCC32)C1
2170,Cc1[nH]c(C=C2C(=O)Nc3ccc(S(=O)(=O)Cc4c(Cl)cccc4Cl)cc32)c(C)c1C=O
2171,Cc1[nH]c(C=C2C(=O)Nc3ccc(F)cc32)c(C)c1C=O
2172,O=C(Nc1nc2ccccc2n1C1CCC(CO)CC1)c1cccc(C(F)(F)F)c1
2173,Fc1cccc(C2CCCN2c2ccc3ncc(-c4ccccn4)n3n2)c1
2174,O=C(NCC(O)CN1CCc2ccccc2C1)c1cc(NC2CNC2)ncn1
2175,CCCCCCCCCCCCCC(=S)NCCCCC(N)C(=O)Nc1ccccc1
2176,CC(C)Nc1cc(-n2ccc3cc(C#N)cnc32)ncc1C(=O)NC1CCC(C=O)CC1
2177,Fc1ccc2c(c1)N=C(NC1CCNC1)c1cc(Cl)ccc1N2CC(F)F
2178,CC1CCc2ncnc(N3CCN(C(=O)C(CN)c4ccc(Cl)cc4)CC3)c21
2179,CCC(=O)N(Cc1ccc(N)nc1)c1cc(N2CCCCC2CCO)nc2c(CC)cnn12
2180,CC1OCC2(CCN(c3cnc(Sc4cccc(N)c4Cl)c(N)n3)CC2)C1N
2181,CC1CCC2(CCN(c3cnc(Sc4cccc(N)c4Cl)c(N)n3)CC2)C1N
2182,CCC(=O)NC1CCC(n2c(=O)cc(C)c3cnc(Nc4ccccc4OC)nc32)CC1
2183,CCn1c(-c2nonc2N)nc2c(C#CC(C)(C)O)ncc(OCCCNC)c21
2184,CCC1c2nnc(C)n2-c2cnc(Nc3ccc(C=O)cc3OC)nc2N1CC1CCCCC1
2185,NC(=O)c1c(-c2ccc(Oc3ccccc3)cc2)nn2c1NCCC2C1CCNCC1
2186,CC1C=C2C=CC(C)C(CCC3CC(O)CC(=O)O3)C2C(O)C1
2187,CCn1c(C(=O)O)c(CCCOc2cccc3ccccc23)c2cccc(-c3c(C)nn(C)c3COc3ccc(N4CCN(S(=O)(=O)N(C)C)CC4)cc3)c21
2188,CN(CC1CCCCC1)S(=O)(=O)c1ccc(S(=O)(=O)N(Cc2ccc(Cl)cc2)C2CCCC2)cc1
2189,N#CC1=C(N)c2ccc(Sc3ccc(Br)cc3)c3cccc(c23)C1=O
2190,CCC(=O)N1CCN(C(=O)c2cc(Cc3n[nH]c(=O)c4ccccc34)ccc2F)CC1
2191,COc1ccc(C(=O)c2c(-c3ccc(O)cc3)sc3cc(O)ccc23)cc1
2192,CN(CCOc1ccc(C(=O)c2c(-c3ccc(O)cc3)sc3cc(O)ccc23)cc1)C1CCC1
2193,CCNC(=O)c1cc2c(o1)C(=O)c1ccccc1C2=O
2194,FC(F)c1nc2ccccc2n1-c1nc(N2CCNCC2)nc(N2CCOCC2)n1
2195,N[C@@H]1CCN(c2ncc(C(=O)Nc3ccc(OC(F)(F)Cl)cc3)cc2-c2cc[nH]n2)C1
2195,NC1CCN(c2ncc(C(=O)Nc3ccc(OC(F)(F)Cl)cc3)cc2-c2cc[nH]n2)C1
2196,Cc1ccc(C(=O)Nc2ccc(CN3CCNCC3)c(C(F)(F)F)c2)cc1C#Cc1cnc2cccnn12
2197,Cc1c(COc2cc(OCc3cccc(C#N)c3)c(CN3CCCCC3C=O)cc2Cl)cccc1-c1ccccc1
2198,COC(=O)C[C@@H]1N=C(c2ccc(Cl)cc2)c2c(sc(C=O)c2C)-n2c(C)nnc21
2198,COC(=O)CC1N=C(c2ccc(Cl)cc2)c2c(sc(C=O)c2C)-n2c(C)nnc21
2199,COc1ccccc1Nc1ncc(Cl)c(Nc2ccccc2S(=O)(=O)C(C)C)n1
2200,O=Cc1ccc(-c2c(-c3ccc(O)cc3)sc3cc(O)ccc23)cc1
2201,O=Cc1cccc(C(=O)c2c(-c3ccc(O)cc3)sc3cc(O)ccc23)c1
2202,O=Cc1cccc(Oc2c(-c3ccc(O)cc3)sc3cc(O)ccc23)c1
2203,CNCCOc1ccc(C(=O)c2c(-c3ccc(O)cc3)sc3cc(O)ccc23)cc1
2204,CCCONC(=O)c1ccc(F)c(F)c1Nc1ccc(I)cc1F
2205,O=C(c1cc(Cc2n[nH]c(=O)c3ccccc23)ccc1F)N1CCNCC1
2206,Cc1[nH]c(/C=C2\C(=O)Nc3ccc(S(=O)(=O)Cc4c(Cl)cccc4Cl)cc32)c(C)c1C=O
2206,Cc1[nH]c(C=C2C(=O)Nc3ccc(S(=O)(=O)Cc4c(Cl)cccc4Cl)cc32)c(C)c1C=O
2207,Fc1cccc([C@H]2CCCN2c2ccc3ncc(-c4ccccn4)n3n2)c1
2207,Fc1cccc(C2CCCN2c2ccc3ncc(-c4ccccn4)n3n2)c1
2208,NCCCC(=O)N1CCN(C(=O)c2cc(Cc3n[nH]c(=O)c4ccccc34)ccc2F)CC1
2209,O=C(NC[C@H](O)CN1CCc2ccccc2C1)c1cc(NC2CNC2)ncn1
2209,O=C(NCC(O)CN1CCc2ccccc2C1)c1cc(NC2CNC2)ncn1
2210,CCOc1cc2nc(CCC(C)(C)C=O)n(C)c2cc1NC(=O)c1cccc(C(F)(F)F)n1
2211,O=C(Nc1ccccc1)c1cnc(Oc2ccccc2)nc1
2212,CN(C)C(=O)c1cn(C2CCCC2)c2nc(Nc3ccc(C=O)cc3)ncc12
2213,Nc1nccc(-c2scnc2-c2cccc(NS(=O)(=O)c3c(F)cccc3F)c2F)n1
2214,CNC(=O)c1ccccc1Nc1cc(Nc2ccccc2OC)ncc1C(F)(F)F
2215,C=CC(=O)Nc1cc2c(Nc3ccc(F)c(Cl)c3)ncnc2cc1OCCC
2216,CN1CCN(c2ccc(-c3ccc(C=O)cc3)cc2NC(=O)c2c[nH]c(=O)cc2C(F)(F)F)CC1
2217,COc1cc2ncnc(Nc3n[nH]c(C)c3C)c2cc1S(=O)(=O)C(C)(C)C
2218,CCN(c1cc(-c2ccccc2)cc(C(=O)NCc2c(C)cc(C)[nH]c2=O)c1C)C1CCOCC1
2219,Cn1cc(-c2ccccc2Oc2ccccc2)c2cc(C=O)[nH]c2c1=O
2220,COc1c(C)cnc(Cn2ccc3c(Cl)nc(N)nc32)c1C
2221,COc1cc(OC)c(Cl)c(NC(=O)N(C)c2cc(Nc3ccccc3)ncn2)c1Cl
2222,COc1ncc(-c2ccc3ncc(-c4nnco4)n3c2)cc1NS(=O)(=O)c1ccc(F)cc1F
2223,COc1cc(Cl)c(-c2cc(Cl)ccc2Cl)cc1C(=O)N1CCN(C(=O)CCC=O)CC1
2224,C[C@H]1C=C2C=C[C@H](C)[C@H](CC[C@@H]3C[C@@H](O)CC(=O)O3)[C@H]2[C@@H](O)C1
2224,CC1C=C2C=CC(C)C(CCC3CC(O)CC(=O)O3)C2C(O)C1
2225,N#CC1(CNc2cccc(-c3cc(NC4CCC(NCC=O)CC4)ncc3Cl)n2)CCOCC1
2226,CC(=O)N1c2ccc(-c3ccc(C=O)cc3)cc2C(Nc2ccc(Cl)cc2)CC1C
2227,CCC(C(=O)N1CCCCC1C(=O)OC(CCc1ccc(OC)c(OC)c1)c1ccccc1OCC=O)c1cc(OC)c(OC)c(OC)c1
2228,Fc1cccc(C2CCCN2c2ccc3ncc(-c4ccccn4)n3n2)c1
2229,Cc1sc2c(c1C)C(c1ccc(Cl)cc1)=NC(CC=O)c1nnc(C)n1-2
2230,CC(C)Nc1cc(-n2ccc3cc(C#N)cnc32)ncc1C(=O)NC1CCC(C=O)CC1
2231,CCC1c2nnc(C)n2-c2cnc(Nc3ccc(C=O)cc3OC)nc2N1CC1CCCCC1
2232,CC1C=C2C=CC(C)C(CCC3CC(O)CC(=O)O3)C2C(O)C1
2233,CC/C(=C(\c1ccccc1)c1ccc(OC)cc1)c1ccccc1
2233,CCC(=C(c1ccccc1)c1ccc(OC)cc1)c1ccccc1
2234,COc1cc2nc(N3CCNCC3)nc(N)c2cc1OC
2235,Clc1cnc(N[C@@H]2CCCNC2)nc1-c1c[nH]c2ccccc12
2235,Clc1cnc(NC2CCCNC2)nc1-c1c[nH]c2ccccc12
2236,N#Cc1ncc(N2C(=O)C3(CCC3)N(c3ccc(C=O)c(F)c3)C2=S)cc1C(F)(F)F
2237,C[C@H]1C=C2C=C[C@H](C)[C@H](CCC(O)C[C@@H](O)CC(=O)O)[C@H]2[C@@H](O)C1
2237,CC1C=C2C=CC(C)C(CCC(O)CC(O)CC(=O)O)C2C(O)C1
2238,CCC(=C(c1ccccc1)c1ccc(OC)cc1)c1ccccc1
2239,Clc1cnc(NC2CCCNC2)nc1-c1c[nH]c2ccccc12
2240,CC1C=C2C=CC(C)C(CCC(O)CC(O)CC(=O)O)C2C(O)C1
2241,COc1cc2nc(N3CCNCC3)nc(N)c2cc1OC
2242,CCC(=C(c1ccccc1)c1ccc(OC)cc1)c1ccccc1
2243,c1coc(CNc2nccc3nncn23)c1
2244,Fc1cccc(COc2ccc(Nc3ncnc4ccccc34)cc2Cl)c1
2245,CC(=O)c1c(C)c2cnc(Nc3ccccn3)cc2n(C2CCCC2)c1=O
2246,O=Cc1csc(C(=O)c2c[nH]c3ccccc23)n1
2247,COc1ccc2c(Nc3c(Cl)cncc3Cl)cc(=O)oc2c1OC
2248,CN[C@@H](C)C(=O)N[C@H](C(=O)N1CCC[C@H]1c1cncc(-n2ccc3c(C=O)cccc32)c1)C(C)C
2248,CNC(C)C(=O)NC(C(=O)N1CCCC1c1cncc(-n2ccc3c(C=O)cccc32)c1)C(C)C
2249,Cc1c(NC(=O)c2ccc(C(C)(C)C)cc2)cccc1-c1cn(C)c(=O)c(N)n1
2250,CC1(C)[C@H](NC(=O)c2ccc(O)cc2)C(C)(C)[C@H]1Oc1ccc(C#N)c(Cl)c1
2250,CC1(C)C(NC(=O)c2ccc(O)cc2)C(C)(C)C1Oc1ccc(C#N)c(Cl)c1
2251,O=C1CCC(N2C(=O)c3cccc(NC4CCNCC4)c3C2=O)C(=O)N1
2252,CCCNc1nc(Nc2ccc(C#N)cc2)ncc1C#CCCCNC(=O)[C@H](C)N(C)C(=O)CC
2252,CCCNc1nc(Nc2ccc(C#N)cc2)ncc1C#CCCCNC(=O)C(C)N(C)C(=O)CC
2253,O=C1Nc2ccccc2-c2ncncc2N1
2254,C/C(=N\Nc1nc(-c2ccc(Cl)c(Cl)c2)c(CC=O)s1)C(=O)OCOC(=O)C(C)(C)C
2254,CC(=NNc1nc(-c2ccc(Cl)c(Cl)c2)c(CC=O)s1)C(=O)OCOC(=O)C(C)(C)C
2255,C#Cc1ccc2c(c1)C(=O)N(C1CCC(=O)NC1=O)C2=O
2256,C#Cc1cccc2c1C(=O)N(C1CCC(=O)NC1=O)C2=O
2257,c1ccc(-c2csc(N3CC4(COC4)C3)n2)cc1
2258,c1ccc(-c2csc(N3CCC4(COC4)C3)n2)cc1
2259,Cc1ncsc1-c1ccc(CNC(=O)[C@@H]2C[C@@H](O)CN2C(=O)[C@@H](NC(=O)CO)C(C)(C)C)cc1
2259,Cc1ncsc1-c1ccc(CNC(=O)C2CC(O)CN2C(=O)C(NC(=O)CO)C(C)(C)C)cc1
2260,Cc1ncsc1-c1ccc([C@H](C)NC(=O)[C@@H]2C[C@@H](O)CN2C(=O)[C@@H](NC(=O)CO)C(C)(C)C)cc1
2260,Cc1ncsc1-c1ccc(C(C)NC(=O)C2CC(O)CN2C(=O)C(NC(=O)CO)C(C)(C)C)cc1
2261,CCOc1cc(C(C)(C)C)ccc1C1=NC(c2ccc(Cl)cc2)C(c2ccc(Cl)cc2)N1C(=O)N1CCNCC1
2262,CCOc1cc(C(C)(C)C)ccc1C1=NC(c2ccc(Cl)cc2)C(c2ccc(Cl)cc2)N1C(=O)N1CCN(CC=O)C(=O)C1
2263,CCOc1cc(C(C)(C)C)ccc1C1=N[C@@H](c2ccc(Cl)cc2)[C@@H](c2ccc(Cl)cc2)N1C(=O)N1CCN(CC=O)C(=O)C1
2263,CCOc1cc(C(C)(C)C)ccc1C1=NC(c2ccc(Cl)cc2)C(c2ccc(Cl)cc2)N1C(=O)N1CCN(CC=O)C(=O)C1
2264,CCOc1cc(C(C)(C)C)ccc1C1=N[C@H](c2ccc(Cl)cc2)[C@H](c2ccc(Cl)cc2)N1C(=O)N1CCN(CC=O)C(=O)C1
2264,CCOc1cc(C(C)(C)C)ccc1C1=NC(c2ccc(Cl)cc2)C(c2ccc(Cl)cc2)N1C(=O)N1CCN(CC=O)C(=O)C1
2265,Cc1ccc(C(=O)Nc2cccc(C(F)(F)F)c2)cc1C#Cc1cnc2[nH]ncc2c1
2266,CNC(C)C(=O)NC(C(=O)N1CCCC1c1cncc(-n2ccc3c(C=O)cccc32)c1)C(C)C
2267,CC1(C)C(NC(=O)c2ccc(O)cc2)C(C)(C)C1Oc1ccc(C#N)c(Cl)c1
2268,CCCNc1nc(Nc2ccc(C#N)cc2)ncc1C#CCCCNC(=O)C(C)N(C)C(=O)CC
2269,CC(=NNc1nc(-c2ccc(Cl)c(Cl)c2)c(CC=O)s1)C(=O)OCOC(=O)C(C)(C)C
2270,Cc1ncsc1-c1ccc(CNC(=O)C2CC(O)CN2C(=O)C(NC(=O)CO)C(C)(C)C)cc1
2271,Cc1ncsc1-c1ccc(C(C)NC(=O)C2CC(O)CN2C(=O)C(NC(=O)CO)C(C)(C)C)cc1
2272,Fc1cccc(COc2ccc(Nc3ncnc4ccccc34)cc2Cl)c1
2273,Cc1ncsc1-c1ccc([C@H](C)NC(=O)[C@@H]2C[C@@H](O)CN2C(=O)[C@@H](NC(=O)CO)C(C)(C)C)cc1
2273,Cc1ncsc1-c1ccc(C(C)NC(=O)C2CC(O)CN2C(=O)C(NC(=O)CO)C(C)(C)C)cc1
2274,Cc1ncsc1-c1ccc(C(C)NC(=O)C2CC(O)CN2C(=O)C(NC(=O)CO)C(C)(C)C)cc1
2275,Cc1ncsc1-c1ccc([C@H](C)NC(=O)[C@@H]2C[C@@H](O)CN2C(=O)[C@@H](NC(=O)CCCCCC(=O)N(C)CC[C@H](CSc2ccccc2)Nc2ccc(S(N)(=O)=O)cc2S(=O)(=O)C(F)(F)F)C(C)(C)C)cc1
2275,Cc1ncsc1-c1ccc(C(C)NC(=O)C2CC(O)CN2C(=O)C(NC(=O)CCCCCC(=O)N(C)CCC(CSc2ccccc2)Nc2ccc(S(N)(=O)=O)cc2S(=O)(=O)C(F)(F)F)C(C)(C)C)cc1
2276,CC1(C)[C@H](N)C(C)(C)[C@H]1Oc1ccc(C#N)c(Cl)c1
2276,CC1(C)C(N)C(C)(C)C1Oc1ccc(C#N)c(Cl)c1
2277,CCC(=O)N[C@@H](CCC=O)C(=O)Nc1cccc(Nc2ncc(NC(=O)c3cc(NC(=O)c4cccc(C)c4)ccc3C)cn2)c1
2277,CCC(=O)NC(CCC=O)C(=O)Nc1cccc(Nc2ncc(NC(=O)c3cc(NC(=O)c4cccc(C)c4)ccc3C)cn2)c1
2278,CC(C)C[C@@H](C=O)NC(=O)CCCc1ccccc1
2278,CC(C)CC(C=O)NC(=O)CCCc1ccccc1
2279,C[C@]12CC[C@@H]3c4ccc(O)cc4CC[C@H]3[C@@H]1CCC2=N
2279,CC12CCC3c4ccc(O)cc4CCC3C1CCC2=N
2280,Cc1cccc(/C=C/c2cnc(Nc3cc(N4CCNCC4)nc(C)n3)s2)c1
2280,Cc1cccc(C=Cc2cnc(Nc3cc(N4CCNCC4)nc(C)n3)s2)c1
2281,CCC(=O)N[C@@H](CCC=O)C(=O)Nc1cccc(Nc2ncc(NC(=O)c3cc(NC(=O)c4cccc(C(F)(F)F)c4)ccc3C)cn2)c1
2281,CCC(=O)NC(CCC=O)C(=O)Nc1cccc(Nc2ncc(NC(=O)c3cc(NC(=O)c4cccc(C(F)(F)F)c4)ccc3C)cn2)c1
2282,CN[C@H]1CC[C@@]2(C)C(CC[C@@H]3C2CC[C@]2(C)[C@@H](c4ccc5ccncc5c4)CC[C@@H]32)C1
2282,CNC1CCC2(C)C(CCC3C2CCC2(C)C(c4ccc5ccncc5c4)CCC32)C1
2283,O=Cc1cc(Cc2n[nH]c(=O)c3ccccc23)ccc1F
2284,CC(=O)N1CCCN(c2nc(NCCc3cccs3)nc(N(C)CC=O)n2)CC1
2285,Cc1ncsc1-c1ccc(C(C)NC(=O)C2CC(O)CN2C(=O)C(NC(=O)CCCCCC(=O)N(C)CCC(CSc2ccccc2)Nc2ccc(S(N)(=O)=O)cc2S(=O)(=O)C(F)(F)F)C(C)(C)C)cc1
2286,CC1(C)C(N)C(C)(C)C1Oc1ccc(C#N)c(Cl)c1
2287,CCC(=O)NC(CCC=O)C(=O)Nc1cccc(Nc2ncc(NC(=O)c3cc(NC(=O)c4cccc(C)c4)ccc3C)cn2)c1
2288,Cc1cccc(C=Cc2cnc(Nc3cc(N4CCNCC4)nc(C)n3)s2)c1
2289,CCC(=O)NC(CCC=O)C(=O)Nc1cccc(Nc2ncc(NC(=O)c3cc(NC(=O)c4cccc(C(F)(F)F)c4)ccc3C)cn2)c1
2290,CNC1CCC2(C)C(CCC3C2CCC2(C)C(c4ccc5ccncc5c4)CCC32)C1
2291,Cc1ncsc1-c1ccc(CNC(=O)C2CC(O)CN2C(=O)C(NC(=O)CO)C(C)(C)C)c(F)c1
2292,O=Cc1cc(Cc2n[nH]c(=O)c3ccccc23)ccc1F
2293,Cc1ncsc1-c1ccc(CNC(=O)[C@@H]2C[C@@H](O)CN2C(=O)[C@@H](NC(=O)CO)C(C)(C)C)c(F)c1
2293,Cc1ncsc1-c1ccc(CNC(=O)C2CC(O)CN2C(=O)C(NC(=O)CO)C(C)(C)C)c(F)c1
2294,CC1(C)[C@@H](Oc2ccc(C#N)c(Cl)c2)C[C@@H]1N
2294,CC1(C)C(N)CC1Oc1ccc(C#N)c(Cl)c1
2295,CC1(C)[C@H](N)C(C)(C)[C@H]1Oc1ccc(C#N)c(F)c1
2295,CC1(C)C(N)C(C)(C)C1Oc1ccc(C#N)c(F)c1
2296,CC1(C)[C@H](N)C(C)(C)[C@H]1Oc1ccc(C#N)c(C(F)(F)F)c1
2296,CC1(C)C(N)C(C)(C)C1Oc1ccc(C#N)c(C(F)(F)F)c1
2297,CC1(C)[C@H](N)C(C)(C)[C@H]1Oc1cnc(C#N)c(C(F)(F)F)c1
2297,CC1(C)C(N)C(C)(C)C1Oc1cnc(C#N)c(C(F)(F)F)c1
2298,CC1(C)C(N)CC1Oc1ccc(C#N)c(Cl)c1
2299,N#Cc1ccc(OC2CC(N)C2)cc1Cl
2300,CC1(C)C(N)C(C)(C)C1Oc1ccc(C#N)c(F)c1
2301,CC1(C)C(N)C(C)(C)C1Oc1ccc(C#N)c(C(F)(F)F)c1
2302,CC1(C)C(N)C(C)(C)C1Oc1cnc(C#N)c(C(F)(F)F)c1
2303,CN1C(=O)CCc2cc3cc(c21)OCCOC[C@H]1CN(C(=O)CCC=O)CCN1c1ncc(Cl)c(n1)N3
2303,CN1C(=O)CCc2cc3cc(c21)OCCOCC1CN(C(=O)CCC=O)CCN1c1ncc(Cl)c(n1)N3
2304,CN[C@@H](C)C(=O)N[C@H](C(=O)N1CCC[C@H]1c1cncc(-c2ccc(F)c(C=O)c2)c1)C1CCCCC1
2304,CNC(C)C(=O)NC(C(=O)N1CCCC1c1cncc(-c2ccc(F)c(C=O)c2)c1)C1CCCCC1
2305,CN1C(=O)CCc2cc3cc(c21)OCCOCC1CN(C(=O)CCC=O)CCN1c1ncc(Cl)c(n1)N3
2306,CNC(C)C(=O)NC(C(=O)N1CCCC1c1cncc(-c2ccc(F)c(C=O)c2)c1)C1CCCCC1
