ID,SMILES
0,Cc1ncsc1-c1ccc([C@H](C)NC(=O)[C@@H]2C[C@@H](O)CN2C(=O)[C@@H](NC(=O)CC(=O)N2CCN(CC[C@H](CSc3ccccc3)Nc3ccc(S(=O)(=O)NC(=O)c4ccc(N5CCN(CC6=C(c7ccc(Cl)cc7)CCC(C)(C)C6)CC5)cc4)cc3S(=O)(=O)C(F)(F)F)CC2)C(C)(C)C)cc1
1,Cc1ncsc1-c1ccc([C@H](C)NC(=O)[C@@H]2C[C@@H](O)CN2C(=O)[C@@H](NC(=O)CCC(=O)N2CCN(CC[C@H](CSc3ccccc3)Nc3ccc(S(=O)(=O)NC(=O)c4ccc(N5CCN(CC6=C(c7ccc(Cl)cc7)CCC(C)(C)C6)CC5)cc4)cc3S(=O)(=O)C(F)(F)F)CC2)C(C)(C)C)cc1
2,Cc1ncsc1-c1ccc([C@H](C)NC(=O)[C@@H]2C[C@@H](O)CN2C(=O)[C@@H](NC(=O)CCCC(=O)N2CCN(CC[C@H](CSc3ccccc3)Nc3ccc(S(=O)(=O)NC(=O)c4ccc(N5CCN(CC6=C(c7ccc(Cl)cc7)CCC(C)(C)C6)CC5)cc4)cc3S(=O)(=O)C(F)(F)F)CC2)C(C)(C)C)cc1
3,Cc1ncsc1-c1ccc([C@H](C)NC(=O)[C@@H]2C[C@@H](O)CN2C(=O)[C@@H](NC(=O)CCCCC(=O)N2CCN(CC[C@H](CSc3ccccc3)Nc3ccc(S(=O)(=O)NC(=O)c4ccc(N5CCN(CC6=C(c7ccc(Cl)cc7)CCC(C)(C)C6)CC5)cc4)cc3S(=O)(=O)C(F)(F)F)CC2)C(C)(C)C)cc1
4,Cc1ncsc1-c1ccc([C@H](C)NC(=O)[C@@H]2C[C@@H](O)CN2C(=O)[C@@H](NC(=O)CCCCCC(=O)N2CCN(CC[C@H](CSc3ccccc3)Nc3ccc(S(=O)(=O)NC(=O)c4ccc(N5CCN(CC6=C(c7ccc(Cl)cc7)CCC(C)(C)C6)CC5)cc4)cc3S(=O)(=O)C(F)(F)F)CC2)C(C)(C)C)cc1
5,Cc1ncsc1-c1ccc([C@H](C)NC(=O)[C@@H]2C[C@@H](O)CN2C(=O)[C@@H](NC(=O)CCCCCCC(=O)N2CCN(CC[C@H](CSc3ccccc3)Nc3ccc(S(=O)(=O)NC(=O)c4ccc(N5CCN(CC6=C(c7ccc(Cl)cc7)CCC(C)(C)C6)CC5)cc4)cc3S(=O)(=O)C(F)(F)F)CC2)C(C)(C)C)cc1
6,Cc1ncsc1-c1ccc([C@H](C)NC(=O)[C@@H]2C[C@@H](O)CN2C(=O)[C@@H](NC(=O)CCCCN2CCN(CC[C@H](CSc3ccccc3)Nc3ccc(S(=O)(=O)NC(=O)c4ccc(N5CCN(CC6=C(c7ccc(Cl)cc7)CCC(C)(C)C6)CC5)cc4)cc3S(=O)(=O)C(F)(F)F)CC2)C(C)(C)C)cc1
7,Cc1ncsc1-c1ccc([C@H](C)NC(=O)[C@@H]2C[C@@H](O)CN2C(=O)[C@@H](NC(=O)CCCCCN2CCN(CC[C@H](CSc3ccccc3)Nc3ccc(S(=O)(=O)NC(=O)c4ccc(N5CCN(CC6=C(c7ccc(Cl)cc7)CCC(C)(C)C6)CC5)cc4)cc3S(=O)(=O)C(F)(F)F)CC2)C(C)(C)C)cc1
8,Cc1ncsc1-c1ccc([C@H](C)NC(=O)[C@@H]2C[C@@H](O)CN2C(=O)[C@@H](NC(=O)CCCCCCN2CCN(CC[C@H](CSc3ccccc3)Nc3ccc(S(=O)(=O)NC(=O)c4ccc(N5CCN(CC6=C(c7ccc(Cl)cc7)CCC(C)(C)C6)CC5)cc4)cc3S(=O)(=O)C(F)(F)F)CC2)C(C)(C)C)cc1
9,Cc1ncsc1-c1ccc([C@H](C)NC(=O)[C@@H]2C[C@@H](O)CN2C(=O)[C@@H](NC(=O)CCCCCCCN2CCN(CC[C@H](CSc3ccccc3)Nc3ccc(S(=O)(=O)NC(=O)c4ccc(N5CCN(CC6=C(c7ccc(Cl)cc7)CCC(C)(C)C6)CC5)cc4)cc3S(=O)(=O)C(F)(F)F)CC2)C(C)(C)C)cc1
10,Cc1ncsc1-c1ccc([C@H](C)NC(=O)[C@@H]2C[C@@H](O)CN2C(=O)[C@@H](NC(=O)CCOCCC(=O)N2CCN(CC[C@H](CSc3ccccc3)Nc3ccc(S(=O)(=O)NC(=O)c4ccc(N5CCN(CC6=C(c7ccc(Cl)cc7)CCC(C)(C)C6)CC5)cc4)cc3S(=O)(=O)C(F)(F)F)CC2)C(C)(C)C)cc1
11,Cc1ncsc1-c1ccc([C@H](C)NC(=O)[C@@H]2C[C@@H](O)CN2C(=O)[C@@H](NC(=O)COCCOCC(=O)N2CCN(CC[C@H](CSc3ccccc3)Nc3ccc(S(=O)(=O)NC(=O)c4ccc(N5CCN(CC6=C(c7ccc(Cl)cc7)CCC(C)(C)C6)CC5)cc4)cc3S(=O)(=O)C(F)(F)F)CC2)C(C)(C)C)cc1
12,Cc1ncsc1-c1ccc([C@H](C)NC(=O)[C@@H]2C[C@@H](O)CN2C(=O)[C@@H](NC(=O)COCCCOCC(=O)N2CCN(CC[C@H](CSc3ccccc3)Nc3ccc(S(=O)(=O)NC(=O)c4ccc(N5CCN(CC6=C(c7ccc(Cl)cc7)CCC(C)(C)C6)CC5)cc4)cc3S(=O)(=O)C(F)(F)F)CC2)C(C)(C)C)cc1
13,Cc1ncsc1-c1ccc([C@H](C)NC(=O)[C@@H]2C[C@@H](O)CN2C(=O)[C@@H](NC(=O)COCCN2CCN(CC[C@H](CSc3ccccc3)Nc3ccc(S(=O)(=O)NC(=O)c4ccc(N5CCN(CC6=C(c7ccc(Cl)cc7)CCC(C)(C)C6)CC5)cc4)cc3S(=O)(=O)C(F)(F)F)CC2)C(C)(C)C)cc1
14,Cc1ncsc1-c1ccc([C@H](C)NC(=O)[C@@H]2C[C@@H](O)CN2C(=O)[C@@H](NC(=O)COCCOCCN2CCN(CC[C@H](CSc3ccccc3)Nc3ccc(S(=O)(=O)NC(=O)c4ccc(N5CCN(CC6=C(c7ccc(Cl)cc7)CCC(C)(C)C6)CC5)cc4)cc3S(=O)(=O)C(F)(F)F)CC2)C(C)(C)C)cc1
15,Cc1ncsc1-c1ccc([C@H](C)NC(=O)[C@@H]2C[C@@H](O)CN2C(=O)[C@@H](NC(=O)CCCCCC(=O)N(C)CC[C@H](CSc2ccccc2)Nc2ccc(S(=O)(=O)NC(=O)c3ccc(N4CCN(CC5=C(c6ccc(Cl)cc6)CCC(C)(C)C5)CC4)cc3)cc2S(=O)(=O)C(F)(F)F)C(C)(C)C)cc1
16,Cc1ncsc1-c1ccc([C@H](C)NC(=O)[C@@H]2C[C@@H](O)CN2C(=O)[C@@H](NC(=O)CCCCN(C)CC[C@H](CSc2ccccc2)Nc2ccc(S(=O)(=O)NC(=O)c3ccc(N4CCN(CC5=C(c6ccc(Cl)cc6)CCC(C)(C)C5)CC4)cc3)cc2S(=O)(=O)C(F)(F)F)C(C)(C)C)cc1
17,Cc1ncsc1-c1ccc([C@H](C)NC(=O)[C@@H]2C[C@@H](O)CN2C(=O)[C@@H](NC(=O)CCCCCN(C)CC[C@H](CSc2ccccc2)Nc2ccc(S(=O)(=O)NC(=O)c3ccc(N4CCN(CC5=C(c6ccc(Cl)cc6)CCC(C)(C)C5)CC4)cc3)cc2S(=O)(=O)C(F)(F)F)C(C)(C)C)cc1
18,Cc1ncsc1-c1ccc([C@H](C)NC(=O)[C@@H]2C[C@@H](O)CN2C(=O)[C@@H](NC(=O)CCCCCCN(C)CC[C@H](CSc2ccccc2)Nc2ccc(S(=O)(=O)NC(=O)c3ccc(N4CCN(CC5=C(c6ccc(Cl)cc6)CCC(C)(C)C5)CC4)cc3)cc2S(=O)(=O)C(F)(F)F)C(C)(C)C)cc1
19,Cc1ncsc1-c1ccc([C@H](C)NC(=O)[C@@H]2C[C@@H](O)CN2C(=O)[C@@H](NC(=O)CCCCCCCN(C)CC[C@H](CSc2ccccc2)Nc2ccc(S(=O)(=O)NC(=O)c3ccc(N4CCN(CC5=C(c6ccc(Cl)cc6)CCC(C)(C)C5)CC4)cc3)cc2S(=O)(=O)C(F)(F)F)C(C)(C)C)cc1
20,Cc1ncsc1-c1ccc([C@H](C)NC(=O)[C@@H]2C[C@@H](O)CN2C(=O)[C@@H](NC(=O)CCCCCCCCN(C)CC[C@H](CSc2ccccc2)Nc2ccc(S(=O)(=O)NC(=O)c3ccc(N4CCN(CC5=C(c6ccc(Cl)cc6)CCC(C)(C)C5)CC4)cc3)cc2S(=O)(=O)C(F)(F)F)C(C)(C)C)cc1
21,Cc1ncsc1-c1ccc([C@H](C)NC(=O)[C@@H]2C[C@@H](O)CN2C(=O)[C@@H](NC(=O)CCCCCCCCCN(C)CC[C@H](CSc2ccccc2)Nc2ccc(S(=O)(=O)NC(=O)c3ccc(N4CCN(CC5=C(c6ccc(Cl)cc6)CCC(C)(C)C5)CC4)cc3)cc2S(=O)(=O)C(F)(F)F)C(C)(C)C)cc1
22,Cc1ncsc1-c1ccc([C@H](C)NC(=O)[C@@H]2C[C@@H](O)CN2C(=O)[C@@H](NC(=O)COCCOCCN(C)CC[C@H](CSc2ccccc2)Nc2ccc(S(=O)(=O)NC(=O)c3ccc(N4CCN(CC5=C(c6ccc(Cl)cc6)CCC(C)(C)C5)CC4)cc3)cc2S(=O)(=O)C(F)(F)F)C(C)(C)C)cc1
23,Cc1ncsc1-c1ccc([C@H](C)NC(=O)[C@@H]2C[C@@H](O)CN2C(=O)[C@@H](NC(=O)COCCOCCOCCN(C)CC[C@H](CSc2ccccc2)Nc2ccc(S(=O)(=O)NC(=O)c3ccc(N4CCN(CC5=C(c6ccc(Cl)cc6)CCC(C)(C)C5)CC4)cc3)cc2S(=O)(=O)C(F)(F)F)C(C)(C)C)cc1
24,Cc1ncsc1-c1ccc([C@H](C)NC(=O)[C@@H]2C[C@@H](O)CN2C(=O)[C@@H](NC(=O)COCCOCCOCCOCCN(C)CC[C@H](CSc2ccccc2)Nc2ccc(S(=O)(=O)NC(=O)c3ccc(N4CCN(CC5=C(c6ccc(Cl)cc6)CCC(C)(C)C5)CC4)cc3)cc2S(=O)(=O)C(F)(F)F)C(C)(C)C)cc1
25,CC1(C)CCC(c2ccc(Cl)cc2)=C(CN2CCN(c3ccc(C(=O)NS(=O)(=O)c4ccc(N[C@@H](CCN5CCN(C(=O)CCCNc6cccc7c6C(=O)N(C6CCC(=O)NC6=O)C7=O)CC5)CSc5ccccc5)c(S(=O)(=O)C(F)(F)F)c4)cc3)CC2)C1
26,CC1(C)CCC(c2ccc(Cl)cc2)=C(CN2CCN(c3ccc(C(=O)NS(=O)(=O)c4ccc(N[C@@H](CCN5CCN(C(=O)CCCCNc6cccc7c6C(=O)N(C6CCC(=O)NC6=O)C7=O)CC5)CSc5ccccc5)c(S(=O)(=O)C(F)(F)F)c4)cc3)CC2)C1
27,CC1(C)CCC(c2ccc(Cl)cc2)=C(CN2CCN(c3ccc(C(=O)NS(=O)(=O)c4ccc(N[C@@H](CCN5CCN(C(=O)CCCCCNc6cccc7c6C(=O)N(C6CCC(=O)NC6=O)C7=O)CC5)CSc5ccccc5)c(S(=O)(=O)C(F)(F)F)c4)cc3)CC2)C1
28,CC1(C)CCC(c2ccc(Cl)cc2)=C(CN2CCN(c3ccc(C(=O)NS(=O)(=O)c4ccc(N[C@@H](CCN5CCN(C(=O)CCCCCCNc6cccc7c6C(=O)N(C6CCC(=O)NC6=O)C7=O)CC5)CSc5ccccc5)c(S(=O)(=O)C(F)(F)F)c4)cc3)CC2)C1
29,CC1(C)CCC(c2ccc(Cl)cc2)=C(CN2CCN(c3ccc(C(=O)NS(=O)(=O)c4ccc(N[C@@H](CCN5CCN(C(=O)CCCCCCCNc6cccc7c6C(=O)N(C6CCC(=O)NC6=O)C7=O)CC5)CSc5ccccc5)c(S(=O)(=O)C(F)(F)F)c4)cc3)CC2)C1
30,CC1(C)CCC(c2ccc(Cl)cc2)=C(CN2CCN(c3ccc(C(=O)NS(=O)(=O)c4ccc(N[C@@H](CCN5CCN(CCCNc6cccc7c6C(=O)N(C6CCC(=O)NC6=O)C7=O)CC5)CSc5ccccc5)c(S(=O)(=O)C(F)(F)F)c4)cc3)CC2)C1
31,CC1(C)CCC(c2ccc(Cl)cc2)=C(CN2CCN(c3ccc(C(=O)NS(=O)(=O)c4ccc(N[C@@H](CCN5CCN(CCCCNc6cccc7c6C(=O)N(C6CCC(=O)NC6=O)C7=O)CC5)CSc5ccccc5)c(S(=O)(=O)C(F)(F)F)c4)cc3)CC2)C1
32,CC1(C)CCC(c2ccc(Cl)cc2)=C(CN2CCN(c3ccc(C(=O)NS(=O)(=O)c4ccc(N[C@@H](CCN5CCN(CCCCCNc6cccc7c6C(=O)N(C6CCC(=O)NC6=O)C7=O)CC5)CSc5ccccc5)c(S(=O)(=O)C(F)(F)F)c4)cc3)CC2)C1
33,CC1(C)CCC(c2ccc(Cl)cc2)=C(CN2CCN(c3ccc(C(=O)NS(=O)(=O)c4ccc(N[C@@H](CCN5CCN(C(=O)COCCOCCNc6cccc7c6C(=O)N(C6CCC(=O)NC6=O)C7=O)CC5)CSc5ccccc5)c(S(=O)(=O)C(F)(F)F)c4)cc3)CC2)C1
34,CC1(C)CCC(c2ccc(Cl)cc2)=C(CN2CCN(c3ccc(C(=O)NS(=O)(=O)c4ccc(N[C@@H](CCN5CCN(C(=O)COCCOCCOCCNc6cccc7c6C(=O)N(C6CCC(=O)NC6=O)C7=O)CC5)CSc5ccccc5)c(S(=O)(=O)C(F)(F)F)c4)cc3)CC2)C1
35,CC1(C)CCC(c2ccc(Cl)cc2)=C(CN2CCN(c3ccc(C(=O)NS(=O)(=O)c4ccc(N[C@@H](CCN5CCN(C(=O)COCCOCCOCCOCCNc6cccc7c6C(=O)N(C6CCC(=O)NC6=O)C7=O)CC5)CSc5ccccc5)c(S(=O)(=O)C(F)(F)F)c4)cc3)CC2)C1
36,CC1(C)CCC(c2ccc(Cl)cc2)=C(CN2CCN(c3ccc(C(=O)NS(=O)(=O)c4ccc(N[C@@H](CCN5CCN(C(=O)NCCOCCOCCNc6cccc7c6C(=O)N(C6CCC(=O)NC6=O)C7=O)CC5)CSc5ccccc5)c(S(=O)(=O)C(F)(F)F)c4)cc3)CC2)C1
37,CC1(C)CCC(c2ccc(Cl)cc2)=C(CN2CCN(c3ccc(C(=O)NS(=O)(=O)c4ccc(N[C@@H](CCN5CCN(C(=S)NCCOCCOCCNc6cccc7c6C(=O)N(C6CCC(=O)NC6=O)C7=O)CC5)CSc5ccccc5)c(S(=O)(=O)C(F)(F)F)c4)cc3)CC2)C1
38,CC1(C)CCC(c2ccc(Cl)cc2)=C(CN2CCN(c3ccc(C(=O)NS(=O)(=O)c4ccc(N[C@@H](CCN5CCN(CCOCCNc6cccc7c6C(=O)N(C6CCC(=O)NC6=O)C7=O)CC5)CSc5ccccc5)c(S(=O)(=O)C(F)(F)F)c4)cc3)CC2)C1
39,CC1(C)CCC(c2ccc(Cl)cc2)=C(CN2CCN(c3ccc(C(=O)NS(=O)(=O)c4ccc(N[C@@H](CCN5CCN(CCOCCOCCNc6cccc7c6C(=O)N(C6CCC(=O)NC6=O)C7=O)CC5)CSc5ccccc5)c(S(=O)(=O)C(F)(F)F)c4)cc3)CC2)C1
40,CC1(C)CCC(c2ccc(Cl)cc2)=C(CN2CCN(c3ccc(C(=O)NS(=O)(=O)c4ccc(N[C@@H](CCN5CCN(CCOCCOCCOCCNc6cccc7c6C(=O)N(C6CCC(=O)NC6=O)C7=O)CC5)CSc5ccccc5)c(S(=O)(=O)C(F)(F)F)c4)cc3)CC2)C1
41,CN(CC[C@@H](CSc1ccccc1)Nc1ccc(S(=O)(=O)NC(=O)c2ccc(N3CCN(CC4=C(c5ccc(Cl)cc5)CCC(C)(C)C4)CC3)cc2)cc1S(=O)(=O)C(F)(F)F)C(=O)CCCn1cc(COCCOCCNc2cccc3c2C(=O)N(C2CCC(=O)NC2=O)C3=O)nn1
42,CN(CC[C@@H](CSc1ccccc1)Nc1ccc(S(=O)(=O)NC(=O)c2ccc(N3CCN(CC4=C(c5ccc(Cl)cc5)CCC(C)(C)C4)CC3)cc2)cc1S(=O)(=O)C(F)(F)F)C(=O)CCCn1cc(COCCOCCOCCNc2cccc3c2C(=O)N(C2CCC(=O)NC2=O)C3=O)nn1
43,CN(CC[C@@H](CSc1ccccc1)Nc1ccc(S(=O)(=O)NC(=O)c2ccc(N3CCN(CC4=C(c5ccc(Cl)cc5)CCC(C)(C)C4)CC3)cc2)cc1S(=O)(=O)C(F)(F)F)C(=O)CCCCCCn1cc(COCCOCCNc2cccc3c2C(=O)N(C2CCC(=O)NC2=O)C3=O)nn1
44,CN(CC[C@@H](CSc1ccccc1)Nc1ccc(S(=O)(=O)NC(=O)c2ccc(N3CCN(CC4=C(c5ccc(Cl)cc5)CCC(C)(C)C4)CC3)cc2)cc1S(=O)(=O)C(F)(F)F)C(=O)CCCCCCn1cc(COCCOCCOCCNc2cccc3c2C(=O)N(C2CCC(=O)NC2=O)C3=O)nn1
45,CN(CCCCCCCn1cc(COCCOCCNc2cccc3c2C(=O)N(C2CCC(=O)NC2=O)C3=O)nn1)CC[C@@H](CSc1ccccc1)Nc1ccc(S(=O)(=O)NC(=O)c2ccc(N3CCN(CC4=C(c5ccc(Cl)cc5)CCC(C)(C)C4)CC3)cc2)cc1S(=O)(=O)C(F)(F)F
46,CN(CCCCCCCn1cc(COCCOCCOCCNc2cccc3c2C(=O)N(C2CCC(=O)NC2=O)C3=O)nn1)CC[C@@H](CSc1ccccc1)Nc1ccc(S(=O)(=O)NC(=O)c2ccc(N3CCN(CC4=C(c5ccc(Cl)cc5)CCC(C)(C)C4)CC3)cc2)cc1S(=O)(=O)C(F)(F)F
47,CN(CCCNc1cccc2c1C(=O)N(C1CCC(=O)NC1=O)C2=O)CC[C@@H](CSc1ccccc1)Nc1ccc(S(=O)(=O)NC(=O)c2ccc(N3CCN(CC4=C(c5ccc(Cl)cc5)CCC(C)(C)C4)CC3)cc2)cc1S(=O)(=O)C(F)(F)F
48,CN(CCCCNc1cccc2c1C(=O)N(C1CCC(=O)NC1=O)C2=O)CC[C@@H](CSc1ccccc1)Nc1ccc(S(=O)(=O)NC(=O)c2ccc(N3CCN(CC4=C(c5ccc(Cl)cc5)CCC(C)(C)C4)CC3)cc2)cc1S(=O)(=O)C(F)(F)F
49,CN(CCCCCNc1cccc2c1C(=O)N(C1CCC(=O)NC1=O)C2=O)CC[C@@H](CSc1ccccc1)Nc1ccc(S(=O)(=O)NC(=O)c2ccc(N3CCN(CC4=C(c5ccc(Cl)cc5)CCC(C)(C)C4)CC3)cc2)cc1S(=O)(=O)C(F)(F)F
50,CN(CCCCCCNc1cccc2c1C(=O)N(C1CCC(=O)NC1=O)C2=O)CC[C@@H](CSc1ccccc1)Nc1ccc(S(=O)(=O)NC(=O)c2ccc(N3CCN(CC4=C(c5ccc(Cl)cc5)CCC(C)(C)C4)CC3)cc2)cc1S(=O)(=O)C(F)(F)F
51,CN(CCCCCCCCNc1cccc2c1C(=O)N(C1CCC(=O)NC1=O)C2=O)CC[C@@H](CSc1ccccc1)Nc1ccc(S(=O)(=O)NC(=O)c2ccc(N3CCN(CC4=C(c5ccc(Cl)cc5)CCC(C)(C)C4)CC3)cc2)cc1S(=O)(=O)C(F)(F)F
52,CN(CCOCCOCCNc1cccc2c1C(=O)N(C1CCC(=O)NC1=O)C2=O)CC[C@@H](CSc1ccccc1)Nc1ccc(S(=O)(=O)NC(=O)c2ccc(N3CCN(CC4=C(c5ccc(Cl)cc5)CCC(C)(C)C4)CC3)cc2)cc1S(=O)(=O)C(F)(F)F
53,CN(CCOCCOCCOCCNc1cccc2c1C(=O)N(C1CCC(=O)NC1=O)C2=O)CC[C@@H](CSc1ccccc1)Nc1ccc(S(=O)(=O)NC(=O)c2ccc(N3CCN(CC4=C(c5ccc(Cl)cc5)CCC(C)(C)C4)CC3)cc2)cc1S(=O)(=O)C(F)(F)F
54,CN(CCOCCOCCOCCOCCNc1cccc2c1C(=O)N(C1CCC(=O)NC1=O)C2=O)CC[C@@H](CSc1ccccc1)Nc1ccc(S(=O)(=O)NC(=O)c2ccc(N3CCN(CC4=C(c5ccc(Cl)cc5)CCC(C)(C)C4)CC3)cc2)cc1S(=O)(=O)C(F)(F)F
55,C=CC(=O)Nc1cccc(-n2c(=O)cc(C)c3cnc(Nc4ccc(N5CCN(C(=O)CCCCCCCCCCC(=O)Nc6cccc7c6C(=O)N(C6CCC(=O)NC6=O)C7=O)CC5)cc4OC)nc32)c1
56,C=CC(=O)Nc1cccc(-n2c(=O)cc(C)c3cnc(Nc4ccc(N5CCN(C(=O)CCCCCCCCCCCNC(=O)[C@H](CC(C)C)NC(=O)[C@@H](O)[C@H](N)Cc6ccccc6)CC5)cc4OC)nc32)c1
57,C=CC(=O)Nc1cccc(-n2c(=O)cc(C)c3cnc(Nc4ccc(N5CCN(C(=O)CCCCCCCCCCCNC(=O)c6ccc(NC(=O)[C@@H]7N[C@@H](CC(C)(C)C)[C@](C#N)(c8ccc(Cl)cc8F)[C@H]7c7cccc(Cl)c7F)c(OC)c6)CC5)cc4OC)nc32)c1
58,C=CC(=O)Nc1cccc(-n2c(=O)cc(C)c3cnc(Nc4ccc(N5CCN(CCCCCCCCCCCCNC(=O)c6ccc(NC(=O)[C@@H]7N[C@@H](CC(C)(C)C)[C@](C#N)(c8ccc(Cl)cc8F)[C@H]7c7cccc(Cl)c7F)c(OC)c6)CC5)cc4OC)nc32)c1
59,C=CC(=O)Nc1cccc(-n2c(=O)cc(C)c3cnc(Nc4ccc(N5CCN(C(=O)CCCCCCCCCCC(=O)N[C@H](C(=O)N6C[C@H](O)C[C@H]6C(=O)NCc6ccc(-c7scnc7C)cc6)C(C)(C)C)CC5)cc4OC)nc32)c1
60,C=CC(=O)Nc1cccc(-n2c(=O)cc(C)c3cnc(Nc4ccc(N5CCN(CCCCCCCCCCCC(=O)N[C@H](C(=O)N6C[C@H](O)C[C@H]6C(=O)NCc6ccc(-c7scnc7C)cc6)C(C)(C)C)CC5)cc4OC)nc32)c1
61,C=CC(=O)Nc1cccc(-n2c(=O)cc(C)c3cnc(Nc4ccc(N5CCN(C(=O)CCCCCCCCCNC(=O)c6ccc(NC(=O)[C@@H]7N[C@@H](CC(C)(C)C)[C@](C#N)(c8ccc(Cl)cc8F)[C@H]7c7cccc(Cl)c7F)c(OC)c6)CC5)cc4OC)nc32)c1
62,C=CC(=O)Nc1cccc(-n2c(=O)cc(C)c3cnc(Nc4ccc(N5CCN(C(=O)CCCCCCCNC(=O)c6ccc(NC(=O)[C@@H]7N[C@@H](CC(C)(C)C)[C@](C#N)(c8ccc(Cl)cc8F)[C@H]7c7cccc(Cl)c7F)c(OC)c6)CC5)cc4OC)nc32)c1
63,C=CC(=O)Nc1cccc(-n2c(=O)cc(C)c3cnc(Nc4ccc(N5CCN(C(=O)CCCCCNC(=O)c6ccc(NC(=O)[C@@H]7N[C@@H](CC(C)(C)C)[C@](C#N)(c8ccc(Cl)cc8F)[C@H]7c7cccc(Cl)c7F)c(OC)c6)CC5)cc4OC)nc32)c1
64,C=CC(=O)Nc1cccc(-n2c(=O)cc(C)c3cnc(Nc4ccc(N5CCN(C(=O)CCCCCCCCC(=O)N[C@H](C(=O)N6C[C@H](O)C[C@H]6C(=O)NCc6ccc(-c7scnc7C)cc6)C(C)(C)C)CC5)cc4OC)nc32)c1
65,C=CC(=O)Nc1cccc(-n2c(=O)cc(C)c3cnc(Nc4ccc(N5CCN(C(=O)CCCCCCC(=O)N[C@H](C(=O)N6C[C@H](O)C[C@H]6C(=O)NCc6ccc(-c7scnc7C)cc6)C(C)(C)C)CC5)cc4OC)nc32)c1
66,C=CC(=O)Nc1cccc(-n2c(=O)cc(C)c3cnc(Nc4ccc(N5CCN(C(=O)CCCCC(=O)N[C@H](C(=O)N6C[C@H](O)C[C@H]6C(=O)NCc6ccc(-c7scnc7C)cc6)C(C)(C)C)CC5)cc4OC)nc32)c1
67,C=CC(=O)Nc1cccc(-n2c(=O)cc(C)c3cnc(Nc4ccc(N5CCN(CCCCCCCCCC(=O)N[C@H](C(=O)N6C[C@H](O)C[C@H]6C(=O)NCc6ccc(-c7scnc7C)cc6)C(C)(C)C)CC5)cc4OC)nc32)c1
68,C=CC(=O)Nc1cccc(-n2c(=O)cc(C)c3cnc(Nc4ccc(N5CCN(CCCCCCCC(=O)N[C@H](C(=O)N6C[C@H](O)C[C@H]6C(=O)NCc6ccc(-c7scnc7C)cc6)C(C)(C)C)CC5)cc4OC)nc32)c1
69,C=CC(=O)Nc1cccc(-n2c(=O)cc(C)c3cnc(Nc4ccc(N5CCN(CCCCCC(=O)N[C@H](C(=O)N6C[C@H](O)C[C@H]6C(=O)NCc6ccc(-c7scnc7C)cc6)C(C)(C)C)CC5)cc4OC)nc32)c1
70,C=CC(=O)Nc1cccc(-n2c(=O)cc(C)c3cnc(Nc4ccc(N5CCN(CCCC(=O)N[C@H](C(=O)N6C[C@H](O)C[C@H]6C(=O)NCc6ccc(-c7scnc7C)cc6)C(C)(C)C)CC5)cc4OC)nc32)c1
71,COc1cc2c(OC[C@@H]3CCC(=O)N3)ncc(C#CCOCCOCCOCCC(=O)N[C@H](C(=O)N3C[C@H](O)C[C@H]3C(=O)NCc3ccc(-c4scnc4C)cc3)C(C)(C)C)c2cc1C(N)=O
72,COc1cc2c(OC[C@@H]3CCC(=O)N3)ncc(C#CCCCCCCCCCCC(=O)N[C@H](C(=O)N3C[C@H](O)C[C@H]3C(=O)NCc3ccc(-c4scnc4C)cc3)C(C)(C)C)c2cc1C(N)=O
73,COc1cc2c(OC[C@@H]3CCC(=O)N3)ncc(C#CCOCCOCCOCCOc3cccc4c3C(=O)N(C3CCC(=O)NC3=O)C4=O)c2cc1C(N)=O
74,COc1cc2c(OC[C@@H]3CCC(=O)N3)ncc(C#CCCCCCCCCCCOc3cccc4c3C(=O)N(C3CCC(=O)NC3=O)C4=O)c2cc1C(N)=O
75,CN[C@@H](C)C(=O)N[C@H](C(=O)N1C[C@@H](NC(=O)CCOCCOCCOCC#Cc2cnc(OC[C@@H]3CCC(=O)N3)c3cc(OC)c(C(N)=O)cc23)C[C@H]1C(=O)N[C@@H]1CCCc2ccccc21)C1CCCCC1
76,CN[C@@H](C)C(=O)N[C@H](C(=O)N1C[C@@H](NC(=O)CCCCCCCCCCC#Cc2cnc(OC[C@@H]3CCC(=O)N3)c3cc(OC)c(C(N)=O)cc23)C[C@H]1C(=O)N[C@@H]1CCCc2ccccc21)C1CCCCC1
77,COc1cc2c(OC[C@@H]3CCC(=O)N3)ncc(C#CCCC(=O)N[C@H](C(=O)N3C[C@H](O)C[C@H]3C(=O)NCc3ccc(-c4scnc4C)cc3)C(C)(C)C)c2cc1C(N)=O
78,COc1cc2c(OC[C@@H]3CCC(=O)N3)ncc(C#CCCCC(=O)N[C@H](C(=O)N3C[C@H](O)C[C@H]3C(=O)NCc3ccc(-c4scnc4C)cc3)C(C)(C)C)c2cc1C(N)=O
79,CC[C@@H]1[C@H](F)C(=O)N[C@@H]1COc1ncc(C#CCCCCCCCCCCC(=O)N[C@H](C(=O)N2C[C@H](O)C[C@H]2C(=O)NCc2ccc(-c3scnc3C)cc2)C(C)(C)C)c2cc(C(N)=O)c(OC)cc12
80,CC[C@@H]1[C@H](F)C(=O)N[C@@H]1COc1ncc(C#CCN2CCC3(CC2)CCN(c2ncc(C(=O)N[C@H](C(=O)N4C[C@H](O)C[C@H]4C(=O)NCc4ccc(-c5scnc5C)cc4)C(C)(C)C)cn2)CC3)c2cc(C(N)=O)c(OC)cc12
81,Cc1nc(Nc2ncc(C(=O)Nc3c(C)cccc3Cl)s2)cc(N2CCN(CCCCCCOCCOCCOCCCCCC(=O)N[C@H](C(=O)N3C[C@H](O)C[C@H]3C(=O)NCc3ccc(-c4scnc4C)cc3)C(C)(C)C)CC2)n1
82,Cc1nc(Nc2ncc(C(=O)Nc3c(C)cccc3Cl)s2)cc(N2CCN(C(=O)CCCCCOCCOCCOCCCCCC(=O)N[C@H](C(=O)N3C[C@H](O)C[C@H]3C(=O)NCc3ccc(-c4scnc4C)cc3)C(C)(C)C)CC2)n1
83,Cc1nc(Nc2ncc(C(=O)Nc3c(C)cccc3Cl)s2)cc(N2CCN(C(=O)CCOCCOCCOCCOCCOCCC(=O)N[C@H](C(=O)N3C[C@H](O)C[C@H]3C(=O)NCc3ccc(-c4scnc4C)cc3)C(C)(C)C)CC2)n1
84,Cc1nc(Nc2ncc(C(=O)Nc3c(C)cccc3Cl)s2)cc(N2CCN(C(=O)CCOCCOCCOCCOCCC(=O)N[C@H](C(=O)N3C[C@H](O)C[C@H]3C(=O)NCc3ccc(-c4scnc4C)cc3)C(C)(C)C)CC2)n1
85,Cc1nc(Nc2ncc(C(=O)Nc3c(C)cccc3Cl)s2)cc(N2CCN(C(=O)CCOCCOCCOCCC(=O)N[C@H](C(=O)N3C[C@H](O)C[C@H]3C(=O)NCc3ccc(-c4scnc4C)cc3)C(C)(C)C)CC2)n1
86,Cc1nc(Nc2ncc(C(=O)Nc3c(C)cccc3Cl)s2)cc(N2CCN(C(=O)CCOCCOCCC(=O)N[C@H](C(=O)N3C[C@H](O)C[C@H]3C(=O)NCc3ccc(-c4scnc4C)cc3)C(C)(C)C)CC2)n1
87,Cc1nc(Nc2ncc(C(=O)Nc3c(C)cccc3Cl)s2)cc(N2CCN(C(=O)COCCOCC(=O)N[C@H](C(=O)N3C[C@H](O)C[C@H]3C(=O)NCc3ccc(-c4scnc4C)cc3)C(C)(C)C)CC2)n1
88,Cc1nc(Nc2ncc(C(=O)Nc3c(C)cccc3Cl)s2)cc(N2CCN(C(=O)CCCCCCCCCCCCCCC(=O)N[C@H](C(=O)N3C[C@H](O)C[C@H]3C(=O)NCc3ccc(-c4scnc4C)cc3)C(C)(C)C)CC2)n1
89,Cc1nc(Nc2ncc(C(=O)Nc3c(C)cccc3Cl)s2)cc(N2CCN(C(=O)CCCCCCCCCCCCC(=O)N[C@H](C(=O)N3C[C@H](O)C[C@H]3C(=O)NCc3ccc(-c4scnc4C)cc3)C(C)(C)C)CC2)n1
90,Cc1nc(Nc2ncc(C(=O)Nc3c(C)cccc3Cl)s2)cc(N2CCN(C(=O)CCCCCCCCC(=O)N[C@H](C(=O)N3C[C@H](O)C[C@H]3C(=O)NCc3ccc(-c4scnc4C)cc3)C(C)(C)C)CC2)n1
91,Cc1nc(Nc2ncc(C(=O)Nc3c(C)cccc3Cl)s2)cc(N2CCN(C(=O)CCCCCCCC(=O)N[C@H](C(=O)N3C[C@H](O)C[C@H]3C(=O)NCc3ccc(-c4scnc4C)cc3)C(C)(C)C)CC2)n1
92,Cc1nc(Nc2ncc(C(=O)Nc3c(C)cccc3Cl)s2)cc(N2CCN(C(=O)CCCCCCC(=O)N[C@H](C(=O)N3C[C@H](O)C[C@H]3C(=O)NCc3ccc(-c4scnc4C)cc3)C(C)(C)C)CC2)n1
93,Cc1nc(Nc2ncc(C(=O)Nc3c(C)cccc3Cl)s2)cc(N2CCN(C(=O)CCCCCC(=O)N[C@H](C(=O)N3C[C@H](O)C[C@H]3C(=O)NCc3ccc(-c4scnc4C)cc3)C(C)(C)C)CC2)n1
94,Cc1nc(Nc2ncc(C(=O)Nc3c(C)cccc3Cl)s2)cc(N2CCN(C(=O)CCCCC(=O)N[C@H](C(=O)N3C[C@H](O)C[C@H]3C(=O)NCc3ccc(-c4scnc4C)cc3)C(C)(C)C)CC2)n1
95,Cc1nc(Nc2ncc(C(=O)Nc3c(C)cccc3Cl)s2)cc(N2CCN(C(=O)CCCC(=O)N[C@H](C(=O)N3C[C@H](O)C[C@H]3C(=O)NCc3ccc(-c4scnc4C)cc3)C(C)(C)C)CC2)n1
96,Cc1nc(Nc2ncc(C(=O)Nc3c(C)cccc3Cl)s2)cc(N2CCN(C(=O)CCC(=O)N[C@H](C(=O)N3C[C@H](O)C[C@H]3C(=O)NCc3ccc(-c4scnc4C)cc3)C(C)(C)C)CC2)n1
97,Cc1nc(Nc2ncc(C(=O)Nc3c(C)cccc3Cl)s2)cc(N2CCN(C(=O)CCCc3cn(CCCC(=O)N[C@H](C(=O)N4C[C@H](O)C[C@H]4C(=O)NCc4ccc(-c5scnc5C)cc4)C(C)(C)C)nn3)CC2)n1
98,Cc1nc(Nc2ncc(C(=O)Nc3c(C)cccc3Cl)s2)cc(N2CCN(C(=O)CNC(=O)CCCC(=O)N[C@H](C(=O)N3C[C@H](O)C[C@H]3C(=O)NCc3ccc(-c4scnc4C)cc3)C(C)(C)C)CC2)n1
99,Cc1nc(Nc2ncc(C(=O)Nc3c(C)cccc3Cl)s2)cc(N2CCN(C(=O)CCCCNC(=O)CCCCCCCCC(=O)N[C@H](C(=O)N3C[C@H](O)C[C@H]3C(=O)NCc3ccc(-c4scnc4C)cc3)C(C)(C)C)CC2)n1
100,Cc1nc(Nc2ncc(C(=O)Nc3c(C)cccc3Cl)s2)cc(N2CCN(CCCCCNC(=O)CCCCCCCCC(=O)N[C@H](C(=O)N3C[C@H](O)C[C@H]3C(=O)NCc3ccc(-c4scnc4C)cc3)C(C)(C)C)CC2)n1
101,COc1cc(/C=C2\SC(=O)N(Cc3cn(CCCNC(=O)[C@@H](N)CCCNC(=N)N)nn3)C2=O)ccc1Oc1ccc(C#N)cc1C(F)(F)F
102,COc1cc(/C=C2\SC(=O)N(Cc3cn(CCCNC(=O)[C@@H](N)Cc4c[nH]cn4)nn3)C2=O)ccc1Oc1ccc(C#N)cc1C(F)(F)F
103,CC[C@H](C)[C@H](N)c1cn([C@@H](Cc2ccc(O)cc2)C(=O)N2CCN(c3nc(NCCOCCOCCOCc4cn(CCOCCOCCOCCOCCOCCNC(=O)CN5CCN(C(=O)N6C(c7ccc(OC)cc7OC(C)C)=N[C@@H](c7ccc(Cl)cc7)[C@H]6c6ccc(Cl)cc6)CC5=O)nn4)nc(N4CCN(C(=O)[C@H](Cc5ccc(O)cc5)n5cc([C@@H](N)[C@@H](C)CC)nn5)CC4)n3)CC2)nn1
104,CC[C@H](C)[C@H](N)c1cn([C@@H](Cc2ccc(O)cc2)C(=O)N2CCN(c3nc(NCCOCCOCCOCc4cn(CCCCCC(=O)Nc5cccc6c5C(=O)N(C5CCC(=O)NC5=O)C6=O)nn4)nc(N4CCN(C(=O)[C@H](Cc5ccc(O)cc5)n5cc([C@@H](N)[C@@H](C)CC)nn5)CC4)n3)CC2)nn1
105,CCn1nc(C2CC2)cc1Nc1nc(C(=O)NCCCCNC(=O)COc2cccc3c2C(=O)N(C2CCC(=O)NC2=O)C3=O)nc2[nH]c3cc(-c4c(C)noc4C)c(OC)cc3c12
106,CCn1nc(C2CC2)cc1Nc1nc(C(=O)NCCCCCCc2cccc3c2CN(C2CCC(=O)NC2=O)C3=O)nc2[nH]c3cc(-c4c(C)noc4C)c(OC)cc3c12
107,CCn1nc(C2CC2)cc1Nc1nc(C(=O)NCCCCCc2cccc3c2CN(C2CCC(=O)NC2=O)C3=O)nc2[nH]c3cc(-c4c(C)noc4C)c(OC)cc3c12
108,CCn1nc(C2CC2)cc1Nc1nc(C(=O)NCCCCc2cccc3c2CN(C2CCC(=O)NC2=O)C3=O)nc2[nH]c3cc(-c4c(C)noc4C)c(OC)cc3c12
109,CCn1nc(C2CC2)cc1Nc1nc(C(=O)NCCCc2cccc3c2CN(C2CCC(=O)NC2=O)C3=O)nc2[nH]c3cc(-c4c(C)noc4C)c(OC)cc3c12
110,CC[C@@H]1C(=O)N(C)c2cnc(Nc3ccc(C(=O)NCCOCCOCCNc4cccc5c4C(=O)N(C4CCC(=O)NC4=O)C5=O)cc3OC)nc2N1C1CCCC1
111,CN[C@@H](C)C(=O)N[C@H](C(=O)N1C[C@@H](NC(=O)CCCCCCCCCn2cc(Nc3ncc(Cl)c(NCc4cc(F)ccc4F)n3)cn2)C[C@H]1C(=O)N[C@@H]1CCCc2ccccc21)C1CCCCC1
112,Cc1ncsc1-c1ccc(CNC(=O)[C@H]2C[C@H](O)CN2C(=O)[C@H](NC(=O)CCCCCCCCCn2cc(Nc3ncc(Cl)c(NCc4cc(F)ccc4F)n3)cn2)C(C)(C)C)cc1
113,O=C1CCC(N2Cc3c(NC(=O)CCCCCCCCCn4cc(Nc5ncc(Cl)c(NCc6cc(F)ccc6F)n5)cn4)cccc3C2=O)C(=O)N1
114,CN[C@@H](C)C(=O)N[C@H](C(=O)N1C[C@@H](NC(=O)COCCOCCOCCOCCn2cc(Nc3ncc(Cl)c(NCc4cc(F)ccc4F)n3)cn2)C[C@H]1C(=O)N[C@@H]1CCCc2ccccc21)C1CCCCC1
115,Cc1ncsc1-c1ccc(CNC(=O)[C@@H]2C[C@@H](O)CN2C(=O)[C@@H](NC(=O)COCCOCCOCCOCCn2cc(Nc3ncc(Cl)c(NCc4cc(F)ccc4F)n3)cn2)C(C)(C)C)cc1
116,O=C1CCC(N2Cc3c(NC(=O)COCCOCCOCCOCCn4cc(Nc5ncc(Cl)c(NCc6cc(F)ccc6F)n5)cn4)cccc3C2=O)C(=O)N1
117,CN[C@@H](C)C(=O)N[C@H](C(=O)N1C[C@@H](NC(=O)CCCCCCCCCOc2cc(F)cc(CNc3nc(Nc4cnn(C)c4)ncc3Cl)c2F)C[C@H]1C(=O)N[C@@H]1CCCc2ccccc21)C1CCCCC1
118,Cc1ncsc1-c1ccc(CNC(=O)[C@H]2C[C@H](O)CN2C(=O)[C@H](NC(=O)CCCCCCCCCOc2cc(F)cc(CNc3nc(Nc4cnn(C)c4)ncc3Cl)c2F)C(C)(C)C)cc1
119,Cn1cc(Nc2ncc(Cl)c(NCc3cc(F)cc(OCCCCCCCCCC(=O)Nc4cccc5c4CN(C4CCC(=O)NC4=O)C5=O)c3F)n2)cn1
120,CN[C@@H](C)C(=O)N[C@H](C(=O)N1C[C@@H](NC(=O)COCCOCCOCCOCCOc2cc(F)cc(CNc3nc(Nc4cnn(C)c4)ncc3Cl)c2F)C[C@H]1C(=O)N[C@@H]1CCCc2ccccc21)C1CCCCC1
121,Cc1ncsc1-c1ccc(CNC(=O)[C@@H]2C[C@@H](O)CN2C(=O)[C@@H](NC(=O)COCCOCCOCCOCCOc2cc(F)cc(CNc3nc(Nc4cnn(C)c4)ncc3Cl)c2F)C(C)(C)C)cc1
122,Cn1cc(Nc2ncc(Cl)c(NCc3cc(F)cc(OCCOCCOCCOCCOCC(=O)Nc4cccc5c4CN(C4CCC(=O)NC4=O)C5=O)c3F)n2)cn1
123,CN[C@@H](C)C(=O)N[C@H](C(=O)N1C[C@@H](NC(=O)COCCOCCOCCOCCOCCOCCOc2cc(F)cc(CNc3nc(Nc4cnn(C)c4)ncc3Cl)c2F)C[C@H]1C(=O)N[C@@H]1CCCc2ccccc21)C1CCCCC1
124,Cc1ncsc1-c1ccc(CNC(=O)[C@@H]2C[C@@H](O)CN2C(=O)[C@@H](NC(=O)COCCOCCOCCOCCOCCOCCOc2cc(F)cc(CNc3nc(Nc4cnn(C)c4)ncc3Cl)c2F)C(C)(C)C)cc1
125,Cn1cc(Nc2ncc(Cl)c(NCc3cc(F)cc(OCCOCCOCCOCCOCCOCCOCC(=O)Nc4cccc5c4CN(C4CCC(=O)NC4=O)C5=O)c3F)n2)cn1
126,CN[C@@H](C)C(=O)N[C@H](C(=O)N1C[C@@H](NC(=O)CCCCCCCCCN2CCN(CCCOc3ccc(-c4cnc5cccc(-c6cc(F)c(CN7CCS(=O)(=O)CC7)c(F)c6)c5n4)cc3OC)CC2)C[C@H]1C(=O)N[C@@H]1CCCc2ccccc21)C1CCCCC1
127,COc1cc(-c2cnc3cccc(-c4cc(F)c(CN5CCS(=O)(=O)CC5)c(F)c4)c3n2)ccc1OCCCN1CCN(CCCCCCCCCC(=O)N[C@@H](C(=O)N2C[C@@H](O)C[C@@H]2C(=O)NCc2ccc(-c3scnc3C)cc2)C(C)(C)C)CC1
128,COc1cc(-c2cnc3cccc(-c4cc(F)c(CN5CCS(=O)(=O)CC5)c(F)c4)c3n2)ccc1OCCCN1CCN(CCCCCCCCCC(=O)Nc2cccc3c2CN(C2CCC(=O)NC2=O)C3=O)CC1
129,CN[C@@H](C)C(=O)N[C@H](C(=O)N1C[C@@H](NC(=O)COCCOCCOCCOCCN2CCN(CCCOc3ccc(-c4cnc5cccc(-c6cc(F)c(CN7CCS(=O)(=O)CC7)c(F)c6)c5n4)cc3OC)CC2)C[C@H]1C(=O)N[C@@H]1CCCc2ccccc21)C1CCCCC1
130,COc1cc(-c2cnc3cccc(-c4cc(F)c(CN5CCS(=O)(=O)CC5)c(F)c4)c3n2)ccc1OCCCN1CCN(CCOCCOCCOCCOCC(=O)N[C@@H](C(=O)N2C[C@@H](O)C[C@@H]2C(=O)NCc2ccc(-c3scnc3C)cc2)C(C)(C)C)CC1
131,COc1cc(-c2cnc3cccc(-c4cc(F)c(CN5CCS(=O)(=O)CC5)c(F)c4)c3n2)ccc1OCCCN1CCN(CCOCCOCCOCCOCC(=O)Nc2cccc3c2CN(C2CCC(=O)NC2=O)C3=O)CC1
132,CN[C@H](C)C(=O)N[C@@H](C(=O)N1C[C@H](NC(=O)COCCOCCOCCOCCOCCOCCN2CCN(CCCOc3ccc(-c4cnc5cccc(-c6cc(F)c(CN7CCS(=O)(=O)CC7)c(F)c6)c5n4)cc3OC)CC2)C[C@@H]1C(=O)N[C@@H]1CCCc2ccccc21)C1CCCCC1
133,COc1cc(-c2cnc3cccc(-c4cc(F)c(CN5CCS(=O)(=O)CC5)c(F)c4)c3n2)ccc1OCCCN1CCN(CCOCCOCCOCCOCCOCCOCC(=O)N[C@@H](C(=O)N2C[C@@H](O)C[C@@H]2C(=O)NCc2ccc(-c3scnc3C)cc2)C(C)(C)C)CC1
134,COc1cc(-c2cnc3cccc(-c4cc(F)c(CN5CCS(=O)(=O)CC5)c(F)c4)c3n2)ccc1OCCCN1CCN(CCOCCOCCOCCOCCOCCOCC(=O)Nc2cccc3c2CN(C2CCC(=O)NC2=O)C3=O)CC1
135,O=C1CCC(N2Cc3c(NC(=O)CCCCCCCN4CCN(c5ccc(Nc6cc7c(N8CCC(CO)CC8)nc(Nc8ccc(F)cc8)nc7cn6)nc5)CC4)cccc3C2=O)C(=O)N1
136,O=C1CCC(N2Cc3c(NC(=O)CCCCCCN4CCN(c5ccc(Nc6cc7c(N8CCC(CO)CC8)nc(Nc8ccc(F)cc8)nc7cn6)nc5)CC4)cccc3C2=O)C(=O)N1
137,O=C1CCC(N2Cc3c(NC(=O)CCCCCN4CCN(c5ccc(Nc6cc7c(N8CCC(CO)CC8)nc(Nc8ccc(F)cc8)nc7cn6)nc5)CC4)cccc3C2=O)C(=O)N1
138,O=C1CCC(N2Cc3c(NC(=O)CCCCN4CCN(c5ccc(Nc6cc7c(N8CCC(CO)CC8)nc(Nc8ccc(F)cc8)nc7cn6)nc5)CC4)cccc3C2=O)C(=O)N1
139,O=C1CCC(N2Cc3c(NC(=O)CCCCCCCn4cc(CN5CCN(c6ccc(Nc7cc8c(N9CCC(CO)CC9)nc(Nc9ccc(F)cc9)nc8cn7)nc6)CC5)nn4)cccc3C2=O)C(=O)N1
140,O=C(CN1CCN(c2ccc(Nc3cc4c(N5CCC(CO)CC5)nc(Nc5ccc(F)cc5)nc4cn3)nc2)CC1)NCCC(=O)Nc1cccc2c1CN(C1CCC(=O)NC1=O)C2=O
141,CN(C)C1CCN(c2ccc(Nc3cc4c(N5CCN(CCCCCCCC(=O)Nc6cccc7c6CN(C6CCC(=O)NC6=O)C7=O)CC5)nc(Nc5ccc(F)cc5)nc4cn3)nc2)CC1
142,CN(C)C1CCN(c2ccc(Nc3cc4c(N5CCN(CC(=O)NCCC(=O)Nc6cccc7c6CN(C6CCC(=O)NC6=O)C7=O)CC5)nc(Nc5ccc(F)cc5)nc4cn3)nc2)CC1
143,Cc1ncsc1-c1ccc(CNC(=O)[C@@H]2C[C@@H](O)CN2C(=O)[C@@H](NC(=O)CCCCCCN2CCN(c3ccc(Nc4cc5c(N6CCC(CO)CC6)nc(Nc6ccc(F)cc6)nc5cn4)nc3)CC2)C(C)(C)C)cc1
144,Cc1ncsc1-c1ccc(CNC(=O)[C@@H]2C[C@@H](O)CN2C(=O)[C@@H](NC(=O)CCCCN2CCN(c3ccc(Nc4cc5c(N6CCC(CO)CC6)nc(Nc6ccc(F)cc6)nc5cn4)nc3)CC2)C(C)(C)C)cc1
145,Cc1ncsc1-c1ccc(CNC(=O)[C@@H]2C[C@@H](O)CN2C(=O)[C@@H](NCCOCCOCCOCCN2CCN(c3ccc(Nc4cc5c(N6CCC(CO)CC6)nc(Nc6ccc(F)cc6)nc5cn4)nc3)CC2)C(C)(C)C)cc1
146,Cc1ncsc1-c1ccc(CNC(=O)[C@@H]2C[C@@H](O)CN2C(=O)[C@@H](NCCOCCOCCN2CCN(c3ccc(Nc4cc5c(N6CCC(CO)CC6)nc(Nc6ccc(F)cc6)nc5cn4)nc3)CC2)C(C)(C)C)cc1
147,Cc1ncsc1-c1ccc(CNC(=O)[C@@H]2C[C@@H](O)CN2C(=O)[C@@H](NCCOCCOCCn2cc(CN3CCN(c4ccc(Nc5cc6c(N7CCC(CO)CC7)nc(Nc7ccc(F)cc7)nc6cn5)nc4)CC3)nn2)C(C)(C)C)cc1
148,CC(C)S(=O)(=O)c1ccccc1Nc1nc(Nc2ccc(N3CCN(CCOCCOCCNC(=O)CNc4cccc5c4C(=O)N(C4CCC(=O)NC4=O)C5=O)CC3)cc2)ncc1Cl
149,CC(C)(C)/C(O)=C/C(=N)N[N+](=O)Nc1ccc(-c2cn3c(n2)sc2cc(OCCN4CCN(C(=O)CCC(=O)NCCCCNC(=O)COc5cccc6c5C(=O)N(C5CCC(=O)NC5=O)C6=O)CC4)ccc23)cc1
150,CC(C)(C)c1cc(NC(=O)Nc2ccc(-c3cn4c(n3)sc3cc(OCCN5CCN(C(=O)CCC(=O)NCCCOCCOCCOCCCNC(=O)COc6cccc7c6C(=O)N(C6CCC(=O)NC6=O)C7=O)CC5)ccc34)cc2)no1
151,CC(C)(C)c1cc(NC(=O)Nc2ccc(-c3cn4c(n3)sc3cc(OCCN5CCN(CC(=O)NCCCCCCCCNC(=O)COc6cccc7c6C(=O)N(C6CCC(=O)NC6=O)C7=O)CC5)ccc34)cc2)no1
152,CC(C)(C)c1cc(NC(=O)Nc2ccc(-c3cn4c(n3)sc3cc(OCCOCCOCCNC(=O)CNc5cccc6c5C(=O)N(C5CCC(=O)NC5=O)C6=O)ccc34)cc2)no1
153,CC(C)(C)c1cc(NC(=O)Nc2ccc(-c3cn4c(n3)sc3cc(OCCN5CCN(C(=O)CCC(=O)NCCCCCCCCNC(=O)COc6cccc7c6C(=O)N(C6CCC(=O)NC6=O)C7=O)CC5)ccc34)cc2)no1
154,CC(C)(C)c1cc(NC(=O)Nc2ccc(-c3cn4c(n3)sc3cc(OCCN5CCN(CC(=O)NCCCCNC(=O)COc6cccc7c6C(=O)N(C6CCC(=O)NC6=O)C7=O)CC5)ccc34)cc2)no1
155,CC(C)(C)c1cc(NC(=O)Nc2ccc(-c3cn4c(n3)sc3cc(OCCN5CCN(CC(=O)NCCCOCCOCCOCCCNC(=O)COc6cccc7c6C(=O)N(C6CCC(=O)NC6=O)C7=O)CC5)ccc34)cc2)no1
156,CC(C)(C)c1cc(NC(=O)Nc2ccc(-c3cn4c(n3)sc3cc(OCCN5CCN(CCOCCOCCNC(=O)CNc6cccc7c6C(=O)N(C6CCC(=O)NC6=O)C7=O)CC5)ccc34)cc2)no1
157,CC(C)(C)c1cc(NC(=O)Nc2ccc(-c3cn4c(n3)sc3cc(OCCOCCOCCOCCNC(=O)CNc5cccc6c5C(=O)N(C5CCC(=O)NC5=O)C6=O)ccc34)cc2)no1
158,COc1cc(Nc2c(C#N)cnc3cc(OCCCN4CCN(CCOCCOCCNc5cccc6c5C(=O)N(C5CCC(=O)NC5=O)C6=O)CC4)c(OC)cc23)c(Cl)cc1Cl
159,Cc1cc(C2CC2)cc2ccn(-c3cccc(-c4cc(Nc5ccc(N6CCN(CCOCCOCCNC(=O)CNc7cccc8c7C(=O)N(C7CCC(=O)NC7=O)C8=O)CC6)cn5)c(=O)n(C)c4)c3CO)c(=O)c12
160,Cc1ncsc1-c1ccc(CNC(=O)[C@@H]2C[C@@H](O)CN2C(=O)[C@@H](NC(=O)COCCCCOc2ccc(Nc3ncc(Br)c(NCCCN(C)C(=O)C4CCC4)n3)cc2)C(C)(C)C)cc1
161,Cc1ncsc1-c1ccc(CNC(=O)[C@@H]2C[C@@H](O)CN2C(=O)[C@@H](NC(=O)COCCOCCOc2ccc(Nc3ncc(Br)c(NCCCN(C)C(=O)C4CCC4)n3)cc2)C(C)(C)C)cc1
162,Cc1ncsc1-c1ccc(CNC(=O)[C@@H]2C[C@@H](O)CN2C(=O)[C@@H](NC(=O)CCCCCOCCOc2ccc(Nc3ncc(Br)c(NCCCN(C)C(=O)C4CCC4)n3)cc2)C(C)(C)C)cc1
163,Cc1ncsc1-c1ccc(CNC(=O)[C@@H]2C[C@@H](O)CN2C(=O)[C@@H](NC(=O)COCCCOCCCOc2ccc(Nc3ncc(Br)c(NCCCN(C)C(=O)C4CCC4)n3)cc2)C(C)(C)C)cc1
164,Cc1ncsc1-c1ccc(CNC(=O)[C@@H]2C[C@@H](O)CN2C(=O)[C@@H](NC(=O)COCCOCCOCCOc2ccc(Nc3ncc(Br)c(NCCCN(C)C(=O)C4CCC4)n3)cc2)C(C)(C)C)cc1
165,Cc1ncsc1-c1ccc(CNC(=O)[C@@H]2C[C@@H](O)CN2C(=O)[C@@H](NC(=O)COCCCOCCCCCOc2ccc(Nc3ncc(Br)c(NCCCN(C)C(=O)C4CCC4)n3)cc2)C(C)(C)C)cc1
166,Cc1ncsc1-c1ccc(CNC(=O)[C@@H]2C[C@@H](O)CN2C(=O)[C@@H](NC(=O)COCCOCCOCCCCOc2ccc(Nc3ncc(Br)c(NCCCN(C)C(=O)C4CCC4)n3)cc2)C(C)(C)C)cc1
167,Cc1ncsc1-c1ccc(CNC(=O)[C@@H]2C[C@@H](O)CN2C(=O)[C@@H](NC(=O)COCCOCCOCCOCCOc2ccc(Nc3ncc(Br)c(NCCCN(C)C(=O)C4CCC4)n3)cc2)C(C)(C)C)cc1
168,Cc1ncsc1-c1ccc(CNC(=O)[C@@H]2C[C@@H](O)CN2C(=O)[C@@H](NC(=O)COCCCOCCCCOCCCOc2ccc(Nc3ncc(Br)c(NCCCN(C)C(=O)C4CCC4)n3)cc2)C(C)(C)C)cc1
169,Cc1ncsc1-c1ccc(CNC(=O)[C@@H]2C[C@@H](O)CN2C(=O)[C@@H](NC(=O)CCCCCOCCCCOCCCCOc2ccc(Nc3ncc(Br)c(NCCCN(C)C(=O)C4CCC4)n3)cc2)C(C)(C)C)cc1
170,Cc1ncsc1-c1ccc(CNC(=O)[C@@H]2C[C@@H](O)CN2C(=O)[C@@H](NC(=O)COCCOCCOCCOCCOCCOc2ccc(Nc3ncc(Br)c(NCCCN(C)C(=O)C4CCC4)n3)cc2)C(C)(C)C)cc1
171,Cc1ncsc1-c1ccc(CNC(=O)[C@@H]2C[C@@H](O)CN2C(=O)[C@@H](NC(=O)COCCOCCCCOCCCCOCCOc2ccc(Nc3ncc(Br)c(NCCCN(C)C(=O)C4CCC4)n3)cc2)C(C)(C)C)cc1
172,Cc1ncsc1-c1ccc(CNC(=O)[C@@H]2C[C@@H](O)CN2C(=O)[C@@H](NC(=O)CCOCCCOCCCOCCCOCCCOc2ccc(Nc3ncc(Br)c(NCCCN(C)C(=O)C4CCC4)n3)cc2)C(C)(C)C)cc1
173,Cc1ncsc1-c1ccc(CNC(=O)[C@@H]2C[C@@H](O)CN2C(=O)[C@@H](NC(=O)COCCOCCOCCOCCOCCOCCOc2ccc(Nc3ncc(Br)c(NCCCN(C)C(=O)C4CCC4)n3)cc2)C(C)(C)C)cc1
174,Cc1ncsc1-c1ccc(CNC(=O)[C@@H]2C[C@@H](O)CN2C(=O)[C@@H](NC(=O)COCCOCCCCOCCCCOCCOCCOc2ccc(Nc3ncc(Br)c(NCCCN(C)C(=O)C4CCC4)n3)cc2)C(C)(C)C)cc1
175,Cc1ncsc1-c1ccc(CNC(=O)[C@@H]2C[C@@H](O)CN2C(=O)[C@@H](NC(=O)COCCCCCOCCCCOCCCCOCCCCOCCCCCOc2ccc(Nc3ncc(Br)c(NCCCN(C)C(=O)C4CCC4)n3)cc2)C(C)(C)C)cc1
176,Cc1ncsc1-c1ccc(CNC(=O)[C@@H]2C[C@@H](O)CN2C(=O)[C@@H](NC(=O)COCCCOCCCCOCCCOc2ccc(Nc3nccc(NCCCN(C)C(=O)C4CCC4)n3)cc2)C(C)(C)C)cc1
177,Cc1ncsc1-c1ccc(CNC(=O)[C@@H]2C[C@@H](O)CN2C(=O)[C@@H](NC(=O)COCCCOCCCCOCCCOc2ccc(Nc3ncc(F)c(NCCCN(C)C(=O)C4CCC4)n3)cc2)C(C)(C)C)cc1
178,Cc1ncsc1-c1ccc(CNC(=O)[C@@H]2C[C@@H](O)CN2C(=O)[C@@H](NC(=O)COCCCOCCCCOCCCOc2ccc(Nc3ncc(Cl)c(NCCCN(C)C(=O)C4CCC4)n3)cc2)C(C)(C)C)cc1
179,Cc1ncsc1-c1ccc(CNC(=O)[C@@H]2C[C@@H](O)CN2C(=O)[C@@H](NC(=O)COCCCOCCCCOCCCOc2ccc(Nc3ncc(I)c(NCCCN(C)C(=O)C4CCC4)n3)cc2)C(C)(C)C)cc1
180,Cc1ncsc1-c1ccc(CNC(=O)[C@@H]2C[C@@H](O)CN2C(=O)[C@@H](NC(=O)COCCCOCCCCOCCCOc2ccc(Nc3ncc(C(F)(F)F)c(NCCCN(C)C(=O)C4CCC4)n3)cc2)C(C)(C)C)cc1
181,Cc1cnc(Nc2ccc(OCCCOCCCCOCCCOCC(=O)N[C@H](C(=O)N3C[C@H](O)C[C@H]3C(=O)NCc3ccc(-c4scnc4C)cc3)C(C)(C)C)cc2)nc1NCCCN(C)C(=O)C1CCC1
182,CCc1cnc(Nc2ccc(OCCCOCCCCOCCCOCC(=O)N[C@H](C(=O)N3C[C@H](O)C[C@H]3C(=O)NCc3ccc(-c4scnc4C)cc3)C(C)(C)C)cc2)nc1NCCCN(C)C(=O)C1CCC1
183,Cc1ncsc1-c1ccc(CNC(=O)[C@@H]2C[C@@H](O)CN2C(=O)[C@@H](NC(=O)COCCCOCCCCOCCCOc2ccc(Nc3ncc(C4CCC4)c(NCCCN(C)C(=O)C4CCC4)n3)cc2)C(C)(C)C)cc1
184,C=Cc1cnc(Nc2ccc(OCCCOCCCCOCCCOCC(=O)N[C@H](C(=O)N3C[C@H](O)C[C@H]3C(=O)NCc3ccc(-c4scnc4C)cc3)C(C)(C)C)cc2)nc1NCCCN(C)C(=O)C1CCC1
185,Cc1ncsc1-c1ccc(CNC(=O)[C@@H]2C[C@@H](O)CN2C(=O)[C@@H](NC(=O)COCCCOCCCCOCCCOc2ccc(Nc3ncc(C4CC4)c(NCCCN(C)C(=O)C4CCC4)n3)cc2)C(C)(C)C)cc1
186,Cc1ncsc1-c1ccc(CNC(=O)[C@@H]2C[C@@H](O)CN2C(=O)CNC(=O)COCCCOCCCCOCCCOc2ccc(Nc3ncc(Br)c(NCCCN(C)C(=O)C4CCC4)n3)cc2)cc1
187,Cc1ncsc1-c1ccc(CNC(=O)[C@@H]2C[C@@H](O)CN2C(=O)[C@H](C)NC(=O)COCCCOCCCCOCCCOc2ccc(Nc3ncc(Br)c(NCCCN(C)C(=O)C4CCC4)n3)cc2)cc1
188,CC[C@H](NC(=O)COCCCOCCCCOCCCOc1ccc(Nc2ncc(Br)c(NCCCN(C)C(=O)C3CCC3)n2)cc1)C(=O)N1C[C@H](O)C[C@H]1C(=O)NCc1ccc(-c2scnc2C)cc1
189,CCC[C@H](NC(=O)COCCCOCCCCOCCCOc1ccc(Nc2ncc(Br)c(NCCCN(C)C(=O)C3CCC3)n2)cc1)C(=O)N1C[C@H](O)C[C@H]1C(=O)NCc1ccc(-c2scnc2C)cc1
190,Cc1ncsc1-c1ccc(CNC(=O)[C@@H]2C[C@@H](O)CN2C(=O)[C@@H](NC(=O)COCCCOCCCCOCCCOc2ccc(Nc3ncc(Br)c(NCCCN(C)C(=O)C4CCC4)n3)cc2)C(C)C)cc1
191,Cc1cc(C)nc(SCC(=O)Nc2ncc(Cc3cccc(OCc4cn(CCCCNC(=O)COc5cccc6c5C(=O)N(C5CCC(=O)NC5=O)C6=O)nn4)c3)s2)n1
192,O=C1CCC(N2C(=O)c3cccc(OCCCCCOc4ccc(CC(=O)Nc5cc(C6CCC6)[nH]n5)cc4)c3C2=O)C(=O)N1
193,Cc1ncsc1-c1ccc(CNC(=O)[C@@H]2C[C@@H](O)CN2C(=O)[C@@H](NC(=O)COCCOCCOCCOCCOc2cc3nccc(Nc4ccc5scnc5c4)c3cc2S(=O)(=O)C(C)(C)C)C(C)(C)C)cc1
194,COc1cc(C=C2SC(=O)N(CCOCCC(=O)N[C@H](C(=O)N3C[C@H](O)C[C@H]3C(=O)NCc3ccc(-c4scnc4C)cc3)C(C)(C)C)C2=O)ccc1Oc1ccc(C#N)cc1C(F)(F)F
195,Nc1ncnc2c1c(-c1ccc(Oc3ccccc3)cc1)nn2C1CCN(CCOCCOCC(=O)Nc2ccc3c(c2)CN(C2CCC(=O)NC2=O)C3=O)CC1
196,Nc1ncnc2c1c(-c1ccc(Oc3ccccc3)cc1)nn2C1CCN(CCCCCCOCCOCC(=O)Nc2cccc3c2C(=O)N(C2CCC(=O)NC2=O)C3=O)CC1
197,Nc1ncnc2c1c(-c1ccc(Oc3ccccc3)cc1)nn2C1CCN(CCCCOCCCCOCC(=O)Nc2cccc3c2C(=O)N(C2CCC(=O)NC2=O)C3=O)CC1
198,Nc1ncnc2c1c(-c1ccc(Oc3ccccc3)cc1)nn2C1CCN(CCCOCCCOCCC(=O)Nc2cccc3c2C(=O)N(C2CCC(=O)NC2=O)C3=O)CC1
199,Nc1ncnc2c1c(-c1ccc(Oc3ccccc3)cc1)nn2C1CCN(CCOCCOCC(=O)Nc2cccc3c2C(=O)N(C2CCC(=O)NC2=O)C3=O)CC1
200,Nc1ncnc2c1c(-c1ccc(Oc3ccccc3)cc1)nn2C1CCN(CCOCC(=O)Nc2cccc3c2C(=O)N(C2CCC(=O)NC2=O)C3=O)CC1
201,Nc1ncnc2c1c(-c1ccc(Oc3ccccc3)cc1)nn2C1CCN(CCOCCOCC(=O)Nc2ccc3c(c2)C(=O)N(C2CCC(=O)NC2=O)C3=O)CC1
202,Nc1ncnc2c1c(-c1ccc(Oc3ccccc3)cc1)nn2C1CCN(CCCCOCCCCOCC(=O)Nc2ccc3c(c2)C(=O)N(C2CCC(=O)NC2=O)C3=O)CC1
203,Cc1sc2c(c1C)C(c1ccc(Cl)cc1)=N[C@@H](CC(=O)NCCCCNC(=O)COc1cccc3c1C(=O)N(C1CCC(=O)NC1=O)C3=O)c1nnc(C)n1-2
204,CCC(C)(C)C(=O)C(=O)N1CCCC[C@H]1C(=O)OC(CCc1ccc(OC)c(OC)c1)c1cccc(NC(=O)CCC(=O)NCCCCNC(=O)COc2cccc3c2C(=O)N(C2CCC(=O)NC2=O)C3=O)c1
205,CCC(C)(C)C(=O)C(=O)N1CCCC[C@H]1C(=O)OC(CCc1ccc(OC)c(OC)c1)c1cccc(NC(=O)CCC(=O)NCCCOCCOCCOCCCNC(=O)COc2cccc3c2C(=O)N(C2CCC(=O)NC2=O)C3=O)c1
206,Cc1ccc(NC(=O)c2ccc(CN3CCN(CCCCCCOCCOCCOCCCCCC(=O)N[C@H](C(=O)N4C[C@H](O)C[C@H]4C(=O)NCc4ccc(-c5scnc5C)cc4)C(C)(C)C)CC3)cc2)cc1Nc1nccc(-c2cccnc2)n1
207,Cc1ccc(NC(=O)c2ccc(CN3CCN(CCCCCCOCCOCC(=O)N[C@H](C(=O)N4C[C@H](O)C[C@H]4C(=O)NCc4ccc(-c5scnc5C)cc4)C(C)(C)C)CC3)cc2)cc1Nc1nccc(-c2cccnc2)n1
208,Cc1ccc(NC(=O)c2ccc(CN3CCN(CCCCCCOCCOCCOCCOCCOCCOCC(=O)N[C@H](C(=O)N4C[C@H](O)C[C@H]4C(=O)NCc4ccc(-c5scnc5C)cc4)C(C)(C)C)CC3)cc2)cc1Nc1nccc(-c2cccnc2)n1
209,Cc1ccc(NC(=O)c2ccc(CN3CCN(CCCCCCOCCCCCOCCCCCC(=O)N[C@H](C(=O)N4C[C@H](O)C[C@H]4C(=O)NCc4ccc(-c5scnc5C)cc4)C(C)(C)C)CC3)cc2)cc1Nc1nccc(-c2cccnc2)n1
210,Cc1ccc(NC(=O)c2ccc(CN3CCN(CCCCCCOCCOCCOCCCCCC(=O)Nc4cccc5c4C(=O)N(C4CCC(=O)NC4=O)C5=O)CC3)cc2)cc1Nc1nccc(-c2cccnc2)n1
211,Cc1ccc(NC(=O)c2ccc(CN3CCN(CCCCCCOCCOCC(=O)Nc4cccc5c4C(=O)N(C4CCC(=O)NC4=O)C5=O)CC3)cc2)cc1Nc1nccc(-c2cccnc2)n1
212,Cc1ccc(NC(=O)c2ccc(CN3CCN(CCCCCCOCCOCCOCCOCCOCCOCC(=O)Nc4cccc5c4C(=O)N(C4CCC(=O)NC4=O)C5=O)CC3)cc2)cc1Nc1nccc(-c2cccnc2)n1
213,Cc1ccc(NC(=O)c2ccc(CN3CCN(CCCCCCOCCCCCOCCCCCC(=O)Nc4cccc5c4C(=O)N(C4CCC(=O)NC4=O)C5=O)CC3)cc2)cc1Nc1nccc(-c2cccnc2)n1
214,COc1cc(Nc2c(C#N)cnc3cc(OCCCN4CCN(CCCCCCOCCOCCOCCCCCC(=O)N[C@H](C(=O)N5C[C@H](O)C[C@H]5C(=O)NCc5ccc(-c6scnc6C)cc5)C(C)(C)C)CC4)c(OC)cc23)c(Cl)cc1Cl
215,COc1cc(Nc2c(C#N)cnc3cc(OCCCN4CCN(CCCCCCOCCOCC(=O)N[C@H](C(=O)N5C[C@H](O)C[C@H]5C(=O)NCc5ccc(-c6scnc6C)cc5)C(C)(C)C)CC4)c(OC)cc23)c(Cl)cc1Cl
216,COc1cc(Nc2c(C#N)cnc3cc(OCCCN4CCN(CCCCCCOCCOCCOCCOCCOCCOCC(=O)N[C@H](C(=O)N5C[C@H](O)C[C@H]5C(=O)NCc5ccc(-c6scnc6C)cc5)C(C)(C)C)CC4)c(OC)cc23)c(Cl)cc1Cl
217,COc1cc(Nc2c(C#N)cnc3cc(OCCCN4CCN(CCCCCCOCCCCCOCCCCCC(=O)N[C@H](C(=O)N5C[C@H](O)C[C@H]5C(=O)NCc5ccc(-c6scnc6C)cc5)C(C)(C)C)CC4)c(OC)cc23)c(Cl)cc1Cl
218,COc1cc(Nc2c(C#N)cnc3cc(OCCCN4CCN(CCCCCCOCCOCCOCCCCCC(=O)Nc5cccc6c5C(=O)N(C5CCC(=O)NC5=O)C6=O)CC4)c(OC)cc23)c(Cl)cc1Cl
219,COc1cc(Nc2c(C#N)cnc3cc(OCCCN4CCN(CCCCCCOCCOCC(=O)Nc5cccc6c5C(=O)N(C5CCC(=O)NC5=O)C6=O)CC4)c(OC)cc23)c(Cl)cc1Cl
220,COc1cc(Nc2c(C#N)cnc3cc(OCCCN4CCN(CCCCCCOCCOCCOCCOCCOCCOCC(=O)Nc5cccc6c5C(=O)N(C5CCC(=O)NC5=O)C6=O)CC4)c(OC)cc23)c(Cl)cc1Cl
221,COc1cc(Nc2c(C#N)cnc3cc(OCCCN4CCN(CCCCCCOCCCCCOCCCCCC(=O)Nc5cccc6c5C(=O)N(C5CCC(=O)NC5=O)C6=O)CC4)c(OC)cc23)c(Cl)cc1Cl
222,Cc1nc(Nc2ncc(C(=O)Nc3c(C)cccc3Cl)s2)cc(N2CCN(CCCCCCOCCOCC(=O)N[C@H](C(=O)N3C[C@H](O)C[C@H]3C(=O)NCc3ccc(-c4scnc4C)cc3)C(C)(C)C)CC2)n1
223,Cc1nc(Nc2ncc(C(=O)Nc3c(C)cccc3Cl)s2)cc(N2CCN(CCCCCCOCCOCCOCCOCCOCCOCC(=O)N[C@H](C(=O)N3C[C@H](O)C[C@H]3C(=O)NCc3ccc(-c4scnc4C)cc3)C(C)(C)C)CC2)n1
224,Cc1nc(Nc2ncc(C(=O)Nc3c(C)cccc3Cl)s2)cc(N2CCN(CCCCCCOCCCCCOCCCCCC(=O)N[C@H](C(=O)N3C[C@H](O)C[C@H]3C(=O)NCc3ccc(-c4scnc4C)cc3)C(C)(C)C)CC2)n1
225,Cc1nc(Nc2ncc(C(=O)Nc3c(C)cccc3Cl)s2)cc(N2CCN(CCCCCCOCCOCCOCCCCCC(=O)Nc3cccc4c3C(=O)N(C3CCC(=O)NC3=O)C4=O)CC2)n1
226,Cc1nc(Nc2ncc(C(=O)Nc3c(C)cccc3Cl)s2)cc(N2CCN(CCCCCCOCCOCC(=O)Nc3cccc4c3C(=O)N(C3CCC(=O)NC3=O)C4=O)CC2)n1
227,Cc1nc(Nc2ncc(C(=O)Nc3c(C)cccc3Cl)s2)cc(N2CCN(CCCCCCOCCOCCOCCOCCOCCOCC(=O)Nc3cccc4c3C(=O)N(C3CCC(=O)NC3=O)C4=O)CC2)n1
228,Cc1nc(Nc2ncc(C(=O)Nc3c(C)cccc3Cl)s2)cc(N2CCN(CCCCCCOCCCCCOCCCCCC(=O)Nc3cccc4c3C(=O)N(C3CCC(=O)NC3=O)C4=O)CC2)n1
229,COc1cc(-c2cn(C)c(=O)c3cc(C(=N)NC4CCS(=O)(=O)CC4)sc23)ccc1OC(=O)NCCCCNC(=O)COc1cccc2c1C(=O)N(C1CCC(=O)NC1=O)C2=O
230,COc1cc(-c2cn(C)c(=O)c3cc(C(=N)NC4CCS(=O)(=O)CC4)sc23)ccc1OC(=O)NCCCCCCCCNC(=O)COc1cccc2c1C(=O)N(C1CCC(=O)NC1=O)C2=O
231,COc1ccc(-c2cn(C)c(=O)c3cc(C(=N)NC4CCS(=O)(=O)CC4)sc23)cc1OCC(=O)NCCCOCCOCCOCCCNC(=O)COc1cccc2c1C(=O)N(C1CCC(=O)NC1=O)C2=O
232,COc1ccc(-c2cn(C)c(=O)c3cc(C(=N)NC4CCS(=O)(=O)CC4)sc23)cc1OCC(=O)NCCCCCCOc1cccc2c1C(=O)N(C1CCC(=O)NC1=O)C2=O
233,COc1ccc(-c2cn(C)c(=O)c3cc(C(=N)NC4CCS(=O)(=O)CC4)sc23)cc1OCC(=O)N1CCC(C2CCN(C(=O)Oc3cccc4c3C(=O)N(C3CCC(=O)NC3=O)C4=O)CC2)CC1
234,COc1ccc(-c2cn(C)c(=O)c3cc(C(=N)NC4CCS(=O)(=O)CC4)sc23)cc1OCC(=O)NCCOCCOCCOCCN[C@H](C(=O)N1C[C@H](O)C[C@H]1C(=O)NCc1ccc(-c2scnc2C)cc1)C(C)(C)C
235,COc1ccc(-c2cn(C)c(=O)c3cc(C(=N)NC4CCS(=O)(=O)CC4)sc23)cc1OCC(=O)NCCOCCOCCN[C@H](C(=O)N1C[C@H](O)C[C@H]1C(=O)NCc1ccc(-c2scnc2C)cc1)C(C)(C)C
236,COc1ccc(-c2cn(C)c(=O)c3cc(C(=N)NC4CCS(=O)(=O)CC4)sc23)cc1OCC(=O)NCCCCCCCCNc1ccc2c(c1)C(=O)N(C1CCC(=O)NC1=O)C2=O
237,COc1ccc(-c2cn(C)c(=O)c3cc(C(=N)NC4CCS(=O)(=O)CC4)sc23)cc1OCC(=O)NCCCCCCCCNc1cccc2c1C(=O)N(C1CCC(=O)NC1=O)C2=O
238,COc1ccc(-c2cn(C)c(=O)c3cc(C(=N)NC4CCS(=O)(=O)CC4)sc23)cc1OCC(=O)NCCCCCCCCNc1cccc2c1CN(C1CCC(=O)NC1=O)C2=O
239,COc1cc(-c2cn(C)c(=O)c3cnccc23)cc(OC)c1CN(C)CC(=O)NCCCCCCNc1ccc2c(c1)C(=O)N(C1CCC(=O)NC1=O)C2=O
240,COc1cc(-c2cn(C)c(=O)c3cnccc23)cc(OC)c1CN(C)CC(=O)NCCCCCCCCNc1cccc2c1C(=O)N(C1CCC(=O)NC1=O)C2=O
241,COc1cc(-c2cn(C)c(=O)c3cnccc23)cc(OC)c1CN(C)CC(=O)NCCOCCOCCOCC(=O)N[C@H](C(=O)N1C[C@H](O)C[C@H]1C(=O)NCc1ccc(-c2scnc2C)cc1)C(C)(C)C
242,COc1cc(-c2cn(C)c(=O)c3cnccc23)cc(OC)c1CN(C)CC(=O)NCCCCCCCCNC(=O)COc1cccc2c1C(=O)N(C1CCC(=O)NC1=O)C2=O
243,COc1cc(-c2cn(C)c(=O)c3cnccc23)cc(OC)c1CN(C)CC(=O)NCCOCCOCCNc1cccc2c1C(=O)N(C1CCC(=O)NC1=O)C2=O
244,CC(C)(C)c1cnc(CSc2cnc(NC(=O)C3CCN(CC(=O)NCCOCCOCCOCCNc4cccc5c4C(=O)N(C4CCC(=O)NC4=O)C5=O)CC3)s2)o1
245,N#CC1(CNc2cccc(-c3cc(N[C@H]4CC[C@H](NCC(=O)NCCOCCOCCOCCCNc5cccc6c5C(=O)N(C5CCC(=O)NC5=O)C6=O)CC4)ncc3Cl)n2)CCOCC1
246,N#CC1(CNc2cccc(-c3cc(N[C@H]4CC[C@H](NCCCCCCNc5cccc6c5C(=O)C(C5CCC(=O)NC5=O)C6=O)CC4)ncc3Cl)n2)CCOCC1
247,N#CC1(CNc2cccc(-c3cc(N[C@H]4CC[C@H](NCCCCCCNC(=O)CNc5cccc6c5C(=O)N(C5CCC(=O)NC5=O)C6=O)CC4)ncc3Cl)n2)CCOCC1
248,N#CC1(CNc2cccc(-c3cc(N[C@H]4CC[C@H](NCCCC(=O)NCCCCOc5ccc6c(c5)C(=O)N(C5CCC(=O)NC5=O)C6=O)CC4)ncc3Cl)n2)CCOCC1
249,Cc1nn(C)c(COc2ccc(N3CCN(S(=O)(=O)N(C)C)CC3)cc2)c1-c1cccc2c(CCCOc3cccc4ccccc34)c(C(=O)O)n(CCN3CCN(C(=O)CCC(=O)NCCCOCCOCCOCCCNC(=O)COc4cccc5c4C(=O)N(C4CCC(=O)NC4=O)C5=O)CC3)c12
250,Cc1nn(C)c(COc2ccc(N3CCN(S(=O)(=O)N(C)C)CC3)cc2)c1-c1cccc2c(CCCOc3cccc4ccccc34)c(C(=O)O)n(CCN3CCN(C(=O)COc4cccc5c4C(=O)N(C4CCC(=O)NC4=O)C5=O)CC3)c12
251,Cc1nn(C)c(COc2ccc(N3CCN(S(=O)(=O)N(C)C)CC3)cc2)c1-c1cccc2c(CCCOc3cccc4ccccc34)c(C(=O)NCCCCNC(=O)COc3cccc4c3C(=O)N(C3CCC(=O)NC3=O)C4=O)n(CCN3CCOCC3)c12
252,Cc1nn(C)c(COc2ccc(N3CCN(C(=O)CCNC(=O)CCCOCCOCCOCCCNC(=O)COc4cccc5c4C(=O)N(C4CCC(=O)NC4=O)C5=O)CC3)cc2)c1-c1cccc2c(CCCOc3cccc4ccccc34)c(C(=O)O)n(CCN3CCOCC3)c12
253,Cc1nn(C)c(COc2ccc(N3CCN(C(=O)COc4cccc5c4C(=O)N(C4CCC(=O)NC4=O)C5=O)CC3)cc2)c1-c1cccc2c(CCCOc3cccc4ccccc34)c(C(=O)O)n(CCN3CCOCC3)c12
254,Cc1nn(C)c(COc2ccc(N3CCN(C(=O)CCCNC(=O)COc4cccc5c4C(=O)N(C4CCC(=O)NC4=O)C5=O)CC3)cc2)c1-c1cccc2c(CCCOc3cccc4ccccc34)c(C(=O)O)n(CCN3CCOCC3)c12
255,Cc1ncsc1-c1ccc(CNC(=O)[C@@H]2C[C@@H](O)CN2C(=O)[C@@H](NC(=O)C2(F)CC2)C(C)(C)C)c(OCCOCCOCCN2CCN(c3cc(-c4ccccc4O)nnc3N)CC2)c1
256,Cc1ncsc1-c1ccc(CNC(=O)[C@@H]2C[C@@H](O)CN2C(=O)[C@@H](NC(=O)C2(F)CC2)C(C)(C)C)c(OCCc2ccc(CN3CCN(c4cc(-c5ccccc5O)nnc4N)CC3)cc2)c1
257,Cc1ncsc1-c1ccc(CNC(=O)[C@@H]2C[C@@H](O)CN2C(=O)[C@@H](NC(=O)C2(F)CC2)C(C)(C)C)c(OCCOc2ccc(CN3CCN(c4cc(-c5ccccc5O)nnc4N)CC3)cc2)c1
258,C[C@@H]1C[C@@H](O)c2ncnc(C3CCN(C(=O)[C@H](CNCCCCCCCCCCc4cccc5c4CN(C4CCC(=O)NC4=O)C5=O)c4ccc(Cl)cc4)CC3)c21
259,O=C(NC1CCNCC1)c1n[nH]cc1NC(=O)c1c(Cl)cccc1Cl
260,O=C(COc1cccc2c1C(=O)N(C1CCC(=O)NC1=O)C2=O)NCCCCCC(=O)N1CCC(NC(=O)c2n[nH]cc2NC(=O)c2c(Cl)cccc2Cl)CC1
261,O=C(CCC(=O)N1CCC(NC(=O)c2n[nH]cc2NC(=O)c2c(Cl)cccc2Cl)CC1)NCCNc1cccc2c1C(=O)N(C1CCC(=O)NC1=O)C2=O
262,O=C(CCC(=O)N1CCC(NC(=O)c2n[nH]cc2NC(=O)c2c(Cl)cccc2Cl)CC1)NCCCCNc1cccc2c1C(=O)N(C1CCC(=O)NC1=O)C2=O
263,O=C(CCC(=O)N1CCC(NC(=O)c2n[nH]cc2NC(=O)c2c(Cl)cccc2Cl)CC1)NCCCCCCNc1cccc2c1C(=O)N(C1CCC(=O)NC1=O)C2=O
264,O=C(CCC(=O)N1CCC(NC(=O)c2n[nH]cc2NC(=O)c2c(Cl)cccc2Cl)CC1)NCCNC(=O)COc1cccc2c1C(=O)N(C1CCC(=O)NC1=O)C2=O
265,O=C(CCC(=O)N1CCC(NC(=O)c2n[nH]cc2NC(=O)c2c(Cl)cccc2Cl)CC1)NCCCCNC(=O)COc1cccc2c1C(=O)N(C1CCC(=O)NC1=O)C2=O
266,O=C(CCC(=O)N1CCC(NC(=O)c2n[nH]cc2NC(=O)c2c(Cl)cccc2Cl)CC1)NCCCCCCNC(=O)COc1cccc2c1C(=O)N(C1CCC(=O)NC1=O)C2=O
267,O=C(COc1cccc2c1C(=O)N(C1CCC(=O)NC1=O)C2=O)NCCOCCOCC(=O)N1CCC(NC(=O)c2n[nH]cc2NC(=O)c2c(Cl)cccc2Cl)CC1
268,O=C(CCC(=O)N1CCC(NC(=O)c2n[nH]cc2NC(=O)c2c(Cl)cccc2Cl)CC1)NCCCOCCOCCOCCNC(=O)COc1cccc2c1C(=O)N(C1CCC(=O)NC1=O)C2=O
269,O=C(COc1cccc2c1C(=O)N(C1CCC(=O)NC1=O)C2=O)NCCCC(=O)N1CCN(Cc2ccc(NC(=O)c3n[nH]cc3Nc3ncnc4[nH]ccc34)cc2)CC1
270,O=C(COc1cccc2c1C(=O)N(C1CCC(=O)NC1=O)C2=O)NCCCCCC(=O)N1CCN(Cc2ccc(NC(=O)c3n[nH]cc3Nc3ncnc4[nH]ccc34)cc2)CC1
271,O=C(CCC(=O)N1CCN(Cc2ccc(NC(=O)c3n[nH]cc3Nc3ncnc4[nH]ccc34)cc2)CC1)NCCNc1cccc2c1C(=O)N(C1CCC(=O)NC1=O)C2=O
272,O=C(CCC(=O)N1CCN(Cc2ccc(NC(=O)c3n[nH]cc3Nc3ncnc4[nH]ccc34)cc2)CC1)NCCCCNc1cccc2c1C(=O)N(C1CCC(=O)NC1=O)C2=O
273,O=C(CCC(=O)N1CCN(Cc2ccc(NC(=O)c3n[nH]cc3Nc3ncnc4[nH]ccc34)cc2)CC1)NCCCCCCNc1cccc2c1C(=O)N(C1CCC(=O)NC1=O)C2=O
274,O=C(CCC(=O)N1CCN(Cc2ccc(NC(=O)c3n[nH]cc3Nc3ncnc4[nH]ccc34)cc2)CC1)NCCNC(=O)COc1cccc2c1C(=O)N(C1CCC(=O)NC1=O)C2=O
275,O=C(CCC(=O)N1CCN(Cc2ccc(NC(=O)c3n[nH]cc3Nc3ncnc4[nH]ccc34)cc2)CC1)NCCCCNC(=O)COc1cccc2c1C(=O)N(C1CCC(=O)NC1=O)C2=O
276,O=C(CCC(=O)N1CCN(Cc2ccc(NC(=O)c3n[nH]cc3Nc3ncnc4[nH]ccc34)cc2)CC1)NCCCCCCNC(=O)COc1cccc2c1C(=O)N(C1CCC(=O)NC1=O)C2=O
277,O=C(COc1cccc2c1C(=O)N(C1CCC(=O)NC1=O)C2=O)NCCOCCOCC(=O)N1CCN(Cc2ccc(NC(=O)c3n[nH]cc3Nc3ncnc4[nH]ccc34)cc2)CC1
278,O=C(CCC(=O)N1CCN(Cc2ccc(NC(=O)c3n[nH]cc3Nc3ncnc4[nH]ccc34)cc2)CC1)NCCCOCCOCCOCCNC(=O)COc1cccc2c1C(=O)N(C1CCC(=O)NC1=O)C2=O
279,O=C(CCC(=O)N1CCN(Cc2ccc(NC(=O)c3n[nH]cc3Nc3ncnc4[nH]ccc34)cc2)CC1)NCCNc1cccc2c1CN(C1CCC(=O)NC1=O)C2=O
280,O=C(CCC(=O)N1CCN(Cc2ccc(NC(=O)c3n[nH]cc3Nc3ncnc4[nH]ccc34)cc2)CC1)NCCNc1ccc2c(c1)C(=O)N(C1CCC(=O)NC1=O)C2=O
281,Cc1ncsc1-c1ccc(CNC(=O)[C@@H]2C[C@@H](O)CN2C(=O)[C@@H](NC(=O)CCNC(=O)c2ccc(-c3cnc(NCc4ccco4)n4cnnc34)cc2)C(C)(C)C)cc1
282,Cc1ncsc1-c1ccc(CNC(=O)[C@@H]2C[C@@H](O)CN2C(=O)[C@@H](NC(=O)CCCNC(=O)c2ccc(-c3cnc(NCc4ccco4)n4cnnc34)cc2)C(C)(C)C)cc1
283,Cc1ncsc1-c1ccc(CNC(=O)[C@@H]2C[C@@H](O)CN2C(=O)[C@@H](NC(=O)CCCCNC(=O)c2ccc(-c3cnc(NCc4ccco4)n4cnnc34)cc2)C(C)(C)C)cc1
284,Cc1ncsc1-c1ccc(CNC(=O)[C@@H]2C[C@@H](O)CN2C(=O)[C@@H](NC(=O)CCOCCOCCNC(=O)c2ccc(-c3cnc(NCc4ccco4)n4cnnc34)cc2)C(C)(C)C)cc1
285,Cc1ncsc1-c1ccc(CNC(=O)[C@@H]2C[C@@H](O)CN2C(=O)[C@@H](NC(=O)COCCOCCOCCNC(=O)c2ccc(-c3cnc(NCc4ccco4)n4cnnc34)cc2)C(C)(C)C)cc1
286,Cc1ncsc1-c1ccc(CNC(=O)[C@@H]2C[C@@H](O)CN2C(=O)[C@@H](NC(=O)CCOCCOCCOCCOCCNC(=O)c2ccc(-c3cnc(NCc4ccco4)n4cnnc34)cc2)C(C)(C)C)cc1
287,O=C1CCC(N2C(=O)c3cccc(NCCOCCOCCNC(=O)c4ccc(CN(CC5CCCCC5)S(=O)(=O)c5ccc(S(=O)(=O)N(Cc6ccc(Cl)cc6)C6CCCC6)cc5)cc4)c3C2=O)C(=O)N1
288,O=C1CCC(N2C(=O)c3cccc(NCCOCCOCCOCCNC(=O)c4ccc(CN(CC5CCCCC5)S(=O)(=O)c5ccc(S(=O)(=O)N(Cc6ccc(Cl)cc6)C6CCCC6)cc5)cc4)c3C2=O)C(=O)N1
289,O=C1CCC(N2C(=O)c3cccc(NCCOCCOCCOCCOCCNC(=O)c4ccc(CN(CC5CCCCC5)S(=O)(=O)c5ccc(S(=O)(=O)N(Cc6ccc(Cl)cc6)C6CCCC6)cc5)cc4)c3C2=O)C(=O)N1
290,Cc1ncsc1-c1ccc(CNC(=O)[C@@H]2C[C@@H](O)CN2C(=O)[C@H](NC(=O)COCCOCCOCCOCCNC(=O)c2ccc(CN(CC3CCCCC3)S(=O)(=O)c3ccc(S(=O)(=O)N(Cc4ccc(Cl)cc4)C4CCCC4)cc3)cc2)C(C)C)cc1
291,Cc1cc([C@H](C(=O)N2C[C@@H](O)C[C@@H]2C(=O)N[C@@H](CC(=O)N2CCC(N3CCC(C#Cc4ccc(C(=O)N[C@H]5C(C)(C)[C@H](Oc6ccc(C#N)c(Cl)c6)C5(C)C)cc4)CC3)CC2)c2ccc(-c3scnc3C)cc2)C(C)C)on1
292,C#Cc1ccc([C@H](CC(=O)N2CCC(N3CCC(C#Cc4ccc(C(=O)N[C@H]5C(C)(C)[C@H](Oc6ccc(C#N)c(Cl)c6)C5(C)C)cc4)CC3)CC2)NC(=O)[C@H]2C[C@H](O)CN2C(=O)[C@@H](c2cc(C)no2)C(C)C)cc1
293,Cc1cc([C@H](C(=O)N2C[C@@H](O)C[C@@H]2C(=O)N[C@@H](CC(=O)N2CCC(N3CCC(C#Cc4ccc(C(=O)N[C@H]5C(C)(C)[C@H](Oc6ccc(C#N)c(Cl)c6)C5(C)C)cc4)CC3)CC2)c2ccc(C#N)cc2)C(C)C)on1
294,Cc1cc([C@H](C(=O)N2C[C@@H](O)C[C@@H]2C(=O)N[C@@H](CC(=O)N2CCC(N3CCC(C#Cc4ccc(C(=O)N[C@H]5C(C)(C)[C@H](Oc6ccc(C#N)c(Cl)c6)C5(C)C)cc4)CC3)CC2)c2ccc(Br)cc2)C(C)C)on1
295,Cc1cc([C@H](C(=O)N2C[C@@H](O)C[C@@H]2C(=O)N[C@@H](CC(=O)N2CCC(N3CCC(C#Cc4ccc(C(=O)N[C@H]5C(C)(C)[C@H](Oc6ccc(C#N)c(Cl)c6)C5(C)C)cc4)CC3)CC2)c2ccc(Cl)cc2)C(C)C)on1
296,Cc1cc([C@H](C(=O)N2C[C@@H](O)C[C@@H]2C(=O)N[C@@H](CC(=O)N2CCC(N3CCC(C#Cc4ccc(C(=O)N[C@H]5C(C)(C)[C@H](Oc6ccc(C#N)c(Cl)c6)C5(C)C)cc4)CC3)CC2)c2ccc(F)cc2)C(C)C)on1
297,Cc1cc([C@H](C(=O)N2C[C@@H](O)C[C@@H]2C(=O)N[C@@H](CC(=O)N2CCC(N3CCC(C#Cc4ccc(C(=O)N[C@H]5C(C)(C)[C@H](Oc6ccc(C#N)c(Cl)c6)C5(C)C)cc4)CC3)CC2)c2ccccc2)C(C)C)on1
298,CC(=O)NC[C@H](C(=O)N1C[C@@H](O)C[C@@H]1C(=O)N[C@@H](CC(=O)N1CCC(N2CCC(C#Cc3ccc(C(=O)N[C@H]4C(C)(C)[C@H](Oc5ccc(C#N)c(Cl)c5)C4(C)C)cc3)CC2)CC1)c1ccccc1)C(C)C
299,Cc1cc([C@H](C(=O)N2C[C@@H](O)C[C@@H]2C(=O)N[C@@H](CC(=O)N2CCC(N3CC(C#Cc4ccc(C(=O)N[C@H]5C(C)(C)[C@H](Oc6ccc(C#N)c(Cl)c6)C5(C)C)cc4)C3)CC2)c2ccccc2)C(C)C)on1
300,Cc1cc([C@H](C(=O)N2C[C@@H](O)C[C@@H]2C(=O)N[C@@H](CC(=O)N2CC(N3CCC(C#Cc4ccc(C(=O)N[C@H]5C(C)(C)[C@H](Oc6ccc(C#N)c(Cl)c6)C5(C)C)cc4)CC3)C2)c2ccccc2)C(C)C)on1
301,Cc1cc([C@H](C(=O)N2C[C@@H](O)C[C@@H]2C(=O)N[C@@H](CC(=O)N2CCC(C#Cc3ccc(C(=O)N[C@H]4C(C)(C)[C@H](Oc5ccc(C#N)c(Cl)c5)C4(C)C)cc3)CC2)c2ccccc2)C(C)C)on1
302,Cc1cc([C@H](C(=O)N2C[C@@H](O)C[C@@H]2C(=O)N[C@@H](CC(=O)N2CCC(C3CN(c4ccc(C(=O)N[C@H]5C(C)(C)[C@H](Oc6ccc(C#N)c(Cl)c6)C5(C)C)cc4)C3)CC2)c2ccccc2)C(C)C)on1
303,Cc1cc([C@H](C(=O)N2C[C@@H](O)C[C@@H]2C(=O)N[C@@H](CC(=O)N2CCC(N3CC(c4ccc(C(=O)N[C@H]5C(C)(C)[C@H](Oc6ccc(C#N)c(Cl)c6)C5(C)C)cc4)C3)CC2)c2ccccc2)C(C)C)on1
304,Cc1cc([C@H](C(=O)N2C[C@@H](O)C[C@@H]2C(=O)N[C@@H](CC(=O)N2CCC(c3ccc(C(=O)N[C@H]4C(C)(C)[C@H](Oc5ccc(C#N)c(Cl)c5)C4(C)C)cc3)CC2)c2ccccc2)C(C)C)on1
305,Cc1cc([C@H](C(=O)N2C[C@@H](O)C[C@@H]2C(=O)N[C@@H](CC(=O)N2CCN(c3ccc(C(=O)N[C@H]4C(C)(C)[C@H](Oc5ccc(C#N)c(Cl)c5)C4(C)C)cc3)CC2)c2ccccc2)C(C)C)on1
306,Cc1cc([C@H](C(=O)N2C[C@@H](O)C[C@@H]2C(=O)N[C@@H](CC(=O)N2CCC(C#Cc3ccc(C(=O)N[C@H]4C(C)(C)[C@H](Oc5ccc(C#N)c(Cl)c5)C4(C)C)cc3)CC2)c2ccc(-c3scnc3C)cc2)C(C)C)on1
307,Cc1cc([C@H](C(=O)N2C[C@@H](O)C[C@@H]2C(=O)N[C@@H](CC(=O)N2CCC(C#Cc3ccc(C(=O)N[C@H]4C(C)(C)[C@H](Oc5ccc(C#N)c(Cl)c5)C4(C)C)cc3)CC2)c2ccc(F)cc2)C(C)C)on1
308,Cc1cc([C@H](C(=O)N2C[C@@H](O)C[C@@H]2C(=O)N[C@@H](CC(=O)N2CCC(C#Cc3ccc(C(=O)N[C@H]4C(C)(C)[C@H](Oc5ccc(C#N)c(Cl)c5)C4(C)C)cc3)CC2)c2ccc(Cl)cc2)C(C)C)on1
309,Cc1cc([C@H](C(=O)N2C[C@@H](O)C[C@@H]2C(=O)N[C@@H](CC(=O)N2CCC(C#Cc3ccc(C(=O)N[C@H]4C(C)(C)[C@H](Oc5ccc(C#N)c(Cl)c5)C4(C)C)cc3)CC2)c2ccc(Br)cc2)C(C)C)on1
310,Cc1cc([C@H](C(=O)N2C[C@@H](O)C[C@@H]2C(=O)N[C@@H](CC(=O)N2CCC(C#Cc3ccc(C(=O)N[C@H]4C(C)(C)[C@H](Oc5ccc(C#N)c(Cl)c5)C4(C)C)cc3)CC2)c2ccc(C#N)cc2)C(C)C)on1
311,C#Cc1ccc([C@H](CC(=O)N2CCC(C#Cc3ccc(C(=O)N[C@H]4C(C)(C)[C@H](Oc5ccc(C#N)c(Cl)c5)C4(C)C)cc3)CC2)NC(=O)[C@H]2C[C@H](O)CN2C(=O)[C@@H](c2cc(C)no2)C(C)C)cc1
312,CC(=O)N[C@H](C(=O)N1C[C@@H](O)C[C@@H]1C(=O)N[C@@H](CC(=O)N1CCC(C#Cc2ccc(C(=O)N[C@H]3C(C)(C)[C@H](Oc4ccc(C#N)c(Cl)c4)C3(C)C)cc2)CC1)c1ccccc1)C(C)C
313,CCN(CCOCCOCCOCC(=O)N[C@H](C(=O)N1C[C@H](O)C[C@H]1C(=O)N[C@@H](C)c1ccc(-c2scnc2C)cc1)C(C)(C)C)CCOc1ccc(C(=O)c2c(-c3ccc(O)cc3)sc3cc(O)ccc23)cc1
314,CC/C(=C(\c1ccccc1)c1ccc(OCCN(CC)CCCCCC(=O)N[C@H](C(=O)N2C[C@H](O)C[C@H]2C(=O)N[C@@H](C)c2ccc(-c3scnc3C)cc2)C(C)(C)C)cc1)c1ccccc1
315,CCCCN(Cc1ccc(C(=O)NO)cc1)C(=O)Nc1ccc(NC(=O)CCCc2cn(CCOCCNc3cccc4c3C(=O)N(C3CCC(=O)NC3=O)C4=O)nn2)cc1
316,O=C1CCC(N2C(=O)c3cccc(NCCOCCOCCn4cc(CCCCN(Cc5ccc(C(=O)NO)cc5)C(=O)Nc5ccccc5)nn4)c3C2=O)C(=O)N1
317,Cc1sc2c(c1C)C(c1ccc(Cl)cc1)=N[C@@H](CC(=O)NCCOCCOCCNc1cccc3nnn(C4CCC(=O)NC4=O)c(=O)c13)c1nnc(C)n1-2
318,Cc1sc2c(c1C)C(c1ccc(Cl)cc1)=N[C@@H](CC(=O)NCCCCCCCCNc1cccc3nnn(C4CCC(=O)NC4=O)c(=O)c13)c1nnc(C)n1-2
319,Cc1sc2c(c1C)C(c1ccc(Cl)cc1)=N[C@@H](CC(=O)Nc1ccc(OCCOCCOCCNc3cccc4nnn(C5CCC(=O)NC5=O)c(=O)c34)cc1)c1nnc(C)n1-2
320,Cc1sc2c(c1C)C(c1ccc(Cl)cc1)=N[C@@H](CC(=O)Nc1cccc(OCCOCCOCCNc3cccc4nnn(C5CCC(=O)NC5=O)c(=O)c34)c1)c1nnc(C)n1-2
321,COc1ccc(C2=NC(c3ccc(Cl)cc3)C(c3ccc(Cl)cc3)N2C(=O)N2CCN(CC(=O)NCCOCCOCCOCC(=O)Nc3ccc(OCC(C)(O)C(=O)Nc4ccc([N+](=O)[O-])c(C(F)(F)F)c4)cc3)C(=O)C2)c(OC(C)C)c1
322,Cc1ncsc1-c1ccc(CNC(=O)[C@@H]2[C@@H](F)[C@@H](O)CN2C(=O)[C@@H](NC(=O)COCCOCCOCCNC(=O)C[C@@H]2N=C(c3ccc(Cl)cc3)c3c(sc(C)c3C)-n3c(C)nnc32)C(C)(C)C)cc1
323,Cc1ncsc1-c1ccc(CNC(=O)[C@@H]2[C@H](F)[C@@H](O)CN2C(=O)[C@@H](NC(=O)COCCOCCOCCNC(=O)C[C@@H]2N=C(c3ccc(Cl)cc3)c3c(sc(C)c3C)-n3c(C)nnc32)C(C)(C)C)cc1
324,CC(=O)c1c(C)c2cnc(Nc3ccc(N4CCN(CC(=O)NCCOCCOCCOCCNc5cccc6c5C(=O)N(C5CCC(=O)NC5=O)C6=O)CC4)cn3)nc2n(C2CCCC2)c1=O
325,CC(=O)c1c(C)c2cnc(Nc3ccc(N4CCN(CCOCCOCCOCCNC(=O)COc5cccc6c5C(=O)N(C5CCC(=O)NC5=O)C6=O)CC4)cn3)nc2n(C2CCCC2)c1=O
326,Cc1cc(Nc2ncc(Cl)c(Nc3ccccc3S(=O)(=O)C(C)C)n2)c(OC(C)C)cc1C1CCN(CC(=O)NCCOCCOCCOCCOCCOCCNc2cccc3c2C(=O)N(C2CCC(=O)NC2=O)C3=O)CC1
327,Cc1cc(Nc2ncc(Cl)c(Nc3ccccc3S(=O)(=O)C(C)C)n2)c(OC(C)C)cc1C1CCN(CC(=O)NCCNc2cccc3c2C(=O)N(C2CCC(=O)NC2=O)C3=O)CC1
328,O=C(CCCCCCC(=O)N/N=C/c1ccc(OCCn2cc(CNc3cccc4c3C(=O)N(C3CCC(=O)NC3=O)C4=O)nn2)cc1)NO
329,O=C(CCCCCCC(=O)N/N=C/c1ccc(OCCOCCn2cc(CNc3cccc4c3C(=O)N(C3CCC(=O)NC3=O)C4=O)nn2)cc1)NO
330,O=C(CCCCCCC(=O)N/N=C/c1ccc(OCCOCCOCCn2cc(CNc3cccc4c3C(=O)N(C3CCC(=O)NC3=O)C4=O)nn2)cc1)NO
331,O=C(CCCCCCC(=O)N/N=C/c1ccc(OCCOCCOCCOCCn2cc(CNc3cccc4c3C(=O)N(C3CCC(=O)NC3=O)C4=O)nn2)cc1)NO
332,Cc1sc2c(c1C)C(c1ccc(Cl)cc1)=N[C@@H](CC(=O)NCCn1cc(COc3cccc4c3C(=O)N(C3CCC(=O)NC3=O)C4=O)nn1)c1nnc(C)n1-2
333,Cc1sc2c(c1C)C(c1ccc(Cl)cc1)=N[C@@H](CC(=O)NCCn1cc(COCCOc3cccc4c3C(=O)N(C3CCC(=O)NC3=O)C4=O)nn1)c1nnc(C)n1-2
334,Cc1sc2c(c1C)C(c1ccc(Cl)cc1)=N[C@@H](CC(=O)NCCn1cc(COCCOCCOc3cccc4c3C(=O)N(C3CCC(=O)NC3=O)C4=O)nn1)c1nnc(C)n1-2
335,Cc1sc2c(c1C)C(c1ccc(Cl)cc1)=N[C@@H](CC(=O)NCCn1cc(COCCOCCOCCOc3cccc4c3C(=O)N(C3CCC(=O)NC3=O)C4=O)nn1)c1nnc(C)n1-2
336,Cc1sc2c(c1C)C(c1ccc(Cl)cc1)=N[C@@H](CC(=O)NCCn1cc(COCCOCCOCCOCCOc3cccc4c3C(=O)N(C3CCC(=O)NC3=O)C4=O)nn1)c1nnc(C)n1-2
337,Cc1ncsc1-c1ccc(CNC(=O)[C@@H]2C[C@@H](O)CN2C(=O)[C@@H](NC(=O)COCc2cn(CCNC(=O)C[C@@H]3N=C(c4ccc(Cl)cc4)c4c(sc(C)c4C)-n4c(C)nnc43)nn2)C(C)(C)C)cc1
338,Cc1ncsc1-c1ccc(CNC(=O)[C@@H]2C[C@@H](O)CN2C(=O)[C@@H](NC(=O)COCCOCc2cn(CCNC(=O)C[C@@H]3N=C(c4ccc(Cl)cc4)c4c(sc(C)c4C)-n4c(C)nnc43)nn2)C(C)(C)C)cc1
339,Cc1ncsc1-c1ccc(CNC(=O)[C@@H]2C[C@@H](O)CN2C(=O)[C@@H](NC(=O)COCCOCCOCc2cn(CCNC(=O)C[C@@H]3N=C(c4ccc(Cl)cc4)c4c(sc(C)c4C)-n4c(C)nnc43)nn2)C(C)(C)C)cc1
340,Cc1ncsc1-c1ccc(CNC(=O)[C@@H]2C[C@@H](O)CN2C(=O)[C@@H](NC(=O)COCCOCCOCCOCc2cn(CCNC(=O)C[C@@H]3N=C(c4ccc(Cl)cc4)c4c(sc(C)c4C)-n4c(C)nnc43)nn2)C(C)(C)C)cc1
341,Cc1ncsc1-c1ccc(CNC(=O)[C@@H]2C[C@@H](O)CN2C(=O)[C@@H](NC(=O)COCCOCCOCCOCCOCc2cn(CCNC(=O)C[C@@H]3N=C(c4ccc(Cl)cc4)c4c(sc(C)c4C)-n4c(C)nnc43)nn2)C(C)(C)C)cc1
342,COc1ccc(OC)c2c1c(OC)cc1c(=O)cc(-c3ccc(-c4cn(CCOc5cccc6c5C(=O)N(C5CCC(=O)NC5=O)C6=O)nn4)cc3)oc12
343,COc1ccc(OC)c2c1c(OC)cc1c(=O)cc(-c3ccc(-c4cn(CCCCCOc5cccc6c5C(=O)N(C5CCC(=O)NC5=O)C6=O)nn4)cc3)oc12
344,COc1ccc(OC)c2c1c(OC)cc1c(=O)cc(-c3ccc(-c4cn(CCCCCCOc5cccc6c5C(=O)N(C5CCC(=O)NC5=O)C6=O)nn4)cc3)oc12
345,COc1ccc(OC)c2c1c(OC)cc1c(=O)cc(-c3ccc(-c4cn(CCCCCCCCOc5cccc6c5C(=O)N(C5CCC(=O)NC5=O)C6=O)nn4)cc3)oc12
346,Cc1ncsc1-c1ccc(CNC(=O)[C@@H]2C[C@@H](O)CN2C(=O)[C@@H](NC(=O)COCCOCCOCCNC(=O)C[C@@H]2N=C(c3ccc(Cl)cc3)c3c(sc(C)c3C)-n3c(C)nnc32)C(C)(C)C)cc1
347,Cc1ncsc1-c1ccc(CNC(=O)[C@@H]2C[C@@H](O)CN2C(=O)[C@@H](NC(=O)COCCOCCOCCOCCNC(=O)C[C@@H]2N=C(c3ccc(Cl)cc3)c3c(sc(C)c3C)-n3c(C)nnc32)C(C)(C)C)cc1
348,Cc1ncsc1-c1ccc(CNC(=O)[C@@H]2C[C@@H](O)CN2C(=O)[C@@H](NC(=O)[C@@H](Cc2ccccc2)NC(=O)COCCOCCOCCNC(=O)C[C@@H]2N=C(c3ccc(Cl)cc3)c3c(sc(C)c3C)-n3c(C)nnc32)C(C)(C)C)cc1
349,Cc1ncsc1-c1ccc(CNC(=O)[C@@H]2C[C@@H](O)CN2C(=O)[C@@H](NC(=O)COCCOCCNC(=O)C[C@@H]2N=C(c3ccc(Cl)cc3)c3c(sc(C)c3C)-n3c(C)nnc32)C(C)(C)C)cc1
350,CC(=O)N[C@H](C(=O)N1C[C@H](O)C[C@H]1C(=O)NCc1ccc(-c2scnc2C)cc1)C(C)(C)SCCCCCCNC(=O)C[C@@H]1N=C(c2ccc(Cl)cc2)c2c(sc(C)c2C)-n2c(C)nnc21
351,CC(=O)N[C@H](C(=O)N1C[C@H](O)C[C@H]1C(=O)NCc1ccc(-c2scnc2C)cc1)C(C)(C)SCCCCNC(=O)C[C@@H]1N=C(c2ccc(Cl)cc2)c2c(sc(C)c2C)-n2c(C)nnc21
352,CC(=O)N[C@H](C(=O)N1C[C@H](O)C[C@H]1C(=O)NCc1ccc(-c2scnc2C)cc1)C(C)(C)SCCOCCNC(=O)C[C@@H]1N=C(c2ccc(Cl)cc2)c2c(sc(C)c2C)-n2c(C)nnc21
353,CC(=O)N[C@H](C(=O)N1C[C@H](O)C[C@H]1C(=O)NCc1ccc(-c2scnc2C)cc1)C(C)(C)SCCCOCCCNC(=O)C[C@@H]1N=C(c2ccc(Cl)cc2)c2c(sc(C)c2C)-n2c(C)nnc21
354,CC(=O)N[C@H](C(=O)N1C[C@H](O)C[C@H]1C(=O)NCc1ccc(-c2scnc2C)cc1)C(C)(C)SCCCCOCCNC(=O)C[C@@H]1N=C(c2ccc(Cl)cc2)c2c(sc(C)c2C)-n2c(C)nnc21
355,CC(=O)N[C@H](C(=O)N1C[C@H](O)C[C@H]1C(=O)NCc1ccc(-c2scnc2C)cc1)C(C)(C)SCCOCCOCCNC(=O)C[C@@H]1N=C(c2ccc(Cl)cc2)c2c(sc(C)c2C)-n2c(C)nnc21
356,Cc1ncsc1-c1ccc(CNC(=O)[C@@H]2C[C@@H](O)CN2C(=O)[C@@H](NC(=O)COCCOCCOCCOc2ccc(N3C(=S)N(c4ccc(C#N)c(C(F)(F)F)c4)C(=O)C3(C)C)cc2)C(C)(C)C)cc1
357,Cc1ncsc1-c1ccc(CNC(=O)[C@@H]2C[C@@H](O)CN2C(=O)[C@@H](NC(=O)COCCCOCCCCCOc2ccc(N3C(=S)N(c4ccc(C#N)c(C(F)(F)F)c4)C(=O)C3(C)C)cc2)C(C)(C)C)cc1
358,Cc1ncsc1-c1ccc(CNC(=O)[C@@H]2C[C@@H](O)CN2C(=O)[C@@H](NC(=O)COCCCCOc2ccc(-c3ccc(N4C(=S)N(c5ccc(C#N)c(C(F)(F)F)c5)C(=O)C4(C)C)cc3)cc2)C(C)(C)C)cc1
359,CN1CC(Nc2cnn(C)c(=O)c2Br)CC(c2ccc(C(=O)N(C)CCCN(C)c3ccc(CCCOc4cccc5c4C(=O)N(C4CCC(=O)NC4=O)C5=O)cc3)cc2)C1
360,CN1C[C@H](Nc2cnn(C)c(=O)c2Br)C[C@H](c2ccc(C(=O)N(C)CCCN(C)c3ccc(CCCOc4cccc5c4C(=O)N(C4CCC(=O)NC4=O)C5=O)cc3)cc2)C1
361,CN1C[C@@H](Nc2cnn(C)c(=O)c2Br)C[C@@H](c2ccc(C(=O)N(C)CCCN(C)c3ccc(CCCOc4cccc5c4C(=O)N(C4CCC(=O)NC4=O)C5=O)cc3)cc2)C1
362,Cc1ncsc1-c1ccc(CNC(=O)[C@@H]2C[C@@H](O)CN2C(=O)[C@@H](NC(=O)COCCOc2ccc(Nc3ncc(C(F)(F)F)c(NCc4cccc(N(C)S(C)(=O)=O)c4)n3)cc2)C(C)(C)C)cc1
363,Cc1ncsc1-c1ccc(CNC(=O)[C@@H]2C[C@@H](O)CN2C(=O)[C@@H](NC(=O)COCCCOc2ccc(Nc3ncc(C(F)(F)F)c(NCc4cccc(N(C)S(C)(=O)=O)c4)n3)cc2)C(C)(C)C)cc1
364,Cc1ncsc1-c1ccc(CNC(=O)[C@@H]2C[C@@H](O)CN2C(=O)[C@@H](NC(=O)CCOCCOc2ccc(Nc3ncc(C(F)(F)F)c(NCc4cccc(N(C)S(C)(=O)=O)c4)n3)cc2)C(C)(C)C)cc1
365,Cc1ncsc1-c1ccc(CNC(=O)[C@@H]2C[C@@H](O)CN2C(=O)[C@@H](NC(=O)CCOCCCOc2ccc(Nc3ncc(C(F)(F)F)c(NCc4cccc(N(C)S(C)(=O)=O)c4)n3)cc2)C(C)(C)C)cc1
366,Cc1ncsc1-c1ccc(CNC(=O)[C@@H]2C[C@@H](O)CN2C(=O)[C@@H](NC(=O)CCOCCOCCOc2ccc(Nc3ncc(C(F)(F)F)c(NCc4cccc(N(C)S(C)(=O)=O)c4)n3)cc2)C(C)(C)C)cc1
367,Cc1ncsc1-c1ccc(CNC(=O)[C@@H]2C[C@@H](O)CN2C(=O)[C@@H](NC(=O)CCOCCOCCOCCOCCOc2ccc(Nc3ncc(C(F)(F)F)c(NCc4cccc(N(C)S(C)(=O)=O)c4)n3)cc2)C(C)(C)C)cc1
368,CN(c1cccc(CNc2nc(Nc3ccc(OCCCOCCC(=O)NCCOc4cccc5c4C(=O)N(C4CCC(=O)NC4=O)C5=O)cc3)ncc2C(F)(F)F)c1)S(C)(=O)=O
369,CN(c1cccc(CNc2nc(Nc3ccc(OCCOCCOCCC(=O)NCCOc4cccc5c4C(=O)N(C4CCC(=O)NC4=O)C5=O)cc3)ncc2C(F)(F)F)c1)S(C)(=O)=O
370,CN(c1cccc(CNc2nc(Nc3ccc(OCCOCCOCCOCCOCCC(=O)NCCOc4cccc5c4C(=O)N(C4CCC(=O)NC4=O)C5=O)cc3)ncc2C(F)(F)F)c1)S(C)(=O)=O
371,Cc1ncsc1-c1ccc2c(c1)OCCOCCOC[C@@H](NC(=O)C[C@@H]1N=C(c3ccc(Cl)cc3)c3c(sc(C)c3C)-n3c(C)nnc31)COCCOCCOCC(=O)N[C@@H](C(C)(C)C)C(=O)N1C[C@H](O)C[C@H]1C(=O)NC2
372,Cc1nc(CCC(=O)NCCCCC(=O)N[C@H](C(=O)N2C[C@H](O)C[C@H]2C(=O)NCc2ccc(-c3scnc3C)cc2)C(C)(C)C)ccc1-c1cnc(NCc2c(F)ccc3c2CCO3)n2cnnc12
373,Cc1nc(CCC(=O)NCCOc2ccc(OCC(=O)N[C@H](C(=O)N3C[C@H](O)C[C@H]3C(=O)NCc3ccc(-c4scnc4C)cc3)C(C)(C)C)cc2)ccc1-c1cnc(NCc2c(F)ccc3c2CCO3)n2cnnc12
374,Cc1sc2c(c1C)C(c1ccc(Cl)cc1)=N[C@@H](CC(=O)Nc1ccc(OCCOCCOCCOCCNc3cccc4c3C(=O)N(C3CCC(=O)NC3=O)C4=O)cc1)c1nnc(C)n1-2
375,Nc1ncnc2c1c(-c1ccc(Oc3ccccc3)cc1)nn2[C@@H]1CCCN(C(=O)c2cn(CCOCCOCCOCCNc3cccc4c3C(=O)N(C3CCC(=O)NC3=O)C4=O)nn2)C1
376,N#CC1=C(NCCC(=O)NCCNc2cccc3c2C(=O)N(C2CCC(=O)NC2=O)C3=O)c2ccc(Sc3ccc(Br)cc3)c3cccc(c23)C1=O
377,N#CC1=C(NCCC(=O)NCCCCNc2cccc3c2C(=O)N(C2CCC(=O)NC2=O)C3=O)c2ccc(Sc3ccc(Br)cc3)c3cccc(c23)C1=O
378,N#CC1=C(NCCC(=O)NCCCCCCNc2cccc3c2C(=O)N(C2CCC(=O)NC2=O)C3=O)c2ccc(Sc3ccc(Br)cc3)c3cccc(c23)C1=O
379,N#CC1=C(NCCC(=O)NCCCCCC(=O)NCCCCCCNc2cccc3c2C(=O)N(C2CCC(=O)NC2=O)C3=O)c2ccc(Sc3ccc(Br)cc3)c3cccc(c23)C1=O
380,N#CC1=C(NCCC(=O)NCCOCCOCCNc2cccc3c2C(=O)N(C2CCC(=O)NC2=O)C3=O)c2ccc(Sc3ccc(Br)cc3)c3cccc(c23)C1=O
381,O=C(CCCCC(=O)NCCN1C(=O)c2cccc3c(Sc4ccc(Br)cc4)ccc(c23)C1=O)NCCNc1cccc2c1C(=O)N(C1CCC(=O)NC1=O)C2=O
382,O=C(CCCCC(=O)NCCN1C(=O)c2cccc3c(Sc4ccc(Br)cc4)ccc(c23)C1=O)NCCCCNc1cccc2c1C(=O)N(C1CCC(=O)NC1=O)C2=O
383,O=C(CCCCC(=O)NCCN1C(=O)c2cccc3c(Sc4ccc(Br)cc4)ccc(c23)C1=O)NCCCCCCNc1cccc2c1C(=O)N(C1CCC(=O)NC1=O)C2=O
384,O=C(CCCCCNc1cccc2c1C(=O)N(C1CCC(=O)NC1=O)C2=O)NCCCCCCNC(=O)CCCCC(=O)NCCN1C(=O)c2cccc3c(Sc4ccc(Br)cc4)ccc(c23)C1=O
385,O=C(CCCCC(=O)NCCN1C(=O)c2cccc3c(Sc4ccc(Br)cc4)ccc(c23)C1=O)NCCOCCOCCNc1cccc2c1C(=O)N(C1CCC(=O)NC1=O)C2=O
386,O=C(CCCCC(=O)NCCN1C(=O)c2cccc3c(Sc4ccc(Br)cc4)ccc(c23)C1=O)NCCCCCCCCNc1cccc2c1C(=O)N(C1CCC(=O)NC1=O)C2=O
387,NC(=O)c1c(-c2ccc(Oc3ccc(F)cc3F)cc2)nn([C@H]2CCCN(C(=O)OCCNc3cccc4c3C(=O)N(C3CCC(=O)NC3=O)C4=O)C2)c1N
388,NC(=O)c1c(-c2ccc(Oc3ccc(F)cc3F)cc2)nn([C@H]2CCCN(C(=O)COCCNc3cccc4c3C(=O)N(C3CCC(=O)NC3=O)C4=O)C2)c1N
389,NC(=O)c1c(-c2ccc(Oc3ccc(F)cc3F)cc2)nn([C@H]2CCCN(C(=O)OCCOCCNc3cccc4c3C(=O)N(C3CCC(=O)NC3=O)C4=O)C2)c1N
390,NC(=O)c1c(-c2ccc(Oc3ccc(F)cc3F)cc2)nn([C@H]2CCCN(C(=O)COCCOCCNc3cccc4c3C(=O)N(C3CCC(=O)NC3=O)C4=O)C2)c1N
391,NC(=O)c1c(-c2ccc(Oc3ccc(F)cc3F)cc2)nn([C@H]2CCCN(C(=O)OCCOCCOCCNc3cccc4c3C(=O)N(C3CCC(=O)NC3=O)C4=O)C2)c1N
392,NC(=O)c1c(-c2ccc(Oc3ccc(F)cc3F)cc2)nn([C@H]2CCCN(C(=O)OCCOCCOCCOCCNc3cccc4c3C(=O)N(C3CCC(=O)NC3=O)C4=O)C2)c1N
393,NC(=O)c1c(-c2ccc(Oc3ccc(F)cc3F)cc2)nn([C@H]2CCCN(C(=O)COCCOCCOCCOCCNc3cccc4c3C(=O)N(C3CCC(=O)NC3=O)C4=O)C2)c1N
394,NC(=O)c1c(-c2ccc(Oc3ccc(F)cc3F)cc2)nn([C@H]2CCCN(C(=O)OCCOCCOCCOCCOCCNc3cccc4c3C(=O)N(C3CCC(=O)NC3=O)C4=O)C2)c1N
395,NC(=O)c1c(-c2ccc(Oc3ccc(F)cc3F)cc2)nn([C@H]2CCCN(C(=O)COCCOCCOCCOCCOCCNc3cccc4c3C(=O)N(C3CCC(=O)NC3=O)C4=O)C2)c1N
396,NC(=O)c1c(-c2ccc(Oc3ccc(F)cc3F)cc2)nn([C@H]2CCCN(C(=O)OCCOCCOCCOCCOCCOCCNc3cccc4c3C(=O)N(C3CCC(=O)NC3=O)C4=O)C2)c1N
397,NC(=O)c1c(-c2ccc(Oc3ccc(F)cc3F)cc2)nn([C@H]2CCCN(C(=O)COCCOCCOCCOCCOCCOCCNc3cccc4c3C(=O)N(C3CCC(=O)NC3=O)C4=O)C2)c1N
398,Cc1nc[nH]c1-c1ccc(CNC(=O)[C@@H]2C[C@@H](O)CN2C(=O)[C@@H](NC(=O)CCOCCOCCOCCOCCOCCC(=O)N2CCC[C@@H](n3nc(-c4ccc(Oc5ccc(F)cc5F)cc4)c(C(N)=O)c3N)C2)C(C)(C)C)cc1
399,Cc1nc[nH]c1-c1ccc(CNC(=O)[C@@H]2C[C@@H](O)CN2C(=O)[C@@H](NC(=O)CCOCCOCCOCCOCCOCCOCCC(=O)N2CCC[C@@H](n3nc(-c4ccc(Oc5ccc(F)cc5F)cc4)c(C(N)=O)c3N)C2)C(C)(C)C)cc1
400,C=CC(=O)N1C[C@H](n2nc(-c3ccc(Oc4ccccc4)cc3)c3c(N)ncnc32)C[C@H]1C(=O)OCCOCCOCC(=O)Nc1cccc2c1C(=O)N(C1CCC(=O)NC1=O)C2=O
401,C=CC(=O)N1C[C@H](n2nc(-c3ccc(Oc4ccccc4)cc3)c3c(N)ncnc32)C[C@H]1C(=O)OCCOCCOCCOCC(=O)Nc1cccc2c1C(=O)N(C1CCC(=O)NC1=O)C2=O
402,C=CC(=O)N1C[C@H](n2nc(-c3ccc(Oc4ccccc4)cc3)c3c(N)ncnc32)C[C@H]1C(=O)OCCOCCOCCOCCOCC(=O)Nc1cccc2c1C(=O)N(C1CCC(=O)NC1=O)C2=O
403,C=CC(=O)N1C[C@H](n2nc(-c3ccc(Oc4ccccc4)cc3)c3c(N)ncnc32)C[C@H]1C(=O)OCCOCCOCCOCCOCCOCC(=O)Nc1cccc2c1C(=O)N(C1CCC(=O)NC1=O)C2=O
404,C=CC(=O)N1C[C@H](n2nc(-c3ccc(Oc4ccccc4)cc3)c3c(N)ncnc32)C[C@H]1C(=O)NCCCCNc1cccc2c1C(=O)N(C1CCC(=O)NC1=O)C2=O
405,C=CC(=O)N1C[C@H](n2nc(-c3ccc(Oc4ccccc4)cc3)c3c(N)ncnc32)C[C@H]1C(=O)NCCCCCCNc1cccc2c1C(=O)N(C1CCC(=O)NC1=O)C2=O
406,C=CC(=O)N1C[C@H](n2nc(-c3ccc(Oc4ccccc4)cc3)c3c(N)ncnc32)C[C@H]1C(=O)NCCCCCCCCNc1cccc2c1C(=O)N(C1CCC(=O)NC1=O)C2=O
407,C=CC(=O)N1C[C@H](n2nc(-c3ccc(Oc4ccccc4)cc3)c3c(N)ncnc32)C[C@H]1C(=O)NCCCCCCCCCCCCNc1cccc2c1C(=O)N(C1CCC(=O)NC1=O)C2=O
408,C=CC(=O)N[C@@H](CCC(=O)OCCOCCOCC(=O)Nc1cccc2c1C(=O)N(C1CCC(=O)NC1=O)C2=O)C(=O)Nc1cccc(Nc2ncc(NC(=O)c3cc(NC(=O)c4cccc(C)c4)ccc3C)cn2)c1
409,C=CC(=O)N[C@@H](CCC(=O)OCCOCCOCCOCCOCC(=O)Nc1cccc2c1C(=O)N(C1CCC(=O)NC1=O)C2=O)C(=O)Nc1cccc(Nc2ncc(NC(=O)c3cc(NC(=O)c4cccc(C)c4)ccc3C)cn2)c1
410,C=CC(=O)N[C@@H](CCC(=O)NCCCCNc1cccc2c1C(=O)N(C1CCC(=O)NC1=O)C2=O)C(=O)Nc1cccc(Nc2ncc(NC(=O)c3cc(NC(=O)c4cccc(C)c4)ccc3C)cn2)c1
411,C=CC(=O)N[C@@H](CCC(=O)NCCCCCCCCNc1cccc2c1C(=O)N(C1CCC(=O)NC1=O)C2=O)C(=O)Nc1cccc(Nc2ncc(NC(=O)c3cc(NC(=O)c4cccc(C)c4)ccc3C)cn2)c1
412,C=CC(=O)N1C[C@@H](n2nc(-c3ccc(Oc4ccccc4)cc3)c3c(N)ncnc32)C[C@H]1C(=O)OCCOCCOCC(=O)N[C@H](C(=O)N1C[C@H](O)C[C@H]1C(=O)NCc1ccc(-c2scnc2C)cc1)C(C)(C)C
413,C=CC(=O)N[C@H](CCC(=O)NCCCCCCCC(=O)N[C@H](C(=O)N1C[C@H](O)CC1C(=O)NCc1ccc(-c2scnc2C)cc1)C(C)(C)C)C(=O)Nc1cccc(Nc2ncc(NC(=O)c3cc(NC(=O)c4cccc(C)c4)ccc3C)cn2)c1
414,CCC(=O)N1C[C@H](n2nc(-c3ccc(Oc4ccccc4)cc3)c3c(N)ncnc32)C[C@H]1C(=O)OCCOCCOCC(=O)N[C@H](C(=O)N1C[C@H](O)CC1C(=O)NCc1ccc(-c2scnc2C)cc1)C(C)(C)C
415,CCC(=O)N[C@@H](CCC(=O)NCCCCCCCCNc1cccc2c1C(=O)N(C1CCC(=O)NC1=O)C2=O)C(=O)Nc1cccc(Nc2ncc(NC(=O)c3cc(NC(=O)c4cccc(C)c4)ccc3C)cn2)c1
416,CC(=O)c1c(C)c2cnc(Nc3ccc(N4CCN(Cc5cn(CCOCCOCCNc6cccc7c6C(=O)N(C6CCC(=O)NC6=O)C7=O)nn5)CC4)cn3)nc2n(C2CCCC2)c1=O
417,CC(=O)c1c(C)c2cnc(Nc3ccc(N4CCN(Cc5cn(CCOCCOCCOCCNc6cccc7c6C(=O)N(C6CCC(=O)NC6=O)C7=O)nn5)CC4)cn3)nc2n(C2CCCC2)c1=O
418,CC(=O)c1c(C)c2cnc(Nc3ccc(N4CCN(Cc5cn(CCOCCOCCOCCOCCNc6cccc7c6C(=O)N(C6CCC(=O)NC6=O)C7=O)nn5)CC4)cn3)nc2n(C2CCCC2)c1=O
419,CC(=O)c1c(C)c2cnc(Nc3ccc(N4CCN(CC(=O)NCCOCCNc5cccc6c5C(=O)N(C5CCC(=O)NC5=O)C6=O)CC4)cn3)nc2n(C2CCCC2)c1=O
420,CC(=O)c1c(C)c2cnc(Nc3ccc(N4CCN(CC(=O)NCCOCCOCCNc5cccc6c5C(=O)N(C5CCC(=O)NC5=O)C6=O)CC4)cn3)nc2n(C2CCCC2)c1=O
421,CC(=O)c1c(C)c2cnc(Nc3ccc(N4CCN(CC(=O)NCCOCCOCCOCCOCCNc5cccc6c5C(=O)N(C5CCC(=O)NC5=O)C6=O)CC4)cn3)nc2n(C2CCCC2)c1=O
422,CC(=O)c1c(C)c2cnc(Nc3ccc(N4CCN(Cc5cn(CCOCCNc6cccc7c6C(=O)N(C6CCC(=O)NC6=O)C7=O)nn5)CC4)cn3)nc2n(C2CCCC2)c1=O
423,CC(=O)c1c(C)c2cnc(Nc3ccc(N4CCN(Cc5cn(CCCCCNc6cccc7c6C(=O)N(C6CCC(=O)NC6=O)C7=O)nn5)CC4)cn3)nc2n(C2CCCC2)c1=O
424,CC(=O)c1c(C)c2cnc(Nc3ccc(N4CCN(Cc5cn(CCCCCCNc6cccc7c6C(=O)N(C6CCC(=O)NC6=O)C7=O)nn5)CC4)cn3)nc2n(C2CCCC2)c1=O
425,CC(=O)c1c(C)c2cnc(Nc3ccc(N4CCN(CCOCCOCCNc5cccc6c5C(=O)N(C5CCC(=O)NC5=O)C6=O)CC4)cn3)nc2n(C2CCCC2)c1=O
426,CC(=O)c1c(C)c2cnc(Nc3ccc(N4CCN(Cc5cn(CCCCCCc6cccc7c6CN(C6CCC(=O)NC6=O)C7=O)nn5)CC4)cn3)nc2n(C2CCCC2)c1=O
427,CC(=O)c1c(C)c2cnc(Nc3ccc(N4CCN(Cc5cn(CCCCC#Cc6cccc7c6C(=O)N(C6CCC(=O)NC6=O)C7=O)nn5)CC4)cn3)nc2n(C2CCCC2)c1=O
428,CC(=O)c1c(C)c2cnc(Nc3ccc(N4CCN(Cc5cn(CCCCCC#Cc6cccc7c6C(=O)N(C6CCC(=O)NC6=O)C7=O)nn5)CC4)cn3)nc2n(C2CCCC2)c1=O
429,COc1ccc(C2=N[C@H](c3ccc(Cl)cc3)[C@H](c3ccc(Cl)cc3)N2C(=O)N2CCN(CC(=O)NCCOCCn3cc(CN4CCN(c5ccc(Nc6ncc7c(C)c(C(C)=O)c(=O)n(C8CCCC8)c7n6)nc5)CC4)nn3)C(=O)C2)c(OC(C)C)c1
430,COc1ccc(C2=N[C@H](c3ccc(Cl)cc3)[C@H](c3ccc(Cl)cc3)N2C(=O)N2CCN(CC(=O)NCCOCCOCCn3cc(CN4CCN(c5ccc(Nc6ncc7c(C)c(C(C)=O)c(=O)n(C8CCCC8)c7n6)nc5)CC4)nn3)C(=O)C2)c(OC(C)C)c1
431,COc1ccc(C2=N[C@H](c3ccc(Cl)cc3)[C@H](c3ccc(Cl)cc3)N2C(=O)N2CCN(CC(=O)NCCOCCOCCOCCn3cc(CN4CCN(c5ccc(Nc6ncc7c(C)c(C(C)=O)c(=O)n(C8CCCC8)c7n6)nc5)CC4)nn3)C(=O)C2)c(OC(C)C)c1
432,CC(=O)c1c(C)c2cnc(Nc3ccc(N4CCN(Cc5cn(CCOCCNC(=O)CCC(=O)NC(C(=O)N6C[C@H](O)C[C@H]6C(=O)NCc6ccc(-c7scnc7C)cc6)C(C)(C)C)nn5)CC4)cn3)nc2n(C2CCCC2)c1=O
433,CC(=O)c1c(C)c2cnc(Nc3ccc(N4CCN(Cc5cn(CCOCCOCCNC(=O)CCC(=O)NC(C(=O)N6C[C@H](O)C[C@H]6C(=O)NCc6ccc(-c7scnc7C)cc6)C(C)(C)C)nn5)CC4)cn3)nc2n(C2CCCC2)c1=O
434,CC(=O)c1c(C)c2cnc(Nc3ccc(N4CCN(Cc5cn(CCOCCOCCOCCNC(=O)CCC(=O)NC(C(=O)N6C[C@H](O)C[C@H]6C(=O)NCc6ccc(-c7scnc7C)cc6)C(C)(C)C)nn5)CC4)cn3)nc2n(C2CCCC2)c1=O
435,CC(=O)c1c(C)c2cnc(Nc3ccc(N4CCN(Cc5cn(CCOCCOCCOCCOCCNC(=O)CCC(=O)NC(C(=O)N6C[C@H](O)C[C@H]6C(=O)NCc6ccc(-c7scnc7C)cc6)C(C)(C)C)nn5)CC4)cn3)nc2n(C2CCCC2)c1=O
436,CN(C)C(=O)c1cc2cnc(Nc3ccc(N4CCN(Cc5cn(CCOCCNc6cccc7c6C(=O)N(C6CCC(=O)NC6=O)C7=O)nn5)CC4)cn3)nc2n1C1CCCC1
437,CN(C)C(=O)c1cc2cnc(Nc3ccc(N4CCN(Cc5cn(CCOCCOCCNc6cccc7c6C(=O)N(C6CCC(=O)NC6=O)C7=O)nn5)CC4)cn3)nc2n1C1CCCC1
438,CN(C)C(=O)c1cc2cnc(Nc3ccc(N4CCN(Cc5cn(CCOCCOCCOCCNc6cccc7c6C(=O)N(C6CCC(=O)NC6=O)C7=O)nn5)CC4)cn3)nc2n1C1CCCC1
439,Cc1nc2c(F)cc(-c3nc(Nc4ccc(CN5CCN(c6cn(CCOCCNc7cccc8c7C(=O)N(C7CCC(=O)NC7=O)C8=O)nn6)CC5)cn4)ncc3F)cc2n1C(C)C
440,Cc1nc2c(F)cc(-c3nc(Nc4ccc(CN5CCN(c6cn(CCOCCOCCNc7cccc8c7C(=O)N(C7CCC(=O)NC7=O)C8=O)nn6)CC5)cn4)ncc3F)cc2n1C(C)C
441,Cc1nc2c(F)cc(-c3nc(Nc4ccc(CN5CCN(c6cn(CCOCCOCCOCCNc7cccc8c7C(=O)N(C7CCC(=O)NC7=O)C8=O)nn6)CC5)cn4)ncc3F)cc2n1C(C)C
442,Cc1nc2c(F)cc(-c3nc(Nc4ccc(CN5CCN(c6cn(CCOCCOCCOCCOCCNc7cccc8c7C(=O)N(C7CCC(=O)NC7=O)C8=O)nn6)CC5)cn4)ncc3F)cc2n1C(C)C
443,Cc1ncsc1-c1ccc(CNC(=O)[C@@H]2C[C@@H](O)CN2C(=O)[C@@H](NC(=O)COCCOCCNc2cccc3c2C(=O)N(C2CCC(=O)NC2=O)C3=O)C(C)(C)C)cc1
444,Cc1ncsc1-c1ccc(CNC(=O)[C@@H]2C[C@@H](O)CN2C(=O)[C@@H](NC(=O)COCCOCCOCCNc2cccc3c2C(=O)N(C2CCC(=O)NC2=O)C3=O)C(C)(C)C)cc1
445,Cc1ncsc1-c1ccc(CNC(=O)[C@@H]2C[C@@H](O)CN2C(=O)[C@@H](NC(=O)CCCCOCCOCCOCCNc2cccc3c2C(=O)N(C2CCC(=O)NC2=O)C3=O)C(C)(C)C)cc1
446,Cc1ncsc1-c1ccc(CNC(=O)[C@@H]2C[C@@H](O)CN2C(=O)[C@@H](NC(=O)CCCCOCCCCCOCCCCCCNc2cccc3c2C(=O)N(C2CCC(=O)NC2=O)C3=O)C(C)(C)C)cc1
447,Cc1ncsc1-c1ccc(CNC(=O)[C@@H]2C[C@@H](O)CN2C(=O)[C@@H](NC(=O)CCCCCOCCCCCCOCCCCCCNc2cccc3c2C(=O)N(C2CCC(=O)NC2=O)C3=O)C(C)(C)C)cc1
448,Cc1ncsc1-c1ccc(CNC(=O)[C@@H]2C[C@@H](O)CN2C(=O)[C@@H](NC(=O)CCCCCOCCCCOCCCCOCCCCNc2cccc3c2C(=O)N(C2CCC(=O)NC2=O)C3=O)C(C)(C)C)cc1
449,Cc1ncsc1-c1ccc(CNC(=O)[C@@H]2C[C@@H](O)CN2C(=O)[C@@H](NC(=O)CCCCCOCCOCCOCCOCCOCCOCCCCCCNc2cccc3c2C(=O)N(C2CCC(=O)NC2=O)C3=O)C(C)(C)C)cc1
450,Cc1ncsc1-c1ccc(CNC(=O)[C@@H]2C[C@@H](O)CN2C(=O)[C@@H](NC(=O)CCCCCOCCCCOCCCCOCCCCOCCCCCCNc2cccc3c2C(=O)N(C2CCC(=O)NC2=O)C3=O)C(C)(C)C)cc1
451,Nc1ncnc2c1c(-c1ccc(Oc3ccccc3)cc1)nn2[C@@H]1CCCN(CC(=O)NCCOCCOCC(=O)NCCOCCOc2cccc3c2C(=O)N(C2CCC(=O)NC2=O)C3=O)C1
452,Nc1ncnc2c1c(-c1ccc(Oc3ccccc3)cc1)nn2[C@@H]1CCCN(CC(=O)NCCOCCOc2cccc3c2C(=O)N(C2CCC(=O)NC2=O)C3=O)C1
453,Nc1ncnc2c1c(-c1ccc(Oc3ccccc3)cc1)nn2[C@@H]1CCCN(CC(=O)NCCOCCOCCC(=O)NCCOCCOCC(=O)NCCOCCOc2cccc3c2C(=O)N(C2CCC(=O)NC2=O)C3=O)C1
454,COc1cc(C(=O)NCCOCCOCCOCCNC(=O)C[C@@H]2N=C(c3ccc(Cl)cc3)c3c(sc(C)c3C)-n3c(C)nnc32)ccc1NC(=O)[C@@H]1N[C@@H](CC(C)(C)C)[C@](C#N)(c2ccc(Cl)cc2F)[C@H]1c1cccc(Cl)c1F
455,NC(=O)c1cccc2cn(-c3ccc(-c4cn(CCOCCOCCOCCOCCNc5cccc6c5C(=O)N(C5CCC(=O)NC5=O)C6=O)nn4)cc3)nc12
456,Cc1ncsc1-c1ccc(CNC(=O)[C@H]2C[C@H](O)CN2C(=O)C(NC(=O)CCC(=O)NCCOCCOCCOCCn2cc(-c3ccc(-n4cc5cccc(C(N)=O)c5n4)cc3)nn2)C(C)(C)C)cc1
457,COc1ccc(C2=N[C@@H](c3ccc(Cl)cc3)[C@@H](c3ccc(Cl)cc3)N2C(=O)N2CCN(CC(=O)NCCOCCOCCOCCOCCn3cc(-c4ccc(-n5cc6cccc(C(N)=O)c6n5)cc4)nn3)C(=O)C2)cc1OC(C)C
458,O=C1CCC(N2C(=O)c3cccc(NCCOCCOCCOCCOCCn4cc(CCCC(=O)N5CCN(C(=O)c6cc(Cc7n[nH]c(=O)c8ccccc78)ccc6F)CC5)nn4)c3C2=O)C(=O)N1
459,COc1ccc(C2=N[C@H](c3ccc(Cl)cc3)[C@H](c3ccc(Cl)cc3)N2C(=O)N2CCN(CC(=O)NCCOCCOCCOCCOCCn3cc(CCCC(=O)N4CCN(C(=O)c5cc(Cc6n[nH]c(=O)c7ccccc67)ccc5F)CC4)nn3)C(=O)C2)cc1OC(C)C
460,Cc1ncsc1-c1ccc(CNC(=O)[C@@H]2C[C@@H](O)CN2C(=O)[C@@H](NC(=O)CCOCCOCCOc2ccc3c(c2)sc2nc(-c4ccc(NC(=O)Nc5cc(C(C)(C)C)on5)cc4)cn23)C(C)(C)C)cc1
461,Cc1cc(C(C(=O)N2C[C@H](O)CC2C(=O)NC(CC(=O)N2CCC(N3CCC(C#Cc4ccc(C(=O)NC5C(C)(C)C(Oc6ccc(C#N)c(Cl)c6)C5(C)C)cc4)CC3)CC2)c2ccc(-c3scnc3C)cc2)C(C)C)on1
462,Cc1cc(C(C(=O)N2C[C@H](O)CC2C(=O)NC(CC(=O)N2CCC(N3CCC(C#Cc4ccc(N5C(=S)N(c6cnc(C#N)c(C(F)(F)F)c6)C(=O)C56CCC6)cc4)CC3)CC2)c2ccc(-c3scnc3C)cc2)C(C)C)on1
463,Cc1cc(C(C(=O)N2C[C@H](O)CC2C(=O)NC(CC(=O)N2CCC(N3CCC(C#Cc4ccc(N5C(=S)N(c6ccc(C#N)c(C(F)(F)F)c6)C(=O)C5(C)C)cc4)CC3)CC2)c2ccc(-c3scnc3C)cc2)C(C)C)on1
464,Cc1cc(C(C(=O)N2C[C@H](O)CC2C(=O)NC(CC(=O)N2CCC(N3CCC(C#Cc4ccc(S(=O)(=O)CC(C)(O)C(=O)Nc5ccc(C#N)c(C(F)(F)F)c5)cc4)CC3)CC2)c2ccc(-c3scnc3C)cc2)C(C)C)on1
465,COc1cc2c(Oc3ccc(NC(=O)C4(C(=O)Nc5ccc(F)cc5)CC4)cc3F)ccnc2cc1OCCCCOCCCCOCC(=O)N[C@H](C(=O)N1C[C@H](O)C[C@H]1C(=O)NCc1ccc(-c2scnc2C)cc1)C(C)(C)C
466,COc1cc2c(Oc3ccc(NC(=O)C4(C(=O)Nc5ccc(F)cc5)CC4)cc3F)ccnc2cc1OCCOCCOCCOc1cc(-c2scnc2C)ccc1CNC(=O)[C@@H]1C[C@@H](O)CN1C(=O)[C@H](C(C)C)N1Cc2ccccc2C1=O
467,Cc1ncsc1-c1ccc(CNC(=O)[C@@H]2C[C@@H](O)CN2C(=O)[C@@H](NC(=O)COCCNC(=O)c2cccc(-c3cc(Nc4ccc(OC(F)(F)F)cc4)ncn3)c2)C(C)(C)C)cc1
468,Cc1ncsc1-c1ccc(CNC(=O)[C@@H]2C[C@@H](O)CN2C(=O)[C@@H](NC(=O)COCCOc2cccc(-c3cc(Nc4ccc(OC(F)(F)F)cc4)ncn3)c2)C(C)(C)C)cc1
469,COc1c(O)cc(O)c2c(=O)cc(-c3ccc(OCCCCCC(=O)Nc4cccc5c4C(=O)N(C4CCC(=O)NC4=O)C5=O)cc3)oc12
470,COc1c(O)cc(O)c2c(=O)cc(-c3ccc(OCCCCCCC(=O)Nc4cccc5c4C(=O)N(C4CCC(=O)NC4=O)C5=O)cc3)oc12
471,COc1c(O)cc(O)c2c(=O)cc(-c3ccc(OCCCCCCCC(=O)Nc4cccc5c4C(=O)N(C4CCC(=O)NC4=O)C5=O)cc3)oc12
472,COc1c(O)cc(O)c2c(=O)cc(-c3ccc(OCCCCCCCCCC(=O)Nc4cccc5c4C(=O)N(C4CCC(=O)NC4=O)C5=O)cc3)oc12
473,COc1c(O)cc(O)c2c(=O)cc(-c3ccc(OCc4cn(CCCCCC(=O)Nc5cccc6c5C(=O)N(C5CCC(=O)NC5=O)C6=O)nn4)cc3)oc12
474,COc1c(O)cc(O)c2c(=O)cc(-c3ccc(OCc4cn(CCCCCCC(=O)Nc5cccc6c5C(=O)N(C5CCC(=O)NC5=O)C6=O)nn4)cc3)oc12
475,COc1c(O)cc(O)c2c(=O)cc(-c3ccc(OCc4cn(CCCCCCCC(=O)Nc5cccc6c5C(=O)N(C5CCC(=O)NC5=O)C6=O)nn4)cc3)oc12
476,COc1c(O)cc(O)c2c(=O)cc(-c3ccc(OCc4cn(CCCCCCCCCC(=O)Nc5cccc6c5C(=O)N(C5CCC(=O)NC5=O)C6=O)nn4)cc3)oc12
477,Cc1ccc(F)c(S(=O)(=O)Nc2ccc(-c3nc(OC[C@H]4CN(CCOCCOCCOCC(=O)N[C@H](C(=O)N5C[C@H](O)C[C@H]5C(=O)NCc5ccc(-c6scnc6C)cc5)C(C)(C)C)CCO4)c4cn[nH]c4n3)cc2)c1
478,COc1ccc(Cl)c(S(=O)(=O)Nc2ccc(-c3nc(OC[C@H]4CN(CCOCCOCCOCC(=O)N[C@H](C(=O)N5C[C@H](O)C[C@H]5C(=O)NCc5ccc(-c6scnc6C)cc5)C(C)(C)C)CCO4)c4c(C)n[nH]c4n3)cc2)c1
479,Cc1ccc(F)c(S(=O)(=O)Nc2ccc(-c3nc(OC[C@H]4CN(CCOCCOCCOCC(=O)NCCNc5cccc6c5C(=O)N(C5CCC(=O)NC5=O)C6=O)CCO4)c4cn[nH]c4n3)cc2)c1
480,COc1ccc(Cl)c(S(=O)(=O)Nc2ccc(-c3nc(OC[C@H]4CN(CCOCCOCCOCC(=O)NCCNc5cccc6c5C(=O)N(C5CCC(=O)NC5=O)C6=O)CCO4)c4c(C)n[nH]c4n3)cc2)c1
481,Cc1ccc(F)c(S(=O)(=O)Nc2ccc(-c3nc(OC[C@H]4CN(CCOCCOCC(=O)N[C@H](C(=O)N5C[C@H](O)C[C@H]5C(=O)NCc5ccc(-c6scnc6C)cc5)C(C)(C)C)CCO4)c4cn[nH]c4n3)cc2)c1
482,Cc1ccc(F)c(S(=O)(=O)Nc2ccc(-c3nc(OC[C@H]4CN(CCOCCOCCOCCOCC(=O)N[C@H](C(=O)N5C[C@H](O)C[C@H]5C(=O)NCc5ccc(-c6scnc6C)cc5)C(C)(C)C)CCO4)c4cn[nH]c4n3)cc2)c1
483,Cc1ccc(F)c(S(=O)(=O)Nc2ccc(-c3nc(OC[C@H]4CN(CCOCCOCCOCCOCCOCC(=O)N[C@H](C(=O)N5C[C@H](O)C[C@H]5C(=O)NCc5ccc(-c6scnc6C)cc5)C(C)(C)C)CCO4)c4cn[nH]c4n3)cc2)c1
484,Cc1ccc(F)c(S(=O)(=O)Nc2ccc(-c3nc(OC[C@H]4CN(CCCCCCOCCOCCOCC(=O)N[C@H](C(=O)N5C[C@H](O)C[C@H]5C(=O)NCc5ccc(-c6scnc6C)cc5)C(C)(C)C)CCO4)c4cn[nH]c4n3)cc2)c1
485,Cc1ccc(F)c(S(=O)(=O)Nc2ccc(-c3nc(OC[C@H]4CN(CCCCCCOCCOCCOCCOCC(=O)N[C@H](C(=O)N5C[C@H](O)C[C@H]5C(=O)NCc5ccc(-c6scnc6C)cc5)C(C)(C)C)CCO4)c4cn[nH]c4n3)cc2)c1
486,Cc1ccc(F)c(S(=O)(=O)Nc2ccc(-c3nc(OC[C@H]4CN(CCCCCCOCCCCCCOCC(=O)N[C@H](C(=O)N5C[C@H](O)C[C@H]5C(=O)NCc5ccc(-c6scnc6C)cc5)C(C)(C)C)CCO4)c4cn[nH]c4n3)cc2)c1
487,COc1ccc(Cl)c(S(=O)(=O)Nc2ccc(-c3nc(OC[C@H]4CN(CCCCCCOCCOCCOCCOCC(=O)N[C@H](C(=O)N5C[C@H](O)C[C@H]5C(=O)NCc5ccc(-c6scnc6C)cc5)C(C)(C)C)CCO4)c4c(C)n[nH]c4n3)cc2)c1
488,COc1ccc(Cl)c(S(=O)(=O)Nc2ccc(-c3nc(OC[C@H]4CN(CCCCCCOCCCCCCOCC(=O)N[C@H](C(=O)N5C[C@H](O)C[C@H]5C(=O)NCc5ccc(-c6scnc6C)cc5)C(C)(C)C)CCO4)c4cn[nH]c4n3)cc2)c1
489,O=C1CCC(N2C(=O)c3cccc(NCCOCCOCc4cn(CCCC(=O)N5CCN(CC#Cc6ccc(OCCCc7sc(N8CCc9cccc(C(=O)Nc%10nc%11ccccc%11s%10)c9C8)nc7C(=O)O)c(F)c6)CC5)nn4)c3C2=O)C(=O)N1
490,COc1cc(/C=C(\C#N)C(=O)NCCN[C@H](C(=O)N2C[C@H](O)C[C@H]2C(=O)NCc2ccc(-c3scnc3C)cc2)C(C)(C)C)ccc1OCc1ccc(C(F)(F)F)cc1C(F)(F)F
491,COc1cc(/C=C(\C#N)C(=O)NCCCN[C@H](C(=O)N2C[C@H](O)C[C@H]2C(=O)NCc2ccc(-c3scnc3C)cc2)C(C)(C)C)ccc1OCc1ccc(C(F)(F)F)cc1C(F)(F)F
492,COc1cc(/C=C(\C#N)C(=O)NCCCCN[C@H](C(=O)N2C[C@H](O)C[C@H]2C(=O)NCc2ccc(-c3scnc3C)cc2)C(C)(C)C)ccc1OCc1ccc(C(F)(F)F)cc1C(F)(F)F
493,COc1cc(/C=C(\C#N)C(=O)NCCCCCN[C@H](C(=O)N2C[C@H](O)C[C@H]2C(=O)NCc2ccc(-c3scnc3C)cc2)C(C)(C)C)ccc1OCc1ccc(C(F)(F)F)cc1C(F)(F)F
494,COc1cc(/C=C(\C#N)C(=O)NCCCCCCN[C@H](C(=O)N2C[C@H](O)C[C@H]2C(=O)NCc2ccc(-c3scnc3C)cc2)C(C)(C)C)ccc1OCc1ccc(C(F)(F)F)cc1C(F)(F)F
495,COc1cc(/C=C(\C#N)C(=O)NCCCCCCCN[C@H](C(=O)N2C[C@H](O)C[C@H]2C(=O)NCc2ccc(-c3scnc3C)cc2)C(C)(C)C)ccc1OCc1ccc(C(F)(F)F)cc1C(F)(F)F
496,COc1cc(/C=C(\C#N)C(=O)NCCOCN[C@H](C(=O)N2C[C@H](O)C[C@H]2C(=O)NCc2ccc(-c3scnc3C)cc2)C(C)(C)C)ccc1OCc1ccc(C(F)(F)F)cc1C(F)(F)F
497,COc1cc(/C=C(\C#N)C(=O)NCCOCCN[C@H](C(=O)N2C[C@H](O)C[C@H]2C(=O)NCc2ccc(-c3scnc3C)cc2)C(C)(C)C)ccc1OCc1ccc(C(F)(F)F)cc1C(F)(F)F
498,COc1cc(/C=C(\C#N)C(=O)NCCOCCOCCN[C@H](C(=O)N2C[C@H](O)C[C@H]2C(=O)NCc2ccc(-c3scnc3C)cc2)C(C)(C)C)ccc1OCc1ccc(C(F)(F)F)cc1C(F)(F)F
499,COc1cc(/C=C(\C#N)C(=O)NCCOCCOCCOCCN[C@H](C(=O)N2C[C@H](O)C[C@H]2C(=O)NCc2ccc(-c3scnc3C)cc2)C(C)(C)C)ccc1OCc1ccc(C(F)(F)F)cc1C(F)(F)F
500,COc1cc(/C=C(\C#N)C(=O)NCCCCNc2cccc3c2C(=O)N(C2CCC(=O)NC2=O)C3=O)ccc1OCc1ccc(C(F)(F)F)cc1C(F)(F)F
501,COc1cc(/C=C(\C#N)C(=O)NCCCCCCNc2cccc3c2C(=O)N(C2CCC(=O)NC2=O)C3=O)ccc1OCc1ccc(C(F)(F)F)cc1C(F)(F)F
502,COc1cc(/C=C(\C#N)C(=O)NCCOCCOCCNc2cccc3c2C(=O)N(C2CCC(=O)NC2=O)C3=O)ccc1OCc1ccc(C(F)(F)F)cc1C(F)(F)F
503,COc1cc(/C=C(\C#N)C(=O)NCCOCCOCCOCCNc2cccc3c2C(=O)N(C2CCC(=O)NC2=O)C3=O)ccc1OCc1ccc(C(F)(F)F)cc1C(F)(F)F
504,COc1cc(/C=C(\C#N)C(=O)NCCCOCCCCOCCCNc2cccc3c2C(=O)N(C2CCC(=O)NC2=O)C3=O)ccc1OCc1ccc(C(F)(F)F)cc1C(F)(F)F
505,COc1cc(/C=C(\C#N)C(=O)NCCCOCCOCCOCCCNc2cccc3c2C(=O)N(C2CCC(=O)NC2=O)C3=O)ccc1OCc1ccc(C(F)(F)F)cc1C(F)(F)F
506,COc1cc(/C=C(\C#N)C(=O)NCCOCCOCCOCCOCCNc2cccc3c2C(=O)N(C2CCC(=O)NC2=O)C3=O)ccc1OCc1ccc(C(F)(F)F)cc1C(F)(F)F
507,COc1cc(/C=C(\C#N)C(=O)NCCOCCOCCOCCOCCOCCNc2cccc3c2C(=O)N(C2CCC(=O)NC2=O)C3=O)ccc1OCc1ccc(C(F)(F)F)cc1C(F)(F)F
508,COc1cc(/C=C(\C#N)C(=O)NCCCCNC(=O)[C@@H](CC(C)C)NC(=O)[C@@H](O)[C@H](N)Cc2ccccc2)ccc1OCc1ccc(C(F)(F)F)cc1C(F)(F)F
509,COc1cc(/C=C(\C#N)C(=O)NCCOCCOCCNC(=O)[C@@H](CC(C)C)NC(=O)[C@@H](O)[C@H](N)Cc2ccccc2)ccc1OCc1ccc(C(F)(F)F)cc1C(F)(F)F
510,COc1ccc(C2=N[C@@H](c3ccc(Cl)cc3)[C@@H](c3ccc(Cl)cc3)N2C(=O)N2CCN(CC(=O)CCNC(=O)/C(C#N)=C/c3ccc(OCc4ccc(C(F)(F)F)cc4C(F)(F)F)c(OC)c3)C(=O)C2)c(OC(C)C)c1
511,COc1ccc(C2=N[C@@H](c3ccc(Cl)cc3)[C@@H](c3ccc(Cl)cc3)N2C(=O)N2CCN(CC(=O)NCCCCCNC(=O)/C(C#N)=C/c3ccc(OCc4ccc(C(F)(F)F)cc4C(F)(F)F)c(OC)c3)C(=O)C2)c(OC(C)C)c1
512,CCN(CCOCCOCCOCC#Cc1cccc2c1CN(C1CCC(=O)NC1=O)C2=O)CCOc1ccc(C(=O)c2c(-c3ccc(O)cc3)sc3cc(O)ccc23)cc1
513,CCN(CCCCCCC#Cc1cccc2c1CN(C1CCC(=O)NC1=O)C2=O)CCOc1ccc(C(=O)c2c(-c3ccc(O)cc3)sc3cc(O)ccc23)cc1
514,CCN(CCOCCOCCOCCC(=O)N[C@H](C(=O)N1C[C@H](O)C[C@H]1C(=O)N[C@@H](C)c1ccc(-c2scnc2C)cc1)C(C)(C)C)CCOc1ccc(C(=O)c2c(-c3ccc(O)cc3)sc3cc(O)ccc23)cc1
515,CCN(CCCCCCCC(=O)N[C@H](C(=O)N1C[C@H](O)C[C@H]1C(=O)N[C@@H](C)c1ccc(-c2scnc2C)cc1)C(C)(C)C)CCOc1ccc(C(=O)c2c(-c3ccc(O)cc3)sc3cc(O)ccc23)cc1
516,CCN(CCCC(=O)N[C@H](C(=O)N1C[C@H](O)C[C@H]1C(=O)N[C@@H](C)c1ccc(-c2scnc2C)cc1)C(C)(C)C)CCOc1ccc(C(=O)c2c(-c3ccc(O)cc3)sc3cc(O)ccc23)cc1
517,CCN(CCCCC(=O)N[C@H](C(=O)N1C[C@H](O)C[C@H]1C(=O)N[C@@H](C)c1ccc(-c2scnc2C)cc1)C(C)(C)C)CCOc1ccc(C(=O)c2c(-c3ccc(O)cc3)sc3cc(O)ccc23)cc1
518,CCN(CCCCCC(=O)N[C@H](C(=O)N1C[C@H](O)C[C@H]1C(=O)N[C@@H](C)c1ccc(-c2scnc2C)cc1)C(C)(C)C)CCOc1ccc(C(=O)c2c(-c3ccc(O)cc3)sc3cc(O)ccc23)cc1
519,CCN(CCCCCCC(=O)N[C@H](C(=O)N1C[C@H](O)C[C@H]1C(=O)N[C@@H](C)c1ccc(-c2scnc2C)cc1)C(C)(C)C)CCOc1ccc(C(=O)c2c(-c3ccc(O)cc3)sc3cc(O)ccc23)cc1
520,CCN(CCCCCCCCC(=O)N[C@H](C(=O)N1C[C@H](O)C[C@H]1C(=O)N[C@@H](C)c1ccc(-c2scnc2C)cc1)C(C)(C)C)CCOc1ccc(C(=O)c2c(-c3ccc(O)cc3)sc3cc(O)ccc23)cc1
521,CCN(CCCCCCCCCC(=O)N[C@H](C(=O)N1C[C@H](O)C[C@H]1C(=O)N[C@@H](C)c1ccc(-c2scnc2C)cc1)C(C)(C)C)CCOc1ccc(C(=O)c2c(-c3ccc(O)cc3)sc3cc(O)ccc23)cc1
522,Cc1ncsc1-c1ccc([C@H](C)NC(=O)[C@@H]2C[C@@H](O)CN2C(=O)[C@@H](NC(=O)CCCCCCCN(C)CCOc2ccc(C(=O)c3c(-c4ccc(O)cc4)sc4cc(O)ccc34)cc2)C(C)(C)C)cc1
523,Cc1ncsc1-c1ccc([C@H](C)NC(=O)[C@@H]2C[C@@H](O)CN2C(=O)[C@@H](NC(=O)CCCCCCCN(CCOc2ccc(C(=O)c3c(-c4ccc(O)cc4)sc4cc(O)ccc34)cc2)C(C)C)C(C)(C)C)cc1
524,Cc1ncsc1-c1ccc([C@H](C)NC(=O)[C@@H]2C[C@@H](O)CN2C(=O)[C@@H](NC(=O)CCCCCCCN(CCOc2ccc(C(=O)c3c(-c4ccc(O)cc4)sc4cc(O)ccc34)cc2)C(C)(C)C)C(C)(C)C)cc1
525,Cc1ncsc1-c1ccc([C@H](C)NC(=O)[C@@H]2C[C@@H](O)CN2C(=O)[C@@H](NC(=O)CCCCCCCN(CCOc2ccc(C(=O)c3c(-c4ccc(O)cc4)sc4cc(O)ccc34)cc2)C2CC2)C(C)(C)C)cc1
526,Cc1ncsc1-c1ccc([C@H](C)NC(=O)[C@@H]2C[C@@H](O)CN2C(=O)[C@@H](NC(=O)CCCCCCCN(CCOc2ccc(C(=O)c3c(-c4ccc(O)cc4)sc4cc(O)ccc34)cc2)C2CCC2)C(C)(C)C)cc1
527,Cc1ncsc1-c1ccc([C@H](C)NC(=O)[C@@H]2C[C@@H](O)CN2C(=O)[C@@H](NC(=O)CCCCCCCN(CCOc2ccc(C(=O)c3c(-c4ccc(O)cc4)sc4cc(O)ccc34)cc2)C2CCCC2)C(C)(C)C)cc1
528,Cc1ncsc1-c1ccc([C@H](C)NC(=O)[C@@H]2C[C@@H](O)CN2C(=O)[C@@H](NC(=O)CCCCCCCN(CCOc2ccc(C(=O)c3c(-c4ccc(O)cc4)sc4cc(O)ccc34)cc2)C2CCCCC2)C(C)(C)C)cc1
529,Cc1ncsc1-c1ccc([C@H](C)NC(=O)[C@@H]2C[C@@H](O)CN2C(=O)[C@@H](NC(=O)CCCCCCCN(CCOc2ccc(C(=O)c3c(-c4ccc(O)cc4)sc4cc(O)ccc34)cc2)CC2CCC2)C(C)(C)C)cc1
530,CCN(CCOCCOCCC(=O)N[C@H](C(=O)N1C[C@H](O)C[C@H]1C(=O)N[C@@H](C)c1ccc(-c2scnc2C)cc1)C(C)(C)C)CCOc1ccc(C(=O)c2c(-c3ccc(O)cc3)sc3cc(O)ccc23)cc1
531,CCN(CCOCCOCC(=O)N[C@H](C(=O)N1C[C@H](O)C[C@H]1C(=O)N[C@@H](C)c1ccc(-c2scnc2C)cc1)C(C)(C)C)CCOc1ccc(C(=O)c2c(-c3ccc(O)cc3)sc3cc(O)ccc23)cc1
532,CCN(CCCCCOCC(=O)N[C@H](C(=O)N1C[C@H](O)C[C@H]1C(=O)N[C@@H](C)c1ccc(-c2scnc2C)cc1)C(C)(C)C)CCOc1ccc(C(=O)c2c(-c3ccc(O)cc3)sc3cc(O)ccc23)cc1
533,CCN(CCOc1ccc(C(=O)c2c(-c3ccc(O)cc3)sc3cc(O)ccc23)cc1)CCC1CCN(CCCC(=O)N[C@H](C(=O)N2C[C@H](O)C[C@H]2C(=O)N[C@@H](C)c2ccc(-c3scnc3C)cc2)C(C)(C)C)CC1
534,CCN(CCOc1ccc(C(=O)c2c(-c3ccc(O)cc3)sc3cc(O)ccc23)cc1)CCN1CCN(CCCC(=O)N[C@H](C(=O)N2C[C@H](O)C[C@H]2C(=O)N[C@@H](C)c2ccc(-c3scnc3C)cc2)C(C)(C)C)CC1
535,CCN(CCCC#Cc1cnn(CCC(=O)N[C@H](C(=O)N2C[C@H](O)C[C@H]2C(=O)N[C@@H](C)c2ccc(-c3scnc3C)cc2)C(C)(C)C)c1)CCOc1ccc(C(=O)c2c(-c3ccc(O)cc3)sc3cc(O)ccc23)cc1
536,CCN(CCC#Cc1cnn(CC(=O)N[C@H](C(=O)N2C[C@H](O)C[C@H]2C(=O)N[C@@H](C)c2ccc(-c3scnc3C)cc2)C(C)(C)C)c1)CCOc1ccc(C(=O)c2c(-c3ccc(O)cc3)sc3cc(O)ccc23)cc1
537,CCN(CCCCc1cnn(CC(=O)N[C@H](C(=O)N2C[C@H](O)C[C@H]2C(=O)N[C@@H](C)c2ccc(-c3scnc3C)cc2)C(C)(C)C)c1)CCOc1ccc(C(=O)c2c(-c3ccc(O)cc3)sc3cc(O)ccc23)cc1
538,CC/C(=C(\c1ccc(O)cc1)c1ccc(OCCN(CC)CCCCCCCC(=O)N[C@H](C(=O)N2C[C@H](O)C[C@H]2C(=O)N[C@@H](C)c2ccc(-c3scnc3C)cc2)C(C)(C)C)cc1)c1ccccc1
539,CC/C(=C(\c1ccccc1)c1ccc(OCCN(CC)CCCCCCCC(=O)N[C@H](C(=O)N2C[C@H](O)C[C@H]2C(=O)N[C@@H](C)c2ccc(-c3scnc3C)cc2)C(C)(C)C)cc1)c1ccccc1
540,CCN(CCCCCCCC(=O)N[C@H](C(=O)N1C[C@H](O)C[C@H]1C(=O)N[C@@H](C)c1ccc(-c2scnc2C)cc1)C(C)(C)C)CCOc1ccc(Cn2c(-c3ccc(O)cc3)c(C)c3cc(O)ccc32)cc1
541,CCN(CCCCCCCC(=O)N[C@H](C(=O)N1C[C@H](O)C[C@H]1C(=O)N[C@@H](C)c1ccc(-c2scnc2C)cc1)C(C)(C)C)CCOc1ccc([C@@H]2c3ccc(O)cc3CC[C@@H]2c2ccccc2)cc1
542,CCN(CCCCCCCC(=O)N[C@H](C(=O)N1C[C@H](O)C[C@H]1C(=O)NCc1ccc(-c2scnc2C)cc1)C(C)(C)C)CCOc1ccc(C(=O)c2c(-c3ccc(O)cc3)sc3cc(O)ccc23)cc1
543,CCN(CCCCCCCC(=O)N[C@H](C(=O)N1C[C@H](O)C[C@H]1C(=O)N[C@@H](C)c1ccc(Cl)cc1)C(C)(C)C)CCOc1ccc(C(=O)c2c(-c3ccc(O)cc3)sc3cc(O)ccc23)cc1
544,CCN(CCCCCCCC(=O)N[C@H](C(=O)N1C[C@H](O)C[C@H]1C(=O)N[C@@H](C)c1ccc(C#N)cc1)C(C)(C)C)CCOc1ccc(C(=O)c2c(-c3ccc(O)cc3)sc3cc(O)ccc23)cc1
545,C#Cc1ccc([C@H](C)NC(=O)[C@@H]2C[C@@H](O)CN2C(=O)[C@@H](NC(=O)CCCCCCCN(CC)CCOc2ccc(C(=O)c3c(-c4ccc(O)cc4)sc4cc(O)ccc34)cc2)C(C)(C)C)cc1
546,CCN(CCCCCCCC(=O)N[C@H](C(=O)N1C[C@H](O)C[C@H]1C(=O)N[C@@H](C)c1ccc(C2CC2)cc1)C(C)(C)C)CCOc1ccc(C(=O)c2c(-c3ccc(O)cc3)sc3cc(O)ccc23)cc1
547,CCN(CCCCCCCC(=O)N[C@H](C(=O)N1C[C@H](O)C[C@H]1C(=O)N[C@@H](C)c1ccc(C(C)C)cc1)C(C)(C)C)CCOc1ccc(C(=O)c2c(-c3ccc(O)cc3)sc3cc(O)ccc23)cc1
548,CCN(CCCCCCCC(=O)N[C@H](C(=O)N1C[C@H](O)C[C@H]1C(=O)N[C@@H](C)c1ccc(C(C)(C)C)cc1)C(C)(C)C)CCOc1ccc(C(=O)c2c(-c3ccc(O)cc3)sc3cc(O)ccc23)cc1
549,CC(=O)c1c(C)c2cnc(Nc3ccc(N4CCN(C(=O)NCCCCNc5cccc6c5C(=O)N(C5CCC(=O)NC5=O)C6=O)CC4)cn3)nc2n(C2CCCC2)c1=O
550,CC(=O)c1c(C)c2cnc(Nc3ccc(N4CCN(C(=O)NCCCCCCCCNc5cccc6c5C(=O)N(C5CCC(=O)NC5=O)C6=O)CC4)cn3)nc2n(C2CCCC2)c1=O
551,CC(=O)c1c(C)c2cnc(Nc3ccc(N4CCN(CCCCCC(=O)Nc5cccc6c5C(=O)N(C5CCC(=O)NC5=O)C6=O)CC4)cn3)nc2n(C2CCCC2)c1=O
552,CC(=O)c1c(C)c2cnc(Nc3ccc(N4CCN(CCOCCOCCONc5cccc6c5C(=O)N(C5CCC(=O)NC5=O)C6=O)CC4)cn3)nc2n(C2CCCC2)c1=O
553,CC(=O)c1c(C)c2cnc(Nc3ccc(N4CCN(CC(=O)NCCCOCCOCCOCCCNc5cccc6c5C(=O)N(C5CCC(=O)NC5=O)C6=O)CC4)cn3)nc2n(C2CCCC2)c1=O
554,COc1cc(OC)c(/C=C/S(=O)(=O)Cc2ccc(OC)c(CC(=O)NCC(=O)Nc3cccc4c3C(=O)N(C3CCC(=O)NC3=O)C4=O)c2)c(OC)c1
555,CN1C(=O)CCc2cc3cc(c21)OCCOC[C@H]1CN(C(=O)CCC(=O)NCCCOCCOCCOc2cccc4c2C(=O)N(C2CCC(=O)NC2=O)C4=O)CCN1c1ncc(Cl)c(n1)N3
556,COc1cc(N2CCN(C(=O)CCCCCCC(=O)N[C@H](C(=O)N3C[C@H](O)C[C@H]3C(=O)NCc3ccc(-c4scnc4C)cc3)C(C)(C)C)CC2)ccc1Nc1ncc(Cl)c(Nc2ccccc2P(C)(C)=O)n1
557,COc1cc(N2CCN(C(=O)CCCCCCCC(=O)N[C@H](C(=O)N3C[C@H](O)C[C@H]3C(=O)NCc3ccc(-c4scnc4C)cc3)C(C)(C)C)CC2)ccc1Nc1ncc(Cl)c(Nc2ccccc2P(C)(C)=O)n1
558,COc1cc(N2CCN(C(=O)CCCCCCCCC(=O)N[C@H](C(=O)N3C[C@H](O)C[C@H]3C(=O)NCc3ccc(-c4scnc4C)cc3)C(C)(C)C)CC2)ccc1Nc1ncc(Cl)c(Nc2ccccc2P(C)(C)=O)n1
559,COc1cc(N2CCC(NC(=O)CCCCCCC(=O)N[C@H](C(=O)N3C[C@H](O)C[C@H]3C(=O)NCc3ccc(-c4scnc4C)cc3)C(C)(C)C)CC2)ccc1Nc1ncc(Cl)c(Nc2ccccc2P(C)(C)=O)n1
560,COc1cc(N2CCC(NC(=O)CCCCCCCC(=O)N[C@H](C(=O)N3C[C@H](O)C[C@H]3C(=O)NCc3ccc(-c4scnc4C)cc3)C(C)(C)C)CC2)ccc1Nc1ncc(Cl)c(Nc2ccccc2P(C)(C)=O)n1
561,COc1cc(N2CCC(NC(=O)CCCCCCCCC(=O)N[C@H](C(=O)N3C[C@H](O)C[C@H]3C(=O)NCc3ccc(-c4scnc4C)cc3)C(C)(C)C)CC2)ccc1Nc1ncc(Cl)c(Nc2ccccc2P(C)(C)=O)n1
562,COc1cc(N2CCC(N3CCN(C(=O)CCCCCCC(=O)N[C@H](C(=O)N4C[C@H](O)C[C@H]4C(=O)NCc4ccc(-c5scnc5C)cc4)C(C)(C)C)CC3)CC2)ccc1Nc1ncc(Cl)c(Nc2ccccc2P(C)(C)=O)n1
563,COc1cc(N2CCC(N3CCN(C(=O)CCCCCCCC(=O)N[C@H](C(=O)N4C[C@H](O)C[C@H]4C(=O)NCc4ccc(-c5scnc5C)cc4)C(C)(C)C)CC3)CC2)ccc1Nc1ncc(Cl)c(Nc2ccccc2P(C)(C)=O)n1
564,COc1cc(N2CCC(N3CCN(C(=O)CCCCCCCCC(=O)N[C@H](C(=O)N4C[C@H](O)C[C@H]4C(=O)NCc4ccc(-c5scnc5C)cc4)C(C)(C)C)CC3)CC2)ccc1Nc1ncc(Cl)c(Nc2ccccc2P(C)(C)=O)n1
565,COc1cc(N2CCC(NC(=O)CCCCCCCCCC(=O)N[C@H](C(=O)N3C[C@H](O)C[C@H]3C(=O)NCc3ccc(-c4scnc4C)cc3)C(C)(C)C)CC2)ccc1Nc1ncc(Cl)c(Nc2ccccc2P(C)(C)=O)n1
566,Cc1ncsc1-c1ccc(CNC(=O)[C@@H]2C[C@@H](O)CN2C(=O)[C@@H](NC(=O)COCCOCCOc2ccc(-c3ccc4ncnc(Nc5ccc(OCc6cccc(F)c6)c(Cl)c5)c4c3)cc2)C(C)(C)C)cc1
567,COc1cc2ncnc(Nc3ccc(F)c(Cl)c3)c2cc1OCCCCCOCCOCCC(=O)N[C@H](C(=O)N1C[C@H](O)C[C@H]1C(=O)NCc1ccc(-c2scnc2C)cc1)C(C)(C)C
568,Cc1ncsc1-c1ccc(CNC(=O)[C@@H]2C[C@@H](O)CN2C(=O)[C@@H](NC(=O)CCCCCOCCCCOCCCCOc2cc3ncnc(Nc4ccc(F)c(Cl)c4)c3cc2NC(=O)/C=C/CN(C)C)C(C)(C)C)cc1
569,Cc1ncsc1-c1ccc(CNC(=O)[C@@H]2C[C@@H](O)CN2C(=O)[C@@H](NC(=O)COCCOCCOCCOc2ccc(-c3ccc4ncnc(Nc5ccc(OCc6cccc(F)c6)c(Cl)c5)c4c3)cc2)C(C)(C)C)cc1
570,COc1cc2c(Oc3ccc(N(C(=O)C4(C(N)=O)CC4)c4ccc(F)cc4)cc3F)ccnc2cc1OCCCOCCCOCCC(=O)N[C@H](C(=O)N1C[C@H](O)C[C@H]1C(=O)NCc1ccc(-c2scnc2C)cc1)C(C)(C)C
571,Cc1nnc2n1-c1sc(C#Cc3cnn(-c4cccc5c4C(=O)N(C4CCC(=O)NC4=O)C5=O)c3)c(Cc3ccccc3)c1COC2
572,Cc1nnc2n1-c1sc(C#Cc3cnn(COc4cccc5c4C(=O)N(C4CCC(=O)NC4=O)C5=O)c3)c(Cc3ccccc3)c1COC2
573,Cc1nnc2n1-c1sc(C#Cc3cnn(CCNc4cccc5c4C(=O)N(C4CCC(=O)NC4=O)C5=O)c3)c(Cc3ccccc3)c1COC2
574,Cc1nnc2n1-c1sc(C#Cc3cnn(CCCNc4cccc5c4C(=O)N(C4CCC(=O)NC4=O)C5=O)c3)c(Cc3ccccc3)c1COC2
575,Cc1nnc2n1-c1sc(C#Cc3cnn(CCCCNc4cccc5c4C(=O)N(C4CCC(=O)NC4=O)C5=O)c3)c(Cc3ccccc3)c1COC2
576,Cc1nnc2n1-c1sc(C#Cc3cnn(CCCCCNc4cccc5c4C(=O)N(C4CCC(=O)NC4=O)C5=O)c3)c(Cc3ccccc3)c1COC2
577,Cc1nnc2n1-c1sc(C#Cc3cnn(CCCC#Cc4cccc5c4CN(C4CCC(=O)NC4=O)C5=O)c3)c(Cc3ccccc3)c1COC2
578,CN[C@@H](C)C(=O)N[C@H](C(=O)N1C[C@@H](NC(=O)COCCOCCOCCOCCN2CCN(C/C=C/C(=O)N3CCC[C@@H](n4nc(-c5ccc(-c6ccccc6)cc5)c5c(N)ncnc54)C3)CC2)C[C@H]1C(=O)N[C@@H]1CCCc2ccccc21)C1CCCCC1
579,CN[C@@H](C)C(=O)N[C@H](C(=O)N1C[C@@H](NC(=O)COCCOCCOCCOCCN2CCN(CCCC(=O)N3CCC[C@@H](n4nc(-c5ccc(-c6ccccc6)cc5)c5c(N)ncnc54)C3)CC2)C[C@H]1C(=O)N[C@@H]1CCCc2ccccc21)C1CCCCC1
580,Nc1ncnc2c1c(-c1ccc(Oc3ccccc3)cc1)nn2[C@@H]1CCCN(C(=O)/C=C/CN2CCN(CCNC(=O)CCCCn3cc(COCCC(=O)Nc4cccc5c4CN(C4CCC(=O)NC4=O)C5=O)nn3)CC2)C1
581,Nc1ncnc2c1c(-c1ccc(Oc3ccccc3)cc1)nn2[C@@H]1CCCN(C(=O)CCCNC(=O)CCCCn2cc(COCCC(=O)Nc3cccc4c3CN(C3CCC(=O)NC3=O)C4=O)nn2)C1
582,Cc1ncsc1-c1ccc(CNC(=O)[C@@H]2C[C@@H](O)CN2C(=O)[C@@H](NC(=O)CCOCCOCCOCCOCCOCCC(=O)NCCCOC(=O)NC(Nc2ncccn2)C(Cl)(Cl)Cl)C(C)(C)C)cc1
583,COc1cc(-c2cn(C)c(=O)c3cnccc23)cc(OC)c1CN1CCN(CCOCCOCC(=O)N[C@H](C(=O)N2C[C@H](O)C[C@H]2C(=O)NCc2ccc(-c3scnc3C)cc2)C(C)(C)C)CC1
584,COc1cc(-c2cn(C)c(=O)c3cnccc23)cc(OC)c1CN1CCN(CCOCCOCCOCCOCC(=O)N[C@H](C(=O)N2C[C@H](O)C[C@H]2C(=O)NCc2ccc(-c3scnc3C)cc2)C(C)(C)C)CC1
585,COc1cc(-c2cn(C)c(=O)c3cnccc23)cc(OC)c1CN1CCN(CCOCCOCCOCCOCCOCC(=O)N[C@H](C(=O)N2C[C@H](O)C[C@H]2C(=O)NCc2ccc(-c3scnc3C)cc2)C(C)(C)C)CC1
586,COc1cc(-c2cn(C)c(=O)c3cnccc23)cc(OC)c1CN1CCN(CCCCCOCCOCC(=O)N[C@H](C(=O)N2C[C@H](O)C[C@H]2C(=O)NCc2ccc(-c3scnc3C)cc2)C(C)(C)C)CC1
587,COc1cc(-c2cn(C)c(=O)c3cnccc23)cc(OC)c1CN1CCN(CCOCCOCCOCC(=O)N[C@H](C(=O)N2C[C@H](O)C[C@H]2C(=O)NCc2ccc(-c3scnc3C)cc2)C(C)(C)C)CC1
588,COc1cc(-c2cn(C)c(=O)c3cnccc23)cc(OC)c1CN1CCN(C(=O)COCCOCCOCC(=O)N[C@H](C(=O)N2C[C@H](O)C[C@H]2C(=O)NCc2ccc(-c3scnc3C)cc2)C(C)(C)C)CC1
589,COc1cc(-c2cn(C)c(=O)c3cnccc23)cc(OC)c1CN1CCN(CCOCCOCCOc2cc(-c3scnc3C)ccc2CNC(=O)[C@@H]2C[C@@H](O)CN2C(=O)[C@@H](NC(=O)C2(F)CC2)C(C)(C)C)CC1
590,COc1cc(-c2cn(C)c(=O)c3cnccc23)cc(OC)c1CN1CCN(CCOCCOCCOc2cc(-c3scnc3C)ccc2CNC(=O)[C@@H]2C[C@@H](O)CN2C(=O)[C@@H](NC(=O)C2(C#N)CC2)C(C)(C)C)CC1
591,COc1cc(-c2cn(C)c(=O)c3cnccc23)cc(OC)c1CN1CCN(CCOCCOCCOc2cc(-c3scnc3C)ccc2CNC(=O)[C@@H]2C[C@@H](O)CN2C(=O)[C@@H](NC(C)=O)C(C)(C)C)CC1
592,COc1cc(-c2cn(C)c(=O)c3cnccc23)cc(OC)c1CN1CCN(CCOCCOCCOCCOCCOc2cc(-c3scnc3C)ccc2CNC(=O)[C@@H]2C[C@@H](O)CN2C(=O)[C@@H](NC(=O)C2(F)CC2)C(C)(C)C)CC1
593,COc1cc(-c2cn(C)c(=O)c3cnccc23)cc(OC)c1CN1CCN(CCOCCOCCOCCOCCOc2cc(-c3scnc3C)ccc2CNC(=O)[C@@H]2C[C@@H](O)CN2C(=O)[C@@H](NC(=O)C2(C#N)CC2)C(C)(C)C)CC1
594,COc1cc(-c2cn(C)c(=O)c3cnccc23)cc(OC)c1CN1CCN(CCOCCOCCOCCOCCOc2cc(-c3scnc3C)ccc2CNC(=O)[C@@H]2C[C@@H](O)CN2C(=O)[C@@H](NC(C)=O)C(C)(C)C)CC1
595,COc1cc(-c2cn(C)c(=O)c3cnccc23)cc(OC)c1CN1CCN(CCOCCOc2cc(-c3scnc3C)ccc2CNC(=O)[C@@H]2C[C@@H](O)CN2C(=O)[C@@H](NC(=O)C2(F)CC2)C(C)(C)C)CC1
596,COc1cc(-c2cn(C)c(=O)c3cnccc23)c(OC)cc1CN1CCN(CCOCCOc2cc(-c3scnc3C)ccc2CNC(=O)[C@@H]2C[C@@H](O)CN2C(=O)[C@@H](NC(=O)C2(F)CC2)C(C)(C)C)CC1
597,COc1cc(-c2cn(C)c(=O)c3cnccc23)c(OC)cc1CN1CCN(CCOCCOCCOc2cc(-c3scnc3C)ccc2CNC(=O)[C@@H]2C[C@@H](O)CN2C(=O)[C@@H](NC(=O)C2(F)CC2)C(C)(C)C)CC1
598,COc1cc(-c2cn(C)c(=O)c3cnccc23)cc(OC)c1CN1CCN(CCOCCOCCOCCOc2cc(-c3scnc3C)ccc2CNC(=O)[C@@H]2C[C@@H](O)CN2C(=O)[C@@H](NC(=O)C2(F)CC2)C(C)(C)C)CC1
599,COc1cc(-c2cn(C)c(=O)c3cnccc23)c(OC)cc1CN1CCN(CCOCCOCCOCCOc2cc(-c3scnc3C)ccc2CNC(=O)[C@@H]2C[C@@H](O)CN2C(=O)[C@@H](NC(=O)C2(F)CC2)C(C)(C)C)CC1
600,COc1cc(-c2cn(C)c(=O)c3cnccc23)cc(OC)c1CN1CCN(CCCCCOc2cc(-c3scnc3C)ccc2CNC(=O)[C@@H]2C[C@@H](O)CN2C(=O)[C@@H](NC(=O)C2(F)CC2)C(C)(C)C)CC1
601,COc1cc(-c2cn(C)c(=O)c3cnccc23)c(OC)cc1CN1CCN(CCCCCOc2cc(-c3scnc3C)ccc2CNC(=O)[C@@H]2C[C@@H](O)CN2C(=O)[C@@H](NC(=O)C2(F)CC2)C(C)(C)C)CC1
602,COc1cc(-c2cn(C)c(=O)c3cnccc23)cc(OC)c1CN1CCN(CCCCCOCCOc2cc(-c3scnc3C)ccc2CNC(=O)[C@@H]2C[C@@H](O)CN2C(=O)[C@@H](NC(=O)C2(F)CC2)C(C)(C)C)CC1
603,COc1cc(-c2cn(C)c(=O)c3cnccc23)c(OC)cc1CN1CCN(CCCCCOCCOc2cc(-c3scnc3C)ccc2CNC(=O)[C@@H]2C[C@@H](O)CN2C(=O)[C@@H](NC(=O)C2(F)CC2)C(C)(C)C)CC1
604,COc1cc(-c2cn(C)c(=O)c3cnccc23)cc(OC)c1CN1CC(NC(=O)COCCOc2cc(-c3scnc3C)ccc2CNC(=O)[C@@H]2C[C@@H](O)CN2C(=O)[C@@H](NC(=O)C2(F)CC2)C(C)(C)C)C1
605,COc1cc(-c2cn(C)c(=O)c3cnccc23)c(OC)cc1CN1CC(NC(=O)COCCOc2cc(-c3scnc3C)ccc2CNC(=O)[C@@H]2C[C@@H](O)CN2C(=O)[C@@H](NC(=O)C2(F)CC2)C(C)(C)C)C1
606,COc1cc(-c2cn(C)c(=O)c3cnccc23)cc(OC)c1CN1CC(NC(=O)COCCOCCOc2cc(-c3scnc3C)ccc2CNC(=O)[C@@H]2C[C@@H](O)CN2C(=O)[C@@H](NC(=O)C2(F)CC2)C(C)(C)C)C1
607,COc1cc(-c2cn(C)c(=O)c3cnccc23)c(OC)cc1CN1CC(NC(=O)COCCOCCOc2cc(-c3scnc3C)ccc2CNC(=O)[C@@H]2C[C@@H](O)CN2C(=O)[C@@H](NC(=O)C2(F)CC2)C(C)(C)C)C1
608,COc1cc(-c2cn(C)c(=O)c3cnccc23)cc(OC)c1CN1CC(NC(=O)COCCOCCOCCOc2cc(-c3scnc3C)ccc2CNC(=O)[C@@H]2C[C@@H](O)CN2C(=O)[C@@H](NC(=O)C2(F)CC2)C(C)(C)C)C1
609,COc1cc(-c2cn(C)c(=O)c3cnccc23)c(OC)cc1CN1CC(NC(=O)COCCOCCOCCOc2cc(-c3scnc3C)ccc2CNC(=O)[C@@H]2C[C@@H](O)CN2C(=O)[C@@H](NC(=O)C2(F)CC2)C(C)(C)C)C1
610,COc1cc(-c2cn(C)c(=O)c3cnccc23)cc(OC)c1CN1CC(NC(=O)CCCCOc2cc(-c3scnc3C)ccc2CNC(=O)[C@@H]2C[C@@H](O)CN2C(=O)[C@@H](NC(=O)C2(F)CC2)C(C)(C)C)C1
611,COc1cc(-c2cn(C)c(=O)c3cnccc23)c(OC)cc1CN1CC(NC(=O)CCCCOc2cc(-c3scnc3C)ccc2CNC(=O)[C@@H]2C[C@@H](O)CN2C(=O)[C@@H](NC(=O)C2(F)CC2)C(C)(C)C)C1
612,COc1cc(-c2cn(C)c(=O)c3cnccc23)cc(OC)c1CN1CC(NC(=O)CCCCOCCOc2cc(-c3scnc3C)ccc2CNC(=O)[C@@H]2C[C@@H](O)CN2C(=O)[C@@H](NC(=O)C2(F)CC2)C(C)(C)C)C1
613,COc1cc(-c2cn(C)c(=O)c3cnccc23)c(OC)cc1CN1CC(NC(=O)CCCCOCCOc2cc(-c3scnc3C)ccc2CNC(=O)[C@@H]2C[C@@H](O)CN2C(=O)[C@@H](NC(=O)C2(F)CC2)C(C)(C)C)C1
614,O=C1CCC(N2C(=O)c3cccc(NCCOCCOCCNc4cccc5c4C(=O)N(C4CCC(=O)NC4=O)C5=O)c3C2=O)C(=O)N1
615,O=C1CCC(N2C(=O)c3cccc(NCCCOCCOCCCNc4cccc5c4C(=O)N(C4CCC(=O)NC4=O)C5=O)c3C2=O)C(=O)N1
616,O=C1CCC(N2C(=O)c3cccc(NCCCOCCCCOCCCNc4cccc5c4C(=O)N(C4CCC(=O)NC4=O)C5=O)c3C2=O)C(=O)N1
617,O=C1CCC(N2C(=O)c3cccc(NCCCOCCOCCOCCCNc4cccc5c4C(=O)N(C4CCC(=O)NC4=O)C5=O)c3C2=O)C(=O)N1
618,O=C1CCC(N2C(=O)c3cccc(NCCOCCNc4cccc5c4C(=O)N(C4CCC(=O)NC4=O)C5=O)c3C2=O)C(=O)N1
619,O=C1CCC(N2C(=O)c3cccc(OCCOCCOCCOc4cccc5c4C(=O)N(C4CCC(=O)NC4=O)C5=O)c3C2=O)C(=O)N1
620,O=C1CCC(N2C(=O)c3ccc(C(=O)NCCOCCOCCNC(=O)c4ccc5c(c4)C(=O)N(C4CCC(=O)NC4=O)C5=O)cc3C2=O)C(=O)N1
621,NC(=O)CC[C@H](NC(=O)[C@@H]1CC[C@@H]2CCN(C(=O)CCCC#Cc3cccc4c3CN(C3CCC(=O)NC3=O)C4=O)C[C@H](NC(=O)c3cc4cc(C(F)(F)P(=O)(O)O)ccc4[nH]3)C(=O)N21)C(=O)NC(c1ccccc1)c1ccccc1
622,NC(=O)CC[C@H](NC(=O)[C@@H]1CC[C@@H]2CCN(C(=O)CCCCC#Cc3cccc4c3CN(C3CCC(=O)NC3=O)C4=O)C[C@H](NC(=O)c3cc4cc(C(F)(F)P(=O)(O)O)ccc4[nH]3)C(=O)N21)C(=O)NC(c1ccccc1)c1ccccc1
623,NC(=O)CC[C@H](NC(=O)[C@@H]1CC[C@@H]2CCN(C(=O)CCCCCC#Cc3cccc4c3CN(C3CCC(=O)NC3=O)C4=O)C[C@H](NC(=O)c3cc4cc(C(F)(F)P(=O)(O)O)ccc4[nH]3)C(=O)N21)C(=O)NC(c1ccccc1)c1ccccc1
624,NC(=O)CC[C@H](NC(=O)[C@@H]1CC[C@@H]2CCN(C(=O)CCCCCCC#Cc3cccc4c3CN(C3CCC(=O)NC3=O)C4=O)C[C@H](NC(=O)c3cc4cc(C(F)(F)P(=O)(O)O)ccc4[nH]3)C(=O)N21)C(=O)NC(c1ccccc1)c1ccccc1
625,NC(=O)CC[C@H](NC(=O)[C@@H]1CC[C@@H]2CCN(C(=O)CCCCCCCCC#Cc3cccc4c3CN(C3CCC(=O)NC3=O)C4=O)C[C@H](NC(=O)c3cc4cc(C(F)(F)P(=O)(O)O)ccc4[nH]3)C(=O)N21)C(=O)NC(c1ccccc1)c1ccccc1
626,NC(=O)CC[C@H](NC(=O)[C@@H]1CC[C@@H]2CCN(CCCCCCC#Cc3cccc4c3CN(C3CCC(=O)NC3=O)C4=O)C[C@H](NC(=O)c3cc4cc(C(F)(F)P(=O)(O)O)ccc4[nH]3)C(=O)N21)C(=O)NC(c1ccccc1)c1ccccc1
627,NC(=O)CC[C@H](NC(=O)[C@@H]1CC[C@@H]2CCN(C(=O)OCCCCC#Cc3cccc4c3CN(C3CCC(=O)NC3=O)C4=O)C[C@H](NC(=O)c3cc4cc(C(F)(F)P(=O)(O)O)ccc4[nH]3)C(=O)N21)C(=O)NC(c1ccccc1)c1ccccc1
628,NC(=O)CC[C@H](NC(=O)[C@@H]1CC[C@@H]2CCN(C(=O)NCCCCC#Cc3cccc4c3CN(C3CCC(=O)NC3=O)C4=O)C[C@H](NC(=O)c3cc4cc(C(F)(F)P(=O)(O)O)ccc4[nH]3)C(=O)N21)C(=O)NC(c1ccccc1)c1ccccc1
629,NC(=O)CC[C@H](NC(=O)[C@@H]1CC[C@@H]2CCN(C(=O)c3cnn(CCCC#Cc4cccc5c4CN(C4CCC(=O)NC4=O)C5=O)c3)C[C@H](NC(=O)c3cc4cc(C(F)(F)P(=O)(O)O)ccc4[nH]3)C(=O)N21)C(=O)NC(c1ccccc1)c1ccccc1
630,NC(=O)CC[C@H](NC(=O)[C@@H]1CC[C@@H]2CCN(C(=O)CCCn3cc(C#Cc4cccc5c4CN(C4CCC(=O)NC4=O)C5=O)cn3)C[C@H](NC(=O)c3cc4cc(C(F)(F)P(=O)(O)O)ccc4[nH]3)C(=O)N21)C(=O)NC(c1ccccc1)c1ccccc1
631,NC(=O)CC[C@H](NC(=O)[C@@H]1CC[C@@H]2CCN(C(=O)N3CCC(CCC#Cc4cccc5c4CN(C4CCC(=O)NC4=O)C5=O)CC3)C[C@H](NC(=O)c3cc4cc(C(F)(F)P(=O)(O)O)ccc4[nH]3)C(=O)N21)C(=O)NC(c1ccccc1)c1ccccc1
632,NC(=O)CC[C@H](NC(=O)[C@@H]1CC[C@@H]2CCN(C(=O)CCN3CCC(C#Cc4cccc5c4CN(C4CCC(=O)NC4=O)C5=O)CC3)C[C@H](NC(=O)c3cc4cc(C(F)(F)P(=O)(O)O)ccc4[nH]3)C(=O)N21)C(=O)NC(c1ccccc1)c1ccccc1
633,NC(=O)CC[C@H](NC(=O)[C@@H]1CC[C@@H]2CCN(C(=O)CC(=O)N3CCC(C#Cc4cccc5c4CN(C4CCC(=O)NC4=O)C5=O)CC3)C[C@H](NC(=O)c3cc4cc(C(F)(F)P(=O)(O)O)ccc4[nH]3)C(=O)N21)C(=O)NC(c1ccccc1)c1ccccc1
634,NC(=O)CC[C@H](NC(=O)[C@@H]1CC[C@@H]2CCN(C(=O)CCCCCCCc3cccc4c3CN(C3CCC(=O)NC3=O)C4=O)C[C@H](NC(=O)c3cc4cc(C(F)(F)P(=O)(O)O)ccc4[nH]3)C(=O)N21)C(=O)NC(c1ccccc1)c1ccccc1
635,NC(=O)CC[C@H](NC(=O)[C@@H]1CC[C@@H]2CCN(C(=O)CCCCCCNc3cccc4c3CN(C3CCC(=O)NC3=O)C4=O)C[C@H](NC(=O)c3cc4cc(C(F)(F)P(=O)(O)O)ccc4[nH]3)C(=O)N21)C(=O)NC(c1ccccc1)c1ccccc1
636,NC(=O)CC[C@H](NC(=O)[C@@H]1CC[C@@H]2CCN(C(=O)CCCCCC#Cc3cccc4c3C(=O)N(C3CCC(=O)NC3=O)C4=O)C[C@H](NC(=O)c3cc4cc(C(F)(F)P(=O)(O)O)ccc4[nH]3)C(=O)N21)C(=O)NC(c1ccccc1)c1ccccc1
637,NC(=O)CC[C@H](NC(=O)[C@@H]1CC[C@@H]2CCN(C(=O)CCCCCC#Cc3ccc4c(c3)CN(C3CCC(=O)NC3=O)C4=O)C[C@H](NC(=O)c3cc4cc(C(F)(F)P(=O)(O)O)ccc4[nH]3)C(=O)N21)C(=O)NC(c1ccccc1)c1ccccc1
638,NC(=O)CC[C@H](NC(=O)[C@@H]1CC[C@@H]2CCN(C(=O)CCCCCC#Cc3ccc4c(c3)C(=O)N(C3CCC(=O)NC3=O)C4)C[C@H](NC(=O)c3cc4cc(C(F)(F)P(=O)(O)O)ccc4[nH]3)C(=O)N21)C(=O)NC(c1ccccc1)c1ccccc1
639,NC(=O)CC[C@H](NC(=O)[C@@H]1CC[C@@H]2CCN(C(=O)CCCCCC#Cc3cccc4c3CN(C3CCC(=O)NC3=O)C4=O)C[C@H](NC(=O)c3cc4cc(C(F)(F)P(=O)(O)O)ccc4[nH]3)C(=O)N21)C(=O)NCc1ccccc1
640,CNC(=O)[C@H](CCC(N)=O)NC(=O)[C@@H]1CC[C@@H]2CCN(C(=O)CCCCCC#Cc3cccc4c3CN(C3CCC(=O)NC3=O)C4=O)C[C@H](NC(=O)c3cc4cc(C(F)(F)P(=O)(O)O)ccc4[nH]3)C(=O)N21
641,NC(=O)CC[C@H](NC(=O)[C@@H]1CC[C@@H]2CCN(C(=O)CCCCCC#Cc3cccc4c3CN(C3CCC(=O)NC3=O)C4=O)C[C@H](NC(=O)c3cc4cc(OP(=O)(O)O)ccc4[nH]3)C(=O)N21)C(=O)NC(c1ccccc1)c1ccccc1
642,NC(=O)CC[C@H](NC(=O)[C@@H]1CC[C@@H]2CCN(C(=O)CCCCCC#Cc3cccc4c3CN(C3CCC(=O)NC3=O)C4=O)C[C@H](NC(=O)c3cc4cc(CP(=O)(O)O)ccc4[nH]3)C(=O)N21)C(=O)NC(c1ccccc1)c1ccccc1
643,C/C(=C\C(=O)N[C@H]1CN(C(=O)CCCCCC#Cc2cccc3c2CN(C2CCC(=O)NC2=O)C3=O)CC[C@H]2CC[C@@H](C(=O)N[C@@H](CCC(N)=O)C(=O)NC(c3ccccc3)c3ccccc3)N2C1=O)c1ccc(C(F)(F)P(=O)(O)O)cc1
644,O=C1CCC(N2C(=O)c3cccc(NCCCCNC(=O)c4ccc(NC(=O)[C@@H]5NC6(CCCCC6)[C@@]6(C(=O)Nc7cc(Cl)ccc76)[C@H]5c5cccc(Cl)c5F)cc4)c3C2=O)C(=O)N1
645,O=C1CCC(N2C(=O)c3cccc(NCCOCCOCCNC(=O)c4ccc(NC(=O)[C@@H]5NC6(CCCCC6)[C@@]6(C(=O)Nc7cc(Cl)ccc76)[C@H]5c5cccc(Cl)c5F)cc4)c3C2=O)C(=O)N1
646,O=C1CCC(N2Cc3c(NC(=O)c4ccc(NC(=O)[C@@H]5NC6(CCCCC6)[C@@]6(C(=O)Nc7cc(Cl)ccc76)[C@H]5c5cccc(Cl)c5F)cc4)cccc3C2=O)C(=O)N1
647,O=C1CCC(N2C(=O)c3cccc(NCCNC(=O)c4ccc(NC(=O)[C@@H]5NC6(CCCCC6)[C@@]6(C(=O)Nc7cc(Cl)ccc76)[C@H]5c5cccc(Cl)c5F)cc4)c3C2=O)C(=O)N1
648,O=C1CCC(N2C(=O)c3cccc(NCCCNC(=O)c4ccc(NC(=O)[C@@H]5NC6(CCCCC6)[C@@]6(C(=O)Nc7cc(Cl)ccc76)[C@H]5c5cccc(Cl)c5F)cc4)c3C2=O)C(=O)N1
649,O=C1CCC(N2C(=O)c3cccc(NCCCCCNC(=O)c4ccc(NC(=O)[C@@H]5NC6(CCCCC6)[C@@]6(C(=O)Nc7cc(Cl)ccc76)[C@H]5c5cccc(Cl)c5F)cc4)c3C2=O)C(=O)N1
650,O=C1CCC(N2C(=O)c3cccc(NCCCCCCNC(=O)c4ccc(NC(=O)[C@@H]5NC6(CCCCC6)[C@@]6(C(=O)Nc7cc(Cl)ccc76)[C@H]5c5cccc(Cl)c5F)cc4)c3C2=O)C(=O)N1
651,O=C1CCC(N2C(=O)c3cccc(NCCCCCCCNC(=O)c4ccc(NC(=O)[C@@H]5NC6(CCCCC6)[C@@]6(C(=O)Nc7cc(Cl)ccc76)[C@H]5c5cccc(Cl)c5F)cc4)c3C2=O)C(=O)N1
652,O=C1CCC(N2C(=O)c3cccc(NCCOCCNC(=O)c4ccc(NC(=O)[C@@H]5NC6(CCCCC6)[C@@]6(C(=O)Nc7cc(Cl)ccc76)[C@H]5c5cccc(Cl)c5F)cc4)c3C2=O)C(=O)N1
653,O=C1CCC(N2C(=O)c3cccc(NCCOCCOCCOCCNC(=O)c4ccc(NC(=O)[C@@H]5NC6(CCCCC6)[C@@]6(C(=O)Nc7cc(Cl)ccc76)[C@H]5c5cccc(Cl)c5F)cc4)c3C2=O)C(=O)N1
654,O=C1CCC(N2Cc3c(CCCCCNC(=O)c4ccc(NC(=O)[C@@H]5NC6(CCCCC6)[C@@]6(C(=O)Nc7cc(Cl)ccc76)[C@H]5c5cccc(Cl)c5F)cc4)cccc3C2=O)C(=O)N1
655,O=C1CCC(N2Cc3c(C#CCCCNC(=O)c4ccc(NC(=O)[C@@H]5NC6(CCCCC6)[C@@]6(C(=O)Nc7cc(Cl)ccc76)[C@H]5c5cccc(Cl)c5F)cc4)cccc3C2=O)C(=O)N1
656,O=C1CCC(N2Cc3cc(C#CCCCNC(=O)c4ccc(NC(=O)[C@@H]5NC6(CCCCC6)[C@@]6(C(=O)Nc7cc(Cl)ccc76)[C@H]5c5cccc(Cl)c5F)cc4)ccc3C2=O)C(=O)N1
657,O=C1CCC(N2Cc3ccc(C#CCCCNC(=O)c4ccc(NC(=O)[C@@H]5NC6(CCCCC6)[C@@]6(C(=O)Nc7cc(Cl)ccc76)[C@H]5c5cccc(Cl)c5F)cc4)cc3C2=O)C(=O)N1
658,Cc1ncsc1-c1ccc(CNC(=O)[C@@H]2C[C@@H](O)CN2C(=O)[C@@H](NC(=O)CCOCCOCCOCCNC(=O)c2ccc(NC(=O)[C@@H]3NC4(CCCCC4)[C@@]4(C(=O)Nc5cc(Cl)ccc54)[C@H]3c3cccc(Cl)c3F)cc2)C(C)(C)C)cc1
659,Cc1ncsc1-c1ccc(CNC(=O)[C@@H]2C[C@@H](O)CN2C(=O)[C@@H](NC(=O)CCNC(=O)c2ccc(N3C(=S)N(c4ccc(C#N)c(C(F)(F)F)c4)C(=O)C3(C)C)cc2F)C(C)(C)C)cc1
660,Cc1ncsc1-c1ccc(CNC(=O)[C@@H]2C[C@@H](O)CN2C(=O)[C@@H](NC(=O)CCCNC(=O)c2ccc(N3C(=S)N(c4ccc(C#N)c(C(F)(F)F)c4)C(=O)C3(C)C)cc2F)C(C)(C)C)cc1
661,Cc1ncsc1-c1ccc(CNC(=O)[C@@H]2C[C@@H](O)CN2C(=O)[C@@H](NC(=O)CCCCNC(=O)c2ccc(N3C(=S)N(c4ccc(C#N)c(C(F)(F)F)c4)C(=O)C3(C)C)cc2F)C(C)(C)C)cc1
662,Cc1ncsc1-c1ccc(CNC(=O)[C@@H]2C[C@@H](O)CN2C(=O)[C@@H](NC(=O)CCCCCNC(=O)c2ccc(N3C(=S)N(c4ccc(C#N)c(C(F)(F)F)c4)C(=O)C3(C)C)cc2F)C(C)(C)C)cc1
663,Cc1ncsc1-c1ccc(CNC(=O)[C@@H]2C[C@@H](O)CN2C(=O)[C@@H](NC(=O)CCCCCCNC(=O)c2ccc(N3C(=S)N(c4ccc(C#N)c(C(F)(F)F)c4)C(=O)C3(C)C)cc2F)C(C)(C)C)cc1
664,Cc1ncsc1-c1ccc(CNC(=O)[C@@H]2C[C@@H](O)CN2C(=O)[C@@H](NC(=O)CCCCCCCNC(=O)c2ccc(N3C(=S)N(c4ccc(C#N)c(C(F)(F)F)c4)C(=O)C3(C)C)cc2F)C(C)(C)C)cc1
665,Cc1ncsc1-c1ccc(CNC(=O)[C@@H]2C[C@@H](O)CN2C(=O)[C@@H](NC(=O)CCCCCCCCNC(=O)c2ccc(N3C(=S)N(c4ccc(C#N)c(C(F)(F)F)c4)C(=O)C3(C)C)cc2F)C(C)(C)C)cc1
666,Cc1ncsc1-c1ccc(CNC(=O)[C@@H]2C[C@@H](O)CN2C(=O)[C@@H](NC(=O)CCCCCCCCCNC(=O)c2ccc(N3C(=S)N(c4ccc(C#N)c(C(F)(F)F)c4)C(=O)C3(C)C)cc2F)C(C)(C)C)cc1
667,Cc1ncsc1-c1ccc(CNC(=O)[C@@H]2C[C@@H](O)CN2C(=O)[C@@H](NC(=O)CCCCCCCCCCNC(=O)c2ccc(N3C(=S)N(c4ccc(C#N)c(C(F)(F)F)c4)C(=O)C3(C)C)cc2F)C(C)(C)C)cc1
668,Cc1ncsc1-c1ccc(CNC(=O)[C@@H]2C[C@@H](O)CN2C(=O)[C@@H](NC(=O)CCCCCCCCCCCNC(=O)c2ccc(N3C(=S)N(c4ccc(C#N)c(C(F)(F)F)c4)C(=O)C3(C)C)cc2F)C(C)(C)C)cc1
669,Cc1ncsc1-c1ccc(CNC(=O)[C@@H]2C[C@@H](O)CN2C(=O)[C@@H](NC(=O)CCOCCOCCNC(=O)c2ccc(N3C(=S)N(c4ccc(C#N)c(C(F)(F)F)c4)C(=O)C3(C)C)cc2F)C(C)(C)C)cc1
670,Cc1ncsc1-c1ccc(CNC(=O)[C@@H]2C[C@@H](O)CN2C(=O)[C@@H](NC(=O)CCCCCCc2ccc(C#Cc3ccc(N4C(=S)N(c5ccc(C#N)c(C(F)(F)F)c5)C(=O)C4(C)C)cc3)cn2)C(C)(C)C)cc1
671,Cc1ncsc1-c1ccc(CNC(=O)[C@@H]2C[C@@H](O)CN2C(=O)[C@@H](NC(=O)CCCN2CCN(c3ccc(C#Cc4ccc(N5C(=S)N(c6ccc(C#N)c(C(F)(F)F)c6)C(=O)C5(C)C)cc4)cn3)CC2)C(C)(C)C)cc1
672,Cc1ncsc1-c1ccc([C@H](C)NC(=O)[C@@H]2C[C@@H](O)CN2C(=O)[C@@H](NC(=O)CCCN2CCN(c3ccc(C#Cc4ccc(N5C(=S)N(c6ccc(C#N)c(C(F)(F)F)c6)C(=O)C5(C)C)cc4)cn3)CC2)C(C)(C)C)cc1
673,Cc1ncsc1-c1ccc([C@H](C)NC(=O)[C@@H]2C[C@@H](O)CN2C(=O)[C@@H](NC(=O)CCCCN2CCN(c3ccc(C#Cc4ccc(N5C(=S)N(c6ccc(C#N)c(C(F)(F)F)c6)C(=O)C5(C)C)cc4)cn3)CC2)C(C)(C)C)cc1
674,Cc1ncsc1-c1ccc([C@H](C)NC(=O)[C@@H]2C[C@@H](O)CN2C(=O)[C@@H](NC(=O)CCN2CCN(c3ccc(C#Cc4ccc(N5C(=S)N(c6ccc(C#N)c(C(F)(F)F)c6)C(=O)C5(C)C)cc4)cn3)CC2)C(C)(C)C)cc1
675,Cc1ncsc1-c1ccc([C@H](C)NC(=O)[C@@H]2C[C@@H](O)CN2C(=O)[C@@H](NC(=O)CN2CCN(c3ccc(C#Cc4ccc(N5C(=S)N(c6ccc(C#N)c(C(F)(F)F)c6)C(=O)C5(C)C)cc4)cn3)CC2)C(C)(C)C)cc1
676,Cc1ncsc1-c1ccc([C@H](C)NC(=O)[C@@H]2C[C@@H](O)CN2C(=O)[C@@H](NC(=O)N2CCN(c3ccc(C#Cc4ccc(N5C(=S)N(c6ccc(C#N)c(C(F)(F)F)c6)C(=O)C5(C)C)cc4)cn3)CC2)C(C)(C)C)cc1
677,Cc1cc([C@H](C(=O)N2C[C@H](O)C[C@H]2C(=O)N[C@@H](CC(=O)NCCCCCCCCCNC(=O)c2ccc(N3C(=S)N(c4ccc(C#N)c(C(F)(F)F)c4)C(=O)C3(C)C)cc2F)c2ccc(-c3scnc3C)cc2)C(C)C)on1
678,Cc1cc([C@H](C(=O)N2C[C@H](O)C[C@H]2C(=O)N[C@@H](CC(=O)NCCCN2CCN(c3ccc(C#Cc4ccc(N5C(=S)N(c6ccc(C#N)c(C(F)(F)F)c6)C(=O)C5(C)C)cc4)cn3)CC2)c2ccc(-c3scnc3C)cc2)C(C)C)on1
679,Cc1cc([C@H](C(=O)N2C[C@H](O)C[C@H]2C(=O)N[C@@H](CC(=O)N2CCN(c3ccc(C#Cc4ccc(N5C(=S)N(c6ccc(C#N)c(C(F)(F)F)c6)C(=O)C5(C)C)cc4)cn3)CC2)c2ccc(-c3scnc3C)cc2)C(C)C)on1
680,Cc1cc([C@H](C(=O)N2C[C@H](O)C[C@H]2C(=O)N[C@@H](CC(=O)N2CCC(N3CCC(C#Cc4ccc(N5C(=S)N(c6ccc(C#N)c(C(F)(F)F)c6)C(=O)C5(C)C)cc4)CC3)CC2)c2ccc(-c3scnc3C)cc2)C(C)C)on1
681,Cc1cc([C@H](C(=O)N2C[C@H](O)C[C@H]2C(=O)N[C@@H](CC(=O)N2CCC(N3CCC(C#Cc4ccc(N5C(=S)N(c6cnc(C#N)c(C(F)(F)F)c6)C(=O)C56CCC6)cc4)CC3)CC2)c2ccc(-c3scnc3C)cc2)C(C)C)on1
682,Cc1cc([C@H](C(=O)N2C[C@H](O)C[C@H]2C(=O)N[C@@H](CC(=O)N2CCC(N3CCC(C#Cc4ccc(S(=O)CC(C)(O)C(=O)Nc5ccc(C#N)c(C(F)(F)F)c5)cc4)CC3)CC2)c2ccc(-c3scnc3C)cc2)C(C)C)on1
683,Cc1cc([C@H](C(=O)N2C[C@H](O)C[C@H]2C(=O)N[C@@H](CC(=O)N2CCC(N3CCC(C#Cc4ccc(C(=O)N[C@H]5C(C)(C)[C@H](Oc6ccc(C#N)c(Cl)c6)C5(C)C)cc4)CC3)CC2)c2ccc(-c3scnc3C)cc2)C(C)C)on1
684,Cc1cc([C@H](C(=O)N2C[C@H](O)C[C@H]2C(=O)N[C@@H](CC(=O)N2CCC(N3CCC(C#Cc4ccc(Cc5c(C)nn(-c6ccc(C#N)c(Cl)c6)c5C)cc4)CC3)CC2)c2ccc(-c3scnc3C)cc2)C(C)C)on1
685,Cc1ncsc1-c1ccc([C@H](CC(=O)N2CCC(N3CCC(C#Cc4ccc(C(=O)N[C@H]5C(C)(C)[C@H](Oc6ccc(C#N)c(Cl)c6)C5(C)C)cc4)CC3)CC2)NC(=O)[C@@H]2C[C@@H](O)CN2C(=O)[C@@H](NC(=O)C2(F)CC2)C(C)(C)C)cc1
686,Cc1ncsc1-c1ccc([C@H](CC(=O)N2CCC(N3CCC(C#Cc4ccc(C(=O)N[C@H]5C(C)(C)[C@H](Oc6ccc(C#N)c(Cl)c6)C5(C)C)cc4)CC3)CC2)NC(=O)[C@@H]2C[C@@H](O)CN2C(=O)[C@@H](NC(=O)C2(C#N)CC2)C(C)(C)C)cc1
687,CC(=O)N[C@H](C(=O)N1C[C@H](O)C[C@H]1C(=O)N[C@@H](CC(=O)N1CCC(N2CCC(C#Cc3ccc(C(=O)N[C@H]4C(C)(C)[C@H](Oc5ccc(C#N)c(Cl)c5)C4(C)C)cc3)CC2)CC1)c1ccc(-c2scnc2C)cc1)C(C)(C)C
688,Cc1cc([C@H](C(=O)N2C[C@H](O)C[C@H]2C(=O)N[C@@H](CC(=O)NCCCCCCCCCNC(=O)c2ccc(C(=O)N[C@H]3C(C)(C)[C@H](Oc4ccc(C#N)c(Cl)c4)C3(C)C)cc2)c2ccc(-c3scnc3C)cc2)C(C)C)on1
689,CC1(C)[C@H](NC(=O)c2ccc(C(=O)NCCCCCCCCCCc3cccc4c3C(=O)N(C3CCC(=O)NC3=O)C4=O)cc2)C(C)(C)[C@H]1Oc1ccc(C#N)c(Cl)c1
690,CC1(C)[C@H](NC(=O)c2ccc(C#CC3CCN(C4CCN(c5cccc6c5C(=O)N(C5CCC(=O)NC5=O)C6=O)CC4)CC3)cc2)C(C)(C)[C@H]1Oc1ccc(C#N)c(Cl)c1
691,C=CC(=O)N1CCN(c2nc(NCCC(=O)NCCOCCOCCNc3cccc4c3C(=O)N(C3CCC(=O)NC3=O)C4=O)nc3c(F)c(-c4cc(O)cc5ccccc45)c(Cl)cc23)CC1
692,C=CC(=O)N1CCN(c2nc(NCCC(=O)NCCOCCOCCOCCOCCNc3cccc4c3C(=O)N(C3CCC(=O)NC3=O)C4=O)nc3c(F)c(-c4cc(O)cc5ccccc45)c(Cl)cc23)CC1
693,C=CC(=O)N1CCN(c2nc(NCCCc3cn(CCOCCOCCOCCC(=O)Nc4cccc5c4CN(C4CCC(=O)NC4=O)C5=O)nn3)nc3c(F)c(-c4cc(O)cc5ccccc45)c(Cl)cc23)CC1
694,C=CC(=O)N1CCN(c2nc(NCCOCCOCCOCCc3cn(CCOCCOCCOCCC(=O)Nc4cccc5c4CN(C4CCC(=O)NC4=O)C5=O)nn3)nc3c(F)c(-c4cc(O)cc5ccccc45)c(Cl)cc23)CC1
695,C=CC(=O)N1CCN(c2nc(NCCOCCOCCOCCOc3cccc4c3C(=O)N(C3CCC(=O)NC3=O)C4=O)nc3c(F)c(-c4cc(O)cc5ccccc45)c(Cl)cc23)CC1
696,C=CC(=O)N1CCN(c2nc(NCCOCCOCCOCCOCCOc3cccc4c3C(=O)N(C3CCC(=O)NC3=O)C4=O)nc3c(F)c(-c4cc(O)cc5ccccc45)c(Cl)cc23)CC1
697,C=CC(=O)N1CCN(c2nc(NCCOCCOCCOCCOCCOCCOc3cccc4c3C(=O)N(C3CCC(=O)NC3=O)C4=O)nc3c(F)c(-c4cc(O)cc5ccccc45)c(Cl)cc23)CC1
698,C=CC(=O)N1CCN(c2nc(NCCOCCOCCOCCNc3cccc4c3C(=O)N(C3CCC(=O)NC3=O)C4=O)nc3c(F)c(-c4cc(O)cc5ccccc45)c(Cl)cc23)CC1
699,C=CC(=O)N1CCN(c2nc(NCCCCCCCCCCCCNc3cccc4c3C(=O)N(C3CCC(=O)NC3=O)C4=O)nc3c(F)c(-c4cc(O)cc5ccccc45)c(Cl)cc23)CC1
700,C=CC(=O)N1CCN(c2nc(NCCCN(C)CCCNc3cccc4c3C(=O)N(C3CCC(=O)NC3=O)C4=O)nc3c(F)c(-c4cc(O)cc5ccccc45)c(Cl)cc23)CC1
701,C=CC(=O)N1CCN(c2nc(NCCN3CCN(CCNc4cccc5c4C(=O)N(C4CCC(=O)NC4=O)C5=O)CC3)nc3c(F)c(-c4cc(O)cc5ccccc45)c(Cl)cc23)CC1
702,C=CC(=O)N1CCN(c2nc(NCCCN3CCN(CCCNc4cccc5c4C(=O)N(C4CCC(=O)NC4=O)C5=O)CC3)nc3c(F)c(-c4cc(O)cc5ccccc45)c(Cl)cc23)CC1
703,C=CC(=O)N1CCN(c2nc(NCCCCN3CCN(CCCCNc4cccc5c4C(=O)N(C4CCC(=O)NC4=O)C5=O)CC3)nc3c(F)c(-c4cc(O)cc5ccccc45)c(Cl)cc23)CC1
704,C=CC(=O)N1CCN(c2nc(NCCOCCCN3CCN(CCOCCNc4cccc5c4C(=O)N(C4CCC(=O)NC4=O)C5=O)CC3)nc3c(F)c(-c4cc(O)cc5ccccc45)c(Cl)cc23)CC1
705,C=CC(=O)N1CCN(c2nc(NCCOCCOCCNc3ccc4c(c3)C(=O)N(C3CCC(=O)NC3=O)C4=O)nc3c(F)c(-c4cc(O)cc5ccccc45)c(Cl)cc23)CC1
706,C=CC(=O)N1CCN(c2nc(NCCCN3CCN(CCCNc4ccc5c(c4)C(=O)N(C4CCC(=O)NC4=O)C5=O)CC3)nc3c(F)c(-c4cc(O)cc5ccccc45)c(Cl)cc23)CC1
707,Cc1ncsc1-c1ccc(CNC(=O)[C@@H]2C[C@@H](O)CN2C(=O)[C@@H](NC(=O)CCCCCCCCNc2cccc3c2C(=O)N(C2CCC(=O)NC2=O)C3=O)C(C)(C)C)cc1
708,Cc1ncsc1-c1ccc(CNC(=O)[C@@H]2C[C@@H](O)CN2C(=O)[C@@H](NC(=O)CCCCCCCCCCNc2cccc3c2C(=O)N(C2CCC(=O)NC2=O)C3=O)C(C)(C)C)cc1
709,Cc1ncsc1-c1ccc(CNC(=O)[C@@H]2C[C@@H](O)CN2C(=O)[C@@H](NC(=O)CCCCCCNc2cccc3c2C(=O)N(C2CCC(=O)NC2=O)C3=O)C(C)(C)C)cc1
710,Cc1ncsc1-c1ccc(CNC(=O)[C@@H]2C[C@@H](O)CN2C(=O)[C@@H](NC(=O)CCCCCCCCCCNC(=O)CNc2cccc3c2C(=O)N(C2CCC(=O)NC2=O)C3=O)C(C)(C)C)cc1
711,Cc1ncsc1-c1ccc(CNC(=O)[C@@H]2C[C@@H](O)CN2C(=O)[C@@H](NC(=O)CCCCCCCCCCNC(=O)COc2cccc3c2C(=O)N(C2CCC(=O)NC2=O)C3=O)C(C)(C)C)cc1
712,Cc1ncsc1-c1ccc(CNC(=O)[C@@H]2C[C@@H](O)CN2C(=O)[C@@H](NC(=O)CCCCCC(=O)Nc2cccc3c2C(=O)N(C2CCC(=O)NC2=O)C3=O)C(C)(C)C)cc1
713,CC(=O)c1c(C)c2cnc(Nc3ccc(N4CCN(CCCCCCCC(=O)N[C@H](C(=O)N5C[C@H](O)C[C@H]5C(=O)N[C@@H](C)c5ccc(-c6scnc6C)cc5)C(C)(C)C)CC4)cn3)nc2n(C2CCCC2)c1=O
714,CC(=O)c1c(C)c2cnc(Nc3ccc(N4CCN(CCOCCOCCOCC(=O)N[C@H](C(=O)N5C[C@H](O)C[C@H]5C(=O)N[C@@H](C)c5ccc(-c6scnc6C)cc5)C(C)(C)C)CC4)cn3)nc2n(C2CCCC2)c1=O
715,CC(=O)c1c(C)c2cnc(Nc3ccc(N4CCN(CC(=O)NCCOCCOCCOCCC(=O)N[C@H](C(=O)N5C[C@H](O)C[C@H]5C(=O)N[C@@H](C)c5ccc(-c6scnc6C)cc5)C(C)(C)C)CC4)cn3)nc2n(C2CCCC2)c1=O
716,CN[C@@H](C)C(=O)N[C@H](C(=O)N1C[C@@H](NC(=O)COCCOCCOCCN2CCN(c3ccc(Nc4ncc5c(C)c(C(C)=O)c(=O)n(C6CCCC6)c5n4)nc3)CC2)C[C@H]1C(=O)Nc1c(F)cccc1F)C(C)(C)C
717,CN[C@@H](C)C(=O)N[C@H](C(=O)N1C[C@@H](NC(=O)CCOCCOCCOCCNC(=O)CN2CCN(c3ccc(Nc4cc5c(cn4)c(C)c(C(C)=O)c(=O)n5C4CCCC4)nc3)CC2)C[C@H]1C(=O)Nc1c(F)cccc1F)C(C)(C)C
718,CC(=O)c1c(C)c2cnc(Nc3ccc(N4CCN(CCCCNC(=O)CNc5cccc6c5C(=O)N(C5CCC(=O)NC5=O)C6=O)CC4)cn3)nc2n(C2CCCC2)c1=O
719,CC(=O)c1c(C)c2cnc(Nc3ccc(N4CCN(CCOCCOCCNC(=O)CNc5cccc6c5C(=O)N(C5CCC(=O)NC5=O)C6=O)CC4)cn3)nc2n(C2CCCC2)c1=O
720,COc1ccccc1S(=O)(=O)Nc1ccc2c3c(cc(CCC(=O)NCCNc4cccc5c4C(=O)N(C4CCC(=O)NC4=O)C5=O)cc13)C(=O)N2C
721,COc1ccccc1S(=O)(=O)Nc1ccc2c3c(cc(CCC(=O)NCCCNc4cccc5c4C(=O)N(C4CCC(=O)NC4=O)C5=O)cc13)C(=O)N2C
722,COc1ccccc1S(=O)(=O)Nc1ccc2c3c(cc(CCC(=O)NCCCCNc4cccc5c4C(=O)N(C4CCC(=O)NC4=O)C5=O)cc13)C(=O)N2C
723,COc1ccccc1S(=O)(=O)Nc1ccc2c3c(cc(CCC(=O)NCCCCCNc4cccc5c4C(=O)N(C4CCC(=O)NC4=O)C5=O)cc13)C(=O)N2C
724,COc1ccccc1S(=O)(=O)Nc1ccc2c3c(cc(CCC(=O)NCCCCCCNc4cccc5c4C(=O)N(C4CCC(=O)NC4=O)C5=O)cc13)C(=O)N2C
725,Cc1ncsc1-c1ccc(CNC(=O)[C@@H]2C[C@@H](O)CN2C(=O)[C@@H](NC(=O)c2cc(F)c(/N=N/c3c(F)cc(C(=O)NC[C@@H]4N=C(c5ccc(Cl)cc5)c5c(sc(C)c5C)-n5c(C)nnc54)cc3F)c(F)c2)C(C)(C)C)cc1
726,Cc1ncsc1-c1ccc(CNC(=O)[C@@H]2C[C@@H](O)CN2C(=O)[C@@H](NC(=O)c2cc(F)c(/N=N\c3c(F)cc(C(=O)NC[C@@H]4N=C(c5ccc(Cl)cc5)c5c(sc(C)c5C)-n5c(C)nnc54)cc3F)c(F)c2)C(C)(C)C)cc1
727,Cc1ncsc1-c1ccc([C@H](C)NC(=O)[C@@H]2C[C@@H](O)CN2C(=O)[C@@H](NC(=O)COCOCOCCNC(=O)CCc2ccc(S(=O)(=O)Nc3cc(C)c(=O)n(C)c3Nc3ccc(I)cc3F)cc2)C(C)(C)C)cc1
728,Cc1ncsc1-c1ccc([C@H](C)NC(=O)[C@@H]2C[C@@H](O)CN2C(=O)[C@@H](NC(=O)COCOCOCOCCNC(=O)CCc2ccc(S(=O)(=O)Nc3cc(C)c(=O)n(C)c3Nc3ccc(I)cc3F)cc2)C(C)(C)C)cc1
729,Cc1ncsc1-c1ccc([C@H](C)NC(=O)[C@@H]2C[C@@H](O)CN2C(=O)[C@@H](NC(=O)COCOCOCCNC(=O)COc2ccc(S(=O)(=O)Nc3cc(C)c(=O)n(C)c3Nc3ccc(I)cc3F)cc2)C(C)(C)C)cc1
730,CC(C)(/C=C(\C#N)C(=O)N1CCC[C@H](n2nc(-c3ccc(Oc4ccccc4)cc3)c3c(N)ncnc32)C1)CCCOCCOCCOCCOCCOc1cccc2c1C(=O)N(C1CCC(=O)NC1=O)C2=O
731,Nc1ncnc2c1c(-c1ccc(Oc3ccccc3)cc1)nn2[C@H]1CCCN(C(=O)CCCCCCOCCOCCOCCOCCOc2cccc3c2C(=O)N(C2CCC(=O)NC2=O)C3=O)C1
732,Nc1ncnc2c1c(-c1ccc(Oc3ccccc3)cc1)nn2[C@H]1CCCN(C(=O)/C=C/CCCCOCCOCCOCCOCCOc2cccc3c2C(=O)N(C2CCC(=O)NC2=O)C3=O)C1
733,Nc1ncnc2c1c(-c1ccc(Oc3ccccc3)cc1)nn2[C@@H]1CCCN(C(=O)/C=C/COCCOCCOCCOCCOCCOc2cccc3c2C(=O)N(C2CCC(=O)NC2=O)C3=O)C1
734,N#C/C(=C\CCCCOCCOCCOCCOCCOc1cccc2c1C(=O)N(C1CCC(=O)NC1=O)C2=O)C(=O)N1CCC[C@H](n2nc(-c3ccc(Oc4ccccc4)cc3)c3c(N)ncnc32)C1
735,N#C/C(=C\COCCOCCOCCOCCOCCOc1cccc2c1C(=O)N(C1CCC(=O)NC1=O)C2=O)C(=O)N1CCC[C@@H](n2nc(-c3ccc(Oc4ccccc4)cc3)c3c(N)ncnc32)C1
736,Cc1noc(C)c1-c1ccc2c(c1)C(c1ccccc1)N(CC(=O)NCCC(=O)Nc1cccc3c1CN(C1CCC(=O)NC1=O)C3=O)C(=O)N2C
737,Cc1noc(C)c1-c1ccc2c(c1)C(c1ccccc1)N(CC(=O)NCCCC(=O)Nc1cccc3c1CN(C1CCC(=O)NC1=O)C3=O)C(=O)N2C
738,Cc1noc(C)c1-c1ccc2c(c1)C(c1ccccc1)N(CC(=O)NCCCCC(=O)Nc1cccc3c1CN(C1CCC(=O)NC1=O)C3=O)C(=O)N2C
739,Cc1noc(C)c1-c1ccc2c(c1)C(c1ccccc1)N(CC(=O)NCCCCCC(=O)Nc1cccc3c1CN(C1CCC(=O)NC1=O)C3=O)C(=O)N2C
740,Cc1noc(C)c1-c1ccc2c(c1)C(c1ccccc1)N(CC(=O)NCCCCCCC(=O)Nc1cccc3c1CN(C1CCC(=O)NC1=O)C3=O)C(=O)N2C
741,CC1(C)CCC(c2ccc(Cl)cc2)=C(CN2CCN(c3ccc(C(=O)NS(=O)(=O)c4ccc(NC(CCN5CCN(C(=O)CCCn6cc(COCCOCCNc7cccc8c7C(=O)N(C7CCC(=O)NC7=O)C8=O)nn6)CC5)CSc5ccccc5)c(S(=O)(=O)C(F)(F)F)c4)cc3)CC2)C1
742,Cc1noc(C)c1-c1ccc2c(c1)C(c1ccccc1)N(CC(=O)NCCCCCCCC(=O)Nc1cccc3c1CN(C1CCC(=O)NC1=O)C3=O)C(=O)N2C
743,Cc1noc(C)c1-c1ccc2c(c1)C(c1ccccc1)N(CCCCC(=O)Nc1cccc3c1CN(C1CCC(=O)NC1=O)C3=O)C(=O)N2C
744,Cc1noc(C)c1-c1ccc2c(c1)C(c1ccccc1)N(CCCCCC(=O)Nc1cccc3c1CN(C1CCC(=O)NC1=O)C3=O)C(=O)N2C
745,Cc1noc(C)c1-c1ccc2c(c1)C(c1ccccc1)N(CCCCCCC(=O)Nc1cccc3c1CN(C1CCC(=O)NC1=O)C3=O)C(=O)N2C
746,Cc1noc(C)c1-c1ccc2c(c1)C(c1ccccc1)N(Cc1cn(COCC(=O)Nc3cccc4c3CN(C3CCC(=O)NC3=O)C4=O)nn1)C(=O)N2C
747,Cc1noc(C)c1-c1ccc2c(c1)C(c1ccccc1)N(Cc1cn(CCOCCOCC(=O)Nc3cccc4c3CN(C3CCC(=O)NC3=O)C4=O)nn1)C(=O)N2C
748,Cc1noc(C)c1-c1ccc2c(c1)C(c1ccccc1)N(Cc1cn(COCC(=O)Nc3cccc4c3C(=O)N(C3CCC(=O)NC3=O)C4=O)nn1)C(=O)N2C
749,Cc1noc(C)c1-c1ccc2c(c1)C(c1ccccc1)N(Cc1cn(CCOCOCCOCC(=O)Nc3cccc4c3CN(C3CCC(=O)NC3=O)C4=O)nn1)C(=O)N2C
750,Cc1noc(C)c1-c1ccc2c(c1)C(c1ccccc1)N(Cc1cn(CCOCOCOCCOCC(=O)Nc3cccc4c3CN(C3CCC(=O)NC3=O)C4=O)nn1)C(=O)N2C
751,Cc1noc(C)c1-c1ccc2c(c1)C(c1ccccc1)N(Cc1cn(CCOCCOCC(=O)Nc3cccc4c3C(=O)N(C3CCC(=O)NC3=O)C4=O)nn1)C(=O)N2C
752,Cc1noc(C)c1-c1ccc2c(c1)C(c1ccccc1)N(Cc1cn(CCOCOCCOCC(=O)Nc3cccc4c3C(=O)N(C3CCC(=O)NC3=O)C4=O)nn1)C(=O)N2C
753,Cc1noc(C)c1-c1ccc2c(c1)C(c1ccccc1)N(Cc1cn(CCOCOCOCCOCC(=O)Nc3cccc4c3C(=O)N(C3CCC(=O)NC3=O)C4=O)nn1)C(=O)N2C
754,O=C1CCC(N2C(=O)c3cccc(NCCOCCOc4ccc(Nc5nccc(Nc6cc7ccccc7cn6)n5)cc4)c3C2=O)C(=O)N1
755,O=C1CCC(N2C(=O)c3cccc(NCCOCCOCCOc4ccc(Nc5nccc(Nc6cc7ccccc7cn6)n5)cc4)c3C2=O)C(=O)N1
756,O=C1CCC(N2C(=O)c3cccc(NCCOCCOCCOCCOc4ccc(Nc5nccc(Nc6cc7ccccc7cn6)n5)cc4)c3C2=O)C(=O)N1
757,Cc1cc(Nc2ccnc(Nc3ccc(OCCOCCNc4cccc5c4C(=O)N(C4CCC(=O)NC4=O)C5=O)cc3)n2)n[nH]1
758,Cc1cc(Nc2ccnc(Nc3ccc(OCCOCCOCCNc4cccc5c4C(=O)N(C4CCC(=O)NC4=O)C5=O)cc3)n2)n[nH]1
759,Cc1cc(Nc2nc(Nc3ccc(OCCOCCOCCNc4cccc5c4C(=O)N(C4CCC(=O)NC4=O)C5=O)cc3)ncc2Cl)n[nH]1
760,Cc1cc(Nc2nc(Nc3ccc(OCCOCCNc4cccc5c4C(=O)N(C4CCC(=O)NC4=O)C5=O)cc3)ncc2Cl)n[nH]1
761,Nc1ncnc2c1c(-c1ccc(Cl)cc1)nn2Cc1cn(CC(=O)Nc2ccc(OCCOCCNc3cccc4c3C(=O)N(C3CCC(=O)NC3=O)C4=O)cc2)nn1
762,CN[C@@H](C)C(=O)N[C@H](C(=O)N1Cc2cc(OCCOCCOCCOCCOc3cc4nccc(Nc5ccc6scnc6c5)c4cc3S(=O)(=O)C(C)(C)C)ccc2C[C@H]1C(=O)N[C@H]1CCCc2ccccc21)C(C)(C)C
763,CC/C(=C(\c1ccc(O)cc1)c1ccc(OCCN(C)CCOCCOCCOCC(=O)N[C@H](C(=O)N2C[C@H](O)C[C@H]2C(=O)NCc2ccc(-c3scnc3C)cc2)C(C)(C)C)cc1)c1ccccc1
764,CC/C(=C(\c1ccc(O)cc1)c1ccc(OCCN(C)CCOCCOCCOCC(=O)N[C@H](C(=O)N2C[C@H](O)C[C@H]2C(=O)NCc2ccc(-c3scnc3C)cc2)C(C)C)cc1)c1ccccc1
765,Nc1ncnc2c1c(-c1ccc(Cl)cc1)nn2Cc1cn(CC(=O)Nc2ccc(OCCOCCOCCNc3cccc4c3C(=O)N(C3CCC(=O)NC3=O)C4=O)cc2)nn1
766,Nc1ncnc2c1c(-c1ccc(Cl)cc1)nn2CCCNc1ccc(OCCOCCOCCNc2cccc3c2C(=O)N(C2CCC(=O)NC2=O)C3=O)cc1
767,Nc1ncnc2c1c(-c1ccc(Cl)cc1)nn2CCCNc1ccc(OCCOCCNc2cccc3c2C(=O)N(C2CCC(=O)NC2=O)C3=O)cc1
768,Nc1ncnc2c1c(-c1ccc(Cl)cc1)nn2CCCn1cc(CNc2ccc(OCCOCCOCCNc3cccc4c3C(=O)N(C3CCC(=O)NC3=O)C4=O)cc2)nn1
769,Nc1ncnc2c1c(-c1ccc(Cl)cc1)nn2CCCn1cc(CNc2ccc(OCCOCCNc3cccc4c3C(=O)N(C3CCC(=O)NC3=O)C4=O)cc2)nn1
770,Cc1ccnc(C(C)C)c1-n1c(=O)nc(N2CCN(C(=O)/C=C\COCCOCCOCCOCCOCCOc3cccc4c3C(=O)N(C3CCC(=O)NC3=O)C4=O)C[C@H]2C)c2cc(F)c(-c3c(O)cccc3F)nc21
771,NC(=O)c1cc2c(=O)n(CC(=O)NCCNc3cccc4c3C(=O)N(C3CCC(=O)NC3=O)C4=O)c(=O)n(C3CC3)c2nc1N
772,NC(=O)c1cc2c(=O)n(CC(=O)NCCCNc3cccc4c3C(=O)N(C3CCC(=O)NC3=O)C4=O)c(=O)n(C3CC3)c2nc1N
773,NC(=O)c1cc2c(=O)n(CC(=O)NCCCCNc3cccc4c3C(=O)N(C3CCC(=O)NC3=O)C4=O)c(=O)n(C3CC3)c2nc1N
774,NC(=O)c1cc2c(=O)n(CC(=O)NCCCCCNc3cccc4c3C(=O)N(C3CCC(=O)NC3=O)C4=O)c(=O)n(C3CC3)c2nc1N
775,NC(=O)c1cc2c(=O)n(CC(=O)NCCCCCCNc3cccc4c3C(=O)N(C3CCC(=O)NC3=O)C4=O)c(=O)n(C3CC3)c2nc1N
776,NC(=O)c1cc2c(=O)n(CC(=O)NCCOCCNc3cccc4c3C(=O)N(C3CCC(=O)NC3=O)C4=O)c(=O)n(C3CC3)c2nc1N
777,NC(=O)c1cc2c(=O)n(CC(=O)NCCNC(=O)COc3cccc4c3C(=O)N(C3CCC(=O)NC3=O)C4=O)c(=O)n(C3CC3)c2nc1N
778,NC(=O)c1cc2c(=O)n(CC(=O)NCCCNC(=O)COc3cccc4c3C(=O)N(C3CCC(=O)NC3=O)C4=O)c(=O)n(C3CC3)c2nc1N
779,NC(=O)c1cc2c(=O)n(CC(=O)NCCCCNC(=O)COc3cccc4c3C(=O)N(C3CCC(=O)NC3=O)C4=O)c(=O)n(C3CC3)c2nc1N
780,NC(=O)c1cc2c(=O)n(CC(=O)NCCCCCNC(=O)COc3cccc4c3C(=O)N(C3CCC(=O)NC3=O)C4=O)c(=O)n(C3CC3)c2nc1N
781,NC(=O)c1cc2c(=O)n(CC(=O)NCCCCCCNC(=O)COc3cccc4c3C(=O)N(C3CCC(=O)NC3=O)C4=O)c(=O)n(C3CC3)c2nc1N
782,NC(=O)c1cc2c(=O)n(CC(=O)NCCOCCNC(=O)COc3cccc4c3C(=O)N(C3CCC(=O)NC3=O)C4=O)c(=O)n(C3CC3)c2nc1N
783,CCn1c(=O)n(CC(=O)NCCNC(=O)COc2cccc3c2C(=O)N(C2CCC(=O)NC2=O)C3=O)c(=O)c2cc(C(N)=O)c(N)nc21
784,CCn1c(=O)n(CC(=O)NCCCNC(=O)COc2cccc3c2C(=O)N(C2CCC(=O)NC2=O)C3=O)c(=O)c2cc(C(N)=O)c(N)nc21
785,CCn1c(=O)n(CC(=O)NCCCCNC(=O)COc2cccc3c2C(=O)N(C2CCC(=O)NC2=O)C3=O)c(=O)c2cc(C(N)=O)c(N)nc21
786,CCn1c(=O)n(CC(=O)NCCCCCNC(=O)COc2cccc3c2C(=O)N(C2CCC(=O)NC2=O)C3=O)c(=O)c2cc(C(N)=O)c(N)nc21
787,CCn1c(=O)n(CC(=O)NCCCCCCNC(=O)COc2cccc3c2C(=O)N(C2CCC(=O)NC2=O)C3=O)c(=O)c2cc(C(N)=O)c(N)nc21
788,CCn1c(=O)n(CC(=O)NCCOCCNC(=O)COc2cccc3c2C(=O)N(C2CCC(=O)NC2=O)C3=O)c(=O)c2cc(C(N)=O)c(N)nc21
789,CCn1c(=O)n(CC(=O)NCCNc2cccc3c2C(=O)N(C2CCC(=O)NC2=O)C3=O)c(=O)c2cc(C(N)=O)c(N)nc21
790,CCn1c(=O)n(CC(=O)NCCCNc2cccc3c2C(=O)N(C2CCC(=O)NC2=O)C3=O)c(=O)c2cc(C(N)=O)c(N)nc21
791,CCn1c(=O)n(CC(=O)NCCCCNc2cccc3c2C(=O)N(C2CCC(=O)NC2=O)C3=O)c(=O)c2cc(C(N)=O)c(N)nc21
792,CCn1c(=O)n(CC(=O)NCCCCCNc2cccc3c2C(=O)N(C2CCC(=O)NC2=O)C3=O)c(=O)c2cc(C(N)=O)c(N)nc21
793,CCn1c(=O)n(CC(=O)NCCCCCCNc2cccc3c2C(=O)N(C2CCC(=O)NC2=O)C3=O)c(=O)c2cc(C(N)=O)c(N)nc21
794,CCn1c(=O)n(CC(=O)NCCOCCNc2cccc3c2C(=O)N(C2CCC(=O)NC2=O)C3=O)c(=O)c2cc(C(N)=O)c(N)nc21
795,O=C1CCC(N2Cc3c(NC(=O)COCCOCCNCCNc4nonc4/C(=N/O)Nc4ccc(F)c(Br)c4)cccc3C2=O)C(=O)N1
796,O=C1CCC(N2Cc3c(NC(=O)COCCOCCOCCNCCNc4nonc4/C(=N/O)Nc4ccc(F)c(Br)c4)cccc3C2=O)C(=O)N1
797,O=C1CCC(N2Cc3c(NC(=O)COCCOCCOCCOCCNCCNc4nonc4/C(=N/O)Nc4ccc(F)c(Br)c4)cccc3C2=O)C(=O)N1
798,O=C1CCC(N2C(=O)c3cccc(NC(=O)COCCOCCOCCNCCNc4nonc4/C(=N/O)Nc4ccc(F)c(Br)c4)c3C2=O)C(=O)N1
799,O=C1CCC(N2C(=O)c3cccc(NC(=O)COCCOCCOCCOCCOCCNCCNc4nonc4/C(=N/O)Nc4ccc(F)c(Br)c4)c3C2=O)C(=O)N1
800,O=C1CCC(N2C(=O)c3cccc(NC(=O)COCCOCCOCCOCCOCCOCCOCCNCCNc4nonc4/C(=N/O)Nc4ccc(F)c(Br)c4)c3C2=O)C(=O)N1
801,O=C1CCC(N2C(=O)c3cccc(NC(=O)COCCOCCOCCOCCOCCOCCOCCOCCOCCNCCNc4nonc4/C(=N/O)Nc4ccc(F)c(Br)c4)c3C2=O)C(=O)N1
802,Nc1ccccc1NC(=O)c1ccc(NC(=O)CCCCCNC(=O)COc2cccc3c2C(=O)N(C2CCC(=O)NC2=O)C3=O)cc1
803,Nc1ccccc1NC(=O)c1ccc(NC(=O)CCCCCCCCCCCNC(=O)COc2cccc3c2C(=O)N(C2CCC(=O)NC2=O)C3=O)cc1
804,Cc1ncsc1-c1ccc(CNC(=O)[C@@H]2C[C@@H](O)CN2C(=O)[C@@H](NC(=O)CCCCC(=O)Nc2ccc(C(=O)Nc3ccccc3N)cc2)C(C)(C)C)cc1
805,Cc1ncsc1-c1ccc(CNC(=O)[C@@H]2C[C@@H](O)CN2C(=O)[C@@H](NC(=O)CCCCCCCCCCC(=O)Nc2ccc(C(=O)Nc3ccccc3N)cc2)C(C)(C)C)cc1
806,O=C1CCC(N2C(=O)c3cccc(NCCCCCC4CCN(CCNC(=O)c5cc6c(o5)C(=O)c5ccccc5C6=O)CC4)c3C2=O)C(=O)N1
807,Cc1ncsc1-c1ccc([C@H](C)NC(=O)[C@@H]2C[C@@H](O)CN2C(=O)[C@H](NC(=O)CCNC(=O)CC(=O)Nc2cccc(Sc3ncc(N4CCC(C)(N)CC4)nc3N)c2Cl)C(C)(C)C)cc1
808,Cc1ncsc1-c1ccc([C@H](C)NC(=O)[C@@H]2C[C@@H](O)CN2C(=O)[C@H](NC(=O)CCCNC(=O)CC(=O)Nc2cccc(Sc3ncc(N4CCC(C)(N)CC4)nc3N)c2Cl)C(C)(C)C)cc1
809,Cc1ncsc1-c1ccc([C@H](C)NC(=O)[C@@H]2C[C@@H](O)CN2C(=O)[C@H](NC(=O)CCCCNC(=O)CC(=O)Nc2cccc(Sc3ncc(N4CCC(C)(N)CC4)nc3N)c2Cl)C(C)(C)C)cc1
810,Cc1ncsc1-c1ccc([C@H](C)NC(=O)[C@@H]2C[C@@H](O)CN2C(=O)[C@H](NC(=O)CCCCCNC(=O)CC(=O)Nc2cccc(Sc3ncc(N4CCC(C)(N)CC4)nc3N)c2Cl)C(C)(C)C)cc1
811,Cc1ncsc1-c1ccc([C@H](C)NC(=O)[C@@H]2C[C@@H](O)CN2C(=O)[C@H](NC(=O)CCCCCCNC(=O)CC(=O)Nc2cccc(Sc3ncc(N4CCC(C)(N)CC4)nc3N)c2Cl)C(C)(C)C)cc1
812,Cc1ncsc1-c1ccc([C@H](C)NC(=O)[C@@H]2C[C@@H](O)CN2C(=O)[C@H](NC(=O)CCCCCCCNC(=O)CC(=O)Nc2cccc(Sc3ncc(N4CCC(C)(N)CC4)nc3N)c2Cl)C(C)(C)C)cc1
813,Cc1ncsc1-c1ccc([C@H](C)NC(=O)[C@@H]2C[C@@H](O)CN2C(=O)[C@H](NC(=O)CCCCCCCCNC(=O)CC(=O)Nc2cccc(Sc3ncc(N4CCC(C)(N)CC4)nc3N)c2Cl)C(C)(C)C)cc1
814,Cc1ncsc1-c1ccc([C@H](C)NC(=O)[C@@H]2C[C@@H](O)CN2C(=O)[C@H](NC(=O)CCCCCCCCCNC(=O)CC(=O)Nc2cccc(Sc3ncc(N4CCC(C)(N)CC4)nc3N)c2Cl)C(C)(C)C)cc1
815,Cc1ncsc1-c1ccc([C@H](C)NC(=O)[C@@H]2C[C@@H](O)CN2C(=O)[C@H](NC(=O)CCCCCCCCCCNC(=O)CC(=O)Nc2cccc(Sc3ncc(N4CCC(C)(N)CC4)nc3N)c2Cl)C(C)(C)C)cc1
816,Cc1ncsc1-c1ccc([C@H](C)NC(=O)[C@@H]2C[C@@H](O)CN2C(=O)[C@H](NC(=O)CCCCCCCCCCCNC(=O)CC(=O)Nc2cccc(Sc3ncc(N4CCC(C)(N)CC4)nc3N)c2Cl)C(C)(C)C)cc1
817,Cc1ncsc1-c1ccc([C@H](C)NC(=O)[C@@H]2C[C@@H](O)CN2C(=O)[C@H](NC(=O)CCCCCCCCCCNC(=O)CCC(=O)Nc2cccc(Sc3ncc(N4CCC(C)(N)CC4)nc3N)c2Cl)C(C)(C)C)cc1
818,Cc1ncsc1-c1ccc([C@H](C)NC(=O)[C@@H]2C[C@@H](O)CN2C(=O)[C@H](NC(=O)CCCCCCCCCCCNC(=O)CCC(=O)Nc2cccc(Sc3ncc(N4CCC(C)(N)CC4)nc3N)c2Cl)C(C)(C)C)cc1
819,Cc1ncsc1-c1ccc([C@H](C)NC(=O)[C@@H]2C[C@@H](O)CN2C(=O)[C@H](NC(=O)CCCCCCCCCCCNC(=O)CCCC(=O)Nc2cccc(Sc3ncc(N4CCC(C)(N)CC4)nc3N)c2Cl)C(C)(C)C)cc1
820,Cc1ncsc1-c1ccc([C@H](C)NC(=O)[C@@H]2C[C@@H](O)CN2C(=O)[C@H](NC(=O)COCCOCCOCCNC(=O)CCC(=O)CCC(=O)Nc2cccc(Sc3ncc(N4CCC(C)(N)CC4)nc3N)c2Cl)C(C)(C)C)cc1
821,Cc1ncsc1-c1ccc([C@H](C)NC(=O)[C@@H]2C[C@@H](O)CN2C(=O)[C@H](NC(=O)CCOCCOCCOCCNC(=O)CCC(=O)CCC(=O)Nc2cccc(Sc3ncc(N4CCC(C)(N)CC4)nc3N)c2Cl)C(C)(C)C)cc1
822,Cc1ncsc1-c1ccc([C@H](C)NC(=O)[C@@H]2C[C@@H](O)CN2C(=O)[C@H](NC(=O)CCOCCOCCOCCOCCNC(=O)CCC(=O)CCC(=O)Nc2cccc(Sc3ncc(N4CCC(C)(N)CC4)nc3N)c2Cl)C(C)(C)C)cc1
823,Cc1ncsc1-c1ccc([C@H](C)NC(=O)[C@@H]2C[C@@H](O)CN2C(=O)[C@H](NC(=O)CCCCCCCCCCN2CCN(CC(=O)Nc3cccc(Sc4ncc(N5CCC(C)(N)CC5)nc4N)c3Cl)CC2)C(C)(C)C)cc1
824,Cc1ncsc1-c1ccc([C@H](C)NC(=O)[C@@H]2C[C@@H](O)CN2C(=O)[C@H](NC(=O)CCCCCCCCCCCN2CCN(CC(=O)Nc3cccc(Sc4ncc(N5CCC(C)(N)CC5)nc4N)c3Cl)CC2)C(C)(C)C)cc1
825,Cc1ncsc1-c1ccc([C@H](C)NC(=O)[C@@H]2C[C@@H](O)CN2C(=O)[C@H](NC(=O)CCCCCCCCCCCCCCC(=O)Nc2cccc(Sc3ncc(N4CCC(C)(N)CC4)nc3N)c2Cl)C(C)(C)C)cc1
826,Cc1ncsc1-c1ccc([C@H](C)NC(=O)[C@@H]2C[C@@H](O)CN2C(=O)[C@H](NC(=O)CCCCCCCCN2CCN(C(=O)CCC(=O)Nc3cccc(Sc4ncc(N5CCC(C)(N)CC5)nc4N)c3Cl)CC2)C(C)(C)C)cc1
827,Cc1ncsc1-c1ccc([C@H](C)NC(=O)[C@@H]2C[C@@H](O)CN2C(=O)[C@H](NC(=O)CCCCCCCCCN2CCN(C(=O)CCC(=O)Nc3cccc(Sc4ncc(N5CCC(C)(N)CC5)nc4N)c3Cl)CC2)C(C)(C)C)cc1
828,Cc1ncsc1-c1ccc([C@H](C)NC(=O)[C@@H]2C[C@@H](O)CN2C(=O)[C@H](NC(=O)CCCCCCCN2CCN(C(=O)CCC(=O)Nc3cccc(Sc4ncc(N5CCC(C)(N)CC5)nc4N)c3Cl)CC2)C(C)(C)C)cc1
829,Cc1ncsc1-c1ccc([C@H](C)NC(=O)[C@@H]2C[C@@H](O)CN2C(=O)[C@H](NC(=O)CCCCN2CCN(CCCCNC(=O)CCC(=O)Nc3cccc(Sc4ncc(N5CCC(C)(N)CC5)nc4N)c3Cl)CC2)C(C)(C)C)cc1
830,CC(=O)N1c2ccc(-c3ccc(C(=O)NCCOCCOCC(=O)N[C@H](C(=O)N4C[C@H](O)C[C@H]4C(=O)NCc4ccc(-c5scnc5C)cc4)C(C)(C)C)cc3)cc2[C@H](Nc2ccc(Cl)cc2)C[C@@H]1C
831,CC(=O)N1c2ccc(-c3ccc(C(=O)NCCOCCOCCOCC(=O)N[C@H](C(=O)N4C[C@H](O)C[C@H]4C(=O)NCc4ccc(-c5scnc5C)cc4)C(C)(C)C)cc3)cc2[C@H](Nc2ccc(Cl)cc2)C[C@@H]1C
832,CC(=O)N1c2ccc(-c3ccc(C(=O)NCCOCCOCCOCCOCC(=O)N[C@H](C(=O)N4C[C@H](O)C[C@H]4C(=O)NCc4ccc(-c5scnc5C)cc4)C(C)(C)C)cc3)cc2[C@H](Nc2ccc(Cl)cc2)C[C@@H]1C
833,Cc1ncsc1-c1ccc(CNC(=O)[C@H]2C[C@H](O)CN2C(=O)[C@H](NC(=O)COCCOCCOCCOCC(=O)N[C@H](C(=O)N2C[C@H](O)C[C@H]2C(=O)NCc2ccc(-c3scnc3C)cc2)C(C)(C)C)C(C)(C)C)cc1
834,Cc1ncsc1-c1ccc(CNC(=O)[C@H]2C[C@H](O)CN2C(=O)[C@H](NC(=O)COCCOCCOCCOCCOCC(=O)N[C@H](C(=O)N2C[C@H](O)C[C@H]2C(=O)NCc2ccc(-c3scnc3C)cc2)C(C)(C)C)C(C)(C)C)cc1
835,Cc1ncsc1-c1ccc(CNC(=O)[C@H]2C[C@H](O)CN2C(=O)[C@H](NC(=O)COCCOCCOCCOCCOCCOCC(=O)N[C@H](C(=O)N2C[C@H](O)C[C@H]2C(=O)NCc2ccc(-c3scnc3C)cc2)C(C)(C)C)C(C)(C)C)cc1
836,CC(=O)N[C@H](C(=O)N1C[C@H](O)C[C@H]1C(=O)NCc1ccc(-c2scnc2C)cc1OCCOCCOCCOCCOCCOc1cc(-c2scnc2C)ccc1CNC(=O)[C@H]1C[C@H](O)CN1C(=O)[C@H](NC(C)=O)C(C)(C)C)C(C)(C)C
837,CC(=O)N[C@H](C(=O)N1C[C@H](O)C[C@H]1C(=O)NCc1ccc(-c2scnc2C)cc1OCCOCCOCCOCCOCCOCC(=O)N[C@@H](C(=O)N1C[C@@H](O)C[C@@H]1C(=O)NCc1ccc(-c2scnc2C)cc1)C(C)(C)C)C(C)(C)C
838,Cc1ncsc1-c1ccc(CNC(=O)[C@H]2C[C@H](O)CN2C(=O)[C@H](NC(=O)C2(C#N)CC2)C(C)(C)C)c(OCCOCCOCCOCCOCCOc2cc(-c3scnc3C)ccc2CNC(=O)[C@@H]2C[C@@H](O)CN2C(=O)[C@@H](NC(=O)C2(C#N)CC2)C(C)(C)C)c1
839,Cc1ncsc1-c1ccc(CNC(=O)[C@H]2C[C@H](O)CN2C(=O)[C@H](NC(=O)COCCOCCOCCOCCOCCOc2cc(-c3scnc3C)ccc2CNC(=O)[C@@H]2C[C@@H](O)CN2C(=O)[C@@H](NC(=O)C2(C#N)CC2)C(C)(C)C)C(C)(C)C)cc1
840,O=C1CCC(N2C(=O)c3cccc(NC(=O)Cn4cc(CCOC(=O)c5ccc6c(c5)nc(Nc5cccc(Cl)c5)c5ccncc56)nn4)c3C2=O)C(=O)N1
841,O=C1CCC(N2C(=O)c3cccc(NC(=O)Cn4cc(CCCOC(=O)c5ccc6c(c5)nc(Nc5cccc(Cl)c5)c5ccncc56)nn4)c3C2=O)C(=O)N1
842,O=C1CCC(N2C(=O)c3cccc(NC(=O)Cn4cc(CCCCCOC(=O)c5ccc6c(c5)nc(Nc5cccc(Cl)c5)c5ccncc56)nn4)c3C2=O)C(=O)N1
843,O=C1CCC(N2C(=O)c3cccc(NC(=O)Cn4cc(COCCOC(=O)c5ccc6c(c5)nc(Nc5cccc(Cl)c5)c5ccncc56)nn4)c3C2=O)C(=O)N1
844,Cc1ncsc1-c1ccc(CNC(=O)[C@@H]2C[C@@H](O)CN2C(=O)[C@@H](NC(=O)COCCOCCOCC(=O)NCCNc2cccc3c2C(=O)N(C2CCC(=O)NC2=O)C3=O)C(C)(C)C)cc1
845,Cc1ncsc1-c1ccc(CNC(=O)[C@@H]2C[C@@H](O)CN2C(=O)[C@@H](NC(=O)COCCOCCOCCOCCOCC(=O)NCCNc2cccc3c2C(=O)N(C2CCC(=O)NC2=O)C3=O)C(C)(C)C)cc1
846,Cc1ncsc1-c1ccc(CNC(=O)[C@@H]2C[C@@H](O)CN2C(=O)[C@@H](NC(=O)COCCCCCOCCOCCCCCOCC(=O)NCCNc2cccc3c2C(=O)N(C2CCC(=O)NC2=O)C3=O)C(C)(C)C)cc1
847,Cc1ncsc1-c1ccc(CNC(=O)[C@@H]2C[C@@H](O)CN2C(=O)[C@@H](NC(=O)COCCCCCCOCC(=O)NCCNc2cccc3c2C(=O)N(C2CCC(=O)NC2=O)C3=O)C(C)(C)C)cc1
848,Cc1ncsc1-c1ccc(CNC(=O)[C@@H]2C[C@@H](O)CN2C(=O)[C@@H](NC(=O)COCCOCCOCCOCCOCCOCC(=O)NCCNc2cccc3c2C(=O)N(C2CCC(=O)NC2=O)C3=O)C(C)(C)C)cc1
849,Cc1ncsc1-c1ccc(CNC(=O)[C@@H]2C[C@@H](O)CN2C(=O)[C@@H](NC(=O)COCCOCCOCCOCCOCCOCCOCCOCCOCC(=O)NCCNc2cccc3c2C(=O)N(C2CCC(=O)NC2=O)C3=O)C(C)(C)C)cc1
850,Cc1ncsc1-c1ccc(CNC(=O)[C@@H]2C[C@@H](O)CN2C(=O)[C@@H](NC(=O)COCCOCCOCCOCC(=O)NCCNc2cccc3c2C(=O)N(C2CCC(=O)NC2=O)C3=O)C(C)(C)C)cc1
851,Cc1ncsc1-c1ccc(CNC(=O)[C@@H]2C[C@@H](O)CN2C(=O)[C@@H](NC(=O)C2(F)CC2)C(C)(C)C)c(OCCOCCOCCOCC(=O)NCCNc2cccc3c2C(=O)N(C2CCC(=O)NC2=O)C3=O)c1
852,Cc1ncsc1-c1ccc(CNC(=O)[C@@H]2C[C@@H](O)CN2C(=O)[C@@H](NC(=O)C2(F)CC2)C(C)(C)C)c(OCCOCCOCCOCCOCCOCC(=O)NCCNc2cccc3c2C(=O)N(C2CCC(=O)NC2=O)C3=O)c1
853,Cc1ncsc1-c1ccc(CNC(=O)[C@@H]2C[C@@H](O)CN2C(=O)[C@@H](NC(=O)C2(F)CC2)C(C)(C)C)c(OCCCCC(=O)NCCNc2cccc3c2C(=O)N(C2CCC(=O)NC2=O)C3=O)c1
854,Cc1ncsc1-c1ccc(CNC(=O)[C@@H]2C[C@@H](O)CN2C(=O)[C@@H](NC(=O)C2(F)CC2)C(C)(C)SCCOCCOCCOCC(=O)NCCNc2cccc3c2C(=O)N(C2CCC(=O)NC2=O)C3=O)cc1
855,Cc1ncsc1-c1ccc(CNC(=O)[C@@H]2C[C@@H](O)CN2C(=O)[C@@H](NC(=O)C2(F)CC2)C(C)(C)SCCOCCOCCOCCOCCOCC(=O)NCCNc2cccc3c2C(=O)N(C2CCC(=O)NC2=O)C3=O)cc1
856,Cc1ncsc1-c1ccc(CNC(=O)[C@@H]2C[C@@H](O)CN2C(=O)[C@@H](NC(=O)C2(F)CC2)C(C)(C)SCCCCC(=O)NCCNc2cccc3c2C(=O)N(C2CCC(=O)NC2=O)C3=O)cc1
857,Cc1sc2c(c1C)C(c1ccc(Cl)cc1)=N[C@@H](CC(=O)NCCCCOc1ccc(Oc3ccc(N(Cc4ccccc4)C(=O)CCl)cc3)cc1)c1nnc(C)n1-2
858,COC(=O)C[C@H]1[C@]2(C)C3=C(C)[C@H](c4ccoc4-c4ccc(C(=O)NCCCNC(=O)C[C@@H]5N=C(c6ccc(Cl)cc6)c6c(sc(C)c6C)-n6c(C)nnc65)cc4)C[C@H]3O[C@@H]2[C@@H]2OC(=O)[C@]3(C)C=CC(=O)[C@@]1(C)C23
859,COc1cc(/N=N/c2cccc3c2CN([C@H]2CCC(=O)NC2=O)C3=O)cc(OC)c1OCC(=O)NCCNC(=O)C[C@@H]1N=C(c2ccc(Cl)cc2)c2c(sc(C)c2C)-n2c(C)nnc21
860,COc1cc(/N=N/c2cccc3c2CN(C2CCC(=O)NC2=O)C3=O)cc(OC)c1OCC(=O)NCCCNC(=O)C[C@@H]1N=C(c2ccc(Cl)cc2)c2c(sc(C)c2C)-n2c(C)nnc21
861,COc1cc(/N=N/c2cccc3c2CN(C2CCC(=O)NC2=O)C3=O)cc(OC)c1OCC(=O)NCCCCNC(=O)C[C@@H]1N=C(c2ccc(Cl)cc2)c2c(sc(C)c2C)-n2c(C)nnc21
862,COc1cc(/N=N/c2cccc3c2CN(C2CCC(=O)NC2=O)C3=O)cc(OC)c1OCC(=O)NCCCCCNC(=O)C[C@@H]1N=C(c2ccc(Cl)cc2)c2c(sc(C)c2C)-n2c(C)nnc21
863,COc1cc(/N=N/c2cccc3c2CN(C2CCC(=O)NC2=O)C3=O)cc(OC)c1OCC(=O)NCCCCCCNC(=O)C[C@@H]1N=C(c2ccc(Cl)cc2)c2c(sc(C)c2C)-n2c(C)nnc21
864,Cc1sc2c(c1C)C(c1ccc(Cl)cc1)=N[C@H](CC(=O)NCCNC(=O)COc1ccc(/N=N/c3cccc4c3CN(C3CCC(=O)NC3=O)C4=O)cc1)c1nnc(C)n1-2
865,Cc1sc2c(c1C)C(c1ccc(Cl)cc1)=N[C@@H](CC(=O)NCCCCNC(=O)COc1ccc(/N=N/c3cccc4c3CN(C3CCC(=O)NC3=O)C4=O)cc1)c1nnc(C)n1-2
866,Cc1sc2c(c1C)C(c1ccc(Cl)cc1)=N[C@@H](CC(=O)NCCCCCCNC(=O)COc1ccc(/N=N/c3cccc4c3CN(C3CCC(=O)NC3=O)C4=O)cc1)c1nnc(C)n1-2
867,COc1cc(/N=N/c2ccc3c(c2)C(=O)N(C2CCC(=O)NC2=O)C3=O)cc(OC)c1OCC(=O)NCCNC(=O)C[C@@H]1N=C(c2ccc(Cl)cc2)c2c(sc(C)c2C)-n2c(C)nnc21
868,Cc1sc2c(c1C)C(c1ccc(Cl)cc1)=N[C@@H](CC(=O)Nc1ccc(/N=N/c3ccc(NC(=O)COc4cccc5c4C(=O)N(C4CCC(=O)NC4=O)C5=O)cc3)cc1)c1nnc(C)n1-2
869,Cc1sc2c(c1C)C(c1ccc(Cl)cc1)=N[C@@H](CC(=O)NCc1ccc(/N=N/c3ccc(NC(=O)COc4cccc5c4C(=O)N(C4CCC(=O)NC4=O)C5=O)cc3)cc1)c1nnc(C)n1-2
870,Cc1sc2c(c1C)C(c1ccc(Cl)cc1)=N[C@@H](CC(=O)NCCc1ccc(/N=N/c3ccc(NC(=O)COc4cccc5c4C(=O)N(C4CCC(=O)NC4=O)C5=O)cc3)cc1)c1nnc(C)n1-2
871,Cc1sc2c(c1C)C(c1ccc(Cl)cc1)=N[C@@H](CC(=O)Nc1ccc3c(c1)CCc1cc(NC(=O)COc4cccc5c4C(=O)N(C4CCC(=O)NC4=O)C5=O)ccc1/N=N\3)c1nnc(C)n1-2
872,CCC(C)(C)C(=O)C(=O)N1CCCC[C@H]1C(=O)O[C@H](CCc1ccc(OC)c(OC)c1)c1cccc(OCC(=O)Nc2ccc(/N=N/c3ccc(NC(=O)COc4cccc5c4C(=O)N(C4CCC(=O)NC4=O)C5=O)cc3)cc2)c1
873,CCC(C)(C)C(=O)C(=O)N1CCCC[C@H]1C(=O)O[C@H](CCc1ccc(OC)c(OC)c1)c1cccc(OCC(=O)NCCCNC(=O)COc2c(OC)cc(/N=N/c3cccc4c3CN(C3CCC(=O)NC3=O)C4=O)cc2OC)c1
874,CCC(C)(C)C(=O)C(=O)N1CCCC[C@H]1C(=O)O[C@H](CCc1ccc(OC)c(OC)c1)c1cccc(OCC(=O)NCCCCNC(=O)COc2c(OC)cc(/N=N/c3cccc4c3CN(C3CCC(=O)NC3=O)C4=O)cc2OC)c1
875,CCC(C)(C)C(=O)C(=O)N1CCCC[C@H]1C(=O)O[C@H](CCc1ccc(OC)c(OC)c1)c1cccc(OCC(=O)NCCCCCNC(=O)COc2c(OC)cc(/N=N/c3cccc4c3CN(C3CCC(=O)NC3=O)C4=O)cc2OC)c1
876,CCC(C)(C)C(=O)C(=O)N1CCCC[C@H]1C(=O)O[C@H](CCc1ccc(OC)c(OC)c1)c1cccc(OCC(=O)NCCCCCCNC(=O)COc2c(OC)cc(/N=N/c3cccc4c3CN(C3CCC(=O)NC3=O)C4=O)cc2OC)c1
877,CCC(C)(C)C(=O)C(=O)N1CCCC[C@H]1C(=O)O[C@H](CCc1ccc(OC)c(OC)c1)c1cccc(OCC(=O)NCCNC(=O)COc2ccc(/N=N\c3cccc4c3CN(C3CCC(=O)NC3=O)C4=O)cc2)c1
878,Cc1nc(Nc2ncc(C(=O)Nc3c(C)cccc3Cl)s2)cc(N2CCN(CCOc3ccc(/N=N/c4ccc(C(=O)Nc5cccc6c5CN(C5CCC(=O)NC5=O)C6=O)cc4)cc3)CC2)n1
879,Cc1nc(Nc2ncc(C(=O)Nc3c(C)cccc3Cl)s2)cc(N2CCN(CCCOc3ccc(/N=N/c4ccc(C(=O)Nc5cccc6c5CN(C5CCC(=O)NC5=O)C6=O)cc4)cc3)CC2)n1
880,Cc1nc(Nc2ncc(C(=O)Nc3c(C)cccc3Cl)s2)cc(N2CCN(CCCCOc3ccc(/N=N/c4ccc(C(=O)Nc5cccc6c5CN(C5CCC(=O)NC5=O)C6=O)cc4)cc3)CC2)n1
881,Cc1nc(Nc2ncc(C(=O)Nc3c(C)cccc3Cl)s2)cc(N2CCN(CCCCCOc3ccc(/N=N/c4ccc(C(=O)Nc5cccc6c5CN(C5CCC(=O)NC5=O)C6=O)cc4)cc3)CC2)n1
882,Cc1nc(Nc2ncc(C(=O)Nc3c(C)cccc3Cl)s2)cc(N2CCN(CCCCCCOc3ccc(/N=N/c4ccc(C(=O)Nc5cccc6c5CN(C5CCC(=O)NC5=O)C6=O)cc4)cc3)CC2)n1
883,CCCCN(Cc1ccc(C(=O)NO)cc1)C(=O)Nc1ccc(OCCCCCn2cc(CNc3cccc4c3C(=O)N(C3CCC(=O)NC3=O)C4=O)nn2)cc1
884,CCCCN(Cc1ccc(C(=O)NO)cc1)C(=O)Nc1ccc(OCCn2cc(CCCCC(=O)N[C@H](C(=O)N3C[C@H](O)C[C@H]3C(=O)NCc3ccc(-c4scnc4C)cc3)C(C)(C)C)nn2)cc1
885,CCCCN(Cc1ccc(C(=O)NO)cc1)C(=O)Nc1ccc(OCCCn2cc(CCCCC(=O)N[C@H](C(=O)N3C[C@H](O)C[C@H]3C(=O)NCc3ccc(-c4scnc4C)cc3)C(C)(C)C)nn2)cc1
886,CCCCN(Cc1ccc(C(=O)NO)cc1)C(=O)Nc1ccc(OCCCCn2cc(CCCCC(=O)N[C@H](C(=O)N3C[C@H](O)C[C@H]3C(=O)NCc3ccc(-c4scnc4C)cc3)C(C)(C)C)nn2)cc1
887,CCCCN(Cc1ccc(C(=O)NO)cc1)C(=O)Nc1ccc(OCCCCCn2cc(CCCCC(=O)N[C@H](C(=O)N3C[C@H](O)C[C@H]3C(=O)NCc3ccc(-c4scnc4C)cc3)C(C)(C)C)nn2)cc1
888,CCCCN(Cc1ccc(C(=O)NO)cc1)C(=O)Nc1ccc(OCCCCCCn2cc(CCCCC(=O)N[C@H](C(=O)N3C[C@H](O)C[C@H]3C(=O)NCc3ccc(-c4scnc4C)cc3)C(C)(C)C)nn2)cc1
889,CCCCN(Cc1ccc(C(=O)NO)cc1)C(=O)Nc1ccc(OCCCCCCCn2cc(CCCCC(=O)N[C@H](C(=O)N3C[C@H](O)C[C@H]3C(=O)NCc3ccc(-c4scnc4C)cc3)C(C)(C)C)nn2)cc1
890,CCCCN(Cc1ccc(C(=O)NO)cc1)C(=O)Nc1ccc(OCCCCCCCCn2cc(CCCCC(=O)N[C@H](C(=O)N3C[C@H](O)C[C@H]3C(=O)NCc3ccc(-c4scnc4C)cc3)C(C)(C)C)nn2)cc1
891,CCCCN(Cc1ccc(C(=O)NO)cc1)C(=O)Nc1ccc(OCCCCCCCCCn2cc(CCCCC(=O)N[C@H](C(=O)N3C[C@H](O)C[C@H]3C(=O)NCc3ccc(-c4scnc4C)cc3)C(C)(C)C)nn2)cc1
892,CCCCN(Cc1ccc(C(=O)NO)cc1)C(=O)Nc1ccc(OCCCCCCCCCCn2cc(CCCCC(=O)N[C@H](C(=O)N3C[C@H](O)C[C@H]3C(=O)NCc3ccc(-c4scnc4C)cc3)C(C)(C)C)nn2)cc1
893,CCCCN(Cc1ccc(C(=O)NO)cc1)C(=O)Nc1ccc(OCCCCCCCCCCCn2cc(CCCCC(=O)N[C@H](C(=O)N3C[C@H](O)C[C@H]3C(=O)NCc3ccc(-c4scnc4C)cc3)C(C)(C)C)nn2)cc1
894,CCCCN(Cc1ccc(C(=O)NO)cc1)C(=O)Nc1ccc(OCCCCCCCCCCCCn2cc(CCCCC(=O)N[C@H](C(=O)N3C[C@H](O)C[C@H]3C(=O)NCc3ccc(-c4scnc4C)cc3)C(C)(C)C)nn2)cc1
895,CCCCN(Cc1ccc(C(=O)NO)cc1)C(=O)Nc1ccc(OCCCn2cc(CCC(=O)N[C@H](C(=O)N3C[C@H](O)C[C@H]3C(=O)NCc3ccc(-c4scnc4C)cc3)C(C)(C)C)nn2)cc1
896,CCCCN(Cc1ccc(C(=O)NO)cc1)C(=O)Nc1ccc(OCCCn2cc(CCCC(=O)N[C@H](C(=O)N3C[C@H](O)C[C@H]3C(=O)NCc3ccc(-c4scnc4C)cc3)C(C)(C)C)nn2)cc1
897,CCCCN(Cc1ccc(C(=O)NO)cc1)C(=O)Nc1ccc(OCCOCCn2cc(CCCCC(=O)N[C@H](C(=O)N3C[C@H](O)C[C@H]3C(=O)NCc3ccc(-c4scnc4C)cc3)C(C)(C)C)nn2)cc1
898,CCCCN(Cc1ccc(C(=O)NO)cc1)C(=O)Nc1ccc(OCCOCCOCCn2cc(CCCCC(=O)N[C@H](C(=O)N3C[C@H](O)C[C@H]3C(=O)NCc3ccc(-c4scnc4C)cc3)C(C)(C)C)nn2)cc1
899,C=CC(=O)Nc1cc(Nc2nccc(-c3cn(C)c4ccccc34)n2)c(OC)cc1N(C)CCN(C)CCOCCOCC(=O)Nc1cccc2c1CN(C1CCC(=O)NC1=O)C2=O
900,C=CC(=O)Nc1cc(Nc2nccc(-c3cn(C)c4ccccc34)n2)c(OC)cc1N(C)CCN(C)CCOCCOCCOCC(=O)Nc1cccc2c1CN(C1CCC(=O)NC1=O)C2=O
901,C=CC(=O)Nc1cc(Nc2nccc(-c3cn(C)c4ccccc34)n2)c(OC)cc1N(C)CCN(C)CCOCCOCCOCCOCC(=O)Nc1cccc2c1CN(C1CCC(=O)NC1=O)C2=O
902,Cc1cc(-c2ccc(C(=O)NCCOCCOCCOCCNC(=O)COc3cccc4c3C(=O)N(C3CCC(=O)NC3=O)C4=O)cc2N2CCC(c3[nH]cnc3C)CC2)ccc1F
903,Cc1cc(-c2ccc(C(=O)NCCOCCOCCOCCOCCNC(=O)COc3cccc4c3C(=O)N(C3CCC(=O)NC3=O)C4=O)cc2N2CCC(c3[nH]cnc3C)CC2)ccc1F
904,Cc1cc(-c2ccc(C(=O)NCCOCCCOCCCOCCNC(=O)COc3cccc4c3C(=O)N(C3CCC(=O)NC3=O)C4=O)cc2N2CCC(c3[nH]cnc3C)CC2)ccc1F
905,Cc1cc(-c2ccc(C(=O)NCCOCCOCCNC(=O)COc3cccc4c3C(=O)N(C3CCC(=O)NC3=O)C4=O)cc2N2CCC(c3[nH]cnc3C)CC2)ccc1F
906,Cc1cc(-c2ccc(C(=O)NCCCCCCNC(=O)COc3cccc4c3C(=O)N(C3CCC(=O)NC3=O)C4=O)cc2N2CCC(c3[nH]cnc3C)CC2)ccc1F
907,C=C(F)C(=O)N1CCN(c2nc(OC[C@@H]3CCCN3CCC(=O)NCCOCCOCCC(=O)N[C@H](C(=O)N3C[C@H](O)C[C@H]3C(=O)NCc3ccc(-c4scnc4C)cc3)C(C)(C)C)nc3c2CCN(c2cccc4cccc(Cl)c24)C3)C[C@@H]1CC#N
908,C=C(F)C(=O)N1CCN(c2nc(OC[C@@H]3CCCN3CCCOCCC(=O)N[C@H](C(=O)N3C[C@H](O)C[C@H]3C(=O)NCc3ccc(-c4scnc4C)cc3)C(C)(C)C)nc3c2CCN(c2cccc4cccc(Cl)c24)C3)C[C@@H]1CC#N
909,C=C(F)C(=O)N1CCN(c2nc(OC[C@@H]3CCCN3CCC(=O)NCCC(=O)N[C@H](C(=O)N3C[C@H](O)C[C@H]3C(=O)NCc3ccc(-c4scnc4C)cc3)C(C)(C)C)nc3c2CCN(c2cccc4cccc(Cl)c24)C3)C[C@@H]1CC#N
910,C=C(F)C(=O)N1CCN(c2nc(OC[C@@H]3CCCN3CCCCOCCC(=O)N[C@H](C(=O)N3C[C@H](O)C[C@H]3C(=O)NCc3ccc(-c4scnc4C)cc3)C(C)(C)C)nc3c2CCN(c2cccc4cccc(Cl)c24)C3)C[C@@H]1CC#N
911,C=C(F)C(=O)N1CCN(c2nc(OC[C@@H]3CCCN3CCOCCOCCC(=O)N[C@H](C(=O)N3C[C@H](O)C[C@H]3C(=O)NCc3ccc(-c4scnc4C)cc3)C(C)(C)C)nc3c2CCN(c2cccc4cccc(Cl)c24)C3)C[C@@H]1CC#N
912,C=C(F)C(=O)N1CCN(c2nc(OC[C@@H]3CCCN3CCC(=O)NCCOCCC(=O)N[C@H](C(=O)N3C[C@H](O)C[C@H]3C(=O)NCc3ccc(-c4scnc4C)cc3)C(C)(C)C)nc3c2CCN(c2cccc4cccc(Cl)c24)C3)C[C@@H]1CC#N
913,Cc1ccc2nc(-c3ccc(NCCOCCOCCNC(=O)[C@H](CC(C)C)NC(=O)[C@@H](O)[C@H](N)Cc4ccccc4)cc3)sc2c1
914,CC(C)C[C@H](NC(=O)[C@@H](O)[C@H](N)Cc1ccccc1)C(=O)NCCOCCOCCOc1ccc2nc(/N=N/c3ccc(N(C)C)cc3)sc2c1
915,Cc1cc(Nc2ncc(Cl)c(Nc3ccccc3S(=O)(=O)C(C)C)n2)c(OC(C)C)cc1C1CCN(C(=O)CCCC(=O)N[C@H](C(=O)N2C[C@H](O)C[C@H]2C(=O)NCc2ccc(-c3scnc3C)cc2)C(C)(C)C)CC1
916,Cc1cc(Nc2ncc(Cl)c(Nc3ccccc3S(=O)(=O)C(C)C)n2)c(OC(C)C)cc1C1CCN(C(=O)CCCCCC(=O)N[C@@H](C(=O)N2C[C@H](O)C[C@@H]2C(=O)NCc2ccc(-c3scnc3C)cc2)C(C)(C)C)CC1
917,Cc1cc(Nc2ncc(Cl)c(Nc3ccccc3S(=O)(=O)C(C)C)n2)c(OC(C)C)cc1C1CCN(CCCCC(=O)N[C@@H](C(=O)N2C[C@H](O)C[C@@H]2C(=O)NCc2ccc(-c3scnc3C)cc2)C(C)(C)C)CC1
918,Cc1cc(Nc2ncc(Cl)c(Nc3ccccc3S(=O)(=O)C(C)C)n2)c(OC(C)C)cc1C1CCN(CCOCC(=O)N[C@H](C(=O)N2C[C@H](O)C[C@H]2C(=O)NCc2ccc(-c3scnc3C)cc2)C(C)(C)C)CC1
919,Cc1cc(Nc2ncc(Cl)c(Nc3ccccc3S(=O)(=O)C(C)C)n2)c(OC(C)C)cc1C1CCN(CCCOCC(=O)N[C@@H](C(=O)N2C[C@H](O)C[C@@H]2C(=O)NCc2ccc(-c3scnc3C)cc2)C(C)(C)C)CC1
920,Cc1cc(Nc2ncc(Cl)c(Nc3ccccc3S(=O)(=O)C(C)C)n2)c(OC(C)C)cc1C1CCN(CCOCCOCCOCC(=O)N[C@@H](C(=O)N2C[C@H](O)C[C@@H]2C(=O)NCc2ccc(-c3scnc3C)cc2)C(C)(C)C)CC1
921,O=C1CCC(N2C(=O)c3cccc(NCCOCCn4cc(CCCCN(Cc5ccc(C(=O)NO)cc5)C(=O)Nc5ccccc5)nn4)c3C2=O)C(=O)N1
922,O=C1CCC(N2C(=O)c3cccc(NCCOCCOCCOCCn4cc(CCCCN(Cc5ccc(C(=O)NO)cc5)C(=O)Nc5ccccc5)nn4)c3C2=O)C(=O)N1
923,O=C1CCC(N2C(=O)c3cccc(NCCOCCOCCOCCOCCn4cc(CCCCN(Cc5ccc(C(=O)NO)cc5)C(=O)Nc5ccccc5)nn4)c3C2=O)C(=O)N1
924,CC(=O)c1c(C)c2cnc(Nc3ccc(N4CCN(CC(=O)NCCCCCCNc5cccc6c5C(=O)N(C5CCC(=O)NC5=O)C6=O)CC4)cn3)nc2n(C2CCCC2)c1=O
925,CC(=O)c1c(C)c2cnc(Nc3ccc(N4CCN(CC(=O)NCCOCCOCCOCCOCCOCCNc5cccc6c5C(=O)N(C5CCC(=O)NC5=O)C6=O)CC4)cn3)nc2n(C2CCCC2)c1=O
926,CC(=O)c1c(C)c2cnc(Nc3ccc(N4CCN(CCCCCCCCNC(=O)COc5cccc6c5C(=O)N(C5CCC(=O)NC5=O)C6=O)CC4)cn3)nc2n(C2CCCC2)c1=O
927,CC(=O)c1c(C)c2cnc(Nc3ccc(N4CCN(CCCCNC(=O)COc5cccc6c5C(=O)N(C5CCC(=O)NC5=O)C6=O)CC4)cn3)nc2n(C2CCCC2)c1=O
928,CC(=O)c1c(C)c2cnc(Nc3ccc(N4CCN(CCCNC(=O)COc5cccc6c5C(=O)N(C5CCC(=O)NC5=O)C6=O)CC4)cn3)nc2n(C2CCCC2)c1=O
929,CC(=O)c1c(C)c2cnc(Nc3ccc(N4CCN(CCNC(=O)COc5cccc6c5C(=O)N(C5CCC(=O)NC5=O)C6=O)CC4)cn3)nc2n(C2CCCC2)c1=O
930,CC(=O)c1c(C)c2cnc(Nc3ccc(N4CCN(c5cccc6c5C(=O)N(C5CCC(=O)NC5=O)C6=O)CC4)cn3)nc2n(C2CCCC2)c1=O
931,CN(C)C(=O)c1cc2cnc(Nc3ccc(N4CCN(CCOCCOCCNc5cccc6c5C(=O)N(C5CCC(=O)NC5=O)C6=O)CC4)cn3)nc2n1C1CCCC1
932,CN(C)C(=O)c1cc2cnc(Nc3ccc(N4CCN(CCCCNc5cccc6c5C(=O)N(C5CCC(=O)NC5=O)C6=O)CC4)cn3)nc2n1C1CCCC1
933,CN(C)C(=O)c1cc2cnc(Nc3ccc(N4CCN(CCCCNC(=O)CNc5cccc6c5C(=O)N(C5CCC(=O)NC5=O)C6=O)CC4)cn3)nc2n1C1CCCC1
934,Cc1nc2c(F)cc(-c3nc(Nc4ccc(CN5CCN(CCCCNc6cccc7c6C(=O)N(C6CCC(=O)NC6=O)C7=O)CC5)cn4)ncc3F)cc2n1C(C)C
935,Cc1nc2c(F)cc(-c3nc(Nc4ccc(CN5CCN(CCCCNC(=O)CNc6cccc7c6C(=O)N(C6CCC(=O)NC6=O)C7=O)CC5)cn4)ncc3F)cc2n1C(C)C
936,CN(c1ncccc1CNc1nc(Nc2ccc(NC(=O)c3cn(CCOCCOCCNc4cccc5c4C(=O)N(C4CCC(=O)NC4=O)C5=O)nn3)cc2)ncc1C(F)(F)F)S(C)(=O)=O
937,CN(c1nccnc1CNc1nc(Nc2ccc(C(=O)NCc3cn(CCOCCNc4cccc5c4C(=O)N(C4CCC(=O)NC4=O)C5=O)nn3)cc2)ncc1C(F)(F)F)S(C)(=O)=O
938,CN(c1nccnc1CNc1nc(Nc2ccc(C(=O)NCc3cn(CCOCCOCCNc4cccc5c4C(=O)N(C4CCC(=O)NC4=O)C5=O)nn3)cc2)ncc1C(F)(F)F)S(C)(=O)=O
939,CN(c1nccnc1CNc1nc(Nc2ccc(C(=O)NCc3cn(CCOCCOCCOCCNc4cccc5c4C(=O)N(C4CCC(=O)NC4=O)C5=O)nn3)cc2)ncc1C(F)(F)F)S(C)(=O)=O
940,CN(c1nccnc1CNc1nc(Nc2ccc(NC(=O)c3cn(CCOCCNc4cccc5c4C(=O)N(C4CCC(=O)NC4=O)C5=O)nn3)cc2)ncc1C(F)(F)F)S(C)(=O)=O
941,CN(c1nccnc1CNc1nc(Nc2ccc(NC(=O)c3cn(CCOCCOCCNc4cccc5c4C(=O)N(C4CCC(=O)NC4=O)C5=O)nn3)cc2)ncc1C(F)(F)F)S(C)(=O)=O
942,CN(c1nccnc1CNc1nc(Nc2ccc(NC(=O)c3cn(CCOCCOCCOCCNc4cccc5c4C(=O)N(C4CCC(=O)NC4=O)C5=O)nn3)cc2)ncc1C(F)(F)F)S(C)(=O)=O
943,CN(c1ncccc1CNc1nc(Nc2ccc(C(=O)NCc3cn(CCOCCNc4cccc5c4C(=O)N(C4CCC(=O)NC4=O)C5=O)nn3)cc2)ncc1C(F)(F)F)S(C)(=O)=O
944,CN(c1ncccc1CNc1nc(Nc2ccc(C(=O)NCc3cn(CCOCCOCCNc4cccc5c4C(=O)N(C4CCC(=O)NC4=O)C5=O)nn3)cc2)ncc1C(F)(F)F)S(C)(=O)=O
945,CN(c1ncccc1CNc1nc(Nc2ccc(C(=O)NCc3cn(CCOCCOCCOCCNc4cccc5c4C(=O)N(C4CCC(=O)NC4=O)C5=O)nn3)cc2)ncc1C(F)(F)F)S(C)(=O)=O
946,CN(c1ncccc1CNc1nc(Nc2ccc(NC(=O)c3cn(CCOCCNc4cccc5c4C(=O)N(C4CCC(=O)NC4=O)C5=O)nn3)cc2)ncc1C(F)(F)F)S(C)(=O)=O
947,CN(c1ncccc1CNc1nc(Nc2ccc(NC(=O)c3cn(CCOCCOCCOCCNc4cccc5c4C(=O)N(C4CCC(=O)NC4=O)C5=O)nn3)cc2)ncc1C(F)(F)F)S(C)(=O)=O
948,CN(c1ncccc1CNc1nc(Nc2ccc(NC(=O)c3cn(CCOCCOCCOCCOCCNc4cccc5c4C(=O)N(C4CCC(=O)NC4=O)C5=O)nn3)cc2)ncc1C(F)(F)F)S(C)(=O)=O
949,CN(c1ncccc1CNc1nc(Nc2ccc(NC(=O)c3cn(CCCCCCCCNc4cccc5c4C(=O)N(C4CCC(=O)NC4=O)C5=O)nn3)cc2)ncc1C(F)(F)F)S(C)(=O)=O
950,CN(c1ncccc1CNc1nc(Nc2ccc(NC(=O)c3cn(CCOCCOCC#Cc4cccc5c4C(=O)N(C4CCC(=O)NC4=O)C5=O)nn3)cc2)ncc1C(F)(F)F)S(C)(=O)=O
951,CN(c1ncccc1CNc1nc(Nc2ccc(NC(=O)c3cn(CCCCCOCC#Cc4cccc5c4C(=O)N(C4CCC(=O)NC4=O)C5=O)nn3)cc2)ncc1C(F)(F)F)S(C)(=O)=O
952,CN(c1ncccc1CNc1nc(Nc2ccc(NC(=O)c3cn(CCCCCCCC#Cc4cccc5c4C(=O)N(C4CCC(=O)NC4=O)C5=O)nn3)cc2)ncc1C(F)(F)F)S(C)(=O)=O
953,CN(c1ncccc1CNc1nc(Nc2ccc(NC(=O)c3cn(CCOCCOCCCc4cccc5c4C(=O)N(C4CCC(=O)NC4=O)C5=O)nn3)cc2)ncc1C(F)(F)F)S(C)(=O)=O
954,CN(c1ncccc1CNc1nc(Nc2ccc(NC(=O)c3cn(CCCCCOCCCc4cccc5c4C(=O)N(C4CCC(=O)NC4=O)C5=O)nn3)cc2)ncc1C(F)(F)F)S(C)(=O)=O
955,CN(c1ncccc1CNc1nc(Nc2ccc(NC(=O)c3cn(CCCCCCCCCc4cccc5c4C(=O)N(C4CCC(=O)NC4=O)C5=O)nn3)cc2)ncc1C(F)(F)F)S(C)(=O)=O
956,CN(c1ncccc1CNc1ncc(C(F)(F)F)c(Nc2ccc(NC(=O)c3cn(CCOCCNc4cccc5c4C(=O)N(C4CCC(=O)NC4=O)C5=O)nn3)cc2)n1)S(C)(=O)=O
957,CN(c1ncccc1CNc1ncc(C(F)(F)F)c(Nc2ccc(NC(=O)c3cn(CCOCCOCCNc4cccc5c4C(=O)N(C4CCC(=O)NC4=O)C5=O)nn3)cc2)n1)S(C)(=O)=O
958,CN(c1ncccc1CNc1ncc(C(F)(F)F)c(Nc2ccc(NC(=O)c3cn(CCOCCOCCOCCNc4cccc5c4C(=O)N(C4CCC(=O)NC4=O)C5=O)nn3)cc2)n1)S(C)(=O)=O
959,O=C1CCC(N2C(=O)c3cccc(NCCOCCOCCOCCN4CCN(c5ccc(-c6ccc7c(c6)C(=O)N(C(C(=O)Nc6nccs6)c6ccccc6)C7)cn5)CC4)c3C2=O)C(=O)N1
960,O=C1CCC(N2C(=O)c3cccc(OCCOCCOCCOCCN4CCN(c5ccc(-c6ccc7c(c6)C(=O)N(C(C(=O)Nc6nccs6)c6ccccc6)C7)cn5)CC4)c3C2=O)C(=O)N1
961,O=C1CCC(N2C(=O)c3ccc(NCCOCCOCCOCCN4CCN(c5ccc(-c6ccc7c(c6)C(=O)N(C(C(=O)Nc6nccs6)c6ccccc6)C7)cn5)CC4)cc3C2=O)C(=O)N1
962,O=C1CCC(N2C(=O)c3ccc(NCCOCCOCCN4CCN(c5ccc(-c6ccc7c(c6)C(=O)N(C(C(=O)Nc6nccs6)c6ccccc6)C7)cn5)CC4)cc3C2=O)C(=O)N1
963,O=C1CCC(N2C(=O)c3cccc(NCCOCCOCCOCCN4CCN(c5ccc(-c6ccc7c(c6)C(=O)N(C(C(=O)Nc6nccs6)c6cc(F)ccc6O)C7)cc5)CC4)c3C2=O)C(=O)N1
964,O=C1CCC(N2C(=O)c3cccc(NCCOCCOCCOCCN4CCN(c5ccc(-c6ccc7c(c6)C(=O)N(C(C(=O)Nc6nccs6)c6cc(F)ccc6F)C7)cc5)CC4)c3C2=O)C(=O)N1
965,O=C(COc1cccc2c1C(=O)N(C1CCC(=O)NC1=O)C2=O)NCCOCCOCCOCCNC(=O)CN1CCN(c2ccc(-c3ccc4c(c3)C(=O)N(C(C(=O)Nc3nccs3)c3ccccc3)C4)cc2)CC1
966,O=C(COc1cccc2c1C(=O)N(C1CCC(=O)NC1=O)C2=O)NCCCCNC(=O)CN1CCN(c2ccc(-c3ccc4c(c3)C(=O)N(C(C(=O)Nc3nccs3)c3ccccc3)C4)cc2)CC1
967,O=C1CCC(N2C(=O)c3cccc(NCCCCCCN4CCN(c5ccc(-c6ccc7c(c6)C(=O)N(C(C(=O)Nc6nccs6)c6ccccc6)C7)cc5)CC4)c3C2=O)C(=O)N1
968,O=C1CCC(N2C(=O)c3cccc(NCCCCCCCCN4CCN(c5ccc(-c6ccc7c(c6)C(=O)N(C(C(=O)Nc6nccs6)c6ccccc6)C7)cc5)CC4)c3C2=O)C(=O)N1
969,O=C1CCC(N2C(=O)c3cccc(NCCOCCC(=O)N4CCN(c5ccc(-c6ccc7c(c6)C(=O)N(C(C(=O)Nc6nccs6)c6ccccc6)C7)cc5)CC4)c3C2=O)C(=O)N1
970,O=C1CCC(N2C(=O)c3cccc(NCCOCCOCCC(=O)N4CCN(c5ccc(-c6ccc7c(c6)C(=O)N(C(C(=O)Nc6nccs6)c6ccccc6)C7)cc5)CC4)c3C2=O)C(=O)N1
971,O=C1CCC(N2C(=O)c3cccc(NCCOCCOCCOCCC(=O)N4CCN(c5ccc(-c6ccc7c(c6)C(=O)N(C(C(=O)Nc6nccs6)c6ccccc6)C7)cc5)CC4)c3C2=O)C(=O)N1
972,O=C1CCC(N2C(=O)c3cccc(NCCOCCOCCOCCOCCC(=O)N4CCN(c5ccc(-c6ccc7c(c6)C(=O)N(C(C(=O)Nc6nccs6)c6ccccc6)C7)cc5)CC4)c3C2=O)C(=O)N1
973,O=C1CCC(N2C(=O)c3cccc(NCCOCCOCCOCCOCCOCCC(=O)N4CCN(c5ccc(-c6ccc7c(c6)C(=O)N(C(C(=O)Nc6nccs6)c6ccccc6)C7)cc5)CC4)c3C2=O)C(=O)N1
974,O=C1CCC(N2C(=O)c3cccc(NCCOCCOCCN4CCN(c5ccc(-c6ccc7c(c6)C(=O)N(C(C(=O)Nc6nccs6)c6ccccc6)C7)cc5)CC4)c3C2=O)C(=O)N1
975,O=C1CCC(N2C(=O)c3cccc(NCCOCCOCCOCCN4CCN(c5ccc(-c6ccc7c(c6)C(=O)N(C(C(=O)Nc6nccs6)c6ccccc6)C7)cc5)CC4)c3C2=O)C(=O)N1
976,Cc1ncsc1-c1ccc([C@H](C)NC(=O)[C@@H]2C[C@@H](O)CN2C(=O)[C@@H](NC(=O)CCOCCOCCN2CCN(c3ccc(-c4ccc5c(c4)C(=O)N(C(C(=O)Nc4nccs4)c4ccccc4)C5)cn3)CC2)C(C)(C)C)cc1
977,Cc1ncsc1-c1ccc([C@H](C)NC(=O)[C@@H]2C[C@@H](O)CN2C(=O)[C@@H](NC(=O)CCOCCOCCOCCN2CCN(c3ccc(-c4ccc5c(c4)C(=O)N(C(C(=O)Nc4nccs4)c4ccccc4)C5)cn3)CC2)C(C)(C)C)cc1
978,CN(C)C(=O)c1cc2cnc(Nc3ccc(N4CCN(CCCCNC(=O)COc5cccc6c5C(=O)N(C5CCC(=O)NC5=O)C6=O)CC4)cn3)nc2n1C1CCCC1
979,CC1=C(/C=C/C(C)=C/C=C/C(C)=C/C(=O)O)C(C)(C)CC/C1=N\OCC(=O)NCCOCCOCCOC(=O)[C@H](CC(C)C)NC(=O)[C@@H](O)[C@H](N)Cc1ccccc1
980,CC1=C(/C=C/C(C)=C/C=C/C(C)=C/C(=O)O)C(C)(C)CC/C1=N\OCC(=O)NCCOCCOCCNC(=O)[C@H](CC(C)C)NC(=O)[C@@H](O)[C@H](N)Cc1ccccc1
981,CC1=C(/C=C/C(C)=C/C=C/C(C)=C/C(=O)O)C(C)(C)CC/C1=N\OCC(=O)NCCOCCOCCNC(=O)[C@H](CC(C)C)NC(=O)CCCc1ccccc1
982,CC(C)C[C@H](NC(=O)[C@@H](O)[C@H](N)Cc1ccccc1)C(=O)NCCOCCOCCOCC(=O)NCCCOc1cc(/C=C/C(=O)c2cc(C(C)(C)C)cc(C(C)(C)C)c2)ccc1C(=O)O
983,CC(C)C[C@H](NC(=O)[C@@H](O)[C@H](N)Cc1ccccc1)C(=O)NCCOCCOCCNC(=O)CO/N=C1\CC[C@H]2[C@@H]3CCc4cc(O)ccc4[C@H]3CC[C@]12C
984,CC(C)C[C@H](NC(=O)[C@@H](O)[C@H](N)Cc1ccccc1)C(=O)NCCOCCOCCOCC(=O)O[C@H]1CC[C@H]2[C@@H]3CC[C@H]4CC(=O)CC[C@]4(C)[C@H]3CC[C@]12C
985,CC/C(=C(\c1ccc(O)cc1)c1ccc(OCCN(C)C(=O)CCNC(=O)CCNC(=O)[C@H](CC(C)C)NC(=O)[C@@H](O)[C@H](N)Cc2ccccc2)cc1)c1ccccc1
986,CC/C(=C(\c1ccc(O)cc1)c1ccc(OCCN(C)C(=O)CCCCNC(=O)CCNC(=O)[C@H](CC(C)C)NC(=O)[C@@H](O)[C@H](N)Cc2ccccc2)cc1)c1ccccc1
987,CC/C(=C(\c1ccc(O)cc1)c1ccc(OCCN(C)C(=O)CCCCCCNC(=O)CCNC(=O)[C@H](CC(C)C)NC(=O)[C@@H](O)[C@H](N)Cc2ccccc2)cc1)c1ccccc1
988,CN[C@@H](C)C(=O)N[C@H](C(=O)N1CCC[C@H]1C(=O)N[C@H](C(=O)NCCOCCOCCNC(=O)CO/N=C1\CCC(C)(C)C(/C=C/C(C)=C/C=C/C(C)=C/C(=O)O)=C1C)C(c1ccccc1)c1ccccc1)C1CCCCC1
989,Cc1ccc(NC(=O)c2ccc(CNC(=O)CCCCCCNC(=O)[C@@H](CC(C)C)NC(=O)[C@H](O)[C@@H](N)Cc3ccccc3)cc2)cc1Nc1nccc(-c2cccnc2)n1
990,Cc1ccc(NC(=O)c2ccc(CNC(=O)CCCCCCCNC(=O)[C@@H](CC(C)C)NC(=O)[C@H](O)[C@@H](N)Cc3ccccc3)cc2)cc1Nc1nccc(-c2cccnc2)n1
991,Cc1ccc(NC(=O)c2ccc(CNC(=O)CCCCCCCCNC(=O)[C@@H](CC(C)C)NC(=O)[C@H](O)[C@@H](N)Cc3ccccc3)cc2)cc1Nc1nccc(-c2cccnc2)n1
992,CCS(=O)(=O)Nc1ccc(Oc2ccc(F)cc2F)c(-c2cn(C)c(=O)c3[nH]c(C(=O)NCc4cn(CCOCC(=O)Nc5cccc6c5CN(C5CCC(=O)NC5=O)C6=O)nn4)cc23)c1
993,CCS(=O)(=O)Nc1ccc(Oc2ccc(F)cc2F)c(-c2cn(C)c(=O)c3[nH]c(C(=O)NCc4cn(CCOCCOCC(=O)Nc5cccc6c5CN(C5CCC(=O)NC5=O)C6=O)nn4)cc23)c1
994,CCS(=O)(=O)Nc1ccc(Oc2ccc(F)cc2F)c(-c2cn(C)c(=O)c3[nH]c(C(=O)NCc4cn(CCOCCOCCOCC(=O)Nc5cccc6c5CN(C5CCC(=O)NC5=O)C6=O)nn4)cc23)c1
995,CCS(=O)(=O)Nc1ccc(Oc2ccc(F)cc2F)c(-c2cn(C)c(=O)c3[nH]c(C(=O)NCc4cn(CCOCCOCCOCCOCC(=O)Nc5cccc6c5CN(C5CCC(=O)NC5=O)C6=O)nn4)cc23)c1
996,COc1cc2c(Oc3ccc(NC(=O)C4(C(=O)Nc5ccc(F)cc5)CC4)cc3F)ccnc2cc1OCCCOCCCOCCC(=O)N[C@H](C(=O)N1C[C@H](O)C[C@H]1C(=O)NCc1ccc(-c2scnc2C)cc1)C(C)(C)C
997,COc1cc2c(Oc3ccc(NC(=O)C4(C(=O)Nc5ccc(F)cc5)CC4)cc3F)ccnc2cc1OCCCOCCCOCCC(=O)NCCOc1cccc2c1C(=O)N(C1CCC(=O)NC1=O)C2=O
998,O=C1CCC(N2C(=O)c3cccc(NC(=O)CCCCCN4CCN(c5nc(N6CCOCC6)nc(-n6c(C(F)F)nc7ccccc76)n5)CC4)c3C2=O)C(=O)N1
999,O=C(CCC(=O)N1CCN(c2nc(N3CCOCC3)nc(-n3c(C(F)F)nc4ccccc43)n2)CC1)NCCCC(=O)Nc1cccc2c1C(=O)N(C1CCC(=O)NC1=O)C2=O
1000,O=C(CCC(=O)NCCCC(=O)Nc1cccc2c1C(=O)N(C1CCC(=O)NC1=O)C2=O)NCCCCCC(=O)N1CCN(c2nc(N3CCOCC3)nc(-n3c(C(F)F)nc4ccccc43)n2)CC1
1001,O=C(CCC(=O)N1CCN(c2nc(N3CCOCC3)nc(-n3c(C(F)F)nc4ccccc43)n2)CC1)NCCCCCC(=O)Nc1cccc2c1C(=O)N(C1CCC(=O)NC1=O)C2=O
1002,O=C1CCC(N2C(=O)c3cccc(NC(=O)CCCn4cc(CN5CCN(c6nc(N7CCOCC7)nc(-n7c(C(F)F)nc8ccccc87)n6)CC5)nn4)c3C2=O)C(=O)N1
1003,O=C1CCC(N2C(=O)c3cccc(NC(=O)CCCCCn4cc(CN5CCN(c6nc(N7CCOCC7)nc(-n7c(C(F)F)nc8ccccc87)n6)CC5)nn4)c3C2=O)C(=O)N1
1004,Nc1nc2c(ncn2[C@H]2O[C@@H](COP(=O)([O-])NCCCCCC(=O)Nc3cccc4c3CN(C3CCC(=O)NC3=O)C4=O)[C@H](O)[C@@H]2O)c(=O)[nH]1
1005,Nc1nc2c(c(=O)[nH]1)[n+](Cc1ccccc1)cn2[C@H]1O[C@@H](COP(=O)(O)NCCCCCC(=O)N[C@@H]2CCC=C3C(=O)N([C@H]4CCC(=O)NC4=O)CC32)[C@H](O)[C@@H]1O
1006,Nc1nc2c(c(=O)[nH]1)[n+](Cc1ccc(F)cc1)cn2[C@H]1O[C@@H](COP(=O)(O)NCCCCCC(=O)N[C@@H]2CCC=C3C(=O)N([C@H]4CCC(=O)NC4=O)CC32)[C@H](O)[C@@H]1O
1007,Nc1nc2c(c(=O)[nH]1)[n+](Cc1ccc(F)cc1)cn2[C@@H]1O[C@H](COS(=O)(=O)NC(=O)CCC(=O)NCCCCCC(=O)Nc2cccc3c2CN(C2CCC(=O)NC2=O)C3=O)[C@@H](O)[C@H]1O
1008,Nc1nc2c(c(=O)[nH]1)[n+](Cc1ccccc1)cn2[C@@H]1O[C@H](COS(=O)(=O)NC(=O)CCC(=O)NCCCCCC(=O)Nc2cccc3c2CN(C2CCC(=O)NC2=O)C3=O)[C@@H](O)[C@H]1O
1009,Nc1nc2c(ncn2[C@@H]2O[C@H](COS(=O)(=O)NC(=O)CCC(=O)NCCCCCC(=O)Nc3cccc4c3CN(C3CCC(=O)NC3=O)C4=O)[C@@H](O)[C@H]2O)c(=O)[nH]1
1010,Nc1nc2c(c(=O)[nH]1)[n+](Cc1ccc(F)cc1)cn2[C@H]1O[C@@H](COP(=O)(O)OP(=O)(O)NCCCCCC(=O)Nc2cccc3c2CN(C2CCC(=O)NC2=O)C3=O)[C@H](O)[C@@H]1O
1011,Nc1nc2c(c(=O)[nH]1)[n+](Cc1ccccc1)cn2[C@H]1O[C@@H](COP(=O)(O)OP(=O)(O)NCCCCCC(=O)Nc2cccc3c2CN(C2CCC(=O)NC2=O)C3=O)[C@H](O)[C@@H]1O
1012,Nc1nc2c(ncn2[C@H]2O[C@@H](COP(=O)(O)OP(=O)(O)NCCCCCC(=O)Nc3cccc4c3CN(C3CCC(=O)NC3=O)C4=O)[C@H](O)[C@@H]2O)c(=O)[nH]1
1013,Nc1nc2c(ncn2[C@H]2O[C@@H](COP(=O)(O)OP(=O)(O)NCCOCCOCCOCCC(=O)Nc3cccc4c3CN(C3CCC(=O)NC3=O)C4=O)[C@H](O)[C@@H]2O)c(=O)[nH]1
1014,Nc1nc2c(ncn2[C@H]2O[C@@H](COP(=O)(O)OP(=O)(O)NCCOCCOCCOCCOCCOCCOCCOCCC(=O)Nc3cccc4c3CN(C3CCC(=O)NC3=O)C4=O)[C@H](O)[C@@H]2O)c(=O)[nH]1
1015,Nc1nc2c(c(=O)[nH]1)[n+](Cc1ccccc1)cn2[C@H]1O[C@@H](COP(=O)(O)OP(=O)(O)NCCOCCOCCOCCC(=O)Nc2cccc3c2CN(C2CCC(=O)NC2=O)C3=O)[C@H](O)[C@@H]1O
1016,Nc1nc2c(c(=O)[nH]1)[n+](Cc1ccccc1)cn2[C@@H]1O[C@H](COP(=O)(O)OP(=O)(O)NCCOCCOCCOCCOCCOCCOCCOCCC(=O)Nc2cccc3c2CN(C2CCC(=O)NC2=O)C3=O)[C@@H](O)[C@H]1O
1017,Nc1nc2c(c(=O)[nH]1)[n+](Cc1ccc(F)cc1)cn2[C@H]1O[C@@H](COP(=O)(O)OP(=O)(O)NCCOCCOCCOCCC(=O)Nc2cccc3c2CN(C2CCC(=O)NC2=O)C3=O)[C@H](O)[C@@H]1O
1018,Nc1nc2c(c(=O)[nH]1)[n+](Cc1ccc(F)cc1)cn2[C@@H]1O[C@H](COP(=O)(O)OP(=O)(O)NCCOCCOCCOCCOCCOCCOCCOCCC(=O)Nc2cccc3c2CN(C2CCC(=O)NC2=O)C3=O)[C@@H](O)[C@H]1O
1019,Cc1ncsc1-c1ccc(CNC(=O)C2C[C@H](O)CN2C(=O)[C@@H](NC(=O)CCCCCNP(=O)(O)OP(=O)(O)OC[C@@H]2O[C@H](n3c[n+](Cc4ccc(F)cc4)c4c(=O)[nH]c(N)nc43)[C@@H](O)[C@H]2O)C(C)(C)C)cc1
1020,Cc1ncsc1-c1ccc(CNC(=O)C2C[C@H](O)CN2C(=O)[C@@H](NC(=O)CCCCCNP(=O)(O)OP(=O)(O)OC[C@@H]2O[C@H](n3c[n+](Cc4ccccc4)c4c(=O)[nH]c(N)nc43)[C@@H](O)[C@H]2O)C(C)(C)C)cc1
1021,Cc1ncsc1-c1ccc(CNC(=O)C2C[C@H](O)CN2C(=O)[C@@H](NC(=O)CCCCCNP(=O)(O)OP(=O)(O)OC[C@@H]2O[C@H](n3cnc4c(=O)[nH]c(N)nc43)[C@@H](O)[C@H]2O)C(C)(C)C)cc1
1022,CCOc1cc(C(C)(C)C)ccc1C1=NC(c2ccc(Cl)cc2)C(c2ccc(Cl)cc2)N1C(=O)N1CCN(CC#Cc2cccc3c2CN(C2CCC(=O)NC2=O)C3=O)CC1
1023,CCOc1cc(C(C)(C)C)ccc1C1=NC(c2ccc(Cl)cc2)C(c2ccc(Cl)cc2)N1C(=O)N1CCN(CCC#Cc2cccc3c2CN(C2CCC(=O)NC2=O)C3=O)CC1
1024,CCOc1cc(C(C)(C)C)ccc1C1=NC(c2ccc(Cl)cc2)C(c2ccc(Cl)cc2)N1C(=O)N1CCN(CCCC#Cc2cccc3c2CN(C2CCC(=O)NC2=O)C3=O)CC1
1025,CCOc1cc(C(C)(C)C)ccc1C1=NC(c2ccc(Cl)cc2)C(c2ccc(Cl)cc2)N1C(=O)N1CCN(C(=O)CNC(=O)CCC#Cc2cccc3c2CN(C2CCC(=O)NC2=O)C3=O)CC1
1026,CCOc1cc(C(C)(C)C)ccc1C1=NC(c2ccc(Cl)cc2)C(c2ccc(Cl)cc2)N1C(=O)N1CCN(C(=O)CNC(=O)CCCC#Cc2cccc3c2CN(C2CCC(=O)NC2=O)C3=O)CC1
1027,CCOc1cc(C(C)(C)C)ccc1C1=NC(c2ccc(Cl)cc2)C(c2ccc(Cl)cc2)N1C(=O)N1CCN(C(=O)CNC(=O)CCCCC#Cc2cccc3c2CN(C2CCC(=O)NC2=O)C3=O)CC1
1028,CCOc1cc(C(C)(C)C)ccc1C1=NC(c2ccc(Cl)cc2)C(c2ccc(Cl)cc2)N1C(=O)N1CCN(C(=O)CCC#Cc2cccc3c2CN(C2CCC(=O)NC2=O)C3=O)CC1
1029,CCOc1cc(C(C)(C)C)ccc1C1=NC(c2ccc(Cl)cc2)C(c2ccc(Cl)cc2)N1C(=O)N1CCN(C(=O)CCCC#Cc2cccc3c2CN(C2CCC(=O)NC2=O)C3=O)CC1
1030,CCOc1cc(C(C)(C)C)ccc1C1=NC(c2ccc(Cl)cc2)C(c2ccc(Cl)cc2)N1C(=O)N1CCN(C(=O)CCCCC#Cc2cccc3c2CN(C2CCC(=O)NC2=O)C3=O)CC1
1031,CCOc1cc(C(C)(C)C)ccc1C1=NC(c2ccc(Cl)cc2)C(c2ccc(Cl)cc2)N1C(=O)N1CCN(c2cccc3c2C(=O)N(C2CCC(=O)NC2=O)C3=O)CC1
1032,CCOc1cc(C(C)(C)C)ccc1C1=NC(c2ccc(Cl)cc2)C(c2ccc(Cl)cc2)N1C(=O)N1CCN(C(=O)CNc2cccc3c2C(=O)N(C2CCC(=O)NC2=O)C3=O)CC1
1033,CCOc1cc(C(C)(C)C)ccc1C1=N[C@@H](c2ccc(Cl)cc2)[C@@H](c2ccc(Cl)cc2)N1C(=O)N1CCN(CC#Cc2cccc3c2CN(C2CCC(=O)NC2=O)C3=O)CC1
1034,CCOc1cc(C(C)(C)C)ccc1C1=N[C@@H](c2ccc(Cl)cc2)[C@@H](c2ccc(Cl)cc2)N1C(=O)N1CCN(CCC#Cc2cccc3c2CN(C2CCC(=O)NC2=O)C3=O)CC1
1035,CCOc1cc(C(C)(C)C)ccc1C1=N[C@@H](c2ccc(Cl)cc2)[C@@H](c2ccc(Cl)cc2)N1C(=O)N1CCN(CCCC#Cc2cccc3c2CN(C2CCC(=O)NC2=O)C3=O)CC1
1036,C=CCn1c(=O)c2cnc(Nc3ccc(N4CCN(CCCNc5cccc6c5C(=O)N(C5CCC(=O)NC5=O)C6=O)CC4)cc3)nc2n1-c1cccc(C(C)(C)O)n1
1037,C=CCn1c(=O)c2cnc(Nc3ccc(N4CCN(CCCNC(=O)CCOCCOCCNc5cccc6c5C(=O)N(C5CCC(=O)NC5=O)C6=O)CC4)cc3)nc2n1-c1cccc(C(C)(C)O)n1
1038,C=CCn1c(=O)c2cnc(Nc3ccc(N4CCN(CCOCCOCCOCCNc5cccc6c5C(=O)N(C5CCC(=O)NC5=O)C6=O)CC4)cc3)nc2n1-c1cccc(C(C)(C)O)n1
1039,C=CCn1c(=O)c2cnc(Nc3ccc(N4CCN(CCCCCCNc5cccc6c5C(=O)N(C5CCC(=O)NC5=O)C6=O)CC4)cc3)nc2n1-c1cccc(C(C)(C)O)n1
1040,CC(C)c1c(C(=O)Nc2ccccc2)c(-c2cccc(OCCCc3cn(CCOCCOCCOCCOCCNc4cccc5c4C(=O)N(C4CCC(=O)NC4=O)C5=O)nn3)c2)c(-c2ccc(F)cc2)n1CC[C@@H](O)C[C@@H](O)CC(=O)O
1041,CC(C)c1c(C(=O)Nc2ccccc2)c(-c2cccc(OCCCc3cn(CCOCCNc4cccc5c4C(=O)N(C4CCC(=O)NC4=O)C5=O)nn3)c2)c(-c2ccc(F)cc2)n1CC[C@@H](O)C[C@@H](O)CC(=O)O
1042,CC(C)c1c(C(=O)Nc2ccccc2)c(-c2cccc(OCCCCc3cn(CCOCCNc4cccc5c4C(=O)N(C4CCC(=O)NC4=O)C5=O)nn3)c2)c(-c2ccc(F)cc2)n1CC[C@@H](O)C[C@@H](O)CC(=O)O
1043,CC(C)c1c(C(=O)Nc2ccccc2)c(-c2cccc(OCCCCCc3cn(CCOCCNc4cccc5c4C(=O)N(C4CCC(=O)NC4=O)C5=O)nn3)c2)c(-c2ccc(F)cc2)n1CC[C@@H](O)C[C@@H](O)CC(=O)O
1044,CC(C)c1c(C(=O)Nc2ccccc2)c(-c2cccc(OCCCc3cn(CCOCCOCCNc4cccc5c4C(=O)N(C4CCC(=O)NC4=O)C5=O)nn3)c2)c(-c2ccc(F)cc2)n1CC[C@@H](O)C[C@@H](O)CC(=O)O
1045,CC(C)c1c(C(=O)Nc2ccccc2)c(-c2cccc(OCCCCc3cn(CCOCCOCCNc4cccc5c4C(=O)N(C4CCC(=O)NC4=O)C5=O)nn3)c2)c(-c2ccc(F)cc2)n1CC[C@@H](O)C[C@@H](O)CC(=O)O
1046,CC(C)c1c(C(=O)Nc2ccccc2)c(-c2cccc(OCCCCCc3cn(CCOCCOCCNc4cccc5c4C(=O)N(C4CCC(=O)NC4=O)C5=O)nn3)c2)c(-c2ccc(F)cc2)n1CC[C@@H](O)C[C@@H](O)CC(=O)O
1047,CC(C)c1c(C(=O)Nc2ccccc2)c(-c2cccc(OCCCc3cn(CCOCCOCCOCCNc4cccc5c4C(=O)N(C4CCC(=O)NC4=O)C5=O)nn3)c2)c(-c2ccc(F)cc2)n1CC[C@@H](O)C[C@@H](O)CC(=O)O
1048,CC(C)c1c(C(=O)Nc2ccccc2)c(-c2cccc(OCCCCc3cn(CCOCCOCCOCCNc4cccc5c4C(=O)N(C4CCC(=O)NC4=O)C5=O)nn3)c2)c(-c2ccc(F)cc2)n1CC[C@@H](O)C[C@@H](O)CC(=O)O
1049,CC(C)c1c(C(=O)Nc2ccccc2)c(-c2cccc(OCCCCCc3cn(CCOCCOCCOCCNc4cccc5c4C(=O)N(C4CCC(=O)NC4=O)C5=O)nn3)c2)c(-c2ccc(F)cc2)n1CC[C@@H](O)C[C@@H](O)CC(=O)O
1050,CC(C)c1c(C(=O)Nc2ccccc2)c(-c2cccc(OCCCCc3cn(CCOCCOCCOCCOCCNc4cccc5c4C(=O)N(C4CCC(=O)NC4=O)C5=O)nn3)c2)c(-c2ccc(F)cc2)n1CC[C@@H](O)C[C@@H](O)CC(=O)O
1051,CC(C)c1c(C(=O)Nc2ccccc2)c(-c2cccc(OCCCCCc3cn(CCOCCOCCOCCOCCNc4cccc5c4C(=O)N(C4CCC(=O)NC4=O)C5=O)nn3)c2)c(-c2ccc(F)cc2)n1CC[C@@H](O)C[C@@H](O)CC(=O)O
1052,CC(C)c1c(C(=O)Nc2ccccc2)c(-c2cccc(OCCCc3cn(CCOCCOCCOCCOCCOCCNc4cccc5c4C(=O)N(C4CCC(=O)NC4=O)C5=O)nn3)c2)c(-c2ccc(F)cc2)n1CC[C@@H](O)C[C@@H](O)CC(=O)O
1053,CC(C)c1c(C(=O)Nc2ccccc2)c(-c2cccc(OCCCCCc3cn(CCOCCOCCOCCOCCOCCNc4cccc5c4C(=O)N(C4CCC(=O)NC4=O)C5=O)nn3)c2)c(-c2ccc(F)cc2)n1CC[C@@H](O)C[C@@H](O)CC(=O)O
1054,CC(C)c1c(C(=O)Nc2ccccc2)c(-c2cccc(OCc3cn(CCCCCCCNc4cccc5c4C(=O)N(C4CCC(=O)NC4=O)C5=O)nn3)c2)c(-c2ccc(F)cc2)n1CC[C@@H](O)C[C@@H](O)CC(=O)O
1055,CC(C)c1c(C(=O)Nc2ccccc2)c(-c2cccc(OCCCc3cn(CCCCCCNc4cccc5c4C(=O)N(C4CCC(=O)NC4=O)C5=O)nn3)c2)c(-c2ccc(F)cc2)n1CC[C@@H](O)C[C@@H](O)CC(=O)O
1056,CC(C)c1c(C(=O)Nc2ccccc2)c(-c2cccc(OCCCc3cn(CCCCCCCNc4cccc5c4C(=O)N(C4CCC(=O)NC4=O)C5=O)nn3)c2)c(-c2ccc(F)cc2)n1CC[C@@H](O)C[C@@H](O)CC(=O)O
1057,CC(C)c1c(C(=O)Nc2ccccc2)c(-c2cccc(OCCCCc3cn(CCCCCCCNc4cccc5c4C(=O)N(C4CCC(=O)NC4=O)C5=O)nn3)c2)c(-c2ccc(F)cc2)n1CC[C@@H](O)C[C@@H](O)CC(=O)O
1058,CC(C)c1c(C(=O)Nc2ccccc2)c(-c2cccc(OCCCCCc3cn(CCCCCCCNc4cccc5c4C(=O)N(C4CCC(=O)NC4=O)C5=O)nn3)c2)c(-c2ccc(F)cc2)n1CC[C@@H](O)C[C@@H](O)CC(=O)O
1059,CC(C)c1c(C(=O)Nc2ccccc2)c(-c2cccc(OCCCCCCc3cn(CCCCCCCNc4cccc5c4C(=O)N(C4CCC(=O)NC4=O)C5=O)nn3)c2)c(-c2ccc(F)cc2)n1CC[C@@H](O)C[C@@H](O)CC(=O)O
1060,CC(C)c1c(C(=O)Nc2ccccc2)c(-c2cccc(OCCCCCCCc3cn(CCCCCCCNc4cccc5c4C(=O)N(C4CCC(=O)NC4=O)C5=O)nn3)c2)c(-c2ccc(F)cc2)n1CC[C@@H](O)C[C@@H](O)CC(=O)O
1061,CC(C)c1c(C(=O)Nc2ccccc2)c(-c2cccc(OCCCc3cn(CCOCCOCCOCCNc4ccc5c(c4)C(=O)N(C4CCC(=O)NC4=O)C5=O)nn3)c2)c(-c2ccc(F)cc2)n1CC[C@@H](O)C[C@@H](O)CC(=O)O
1062,CC(C)c1c(C(=O)Nc2ccccc2)c(-c2cccc(OCCCCc3cn(CCOCCOCCOCCNc4ccc5c(c4)C(=O)N(C4CCC(=O)NC4=O)C5=O)nn3)c2)c(-c2ccc(F)cc2)n1CC[C@@H](O)C[C@@H](O)CC(=O)O
1063,CC(C)c1c(C(=O)Nc2ccccc2)c(-c2cccc(OCCCCCc3cn(CCOCCOCCOCCNc4ccc5c(c4)C(=O)N(C4CCC(=O)NC4=O)C5=O)nn3)c2)c(-c2ccc(F)cc2)n1CC[C@@H](O)C[C@@H](O)CC(=O)O
1064,CC(C)c1c(C(=O)Nc2ccccc2)c(-c2cccc(OCCCc3cn(CCOCCOCCOCCOCCNc4ccc5c(c4)C(=O)N(C4CCC(=O)NC4=O)C5=O)nn3)c2)c(-c2ccc(F)cc2)n1CC[C@@H](O)C[C@@H](O)CC(=O)O
1065,CC(C)c1c(C(=O)Nc2ccccc2)c(-c2cccc(OCCCCc3cn(CCOCCOCCOCCOCCNc4ccc5c(c4)C(=O)N(C4CCC(=O)NC4=O)C5=O)nn3)c2)c(-c2ccc(F)cc2)n1CC[C@@H](O)C[C@@H](O)CC(=O)O
1066,CC(C)c1c(C(=O)Nc2ccccc2)c(-c2cccc(OCCCCCc3cn(CCOCCOCCOCCOCCNc4ccc5c(c4)C(=O)N(C4CCC(=O)NC4=O)C5=O)nn3)c2)c(-c2ccc(F)cc2)n1CC[C@@H](O)C[C@@H](O)CC(=O)O
1067,CC(C)c1c(C(=O)Nc2ccccc2)c(-c2cccc(OCCCc3cn(CCOCC#Cc4cccc5c4CN(C4CCC(=O)NC4=O)C5=O)nn3)c2)c(-c2ccc(F)cc2)n1CC[C@@H](O)C[C@@H](O)CC(=O)O
1068,CC(C)c1c(C(=O)Nc2ccccc2)c(-c2cccc(OCCCc3cn(CCCOCC#Cc4cccc5c4CN(C4CCC(=O)NC4=O)C5=O)nn3)c2)c(-c2ccc(F)cc2)n1CC[C@@H](O)C[C@@H](O)CC(=O)O
1069,CC(C)c1c(C(=O)Nc2ccccc2)c(-c2cccc(OCCCc3cn(CCCCOCC#Cc4cccc5c4CN(C4CCC(=O)NC4=O)C5=O)nn3)c2)c(-c2ccc(F)cc2)n1CC[C@@H](O)C[C@@H](O)CC(=O)O
1070,CC(C)c1c(C(=O)Nc2ccccc2)c(-c2cccc(OCCCc3cn(CCCCCOCC#Cc4cccc5c4CN(C4CCC(=O)NC4=O)C5=O)nn3)c2)c(-c2ccc(F)cc2)n1CC[C@@H](O)C[C@@H](O)CC(=O)O
1071,CC(C)c1c(C(=O)Nc2ccccc2)c(-c2cccc(OCCCc3cn(CCCCCCOCC#Cc4cccc5c4CN(C4CCC(=O)NC4=O)C5=O)nn3)c2)c(-c2ccc(F)cc2)n1CC[C@@H](O)C[C@@H](O)CC(=O)O
1072,CC(C)c1c(C(=O)Nc2ccccc2)c(-c2cccc(OCCCc3cn(CCCCCCCOCC#Cc4cccc5c4CN(C4CCC(=O)NC4=O)C5=O)nn3)c2)c(-c2ccc(F)cc2)n1CC[C@@H](O)C[C@@H](O)CC(=O)O
1073,CC(C)c1c(C(=O)Nc2ccccc2)c(-c2cccc(OCCCc3cn(CCOCCCc4cccc5c4CN(C4CCC(=O)NC4=O)C5=O)nn3)c2)c(-c2ccc(F)cc2)n1CC[C@@H](O)C[C@@H](O)CC(=O)O
1074,CC(C)c1c(C(=O)Nc2ccccc2)c(-c2cccc(OCCCc3cn(CCCOCCCc4cccc5c4CN(C4CCC(=O)NC4=O)C5=O)nn3)c2)c(-c2ccc(F)cc2)n1CC[C@@H](O)C[C@@H](O)CC(=O)O
1075,CC(C)c1c(C(=O)Nc2ccccc2)c(-c2cccc(OCCCc3cn(CCCCOCCCc4cccc5c4CN(C4CCC(=O)NC4=O)C5=O)nn3)c2)c(-c2ccc(F)cc2)n1CC[C@@H](O)C[C@@H](O)CC(=O)O
1076,CC(C)c1c(C(=O)Nc2ccccc2)c(-c2cccc(OCCCc3cn(CCCCCOCCCc4cccc5c4CN(C4CCC(=O)NC4=O)C5=O)nn3)c2)c(-c2ccc(F)cc2)n1CC[C@@H](O)C[C@@H](O)CC(=O)O
1077,CC(C)c1c(C(=O)Nc2ccccc2)c(-c2cccc(OCCCc3cn(CCCCCCOCCCc4cccc5c4CN(C4CCC(=O)NC4=O)C5=O)nn3)c2)c(-c2ccc(F)cc2)n1CC[C@@H](O)C[C@@H](O)CC(=O)O
1078,CC(C)c1c(C(=O)Nc2ccccc2)c(-c2cccc(OCCCc3cn(CCCCCCCOCCCc4cccc5c4CN(C4CCC(=O)NC4=O)C5=O)nn3)c2)c(-c2ccc(F)cc2)n1CC[C@@H](O)C[C@@H](O)CC(=O)O
1079,CN[C@@H](C)C(=O)N[C@@H](C(=O)N1CCC[C@H]1c1nc(C(=O)c2cccc(OCCOCCOCc3cn(CCCC(=O)N4CCN(CC[C@H](CSc5ccccc5)Nc5ccc(S(=O)(=O)NC(=O)c6ccc(N7CCN(CC8=C(c9ccc(Cl)cc9)CCC(C)(C)C8)CC7)cc6)cc5S(=O)(=O)C(F)(F)F)CC4)nn3)c2)cs1)C1CCCCC1
1080,CN[C@@H](C)C(=O)N[C@@H](C(=O)N1CCC[C@H]1c1nc(C(=O)c2cccc(OCCOCCOCCOCc3cn(CCCC(=O)N4CCN(CC[C@H](CSc5ccccc5)Nc5ccc(S(=O)(=O)NC(=O)c6ccc(N7CCN(CC8=C(c9ccc(Cl)cc9)CCC(C)(C)C8)CC7)cc6)cc5S(=O)(=O)C(F)(F)F)CC4)nn3)c2)cs1)C1CCCCC1
1081,CN[C@@H](C)C(=O)N[C@@H](C(=O)N1CCC[C@H]1c1nc(C(=O)c2cccc(OCCOCCOCC(=O)N3CCN(CC[C@H](CSc4ccccc4)Nc4ccc(S(=O)(=O)NC(=O)c5ccc(N6CCN(CC7=C(c8ccc(Cl)cc8)CCC(C)(C)C7)CC6)cc5)cc4S(=O)(=O)C(F)(F)F)CC3)c2)cs1)C1CCCCC1
1082,CN[C@@H](C)C(=O)N[C@@H](C(=O)N1CCC[C@H]1c1nc(C(=O)c2cccc(OCCOCCOCCOCCOCC(=O)N3CCN(CC[C@H](CSc4ccccc4)Nc4ccc(S(=O)(=O)NC(=O)c5ccc(N6CCN(CC7=C(c8ccc(Cl)cc8)CCC(C)(C)C7)CC6)cc5)cc4S(=O)(=O)C(F)(F)F)CC3)c2)cs1)C1CCCCC1
1083,CN[C@@H](C)C(=O)N[C@@H](C(=O)N1CCC[C@H]1c1nc(C(=O)c2cccc(OCCCC(=O)N3CCN(CC[C@H](CSc4ccccc4)Nc4ccc(S(=O)(=O)NC(=O)c5ccc(N6CCN(CC7=C(c8ccc(Cl)cc8)CCC(C)(C)C7)CC6)cc5)cc4S(=O)(=O)C(F)(F)F)CC3)c2)cs1)C1CCCCC1
1084,CN[C@@H](C)C(=O)N[C@@H](C(=O)N1CCC[C@H]1c1nc(C(=O)c2cccc(OCCCCC(=O)N3CCN(CC[C@H](CSc4ccccc4)Nc4ccc(S(=O)(=O)NC(=O)c5ccc(N6CCN(CC7=C(c8ccc(Cl)cc8)CCC(C)(C)C7)CC6)cc5)cc4S(=O)(=O)C(F)(F)F)CC3)c2)cs1)C1CCCCC1
1085,CN[C@@H](C)C(=O)N[C@@H](C(=O)N1CCC[C@H]1c1nc(C(=O)c2cccc(OCCCCCC(=O)N3CCN(CC[C@H](CSc4ccccc4)Nc4ccc(S(=O)(=O)NC(=O)c5ccc(N6CCN(CC7=C(c8ccc(Cl)cc8)CCC(C)(C)C7)CC6)cc5)cc4S(=O)(=O)C(F)(F)F)CC3)c2)cs1)C1CCCCC1
1086,CN[C@@H](C)C(=O)N[C@@H](C(=O)N1CCC[C@H]1c1nc(C(=O)c2cccc(OCCCCCCC(=O)N3CCN(CC[C@H](CSc4ccccc4)Nc4ccc(S(=O)(=O)NC(=O)c5ccc(N6CCN(CC7=C(c8ccc(Cl)cc8)CCC(C)(C)C7)CC6)cc5)cc4S(=O)(=O)C(F)(F)F)CC3)c2)cs1)C1CCCCC1
1087,CN[C@H](C)C(=O)N[C@@H]1CCO[C@@H]2CC(C)(C)[C@H](C(=O)N[C@@H]3CCCc4cc(OCCOCCOCc5cn(CCCC(=O)N6CCN(CC[C@H](CSc7ccccc7)Nc7ccc(S(=O)(=O)NC(=O)c8ccc(N9CCN(CC%10=C(c%11ccc(Cl)cc%11)CCC(C)(C)C%10)CC9)cc8)cc7S(=O)(=O)C(F)(F)F)CC6)nn5)ccc43)N2C1=O
1088,CN[C@H](C)C(=O)N[C@@H]1CCO[C@@H]2CC(C)(C)[C@H](C(=O)N[C@@H]3CCCc4cc(OCCOCCOCCOCc5cn(CCCC(=O)N6CCN(CC[C@H](CSc7ccccc7)Nc7ccc(S(=O)(=O)NC(=O)c8ccc(N9CCN(CC%10=C(c%11ccc(Cl)cc%11)CCC(C)(C)C%10)CC9)cc8)cc7S(=O)(=O)C(F)(F)F)CC6)nn5)ccc43)N2C1=O
1089,CN[C@H](C)C(=O)N[C@@H]1CCO[C@@H]2CC(C)(C)[C@H](C(=O)N[C@@H]3CCCc4cc(OCCOCCOCC(=O)N5CCN(CC[C@H](CSc6ccccc6)Nc6ccc(S(=O)(=O)NC(=O)c7ccc(N8CCN(CC9=C(c%10ccc(Cl)cc%10)CCC(C)(C)C9)CC8)cc7)cc6S(=O)(=O)C(F)(F)F)CC5)ccc43)N2C1=O
1090,CN[C@H](C)C(=O)N[C@@H]1CCO[C@@H]2CC(C)(C)[C@H](C(=O)N[C@@H]3CCCc4cc(OCCCOCCOCCOCCOCC(=O)N5CCN(CC[C@H](CSc6ccccc6)Nc6ccc(S(=O)(=O)NC(=O)c7ccc(N8CCN(CC9=C(c%10ccc(Cl)cc%10)CCC(C)(C)C9)CC8)cc7)cc6S(=O)(=O)C(F)(F)F)CC5)ccc43)N2C1=O
1091,CN[C@H](C)C(=O)N[C@@H]1CCO[C@@H]2CC(C)(C)[C@H](C(=O)N[C@@H]3CCCc4cc(OCCCC(=O)N5CCN(CC[C@H](CSc6ccccc6)Nc6ccc(S(=O)(=O)NC(=O)c7ccc(N8CCN(CC9=C(c%10ccc(Cl)cc%10)CCC(C)(C)C9)CC8)cc7)cc6S(=O)(=O)C(F)(F)F)CC5)ccc43)N2C1=O
1092,CN[C@H](C)C(=O)N[C@@H]1CCO[C@@H]2CC(C)(C)[C@H](C(=O)N[C@@H]3CCCc4cc(OCCCCC(=O)N5CCN(CC[C@H](CSc6ccccc6)Nc6ccc(S(=O)(=O)NC(=O)c7ccc(N8CCN(CC9=C(c%10ccc(Cl)cc%10)CCC(C)(C)C9)CC8)cc7)cc6S(=O)(=O)C(F)(F)F)CC5)ccc43)N2C1=O
1093,CN[C@H](C)C(=O)N[C@@H]1CCO[C@@H]2CC(C)(C)[C@H](C(=O)N[C@@H]3CCCc4cc(OCCCCCC(=O)N5CCN(CC[C@H](CSc6ccccc6)Nc6ccc(S(=O)(=O)NC(=O)c7ccc(N8CCN(CC9=C(c%10ccc(Cl)cc%10)CCC(C)(C)C9)CC8)cc7)cc6S(=O)(=O)C(F)(F)F)CC5)ccc43)N2C1=O
1094,CN[C@H](C)C(=O)N[C@@H]1CCO[C@@H]2CC(C)(C)[C@H](C(=O)N[C@@H]3CCCc4cc(OCCCCCCC(=O)N5CCN(CC[C@H](CSc6ccccc6)Nc6ccc(S(=O)(=O)NC(=O)c7ccc(N8CCN(CC9=C(c%10ccc(Cl)cc%10)CCC(C)(C)C9)CC8)cc7)cc6S(=O)(=O)C(F)(F)F)CC5)ccc43)N2C1=O
1095,Cc1ccc(-n2nc3c(=O)n(CCCC(=O)NCCCCCCCCNc4cccc5c4C(=O)N(C4CCC(=O)NC4=O)C5=O)nc(C)c3c2C)cc1
1096,Cc1ccc(NC(=O)c2ccc(CN3CCN(C(=O)CCCc4cn(CCNc5cccc6c5C(=O)N(C5CCC(=O)NC5=O)C6=O)nn4)CC3)cc2)cc1Nc1nccc(-c2cccnc2)n1
1097,Cc1ccc(NC(=O)c2ccc(CN3CCN(C(=O)CCCc4cn(CCOCCNc5cccc6c5C(=O)N(C5CCC(=O)NC5=O)C6=O)nn4)CC3)cc2)cc1Nc1nccc(-c2cccnc2)n1
1098,Cc1ccc(NC(=O)c2ccc(CN3CCN(C(=O)CCCc4cn(CCOCCOCCNc5cccc6c5C(=O)N(C5CCC(=O)NC5=O)C6=O)nn4)CC3)cc2)cc1Nc1nccc(-c2cccnc2)n1
1099,Cc1ccc(NC(=O)c2ccc(CN3CCN(C(=O)CCCc4cn(CCOCCOCCOCCNc5cccc6c5C(=O)N(C5CCC(=O)NC5=O)C6=O)nn4)CC3)cc2)cc1Nc1nccc(-c2cccnc2)n1
1100,Cc1ccc(NC(=O)c2ccc(CN3CCN(C(=O)CCCc4cn(CCOCCOCCOCCOCCNc5cccc6c5C(=O)N(C5CCC(=O)NC5=O)C6=O)nn4)CC3)cc2)cc1Nc1nccc(-c2cccnc2)n1
1101,Cc1nc(Nc2ncc(C(=O)Nc3c(C)cccc3Cl)s2)cc(N2CCN(C(=O)CCCc3cn(CCNc4cccc5c4C(=O)N(C4CCC(=O)NC4=O)C5=O)nn3)CC2)n1
1102,Cc1nc(Nc2ncc(C(=O)Nc3c(C)cccc3Cl)s2)cc(N2CCN(C(=O)CCCc3cn(CCOCCNc4cccc5c4C(=O)N(C4CCC(=O)NC4=O)C5=O)nn3)CC2)n1
1103,Cc1nc(Nc2ncc(C(=O)Nc3c(C)cccc3Cl)s2)cc(N2CCN(C(=O)CCCc3cn(CCOCCOCCNc4cccc5c4C(=O)N(C4CCC(=O)NC4=O)C5=O)nn3)CC2)n1
1104,Cc1nc(Nc2ncc(C(=O)Nc3c(C)cccc3Cl)s2)cc(N2CCN(C(=O)CCCc3cn(CCOCCOCCOCCNc4cccc5c4C(=O)N(C4CCC(=O)NC4=O)C5=O)nn3)CC2)n1
1105,Cc1nc(Nc2ncc(C(=O)Nc3c(C)cccc3Cl)s2)cc(N2CCN(C(=O)CCCc3cn(CCOCCOCCOCCOCCNc4cccc5c4C(=O)N(C4CCC(=O)NC4=O)C5=O)nn3)CC2)n1
1106,O=C1CCC(N2C(=O)c3cccc(NCCn4cc(CCCC(=O)N[C@@H]5CCN(c6ncc(C(=O)Nc7ccc(OC(F)(F)Cl)cc7)cc6-c6cc[nH]n6)C5)nn4)c3C2=O)C(=O)N1
1107,O=C1CCC(N2C(=O)c3cccc(NCCOCCn4cc(CCCC(=O)N[C@@H]5CCN(c6ncc(C(=O)Nc7ccc(OC(F)(F)Cl)cc7)cc6-c6cc[nH]n6)C5)nn4)c3C2=O)C(=O)N1
1108,O=C1CCC(N2C(=O)c3cccc(NCCOCCOCCn4cc(CCCC(=O)N[C@@H]5CCN(c6ncc(C(=O)Nc7ccc(OC(F)(F)Cl)cc7)cc6-c6cc[nH]n6)C5)nn4)c3C2=O)C(=O)N1
1109,O=C1CCC(N2C(=O)c3cccc(NCCOCCOCCOCCn4cc(CCCC(=O)N[C@@H]5CCN(c6ncc(C(=O)Nc7ccc(OC(F)(F)Cl)cc7)cc6-c6cc[nH]n6)C5)nn4)c3C2=O)C(=O)N1
1110,O=C1CCC(N2C(=O)c3cccc(NCCOCCOCCOCCOCCn4cc(CCCC(=O)N[C@@H]5CCN(c6ncc(C(=O)Nc7ccc(OC(F)(F)Cl)cc7)cc6-c6cc[nH]n6)C5)nn4)c3C2=O)C(=O)N1
1111,Cc1ccc(C(=O)Nc2ccc(CN3CCN(C(=O)CCCc4cn(CCNc5cccc6c5C(=O)N(C5CCC(=O)NC5=O)C6=O)nn4)CC3)c(C(F)(F)F)c2)cc1C#Cc1cnc2cccnn12
1112,Cc1ccc(C(=O)Nc2ccc(CN3CCN(C(=O)CCCc4cn(CCOCCNc5cccc6c5C(=O)N(C5CCC(=O)NC5=O)C6=O)nn4)CC3)c(C(F)(F)F)c2)cc1C#Cc1cnc2cccnn12
1113,Cc1ccc(C(=O)Nc2ccc(CN3CCN(C(=O)CCCc4cn(CCOCCOCCNc5cccc6c5C(=O)N(C5CCC(=O)NC5=O)C6=O)nn4)CC3)c(C(F)(F)F)c2)cc1C#Cc1cnc2cccnn12
1114,Cc1ccc(C(=O)Nc2ccc(CN3CCN(C(=O)CCCc4cn(CCOCCOCCOCCNc5cccc6c5C(=O)N(C5CCC(=O)NC5=O)C6=O)nn4)CC3)c(C(F)(F)F)c2)cc1C#Cc1cnc2cccnn12
1115,Cc1ccc(C(=O)Nc2ccc(CN3CCN(C(=O)CCCc4cn(CCOCCOCCOCCOCCNc5cccc6c5C(=O)N(C5CCC(=O)NC5=O)C6=O)nn4)CC3)c(C(F)(F)F)c2)cc1C#Cc1cnc2cccnn12
1116,Cc1cccc(/C=C/c2cnc(Nc3cc(N4CCN(C(=O)CCCc5cn(CCOCCOCCOCCOCCNc6cccc7c6C(=O)N(C6CCC(=O)NC6=O)C7=O)nn5)CC4)nc(C)n3)s2)c1
1117,Cc1ccc(C(=O)NCCCCNc2cccc3c2C(=O)N(C2CCC(=O)NC2=O)C3=O)cc1-n1c(C)cc(OCc2ccc(F)cc2F)c(Br)c1=O
1118,Cc1ccc(C(=O)NCCCCNC(=O)c2ccc3c(c2)C(=O)N(C2CCC(=O)NC2=O)C3=O)cc1-n1c(C)cc(OCc2ccc(F)cc2F)c(Br)c1=O
1119,Cc1ccc(C(=O)NCCOCCOCCOCCOCCOCCOCCNc2cccc3c2C(=O)N(C2CCC(=O)NC2=O)C3=O)cc1-n1c(C)cc(OCc2ccc(F)cc2F)c(Br)c1=O
1120,Cc1ccc(C(=O)NCCOCCOCCNc2cccc3c2C(=O)N(C2CCC(=O)NC2=O)C3=O)cc1-n1c(C)cc(OCc2ccc(F)cc2F)c(Br)c1=O
1121,Cc1ccc(C(=O)NCCOCCOCCNC(=O)c2ccc3c(c2)C(=O)N(C2CCC(=O)NC2=O)C3=O)cc1-n1c(C)cc(OCc2ccc(F)cc2F)c(Br)c1=O
1122,Cc1ccc(C(=O)NCCCCc2cn(CCOCCOCCOCCNc3cccc4c3C(=O)N(C3CCC(=O)NC3=O)C4=O)nn2)cc1-n1c(C)cc(OCc2ccc(F)cc2F)c(Br)c1=O
1123,Cc1ccc(C(=O)NCCCCc2cn(CCOCCOCCOCCOCCNc3cccc4c3C(=O)N(C3CCC(=O)NC3=O)C4=O)nn2)cc1-n1c(C)cc(OCc2ccc(F)cc2F)c(Br)c1=O
1124,Cc1ccc(C(=O)NCCCCc2cn(CCCC(=O)NCCOCCOCCNc3cccc4c3C(=O)N(C3CCC(=O)NC3=O)C4=O)nn2)cc1-n1c(C)cc(OCc2ccc(F)cc2F)c(Br)c1=O
1125,Cc1ccc(C(=O)NCCCCc2cn(CCCC(=O)NCCOCCOCCNc3cccc4c3C(=O)N(C3CCC(=O)N(Cc5ccccc5[N+](=O)[O-])C3=O)C4=O)nn2)cc1-n1c(C)cc(OCc2ccc(F)cc2F)c(Br)c1=O
1126,Cc1ccc(C(=O)NCCCCc2cn(CCCC(=O)NCCOCCOCCNC(=O)c3ccc4c(c3)C(=O)N(C3CCC(=O)NC3=O)C4=O)nn2)cc1-n1c(C)cc(OCc2ccc(F)cc2F)c(Br)c1=O
1127,Cc1ccc(C(=O)NCCCCc2cn(CCCC(=O)NCCCCCCc3cccc4c3C(=O)N(C3CCC(=O)NC3=O)C4=O)nn2)cc1-n1c(C)cc(OCc2ccc(F)cc2F)c(Br)c1=O
1128,Cc1ccc(C(=O)NCCCCc2cn(CCCC(=O)NCCCCCc3cccc4c3C(=O)N(C3CCC(=O)NC3=O)C4=O)nn2)cc1-n1c(C)cc(OCc2ccc(F)cc2F)c(Br)c1=O
1129,Cc1ccc(C(=O)NCCCCc2cn(CCCC(=O)NCCCCCCc3cccc4c3CN(C3CCC(=O)NC3=O)C4=O)nn2)cc1-n1c(C)cc(OCc2ccc(F)cc2F)c(Br)c1=O
1130,Cc1ccc(C(=O)NCCCCc2cn(CCCC(=O)NCCCCCc3cccc4c3CN(C3CCC(=O)NC3=O)C4=O)nn2)cc1-n1c(C)cc(OCc2ccc(F)cc2F)c(Br)c1=O
1131,Cc1ccc(C(=O)NCCc2cn(CCCC(=O)NCCNc3cccc4c3C(=O)N(C3CCC(=O)NC3=O)C4=O)nn2)cc1-n1c(C)cc(OCc2ccc(F)cc2F)c(Br)c1=O
1132,Cc1ccc(C(=O)NCCc2cn(CCCC(=O)NCCCNc3cccc4c3C(=O)N(C3CCC(=O)NC3=O)C4=O)nn2)cc1-n1c(C)cc(OCc2ccc(F)cc2F)c(Br)c1=O
1133,Cc1ccc(C(=O)NCCCc2cn(CCCC(=O)NCCCNc3cccc4c3C(=O)N(C3CCC(=O)NC3=O)C4=O)nn2)cc1-n1c(C)cc(OCc2ccc(F)cc2F)c(Br)c1=O
1134,Cc1ccc(C(=O)NCCc2cn(CCCC(=O)NCCCCNc3cccc4c3C(=O)N(C3CCC(=O)NC3=O)C4=O)nn2)cc1-n1c(C)cc(OCc2ccc(F)cc2F)c(Br)c1=O
1135,Cc1ccc(C(=O)NCCCCc2cn(CCCC(=O)NCCNc3cccc4c3C(=O)N(C3CCC(=O)NC3=O)C4=O)nn2)cc1-n1c(C)cc(OCc2ccc(F)cc2F)c(Br)c1=O
1136,Cc1ccc(C(=O)NCCCc2cn(CCCC(=O)NCCCCNc3cccc4c3C(=O)N(C3CCC(=O)NC3=O)C4=O)nn2)cc1-n1c(C)cc(OCc2ccc(F)cc2F)c(Br)c1=O
1137,Cc1ccc(C(=O)NCCCCc2cn(CCCC(=O)NCCCNc3cccc4c3C(=O)N(C3CCC(=O)NC3=O)C4=O)nn2)cc1-n1c(C)cc(OCc2ccc(F)cc2F)c(Br)c1=O
1138,Cc1ccc(C(=O)NCCCCc2cn(CCCC(=O)NCCCCNc3cccc4c3C(=O)N(C3CCC(=O)NC3=O)C4=O)nn2)cc1-n1c(C)cc(OCc2ccc(F)cc2F)c(Br)c1=O
1139,Cc1ccc(C(=O)NCCCCc2cn(CCC(C(=O)NCCCCNc3cccc4c3C(=O)N(C3CCC(=O)NC3=O)C4=O)N(C(=O)[O-])C(C)(C)C)nn2)cc1-n1c(C)cc(OCc2ccc(F)cc2F)c(Br)c1=O
1140,Cc1ccc(C(=O)NCCCCc2cn(CCC([NH3+])C(=O)NCCCCNc3cccc4c3C(=O)N(C3CCC(=O)NC3=O)C4=O)nn2)cc1-n1c(C)cc(OCc2ccc(F)cc2F)c(Br)c1=O.[Cl-]
1141,Cc1ccc(-n2nc3c(=O)n(CCCC(=O)NCCCNc4cccc5c4C(=O)N(C4CCC(=O)NC4=O)C5=O)nc(C)c3c2C)cc1
1142,Cc1ccc(-n2nc3c(=O)n(CCCC(=O)NCCCCNc4cccc5c4C(=O)N(C4CCC(=O)NC4=O)C5=O)nc(C)c3c2C)cc1
1143,Cc1ccc(-n2nc3c(=O)n(CCCC(=O)NCCCCCNc4cccc5c4C(=O)N(C4CCC(=O)NC4=O)C5=O)nc(C)c3c2C)cc1
1144,Cc1ccc(-n2nc3c(=O)n(CCCC(=O)NCCCCCCNc4cccc5c4C(=O)N(C4CCC(=O)NC4=O)C5=O)nc(C)c3c2C)cc1
1145,Cc1ccc(-n2nc3c(=O)n(CCCC(=O)NCCCCCCCNc4cccc5c4C(=O)N(C4CCC(=O)NC4=O)C5=O)nc(C)c3c2C)cc1
1146,Cc1ccc(-n2nc3c(=O)n(CCCC(=O)NCCOCCOCCNc4cccc5c4C(=O)N(C4CCC(=O)NC4=O)C5=O)nc(C)c3c2C)cc1
1147,Cc1ccc(-n2nc3c(=O)n(CCCC(=O)NCCCOCCOCCOCCCNc4cccc5c4C(=O)N(C4CCC(=O)NC4=O)C5=O)nc(C)c3c2C)cc1
1148,Cc1c(COc2ccc(CN3CCCCC3C(=O)NCCNC(=O)CCCC(=O)Nc3cccc4c3C(=O)N(C3CCC(=O)NC3=O)C4=O)cc2Br)cccc1-c1ccccc1
1149,Cc1c(COc2ccc(CN3CCCCC3C(=O)N3CCN(C(=O)CCCC(=O)Nc4cccc5c4C(=O)N(C4CCC(=O)NC4=O)C5=O)CC3)cc2Br)cccc1-c1ccccc1
1150,Cc1c(COc2ccc(CN3CCCCC3C(=O)NCCCCNc3cccc4c3C(=O)N(C3CCC(=O)NC3=O)C4=O)cc2Br)cccc1-c1ccccc1
1151,Cc1c(COc2cc(OCc3cccc(C#N)c3)c(CN3CCCCC3C(=O)NCCNC(=O)CCCC(=O)Nc3cccc4c3C(=O)N(C3CCC(=O)NC3=O)C4=O)cc2Cl)cccc1-c1ccccc1
1152,Cc1c(COc2cc(OCc3cccc(C#N)c3)c(CN3CCCCC3C(=O)NCCCCNC(=O)CCCC(=O)Nc3cccc4c3C(=O)N(C3CCC(=O)NC3=O)C4=O)cc2Cl)cccc1-c1ccccc1
1153,Cc1c(COc2cc(OCc3cccc(C#N)c3)c(CN3CCCCC3C(=O)NCCCNC(=O)CCC(=O)Nc3cccc4c3C(=O)N(C3CCC(=O)NC3=O)C4=O)cc2Cl)cccc1-c1ccccc1
1154,Cc1c(COc2cc(OCc3cccc(C#N)c3)c(CN3CCCCC3C(=O)NCCCCCNC(=O)CCCC(=O)Nc3cccc4c3C(=O)N(C3CCC(=O)NC3=O)C4=O)cc2Cl)cccc1-c1ccccc1
1155,Cc1c(COc2cc(OCc3cccc(C#N)c3)c(CN3CCCCC3C(=O)NCCNC(=O)CCCC(=O)Nc3ccc4c(c3)C(=O)N(C3CCC(=O)NC3=O)C4=O)cc2Cl)cccc1-c1ccccc1
1156,Cc1c(COc2cc(OCc3cccc(C#N)c3)c(CN3CCCCC3C(=O)N3CCN(C(=O)CCCC(=O)Nc4cccc5c4C(=O)N(C4CCC(=O)NC4=O)C5=O)CC3)cc2Cl)cccc1-c1ccccc1
1157,Cc1c(COc2cc(OCc3cccc(C#N)c3)c(CN3CCCCC3C(=O)N3CCN(C(=O)CCC(=O)Nc4cccc5c4C(=O)N(C4CCC(=O)NC4=O)C5=O)CC3)cc2Cl)cccc1-c1ccccc1
1158,Cc1c(COc2cc(OCc3cccc(C#N)c3)c(CN3CCCCC3C(=O)NCCNc3cccc4c3C(=O)N(C3CCC(=O)NC3=O)C4=O)cc2Cl)cccc1-c1ccccc1
1159,Cc1c(COc2cc(OCc3cccc(C#N)c3)c(CN3CCCCC3C(=O)NCCCNc3cccc4c3C(=O)N(C3CCC(=O)NC3=O)C4=O)cc2Cl)cccc1-c1ccccc1
1160,Cc1c(COc2cc(OCc3cccc(C#N)c3)c(CN3CCCCC3C(=O)NCCCCNc3cccc4c3C(=O)N(C3CCC(=O)NC3=O)C4=O)cc2Cl)cccc1-c1ccccc1
1161,Cc1c(COc2cc(OCc3cccc(C#N)c3)c(CN3CCCCC3C(=O)NCCCCCNc3cccc4c3C(=O)N(C3CCC(=O)NC3=O)C4=O)cc2Cl)cccc1-c1ccccc1
1162,Cc1c(COc2cc(OCc3cccc(C#N)c3)c(CN3CCCCC3C(=O)NCCCCCCNc3cccc4c3C(=O)N(C3CCC(=O)NC3=O)C4=O)cc2Cl)cccc1-c1ccccc1
1163,Cc1c(COc2cc(OCc3cccc(C#N)c3)c(CN3CCCCC3C(=O)NCCNC(=O)CCC(=O)Nc3cccc4c3C(=O)N(C3CCC(=O)NC3=O)C4=O)cc2Cl)cccc1-c1ccccc1
1164,Cc1c(COc2cc(OCc3cccc(C#N)c3)c(CN3CCCCC3C(=O)NCCNC(=O)COCC(=O)Nc3cccc4c3C(=O)N(C3CCC(=O)NC3=O)C4=O)cc2Cl)cccc1-c1ccccc1
1165,Cc1c(COc2cc(OCc3cccc(C#N)c3)c(CN3CCCCC3C(=O)NCCNC(=O)CCCC(=O)Nc3cccc4c3C(=O)N(C3CCC(=O)NC3=O)C4=O)cc2Cl)cccc1-c1ccc2c(c1)OCCO2
1166,Cc1c(COc2cc(OCc3cccc(C#N)c3)c(CN3CCCCC3C(=O)NCCNC(=O)CCCC(=O)Nc3ccc4c(c3)C(=O)N(C3CCC(=O)NC3=O)C4=O)cc2Cl)cccc1-c1ccc2c(c1)OCCO2
1167,Cc1c(COc2cc(OCc3cccc(C#N)c3)c(CN3CCCCC3C(=O)NCCNC(=O)COCC(=O)Nc3cccc4c3C(=O)N(C3CCC(=O)NC3=O)C4=O)cc2Cl)cccc1-c1ccc2c(c1)OCCO2
1168,Cc1c(COc2cc(OCc3cccc(C#N)c3)c(CN3CCCCC3C(=O)NCCNC(=O)CCC(=O)Nc3cccc4c3C(=O)N(C3CCC(=O)NC3=O)C4=O)cc2Cl)cccc1-c1ccc2c(c1)OCCO2
1169,Cc1c(COc2cc(OCc3cccc(C#N)c3)c(CN3CCCCC3C(=O)N3CCN(C(=O)CCCC(=O)Nc4cccc5c4C(=O)N(C4CCC(=O)NC4=O)C5=O)CC3)cc2Cl)cccc1-c1ccc2c(c1)OCCO2
1170,Cc1c(COc2cc(OCc3cccc(C#N)c3)c(CN3CCCCC3C(=O)N3CCN(C(=O)CCC(=O)Nc4cccc5c4C(=O)N(C4CCC(=O)NC4=O)C5=O)CC3)cc2Cl)cccc1-c1ccc2c(c1)OCCO2
1171,Cc1c(COc2cc(OCc3cccc(C#N)c3)c(CN3CCCCC3C(=O)NCCNc3cccc4c3C(=O)N(C3CCC(=O)NC3=O)C4=O)cc2Cl)cccc1-c1ccc2c(c1)OCCO2
1172,Cc1c(COc2cc(OCc3cccc(C#N)c3)c(CN3CCCCC3C(=O)NCCCNc3cccc4c3C(=O)N(C3CCC(=O)NC3=O)C4=O)cc2Cl)cccc1-c1ccc2c(c1)OCCO2
1173,Cc1c(COc2cc(OCc3cccc(C#N)c3)c(CN3CCCCC3C(=O)NCCCCNc3cccc4c3C(=O)N(C3CCC(=O)NC3=O)C4=O)cc2Cl)cccc1-c1ccc2c(c1)OCCO2
1174,Cc1c(COc2cc(OCc3cccc(C#N)c3)c(CN3CCCCC3C(=O)NCCCCCNc3cccc4c3C(=O)N(C3CCC(=O)NC3=O)C4=O)cc2Cl)cccc1-c1ccc2c(c1)OCCO2
1175,Cc1c(COc2cc(OCc3cccc(C#N)c3)c(CN3CCCCC3C(=O)NCCCCCCNc3cccc4c3C(=O)N(C3CCC(=O)NC3=O)C4=O)cc2Cl)cccc1-c1ccc2c(c1)OCCO2
1176,O=C1CCC(N2C(=O)c3cccc(NCCCCCCCC(=O)Nc4ccc(N5Cc6ccc(O)cc6OC5=O)cc4)c3C2=O)C(=O)N1
1177,CC[C@@H]1NC(=O)[C@H]([C@H](O)[C@H](C)C/C=C/CCCCC(=O)N[C@H](C(=O)N2C[C@H](O)C[C@H]2C(=O)N[C@@H](C)c2ccc(-c3scnc3C)cc2)C(C)(C)C)N(C)C(=O)[C@H](C(C)C)N(C)C(=O)[C@H](CC(C)C)N(C)C(=O)[C@H](CC(C)C)N(C)C(=O)[C@@H](C)NC(=O)[C@H](C)NC(=O)[C@H](CC(C)C)N(C)C(=O)[C@H](C(C)C)NC(=O)[C@H](CC(C)C)N(C)C(=O)CN(C)C1=O
1178,COc1cc(-c2cn(C)c(=O)c3cnccc23)cc(OC)c1CN1CCN(CCOCCOCC(=O)NCCNc2cccc3c2C(=O)N(C2CCC(=O)NC2=O)C3=O)CC1
1179,COc1cc(-c2cn(C)c(=O)c3cnccc23)cc(OC)c1CN1CCN(CCOCCOCCOCCOCC(=O)NCCNc2cccc3c2C(=O)N(C2CCC(=O)NC2=O)C3=O)CC1
1180,COc1cc(-c2cn(C)c(=O)c3cnccc23)cc(OC)c1CN1CCN(CCOCCOCC(=O)NCc2ccc(S(=O)(=O)Nc3cccc4c(Cl)c[nH]c34)cc2)CC1
1181,COc1cc(-c2cn(C)c(=O)c3cnccc23)cc(OC)c1CN1CCN(CCOCCOCCOCCOCC(=O)NCc2ccc(S(=O)(=O)Nc3cccc4c(Cl)c[nH]c34)cc2)CC1
1182,COc1cc(-c2cn(C)c(=O)c3cnccc23)cc(OC)c1CN1CCN(CCCCCOCCOCC(=O)N[C@@H](C(=O)N2C[C@@H](O)C[C@@H]2C(=O)NCc2ccc(-c3scnc3C)cc2)C(C)(C)C)CC1
1183,O=C1CCC(N2C(=O)c3cccc(CCCCCNC(=O)c4ccc(NC(=O)[C@@H]5NC6(CCCCC6)[C@@]6(C(=O)Nc7cc(Cl)ccc76)[C@H]5c5cccc(Cl)c5F)cc4)c3C2=O)C(=O)N1
1184,O=C1CCC(N2Cc3c(NCCCCNC(=O)c4ccc(NC(=O)[C@@H]5NC6(CCCCC6)[C@@]6(C(=O)Nc7cc(Cl)ccc76)[C@H]5c5cccc(Cl)c5F)cc4)cccc3C2=O)C(=O)N1
1185,O=C1CCC(N2Cc3c(C#CCCNC(=O)c4ccc(NC(=O)[C@@H]5NC6(CCCCC6)[C@@]6(C(=O)Nc7cc(Cl)ccc76)[C@H]5c5cccc(Cl)c5F)cc4)cccc3C2=O)C(=O)N1
1186,Cc1ncsc1-c1ccc([C@H](C)NC(=O)[C@@H]2C[C@@H](O)CN2C(=O)[C@@H](NC(=O)CCCCNC(=O)c2ccc(NC(=O)[C@@H]3NC4(CCCCC4)[C@@]4(C(=O)Nc5cc(Cl)ccc54)[C@H]3c3cccc(Cl)c3F)cc2)C(C)(C)C)cc1
1187,Cc1ncsc1-c1ccc([C@H](C)NC(=O)[C@@H]2C[C@@H](O)CN2C(=O)[C@@H](NC(=O)CCOCCOCCNC(=O)c2ccc(NC(=O)[C@@H]3NC4(CCCCC4)[C@@]4(C(=O)Nc5cc(Cl)ccc54)[C@H]3c3cccc(Cl)c3F)cc2)C(C)(C)C)cc1
1188,Cc1ncsc1-c1ccc([C@H](C)NC(=O)[C@@H]2C[C@@H](O)CN2C(=O)[C@@H](NC(=O)CCOCCOCCOCCNC(=O)c2ccc(NC(=O)[C@@H]3NC4(CCCCC4)[C@@]4(C(=O)Nc5cc(Cl)ccc54)[C@H]3c3cccc(Cl)c3F)cc2)C(C)(C)C)cc1
1189,Cc1ncsc1-c1ccc([C@@H](CC(=O)N2CCC(N3CCC(C#Cc4ccc(C(=O)N[C@H]5C(C)(C)[C@H](Oc6ccc(C#N)c(Cl)c6)C5(C)C)cc4)CC3)CC2)NC(=O)[C@@H]2C[C@@H](O)CN2C(=O)[C@@H](NC(=O)C2(F)CC2)C(C)(C)C)cc1
1190,Cc1ncsc1-c1ccc([C@H](CC(=O)N2CCC(N3CCC(C#Cc4ccc(C(=O)N[C@H]5C(C)(C)[C@H](Oc6ccc(C#N)c(Cl)c6)C5(C)C)cc4)CC3)CC2)NC(=O)[C@@H]2C[C@@H](O)CN2C(=O)[C@H](NC(=O)C2(F)CC2)C(C)(C)C)cc1
1191,CC1(C)[C@H](NC(=O)c2ccc(C(=O)NCCCCCCCCCCNc3cccc4c3C(=O)N(C3CCC(=O)NC3=O)C4=O)cc2)C(C)(C)[C@H]1Oc1ccc(C#N)c(Cl)c1
1192,CCn1nc(C2CC2)cc1Nc1nc(C(=O)NCCCCNC(=O)CNc2cccc3c2C(=O)N(C2CCC(=O)NC2=O)C3=O)nc2[nH]c3cc(-c4c(C)noc4C)c(OC)cc3c12
1193,CCn1nc(C2CC2)cc1Nc1nc(C(=O)NCCCCCCCOc2cccc3c2C(=O)N(C2CCC(=O)NC2=O)C3=O)nc2[nH]c3cc(-c4c(C)noc4C)c(OC)cc3c12
1194,CCn1nc(C2CC2)cc1Nc1nc(C(=O)NCCCCCCCNc2cccc3c2C(=O)N(C2CCC(=O)NC2=O)C3=O)nc2[nH]c3cc(-c4c(C)noc4C)c(OC)cc3c12
1195,CCn1nc(C2CC2)cc1Nc1nc(C(=O)NCCCCCCNc2cccc3c2C(=O)N(C2CCC(=O)NC2=O)C3=O)nc2[nH]c3cc(-c4c(C)noc4C)c(OC)cc3c12
1196,CCn1nc(C2CC2)cc1Nc1nc(C(=O)NCCCCCNc2cccc3c2C(=O)N(C2CCC(=O)NC2=O)C3=O)nc2[nH]c3cc(-c4c(C)noc4C)c(OC)cc3c12
1197,CCn1nc(C2CC2)cc1Nc1nc(C(=O)NCCCCNc2cccc3c2C(=O)N(C2CCC(=O)NC2=O)C3=O)nc2[nH]c3cc(-c4c(C)noc4C)c(OC)cc3c12
1198,CCn1nc(C2CC2)cc1Nc1nc(C(=O)NCCCNc2cccc3c2C(=O)N(C2CCC(=O)NC2=O)C3=O)nc2[nH]c3cc(-c4c(C)noc4C)c(OC)cc3c12
1199,CCn1nc(C2CC2)cc1Nc1nc(C(=O)NCCNc2cccc3c2C(=O)N(C2CCC(=O)NC2=O)C3=O)nc2[nH]c3cc(-c4c(C)noc4C)c(OC)cc3c12
1200,CCn1nc(C2CC2)cc1Nc1nc(C(=O)NCCCCCCc2cccc3c2C(=O)N(C2CCC(=O)NC2=O)C3=O)nc2[nH]c3cc(-c4c(C)noc4C)c(OC)cc3c12
1201,CCn1nc(C2CC2)cc1Nc1nc(C(=O)NCCOCCCc2cccc3c2C(=O)N(C2CCC(=O)NC2=O)C3=O)nc2[nH]c3cc(-c4c(C)noc4C)c(OC)cc3c12
1202,CCn1nc(C2CC2)cc1Nc1nc(C(=O)NCCCCCc2cccc3c2C(=O)N(C2CCC(=O)NC2=O)C3=O)nc2[nH]c3cc(-c4c(C)noc4C)c(OC)cc3c12
1203,CCn1nc(C2CC2)cc1Nc1nc(C(=O)NCCOCCCc2cccc3c2CN(C2CCC(=O)NC2=O)C3=O)nc2[nH]c3cc(-c4c(C)noc4C)c(OC)cc3c12
1204,COc1cc2c(cc1-c1c(C)noc1C)[nH]c1nc(C(=O)NCCCCCc3cccc4c3CN(C3CCC(=O)NC3=O)C4=O)ncc12
1205,Cc1nnc2n1-c1sc(C#Cc3cnn(CCCNc4cccc5c4CN(C4CCC(=O)NC4=O)C5=O)c3)c(Cc3ccccc3)c1COC2
1206,Cc1nnc2n1-c1sc(C#Cc3ccn(CCCCNc4cccc5c4CN(C4CCC(=O)NC4=O)C5=O)c3)c(Cc3ccccc3)c1COC2
1207,Cc1nnc2n1-c1sc(C#Cc3cnn(CCCCCc4cccc5c4CN(C4CCC(=O)NC4=O)C5=O)c3)c(Cc3ccccc3)c1COC2
1208,Cc1nnc2n1-c1sc(C#Cc3cnn(CCCC#Cc4cccc5c4C(=O)N(C4CCC(=O)NC4=O)C5=O)c3)c(Cc3ccccc3)c1COC2
1209,COc1ccc(C2=NC(c3ccc(Cl)cc3)C(c3ccc(Cl)cc3)N2C(=O)N2CCN(CC(=O)NCCOCCOCCOCCOCCn3cc(-c4ccc(-n5cc6cccc(C(N)=O)c6n5)cc4)nn3)C(=O)C2)c(OC(C)C)c1
1210,COc1ccc(C2=NC(c3ccc(Cl)cc3)C(c3ccc(Cl)cc3)N2C(=O)N2CCN(CC(=O)NCCOCCOCCOCCOCCn3cc(CCCC(=O)N4CCN(C(=O)c5cc(Cc6n[nH]c(=O)c7ccccc67)ccc5F)CC4)nn3)C(=O)C2)c(OC(C)C)c1
1211,COc1cc2c(Oc3ccc(NC(=O)C4(C(=O)Nc5ccc(F)cc5)CC4)cc3F)ccnc2cc1OCCOCCOCCC(=O)N[C@H](C(=O)N1C[C@H](O)C[C@H]1C(=O)NCc1ccc(-c2scnc2C)cc1)C(C)(C)C
1212,COc1cc2c(Oc3ccc(NC(=O)C4(C(=O)Nc5ccc(F)cc5)CC4)cc3F)ccnc2cc1OCCCOCCOCCC(=O)N[C@H](C(=O)N1C[C@H](O)C[C@H]1C(=O)NCc1ccc(-c2scnc2C)cc1)C(C)(C)C
1213,COc1cc2c(Oc3ccc(NC(=O)C4(C(=O)Nc5ccc(F)cc5)CC4)cc3F)ccnc2cc1OCCCCOCCCCOc1cc(-c2scnc2C)ccc1CNC(=O)[C@@H]1C[C@@H](O)CN1C(=O)[C@H](C(C)C)N1Cc2ccccc2C1=O
1214,COc1cc2c(Oc3ccc(NC(=O)C4(C(=O)Nc5ccc(F)cc5)CC4)cc3F)ccnc2cc1OCCCOCCOCCCOc1cc(-c2scnc2C)ccc1CNC(=O)[C@@H]1C[C@@H](O)CN1C(=O)[C@H](C(C)C)N1Cc2ccccc2C1=O
1215,COc1cc2c(Oc3ccc(NC(=O)C4(C(=O)Nc5ccc(F)cc5)CC4)cc3F)ccnc2cc1OCCCOCCCOCCCOc1cc(-c2scnc2C)ccc1CNC(=O)[C@@H]1C[C@@H](O)CN1C(=O)[C@H](C(C)C)N1Cc2ccccc2C1=O
1216,CC(=O)c1c(C)c2cnc(Nc3ccc(N4CCN(CC(=O)NCCCCNc5cccc6c5C(=O)N(C5CCC(=O)NC5=O)C6=O)CC4)cn3)nc2n(C2CCCC2)c1=O
1217,CC(=O)c1c(C)c2cnc(Nc3ccc(N4CCN(CC(=O)NCCCCCCCCNc5cccc6c5C(=O)N(C5CCC(=O)NC5=O)C6=O)CC4)cn3)nc2n(C2CCCC2)c1=O
1218,CC(=O)c1c(C)c2cnc(Nc3ccc(N4CCN(CCOCCOCCOc5cccc6c5C(=O)N(C5CCC(=O)NC5=O)C6=O)CC4)cn3)nc2n(C2CCCC2)c1=O
1219,Cc1sc2c(c1C)C(c1ccc(Cl)cc1)=N[C@@H](CC(=O)NCCCCCNc1cccc3c1CN(C1CCC(=O)NC1=O)C3=O)c1nnc(C)n1-2
1220,COc1cc(/C=C(\C#N)C(=O)NCCC(=O)N[C@H](C(=O)N2C[C@H](O)C[C@H]2C(=O)NCc2ccc(-c3scnc3C)cc2)C(C)(C)C)ccc1OCc1ccc(C(F)(F)F)cc1C(F)(F)F
1221,COc1cc(/C=C(\C#N)C(=O)NCCCC(=O)N[C@H](C(=O)N2C[C@H](O)C[C@H]2C(=O)NCc2ccc(-c3scnc3C)cc2)C(C)(C)C)ccc1OCc1ccc(C(F)(F)F)cc1C(F)(F)F
1222,COc1cc(/C=C(\C#N)C(=O)NCCCCC(=O)N[C@H](C(=O)N2C[C@H](O)C[C@H]2C(=O)NCc2ccc(-c3scnc3C)cc2)C(C)(C)C)ccc1OCc1ccc(C(F)(F)F)cc1C(F)(F)F
1223,COc1cc(/C=C(\C#N)C(=O)NCCCCCC(=O)N[C@H](C(=O)N2C[C@H](O)C[C@H]2C(=O)NCc2ccc(-c3scnc3C)cc2)C(C)(C)C)ccc1OCc1ccc(C(F)(F)F)cc1C(F)(F)F
1224,COc1cc(/C=C(\C#N)C(=O)NCCCCCCC(=O)N[C@H](C(=O)N2C[C@H](O)C[C@H]2C(=O)NCc2ccc(-c3scnc3C)cc2)C(C)(C)C)ccc1OCc1ccc(C(F)(F)F)cc1C(F)(F)F
1225,COc1cc(/C=C(\C#N)C(=O)NCCCCCCCC(=O)N[C@H](C(=O)N2C[C@H](O)C[C@H]2C(=O)NCc2ccc(-c3scnc3C)cc2)C(C)(C)C)ccc1OCc1ccc(C(F)(F)F)cc1C(F)(F)F
1226,COc1cc(/C=C(\C#N)C(=O)NCCOCC(=O)N[C@H](C(=O)N2C[C@H](O)C[C@H]2C(=O)NCc2ccc(-c3scnc3C)cc2)C(C)(C)C)ccc1OCc1ccc(C(F)(F)F)cc1C(F)(F)F
1227,COc1cc(/C=C(\C#N)C(=O)NCCOCCC(=O)N[C@H](C(=O)N2C[C@H](O)C[C@H]2C(=O)NCc2ccc(-c3scnc3C)cc2)C(C)(C)C)ccc1OCc1ccc(C(F)(F)F)cc1C(F)(F)F
1228,COc1cc(/C=C(\C#N)C(=O)NCCOCCOCCC(=O)N[C@H](C(=O)N2C[C@H](O)C[C@H]2C(=O)NCc2ccc(-c3scnc3C)cc2)C(C)(C)C)ccc1OCc1ccc(C(F)(F)F)cc1C(F)(F)F
1229,COc1cc(/C=C(\C#N)C(=O)NCCOCCOCCOCCC(=O)N[C@H](C(=O)N2C[C@H](O)C[C@H]2C(=O)NCc2ccc(-c3scnc3C)cc2)C(C)(C)C)ccc1OCc1ccc(C(F)(F)F)cc1C(F)(F)F
1230,Nc1ncnc2c1c(-c1ccc(Oc3ccccc3)cc1)nn2[C@@H]1CCCN(CC(=O)NCCOCCOCC(=O)NCCOCCOCC(=O)NCCOCCOc2cccc3c2C(=O)N(C2CCC(=O)NC2=O)C3=O)C1
1231,Cc1ncsc1-c1ccc(CNC(=O)[C@@H]2C[C@@H](O)CN2C(=O)[C@@H](NC(=O)COCCCCOCCCOc2ccc(NC(=O)C[C@@H]3N=C(c4ccc(Cl)cc4)c4c(sc(C)c4C)-n4c(C)nnc43)cc2)C(C)(C)C)cc1
1232,NC(=O)c1c(-c2ccc(Oc3ccc(F)cc3F)cc2)nn([C@@H]2CCCN(C(=O)OCCNc3cccc4c3C(=O)N(C3CCC(=O)NC3=O)C4=O)C2)c1N
1233,NC(=O)c1c(-c2ccc(Oc3ccc(F)cc3F)cc2)nn([C@@H]2CCCN(C(=O)COCCNc3cccc4c3C(=O)N(C3CCC(=O)NC3=O)C4=O)C2)c1N
1234,NC(=O)c1c(-c2ccc(Oc3ccc(F)cc3F)cc2)nn([C@@H]2CCCN(C(=O)OCCOCCNc3cccc4c3C(=O)N(C3CCC(=O)NC3=O)C4=O)C2)c1N
1235,NC(=O)c1c(-c2ccc(Oc3ccc(F)cc3F)cc2)nn([C@@H]2CCCN(C(=O)COCCOCCNc3cccc4c3C(=O)N(C3CCC(=O)NC3=O)C4=O)C2)c1N
1236,NC(=O)c1c(-c2ccc(Oc3ccc(F)cc3F)cc2)nn([C@@H]2CCCN(C(=O)OCCOCCOCCNc3cccc4c3C(=O)N(C3CCC(=O)NC3=O)C4=O)C2)c1N
1237,NC(=O)c1c(-c2ccc(Oc3ccc(F)cc3F)cc2)nn([C@@H]2CCCN(C(=O)OCCOCCOCCOCCNc3cccc4c3C(=O)N(C3CCC(=O)NC3=O)C4=O)C2)c1N
1238,NC(=O)c1c(-c2ccc(Oc3ccc(F)cc3F)cc2)nn([C@@H]2CCCN(C(=O)COCCOCCOCCOCCNc3cccc4c3C(=O)N(C3CCC(=O)NC3=O)C4=O)C2)c1N
1239,NC(=O)c1c(-c2ccc(Oc3ccc(F)cc3F)cc2)nn([C@@H]2CCCN(C(=O)OCCOCCOCCOCCOCCNc3cccc4c3C(=O)N(C3CCC(=O)NC3=O)C4=O)C2)c1N
1240,NC(=O)c1c(-c2ccc(Oc3ccc(F)cc3F)cc2)nn([C@@H]2CCCN(C(=O)COCCOCCOCCOCCOCCNc3cccc4c3C(=O)N(C3CCC(=O)NC3=O)C4=O)C2)c1N
1241,NC(=O)c1c(-c2ccc(Oc3ccc(F)cc3F)cc2)nn([C@@H]2CCCN(C(=O)OCCOCCOCCOCCOCCOCCNc3cccc4c3C(=O)N(C3CCC(=O)NC3=O)C4=O)C2)c1N
1242,NC(=O)c1c(-c2ccc(Oc3ccc(F)cc3F)cc2)nn([C@@H]2CCCN(C(=O)COCCOCCOCCOCCOCCOCCNc3cccc4c3C(=O)N(C3CCC(=O)NC3=O)C4=O)C2)c1N
1243,CN[C@@H](C)C(=O)N[C@H](C(=O)N1Cc2cc(OCCOCCOCCOCCOCCOC(=O)N3CCC[C@@H](n4nc(-c5ccc(Oc6ccc(F)cc6F)cc5)c(C(N)=O)c4N)C3)ccc2C[C@H]1C(=O)N[C@@H]1CCCc2ccccc21)C(C)(C)C
1244,CN[C@@H](C)C(=O)N[C@H](C(=O)N1Cc2cc(OCCOCCOCCOCCOCCOCCOC(=O)N3CCC[C@@H](n4nc(-c5ccc(Oc6ccc(F)cc6F)cc5)c(C(N)=O)c4N)C3)ccc2C[C@H]1C(=O)N[C@@H]1CCCc2ccccc21)C(C)(C)C
1245,COc1cc(OC)c(/C=C/S(=O)(=O)Cc2ccc(OC)c(NCC(=O)Nc3cccc4c3C(=O)N(C3CCC(=O)NC3=O)C4=O)c2)c(OC)c1
1246,COc1cc(OC)c(/C=C/S(=O)(=O)Cc2ccc(OC)c(NCC(=O)NCC(=O)Nc3cccc4c3C(=O)N(C3CCC(=O)NC3=O)C4=O)c2)c(OC)c1
1247,COc1cc(OC)c(/C=C/S(=O)(=O)Cc2ccc(OC)c(NC(=O)CCC(=O)NCC(=O)Nc3cccc4c3C(=O)N(C3CCC(=O)NC3=O)C4=O)c2)c(OC)c1
1248,COc1cc(OC)c(/C=C/S(=O)(=O)Cc2ccc(OC)c(NC(=O)CCCC(=O)NCC(=O)Nc3cccc4c3C(=O)N(C3CCC(=O)NC3=O)C4=O)c2)c(OC)c1
1249,Nc1ncnc2c1c(-c1ccc(Oc3ccccc3)cc1)nn2[C@@H]1CCCN(C(=O)c2cn(CCOCCOCCNc3cccc4c3C(=O)N(C3CCC(=O)NC3=O)C4=O)nn2)C1
1250,Nc1ncnc2c1c(-c1ccc(Oc3ccccc3)cc1)nn2[C@@H]1CCCN(C(=O)c2cn(CCOCCOCCOCCOCCNc3cccc4c3C(=O)N(C3CCC(=O)NC3=O)C4=O)nn2)C1
1251,COCCOc1ccc(Nc2ncc(F)c(Nc3cccc(NC(=O)CCCc4cn(CCOCCOCCNc5cccc6c5C(=O)N(C5CCC(=O)NC5=O)C6=O)nn4)c3)n2)cc1
1252,Nc1ncnc2c1c(-c1ccc(Oc3ccccc3)cc1)nn2[C@@H]1CCCN(C(=O)c2cnnn2CCOCCOCCOCCNc2cccc3c2C(=O)N(C2CCC(=O)NC2=O)C3=O)C1
1253,Nc1ncnc2c1c(-c1ccc(Oc3ccccc3)cc1)nn2[C@@H]1CCCN(C(=O)c2cnnn2CCOCCOCCOCCOCCNc2cccc3c2C(=O)N(C2CCC(=O)NC2=O)C3=O)C1
1254,COc1ccc(C2=N[C@H](c3ccc(Cl)cc3)[C@H](c3ccc(Cl)cc3)N2C(=O)N2CCN(CC(=O)NCCOCCOCCn3cc(CCCC(=O)N4CCC[C@@H](n5nc(-c6ccc(Oc7ccccc7)cc6)c6c(N)ncnc65)C4)nn3)C(=O)C2)c(OC(C)C)c1
1255,COCCOc1ccc(Nc2ncc(F)c(Nc3cccc(NC(=O)c4cn(CCOCCOCCOCCNC(=O)CN5CCN(C(=O)N6C(c7ccc(OC)cc7OC(C)C)=N[C@H](c7ccc(Cl)cc7)[C@@H]6c6ccc(Cl)cc6)CC5=O)nn4)c3)n2)cc1
1256,CCOc1cc(C(C)(C)C)ccc1C1=NC(C)(c2ccc(Cl)cc2)C(C)(c2ccc(Cl)cc2)N1C(=O)N1CCN(CC(=O)NCCOCCOCCOCCn2cc(C(=O)N3CCC[C@@H](n4nc(-c5ccc(Oc6ccccc6)cc5)c5c(N)ncnc54)C3)nn2)CC1
1257,CCOc1cc(C(C)(C)C)ccc1C1=NC(C)(c2ccc(Cl)cc2)C(C)(c2ccc(Cl)cc2)N1C(=O)N1CCN(CC(=O)NCCOCCOCCOCCOCCn2cc(C(=O)N3CCC[C@@H](n4nc(-c5ccc(Oc6ccccc6)cc5)c5c(N)ncnc54)C3)nn2)CC1
1258,Nc1ncnc2c1c(-c1ccc(Oc3ccccc3)cc1)nn2[C@@H]1CCCN(C(=O)c2cn(CCCCCCCCCCCNc3cccc4c3C(=O)N(C3CCC(=O)NC3=O)C4=O)nn2)C1
1259,Nc1ncnc2c1c(-c1ccc(Oc3ccccc3)cc1)nn2[C@@H]1CCCN(C(=O)CCCc2cn(CCCCCNc3cccc4c3C(=O)N(C3CCC(=O)NC3=O)C4=O)nn2)C1
1260,Nc1ncnc2c1c(-c1ccc(Oc3ccccc3)cc1)nn2[C@@H]1CCCN(C(=O)c2cn(CCCCCNc3cccc4c3C(=O)N(C3CCC(=O)NC3=O)C4=O)nn2)C1
1261,Nc1ncnc2c1c(-c1ccc(Oc3ccccc3)cc1)nn2[C@@H]1CCCN(C(=O)CCCCCCCNc2cccc3c2C(=O)N(C2CCC(=O)NC2=O)C3=O)C1
1262,Cc1cc(Nc2ncc(Cl)c(Nc3ccccc3S(=O)(=O)C(C)C)n2)c(OC(C)C)cc1C1CCN(C(=O)CCCCCC(=O)N[C@H](C(=O)N2C[C@H](O)C[C@H]2C(=O)NCc2ccc(-c3scnc3C)cc2)C(C)(C)C)CC1
1263,Cc1cc(Nc2ncc(Cl)c(Nc3ccccc3S(=O)(=O)C(C)C)n2)c(OC(C)C)cc1C1CCN(CCCCC(=O)N[C@H](C(=O)N2C[C@H](O)C[C@H]2C(=O)NCc2ccc(-c3scnc3C)cc2)C(C)(C)C)CC1
1264,Cc1cc(Nc2ncc(Cl)c(Nc3ccccc3S(=O)(=O)C(C)C)n2)c(OC(C)C)cc1C1CCN(CCCOCC(=O)N[C@H](C(=O)N2C[C@H](O)C[C@H]2C(=O)NCc2ccc(-c3scnc3C)cc2)C(C)(C)C)CC1
1265,Cc1cc(Nc2ncc(Cl)c(Nc3ccccc3S(=O)(=O)C(C)C)n2)c(OC(C)C)cc1C1CCN(CCOCCOCCOCC(=O)N[C@H](C(=O)N2C[C@H](O)C[C@H]2C(=O)NCc2ccc(-c3scnc3C)cc2)C(C)(C)C)CC1
1266,O=C1CCC(N2C(=O)c3cccc(NC(=O)CCCCCOc4c(O)cc(O)c5c(=O)cc(-c6ccccc6)oc45)c3C2=O)C(=O)N1
1267,O=C1CCC(N2C(=O)c3cccc(NC(=O)CCCCCCOc4c(O)cc(O)c5c(=O)cc(-c6ccccc6)oc45)c3C2=O)C(=O)N1
1268,O=C1CCC(N2C(=O)c3cccc(NC(=O)CCCCCCCOc4c(O)cc(O)c5c(=O)cc(-c6ccccc6)oc45)c3C2=O)C(=O)N1
1269,O=C1CCC(N2C(=O)c3cccc(NC(=O)CCCCCCCCCOc4c(O)cc(O)c5c(=O)cc(-c6ccccc6)oc45)c3C2=O)C(=O)N1
1270,O=C1CCC(N2C(=O)c3cccc(NC(=O)CCCCCn4cc(COc5c(O)cc(O)c6c(=O)cc(-c7ccccc7)oc56)nn4)c3C2=O)C(=O)N1
1271,O=C1CCC(N2C(=O)c3cccc(NC(=O)CCCCCCn4cc(COc5c(O)cc(O)c6c(=O)cc(-c7ccccc7)oc56)nn4)c3C2=O)C(=O)N1
1272,O=C1CCC(N2C(=O)c3cccc(NC(=O)CCCCCCCn4cc(COc5c(O)cc(O)c6c(=O)cc(-c7ccccc7)oc56)nn4)c3C2=O)C(=O)N1
1273,O=C1CCC(N2C(=O)c3cccc(NC(=O)CCCCCCCCCn4cc(COc5c(O)cc(O)c6c(=O)cc(-c7ccccc7)oc56)nn4)c3C2=O)C(=O)N1
1274,CC(=O)N[C@@H](C(=O)N1C[C@H](O)C[C@H]1C(=O)NCc1ccc(-c2scnc2C)cc1)C(C)(C)SCCCCCCNC(=O)C[C@@H]1N=C(c2ccc(Cl)cc2)c2c(sc(C)c2C)-n2c(C)nnc21
1275,CC(=O)N[C@@H](C(=O)N1C[C@H](O)C[C@H]1C(=O)NCc1ccc(-c2scnc2C)cc1)C(C)(C)SCCCCNC(=O)C[C@@H]1N=C(c2ccc(Cl)cc2)c2c(sc(C)c2C)-n2c(C)nnc21
1276,CC(=O)N[C@@H](C(=O)N1C[C@H](O)C[C@H]1C(=O)NCc1ccc(-c2scnc2C)cc1)C(C)(C)SCCOCCNC(=O)C[C@@H]1N=C(c2ccc(Cl)cc2)c2c(sc(C)c2C)-n2c(C)nnc21
1277,CC(=O)N[C@@H](C(=O)N1C[C@H](O)C[C@H]1C(=O)NCc1ccc(-c2scnc2C)cc1)C(C)(C)SCCCOCCCNC(=O)C[C@@H]1N=C(c2ccc(Cl)cc2)c2c(sc(C)c2C)-n2c(C)nnc21
1278,CC(=O)N[C@@H](C(=O)N1C[C@H](O)C[C@H]1C(=O)NCc1ccc(-c2scnc2C)cc1)C(C)(C)SCCCCOCCNC(=O)C[C@@H]1N=C(c2ccc(Cl)cc2)c2c(sc(C)c2C)-n2c(C)nnc21
1279,CC(=O)N[C@@H](C(=O)N1C[C@H](O)C[C@H]1C(=O)NCc1ccc(-c2scnc2C)cc1)C(C)(C)SCCOCCOCCNC(=O)C[C@@H]1N=C(c2ccc(Cl)cc2)c2c(sc(C)c2C)-n2c(C)nnc21
1280,Cc1ncsc1-c1ccc([C@H](C)NC(=O)[C@@H]2C[C@@H](O)CN2C(=O)[C@@H](NC(=O)COCCCOCCNC(=O)C[C@@H]2N=C(c3ccc(Cl)cc3)c3c(sc(C)c3C)-n3c(C)nnc32)C(C)(C)C)cc1
1281,CCC(C)(C)C(=O)C(=O)N1CCCC[C@H]1C(=O)O[C@H](CCc1ccc(OC)c(OC)c1)c1cccc(NC(=O)CCC(=O)NCCCCNC(=O)COc2cccc3c2C(=O)N(C2CCC(=O)NC2=O)C3=O)c1
1282,CCC(C)(C)C(=O)C(=O)N1CCCC[C@H]1C(=O)O[C@H](CCc1ccc(OC)c(OC)c1)c1cccc(NC(=O)CCC(=O)NCCCOCCOCCOCCCNC(=O)COc2cccc3c2C(=O)N(C2CCC(=O)NC2=O)C3=O)c1
1283,COc1cc(/C=C2\SC(=O)N(CCOCCC(=O)N[C@H](C(=O)N3C[C@H](O)C[C@H]3C(=O)NCc3ccc(-c4scnc4C)cc3)C(C)(C)C)C2=O)ccc1Oc1ccc(C#N)cc1C(F)(F)F
1284,Cc1ncsc1-c1ccc(CNC(=O)[C@@H]2C[C@@H](O)CN2C(=O)[C@@H](NC(=O)[C@H](Cc2ccccc2)NC(=O)COCCOCCOCCNC(=O)C[C@@H]2N=C(c3ccc(Cl)cc3)c3c(sc(C)c3C)-n3c(C)nnc32)C(C)(C)C)cc1
1285,COc1ccc(C2=N[C@H](c3ccc(Cl)cc3)[C@H](c3ccc(Cl)cc3)N2C(=O)N2CCN(CC(=O)NCCOCCOCCOCC(=O)Nc3ccc(OC[C@](C)(O)C(=O)Nc4ccc([N+](=O)[O-])c(C(F)(F)F)c4)cc3)C(=O)C2)c(OC(C)C)c1
1286,Cc1sc2c(c1C)C(c1ccc(Cl)cc1)=N[C@@H](CC(=O)NCCCCCCCCNC(=O)COc1cccc3c1C(=O)N(C1CCC(=O)NC1=O)C3=O)c1nnc(C)n1-2
1287,COC(=O)C[C@@H]1N=C(c2ccc(Cl)cc2)c2c(sc(C(=O)NCCCCCCCCNC(=O)COc3cccc4c3C(=O)N(C3CCC(=O)NC3=O)C4=O)c2C)-n2c(C)nnc21
1288,Cc1sc2c(c1C)C(c1ccc(Cl)cc1)=N[C@@H](CC(=O)NCCOCCOCCOCCOCCOCCOCCOCCOCCOCCNC(=O)COc1cccc3c1C(=O)N(C1CCC(=O)NC1=O)C3=O)c1nnc(C)n1-2
1289,Cc1sc2c(c1C)C(c1ccc(Cl)cc1)=N[C@@H](CC(=O)NCCNc1cccc3c1C(=O)N(C1CCC(=O)NC1=O)C3=O)c1nnc(C)n1-2
1290,COC(=O)C[C@@H]1N=C(c2ccc(Cl)cc2)c2c(sc(C(=O)NCCCCCCCCNc3cccc4c3C(=O)N(C3CCC(=O)NC3=O)C4=O)c2C)-n2c(C)nnc21
1291,COC(=O)C[C@@H]1N=C(c2ccc(Cl)cc2)c2c(sc(C(=O)NCCCCCCCCNc3ccc4c(c3)C(=O)N(C3CCC(=O)NC3=O)C4=O)c2C)-n2c(C)nnc21
1292,Cc1sc2c(c1C)C(c1ccc(Cl)cc1)=N[C@@H](CC(=O)NCCOc1cccc3c1C(=O)N(C1CCC(=O)NC1=O)C3=O)c1nnc(C)n1-2
1293,COC(=O)C[C@@H]1N=C(c2ccc(Cl)cc2)c2c(sc(C(=O)NCCCCCCCCOc3cccc4c3C(=O)N(C3CCC(=O)NC3=O)C4=O)c2C)-n2c(C)nnc21
1294,COC(=O)C[C@@H]1N=C(c2ccc(Cl)cc2)c2c(sc(C(=O)NCCCCCCCCOc3ccc4c(c3)C(=O)N(C3CCC(=O)NC3=O)C4=O)c2C)-n2c(C)nnc21
1295,COC(=O)C[C@@H]1N=C(c2ccc(Cl)cc2)c2c(sc(C(=O)NCCCNc3cccc4c3C(=O)N(C3CCC(=O)NC3=O)C4=O)c2C)-n2c(C)nnc21
1296,COC(=O)C[C@@H]1N=C(c2ccc(Cl)cc2)c2c(sc(C(=O)NCCCCNc3cccc4c3C(=O)N(C3CCC(=O)NC3=O)C4=O)c2C)-n2c(C)nnc21
1297,COC(=O)C[C@@H]1N=C(c2ccc(Cl)cc2)c2c(sc(C(=O)NCCCCCNc3cccc4c3C(=O)N(C3CCC(=O)NC3=O)C4=O)c2C)-n2c(C)nnc21
1298,Cc1nn(C)c(COc2ccc(N3CCN(C(=O)CCC(=O)NCCCOCCOCCOCCCNC(=O)COc4cccc5c4C(=O)N(C4CCC(=O)NC4=O)C5=O)CC3)cc2)c1-c1cccc2c(CCCOc3cccc4ccccc34)c(C(=O)O)n(CCN3CCOCC3)c12
1299,C#Cc1ccc([C@H](CC(=O)N2CCC(N3CCC(C#Cc4ccc(C(=O)N[C@H]5C(C)(C)[C@H](Oc6ccc(C#N)c(Cl)c6)C5(C)C)cc4)CC3)CC2)NC(=O)[C@@H]2C[C@@H](O)CN2C(=O)[C@@H](c2cc(C)no2)C(C)C)cc1
1300,Cc1cc([C@H](C(=O)N2C[C@H](O)C[C@H]2C(=O)N[C@@H](CC(=O)N2CCC(N3CCC(C#Cc4ccc(C(=O)N[C@H]5C(C)(C)[C@H](Oc6ccc(C#N)c(Cl)c6)C5(C)C)cc4)CC3)CC2)c2ccc(C#N)cc2)C(C)C)on1
1301,Cc1cc([C@H](C(=O)N2C[C@H](O)C[C@H]2C(=O)N[C@@H](CC(=O)N2CCC(N3CCC(C#Cc4ccc(C(=O)N[C@H]5C(C)(C)[C@H](Oc6ccc(C#N)c(Cl)c6)C5(C)C)cc4)CC3)CC2)c2ccc(Br)cc2)C(C)C)on1
1302,Cc1cc([C@H](C(=O)N2C[C@H](O)C[C@H]2C(=O)N[C@@H](CC(=O)N2CCC(N3CCC(C#Cc4ccc(C(=O)N[C@H]5C(C)(C)[C@H](Oc6ccc(C#N)c(Cl)c6)C5(C)C)cc4)CC3)CC2)c2ccc(Cl)cc2)C(C)C)on1
1303,Cc1cc([C@H](C(=O)N2C[C@H](O)C[C@H]2C(=O)N[C@@H](CC(=O)N2CCC(N3CCC(C#Cc4ccc(C(=O)N[C@H]5C(C)(C)[C@H](Oc6ccc(C#N)c(Cl)c6)C5(C)C)cc4)CC3)CC2)c2ccc(F)cc2)C(C)C)on1
1304,Cc1cc([C@H](C(=O)N2C[C@H](O)C[C@H]2C(=O)N[C@@H](CC(=O)N2CCC(N3CCC(C#Cc4ccc(C(=O)N[C@H]5C(C)(C)[C@H](Oc6ccc(C#N)c(Cl)c6)C5(C)C)cc4)CC3)CC2)c2ccccc2)C(C)C)on1
1305,CC(=O)N[C@H](C(=O)N1C[C@H](O)C[C@H]1C(=O)N[C@@H](CC(=O)N1CCC(N2CCC(C#Cc3ccc(C(=O)N[C@H]4C(C)(C)[C@H](Oc5ccc(C#N)c(Cl)c5)C4(C)C)cc3)CC2)CC1)c1ccccc1)C(C)C
1306,Cc1cc([C@H](C(=O)N2C[C@H](O)C[C@H]2C(=O)N[C@@H](CC(=O)N2CCC(N3CC(C#Cc4ccc(C(=O)N[C@H]5C(C)(C)[C@H](Oc6ccc(C#N)c(Cl)c6)C5(C)C)cc4)C3)CC2)c2ccccc2)C(C)C)on1
1307,Cc1cc([C@H](C(=O)N2C[C@H](O)C[C@H]2C(=O)N[C@@H](CC(=O)N2CC(N3CCC(C#Cc4ccc(C(=O)N[C@H]5C(C)(C)[C@H](Oc6ccc(C#N)c(Cl)c6)C5(C)C)cc4)CC3)C2)c2ccccc2)C(C)C)on1
1308,Cc1cc([C@H](C(=O)N2C[C@H](O)C[C@H]2C(=O)N[C@@H](CC(=O)N2CCC(C#Cc3ccc(C(=O)N[C@H]4C(C)(C)[C@H](Oc5ccc(C#N)c(Cl)c5)C4(C)C)cc3)CC2)c2ccccc2)C(C)C)on1
1309,Cc1cc([C@H](C(=O)N2C[C@H](O)C[C@H]2C(=O)N[C@@H](CC(=O)N2CCC(C3CN(c4ccc(C(=O)N[C@H]5C(C)(C)[C@H](Oc6ccc(C#N)c(Cl)c6)C5(C)C)cc4)C3)CC2)c2ccccc2)C(C)C)on1
1310,Cc1cc([C@H](C(=O)N2C[C@H](O)C[C@H]2C(=O)N[C@@H](CC(=O)N2CCC(N3CC(c4ccc(C(=O)N[C@H]5C(C)(C)[C@H](Oc6ccc(C#N)c(Cl)c6)C5(C)C)cc4)C3)CC2)c2ccccc2)C(C)C)on1
1311,Cc1cc([C@H](C(=O)N2C[C@H](O)C[C@H]2C(=O)N[C@@H](CC(=O)N2CCC(c3ccc(C(=O)N[C@H]4C(C)(C)[C@H](Oc5ccc(C#N)c(Cl)c5)C4(C)C)cc3)CC2)c2ccccc2)C(C)C)on1
1312,Cc1cc([C@H](C(=O)N2C[C@H](O)C[C@H]2C(=O)N[C@@H](CC(=O)N2CCN(c3ccc(C(=O)N[C@H]4C(C)(C)[C@H](Oc5ccc(C#N)c(Cl)c5)C4(C)C)cc3)CC2)c2ccccc2)C(C)C)on1
1313,Cc1cc([C@H](C(=O)N2C[C@H](O)C[C@H]2C(=O)N[C@@H](CC(=O)N2CCC(C#Cc3ccc(C(=O)N[C@H]4C(C)(C)[C@H](Oc5ccc(C#N)c(Cl)c5)C4(C)C)cc3)CC2)c2ccc(-c3scnc3C)cc2)C(C)C)on1
1314,Cc1cc([C@H](C(=O)N2C[C@H](O)C[C@H]2C(=O)N[C@@H](CC(=O)N2CCC(C#Cc3ccc(C(=O)N[C@H]4C(C)(C)[C@H](Oc5ccc(C#N)c(Cl)c5)C4(C)C)cc3)CC2)c2ccc(F)cc2)C(C)C)on1
1315,Cc1cc([C@H](C(=O)N2C[C@H](O)C[C@H]2C(=O)N[C@@H](CC(=O)N2CCC(C#Cc3ccc(C(=O)N[C@H]4C(C)(C)[C@H](Oc5ccc(C#N)c(Cl)c5)C4(C)C)cc3)CC2)c2ccc(Cl)cc2)C(C)C)on1
1316,Cc1cc([C@H](C(=O)N2C[C@H](O)C[C@H]2C(=O)N[C@@H](CC(=O)N2CCC(C#Cc3ccc(C(=O)N[C@H]4C(C)(C)[C@H](Oc5ccc(C#N)c(Cl)c5)C4(C)C)cc3)CC2)c2ccc(Br)cc2)C(C)C)on1
1317,Cc1cc([C@H](C(=O)N2C[C@H](O)C[C@H]2C(=O)N[C@@H](CC(=O)N2CCC(C#Cc3ccc(C(=O)N[C@H]4C(C)(C)[C@H](Oc5ccc(C#N)c(Cl)c5)C4(C)C)cc3)CC2)c2ccc(C#N)cc2)C(C)C)on1
1318,C#Cc1ccc([C@H](CC(=O)N2CCC(C#Cc3ccc(C(=O)N[C@H]4C(C)(C)[C@H](Oc5ccc(C#N)c(Cl)c5)C4(C)C)cc3)CC2)NC(=O)[C@@H]2C[C@@H](O)CN2C(=O)[C@@H](c2cc(C)no2)C(C)C)cc1
1319,CC(=O)N[C@H](C(=O)N1C[C@H](O)C[C@H]1C(=O)N[C@@H](CC(=O)N1CCC(C#Cc2ccc(C(=O)N[C@H]3C(C)(C)[C@H](Oc4ccc(C#N)c(Cl)c4)C3(C)C)cc2)CC1)c1ccccc1)C(C)C
1320,CC(=O)c1c(C)c2cnc(Nc3ccc(N4CCN(CC(=O)NCCCNc5cccc6c5C(=O)N(C5CCC(=O)NC5=O)C6=O)CC4)cn3)nc2n(C2CCCC2)c1=O
1321,CC(=O)c1c(C)c2cnc(Nc3ccc(N4CCN(CC(=O)NCCCCCNc5cccc6c5C(=O)N(C5CCC(=O)NC5=O)C6=O)CC4)cn3)nc2n(C2CCCC2)c1=O
1322,CC(=O)c1c(C)c2cnc(Nc3ccc(N4CCN(C(=O)c5cn(CCOCCNc6cccc7c6C(=O)N(C6CCC(=O)NC6=O)C7=O)nn5)CC4)cn3)nc2n(C2CCCC2)c1=O
1323,CC(=O)c1c(C)c2cnc(Nc3ccc(N4CCN(C(=O)Cc5cn(CCOCCNc6cccc7c6C(=O)N(C6CCC(=O)NC6=O)C7=O)nn5)CC4)cn3)nc2n(C2CCCC2)c1=O
1324,CC(=O)c1c(C)c2cnc(Nc3ccc(N4CCN(C(=O)CCc5cn(CCCNc6cccc7c6C(=O)N(C6CCC(=O)NC6=O)C7=O)nn5)CC4)cn3)nc2n(C2CCCC2)c1=O
1325,CC(=O)c1c(C)c2cnc(Nc3ccc(N4CCN(C(=O)CCCc5cn(CCNc6cccc7c6C(=O)N(C6CCC(=O)NC6=O)C7=O)nn5)CC4)cn3)nc2n(C2CCCC2)c1=O
1326,Cc1nc2c(F)cc(-c3nc(Nc4ccc(CN5CCN(Cc6cn(CCOCCNc7cccc8c7C(=O)N(C7CCC(=O)NC7=O)C8=O)nn6)CC5)cn4)ncc3F)cc2n1C(C)C
1327,Cc1nc2c(F)cc(-c3nc(Nc4ccc(CN5CCN(Cc6cn(CCOCCOCCNc7cccc8c7C(=O)N(C7CCC(=O)NC7=O)C8=O)nn6)CC5)cn4)ncc3F)cc2n1C(C)C
1328,Cc1nc2c(F)cc(-c3nc(Nc4ccc(CN5CCN(Cc6cn(CCOCCOCCOCCNc7cccc8c7C(=O)N(C7CCC(=O)NC7=O)C8=O)nn6)CC5)cn4)ncc3F)cc2n1C(C)C
1329,Cc1nc2c(F)cc(-c3nc(Nc4ccc(CN5CCN(Cc6cn(CCOCCOCCOCCOCCNc7cccc8c7C(=O)N(C7CCC(=O)NC7=O)C8=O)nn6)CC5)cn4)ncc3F)cc2n1C(C)C
1330,Cc1ncsc1-c1ccc(CNC(=O)[C@@H]2C[C@@H](O)CN2C(=O)[C@@H](NC(=O)CCOCCOCCOCCOCCOCCC(=O)N2CCC[C@@H](n3nc(-c4ccc(Oc5ccc(F)cc5F)cc4)c(C(N)=O)c3N)C2)C(C)(C)C)cc1
1331,Cc1ncsc1-c1ccc(CNC(=O)[C@@H]2C[C@@H](O)CN2C(=O)[C@@H](NC(=O)CCOCCOCCOCCOCCOCCOCCC(=O)N2CCC[C@@H](n3nc(-c4ccc(Oc5ccc(F)cc5F)cc4)c(C(N)=O)c3N)C2)C(C)(C)C)cc1
1332,COC(=O)C[C@@H]1N=C(c2ccc(Cl)cc2)c2c(sc(C(=O)NCCNc3cccc4c3C(=O)N(C3CCC(=O)NC3=O)C4=O)c2C)-n2c(C)nnc21
1333,CC(=O)c1c(C)c2cnc(Nc3ccc(N4CCN(Cc5cn(CCOCCNC(=O)CCC(=O)N[C@H](C(=O)N6C[C@H](O)C[C@H]6C(=O)NCc6ccc(-c7scnc7C)cc6)C(C)(C)C)nn5)CC4)cn3)nc2n(C2CCCC2)c1=O
1334,CC(=O)c1c(C)c2cnc(Nc3ccc(N4CCN(Cc5cn(CCOCCOCCNC(=O)CCC(=O)N[C@H](C(=O)N6C[C@H](O)C[C@H]6C(=O)NCc6ccc(-c7scnc7C)cc6)C(C)(C)C)nn5)CC4)cn3)nc2n(C2CCCC2)c1=O
1335,CC(=O)c1c(C)c2cnc(Nc3ccc(N4CCN(Cc5cn(CCOCCOCCOCCNC(=O)CCC(=O)N[C@H](C(=O)N6C[C@H](O)C[C@H]6C(=O)NCc6ccc(-c7scnc7C)cc6)C(C)(C)C)nn5)CC4)cn3)nc2n(C2CCCC2)c1=O
1336,CC(=O)c1c(C)c2cnc(Nc3ccc(N4CCN(Cc5cn(CCOCCOCCOCCOCCNC(=O)CCC(=O)N[C@H](C(=O)N6C[C@H](O)C[C@H]6C(=O)NCc6ccc(-c7scnc7C)cc6)C(C)(C)C)nn5)CC4)cn3)nc2n(C2CCCC2)c1=O
1337,CC(=O)c1c(C)c2cnc(Nc3ccc(N4CCN(Cc5cn(CCOCCNC(=O)[C@H](CC(C)C)NC(=O)[C@@H](O)[C@H](N)Cc6ccccc6)nn5)CC4)cn3)nc2n(C2CCCC2)c1=O
1338,CC(=O)c1c(C)c2cnc(Nc3ccc(N4CCN(Cc5cn(CCOCCOCCNC(=O)[C@H](CC(C)C)NC(=O)[C@@H](O)[C@H](N)Cc6ccccc6)nn5)CC4)cn3)nc2n(C2CCCC2)c1=O
1339,CC(=O)c1c(C)c2cnc(Nc3ccc(N4CCN(Cc5cn(CCOCCOCCOCCNC(=O)[C@H](CC(C)C)NC(=O)[C@@H](O)[C@H](N)Cc6ccccc6)nn5)CC4)cn3)nc2n(C2CCCC2)c1=O
1340,CC(=O)c1c(C)c2cnc(Nc3ccc(N4CCN(Cc5cn(CCOCCOCCOCCOCCNC(=O)[C@H](CC(C)C)NC(=O)[C@@H](O)[C@H](N)Cc6ccccc6)nn5)CC4)cn3)nc2n(C2CCCC2)c1=O
1341,Cc1ncsc1-c1ccc([C@H](C)NC(=O)[C@@H]2C[C@@H](O)CN2C(=O)[C@@H](NC(=O)COCCOCCOCCNC(=O)CCc2ccc(S(=O)(=O)Nc3cc(C)c(=O)n(C)c3Nc3ccc(I)cc3F)cc2)C(C)(C)C)cc1
1342,Cc1ncsc1-c1ccc([C@H](C)NC(=O)[C@@H]2C[C@@H](O)CN2C(=O)[C@@H](NC(=O)COCCOCCOCCOCCNC(=O)CCc2ccc(S(=O)(=O)Nc3cc(C)c(=O)n(C)c3Nc3ccc(I)cc3F)cc2)C(C)(C)C)cc1
1343,Cc1ncsc1-c1ccc([C@H](C)NC(=O)[C@@H]2C[C@@H](O)CN2C(=O)[C@@H](NC(=O)COCCOCCOCCNC(=O)COc2ccc(S(=O)(=O)Nc3cc(C)c(=O)n(C)c3Nc3ccc(I)cc3F)cc2)C(C)(C)C)cc1
1344,Cc1ncsc1-c1ccc([C@H](C)NC(=O)[C@@H]2C[C@@H](O)CN2C(=O)[C@@H](NC(=O)COCCOCCOCCOCCNC(=O)COc2ccc(S(=O)(=O)Nc3cc(C)c(=O)n(C)c3Nc3ccc(I)cc3F)cc2)C(C)(C)C)cc1
1345,Cc1ncsc1-c1ccc([C@H](C)NC(=O)[C@@H]2C[C@@H](O)CN2C(=O)[C@@H](NC(=O)COCCOCCOCCNC(=O)c2ccc(S(=O)(=O)Nc3cc(C)c(=O)n(C)c3Nc3ccc(I)cc3F)cc2)C(C)(C)C)cc1
1346,Cc1ncsc1-c1ccc([C@H](C)NC(=O)[C@@H]2C[C@@H](O)CN2C(=O)[C@@H](NC(=O)COCCOCCOCCOCCNC(=O)c2ccc(S(=O)(=O)Nc3cc(C)c(=O)n(C)c3Nc3ccc(I)cc3F)cc2)C(C)(C)C)cc1
1347,Cc1ncsc1-c1ccc([C@H](C)NC(=O)[C@@H]2C[C@@H](O)CN2C(=O)[C@@H](NC(=O)COCCOCCOCCNCc2ccc(S(=O)(=O)Nc3cc(C)c(=O)n(C)c3Nc3ccc(I)cc3F)cc2)C(C)(C)C)cc1
1348,Cc1ncsc1-c1ccc([C@H](C)NC(=O)[C@@H]2C[C@@H](O)CN2C(=O)[C@@H](NC(=O)COCCOCCOCCOCCNCc2ccc(S(=O)(=O)Nc3cc(C)c(=O)n(C)c3Nc3ccc(I)cc3F)cc2)C(C)(C)C)cc1
1349,Cc1ncsc1-c1ccc([C@H](C)NC(=O)[C@@H]2C[C@@H](O)CN2C(=O)[C@@H](NC(=O)COCCOCCOCCNC(=O)Cc2ccc(S(=O)(=O)Nc3cc(C)c(=O)n(C)c3Nc3ccc(I)cc3F)cc2)C(C)(C)C)cc1
1350,Cc1ncsc1-c1ccc([C@H](C)NC(=O)[C@@H]2C[C@@H](O)CN2C(=O)[C@@H](NC(=O)COCCOCCOCCOCCNC(=O)Cc2ccc(S(=O)(=O)Nc3cc(C)c(=O)n(C)c3Nc3ccc(I)cc3F)cc2)C(C)(C)C)cc1
1351,Cc1cc(NS(=O)(=O)c2ccc(C(=O)NCCOCCOCCOCC(=O)Nc3cccc4c3CN(C3CCC(=O)NC3=O)C4=O)cc2)c(Nc2ccc(I)cc2F)n(C)c1=O
1352,Cc1cc(NS(=O)(=O)c2ccc(C(=O)NCCOCCOCCOCCOCC(=O)Nc3cccc4c3CN(C3CCC(=O)NC3=O)C4=O)cc2)c(Nc2ccc(I)cc2F)n(C)c1=O
1353,Cc1cc(NS(=O)(=O)c2ccc(CNCCOCCOCCOCC(=O)Nc3cccc4c3CN(C3CCC(=O)NC3=O)C4=O)cc2)c(Nc2ccc(I)cc2F)n(C)c1=O
1354,Cc1cc(NS(=O)(=O)c2ccc(CNCCOCCOCCOCCOCC(=O)Nc3cccc4c3CN(C3CCC(=O)NC3=O)C4=O)cc2)c(Nc2ccc(I)cc2F)n(C)c1=O
1355,Cc1cc(NS(=O)(=O)c2ccc(CC(=O)NCCOCCOCCOCC(=O)Nc3cccc4c3CN(C3CCC(=O)NC3=O)C4=O)cc2)c(Nc2ccc(I)cc2F)n(C)c1=O
1356,Cc1cc(NS(=O)(=O)c2ccc(CC(=O)NCCOCCOCCOCCOCC(=O)Nc3cccc4c3CN(C3CCC(=O)NC3=O)C4=O)cc2)c(Nc2ccc(I)cc2F)n(C)c1=O
1357,Cc1cc(NS(=O)(=O)c2ccc(CCC(=O)NCCOCCOCCOCC(=O)Nc3cccc4c3CN(C3CCC(=O)NC3=O)C4=O)cc2)c(Nc2ccc(I)cc2F)n(C)c1=O
1358,Cc1cc(NS(=O)(=O)c2ccc(CCC(=O)NCCOCCOCCOCCOCC(=O)Nc3cccc4c3CN(C3CCC(=O)NC3=O)C4=O)cc2)c(Nc2ccc(I)cc2F)n(C)c1=O
1359,Cc1cc(NS(=O)(=O)c2ccc(OCC(=O)NCCOCCOCCOCC(=O)Nc3cccc4c3CN(C3CCC(=O)NC3=O)C4=O)cc2)c(Nc2ccc(I)cc2F)n(C)c1=O
1360,Cc1cc(NS(=O)(=O)c2ccc(OCC(=O)NCCOCCOCCOCCOCC(=O)Nc3cccc4c3CN(C3CCC(=O)NC3=O)C4=O)cc2)c(Nc2ccc(I)cc2F)n(C)c1=O
1361,Cc1cc(NS(=O)(=O)c2ccc(C(=O)NCCOCCOCCOCCOc3cccc4c3C(=O)N(C3CCC(=O)NC3=O)C4=O)cc2)c(Nc2ccc(I)cc2F)n(C)c1=O
1362,Cc1cc(NS(=O)(=O)c2ccc(C(=O)NCCOCCOCCOCCOCCOCCOc3cccc4c3C(=O)N(C3CCC(=O)NC3=O)C4=O)cc2)c(Nc2ccc(I)cc2F)n(C)c1=O
1363,Cc1cc(NS(=O)(=O)c2ccc(CNCCOCCOCCOCCOCCOCCOc3cccc4c3C(=O)N(C3CCC(=O)NC3=O)C4=O)cc2)c(Nc2ccc(I)cc2F)n(C)c1=O
1364,Cc1cc(NS(=O)(=O)c2ccc(CNCCOCCOCCOCCOc3cccc4c3C(=O)N(C3CCC(=O)NC3=O)C4=O)cc2)c(Nc2ccc(I)cc2F)n(C)c1=O
1365,Cc1cc(NS(=O)(=O)c2ccc(CC(=O)NCCOCCOCCOCCOc3cccc4c3C(=O)N(C3CCC(=O)NC3=O)C4=O)cc2)c(Nc2ccc(I)cc2F)n(C)c1=O
1366,Cc1cc(NS(=O)(=O)c2ccc(CC(=O)NCCOCCOCCOCCOCCOCCOc3cccc4c3C(=O)N(C3CCC(=O)NC3=O)C4=O)cc2)c(Nc2ccc(I)cc2F)n(C)c1=O
1367,Cc1cc(NS(=O)(=O)c2ccc(CCC(=O)NCCOCCOCCOCCOc3cccc4c3C(=O)N(C3CCC(=O)NC3=O)C4=O)cc2)c(Nc2ccc(I)cc2F)n(C)c1=O
1368,Cc1cc(NS(=O)(=O)c2ccc(CCC(=O)NCCOCCOCCOCCOCCOCCOc3cccc4c3C(=O)N(C3CCC(=O)NC3=O)C4=O)cc2)c(Nc2ccc(I)cc2F)n(C)c1=O
1369,Cc1cc(NS(=O)(=O)c2ccc(OCC(=O)NCCOCCOCCOCCOCCOCCOc3cccc4c3C(=O)N(C3CCC(=O)NC3=O)C4=O)cc2)c(Nc2ccc(I)cc2F)n(C)c1=O
1370,O=C(CCCCCNC(=O)CCCCC(=O)NCCN1C(=O)c2cccc3c(Sc4ccc(Br)cc4)ccc(c23)C1=O)NCCCCCCNc1cccc2c1C(=O)N(C1CCC(=O)NC1=O)C2=O
1371,COc1cc(N2CCN(C(=O)CCC(=O)N[C@H](C(=O)N3C[C@H](O)C[C@H]3C(=O)NCc3ccc(-c4scnc4C)cc3)C(C)(C)C)CC2)ccc1Nc1ncc(Cl)c(Nc2ccccc2P(C)(C)=O)n1
1372,COc1cc(N2CCN(C(=O)CCCC(=O)N[C@H](C(=O)N3C[C@H](O)C[C@H]3C(=O)NCc3ccc(-c4scnc4C)cc3)C(C)(C)C)CC2)ccc1Nc1ncc(Cl)c(Nc2ccccc2P(C)(C)=O)n1
1373,COc1cc(N2CCN(C(=O)CCCCC(=O)N[C@H](C(=O)N3C[C@H](O)C[C@H]3C(=O)NCc3ccc(-c4scnc4C)cc3)C(C)(C)C)CC2)ccc1Nc1ncc(Cl)c(Nc2ccccc2P(C)(C)=O)n1
1374,COc1cc(N2CCN(C(=O)CCCCCC(=O)N[C@H](C(=O)N3C[C@H](O)C[C@H]3C(=O)NCc3ccc(-c4scnc4C)cc3)C(C)(C)C)CC2)ccc1Nc1ncc(Cl)c(Nc2ccccc2P(C)(C)=O)n1
1375,COc1cc(N2CCC(NC(=O)CCC(=O)N[C@H](C(=O)N3C[C@H](O)C[C@H]3C(=O)NCc3ccc(-c4scnc4C)cc3)C(C)(C)C)CC2)ccc1Nc1ncc(Cl)c(Nc2ccccc2P(C)(C)=O)n1
1376,COc1cc(N2CCC(NC(=O)CCCC(=O)N[C@H](C(=O)N3C[C@H](O)C[C@H]3C(=O)NCc3ccc(-c4scnc4C)cc3)C(C)(C)C)CC2)ccc1Nc1ncc(Cl)c(Nc2ccccc2P(C)(C)=O)n1
1377,COc1cc(N2CCC(NC(=O)CCCCC(=O)N[C@H](C(=O)N3C[C@H](O)C[C@H]3C(=O)NCc3ccc(-c4scnc4C)cc3)C(C)(C)C)CC2)ccc1Nc1ncc(Cl)c(Nc2ccccc2P(C)(C)=O)n1
1378,COc1cc(N2CCC(NC(=O)CCCCCC(=O)N[C@H](C(=O)N3C[C@H](O)C[C@H]3C(=O)NCc3ccc(-c4scnc4C)cc3)C(C)(C)C)CC2)ccc1Nc1ncc(Cl)c(Nc2ccccc2P(C)(C)=O)n1
1379,COc1cc(N2CCC(N3CCN(C(=O)CCC(=O)N[C@H](C(=O)N4C[C@H](O)C[C@H]4C(=O)NCc4ccc(-c5scnc5C)cc4)C(C)(C)C)CC3)CC2)ccc1Nc1ncc(Cl)c(Nc2ccccc2P(C)(C)=O)n1
1380,COc1cc(N2CCC(N3CCN(C(=O)CCCC(=O)N[C@H](C(=O)N4C[C@H](O)C[C@H]4C(=O)NCc4ccc(-c5scnc5C)cc4)C(C)(C)C)CC3)CC2)ccc1Nc1ncc(Cl)c(Nc2ccccc2P(C)(C)=O)n1
1381,COc1cc(N2CCC(N3CCN(C(=O)CCCCC(=O)N[C@H](C(=O)N4C[C@H](O)C[C@H]4C(=O)NCc4ccc(-c5scnc5C)cc4)C(C)(C)C)CC3)CC2)ccc1Nc1ncc(Cl)c(Nc2ccccc2P(C)(C)=O)n1
1382,COc1cc(N2CCC(N3CCN(C(=O)CCCCCC(=O)N[C@H](C(=O)N4C[C@H](O)C[C@H]4C(=O)NCc4ccc(-c5scnc5C)cc4)C(C)(C)C)CC3)CC2)ccc1Nc1ncc(Cl)c(Nc2ccccc2P(C)(C)=O)n1
1383,COc1cc(N2CCN(C(=O)CCOCCOCCC(=O)N[C@H](C(=O)N3C[C@H](O)C[C@H]3C(=O)NCc3ccc(-c4scnc4C)cc3)C(C)(C)C)CC2)ccc1Nc1ncc(Cl)c(Nc2ccccc2P(C)(C)=O)n1
1384,COc1cc(N2CCN(C(=O)CCOCCOCCOCCC(=O)N[C@H](C(=O)N3C[C@H](O)C[C@H]3C(=O)NCc3ccc(-c4scnc4C)cc3)C(C)(C)C)CC2)ccc1Nc1ncc(Cl)c(Nc2ccccc2P(C)(C)=O)n1
1385,COc1cc(N2CCN(C(=O)CCOCCOCCOCCOCCC(=O)N[C@H](C(=O)N3C[C@H](O)C[C@H]3C(=O)NCc3ccc(-c4scnc4C)cc3)C(C)(C)C)CC2)ccc1Nc1ncc(Cl)c(Nc2ccccc2P(C)(C)=O)n1
1386,COc1cc(N2CCN(C(=O)CCOCCOCCOCCOCCOCCC(=O)N[C@H](C(=O)N3C[C@H](O)C[C@H]3C(=O)NCc3ccc(-c4scnc4C)cc3)C(C)(C)C)CC2)ccc1Nc1ncc(Cl)c(Nc2ccccc2P(C)(C)=O)n1
1387,COc1cc(N2CCC(NC(=O)CCOCCOCCC(=O)N[C@H](C(=O)N3C[C@H](O)C[C@H]3C(=O)NCc3ccc(-c4scnc4C)cc3)C(C)(C)C)CC2)ccc1Nc1ncc(Cl)c(Nc2ccccc2P(C)(C)=O)n1
1388,COc1cc(N2CCC(NC(=O)CCOCCOCCOCCC(=O)N[C@H](C(=O)N3C[C@H](O)C[C@H]3C(=O)NCc3ccc(-c4scnc4C)cc3)C(C)(C)C)CC2)ccc1Nc1ncc(Cl)c(Nc2ccccc2P(C)(C)=O)n1
1389,COc1cc(N2CCC(NC(=O)CCOCCOCCOCCOCCC(=O)N[C@H](C(=O)N3C[C@H](O)C[C@H]3C(=O)NCc3ccc(-c4scnc4C)cc3)C(C)(C)C)CC2)ccc1Nc1ncc(Cl)c(Nc2ccccc2P(C)(C)=O)n1
1390,COc1cc(N2CCC(NC(=O)CCOCCOCCOCCOCCOCCC(=O)N[C@H](C(=O)N3C[C@H](O)C[C@H]3C(=O)NCc3ccc(-c4scnc4C)cc3)C(C)(C)C)CC2)ccc1Nc1ncc(Cl)c(Nc2ccccc2P(C)(C)=O)n1
1391,COc1cc(N2CCC(N3CCN(C(=O)CCOCCOCCC(=O)N[C@H](C(=O)N4C[C@H](O)C[C@H]4C(=O)NCc4ccc(-c5scnc5C)cc4)C(C)(C)C)CC3)CC2)ccc1Nc1ncc(Cl)c(Nc2ccccc2P(C)(C)=O)n1
1392,COc1cc(N2CCC(N3CCN(C(=O)CCOCCOCCOCCC(=O)N[C@H](C(=O)N4C[C@H](O)C[C@H]4C(=O)NCc4ccc(-c5scnc5C)cc4)C(C)(C)C)CC3)CC2)ccc1Nc1ncc(Cl)c(Nc2ccccc2P(C)(C)=O)n1
1393,COc1cc(N2CCC(N3CCN(C(=O)CCOCCOCCOCCOCCC(=O)N[C@H](C(=O)N4C[C@H](O)C[C@H]4C(=O)NCc4ccc(-c5scnc5C)cc4)C(C)(C)C)CC3)CC2)ccc1Nc1ncc(Cl)c(Nc2ccccc2P(C)(C)=O)n1
1394,COc1cc(N2CCC(N3CCN(C(=O)CCOCCOCCOCCOCCOCCC(=O)N[C@H](C(=O)N4C[C@H](O)C[C@H]4C(=O)NCc4ccc(-c5scnc5C)cc4)C(C)(C)C)CC3)CC2)ccc1Nc1ncc(Cl)c(Nc2ccccc2P(C)(C)=O)n1
1395,COc1cc(N2CCN(CCOCCOCCNC(=O)CNc3cccc4c3C(=O)N(C3CCC(=O)NC3=O)C4=O)CC2)ccc1Nc1ncc(Cl)c(Nc2ccccc2S(=O)(=O)C(C)C)n1
1396,Cc1cc(Nc2ncc(Cl)c(Nc3ccccc3S(=O)(=O)C(C)C)n2)c(OC(C)C)cc1C1CCN(CCOCCOCCNC(=O)CNc2cccc3c2C(=O)N(C2CCC(=O)NC2=O)C3=O)CC1
1397,CCOc1cc(C(C)(C)C)ccc1C1=NC(c2ccc(Cl)cc2)C(c2ccc(Cl)cc2)N1C(=O)N1CCN(c2cccc3c2CN(C2CCC(=O)NC2=O)C3=O)CC1
1398,CCOc1cc(C(C)(C)C)ccc1C1=NC(c2ccc(Cl)cc2)C(c2ccc(Cl)cc2)N1C(=O)N1CCN(C(=O)CNc2cccc3c2CN(C2CCC(=O)NC2=O)C3=O)CC1
1399,COc1cc2ncnc(Nc3ccc(F)c(Cl)c3)c2cc1OCCCN1CCN(C(=O)CCOCCC(=O)N[C@H](C(=O)N2C[C@H](O)C[C@H]2C(=O)NCc2ccc(-c3scnc3C)cc2)C(C)(C)C)CC1
1400,COc1cc2ncnc(Nc3ccc(F)c(Cl)c3)c2cc1OCCCN1CCN(C(=O)CCOCCOCCOCCC(=O)N[C@H](C(=O)N2C[C@H](O)C[C@H]2C(=O)NCc2ccc(-c3scnc3C)cc2)C(C)(C)C)CC1
1401,COc1cc2ncnc(Nc3ccc(F)c(Cl)c3)c2cc1OCCCN1CCN(C(=O)CCOCCOCCOCCOCCOCCC(=O)N[C@H](C(=O)N2C[C@H](O)C[C@H]2C(=O)NCc2ccc(-c3scnc3C)cc2)C(C)(C)C)CC1
1402,COc1cc2ncnc(Nc3ccc(F)c(Cl)c3)c2cc1OCCCN1CCN(C(=O)CCC(=O)N[C@H](C(=O)N2C[C@H](O)C[C@H]2C(=O)NCc2ccc(-c3scnc3C)cc2)C(C)(C)C)CC1
1403,COc1cc2ncnc(Nc3ccc(F)c(Cl)c3)c2cc1OCCCN1CCN(C(=O)CCCCCC(=O)N[C@H](C(=O)N2C[C@H](O)C[C@H]2C(=O)NCc2ccc(-c3scnc3C)cc2)C(C)(C)C)CC1
1404,COc1cc2ncnc(Nc3ccc(F)c(Cl)c3)c2cc1OCCCN1CCN(C(=O)CCCCCCCCCC(=O)N[C@H](C(=O)N2C[C@H](O)C[C@H]2C(=O)NCc2ccc(-c3scnc3C)cc2)C(C)(C)C)CC1
1405,COc1cc2ncnc(Nc3ccc(F)c(Cl)c3)c2cc1OCCCN1CCN(CCC(=O)NCCOCCNc2cccc3c2C(=O)N(C2CCC(=O)NC2=O)C3=O)CC1
1406,COc1cc2ncnc(Nc3ccc(F)c(Cl)c3)c2cc1OCCCN1CCN(CCC(=O)NCCOCCOCCOCCOCCOCCNc2cccc3c2C(=O)N(C2CCC(=O)NC2=O)C3=O)CC1
1407,COc1cc2ncnc(Nc3ccc(F)c(Cl)c3)c2cc1OCCCN1CCN(CCC(=O)NCCCCCCNc2cccc3c2C(=O)N(C2CCC(=O)NC2=O)C3=O)CC1
1408,COc1cc2ncnc(Nc3ccc(F)c(Cl)c3)c2cc1OCCCN1CCN(CCC(=O)NCCCCCCCCOc2cccc3c2C(=O)N(C2CCC(=O)NC2=O)C3=O)CC1
1409,O=C(COc1cccc2c1C(=O)N(C1CCC(=O)NC1=O)C2=O)NCCCC(=O)N1CCC(NC(=O)c2[nH]ncc2NC(=O)c2c(Cl)cccc2Cl)CC1
1410,O=C(COc1cccc2c1C(=O)N(C1CCC(=O)NC1=O)C2=O)NCCCCCC(=O)N1CCC(NC(=O)c2[nH]ncc2NC(=O)c2c(Cl)cccc2Cl)CC1
1411,O=C(CCC(=O)N1CCC(NC(=O)c2[nH]ncc2NC(=O)c2c(Cl)cccc2Cl)CC1)NCCNc1cccc2c1C(=O)N(C1CCC(=O)NC1=O)C2=O
1412,O=C(CCC(=O)N1CCC(NC(=O)c2[nH]ncc2NC(=O)c2c(Cl)cccc2Cl)CC1)NCCCCNc1cccc2c1C(=O)N(C1CCC(=O)NC1=O)C2=O
1413,O=C(CCC(=O)N1CCC(NC(=O)c2[nH]ncc2NC(=O)c2c(Cl)cccc2Cl)CC1)NCCCCCCNc1cccc2c1C(=O)N(C1CCC(=O)NC1=O)C2=O
1414,O=C(CCC(=O)N1CCC(NC(=O)c2[nH]ncc2NC(=O)c2c(Cl)cccc2Cl)CC1)NCCNC(=O)COc1cccc2c1C(=O)N(C1CCC(=O)NC1=O)C2=O
1415,O=C(CCC(=O)N1CCC(NC(=O)c2[nH]ncc2NC(=O)c2c(Cl)cccc2Cl)CC1)NCCCCNC(=O)COc1cccc2c1C(=O)N(C1CCC(=O)NC1=O)C2=O
1416,O=C(CCC(=O)N1CCC(NC(=O)c2[nH]ncc2NC(=O)c2c(Cl)cccc2Cl)CC1)NCCCCCCNC(=O)COc1cccc2c1C(=O)N(C1CCC(=O)NC1=O)C2=O
1417,O=C(COc1cccc2c1C(=O)N(C1CCC(=O)NC1=O)C2=O)NCCOCCOCC(=O)N1CCC(NC(=O)c2[nH]ncc2NC(=O)c2c(Cl)cccc2Cl)CC1
1418,O=C(CCC(=O)N1CCC(NC(=O)c2[nH]ncc2NC(=O)c2c(Cl)cccc2Cl)CC1)NCCCOCCOCCOCCCNC(=O)COc1cccc2c1C(=O)N(C1CCC(=O)NC1=O)C2=O
1419,O=C(COc1cccc2c1C(=O)N(C1CCC(=O)NC1=O)C2=O)NCCCC(=O)N1CCN(Cc2ccc(NC(=O)c3[nH]ncc3Nc3ncnc4[nH]ccc34)cc2)CC1
1420,O=C(COc1cccc2c1C(=O)N(C1CCC(=O)NC1=O)C2=O)NCCCCCC(=O)N1CCN(Cc2ccc(NC(=O)c3[nH]ncc3Nc3ncnc4[nH]ccc34)cc2)CC1
1421,O=C(CCC(=O)N1CCN(Cc2ccc(NC(=O)c3[nH]ncc3Nc3ncnc4[nH]ccc34)cc2)CC1)NCCNc1cccc2c1C(=O)N(C1CCC(=O)NC1=O)C2=O
1422,O=C(CCC(=O)N1CCN(Cc2ccc(NC(=O)c3[nH]ncc3Nc3ncnc4[nH]ccc34)cc2)CC1)NCCCCNc1cccc2c1C(=O)N(C1CCC(=O)NC1=O)C2=O
1423,O=C(CCC(=O)N1CCN(Cc2ccc(NC(=O)c3[nH]ncc3Nc3ncnc4[nH]ccc34)cc2)CC1)NCCCCCCNc1cccc2c1C(=O)N(C1CCC(=O)NC1=O)C2=O
1424,O=C(CCC(=O)N1CCN(Cc2ccc(NC(=O)c3[nH]ncc3Nc3ncnc4[nH]ccc34)cc2)CC1)NCCNC(=O)COc1cccc2c1C(=O)N(C1CCC(=O)NC1=O)C2=O
1425,O=C(CCC(=O)N1CCN(Cc2ccc(NC(=O)c3[nH]ncc3Nc3ncnc4[nH]ccc34)cc2)CC1)NCCCCNC(=O)COc1cccc2c1C(=O)N(C1CCC(=O)NC1=O)C2=O
1426,O=C(CCC(=O)N1CCN(Cc2ccc(NC(=O)c3[nH]ncc3Nc3ncnc4[nH]ccc34)cc2)CC1)NCCCCCCNC(=O)COc1cccc2c1C(=O)N(C1CCC(=O)NC1=O)C2=O
1427,O=C(COc1cccc2c1C(=O)N(C1CCC(=O)NC1=O)C2=O)NCCOCCOCC(=O)N1CCN(Cc2ccc(NC(=O)c3[nH]ncc3Nc3ncnc4[nH]ccc34)cc2)CC1
1428,O=C(CCC(=O)N1CCN(Cc2ccc(NC(=O)c3[nH]ncc3Nc3ncnc4[nH]ccc34)cc2)CC1)NCCCOCCOCCOCCCNC(=O)COc1cccc2c1C(=O)N(C1CCC(=O)NC1=O)C2=O
1429,Cc1ncsc1-c1ccc([C@H](C)NC(=O)[C@@H]2C[C@@H](O)CN2C(=O)[C@@H](NC(=O)CCOCCN2CCN(CC[C@H](CSc3ccccc3)Nc3ccc(S(=O)(=O)NC(=O)c4ccc(N5CCN(CC6=C(c7ccc(Cl)cc7)CCC(C)(C)C6)CC5)cc4)cc3S(=O)(=O)C(F)(F)F)CC2)C(C)(C)C)cc1
1430,Cc1ncsc1-c1ccc([C@H](C)NC(=O)[C@@H]2C[C@@H](O)CN2C(=O)[C@@H](NC(=O)CCOCCOCCN2CCN(CC[C@H](CSc3ccccc3)Nc3ccc(S(=O)(=O)NC(=O)c4ccc(N5CCN(CC6=C(c7ccc(Cl)cc7)CCC(C)(C)C6)CC5)cc4)cc3S(=O)(=O)C(F)(F)F)CC2)C(C)(C)C)cc1
1431,CC1(C)CCC(c2ccc(Cl)cc2)=C(CN2CCN(c3ccc(C(=O)NS(=O)(=O)c4ccc(N[C@H](CCN5CCN(C(=O)CCCNc6cccc7c6C(=O)N(C6CCC(=O)NC6=O)C7=O)CC5)CSc5ccccc5)c(S(=O)(=O)C(F)(F)F)c4)cc3)CC2)C1
1432,CC1(C)CCC(c2ccc(Cl)cc2)=C(CN2CCN(c3ccc(C(=O)NS(=O)(=O)c4ccc(N[C@H](CCN5CCN(C(=O)CCCCNc6cccc7c6C(=O)N(C6CCC(=O)NC6=O)C7=O)CC5)CSc5ccccc5)c(S(=O)(=O)C(F)(F)F)c4)cc3)CC2)C1
1433,CC1(C)CCC(c2ccc(Cl)cc2)=C(CN2CCN(c3ccc(C(=O)NS(=O)(=O)c4ccc(N[C@H](CCN5CCN(C(=O)CCCCCNc6cccc7c6C(=O)N(C6CCC(=O)NC6=O)C7=O)CC5)CSc5ccccc5)c(S(=O)(=O)C(F)(F)F)c4)cc3)CC2)C1
1434,CC1(C)CCC(c2ccc(Cl)cc2)=C(CN2CCN(c3ccc(C(=O)NS(=O)(=O)c4ccc(N[C@H](CCN5CCN(C(=O)CCCCCCNc6cccc7c6C(=O)N(C6CCC(=O)NC6=O)C7=O)CC5)CSc5ccccc5)c(S(=O)(=O)C(F)(F)F)c4)cc3)CC2)C1
1435,CC1(C)CCC(c2ccc(Cl)cc2)=C(CN2CCN(c3ccc(C(=O)NS(=O)(=O)c4ccc(N[C@H](CCN5CCN(C(=O)CCCCCCCNc6cccc7c6C(=O)N(C6CCC(=O)NC6=O)C7=O)CC5)CSc5ccccc5)c(S(=O)(=O)C(F)(F)F)c4)cc3)CC2)C1
1436,CC1(C)CCC(c2ccc(Cl)cc2)=C(CN2CCN(c3ccc(C(=O)NS(=O)(=O)c4ccc(N[C@H](CCN5CCN(CCCNc6cccc7c6C(=O)N(C6CCC(=O)NC6=O)C7=O)CC5)CSc5ccccc5)c(S(=O)(=O)C(F)(F)F)c4)cc3)CC2)C1
1437,CC1(C)CCC(c2ccc(Cl)cc2)=C(CN2CCN(c3ccc(C(=O)NS(=O)(=O)c4ccc(N[C@H](CCN5CCN(CCCCNc6cccc7c6C(=O)N(C6CCC(=O)NC6=O)C7=O)CC5)CSc5ccccc5)c(S(=O)(=O)C(F)(F)F)c4)cc3)CC2)C1
1438,CC1(C)CCC(c2ccc(Cl)cc2)=C(CN2CCN(c3ccc(C(=O)NS(=O)(=O)c4ccc(N[C@H](CCN5CCN(CCCCCNc6cccc7c6C(=O)N(C6CCC(=O)NC6=O)C7=O)CC5)CSc5ccccc5)c(S(=O)(=O)C(F)(F)F)c4)cc3)CC2)C1
1439,CC1(C)CCC(c2ccc(Cl)cc2)=C(CN2CCN(c3ccc(C(=O)NS(=O)(=O)c4ccc(N[C@H](CCN5CCN(C(=O)COCCOCCNc6cccc7c6C(=O)N(C6CCC(=O)NC6=O)C7=O)CC5)CSc5ccccc5)c(S(=O)(=O)C(F)(F)F)c4)cc3)CC2)C1
1440,CC1(C)CCC(c2ccc(Cl)cc2)=C(CN2CCN(c3ccc(C(=O)NS(=O)(=O)c4ccc(N[C@H](CCN5CCN(C(=O)COCCOCCOCCNc6cccc7c6C(=O)N(C6CCC(=O)NC6=O)C7=O)CC5)CSc5ccccc5)c(S(=O)(=O)C(F)(F)F)c4)cc3)CC2)C1
1441,CC1(C)CCC(c2ccc(Cl)cc2)=C(CN2CCN(c3ccc(C(=O)NS(=O)(=O)c4ccc(N[C@H](CCN5CCN(C(=O)COCCOCCOCCOCCNc6cccc7c6C(=O)N(C6CCC(=O)NC6=O)C7=O)CC5)CSc5ccccc5)c(S(=O)(=O)C(F)(F)F)c4)cc3)CC2)C1
1442,CC1(C)CCC(c2ccc(Cl)cc2)=C(CN2CCN(c3ccc(C(=O)NS(=O)(=O)c4ccc(N[C@H](CCN5CCN(C(=O)NCCOCCOCCNc6cccc7c6C(=O)N(C6CCC(=O)NC6=O)C7=O)CC5)CSc5ccccc5)c(S(=O)(=O)C(F)(F)F)c4)cc3)CC2)C1
1443,CC1(C)CCC(c2ccc(Cl)cc2)=C(CN2CCN(c3ccc(C(=O)NS(=O)(=O)c4ccc(N[C@H](CCN5CCN(C(=S)NCCOCCOCCNc6cccc7c6C(=O)N(C6CCC(=O)NC6=O)C7=O)CC5)CSc5ccccc5)c(S(=O)(=O)C(F)(F)F)c4)cc3)CC2)C1
1444,CC1(C)CCC(c2ccc(Cl)cc2)=C(CN2CCN(c3ccc(C(=O)NS(=O)(=O)c4ccc(N[C@H](CCN5CCN(CCOCCNc6cccc7c6C(=O)N(C6CCC(=O)NC6=O)C7=O)CC5)CSc5ccccc5)c(S(=O)(=O)C(F)(F)F)c4)cc3)CC2)C1
1445,CC1(C)CCC(c2ccc(Cl)cc2)=C(CN2CCN(c3ccc(C(=O)NS(=O)(=O)c4ccc(N[C@H](CCN5CCN(CCOCCOCCNc6cccc7c6C(=O)N(C6CCC(=O)NC6=O)C7=O)CC5)CSc5ccccc5)c(S(=O)(=O)C(F)(F)F)c4)cc3)CC2)C1
1446,CC1(C)CCC(c2ccc(Cl)cc2)=C(CN2CCN(c3ccc(C(=O)NS(=O)(=O)c4ccc(N[C@H](CCN5CCN(CCOCCOCCOCCNc6cccc7c6C(=O)N(C6CCC(=O)NC6=O)C7=O)CC5)CSc5ccccc5)c(S(=O)(=O)C(F)(F)F)c4)cc3)CC2)C1
1447,CN(CC[C@H](CSc1ccccc1)Nc1ccc(S(=O)(=O)NC(=O)c2ccc(N3CCN(CC4=C(c5ccc(Cl)cc5)CCC(C)(C)C4)CC3)cc2)cc1S(=O)(=O)C(F)(F)F)C(=O)CCCn1cc(COCCOCCNc2cccc3c2C(=O)N(C2CCC(=O)NC2=O)C3=O)nn1
1448,CN(CC[C@H](CSc1ccccc1)Nc1ccc(S(=O)(=O)NC(=O)c2ccc(N3CCN(CC4=C(c5ccc(Cl)cc5)CCC(C)(C)C4)CC3)cc2)cc1S(=O)(=O)C(F)(F)F)C(=O)CCCn1cc(COCCOCCOCCNc2cccc3c2C(=O)N(C2CCC(=O)NC2=O)C3=O)nn1
1449,CN(CC[C@H](CSc1ccccc1)Nc1ccc(S(=O)(=O)NC(=O)c2ccc(N3CCN(CC4=C(c5ccc(Cl)cc5)CCC(C)(C)C4)CC3)cc2)cc1S(=O)(=O)C(F)(F)F)C(=O)CCCCCCn1cc(COCCOCCNc2cccc3c2C(=O)N(C2CCC(=O)NC2=O)C3=O)nn1
1450,CN(CC[C@H](CSc1ccccc1)Nc1ccc(S(=O)(=O)NC(=O)c2ccc(N3CCN(CC4=C(c5ccc(Cl)cc5)CCC(C)(C)C4)CC3)cc2)cc1S(=O)(=O)C(F)(F)F)C(=O)CCCCCCn1cc(COCCOCCOCCNc2cccc3c2C(=O)N(C2CCC(=O)NC2=O)C3=O)nn1
1451,CN(CCCCCCCn1cc(COCCOCCNc2cccc3c2C(=O)N(C2CCC(=O)NC2=O)C3=O)nn1)CC[C@H](CSc1ccccc1)Nc1ccc(S(=O)(=O)NC(=O)c2ccc(N3CCN(CC4=C(c5ccc(Cl)cc5)CCC(C)(C)C4)CC3)cc2)cc1S(=O)(=O)C(F)(F)F
1452,CN(CCCCCCCn1cc(COCCOCCOCCNc2cccc3c2C(=O)N(C2CCC(=O)NC2=O)C3=O)nn1)CC[C@H](CSc1ccccc1)Nc1ccc(S(=O)(=O)NC(=O)c2ccc(N3CCN(CC4=C(c5ccc(Cl)cc5)CCC(C)(C)C4)CC3)cc2)cc1S(=O)(=O)C(F)(F)F
1453,CN(CCCNc1cccc2c1C(=O)N(C1CCC(=O)NC1=O)C2=O)CC[C@H](CSc1ccccc1)Nc1ccc(S(=O)(=O)NC(=O)c2ccc(N3CCN(CC4=C(c5ccc(Cl)cc5)CCC(C)(C)C4)CC3)cc2)cc1S(=O)(=O)C(F)(F)F
1454,CN(CCCCNc1cccc2c1C(=O)N(C1CCC(=O)NC1=O)C2=O)CC[C@H](CSc1ccccc1)Nc1ccc(S(=O)(=O)NC(=O)c2ccc(N3CCN(CC4=C(c5ccc(Cl)cc5)CCC(C)(C)C4)CC3)cc2)cc1S(=O)(=O)C(F)(F)F
1455,CN(CCCCCNc1cccc2c1C(=O)N(C1CCC(=O)NC1=O)C2=O)CC[C@H](CSc1ccccc1)Nc1ccc(S(=O)(=O)NC(=O)c2ccc(N3CCN(CC4=C(c5ccc(Cl)cc5)CCC(C)(C)C4)CC3)cc2)cc1S(=O)(=O)C(F)(F)F
1456,CN(CCCCCCNc1cccc2c1C(=O)N(C1CCC(=O)NC1=O)C2=O)CC[C@H](CSc1ccccc1)Nc1ccc(S(=O)(=O)NC(=O)c2ccc(N3CCN(CC4=C(c5ccc(Cl)cc5)CCC(C)(C)C4)CC3)cc2)cc1S(=O)(=O)C(F)(F)F
1457,CN(CCCCCCCCNc1cccc2c1C(=O)N(C1CCC(=O)NC1=O)C2=O)CC[C@H](CSc1ccccc1)Nc1ccc(S(=O)(=O)NC(=O)c2ccc(N3CCN(CC4=C(c5ccc(Cl)cc5)CCC(C)(C)C4)CC3)cc2)cc1S(=O)(=O)C(F)(F)F
1458,CN(CCOCCOCCNc1cccc2c1C(=O)N(C1CCC(=O)NC1=O)C2=O)CC[C@H](CSc1ccccc1)Nc1ccc(S(=O)(=O)NC(=O)c2ccc(N3CCN(CC4=C(c5ccc(Cl)cc5)CCC(C)(C)C4)CC3)cc2)cc1S(=O)(=O)C(F)(F)F
1459,CN(CCOCCOCCOCCNc1cccc2c1C(=O)N(C1CCC(=O)NC1=O)C2=O)CC[C@H](CSc1ccccc1)Nc1ccc(S(=O)(=O)NC(=O)c2ccc(N3CCN(CC4=C(c5ccc(Cl)cc5)CCC(C)(C)C4)CC3)cc2)cc1S(=O)(=O)C(F)(F)F
1460,CN(CCOCCOCCOCCOCCNc1cccc2c1C(=O)N(C1CCC(=O)NC1=O)C2=O)CC[C@H](CSc1ccccc1)Nc1ccc(S(=O)(=O)NC(=O)c2ccc(N3CCN(CC4=C(c5ccc(Cl)cc5)CCC(C)(C)C4)CC3)cc2)cc1S(=O)(=O)C(F)(F)F
1461,Nc1nc2c(ncn2[C@@H]2O[C@H](COP(=O)(O)NCCCCCC(=O)Nc3cccc4c3CN(C3CCC(=O)NC3=O)C4=O)[C@@H](O)[C@H]2O)c(=O)[nH]1
1462,Nc1nc2c(c(=O)[nH]1)[n+](Cc1ccccc1)cn2[C@@H]1O[C@H](COP(=O)(O)NCCCCCC(=O)Nc2cccc3c2CN(C2CCC(=O)NC2=O)C3=O)[C@@H](O)[C@H]1O
1463,Nc1nc2c(c(=O)[nH]1)[n+](Cc1ccc(F)cc1)cn2[C@@H]1O[C@H](COP(=O)(O)NCCCCCC(=O)Nc2cccc3c2CN(C2CCC(=O)NC2=O)C3=O)[C@@H](O)[C@H]1O
1464,Nc1nc2c(ncn2[C@@H]2O[C@H](COP(=O)(O)OP(=O)(O)NCCCCCC(=O)Nc3cccc4c3CN(C3CCC(=O)NC3=O)C4=O)[C@@H](O)[C@H]2O)c(=O)[nH]1
1465,Nc1nc2c(ncn2[C@@H]2O[C@H](COP(=O)(O)OP(=O)(O)NCCOCCOCCOCCC(=O)Nc3cccc4c3CN(C3CCC(=O)NC3=O)C4=O)[C@@H](O)[C@H]2O)c(=O)[nH]1
1466,Nc1nc2c(ncn2[C@@H]2O[C@H](COP(=O)(O)OP(=O)(O)NCCOCCOCCOCCOCCOCCOCCOCCC(=O)Nc3cccc4c3CN(C3CCC(=O)NC3=O)C4=O)[C@@H](O)[C@H]2O)c(=O)[nH]1
1467,Nc1nc2c(c(=O)[nH]1)[n+](Cc1ccccc1)cn2[C@@H]1O[C@H](COP(=O)(O)OP(=O)(O)NCCCCCC(=O)Nc2cccc3c2CN(C2CCC(=O)NC2=O)C3=O)[C@@H](O)[C@H]1O
1468,Nc1nc2c(c(=O)[nH]1)[n+](Cc1ccc(F)cc1)cn2[C@@H]1O[C@H](COP(=O)(O)OP(=O)(O)NCCCCCC(=O)Nc2cccc3c2CN(C2CCC(=O)NC2=O)C3=O)[C@@H](O)[C@H]1O
1469,Nc1nc2c(c(=O)[nH]1)[n+](Cc1ccccc1)cn2[C@@H]1O[C@H](COP(=O)(O)OP(=O)(O)NCCOCCOCCOCCC(=O)Nc2cccc3c2CN(C2CCC(=O)NC2=O)C3=O)[C@@H](O)[C@H]1O
1470,Nc1nc2c(c(=O)[nH]1)[n+](Cc1ccc(F)cc1)cn2[C@@H]1O[C@H](COP(=O)(O)OP(=O)(O)NCCOCCOCCOCCC(=O)Nc2cccc3c2CN(C2CCC(=O)NC2=O)C3=O)[C@@H](O)[C@H]1O
1471,Cc1ncsc1-c1ccc(CNC(=O)[C@@H]2C[C@@H](O)CN2C(=O)[C@@H](NC(=O)CCCCCNP(=O)(O)OP(=O)(O)OC[C@H]2O[C@@H](n3cnc4c(=O)[nH]c(N)nc43)[C@H](O)[C@@H]2O)C(C)(C)C)cc1
1472,Cc1ncsc1-c1ccc(CNC(=O)[C@@H]2C[C@@H](O)CN2C(=O)[C@@H](NC(=O)CCCCCNP(=O)(O)OP(=O)(O)OC[C@H]2O[C@@H](n3c[n+](Cc4ccccc4)c4c(=O)[nH]c(N)nc43)[C@H](O)[C@@H]2O)C(C)(C)C)cc1
1473,Cc1ncsc1-c1ccc(CNC(=O)[C@@H]2C[C@@H](O)CN2C(=O)[C@@H](NC(=O)CCCCCNP(=O)(O)OP(=O)(O)OC[C@H]2O[C@@H](n3c[n+](Cc4ccc(F)cc4)c4c(=O)[nH]c(N)nc43)[C@H](O)[C@@H]2O)C(C)(C)C)cc1
1474,CC1=C(/C=C/C(C)=C/C=C/C(C)=C/C(=O)O)C(C)(C)CC/C1=N\OCC(=O)NCCOCCOC(=O)[C@H](CC(C)C)NC(=O)[C@@H](O)[C@H](N)Cc1ccccc1
1475,CC1=C(/C=C/C(C)=C/C=C/C(C)=C/C(=O)O)C(C)(C)CC/C1=N\OCC(=O)NCCOCCOCCOCCOC(=O)[C@H](CC(C)C)NC(=O)[C@@H](O)[C@H](N)Cc1ccccc1
1476,CC(=O)c1c(C)c2cnc(Nc3ccc(N4CCN(CCCCCCNC(=O)COc5cccc6c5C(=O)N(C5CCC(=O)NC5=O)C6=O)CC4)cn3)nc2n(C2CCCC2)c1=O
1477,O=C1CCC(N2C(=O)c3cccc(NCCOCCOCCNC(=O)c4ccc(CN(CC5CCNCC5)S(=O)(=O)c5ccc(S(=O)(=O)N(Cc6ccc(Cl)cc6)C6CCCC6)cc5)cc4)c3C2=O)C(=O)N1
1478,O=C1CCC(N2C(=O)c3cccc(NCCOCCOCCOCCNC(=O)c4ccc(CN(CC5CCNCC5)S(=O)(=O)c5ccc(S(=O)(=O)N(Cc6ccc(Cl)cc6)C6CCCC6)cc5)cc4)c3C2=O)C(=O)N1
1479,O=C1CCC(N2C(=O)c3cccc(NCCOCCOCCOCCOCCNC(=O)c4ccc(CN(CC5CCNCC5)S(=O)(=O)c5ccc(S(=O)(=O)N(Cc6ccc(Cl)cc6)C6CCCC6)cc5)cc4)c3C2=O)C(=O)N1
1480,Cc1ncsc1-c1ccc(CNC(=O)[C@@H]2C[C@@H](O)CN2C(=O)[C@@H](NC(=O)COCCOCCOCCOCCNC(=O)c2ccc(CN(CC3CCNCC3)S(=O)(=O)c3ccc(S(=O)(=O)N(Cc4ccc(Cl)cc4)C4CCCC4)cc3)cc2)C(C)(C)C)cc1
1481,O=C1CCC(N2C(=O)c3cccc(NCCOCCOCCOCc4cn(CCCC(=O)N5CCN(CC#Cc6ccc(OCCCc7sc(N8CCc9cccc(C(=O)Nc%10nc%11ccccc%11s%10)c9C8)nc7C(=O)O)c(F)c6)CC5)nn4)c3C2=O)C(=O)N1
1482,O=C1CCC(N2Cc3c(NC(=O)COCCOCCOCc4cn(CCCC(=O)N5CCN(CC#Cc6ccc(OCCCc7sc(N8CCc9cccc(C(=O)Nc%10nc%11ccccc%11s%10)c9C8)nc7C(=O)O)c(F)c6)CC5)nn4)cccc3C2=O)C(=O)N1
1483,CC(=O)c1c(C)c2cnc(Nc3ccc(N4CCN(Cc5cn(CCCCCC(=O)Nc6cccc7c6C(=O)N(C6CCC(=O)NC6=O)C7=O)nn5)CC4)cn3)nc2n(C2CCCC2)c1=O
1484,CC(=O)c1c(C)c2cnc(Nc3ccc(N4CCN(Cc5cn(CCCCC(=O)Nc6cccc7c6C(=O)N(C6CCC(=O)NC6=O)C7=O)nn5)CC4)cn3)nc2n(C2CCCC2)c1=O
1485,CN(C)C(=O)c1cc2cnc(Nc3ccc(N4CCN(Cc5cn(CCCCCC(=O)Nc6cccc7c6C(=O)N(C6CCC(=O)NC6=O)C7=O)nn5)CC4)cn3)nc2n1C1CCCC1
1486,CN(C)C(=O)c1cc2cnc(Nc3ccc(N4CCN(Cc5cn(CCCCC(=O)Nc6cccc7c6C(=O)N(C6CCC(=O)NC6=O)C7=O)nn5)CC4)cn3)nc2n1C1CCCC1
1487,CCCCN(Cc1ccc(C(=O)NO)cc1)C(=O)Nc1ccc(NC(=O)CCCc2cn(CCOCCOCCNc3cccc4c3C(=O)N(C3CCC(=O)NC3=O)C4=O)nn2)cc1
1488,CCCCN(Cc1ccc(C(=O)NO)cc1)C(=O)Nc1ccc(NC(=O)CCCc2cn(CCOCCOCCOCCNc3cccc4c3C(=O)N(C3CCC(=O)NC3=O)C4=O)nn2)cc1
1489,CCCCN(Cc1ccc(C(=O)NO)cc1)C(=O)Nc1ccc(NC(=O)CCCc2cn(CCOCCOCCOCCOCCNc3cccc4c3C(=O)N(C3CCC(=O)NC3=O)C4=O)nn2)cc1
1490,CN[C@@H](C)C(=O)N[C@H](C(=O)N1C[C@@H](NC(=O)CCCCCCCN2CCN(c3ccc(Nc4ncc5c(C)c(C(C)=O)c(=O)n(C6CCCC6)c5n4)nc3)CC2)C[C@H]1C(=O)Nc1c(F)cccc1F)C(C)(C)C
1491,CN[C@@H](C)C(=O)N[C@H](C(=O)N1C[C@@H](NC(=O)CCOCCOCCOCCNC(=O)CN2CCN(c3ccc(Nc4ncc5c(C)c(C(C)=O)c(=O)n(C6CCCC6)c5n4)nc3)CC2)C[C@H]1C(=O)Nc1c(F)cccc1F)C(C)(C)C
1492,Cc1ccc(NC(=O)c2ccc(CNC(=O)CCCCNC(=O)[C@H](CC(C)C)NC(=O)[C@@H](O)[C@H](N)Cc3ccccc3)cc2)cc1Nc1nccc(-c2cccnc2)n1
1493,Cc1ccc(NC(=O)c2ccc(CNC(=O)CCCCCCNC(=O)[C@H](CC(C)C)NC(=O)[C@@H](O)[C@H](N)Cc3ccccc3)cc2)cc1Nc1nccc(-c2cccnc2)n1
1494,Cc1ccc(NC(=O)c2ccc(CNC(=O)CCCCCCCCCCNC(=O)[C@H](CC(C)C)NC(=O)[C@@H](O)[C@H](N)Cc3ccccc3)cc2)cc1Nc1nccc(-c2cccnc2)n1
1495,Cc1ncsc1-c1ccc(CNC(=O)[C@@H]2C[C@@H](O)CN2C(=O)[C@@H](NC(=O)COCCOCCN2CCC(n3nc(-c4ccc(Oc5ccccc5)cc4)c4c(N)ncnc43)CC2)C(C)(C)C)cc1
1496,Cc1ncsc1-c1ccc(CNC(=O)[C@@H]2C[C@@H](O)CN2C(=O)[C@H](C(C)C)N2Cc3ccccc3C2=O)c(OCCCCOCCCCN2CCC(n3nc(-c4ccc(Oc5ccccc5)cc4)c4c(N)ncnc43)CC2)c1
1497,Cc1ncsc1-c1ccc(CNC(=O)[C@@H]2C[C@@H](O)CN2C(=O)[C@H](C(C)C)N2Cc3ccccc3C2=O)c(OCCCOCCC(=O)N2CCC(n3nc(-c4ccc(Oc5ccccc5)cc4)c4c(N)ncnc43)CC2)c1
1498,Nc1ncnc2c1c(-c1ccc(Oc3ccccc3)cc1)nn2C1CCN(CCOCCOCCOc2ccc3c(c2)C(=O)N(C2CCC(=O)NC2=O)C3=O)CC1
1499,Nc1ncnc2c1c(-c1ccc(Oc3ccccc3)cc1)nn2C1CCN(CCOCCOCCOc2ccc3c(c2)CN(C2CCC(=O)NC2=O)C3=O)CC1
1500,Cc1ncsc1-c1ccc(CNC(=O)[C@@H]2C[C@@H](O)CN2C(=O)[C@@H](NC(=O)CCCCCCCCCn2cc(Nc3ncc(Cl)c(NCc4cc(F)ccc4F)n3)cn2)C(C)(C)C)cc1
1501,Cc1ncsc1-c1ccc(CNC(=O)[C@@H]2C[C@@H](O)CN2C(=O)[C@@H](NC(=O)CCCCCCCCCOc2cc(F)cc(CNc3nc(Nc4cnn(C)c4)ncc3Cl)c2F)C(C)(C)C)cc1
1502,COc1cc(-c2cnc3cccc(-c4cc(F)c(CN5CCS(=O)(=O)CC5)c(F)c4)c3n2)ccc1OCCCN1CCN(CCCCCCCCCC(=O)N[C@H](C(=O)N2C[C@H](O)C[C@H]2C(=O)NCc2ccc(-c3scnc3C)cc2)C(C)(C)C)CC1
1503,COc1cc(-c2cnc3cccc(-c4cc(F)c(CN5CCS(=O)(=O)CC5)c(F)c4)c3n2)ccc1OCCCN1CCN(CCOCCOCCOCCOCC(=O)N[C@H](C(=O)N2C[C@H](O)C[C@H]2C(=O)NCc2ccc(-c3scnc3C)cc2)C(C)(C)C)CC1
1504,CN[C@@H](C)C(=O)N[C@H](C(=O)N1C[C@@H](NC(=O)COCCOCCOCCOCCOCCOCCN2CCN(CCCOc3ccc(-c4cnc5cccc(-c6cc(F)c(CN7CCS(=O)(=O)CC7)c(F)c6)c5n4)cc3OC)CC2)C[C@H]1C(=O)N[C@@H]1CCCc2ccccc21)C1CCCCC1
1505,COc1cc(-c2cnc3cccc(-c4cc(F)c(CN5CCS(=O)(=O)CC5)c(F)c4)c3n2)ccc1OCCCN1CCN(CCOCCOCCOCCOCCOCCOCC(=O)N[C@H](C(=O)N2C[C@H](O)C[C@H]2C(=O)NCc2ccc(-c3scnc3C)cc2)C(C)(C)C)CC1
1506,Cc1noc(C)c1-c1ccc2c(c1)C(c1ccccc1)N(Cc1cn(CCOCC(=O)Nc3cccc4c3CN(C3CCC(=O)NC3=O)C4=O)nn1)C(=O)N2C
1507,Cc1noc(C)c1-c1ccc2c(c1)C(c1ccccc1)N(Cc1cn(CCOCCOCCOCC(=O)Nc3cccc4c3CN(C3CCC(=O)NC3=O)C4=O)nn1)C(=O)N2C
1508,Cc1noc(C)c1-c1ccc2c(c1)C(c1ccccc1)N(Cc1cn(CCOCCOCCOCCOCC(=O)Nc3cccc4c3CN(C3CCC(=O)NC3=O)C4=O)nn1)C(=O)N2C
1509,Cc1noc(C)c1-c1ccc2c(c1)C(c1ccccc1)N(Cc1cn(CCOCC(=O)Nc3cccc4c3C(=O)N(C3CCC(=O)NC3=O)C4=O)nn1)C(=O)N2C
1510,Cc1noc(C)c1-c1ccc2c(c1)C(c1ccccc1)N(Cc1cn(CCOCCOCCOCC(=O)Nc3cccc4c3C(=O)N(C3CCC(=O)NC3=O)C4=O)nn1)C(=O)N2C
1511,Cc1noc(C)c1-c1ccc2c(c1)C(c1ccccc1)N(Cc1cn(CCOCCOCCOCCOCC(=O)Nc3cccc4c3C(=O)N(C3CCC(=O)NC3=O)C4=O)nn1)C(=O)N2C
1512,N#CC1(CNc2cccc(-c3cc(N[C@H]4CC[C@H](NCC(=O)NCCOCCOCCOCCNc5cccc6c5C(=O)N(C5CCC(=O)NC5=O)C6=O)CC4)ncc3Cl)n2)CCOCC1
1513,N#CC1(CNc2cccc(-c3cc(N[C@H]4CC[C@H](NCCCCCCNc5cccc6c5C(=O)N(C5CCC(=O)NC5=O)C6=O)CC4)ncc3Cl)n2)CCOCC1
1514,CCC(C)(C)C(=O)C(=O)N1CCCC[C@H]1C(=O)O[C@H](CCc1ccc(OC)c(OC)c1)c1cccc(NC(=O)CCOCCOCCNC(=O)COc2ccc3c(c2)CCCN3C(=O)CCl)c1
1515,CCC(C)(C)C(=O)C(=O)N1CCCC[C@H]1C(=O)O[C@H](CCc1ccc(OC)c(OC)c1)c1cccc(NC(=O)CCCC(=O)NCCCCC(=O)Nc2cccc3c2CN(C2CCC(=O)NC2=O)C3=O)c1
1516,CCC(C)(C)C(=O)C(=O)N1CCCC[C@H]1C(=O)O[C@H](CCc1ccc(OC)c(OC)c1)c1cccc(NC(=O)COc2ccc3c(c2)CCCN3C(=O)CCl)c1
1517,CCC(C)(C)C(=O)C(=O)N1CCCC[C@H]1C(=O)O[C@H](CCc1ccc(OC)c(OC)c1)c1cccc(NC(=O)CCOCCOCCOCCOCCNC(=O)COc2ccc3c(c2)CCCN3C(=O)CCl)c1
1518,Cc1sc2c(c1C)C(c1ccc(Cl)cc1)=N[C@@H](CC(=O)NCCOCCOCCNC(=O)COc1ccc3c(c1)CCCN3C(=O)CCl)c1nnc(C)n1-2
1519,CC[C@@H]1C(=O)N(C)c2cnc(Nc3ccc(C(=O)NCCOCCOCCOCCOCCNc4cccc5c4C(=O)N(C4CCC(=O)NC4=O)C5=O)cc3OC)nc2N1C1CCCC1
1520,CC1=C(/C=C/C(C)=C/C=C/C(C)=C/C(=O)O)C(C)(C)CC/C1=N\OCC(=O)NCCOCCOCCOCc1ccc(-c2cc(=O)c3c(ccc4ccccc43)o2)cc1
1521,CC1=C(/C=C/C(C)=C/C=C/C(C)=C/C(=O)O)C(C)(C)CC/C1=N\OCC(=O)NCCOCCOCCOCc1ccc(-c2cc(=O)c3ccc4ccccc4c3o2)cc1
1522,CC1=C(/C=C/C(C)=C/C=C/C(C)=C/C(=O)O)C(C)(C)CC/C1=N\OCC(=O)NCCOCCOCCNC(=O)c1csc(C(=O)c2c[nH]c3ccccc23)n1
1523,Cc1sc2c(c1C)C(c1ccc(Cl)cc1)=N[C@@H](CC(=O)NCCOCCOCCOCc1ccc(-c3cc(=O)c4c(ccc5ccccc54)o3)cc1)c1nnc(C)n1-2
1524,Cc1ncsc1-c1ccc([C@H](C)NC(=O)[C@@H]2C[C@@H](O)CN2C(=O)[C@@H](NC(=O)COc2ccc(/C=N/NC(=O)c3ccc(C(=O)c4c(-c5ccc(O)cc5)sc5cc(O)ccc45)cc3)cc2)C(C)(C)C)cc1
1525,Cc1ncsc1-c1ccc([C@H](C)NC(=O)[C@@H]2C[C@@H](O)CN2C(=O)[C@@H](NC(=O)CCCOc2ccc(/C=N/NC(=O)c3ccc(C(=O)c4c(-c5ccc(O)cc5)sc5cc(O)ccc45)cc3)cc2)C(C)(C)C)cc1
1526,Cc1ncsc1-c1ccc([C@H](C)NC(=O)[C@@H]2C[C@@H](O)CN2C(=O)[C@@H](NC(=O)CCCCOc2ccc(/C=N/NC(=O)c3ccc(C(=O)c4c(-c5ccc(O)cc5)sc5cc(O)ccc45)cc3)cc2)C(C)(C)C)cc1
1527,Cc1ncsc1-c1ccc([C@H](C)NC(=O)[C@@H]2C[C@@H](O)CN2C(=O)[C@@H](NC(=O)CCCCCOc2ccc(/C=N/NC(=O)c3ccc(C(=O)c4c(-c5ccc(O)cc5)sc5cc(O)ccc45)cc3)cc2)C(C)(C)C)cc1
1528,Cc1ncsc1-c1ccc([C@H](C)NC(=O)[C@@H]2C[C@@H](O)CN2C(=O)[C@@H](NC(=O)CCCCCCOc2ccc(/C=N/NC(=O)c3ccc(C(=O)c4c(-c5ccc(O)cc5)sc5cc(O)ccc45)cc3)cc2)C(C)(C)C)cc1
1529,Cc1ncsc1-c1ccc([C@H](C)NC(=O)[C@@H]2C[C@@H](O)CN2C(=O)[C@@H](NC(=O)CCCCCCCOc2ccc(/C=N/NC(=O)c3ccc(C(=O)c4c(-c5ccc(O)cc5)sc5cc(O)ccc45)cc3)cc2)C(C)(C)C)cc1
1530,Cc1ncsc1-c1ccc([C@H](C)NC(=O)[C@@H]2C[C@@H](O)CN2C(=O)[C@@H](NC(=O)COCCOc2ccc(/C=N/NC(=O)c3ccc(C(=O)c4c(-c5ccc(O)cc5)sc5cc(O)ccc45)cc3)cc2)C(C)(C)C)cc1
1531,Cc1ncsc1-c1ccc([C@H](C)NC(=O)[C@@H]2C[C@@H](O)CN2C(=O)[C@@H](NC(=O)COCCOCCOc2ccc(/C=N/NC(=O)c3ccc(C(=O)c4c(-c5ccc(O)cc5)sc5cc(O)ccc45)cc3)cc2)C(C)(C)C)cc1
1532,Cc1ncsc1-c1ccc([C@H](C)NC(=O)[C@@H]2C[C@@H](O)CN2C(=O)[C@@H](NC(=O)COCCOCCOCCOc2ccc(/C=N/NC(=O)c3ccc(C(=O)c4c(-c5ccc(O)cc5)sc5cc(O)ccc45)cc3)cc2)C(C)(C)C)cc1
1533,Cc1ncsc1-c1ccc([C@H](C)NC(=O)[C@@H]2C[C@@H](O)CN2C(=O)[C@@H](NC(=O)COCCOCCOCCOCCOc2ccc(/C=N/NC(=O)c3ccc(C(=O)c4c(-c5ccc(O)cc5)sc5cc(O)ccc45)cc3)cc2)C(C)(C)C)cc1
1534,Cc1ncsc1-c1ccc([C@H](C)NC(=O)[C@@H]2C[C@@H](O)CN2C(=O)[C@@H](NC(=O)COCCOCCOCCOCCOCCOc2ccc(/C=N/NC(=O)c3ccc(C(=O)c4c(-c5ccc(O)cc5)sc5cc(O)ccc45)cc3)cc2)C(C)(C)C)cc1
1535,Cc1ncsc1-c1ccc([C@H](C)NC(=O)[C@@H]2C[C@@H](O)CN2C(=O)[C@@H](NC(=O)COCCOCCOCCOCCOCCOCCOc2ccc(/C=N/NC(=O)c3ccc(C(=O)c4c(-c5ccc(O)cc5)sc5cc(O)ccc45)cc3)cc2)C(C)(C)C)cc1
1536,O=C(COc1ccc(/C=N/NC(=O)c2ccc(C(=O)c3c(-c4ccc(O)cc4)sc4cc(O)ccc34)cc2)cc1)NCC#Cc1cccc2c1CN(C1CCC(=O)NC1=O)C2=O
1537,O=C(CCCOc1ccc(/C=N/NC(=O)c2ccc(C(=O)c3c(-c4ccc(O)cc4)sc4cc(O)ccc34)cc2)cc1)NCC#Cc1cccc2c1CN(C1CCC(=O)NC1=O)C2=O
1538,O=C(CCCCOc1ccc(/C=N/NC(=O)c2ccc(C(=O)c3c(-c4ccc(O)cc4)sc4cc(O)ccc34)cc2)cc1)NCC#Cc1cccc2c1CN(C1CCC(=O)NC1=O)C2=O
1539,O=C(CCCCCOc1ccc(/C=N/NC(=O)c2ccc(C(=O)c3c(-c4ccc(O)cc4)sc4cc(O)ccc34)cc2)cc1)NCC#Cc1cccc2c1CN(C1CCC(=O)NC1=O)C2=O
1540,O=C(CCCCCCOc1ccc(/C=N/NC(=O)c2ccc(C(=O)c3c(-c4ccc(O)cc4)sc4cc(O)ccc34)cc2)cc1)NCC#Cc1cccc2c1CN(C1CCC(=O)NC1=O)C2=O
1541,O=C(CCCCCCCOc1ccc(/C=N/NC(=O)c2ccc(C(=O)c3c(-c4ccc(O)cc4)sc4cc(O)ccc34)cc2)cc1)NCC#Cc1cccc2c1CN(C1CCC(=O)NC1=O)C2=O
1542,O=C(COCCOc1ccc(/C=N/NC(=O)c2ccc(C(=O)c3c(-c4ccc(O)cc4)sc4cc(O)ccc34)cc2)cc1)NCC#Cc1cccc2c1CN(C1CCC(=O)NC1=O)C2=O
1543,O=C(COCCOCCOc1ccc(/C=N/NC(=O)c2ccc(C(=O)c3c(-c4ccc(O)cc4)sc4cc(O)ccc34)cc2)cc1)NCC#Cc1cccc2c1CN(C1CCC(=O)NC1=O)C2=O
1544,O=C(COCCOCCOCCOc1ccc(/C=N/NC(=O)c2ccc(C(=O)c3c(-c4ccc(O)cc4)sc4cc(O)ccc34)cc2)cc1)NCC#Cc1cccc2c1CN(C1CCC(=O)NC1=O)C2=O
1545,O=C(COCCOCCOCCOCCOc1ccc(/C=N/NC(=O)c2ccc(C(=O)c3c(-c4ccc(O)cc4)sc4cc(O)ccc34)cc2)cc1)NCC#Cc1cccc2c1CN(C1CCC(=O)NC1=O)C2=O
1546,O=C(COCCOCCOCCOCCOCCOc1ccc(/C=N/NC(=O)c2ccc(C(=O)c3c(-c4ccc(O)cc4)sc4cc(O)ccc34)cc2)cc1)NCC#Cc1cccc2c1CN(C1CCC(=O)NC1=O)C2=O
1547,O=C(COCCOCCOCCOCCOCCOCCOc1ccc(/C=N/NC(=O)c2ccc(C(=O)c3c(-c4ccc(O)cc4)sc4cc(O)ccc34)cc2)cc1)NCC#Cc1cccc2c1CN(C1CCC(=O)NC1=O)C2=O
1548,Cc1ncsc1-c1ccc([C@H](C)NC(=O)[C@@H]2C[C@@H](O)CN2C(=O)[C@@H](NC(=O)COc2ccc(/C=N/NC(=O)c3ccc(-c4c(-c5ccc(O)cc5)sc5cc(O)ccc45)cc3)cc2)C(C)(C)C)cc1
1549,Cc1ncsc1-c1ccc([C@H](C)NC(=O)[C@@H]2C[C@@H](O)CN2C(=O)[C@@H](NC(=O)CCCOc2ccc(/C=N/NC(=O)c3ccc(-c4c(-c5ccc(O)cc5)sc5cc(O)ccc45)cc3)cc2)C(C)(C)C)cc1
1550,Cc1ncsc1-c1ccc([C@H](C)NC(=O)[C@@H]2C[C@@H](O)CN2C(=O)[C@@H](NC(=O)CCCCOc2ccc(/C=N/NC(=O)c3ccc(-c4c(-c5ccc(O)cc5)sc5cc(O)ccc45)cc3)cc2)C(C)(C)C)cc1
1551,Cc1ncsc1-c1ccc([C@H](C)NC(=O)[C@@H]2C[C@@H](O)CN2C(=O)[C@@H](NC(=O)CCCCCOc2ccc(/C=N/NC(=O)c3ccc(-c4c(-c5ccc(O)cc5)sc5cc(O)ccc45)cc3)cc2)C(C)(C)C)cc1
1552,Cc1ncsc1-c1ccc([C@H](C)NC(=O)[C@@H]2C[C@@H](O)CN2C(=O)[C@@H](NC(=O)CCCCCCOc2ccc(/C=N/NC(=O)c3ccc(-c4c(-c5ccc(O)cc5)sc5cc(O)ccc45)cc3)cc2)C(C)(C)C)cc1
1553,Cc1ncsc1-c1ccc([C@H](C)NC(=O)[C@@H]2C[C@@H](O)CN2C(=O)[C@@H](NC(=O)CCCCCCCOc2ccc(/C=N/NC(=O)c3ccc(-c4c(-c5ccc(O)cc5)sc5cc(O)ccc45)cc3)cc2)C(C)(C)C)cc1
1554,Cc1ncsc1-c1ccc([C@H](C)NC(=O)[C@@H]2C[C@@H](O)CN2C(=O)[C@@H](NC(=O)COCCOc2ccc(/C=N/NC(=O)c3ccc(-c4c(-c5ccc(O)cc5)sc5cc(O)ccc45)cc3)cc2)C(C)(C)C)cc1
1555,Cc1ncsc1-c1ccc([C@H](C)NC(=O)[C@@H]2C[C@@H](O)CN2C(=O)[C@@H](NC(=O)COCCOCCOc2ccc(/C=N/NC(=O)c3ccc(-c4c(-c5ccc(O)cc5)sc5cc(O)ccc45)cc3)cc2)C(C)(C)C)cc1
1556,Cc1ncsc1-c1ccc([C@H](C)NC(=O)[C@@H]2C[C@@H](O)CN2C(=O)[C@@H](NC(=O)COCCOCCOCCOc2ccc(/C=N/NC(=O)c3ccc(-c4c(-c5ccc(O)cc5)sc5cc(O)ccc45)cc3)cc2)C(C)(C)C)cc1
1557,Cc1ncsc1-c1ccc([C@H](C)NC(=O)[C@@H]2C[C@@H](O)CN2C(=O)[C@@H](NC(=O)COCCOCCOCCOCCOc2ccc(/C=N/NC(=O)c3ccc(-c4c(-c5ccc(O)cc5)sc5cc(O)ccc45)cc3)cc2)C(C)(C)C)cc1
1558,Cc1ncsc1-c1ccc([C@H](C)NC(=O)[C@@H]2C[C@@H](O)CN2C(=O)[C@@H](NC(=O)COCCOCCOCCOCCOCCOc2ccc(/C=N/NC(=O)c3ccc(-c4c(-c5ccc(O)cc5)sc5cc(O)ccc45)cc3)cc2)C(C)(C)C)cc1
1559,Cc1ncsc1-c1ccc([C@H](C)NC(=O)[C@@H]2C[C@@H](O)CN2C(=O)[C@@H](NC(=O)COCCOCCOCCOCCOCCOCCOc2ccc(/C=N/NC(=O)c3ccc(-c4c(-c5ccc(O)cc5)sc5cc(O)ccc45)cc3)cc2)C(C)(C)C)cc1
1560,Cc1ncsc1-c1ccc([C@H](C)NC(=O)[C@@H]2C[C@@H](O)CN2C(=O)[C@@H](NC(=O)COc2ccc(/C=N/NC(=O)c3ccc(Oc4c(-c5ccc(O)cc5)sc5cc(O)ccc45)cc3)cc2)C(C)(C)C)cc1
1561,Cc1ncsc1-c1ccc([C@H](C)NC(=O)[C@@H]2C[C@@H](O)CN2C(=O)[C@@H](NC(=O)CCCOc2ccc(/C=N/NC(=O)c3ccc(Oc4c(-c5ccc(O)cc5)sc5cc(O)ccc45)cc3)cc2)C(C)(C)C)cc1
1562,Cc1ncsc1-c1ccc([C@H](C)NC(=O)[C@@H]2C[C@@H](O)CN2C(=O)[C@@H](NC(=O)CCCCOc2ccc(/C=N/NC(=O)c3ccc(Oc4c(-c5ccc(O)cc5)sc5cc(O)ccc45)cc3)cc2)C(C)(C)C)cc1
1563,Cc1ncsc1-c1ccc([C@H](C)NC(=O)[C@@H]2C[C@@H](O)CN2C(=O)[C@@H](NC(=O)CCCCCOc2ccc(/C=N/NC(=O)c3ccc(Oc4c(-c5ccc(O)cc5)sc5cc(O)ccc45)cc3)cc2)C(C)(C)C)cc1
1564,Cc1ncsc1-c1ccc([C@H](C)NC(=O)[C@@H]2C[C@@H](O)CN2C(=O)[C@@H](NC(=O)CCCCCCOc2ccc(/C=N/NC(=O)c3ccc(Oc4c(-c5ccc(O)cc5)sc5cc(O)ccc45)cc3)cc2)C(C)(C)C)cc1
1565,Cc1ncsc1-c1ccc([C@H](C)NC(=O)[C@@H]2C[C@@H](O)CN2C(=O)[C@@H](NC(=O)CCCCCCCOc2ccc(/C=N/NC(=O)c3ccc(Oc4c(-c5ccc(O)cc5)sc5cc(O)ccc45)cc3)cc2)C(C)(C)C)cc1
1566,Cc1ncsc1-c1ccc([C@H](C)NC(=O)[C@@H]2C[C@@H](O)CN2C(=O)[C@@H](NC(=O)COCCOc2ccc(/C=N/NC(=O)c3ccc(Oc4c(-c5ccc(O)cc5)sc5cc(O)ccc45)cc3)cc2)C(C)(C)C)cc1
1567,Cc1ncsc1-c1ccc([C@H](C)NC(=O)[C@@H]2C[C@@H](O)CN2C(=O)[C@@H](NC(=O)COCCOCCOc2ccc(/C=N/NC(=O)c3ccc(Oc4c(-c5ccc(O)cc5)sc5cc(O)ccc45)cc3)cc2)C(C)(C)C)cc1
1568,Cc1ncsc1-c1ccc([C@H](C)NC(=O)[C@@H]2C[C@@H](O)CN2C(=O)[C@@H](NC(=O)COCCOCCOCCOc2ccc(/C=N/NC(=O)c3ccc(Oc4c(-c5ccc(O)cc5)sc5cc(O)ccc45)cc3)cc2)C(C)(C)C)cc1
1569,Cc1ncsc1-c1ccc([C@H](C)NC(=O)[C@@H]2C[C@@H](O)CN2C(=O)[C@@H](NC(=O)COCCOCCOCCOCCOc2ccc(/C=N/NC(=O)c3ccc(Oc4c(-c5ccc(O)cc5)sc5cc(O)ccc45)cc3)cc2)C(C)(C)C)cc1
1570,Cc1ncsc1-c1ccc([C@H](C)NC(=O)[C@@H]2C[C@@H](O)CN2C(=O)[C@@H](NC(=O)COCCOCCOCCOCCOCCOc2ccc(/C=N/NC(=O)c3ccc(Oc4c(-c5ccc(O)cc5)sc5cc(O)ccc45)cc3)cc2)C(C)(C)C)cc1
1571,Cc1ncsc1-c1ccc([C@H](C)NC(=O)[C@@H]2C[C@@H](O)CN2C(=O)[C@@H](NC(=O)COCCOCCOCCOCCOCCOCCOc2ccc(/C=N/NC(=O)c3ccc(Oc4c(-c5ccc(O)cc5)sc5cc(O)ccc45)cc3)cc2)C(C)(C)C)cc1
1572,Cc1ncsc1-c1ccc([C@H](C)NC(=O)[C@@H]2C[C@@H](O)CN2C(=O)[C@@H](NC(=O)COc2ccc(/C=N/NC(=O)c3cccc(C(=O)c4c(-c5ccc(O)cc5)sc5cc(O)ccc45)c3)cc2)C(C)(C)C)cc1
1573,Cc1ncsc1-c1ccc([C@H](C)NC(=O)[C@@H]2C[C@@H](O)CN2C(=O)[C@@H](NC(=O)CCCOc2ccc(/C=N/NC(=O)c3cccc(C(=O)c4c(-c5ccc(O)cc5)sc5cc(O)ccc45)c3)cc2)C(C)(C)C)cc1
1574,Cc1ncsc1-c1ccc([C@H](C)NC(=O)[C@@H]2C[C@@H](O)CN2C(=O)[C@@H](NC(=O)CCCCOc2ccc(/C=N/NC(=O)c3cccc(C(=O)c4c(-c5ccc(O)cc5)sc5cc(O)ccc45)c3)cc2)C(C)(C)C)cc1
1575,Cc1ncsc1-c1ccc([C@H](C)NC(=O)[C@@H]2C[C@@H](O)CN2C(=O)[C@@H](NC(=O)CCCCCOc2ccc(/C=N/NC(=O)c3cccc(C(=O)c4c(-c5ccc(O)cc5)sc5cc(O)ccc45)c3)cc2)C(C)(C)C)cc1
1576,Cc1ncsc1-c1ccc([C@H](C)NC(=O)[C@@H]2C[C@@H](O)CN2C(=O)[C@@H](NC(=O)CCCCCCOc2ccc(/C=N/NC(=O)c3cccc(C(=O)c4c(-c5ccc(O)cc5)sc5cc(O)ccc45)c3)cc2)C(C)(C)C)cc1
1577,Cc1ncsc1-c1ccc([C@H](C)NC(=O)[C@@H]2C[C@@H](O)CN2C(=O)[C@@H](NC(=O)CCCCCCCOc2ccc(/C=N/NC(=O)c3cccc(C(=O)c4c(-c5ccc(O)cc5)sc5cc(O)ccc45)c3)cc2)C(C)(C)C)cc1
1578,Cc1ncsc1-c1ccc([C@H](C)NC(=O)[C@@H]2C[C@@H](O)CN2C(=O)[C@@H](NC(=O)COCCOc2ccc(/C=N/NC(=O)c3cccc(C(=O)c4c(-c5ccc(O)cc5)sc5cc(O)ccc45)c3)cc2)C(C)(C)C)cc1
1579,Cc1ncsc1-c1ccc([C@H](C)NC(=O)[C@@H]2C[C@@H](O)CN2C(=O)[C@@H](NC(=O)COCCOCCOc2ccc(/C=N/NC(=O)c3cccc(C(=O)c4c(-c5ccc(O)cc5)sc5cc(O)ccc45)c3)cc2)C(C)(C)C)cc1
1580,Cc1ncsc1-c1ccc([C@H](C)NC(=O)[C@@H]2C[C@@H](O)CN2C(=O)[C@@H](NC(=O)COCCOCCOCCOc2ccc(/C=N/NC(=O)c3cccc(C(=O)c4c(-c5ccc(O)cc5)sc5cc(O)ccc45)c3)cc2)C(C)(C)C)cc1
1581,Cc1ncsc1-c1ccc([C@H](C)NC(=O)[C@@H]2C[C@@H](O)CN2C(=O)[C@@H](NC(=O)COCCOCCOCCOCCOc2ccc(/C=N/NC(=O)c3cccc(C(=O)c4c(-c5ccc(O)cc5)sc5cc(O)ccc45)c3)cc2)C(C)(C)C)cc1
1582,Cc1ncsc1-c1ccc([C@H](C)NC(=O)[C@@H]2C[C@@H](O)CN2C(=O)[C@@H](NC(=O)COCCOCCOCCOCCOCCOc2ccc(/C=N/NC(=O)c3cccc(C(=O)c4c(-c5ccc(O)cc5)sc5cc(O)ccc45)c3)cc2)C(C)(C)C)cc1
1583,Cc1ncsc1-c1ccc([C@H](C)NC(=O)[C@@H]2C[C@@H](O)CN2C(=O)[C@@H](NC(=O)COCCOCCOCCOCCOCCOCCOc2ccc(/C=N/NC(=O)c3cccc(C(=O)c4c(-c5ccc(O)cc5)sc5cc(O)ccc45)c3)cc2)C(C)(C)C)cc1
1584,Cc1ncsc1-c1ccc([C@H](C)NC(=O)[C@@H]2C[C@@H](O)CN2C(=O)[C@@H](NC(=O)COc2ccc(/C=N/NC(=O)c3cccc(-c4c(-c5ccc(O)cc5)sc5cc(O)ccc45)c3)cc2)C(C)(C)C)cc1
1585,Cc1ncsc1-c1ccc([C@H](C)NC(=O)[C@@H]2C[C@@H](O)CN2C(=O)[C@@H](NC(=O)CCCOc2ccc(/C=N/NC(=O)c3cccc(-c4c(-c5ccc(O)cc5)sc5cc(O)ccc45)c3)cc2)C(C)(C)C)cc1
1586,Cc1ncsc1-c1ccc([C@H](C)NC(=O)[C@@H]2C[C@@H](O)CN2C(=O)[C@@H](NC(=O)CCCCOc2ccc(/C=N/NC(=O)c3cccc(-c4c(-c5ccc(O)cc5)sc5cc(O)ccc45)c3)cc2)C(C)(C)C)cc1
1587,Cc1ncsc1-c1ccc([C@H](C)NC(=O)[C@@H]2C[C@@H](O)CN2C(=O)[C@@H](NC(=O)CCCCCOc2ccc(/C=N/NC(=O)c3cccc(-c4c(-c5ccc(O)cc5)sc5cc(O)ccc45)c3)cc2)C(C)(C)C)cc1
1588,Cc1ncsc1-c1ccc([C@H](C)NC(=O)[C@@H]2C[C@@H](O)CN2C(=O)[C@@H](NC(=O)CCCCCCOc2ccc(/C=N/NC(=O)c3cccc(-c4c(-c5ccc(O)cc5)sc5cc(O)ccc45)c3)cc2)C(C)(C)C)cc1
1589,Cc1ncsc1-c1ccc([C@H](C)NC(=O)[C@@H]2C[C@@H](O)CN2C(=O)[C@@H](NC(=O)CCCCCCCOc2ccc(/C=N/NC(=O)c3cccc(-c4c(-c5ccc(O)cc5)sc5cc(O)ccc45)c3)cc2)C(C)(C)C)cc1
1590,Cc1ncsc1-c1ccc([C@H](C)NC(=O)[C@@H]2C[C@@H](O)CN2C(=O)[C@@H](NC(=O)COCCOc2ccc(/C=N/NC(=O)c3cccc(-c4c(-c5ccc(O)cc5)sc5cc(O)ccc45)c3)cc2)C(C)(C)C)cc1
1591,Cc1ncsc1-c1ccc([C@H](C)NC(=O)[C@@H]2C[C@@H](O)CN2C(=O)[C@@H](NC(=O)COCCOCCOc2ccc(/C=N/NC(=O)c3cccc(-c4c(-c5ccc(O)cc5)sc5cc(O)ccc45)c3)cc2)C(C)(C)C)cc1
1592,Cc1ncsc1-c1ccc([C@H](C)NC(=O)[C@@H]2C[C@@H](O)CN2C(=O)[C@@H](NC(=O)COCCOCCOCCOc2ccc(/C=N/NC(=O)c3cccc(-c4c(-c5ccc(O)cc5)sc5cc(O)ccc45)c3)cc2)C(C)(C)C)cc1
1593,Cc1ncsc1-c1ccc([C@H](C)NC(=O)[C@@H]2C[C@@H](O)CN2C(=O)[C@@H](NC(=O)COCCOCCOCCOCCOc2ccc(/C=N/NC(=O)c3cccc(-c4c(-c5ccc(O)cc5)sc5cc(O)ccc45)c3)cc2)C(C)(C)C)cc1
1594,Cc1ncsc1-c1ccc([C@H](C)NC(=O)[C@@H]2C[C@@H](O)CN2C(=O)[C@@H](NC(=O)COCCOCCOCCOCCOCCOc2ccc(/C=N/NC(=O)c3cccc(-c4c(-c5ccc(O)cc5)sc5cc(O)ccc45)c3)cc2)C(C)(C)C)cc1
1595,Cc1ncsc1-c1ccc([C@H](C)NC(=O)[C@@H]2C[C@@H](O)CN2C(=O)[C@@H](NC(=O)COCCOCCOCCOCCOCCOCCOc2ccc(/C=N/NC(=O)c3cccc(-c4c(-c5ccc(O)cc5)sc5cc(O)ccc45)c3)cc2)C(C)(C)C)cc1
1596,Cc1ncsc1-c1ccc([C@H](C)NC(=O)[C@@H]2C[C@@H](O)CN2C(=O)[C@@H](NC(=O)COc2ccc(/C=N/NC(=O)c3cccc(Oc4c(-c5ccc(O)cc5)sc5cc(O)ccc45)c3)cc2)C(C)(C)C)cc1
1597,Cc1ncsc1-c1ccc([C@H](C)NC(=O)[C@@H]2C[C@@H](O)CN2C(=O)[C@@H](NC(=O)CCCOc2ccc(/C=N/NC(=O)c3cccc(Oc4c(-c5ccc(O)cc5)sc5cc(O)ccc45)c3)cc2)C(C)(C)C)cc1
1598,Cc1ncsc1-c1ccc([C@H](C)NC(=O)[C@@H]2C[C@@H](O)CN2C(=O)[C@@H](NC(=O)CCCCOc2ccc(/C=N/NC(=O)c3cccc(Oc4c(-c5ccc(O)cc5)sc5cc(O)ccc45)c3)cc2)C(C)(C)C)cc1
1599,Cc1ncsc1-c1ccc([C@H](C)NC(=O)[C@@H]2C[C@@H](O)CN2C(=O)[C@@H](NC(=O)CCCCCOc2ccc(/C=N/NC(=O)c3cccc(Oc4c(-c5ccc(O)cc5)sc5cc(O)ccc45)c3)cc2)C(C)(C)C)cc1
1600,Cc1ncsc1-c1ccc([C@H](C)NC(=O)[C@@H]2C[C@@H](O)CN2C(=O)[C@@H](NC(=O)CCCCCCOc2ccc(/C=N/NC(=O)c3cccc(Oc4c(-c5ccc(O)cc5)sc5cc(O)ccc45)c3)cc2)C(C)(C)C)cc1
1601,Cc1ncsc1-c1ccc([C@H](C)NC(=O)[C@@H]2C[C@@H](O)CN2C(=O)[C@@H](NC(=O)CCCCCCCOc2ccc(/C=N/NC(=O)c3cccc(Oc4c(-c5ccc(O)cc5)sc5cc(O)ccc45)c3)cc2)C(C)(C)C)cc1
1602,Cc1ncsc1-c1ccc([C@H](C)NC(=O)[C@@H]2C[C@@H](O)CN2C(=O)[C@@H](NC(=O)COCCOc2ccc(/C=N/NC(=O)c3cccc(Oc4c(-c5ccc(O)cc5)sc5cc(O)ccc45)c3)cc2)C(C)(C)C)cc1
1603,Cc1ncsc1-c1ccc([C@H](C)NC(=O)[C@@H]2C[C@@H](O)CN2C(=O)[C@@H](NC(=O)COCCOCCOc2ccc(/C=N/NC(=O)c3cccc(Oc4c(-c5ccc(O)cc5)sc5cc(O)ccc45)c3)cc2)C(C)(C)C)cc1
1604,Cc1ncsc1-c1ccc([C@H](C)NC(=O)[C@@H]2C[C@@H](O)CN2C(=O)[C@@H](NC(=O)COCCOCCOCCOc2ccc(/C=N/NC(=O)c3cccc(Oc4c(-c5ccc(O)cc5)sc5cc(O)ccc45)c3)cc2)C(C)(C)C)cc1
1605,Cc1ncsc1-c1ccc([C@H](C)NC(=O)[C@@H]2C[C@@H](O)CN2C(=O)[C@@H](NC(=O)COCCOCCOCCOCCOc2ccc(/C=N/NC(=O)c3cccc(Oc4c(-c5ccc(O)cc5)sc5cc(O)ccc45)c3)cc2)C(C)(C)C)cc1
1606,Cc1ncsc1-c1ccc([C@H](C)NC(=O)[C@@H]2C[C@@H](O)CN2C(=O)[C@@H](NC(=O)COCCOCCOCCOCCOCCOc2ccc(/C=N/NC(=O)c3cccc(Oc4c(-c5ccc(O)cc5)sc5cc(O)ccc45)c3)cc2)C(C)(C)C)cc1
1607,Cc1ncsc1-c1ccc([C@H](C)NC(=O)[C@@H]2C[C@@H](O)CN2C(=O)[C@@H](NC(=O)COCCOCCOCCOCCOCCOCCOc2ccc(/C=N/NC(=O)c3cccc(Oc4c(-c5ccc(O)cc5)sc5cc(O)ccc45)c3)cc2)C(C)(C)C)cc1
1608,Cc1ncsc1-c1ccc([C@H](C)NC(=O)[C@@H]2C[C@@H](O)CN2C(=O)[C@@H](NC(=O)COc2ccc(/C=N/NC(=O)c3c(-c4ccc(O)cc4)sc4cc(O)ccc34)cc2)C(C)(C)C)cc1
1609,Cc1ncsc1-c1ccc([C@H](C)NC(=O)[C@@H]2C[C@@H](O)CN2C(=O)[C@@H](NC(=O)CCCOc2ccc(/C=N/NC(=O)c3c(-c4ccc(O)cc4)sc4cc(O)ccc34)cc2)C(C)(C)C)cc1
1610,Cc1ncsc1-c1ccc([C@H](C)NC(=O)[C@@H]2C[C@@H](O)CN2C(=O)[C@@H](NC(=O)CCCCOc2ccc(/C=N/NC(=O)c3c(-c4ccc(O)cc4)sc4cc(O)ccc34)cc2)C(C)(C)C)cc1
1611,Cc1ncsc1-c1ccc([C@H](C)NC(=O)[C@@H]2C[C@@H](O)CN2C(=O)[C@@H](NC(=O)CCCCCOc2ccc(/C=N/NC(=O)c3c(-c4ccc(O)cc4)sc4cc(O)ccc34)cc2)C(C)(C)C)cc1
1612,Cc1ncsc1-c1ccc([C@H](C)NC(=O)[C@@H]2C[C@@H](O)CN2C(=O)[C@@H](NC(=O)CCCCCCOc2ccc(/C=N/NC(=O)c3c(-c4ccc(O)cc4)sc4cc(O)ccc34)cc2)C(C)(C)C)cc1
1613,Cc1ncsc1-c1ccc([C@H](C)NC(=O)[C@@H]2C[C@@H](O)CN2C(=O)[C@@H](NC(=O)CCCCCCCOc2ccc(/C=N/NC(=O)c3c(-c4ccc(O)cc4)sc4cc(O)ccc34)cc2)C(C)(C)C)cc1
1614,Cc1ncsc1-c1ccc([C@H](C)NC(=O)[C@@H]2C[C@@H](O)CN2C(=O)[C@@H](NC(=O)COCCOc2ccc(/C=N/NC(=O)c3c(-c4ccc(O)cc4)sc4cc(O)ccc34)cc2)C(C)(C)C)cc1
1615,Cc1ncsc1-c1ccc([C@H](C)NC(=O)[C@@H]2C[C@@H](O)CN2C(=O)[C@@H](NC(=O)COCCOCCOc2ccc(/C=N/NC(=O)c3c(-c4ccc(O)cc4)sc4cc(O)ccc34)cc2)C(C)(C)C)cc1
1616,Cc1ncsc1-c1ccc([C@H](C)NC(=O)[C@@H]2C[C@@H](O)CN2C(=O)[C@@H](NC(=O)COCCOCCOCCOc2ccc(/C=N/NC(=O)c3c(-c4ccc(O)cc4)sc4cc(O)ccc34)cc2)C(C)(C)C)cc1
1617,Cc1ncsc1-c1ccc([C@H](C)NC(=O)[C@@H]2C[C@@H](O)CN2C(=O)[C@@H](NC(=O)COCCOCCOCCOCCOc2ccc(/C=N/NC(=O)c3c(-c4ccc(O)cc4)sc4cc(O)ccc34)cc2)C(C)(C)C)cc1
1618,Cc1ncsc1-c1ccc([C@H](C)NC(=O)[C@@H]2C[C@@H](O)CN2C(=O)[C@@H](NC(=O)COCCOCCOCCOCCOCCOc2ccc(/C=N/NC(=O)c3c(-c4ccc(O)cc4)sc4cc(O)ccc34)cc2)C(C)(C)C)cc1
1619,Cc1ncsc1-c1ccc([C@H](C)NC(=O)[C@@H]2C[C@@H](O)CN2C(=O)[C@@H](NC(=O)COCCOCCOCCOCCOCCOCCOc2ccc(/C=N/NC(=O)c3c(-c4ccc(O)cc4)sc4cc(O)ccc34)cc2)C(C)(C)C)cc1
1620,Cc1ncsc1-c1ccc([C@H](C)NC(=O)[C@@H]2C[C@@H](O)CN2C(=O)[C@@H](NC(=O)CCCOc2ccc(CCNC(=O)c3ccc(C(=O)c4c(-c5ccc(O)cc5)sc5cc(O)ccc45)cc3)cc2)C(C)(C)C)cc1
1621,Cc1ncsc1-c1ccc([C@H](C)NC(=O)[C@@H]2C[C@@H](O)CN2C(=O)[C@@H](NC(=O)CCCCOc2ccc(CCNC(=O)c3ccc(C(=O)c4c(-c5ccc(O)cc5)sc5cc(O)ccc45)cc3)cc2)C(C)(C)C)cc1
1622,Cc1ncsc1-c1ccc([C@H](C)NC(=O)[C@@H]2C[C@@H](O)CN2C(=O)[C@@H](NC(=O)CCCCCOc2ccc(CCNC(=O)c3ccc(C(=O)c4c(-c5ccc(O)cc5)sc5cc(O)ccc45)cc3)cc2)C(C)(C)C)cc1
1623,COc1ccc(Cl)c(S(=O)(=O)Nc2ccc(-c3nc(OC[C@H]4CN(CCCCCCOCCCCCCOCC(=O)N[C@H](C(=O)N5C[C@H](O)C[C@H]5C(=O)NCc5ccc(-c6scnc6C)cc5)C(C)(C)C)CCO4)c4c(C)n[nH]c4n3)cc2)c1
1624,C[C@@H]1C[C@@H](O)c2ncnc(N3CCN(C(=O)[C@H](CNCCCCCCCCCCc4cccc5c4CN(C4CCC(=O)NC4=O)C5=O)c4ccc(Cl)cc4)CC3)c21
1625,C=CC(=O)N1CCN(c2nc(NCCCc3cn(COCCOCCOCCC(=O)Nc4cccc5c4CN(C4CCC(=O)NC4=O)C5=O)nn3)nc3c(F)c(-c4cc(O)cc5ccccc45)c(Cl)cc23)CC1
1626,C=CC(=O)N1CCN(c2nc(NCCOCCOCCOCCc3cn(COCCOCCOCCC(=O)Nc4cccc5c4CN(C4CCC(=O)NC4=O)C5=O)nn3)nc3c(F)c(-c4cc(O)cc5ccccc45)c(Cl)cc23)CC1
1627,C=CC(=O)N1CCN(c2nc(NCCOCCN3CCN(CCOCCNc4cccc5c4C(=O)N(C4CCC(=O)NC4=O)C5=O)CC3)nc3c(F)c(-c4cc(O)cc5ccccc45)c(Cl)cc23)CC1
1628,Cc1ncsc1-c1ccc(CNC(=O)[C@@H]2C[C@@H](O)CN2C(=O)[C@@H](NC(=O)COCCOc2ccc(-c3cc(Nc4ccc(OC(F)(F)F)cc4)ncn3)cc2)C(C)(C)C)cc1
1629,CO[C@H]1C[C@@H]2CC[C@@H](C)[C@@](O)(O2)C(=O)C(=O)N2CCCC[C@H]2C(=O)O[C@H]([C@H](C)C[C@@H]2CC[C@@H](OCCOCc3cn(CCOCCOCCNc4cccc5c4C(=O)N(C4CCC(=O)NC4=O)C5=O)nn3)[C@H](OC)C2)CC(=O)[C@H](C)/C=C(\C)[C@@H](O)[C@@H](OC)C(=O)[C@H](C)C[C@H](C)/C=C/C=C/C=C/1C
1630,Nc1ncnc2c1c(-c1ccc(Oc3ccccc3)cc1)nn2[C@@H]1CCCN(C(=O)CCCc2cn(CCOCCOCCNc3cccc4c3C(=O)N(C3CCC(=O)NC3=O)C4=O)nn2)C1
1631,CN[C@@H](C)C(=O)N[C@H](C(=O)N1Cc2cc(OCCOCCOCCOCCOc3cc4nccc(Nc5ccc6scnc6c5)c4cc3S(=O)(=O)C(C)(C)C)ccc2C[C@H]1C(=O)N[C@@H]1CCCc2ccccc21)C(C)(C)C
1632,CC(C)(C)S(=O)(=O)c1cc2c(Nc3ccc4scnc4c3)ccnc2cc1OCCOCCOCCOCCOCC(=O)Nc1cccc2c1CN(C1CCC(=O)NC1=O)C2=O
1633,CN[C@@H](C)C(=O)N[C@H](C(=O)N1CCC[C@H]1c1nc(C(=O)c2ccc(F)cc2)cs1)C1CCN(C(=O)c2cnc(N3CCN(CCOc4cc5ncnc(Nc6n[nH]c(C)c6C)c5cc4S(=O)(=O)C(C)(C)C)CC3)nc2)CC1
1634,CN[C@@H](C)C(=O)N[C@H](C(=O)N1C[C@@H](NC(=O)c2cnc(N3CCN(CCCOc4cc5ncnc(Nc6n[nH]c(C)c6C)c5cc4S(=O)(=O)C(C)(C)C)CC3)cn2)C[C@H]1C(=O)Nc1c(F)cccc1F)C(C)(C)C
1635,Cc1ncsc1-c1ccc(CNC(=O)[C@@H]2C[C@@H](O)CN2C(=O)[C@@H](NC(=O)CCOCCOCCC(=O)NCCCOC(=O)NC(Nc2ncccn2)C(Cl)(Cl)Cl)C(C)(C)C)cc1
1636,Cc1ncsc1-c1ccc(CNC(=O)[C@@H]2C[C@@H](O)CN2C(=O)[C@@H](NC(=O)CCOCCOCCOCCC(=O)NCCCOC(=O)NC(Nc2ncccn2)C(Cl)(Cl)Cl)C(C)(C)C)cc1
1637,Cc1ncsc1-c1ccc(CNC(=O)[C@@H]2C[C@@H](O)CN2C(=O)[C@@H](NC(=O)CCOCCOCCOCCOCCC(=O)NCCCOC(=O)NC(Nc2ncccn2)C(Cl)(Cl)Cl)C(C)(C)C)cc1
1638,Cc1ncsc1-c1ccc(CNC(=O)[C@@H]2C[C@@H](O)CN2C(=O)[C@@H](NC(=O)CCOCCOCCOCCOCCOCCOCCC(=O)NCCCOC(=O)NC(Nc2ncccn2)C(Cl)(Cl)Cl)C(C)(C)C)cc1
1639,Cc1ncsc1-c1ccc(CNC(=O)[C@@H]2C[C@@H](O)CN2C(=O)[C@@H](NC(=O)CCOCCOCCOCCOCCOCCOCCOCCC(=O)NCCCOC(=O)NC(Nc2ncccn2)C(Cl)(Cl)Cl)C(C)(C)C)cc1
1640,Cc1ncsc1-c1ccc(CNC(=O)[C@@H]2C[C@@H](O)CN2C(=O)[C@@H](NC(=O)CCOCCOCCOCCOCCOCCOCCOCCOCCOCCC(=O)NCCCOC(=O)NC(Nc2ncccn2)C(Cl)(Cl)Cl)C(C)(C)C)cc1
1641,O=C(CCOCCOCCC(=O)NCCCOc1cccc2c1C(=O)N(C1CCC(=O)NC1=O)C2=O)NCCCOC(=O)NC(Nc1ncccn1)C(Cl)(Cl)Cl
1642,O=C(CCOCCOCCOCCC(=O)NCCCOc1cccc2c1C(=O)N(C1CCC(=O)NC1=O)C2=O)NCCCOC(=O)NC(Nc1ncccn1)C(Cl)(Cl)Cl
1643,O=C(CCOCCOCCOCCOCCOCCC(=O)NCCCOc1cccc2c1C(=O)N(C1CCC(=O)NC1=O)C2=O)NCCCOC(=O)NC(Nc1ncccn1)C(Cl)(Cl)Cl
1644,O=C(CCOCCOCCOCCC(=O)NCCOc1cccc2c1C(=O)N(C1CCC(=O)NC1=O)C2=O)NCCCOC(=O)NC(Nc1ncccn1)C(Cl)(Cl)Cl
1645,O=C(CCOCCOCCOCCOCCOCCOCCC(=O)NCCOc1cccc2c1C(=O)N(C1CCC(=O)NC1=O)C2=O)NCCCOC(=O)NC(Nc1ncccn1)C(Cl)(Cl)Cl
1646,O=C(CCOCCOCCOCCOCCOCCOCCC(=O)NCCCOc1cccc2c1C(=O)N(C1CCC(=O)NC1=O)C2=O)NCCCOC(=O)NC(Nc1ncccn1)C(Cl)(Cl)Cl
1647,O=C(CCOCCOCCOCCOCCOCCOCCOCCOCCOCCC(=O)NCCCOc1cccc2c1C(=O)N(C1CCC(=O)NC1=O)C2=O)NCCCOC(=O)NC(Nc1ncccn1)C(Cl)(Cl)Cl
1648,O=C(CCOCCOCCOCCOCCOCCn1cc(COc2cccc3c2C(=O)N(C2CCC(=O)NC2=O)C3=O)nn1)NCCCOC(=O)NC(Nc1ncccn1)C(Cl)(Cl)Cl
1649,Cc1ncsc1-c1ccc(CNC(=O)[C@@H]2C[C@@H](O)CN2C(=O)[C@@H](NC(=O)COCCOCCOCCOCC(=O)N[C@H](C(=O)N2C[C@H](O)C[C@H]2C(=O)NCc2ccc(-c3scnc3C)cc2)C(C)(C)C)C(C)(C)C)cc1
1650,Cc1ncsc1-c1ccc(CNC(=O)[C@@H]2C[C@@H](O)CN2C(=O)[C@@H](NC(=O)COCCOCCOCCOCCOCC(=O)N[C@H](C(=O)N2C[C@H](O)C[C@H]2C(=O)NCc2ccc(-c3scnc3C)cc2)C(C)(C)C)C(C)(C)C)cc1
1651,Cc1ncsc1-c1ccc(CNC(=O)[C@@H]2C[C@@H](O)CN2C(=O)[C@@H](NC(=O)COCCOCCOCCOCCOCCOCC(=O)N[C@H](C(=O)N2C[C@H](O)C[C@H]2C(=O)NCc2ccc(-c3scnc3C)cc2)C(C)(C)C)C(C)(C)C)cc1
1652,CC(=O)N[C@H](C(=O)N1C[C@H](O)C[C@H]1C(=O)NCc1ccc(-c2scnc2C)cc1OCCOCCOCCOCCOCCOc1cc(-c2scnc2C)ccc1CNC(=O)[C@@H]1C[C@@H](O)CN1C(=O)[C@@H](NC(C)=O)C(C)(C)C)C(C)(C)C
1653,Cc1ncsc1-c1ccc(CNC(=O)[C@@H]2C[C@@H](O)CN2C(=O)[C@@H](NC(=O)C2(C#N)CC2)C(C)(C)C)c(OCCOCCOCCOCCOCCOc2cc(-c3scnc3C)ccc2CNC(=O)[C@@H]2C[C@@H](O)CN2C(=O)[C@@H](NC(=O)C2(C#N)CC2)C(C)(C)C)c1
1654,CC(=O)N[C@H](C(=O)N1C[C@H](O)C[C@H]1C(=O)NCc1ccc(-c2scnc2C)cc1OCCOCCOCCOCCOCCOCC(=O)N[C@H](C(=O)N1C[C@H](O)C[C@H]1C(=O)NCc1ccc(-c2scnc2C)cc1)C(C)(C)C)C(C)(C)C
1655,Cc1ncsc1-c1ccc(CNC(=O)[C@@H]2C[C@@H](O)CN2C(=O)[C@@H](NC(=O)COCCOCCOCCOCCOCCOc2cc(-c3scnc3C)ccc2CNC(=O)[C@@H]2C[C@@H](O)CN2C(=O)[C@@H](NC(=O)C2(C#N)CC2)C(C)(C)C)C(C)(C)C)cc1
1656,CC[C@H](C)[C@H](N)c1cn([C@@H](Cc2ccc(O)cc2)C(=O)N2CCN(c3nc(NCCOCCOCCOCc4cn(CCOCCOCCOCCNC(=O)CN5CCN(C(=O)N6C(c7ccc(OC)cc7OC(C)C)=N[C@@H](c7ccc(Cl)cc7)[C@H]6c6ccc(Cl)cc6)CC5=O)nn4)nc(N4CCN(C(=O)[C@H](Cc5ccc(O)cc5)n5cc([C@@H](N)[C@@H](C)CC)nn5)CC4)n3)CC2)nn1
1657,Cc1ccc(NC(=O)c2ccc(CN3CCN(C(=O)COCCOCCOCCNC(=O)[C@H](CC(C)C)NC(=O)[C@@H](O)[C@H](N)Cc4ccccc4)CC3)cc2)cc1Nc1nccc(-c2cccnc2)n1
1658,CC(C)C[C@H](NC(=O)[C@@H](O)[C@H](N)Cc1ccccc1)C(=O)NCCOCCOCCOCCNC(=O)c1cccc(-c2cc(Nc3ccc(OC(F)(F)F)cc3)ncn2)c1
1659,CCN1CCN(Cc2ccc(NC(=O)c3cccc(-c4ccc5nc(NC(=O)COCCOCCOCCNC(=O)[C@H](CC(C)C)NC(=O)[C@@H](O)[C@H](N)Cc6ccccc6)sc5n4)c3)cc2C(F)(F)F)CC1
1660,Cc1nc(Nc2ncc(C(=O)Nc3c(C)cccc3Cl)s2)cc(N2CCN(C(=O)COCCOCCOCCNC(=O)[C@H](CC(C)C)NC(=O)[C@@H](O)[C@H](N)Cc3ccccc3)CC2)n1
1661,CN[C@@H](C)C(=O)N[C@H](C(=O)N1CCC[C@H]1C(=O)N[C@H](C(=O)NCCOCCOCCOCC(=O)N1CCN(Cc2ccc(C(=O)Nc3ccc(C)c(Nc4nccc(-c5cccnc5)n4)c3)cc2)CC1)C(c1ccccc1)c1ccccc1)C1CCCCC1
1662,CN[C@@H](C)C(=O)N[C@H](C(=O)N1CCC[C@H]1C(=O)N[C@H](C(=O)NCCOCCOCCOCCNC(=O)c1cccc(-c2cc(Nc3ccc(OC(F)(F)F)cc3)ncn2)c1)C(c1ccccc1)c1ccccc1)C1CCCCC1
1663,CCN1CCN(Cc2ccc(NC(=O)c3cccc(-c4ccc5nc(NC(=O)COCCOCCOCCNC(=O)[C@@H](NC(=O)[C@@H]6CCCN6C(=O)[C@@H](NC(=O)[C@H](C)NC)C6CCCCC6)C(c6ccccc6)c6ccccc6)sc5n4)c3)cc2C(F)(F)F)CC1
1664,CN[C@@H](C)C(=O)N[C@H](C(=O)N1CCC[C@H]1C(=O)N[C@H](C(=O)NCCOCCOCCOCC(=O)N1CCN(c2cc(Nc3ncc(C(=O)Nc4c(C)cccc4Cl)s3)nc(C)n2)CC1)C(c1ccccc1)c1ccccc1)C1CCCCC1
1665,CN[C@@H](C)C(=O)N[C@H](C(=O)N1CCC[C@H]1c1nc(C(=O)c2cccc(OCCOCCOCCOCC(=O)N3CCN(Cc4ccc(C(=O)Nc5ccc(C)c(Nc6nccc(-c7cccnc7)n6)c5)cc4)CC3)c2)cs1)C1CCCCC1
1666,CN[C@@H](C)C(=O)N[C@H](C(=O)N1CCC[C@H]1c1nc(C(=O)c2cccc(OCCOCCOCCOCCNC(=O)c3cccc(-c4cc(Nc5ccc(OC(F)(F)F)cc5)ncn4)c3)c2)cs1)C1CCCCC1
1667,CCN1CCN(Cc2ccc(NC(=O)c3cccc(-c4ccc5nc(NC(=O)COCCOCCOCCOc6cccc(C(=O)c7csc([C@@H]8CCCN8C(=O)[C@@H](NC(=O)[C@H](C)NC)C8CCCCC8)n7)c6)sc5n4)c3)cc2C(F)(F)F)CC1
1668,CN[C@@H](C)C(=O)N[C@H](C(=O)N1CCC[C@H]1c1nc(C(=O)c2cccc(OCCOCCOCCOCC(=O)N3CCN(c4cc(Nc5ncc(C(=O)Nc6c(C)cccc6Cl)s5)nc(C)n4)CC3)c2)cs1)C1CCCCC1
1669,CN[C@@H](C)C(=O)N[C@H](C(=O)N1CCC[C@H]1c1nc(C(=O)c2cccc(OCCOCC(=O)N3CCN(c4cc(Nc5ncc(C(=O)Nc6c(C)cccc6Cl)s5)nc(C)n4)CC3)c2)cs1)C1CCCCC1
1670,CN[C@@H](C)C(=O)N[C@H](C(=O)N1CCC[C@H]1c1nc(C(=O)c2cccc(OCCOCCOCC(=O)N3CCN(c4cc(Nc5ncc(C(=O)Nc6c(C)cccc6Cl)s5)nc(C)n4)CC3)c2)cs1)C1CCCCC1
1671,CN[C@@H](C)C(=O)N[C@H](C(=O)N1CCC[C@H]1c1nc(C(=O)c2cccc(OCCOCCOCCOCCOCC(=O)N3CCN(c4cc(Nc5ncc(C(=O)Nc6c(C)cccc6Cl)s5)nc(C)n4)CC3)c2)cs1)C1CCCCC1
1672,CN[C@@H](C)C(=O)N[C@H](C(=O)N1CCC[C@H]1c1nc(C(=O)c2ccc(OCCOCCOCCNC(=O)c3cccc(-c4cc(Nc5ccc(OC(F)(F)F)cc5)ncn4)c3)cc2)cs1)C1CCCCC1
1673,CN[C@@H](C)C(=O)N[C@H](C(=O)N1CCC[C@H]1c1nc(C(=O)c2cccc(OCCOCCOCCNC(=O)C3CCN(c4ncc(C(=O)Nc5ccc(OC(F)(F)Cl)cc5)cc4-c4ccn[nH]4)C3)c2)cs1)C1CCCCC1
1674,CC/C(=C(\c1ccc(O)cc1)c1ccc(OCCN(C)C(=O)CCNC(=O)[C@H](CC(C)C)NC(=O)[C@@H](O)[C@H](N)Cc2ccccc2)cc1)c1ccccc1
1675,CC/C(=C(\c1ccc(O)cc1)c1ccc(OCCN(C)C(=O)CCCCNC(=O)[C@H](CC(C)C)NC(=O)[C@@H](O)[C@H](N)Cc2ccccc2)cc1)c1ccccc1
1676,CC/C(=C(\c1ccc(O)cc1)c1ccc(OCCN(C)C(=O)CCCCCCNC(=O)[C@H](CC(C)C)NC(=O)[C@@H](O)[C@H](N)Cc2ccccc2)cc1)c1ccccc1
1677,CC/C(=C(\c1ccc(O)cc1)c1ccc(OCCN(C)C(=O)COCCOCCOc2cccc(C(=O)c3csc([C@@H]4CCCN4C(=O)[C@@H](NC(=O)[C@H](C)NC)C4CCCCC4)n3)c2)cc1)c1ccccc1
1678,CC/C(=C(\c1ccc(O)cc1)c1ccc(OCCN(C)C(=O)COCCOCCOCCOc2cccc(C(=O)c3csc([C@@H]4CCCN4C(=O)[C@@H](NC(=O)[C@H](C)NC)C4CCCCC4)n3)c2)cc1)c1ccccc1
1679,CC/C(=C(\c1ccc(O)cc1)c1ccc(OCCN(C)C(=O)COCCOCCOCCOCCOc2cccc(C(=O)c3csc([C@@H]4CCCN4C(=O)[C@@H](NC(=O)[C@H](C)NC)C4CCCCC4)n3)c2)cc1)c1ccccc1
1680,CN[C@@H](C)C(=O)N[C@H](C(=O)N1CCC[C@H]1c1nc(C(=O)c2cccc(OCCOCCOCCOCCNC(=O)C[C@@H]3N=C(c4ccc(Cl)cc4)c4c(sc(C)c4C)-n4c(C)nnc43)c2)cs1)C1CCCCC1
1681,CN[C@@H](C)C(=O)N[C@H](C(=O)N1CCC[C@H]1c1nc(C(=O)c2cccc(OCCOCCOCCOCCNC(=O)CCCCCCOc3c(OC)ccc4c(Nc5c(Cl)cncc5Cl)cc(=O)oc34)c2)cs1)C1CCCCC1
1682,CC/C(=C(\c1ccc(O)cc1)c1ccc(OCCN(C)C(=O)COCCOCCOCCNC(=O)[C@H](CC(C)C)NC(=O)[C@@H](O)[C@H](N)Cc2ccccc2)cc1)c1ccccc1
1683,CC/C(=C(\c1ccc(O)cc1)c1ccc(OCCN(C)C(=O)COCCNC(=O)[C@@H](NC(=O)[C@@H]2CCCN2C(=O)[C@@H](NC(=O)[C@H](C)NC)C2CCCCC2)C(c2ccccc2)c2ccccc2)cc1)c1ccccc1
1684,CC/C(=C(\c1ccc(O)cc1)c1ccc(OCCN(C)C(=O)COCCOCCNC(=O)[C@@H](NC(=O)[C@@H]2CCCN2C(=O)[C@@H](NC(=O)[C@H](C)NC)C2CCCCC2)C(c2ccccc2)c2ccccc2)cc1)c1ccccc1
1685,CC/C(=C(\c1ccc(O)cc1)c1ccc(OCCN(C)C(=O)COCCOCCOCCNC(=O)[C@@H](NC(=O)[C@@H]2CCCN2C(=O)[C@@H](NC(=O)[C@H](C)NC)C2CCCCC2)C(c2ccccc2)c2ccccc2)cc1)c1ccccc1
1686,CC/C(=C(\c1ccc(O)cc1)c1ccc(OCCN(C)C(=O)COCCOCCOCCOCCNC(=O)[C@@H](NC(=O)[C@@H]2CCCN2C(=O)[C@@H](NC(=O)[C@H](C)NC)C2CCCCC2)C(c2ccccc2)c2ccccc2)cc1)c1ccccc1
1687,CN[C@@H](C)C(=O)N[C@H](C(=O)N1CCC[C@H]1C(=O)N[C@H](C(=O)NCCOCCOCCOCC(=O)N(C)CCOc1ccc(C(=O)c2c(-c3ccc(O)cc3)sc3cc(O)ccc23)cc1)C(c1ccccc1)c1ccccc1)C1CCCCC1
1688,CN[C@@H](C)C(=O)N[C@H](C(=O)N1CCC[C@H]1C(=O)N[C@H](C(=O)NCCOCCOCCOCCOCCCC[C@@H]1Cc2cc(O)ccc2[C@H]2CC[C@]3(C)[C@@H](O)CC[C@H]3[C@H]12)C(c1ccccc1)c1ccccc1)C1CCCCC1
1689,CN[C@@H](C)C(=O)N[C@H](C(=O)N1CCC[C@H]1C(=O)N[C@H](C(=O)NCCOCCOCCOCC(=O)N(C)CCOc1ccc([C@@H]2c3ccc(O)cc3CC[C@@H]2c2ccccc2)cc1)C(c1ccccc1)c1ccccc1)C1CCCCC1
1690,CN[C@@H](C)C(=O)N[C@H](C(=O)N1CCC[C@H]1c1nc(C(=O)c2cccc(OCCOCCOCCOCCOCCNC(=O)C[C@@H]3N=C(c4ccc(Cl)cc4)c4c(sc(C)c4C)-n4c(C)nnc43)c2)cs1)C1CCCCC1
1691,CC/C(=C(\c1ccc(O)cc1)c1ccc(OCCN(C)C(=O)COCCOCCOCCNC(=O)c2cc(-c3cncc([C@@H]4CCCN4C(=O)[C@@H](NC(=O)[C@H](C)NC)C4CCCCC4)c3)ccc2F)cc1)c1ccccc1
1692,CC/C(=C(\c1ccc(O)cc1)c1ccc(OCCN(C)C(=O)COCCOCCOCCNC(=O)c2cccc3c2ccn3-c2cncc([C@@H]3CCCN3C(=O)[C@@H](NC(=O)[C@H](C)NC)C(C)C)c2)cc1)c1ccccc1
1693,CC/C(=C(\c1ccc(O)cc1)c1ccc(OCCN(C)C(=O)COCCOCCOCCOc2cccc(O[C@H]3C[C@@H](C(=O)N[C@@H]4CCCc5ccccc54)N(C(=O)[C@@H](NC(=O)[C@H](C)NC)C4CCCCC4)C3)c2)cc1)c1ccccc1
1694,CC/C(=C(\c1ccc(O)cc1)c1ccc(OCCN(C)C(=O)COCCOCCOCCOc2ccc(O[C@H]3C[C@@H](C(=O)N[C@@H]4CCCc5ccccc54)N(C(=O)[C@@H](NC(=O)[C@H](C)NC)C4CCCCC4)C3)cc2)cc1)c1ccccc1
1695,CC/C(=C(\c1ccc(O)cc1)c1ccc(OCCN(C)C(=O)COCCOCCOCCOc2cccc(CCN3C[C@@H]4CC[C@H]3[C@@H](NC(=O)[C@@H](NC(=O)[C@H](C)NC)C3CCCCC3)C4)c2)cc1)c1ccccc1
1696,CC/C(=C(\c1ccc(O)cc1)c1ccc(OCCN(C)C(=O)COCCOCCOCCOc2ccccc2O[C@H]2C[C@@H](C(=O)N[C@@H]3CCCc4ccccc43)N(C(=O)[C@@H](NC(=O)[C@H](C)NC)C3CCCCC3)C2)cc1)c1ccccc1
1697,CC/C(=C(\c1ccc(O)cc1)c1ccc(OCCN(C)C(=O)COCCOCCOCCOc2ccc(CCN3C[C@@H]4CC[C@H]3[C@@H](NC(=O)[C@@H](NC(=O)[C@H](C)NC)C3CCCCC3)C4)cc2)cc1)c1ccccc1
1698,CC/C(=C(\c1ccc(O)cc1)c1ccc(OCCN(C)C(=O)COCCOCCOCCOc2cccc(C(=O)c3cncc([C@@H]4CCCN4C(=O)[C@@H](NC(=O)[C@H](C)NC)C4CCCCC4)c3)c2)cc1)c1ccccc1
1699,CC/C(=C(\c1ccc(O)cc1)c1ccc(OCCN(C)C(=O)COCCOCCOCCOCC(=O)N2CCC([C@H](NC(=O)[C@H](C)NC)C(=O)N3CCC[C@H]3c3nc4c(-c5ccccc5)nccc4s3)CC2)cc1)c1ccccc1
1700,CC/C(=C(\c1ccc(O)cc1)c1ccc(OCCN(C)C(=O)COCCOCCOCCOCC(=O)NCCCC[C@H](NC(=O)[C@H](C)NC)C(=O)N2CCC[C@H]2C(=O)Nc2snnc2-c2ccccc2)cc1)c1ccccc1
1701,CC/C(=C(\c1ccc(O)cc1)c1ccc(OCCN(C)C(=O)COCCOCCOCCOc2cccc(O[C@@H]3C[C@@H](C(=O)N[C@@H]4CCCc5ccccc54)N(C(=O)[C@@H](NC(=O)[C@H](C)NC)C4CCCCC4)C3)c2)cc1)c1ccccc1
1702,CC/C(=C(\c1ccc(O)cc1)c1ccc(OCCN(C)C(=O)COCCOCCOCCOc2ccc(O[C@H]3C[C@@H](c4nc(-c5ccc(F)c6ccccc56)cs4)N(C(=O)[C@@H](NC(=O)[C@H](C)NC)C4CCCCC4)C3)cc2)cc1)c1ccccc1
1703,Cc1c(C#N)c(-c2ccc(C#N)cc2)c(C)n1Cc1ccc(C(=O)NCCOCCOCCOCCNC(=O)[C@H](CC(C)C)NC(=O)[C@@H](O)[C@H](N)Cc2ccccc2)cc1
1704,CC(C)C[C@H](NC(=O)[C@@H](O)[C@H](N)Cc1ccccc1)C(=O)NCCOCCOCCOCCNC(=O)c1ccc(S(=O)(=O)CC(C)(O)C(=O)Nc2ccc(C#N)c(C(F)(F)F)c2)cc1
1705,Cc1nn(-c2ccc(C#N)c(C(F)(F)F)c2)c(C)c1Cc1ccc(C(=O)NCCOCCOCCOCCNC(=O)[C@H](CC(C)C)NC(=O)[C@@H](O)[C@H](N)Cc2ccccc2)cc1
1706,Cc1nn(-c2ccc(C#N)c(Cl)c2)c(C)c1CCc1ccc(C(=O)NCCOCCOCCOCCNC(=O)[C@H](CC(C)C)NC(=O)[C@@H](O)[C@H](N)Cc2ccccc2)cc1
1707,Cc1nn(-c2ccc(C#N)cc2Cl)c(C)c1Cc1ccc(C(=O)NCCOCCOCCOCCNC(=O)[C@H](CC(C)C)NC(=O)[C@@H](O)[C@H](N)Cc2ccccc2)cc1
1708,CN[C@@H](C)C(=O)N[C@H](C(=O)N1CCC[C@H]1C(=O)N[C@H](C(=O)NCCOCCOCCOCCNC(=O)c1ccc(Cn2c(C)c(C#N)c(-c3ccc(C#N)cc3)c2C)cc1)C(c1ccccc1)c1ccccc1)C1CCCCC1
1709,CN[C@@H](C)C(=O)N[C@H](C(=O)N1CCC[C@H]1c1nc(C(=O)c2cccc(OCCOCCOCCNC(=O)c3ccc(Cn4c(C)c(C#N)c(-c5ccc(C#N)cc5)c4C)cc3)c2)cs1)C1CCCCC1
1710,CN[C@@H](C)C(=O)N[C@H](C(=O)N1CCC[C@H]1c1nc(C(=O)c2cccc(OCCOCCOCCOCC#Cc3ccc(Cn4c(C)c(C#N)c(-c5ccc(C#N)cc5)c4C)cc3)c2)cs1)C1CCCCC1
1711,CN[C@@H](C)C(=O)N[C@H](C(=O)N1CCC[C@H]1c1nc(C(=O)c2cccc(OCCOCCOCCOCCCc3ccc(Cn4c(C)c(C#N)c(-c5ccc(C#N)cc5)c4C)cc3)c2)cs1)C1CCCCC1
1712,CN[C@@H](C)C(=O)N[C@H](C(=O)N1CCC[C@H]1c1nc(C(=O)c2cccc(OCCOCCOCCOCCOc3ccc(Cn4c(C)c(C#N)c(-c5ccc(C#N)cc5)c4C)cc3)c2)cs1)C1CCCCC1
1713,CN[C@@H](C)C(=O)N[C@H](C(=O)N1CCC[C@H]1c1nc(C(=O)c2cccc(OCCOCCOCCOCCOc3cccc(Cn4c(C)c(C#N)c(-c5ccc(C#N)cc5)c4C)c3)c2)cs1)C1CCCCC1
1714,CN[C@@H](C)C(=O)N[C@H](C(=O)N1CCC[C@H]1c1nc(C(=O)c2cccc(OCCOCCOCCOc3ccc(Cn4c(C)c(C#N)c(-c5ccc(C#N)cc5)c4C)cc3)c2)cs1)C1CCCCC1
1715,CN[C@@H](C)C(=O)N[C@H](C(=O)N1CCC[C@H]1c1nc(C(=O)c2cccc(OCCOCCOCCOCCOCCOc3ccc(Cn4c(C)c(C#N)c(-c5ccc(C#N)cc5)c4C)cc3)c2)cs1)C1CCCCC1
1716,CN[C@@H](C)C(=O)N[C@H](C(=O)N1CCC[C@H]1c1nc(C(=O)c2cccc(OCCOCCOCCOCCOc3ccccc3Cn3c(C)c(C#N)c(-c4ccc(C#N)cc4)c3C)c2)cs1)C1CCCCC1
1717,CN[C@@H](C)C(=O)N[C@H](C(=O)N1CCC[C@H]1c1nc(C(=O)c2cccc(OCCOc3ccc(OCCOc4ccc(Cn5c(C)c(C#N)c(-c6ccc(C#N)cc6)c5C)cc4)cc3)c2)cs1)C1CCCCC1
1718,CN[C@@H](C)C(=O)N[C@H](C(=O)N1CCC[C@H]1c1nc(C(=O)c2cccc(OCCOc3cccc(OCCOc4ccc(Cn5c(C)c(C#N)c(-c6ccc(C#N)cc6)c5C)cc4)c3)c2)cs1)C1CCCCC1
1719,CN[C@@H](C)C(=O)N[C@H](C(=O)N1CCC[C@H]1c1nc(C(=O)c2cccc(OCCOc3ccccc3OCCOc3ccc(Cn4c(C)c(C#N)c(-c5ccc(C#N)cc5)c4C)cc3)c2)cs1)C1CCCCC1
1720,CCCS(=O)(=O)Nc1ccc(F)c(C(=O)c2c[nH]c3ncc(-c4ccc(CNC(=O)CCCCNc5ccc6c(c5)C(=O)N(C5CCC(=O)NC5=O)C6=O)cc4)cc23)c1F
1721,CCCS(=O)(=O)Nc1ccc(F)c(-n2cc(-c3cncnc3)c3nc(N(C)C4CCN(C(=O)CCOCCOCCOCCNc5cccc6c5C(=O)N(C5CCC(=O)NC5=O)C6=O)CC4)ccc32)c1F
1722,CCCS(=O)(=O)Nc1ccc(F)c(C(=O)c2c[nH]c3ncc(-c4ccc(CNC(=O)CCCNc5ccc6c(c5)C(=O)N(C5CCC(=O)NC5=O)C6=O)cc4)cc23)c1F
1723,CCCS(=O)(=O)Nc1ccc(F)c(C(=O)c2c[nH]c3ncc(-c4ccc(CNC(=O)CCCCCNc5ccc6c(c5)C(=O)N(C5CCC(=O)NC5=O)C6=O)cc4)cc23)c1F
1724,CCCS(=O)(=O)Nc1ccc(F)c(C(=O)c2c[nH]c3ncc(-c4ccc(CNC(=O)CCOCCNc5ccc6c(c5)C(=O)N(C5CCC(=O)NC5=O)C6=O)cc4)cc23)c1F
1725,CCCS(=O)(=O)Nc1ccc(F)c(C(=O)c2c[nH]c3ncc(-c4ccc(CNC(=O)CCCCCCNc5ccc6c(c5)C(=O)N(C5CCC(=O)NC5=O)C6=O)cc4)cc23)c1F
1726,CCCS(=O)(=O)Nc1ccc(F)c(C(=O)c2c[nH]c3ncc(-c4ccc(CNC(=O)CCCCCCCNc5ccc6c(c5)C(=O)N(C5CCC(=O)NC5=O)C6=O)cc4)cc23)c1F
1727,CCCS(=O)(=O)Nc1ccc(F)c(C(=O)c2c[nH]c3ncc(-c4ccc(CNC(=O)CCOCCOCCNc5ccc6c(c5)C(=O)N(C5CCC(=O)NC5=O)C6=O)cc4)cc23)c1F
1728,CCCS(=O)(=O)Nc1ccc(F)c(C(=O)c2c[nH]c3ncc(-c4ccc(CNC(=O)CCOCCOCCOCCNc5ccc6c(c5)C(=O)N(C5CCC(=O)NC5=O)C6=O)cc4)cc23)c1F
1729,CCCS(=O)(=O)Nc1ccc(F)c(C(=O)c2c[nH]c3ncc(-c4ccc(CNC(=O)CCOCCOCCOCCOCCNc5ccc6c(c5)C(=O)N(C5CCC(=O)NC5=O)C6=O)cc4)cc23)c1F
1730,CCCS(=O)(=O)Nc1ccc(F)c(C(=O)c2c[nH]c3ncc(-c4ccc(CNC(=O)CCOCCOCCOCCOCCOCCNc5ccc6c(c5)C(=O)N(C5CCC(=O)NC5=O)C6=O)cc4)cc23)c1F
1731,CCCS(=O)(=O)Nc1ccc(F)c(-n2cc(-c3cncnc3)c3nc(N(C)C4CCN(C(=O)CCCNc5cccc6c5C(=O)N(C5CCC(=O)NC5=O)C6=O)CC4)ccc32)c1F
1732,CCCS(=O)(=O)Nc1ccc(F)c(-n2cc(-c3cncnc3)c3nc(N(C)C4CCN(C(=O)CCCCNc5cccc6c5C(=O)N(C5CCC(=O)NC5=O)C6=O)CC4)ccc32)c1F
1733,CCCS(=O)(=O)Nc1ccc(F)c(-n2cc(-c3cncnc3)c3nc(N(C)C4CCN(C(=O)CCCCCNc5cccc6c5C(=O)N(C5CCC(=O)NC5=O)C6=O)CC4)ccc32)c1F
1734,CCCS(=O)(=O)Nc1ccc(F)c(-n2cc(-c3cncnc3)c3nc(N(C)C4CCN(C(=O)CCOCCNc5cccc6c5C(=O)N(C5CCC(=O)NC5=O)C6=O)CC4)ccc32)c1F
1735,CCCS(=O)(=O)Nc1ccc(F)c(-n2cc(-c3cncnc3)c3nc(N(C)C4CCN(C(=O)CCCCCCNc5cccc6c5C(=O)N(C5CCC(=O)NC5=O)C6=O)CC4)ccc32)c1F
1736,CCCS(=O)(=O)Nc1ccc(F)c(-n2cc(-c3cncnc3)c3nc(N(C)C4CCN(C(=O)CCCCCCCNc5cccc6c5C(=O)N(C5CCC(=O)NC5=O)C6=O)CC4)ccc32)c1F
1737,CCCS(=O)(=O)Nc1ccc(F)c(-n2cc(-c3cncnc3)c3nc(N(C)C4CCN(C(=O)CCOCCOCCNc5cccc6c5C(=O)N(C5CCC(=O)NC5=O)C6=O)CC4)ccc32)c1F
1738,CCCS(=O)(=O)Nc1ccc(F)c(-n2cc(-c3cncnc3)c3nc(N(C)C4CCN(C(=O)CCOCCOCCOCCOCCNc5cccc6c5C(=O)N(C5CCC(=O)NC5=O)C6=O)CC4)ccc32)c1F
1739,CCCS(=O)(=O)Nc1ccc(F)c(-n2cc(-c3cncnc3)c3nc(N(C)C4CCN(C(=O)CCOCCOCCOCCOCCOCCNc5cccc6c5C(=O)N(C5CCC(=O)NC5=O)C6=O)CC4)ccc32)c1F
1740,CCCS(=O)(=O)Nc1ccc(F)c(C(=O)c2c[nH]c3ncc(-c4ccc(CNC(=O)CCCC(=O)N[C@H](C(=O)N5C[C@H](O)C[C@H]5C(=O)NCc5ccc(-c6scnc6C)cc5)C(C)(C)C)cc4)cc23)c1F
1741,CCCS(=O)(=O)Nc1ccc(F)c(C(=O)c2c[nH]c3ncc(-c4ccc(CNC(=O)CCCCC(=O)N[C@H](C(=O)N5C[C@H](O)C[C@H]5C(=O)NCc5ccc(-c6scnc6C)cc5)C(C)(C)C)cc4)cc23)c1F
1742,CCCS(=O)(=O)Nc1ccc(F)c(C(=O)c2c[nH]c3ncc(-c4ccc(CNC(=O)CCOCCC(=O)N[C@H](C(=O)N5C[C@H](O)C[C@H]5C(=O)NCc5ccc(-c6scnc6C)cc5)C(C)(C)C)cc4)cc23)c1F
1743,CCCS(=O)(=O)Nc1ccc(F)c(-n2cc(-c3cncnc3)c3nc(N(C)C4CCN(C(=O)CCOCCC(=O)N[C@H](C(=O)N5C[C@H](O)C[C@H]5C(=O)NCc5ccc(-c6scnc6C)cc5)C(C)(C)C)CC4)ccc32)c1F
1744,CCCS(=O)(=O)Nc1ccc(F)c(-n2cc(-c3cncnc3)c3nc(N(C)C4CCN(C(=O)CCOCCOCCC(=O)N[C@H](C(=O)N5C[C@H](O)C[C@H]5C(=O)NCc5ccc(-c6scnc6C)cc5)C(C)(C)C)CC4)ccc32)c1F
1745,CCCS(=O)(=O)Nc1ccc(F)c(-n2cc(-c3cncnc3)c3nc(N(C)C4CCN(C(=O)CCOCCOCCOCCC(=O)N[C@H](C(=O)N5C[C@H](O)C[C@H]5C(=O)NCc5ccc(-c6scnc6C)cc5)C(C)(C)C)CC4)ccc32)c1F
1746,CCCS(=O)(=O)Nc1ccc(F)c(-n2cc(-c3cncnc3)c3nc(N(C)C4CCN(C(=O)CCOCCOCCOCCOCCC(=O)N[C@H](C(=O)N5C[C@H](O)C[C@H]5C(=O)NCc5ccc(-c6scnc6C)cc5)C(C)(C)C)CC4)ccc32)c1F
1747,CCCS(=O)(=O)Nc1ccc(F)c(-n2cc(-c3cncnc3)c3nc(N(C)C4CCN(C(=O)CCOCCOCCOCCOCCOCCC(=O)N[C@H](C(=O)N5C[C@H](O)C[C@H]5C(=O)NCc5ccc(-c6scnc6C)cc5)C(C)(C)C)CC4)ccc32)c1F
1748,CC(C)c1c(C(=O)Nc2ccccc2)c(-c2cccc(OCCCCc3cn(CCOCCOCCOCCOCCOCCNc4cccc5c4C(=O)N(C4CCC(=O)NC4=O)C5=O)nn3)c2)c(-c2ccc(F)cc2)n1CC[C@@H](O)C[C@@H](O)CC(=O)O
1749,Cc1ncsc1-c1ccc(CNC(=O)[C@@H]2C[C@@H](O)CN2C(=O)[C@@H](NC(=O)CCCCCCNCCCONC(=O)c2ccc(F)c(F)c2Nc2ccc(I)cc2F)C(C)(C)C)cc1
1750,Cc1ncsc1-c1ccc(CNC(=O)[C@@H]2C[C@@H](O)CN2C(=O)[C@@H](NC(=O)CCCCCCCCCCNCCCONC(=O)c2ccc(F)c(F)c2Nc2ccc(I)cc2F)C(C)(C)C)cc1
1751,Cc1ncsc1-c1ccc(CNC(=O)[C@@H]2C[C@@H](O)CN2C(=O)[C@@H](NC(=O)COCCOCCOCCNCCCONC(=O)c2ccc(F)c(F)c2Nc2ccc(I)cc2F)C(C)(C)C)cc1
1752,O=C1CCC(N2C(=O)c3cccc(NCCOCCNCCCONC(=O)c4ccc(F)c(F)c4Nc4ccc(I)cc4F)c3C2=O)C(=O)N1
1753,O=C1CCC(N2C(=O)c3cccc(NCCNCCCONC(=O)c4ccc(F)c(F)c4Nc4ccc(I)cc4F)c3C2=O)C(=O)N1
1754,Cc1ncsc1-c1ccc([C@H](C)NC(=O)[C@@H]2C[C@@H](O)CN2C(=O)[C@@H](NC(=O)CCCCCCCCCCNCCCONC(=O)c2ccc(F)c(F)c2Nc2ccc(I)cc2F)C(C)(C)C)cc1
1755,CCCCN(Cc1ccc(C(=O)NO)cc1)C(=O)Nc1ccc(OCCn2cc(CNc3cccc4c3C(=O)N(C3CCC(=O)NC3=O)C4=O)nn2)cc1
1756,CCCCN(Cc1ccc(C(=O)NO)cc1)C(=O)Nc1ccc(OCCCn2cc(CNc3cccc4c3C(=O)N(C3CCC(=O)NC3=O)C4=O)nn2)cc1
1757,CCCCN(Cc1ccc(C(=O)NO)cc1)C(=O)Nc1ccc(OCCCCn2cc(CNc3cccc4c3C(=O)N(C3CCC(=O)NC3=O)C4=O)nn2)cc1
1758,CCCCN(Cc1ccc(C(=O)NO)cc1)C(=O)Nc1ccc(OCCCCCCn2cc(CNc3cccc4c3C(=O)N(C3CCC(=O)NC3=O)C4=O)nn2)cc1
1759,CCCCN(Cc1ccc(C(=O)NO)cc1)C(=O)Nc1ccc(OCCn2cc(CCNc3cccc4c3C(=O)N(C3CCC(=O)NC3=O)C4=O)nn2)cc1
1760,CCCCN(Cc1ccc(C(=O)NO)cc1)C(=O)Nc1ccc(OCCCn2cc(CCNc3cccc4c3C(=O)N(C3CCC(=O)NC3=O)C4=O)nn2)cc1
1761,CCCCN(Cc1ccc(C(=O)NO)cc1)C(=O)Nc1ccc(OCCCCn2cc(CCNc3cccc4c3C(=O)N(C3CCC(=O)NC3=O)C4=O)nn2)cc1
1762,CCCCN(Cc1ccc(C(=O)NO)cc1)C(=O)Nc1ccc(OCCn2cc(CCCNc3cccc4c3C(=O)N(C3CCC(=O)NC3=O)C4=O)nn2)cc1
1763,CCCCN(Cc1ccc(C(=O)NO)cc1)C(=O)Nc1ccc(OCCCn2cc(CCCNc3cccc4c3C(=O)N(C3CCC(=O)NC3=O)C4=O)nn2)cc1
1764,CCCCN(Cc1ccc(C(=O)NO)cc1)C(=O)Nc1ccc(OCCCCn2cc(CCCNc3cccc4c3C(=O)N(C3CCC(=O)NC3=O)C4=O)nn2)cc1
1765,CCCCN(Cc1ccc(C(=O)NO)cc1)C(=O)Nc1ccc(OCCn2cc(CNc3ccc4c(c3)C(=O)N(C3CCC(=O)NC3=O)C4=O)nn2)cc1
1766,CCCCN(Cc1ccc(C(=O)NO)cc1)C(=O)Nc1ccc(OCCCn2cc(CNc3ccc4c(c3)C(=O)N(C3CCC(=O)NC3=O)C4=O)nn2)cc1
1767,CCCCN(Cc1ccc(C(=O)NO)cc1)C(=O)Nc1ccc(OCCCCn2cc(CNc3ccc4c(c3)C(=O)N(C3CCC(=O)NC3=O)C4=O)nn2)cc1
1768,CCCCN(Cc1ccc(C(=O)NO)cc1)C(=O)Nc1ccc(OCCCCCn2cc(CNc3ccc4c(c3)C(=O)N(C3CCC(=O)NC3=O)C4=O)nn2)cc1
1769,CCCCN(Cc1ccc(C(=O)NO)cc1)C(=O)Nc1ccc(OCCCCCCn2cc(CNc3ccc4c(c3)C(=O)N(C3CCC(=O)NC3=O)C4=O)nn2)cc1
1770,CCCCN(Cc1ccc(C(=O)NO)cc1)C(=O)Nc1ccc(OCCn2cc(CCCNc3ccc4c(c3)C(=O)N(C3CCC(=O)NC3=O)C4=O)nn2)cc1
1771,CCCCN(Cc1ccc(C(=O)NO)cc1)C(=O)Nc1ccc(OCCCn2cc(CCCNc3ccc4c(c3)C(=O)N(C3CCC(=O)NC3=O)C4=O)nn2)cc1
1772,COc1cc(-c2cn(C)c(=O)c3cc(C(=N)NC4CCS(=O)(=O)CC4)sc23)ccc1OCC(=O)NCCCCNC(=O)COc1cccc2c1C(=O)N(C1CCC(=O)NC1=O)C2=O
1773,COc1cc(-c2cn(C)c(=O)c3cc(C(=N)NC4CCS(=O)(=O)CC4)sc23)ccc1OCC(=O)NCCCCCCCCNC(=O)COc1cccc2c1C(=O)N(C1CCC(=O)NC1=O)C2=O
1774,COc1cc(-c2cn(C)c(=O)c3cc(C(=N)NC4CCS(=O)(=O)CC4)sc23)ccc1OCC(=O)NCCCOCCOCCOCCCNC(=O)COc1cccc2c1C(=O)N(C1CCC(=O)NC1=O)C2=O
1775,COc1cc(-c2cn(C)c(=O)c3cc(C(=N)NC4CCS(=O)(=O)CC4)sc23)ccc1OCC(=O)NCCCCCCOc1cccc2c1C(=O)N(C1CCC(=O)NC1=O)C2=O
1776,COc1cc(-c2cn(C)c(=O)c3cc(C(=N)NC4CCS(=O)(=O)CC4)sc23)ccc1OCC(=O)N1CCC(C2CCN(C(=O)COc3cccc4c3C(=O)N(C3CCC(=O)NC3=O)C4=O)CC2)CC1
1777,COc1cc(-c2cn(C)c(=O)c3cc(C(=N)NC4CCS(=O)(=O)CC4)sc23)ccc1OCC(=O)NCCOCCOCCOCC(=O)N[C@H](C(=O)N1C[C@H](O)C[C@H]1C(=O)NCc1ccc(-c2scnc2C)cc1)C(C)(C)C
1778,COc1cc(-c2cn(C)c(=O)c3cc(C(=N)NC4CCS(=O)(=O)CC4)sc23)ccc1OCC(=O)NCCOCCOCC(=O)N[C@H](C(=O)N1C[C@H](O)C[C@H]1C(=O)NCc1ccc(-c2scnc2C)cc1)C(C)(C)C
1779,COc1cc(-c2cn(C)c(=O)c3cc(C(=N)NC4CCS(=O)(=O)CC4)sc23)ccc1OCC(=O)NCCCCCCCCNc1ccc2c(c1)C(=O)N(C1CCC(=O)NC1=O)C2=O
1780,COc1cc(-c2cn(C)c(=O)c3cc(C(=N)NC4CCS(=O)(=O)CC4)sc23)ccc1OCC(=O)NCCCCCCCCNc1cccc2c1C(=O)N(C1CCC(=O)NC1=O)C2=O
1781,COc1cc(-c2cn(C)c(=O)c3cc(C(=N)NC4CCS(=O)(=O)CC4)sc23)ccc1OCC(=O)NCCCCCCCCNc1cccc2c1CN(C1CCC(=O)NC1=O)C2=O
1782,COc1cc(-c2cn(C)c(=O)c3cnccc23)cc(OC)c1CN(C)CC(=O)NCCCCCCCCNc1cccc2c1CN(C1CCC(=O)NC1=O)C2=O
1783,NC(=O)c1c(F)cccc1Nc1nc(NC2CCN(S(=O)(=O)CCNC(=O)CCOCCNc3cccc4c3C(=O)N(C3CCC(=O)NC3=O)C4=O)CC2)ncc1Br
1784,NC(=O)c1c(F)cccc1Nc1nc(NC2CCN(S(=O)(=O)CCNC(=O)CCOCCOCCOc3cccc4c3C(=O)N(C3CCC(=O)NC3=O)C4=O)CC2)ncc1Br
1785,NC(=O)c1c(F)cccc1Nc1nc(NC2CCN(S(=O)(=O)CCNC(=O)CCOCCOCCOCCOCCOc3cccc4c3C(=O)N(C3CCC(=O)NC3=O)C4=O)CC2)ncc1Br
1786,NC(=O)c1c(F)cccc1Nc1nc(NC2CCN(S(=O)(=O)CCNC(=O)CCOCCOCCOCCOCCOCCOCCOCCOCCOc3cccc4c3C(=O)N(C3CCC(=O)NC3=O)C4=O)CC2)ncc1Br
1787,NC(=O)c1c(F)cccc1Nc1nc(NC2CCN(S(=O)(=O)CCNC(=O)CCCCCOc3cccc4c3C(=O)N(C3CCC(=O)NC3=O)C4=O)CC2)ncc1Br
1788,NC(=O)c1c(F)cccc1Nc1nc(NC2CCN(S(=O)(=O)CCNC(=O)CCCCCCCOc3cccc4c3C(=O)N(C3CCC(=O)NC3=O)C4=O)CC2)ncc1Br
1789,NC(=O)c1c(F)cccc1Nc1nc(NC2CCN(S(=O)(=O)CCNC(=O)CCCCCCCCOc3cccc4c3C(=O)N(C3CCC(=O)NC3=O)C4=O)CC2)ncc1Br
1790,NC(=O)c1c(F)cccc1Nc1nc(Nc2ccc(S(=O)(=O)NCCOCCOCCOCCOCCNc3cccc4c3C(=O)N(C3CCC(=O)NC3=O)C4=O)cc2)ncc1Br
1791,Cc1cc(S(=O)(=O)NCCOCCOCCOCCOCCNc2cccc3c2C(=O)N(C2CCC(=O)NC2=O)C3=O)ccc1Nc1ncc(Br)c(Nc2cccc(F)c2C(N)=O)n1
1792,Cc1cc(Nc2ncc(Br)c(Nc3cccc(F)c3C(N)=O)n2)ccc1S(=O)(=O)NCCOCCOCCOCCOCCNc1cccc2c1C(=O)N(C1CCC(=O)NC1=O)C2=O
1793,CCn1nc(C2CC2)cc1Nc1nc(C(=O)NCCCOCCOCCOCCCNc2cccc3c2C(=O)N(C2CCC(=O)NC2=O)C3=O)nc2[nH]c3cc(-c4c(C)noc4C)c(OC)cc3c12
1794,Cc1c(NC(=O)c2ccc(C(C)(C)C)cc2)cccc1-c1cn(C)c(=O)c(Nc2ccc(C(=O)N3CCN(CCOCCOCCNC(=O)CNc4cccc5c4C(=O)N(C4CCC(=O)NC4=O)C5=O)CC3)cc2)n1
1795,Cc1c(NC(=O)c2ccc(C(C)(C)C)cc2)cccc1-c1cn(C)c(=O)c(Nc2ccc(C(=O)N3CCN(CCCCCCNC(=O)CNc4cccc5c4C(=O)N(C4CCC(=O)NC4=O)C5=O)CC3)cc2)n1
1796,Cc1c(NC(=O)c2ccc(C(C)(C)C)cc2)cccc1-c1cn(C)c(=O)c(Nc2ccc(C(=O)N3CCN(CCCCCCNC(=O)COc4cccc5c4C(=O)N(C4CCC(=O)NC4=O)C5=O)CC3)cc2)n1
1797,Cc1cc(-c2ccc(C(=O)NCCOCCOCCOCCOCCNc3cccc4c3C(=O)N(C3CCC(=O)NC3=O)C4=O)cc2N2CCC(c3[nH]cnc3C)CC2)ccc1F
1798,CC(C)(C)c1cc(NC(=O)Nc2ccc(-c3cn4c(n3)sc3cc(OCCN5CCN(C(=O)CCC(=O)NCCCCNC(=O)COc6cccc7c6C(=O)N(C6CCC(=O)NC6=O)C7=O)CC5)ccc34)cc2)no1
1799,Cn1cc(-c2cccc(-n3ccc4cc(C5CC5)cc(F)c4c3=O)c2CO)cc(Nc2ccc(N3CCN(CCOCCOCCNC(=O)CNc4cccc5c4C(=O)N(C4CCC(=O)NC4=O)C5=O)CC3)cn2)c1=O
1800,Cc1c(COc2cc(OCc3cccc(C#N)c3)c(CN3CCCCC3C(=O)NCCCNC(=O)CCCC(=O)Nc3cccc4c3C(=O)N(C3CCC(=O)NC3=O)C4=O)cc2Cl)cccc1-c1ccccc1
1801,CN[C@@H](C)C(=O)N[C@H](C(=O)N1CCC[C@H]1c1nc(C(=O)c2cccc(OCCOCCOCc3cn(CCCC(=O)N4CCN(CC[C@H](CSc5ccccc5)Nc5ccc(S(=O)(=O)NC(=O)c6ccc(N7CCN(CC8=C(c9ccc(Cl)cc9)CCC(C)(C)C8)CC7)cc6)cc5S(=O)(=O)C(F)(F)F)CC4)nn3)c2)cs1)C1CCCCC1
1802,CN[C@@H](C)C(=O)N[C@H](C(=O)N1CCC[C@H]1c1nc(C(=O)c2cccc(OCCOCCOCCOCc3cn(CCCC(=O)N4CCN(CC[C@H](CSc5ccccc5)Nc5ccc(S(=O)(=O)NC(=O)c6ccc(N7CCN(CC8=C(c9ccc(Cl)cc9)CCC(C)(C)C8)CC7)cc6)cc5S(=O)(=O)C(F)(F)F)CC4)nn3)c2)cs1)C1CCCCC1
1803,CN[C@@H](C)C(=O)N[C@H](C(=O)N1CCC[C@H]1c1nc(C(=O)c2cccc(OCCOCCOCC(=O)N3CCN(CC[C@H](CSc4ccccc4)Nc4ccc(S(=O)(=O)NC(=O)c5ccc(N6CCN(CC7=C(c8ccc(Cl)cc8)CCC(C)(C)C7)CC6)cc5)cc4S(=O)(=O)C(F)(F)F)CC3)c2)cs1)C1CCCCC1
1804,CN[C@@H](C)C(=O)N[C@H](C(=O)N1CCC[C@H]1c1nc(C(=O)c2cccc(OCCOCCOCCOCCOCC(=O)N3CCN(CC[C@H](CSc4ccccc4)Nc4ccc(S(=O)(=O)NC(=O)c5ccc(N6CCN(CC7=C(c8ccc(Cl)cc8)CCC(C)(C)C7)CC6)cc5)cc4S(=O)(=O)C(F)(F)F)CC3)c2)cs1)C1CCCCC1
1805,CN[C@@H](C)C(=O)N[C@H](C(=O)N1CCC[C@H]1c1nc(C(=O)c2cccc(OCCCC(=O)N3CCN(CC[C@H](CSc4ccccc4)Nc4ccc(S(=O)(=O)NC(=O)c5ccc(N6CCN(CC7=C(c8ccc(Cl)cc8)CCC(C)(C)C7)CC6)cc5)cc4S(=O)(=O)C(F)(F)F)CC3)c2)cs1)C1CCCCC1
1806,CN[C@@H](C)C(=O)N[C@H](C(=O)N1CCC[C@H]1c1nc(C(=O)c2cccc(OCCCCC(=O)N3CCN(CC[C@H](CSc4ccccc4)Nc4ccc(S(=O)(=O)NC(=O)c5ccc(N6CCN(CC7=C(c8ccc(Cl)cc8)CCC(C)(C)C7)CC6)cc5)cc4S(=O)(=O)C(F)(F)F)CC3)c2)cs1)C1CCCCC1
1807,CN[C@@H](C)C(=O)N[C@H](C(=O)N1CCC[C@H]1c1nc(C(=O)c2cccc(OCCCCCC(=O)N3CCN(CC[C@H](CSc4ccccc4)Nc4ccc(S(=O)(=O)NC(=O)c5ccc(N6CCN(CC7=C(c8ccc(Cl)cc8)CCC(C)(C)C7)CC6)cc5)cc4S(=O)(=O)C(F)(F)F)CC3)c2)cs1)C1CCCCC1
1808,CN[C@@H](C)C(=O)N[C@H](C(=O)N1CCC[C@H]1c1nc(C(=O)c2cccc(OCCCCCCC(=O)N3CCN(CC[C@H](CSc4ccccc4)Nc4ccc(S(=O)(=O)NC(=O)c5ccc(N6CCN(CC7=C(c8ccc(Cl)cc8)CCC(C)(C)C7)CC6)cc5)cc4S(=O)(=O)C(F)(F)F)CC3)c2)cs1)C1CCCCC1
1809,CN[C@@H](C)C(=O)N[C@H]1CCO[C@H]2CC(C)(C)[C@@H](C(=O)N[C@@H]3CCCc4cc(OCCOCCOCc5cn(CCCC(=O)N6CCN(CC[C@H](CSc7ccccc7)Nc7ccc(S(=O)(=O)NC(=O)c8ccc(N9CCN(CC%10=C(c%11ccc(Cl)cc%11)CCC(C)(C)C%10)CC9)cc8)cc7S(=O)(=O)C(F)(F)F)CC6)nn5)ccc43)N2C1=O
1810,CN[C@@H](C)C(=O)N[C@H]1CCO[C@H]2CC(C)(C)[C@@H](C(=O)N[C@@H]3CCCc4cc(OCCOCCOCCOCc5cn(CCCC(=O)N6CCN(CC[C@H](CSc7ccccc7)Nc7ccc(S(=O)(=O)NC(=O)c8ccc(N9CCN(CC%10=C(c%11ccc(Cl)cc%11)CCC(C)(C)C%10)CC9)cc8)cc7S(=O)(=O)C(F)(F)F)CC6)nn5)ccc43)N2C1=O
1811,CN[C@@H](C)C(=O)N[C@H]1CCO[C@H]2CC(C)(C)[C@@H](C(=O)N[C@@H]3CCCc4cc(OCCOCCOCC(=O)N5CCN(CC[C@H](CSc6ccccc6)Nc6ccc(S(=O)(=O)NC(=O)c7ccc(N8CCN(CC9=C(c%10ccc(Cl)cc%10)CCC(C)(C)C9)CC8)cc7)cc6S(=O)(=O)C(F)(F)F)CC5)ccc43)N2C1=O
1812,CN[C@@H](C)C(=O)N[C@H]1CCO[C@H]2CC(C)(C)[C@@H](C(=O)N[C@@H]3CCCc4cc(OCCOCCOCCOCCOCC(=O)N5CCN(CC[C@H](CSc6ccccc6)Nc6ccc(S(=O)(=O)NC(=O)c7ccc(N8CCN(CC9=C(c%10ccc(Cl)cc%10)CCC(C)(C)C9)CC8)cc7)cc6S(=O)(=O)C(F)(F)F)CC5)ccc43)N2C1=O
1813,CN[C@@H](C)C(=O)N[C@H]1CCO[C@H]2CC(C)(C)[C@@H](C(=O)N[C@@H]3CCCc4cc(OCCCC(=O)N5CCN(CC[C@H](CSc6ccccc6)Nc6ccc(S(=O)(=O)NC(=O)c7ccc(N8CCN(CC9=C(c%10ccc(Cl)cc%10)CCC(C)(C)C9)CC8)cc7)cc6S(=O)(=O)C(F)(F)F)CC5)ccc43)N2C1=O
1814,CN[C@@H](C)C(=O)N[C@H]1CCO[C@H]2CC(C)(C)[C@@H](C(=O)N[C@@H]3CCCc4cc(OCCCCC(=O)N5CCN(CC[C@H](CSc6ccccc6)Nc6ccc(S(=O)(=O)NC(=O)c7ccc(N8CCN(CC9=C(c%10ccc(Cl)cc%10)CCC(C)(C)C9)CC8)cc7)cc6S(=O)(=O)C(F)(F)F)CC5)ccc43)N2C1=O
1815,CN[C@@H](C)C(=O)N[C@H]1CCO[C@H]2CC(C)(C)[C@@H](C(=O)N[C@@H]3CCCc4cc(OCCCCCC(=O)N5CCN(CC[C@H](CSc6ccccc6)Nc6ccc(S(=O)(=O)NC(=O)c7ccc(N8CCN(CC9=C(c%10ccc(Cl)cc%10)CCC(C)(C)C9)CC8)cc7)cc6S(=O)(=O)C(F)(F)F)CC5)ccc43)N2C1=O
1816,CN[C@@H](C)C(=O)N[C@H]1CCO[C@H]2CC(C)(C)[C@@H](C(=O)N[C@@H]3CCCc4cc(OCCCCCCC(=O)N5CCN(CC[C@H](CSc6ccccc6)Nc6ccc(S(=O)(=O)NC(=O)c7ccc(N8CCN(CC9=C(c%10ccc(Cl)cc%10)CCC(C)(C)C9)CC8)cc7)cc6S(=O)(=O)C(F)(F)F)CC5)ccc43)N2C1=O
1817,CN(CCCCc1cn(CCOCCNc2cccc3c2C(=O)N(C2CCC(=O)NC2=O)C3=O)nn1)Cc1ccc(-c2[nH]c3cc(F)cc4c3c2CCNC4=O)cc1
1818,CN(CCCCc1cn(CCOCCOCCNc2cccc3c2C(=O)N(C2CCC(=O)NC2=O)C3=O)nn1)Cc1ccc(-c2[nH]c3cc(F)cc4c3c2CCNC4=O)cc1
1819,CN(CCCCc1cn(CCOCCOCCOCCNc2cccc3c2C(=O)N(C2CCC(=O)NC2=O)C3=O)nn1)Cc1ccc(-c2[nH]c3cc(F)cc4c3c2CCNC4=O)cc1
1820,CN(CCCCc1cn(CCOCCOCCOCCOCCNc2cccc3c2C(=O)N(C2CCC(=O)NC2=O)C3=O)nn1)Cc1ccc(-c2[nH]c3cc(F)cc4c3c2CCNC4=O)cc1
1821,CN(CCCCc1cn(CCOCCOCCOCCOCCOCCNc2cccc3c2C(=O)N(C2CCC(=O)NC2=O)C3=O)nn1)Cc1ccc(-c2[nH]c3cc(F)cc4c3c2CCNC4=O)cc1
1822,CN(CCCCC(=O)NCCOCCOCCOCCNc1cccc2c1C(=O)N(C1CCC(=O)NC1=O)C2=O)Cc1ccc(-c2[nH]c3cc(F)cc4c3c2CCNC4=O)cc1
1823,CN(CCCCCC(=O)NCCOCCOCCOCCNc1cccc2c1C(=O)N(C1CCC(=O)NC1=O)C2=O)Cc1ccc(-c2[nH]c3cc(F)cc4c3c2CCNC4=O)cc1
1824,CNCc1ccc(-c2c3c4c(cc(F)cc4n2CCCCc2cn(CCOCCOCCOCCCNc4cccc5c4C(=O)N(C4CCC(=O)NC4=O)C5=O)nn2)C(=O)NCC3)cc1
1825,CNCc1ccc(-c2c3c4c(cc(F)cc4n2CCCCc2cn(CCOCCOCCOCCOCCCNc4cccc5c4C(=O)N(C4CCC(=O)NC4=O)C5=O)nn2)C(=O)NCC3)cc1
1826,CN(CCOCCOCCOCCOCCNc1cccc2c1C(=O)N(C1CCC(=O)NC1=O)C2=O)Cc1ccc(-c2[nH]c3cc(F)cc4c3c2CCNC4=O)cc1
1827,CN(CCOCCOCCOCCOCCOCCNc1cccc2c1C(=O)N(C1CCC(=O)NC1=O)C2=O)Cc1ccc(-c2[nH]c3cc(F)cc4c3c2CCNC4=O)cc1
1828,CN(CCOCCOCCOCCOCCOCCOCCNc1cccc2c1C(=O)N(C1CCC(=O)NC1=O)C2=O)Cc1ccc(-c2[nH]c3cc(F)cc4c3c2CCNC4=O)cc1
1829,CN(CCOCCOCCOCCOCCOCCOCCOCCNc1cccc2c1C(=O)N(C1CCC(=O)NC1=O)C2=O)Cc1ccc(-c2[nH]c3cc(F)cc4c3c2CCNC4=O)cc1
1830,Cc1ncsc1-c1ccc(CNC(=O)[C@@H]2C[C@@H](O)CN2C(=O)[C@@H](NC(=O)CCOCCOCCOCCn2cc(CCCCN(C)Cc3ccc(-c4[nH]c5cc(F)cc6c5c4CCNC6=O)cc3)nn2)C(C)(C)C)cc1
1831,Cc1ncsc1-c1ccc(CNC(=O)[C@@H]2C[C@@H](O)CN2C(=O)[C@@H](NC(=O)CCOCCOCCOCCOCCn2cc(CCCCN(C)Cc3ccc(-c4[nH]c5cc(F)cc6c5c4CCNC6=O)cc3)nn2)C(C)(C)C)cc1
1832,C[C@]1(c2nc3c(C(N)=O)cccc3[nH]2)CCCN1CCOCCOCCOCCOCCNc1cccc2c1C(=O)N(C1CCC(=O)NC1=O)C2=O
1833,C[C@]1(c2nc3c(C(N)=O)cccc3[nH]2)CCCN1CCOCCOCCOCCOCCOCCNc1cccc2c1C(=O)N(C1CCC(=O)NC1=O)C2=O
1834,C[C@]1(c2nc3c(C(N)=O)cccc3[nH]2)CCCN1CCOCCOCCOCCOCCOCCOCCNc1cccc2c1C(=O)N(C1CCC(=O)NC1=O)C2=O
1835,C[C@]1(c2nc3c(C(N)=O)cccc3[nH]2)CCCN1CCOCCOCCOCCOCCOCCOCCOCCNc1cccc2c1C(=O)N(C1CCC(=O)NC1=O)C2=O
1836,NC(=O)c1cccc2cn(-c3ccc([C@@H]4CCCN(CCOCCOCCOCCOCCNc5cccc6c5C(=O)N(C5CCC(=O)NC5=O)C6=O)C4)cc3)nc12
1837,NC(=O)c1cccc2cn(-c3ccc([C@@H]4CCCN(CCOCCOCCOCCOCCOCCNc5cccc6c5C(=O)N(C5CCC(=O)NC5=O)C6=O)C4)cc3)nc12
1838,NC(=O)c1cccc2cn(-c3ccc([C@@H]4CCCN(CCOCCOCCOCCOCCOCCOCCNc5cccc6c5C(=O)N(C5CCC(=O)NC5=O)C6=O)C4)cc3)nc12
1839,NC(=O)c1cccc2cn(-c3ccc([C@@H]4CCCN(CCOCCOCCOCCOCCOCCOCCOCCNc5cccc6c5C(=O)N(C5CCC(=O)NC5=O)C6=O)C4)cc3)nc12
1840,O=C1CCC(N2C(=O)c3cccc(NCCOCCOCCOCC(=O)N4CCN(C(=O)c5cc(Cc6n[nH]c(=O)c7ccccc67)ccc5F)CC4)c3C2=O)C(=O)N1
1841,O=C1CCC(N2C(=O)c3cccc(NCCOCCOCCOCCOCC(=O)N4CCN(C(=O)c5cc(Cc6n[nH]c(=O)c7ccccc67)ccc5F)CC4)c3C2=O)C(=O)N1
1842,O=C1CCC(N2C(=O)c3cccc(NCCOCCOCCOCCOCCOCC(=O)N4CCN(C(=O)c5cc(Cc6n[nH]c(=O)c7ccccc67)ccc5F)CC4)c3C2=O)C(=O)N1
1843,O=C1CCC(N2C(=O)c3cccc(NCCOCCOCCOCCOCCOCCOCC(=O)N4CCN(C(=O)c5cc(Cc6n[nH]c(=O)c7ccccc67)ccc5F)CC4)c3C2=O)C(=O)N1
1844,CCCOc1cccc(Oc2cc3c(cc2NS(=O)(=O)c2cccc(C(=O)NCCOCCOCCOCC(=O)N[C@H](C(=O)N4C[C@H](O)C[C@H]4C(=O)NCc4ccc(-c5scnc5C)cc4)C(C)(C)C)c2)n(C)c(=O)n3C)c1
1845,CCCOc1cc(OCCCCN(C)C)cc(Oc2cc3c(cc2NS(=O)(=O)c2cccc(C(=O)NCCOCCOCCOCC(=O)N[C@H](C(=O)N4C[C@H](O)C[C@H]4C(=O)NCc4ccc(-c5scnc5C)cc4)C(C)(C)C)c2)n(C)c(=O)n3C)c1
1846,CC[C@H](C(=O)N1CCCC[C@H]1C(=O)O[C@H](CCc1ccc(OC)c(OC)c1)c1ccccc1OCC(=O)NCCCOCCOCCOCCCNC(=O)COc1cccc2c1C(=O)N(C1CCC(=O)NC1=O)C2=O)c1cc(OC)c(OC)c(OC)c1
1847,CC[C@H](C(=O)N1CCCC[C@H]1C(=O)O[C@H](CCc1ccc(OC)c(OC)c1)c1ccccc1OCC(=O)NCCCCCCOc1cccc2c1C(=O)N(C1CCC(=O)NC1=O)C2=O)c1cc(OC)c(OC)c(OC)c1
1848,CC[C@H](C(=O)N1CCCC[C@H]1C(=O)O[C@H](CCc1ccc(OC)c(OC)c1)c1cccc(OCC(=O)NCCCOCCOCCOCCCNC(=O)COc2cccc3c2C(=O)N(C2CCC(=O)NC2=O)C3=O)c1)c1cc(OC)c(OC)c(OC)c1
1849,CC[C@H](C(=O)N1CCCC[C@H]1C(=O)O[C@H](CCc1ccc(OC)c(OC)c1)c1cccc(OCC(=O)NCCCCCCCCNc2cccc3c2C(=O)N(C2CCC(=O)NC2=O)C3=O)c1)c1cc(OC)c(OC)c(OC)c1
1850,O=C(CCCCCCC(=O)N/N=C/c1ccc(OCC#Cc2cccc3c2CN(C2CCC(=O)NC2=O)C3=O)cc1)NO
1851,O=C(CCCCCCC(=O)N/N=C/c1ccc(OCCCC#Cc2cccc3c2CN(C2CCC(=O)NC2=O)C3=O)cc1)NO
1852,O=C(CCCCCCC(=O)N/N=C/c1ccc(-c2cccc3c2CN(C2CCC(=O)NC2=O)C3=O)cc1)NO
1853,CCCCN(Cc1ccc(C(=O)NO)cc1)C(=O)Nc1ccc(OCCn2cc(CNCc3ccc(-c4cccc5c4CN(C4CCC(=O)NC4=O)C5=O)cc3)nn2)cc1
1854,CCCCN(Cc1ccc(C(=O)NO)cc1)C(=O)Nc1ccc(OCCCn2cc(CNCc3ccc(-c4cccc5c4CN(C4CCC(=O)NC4=O)C5=O)cc3)nn2)cc1
1855,CCCCN(Cc1ccc(C(=O)NO)cc1)C(=O)Nc1ccc(OCCCCn2cc(CNCc3ccc(-c4cccc5c4CN(C4CCC(=O)NC4=O)C5=O)cc3)nn2)cc1
1856,CCCCN(Cc1ccc(C(=O)NO)cc1)C(=O)Nc1ccc(OCCCCCn2cc(CNCc3ccc(-c4cccc5c4CN(C4CCC(=O)NC4=O)C5=O)cc3)nn2)cc1
1857,CCCCN(Cc1ccc(C(=O)NO)cc1)C(=O)Nc1ccc(OCCCCCCn2cc(CNCc3ccc(-c4cccc5c4CN(C4CCC(=O)NC4=O)C5=O)cc3)nn2)cc1
1858,CCCCN(Cc1ccc(C(=O)NO)cc1)C(=O)Nc1ccc(OCCCCCCCn2cc(CNCc3ccc(-c4cccc5c4CN(C4CCC(=O)NC4=O)C5=O)cc3)nn2)cc1
1859,CC[C@H](C)[C@@H]([C@@H](CC(=O)N1CCC[C@H]1[C@H](OC)[C@@H](C)C(=O)N[C@H](C)[C@@H](O)c1ccccc1)OC)N(C)C(=O)[C@@H](NC(=O)[C@H](C(C)C)N(C)CCOCCOCCOCCOCCNc1cccc2c1C(=O)N(C1CCC(=O)NC1=O)C2=O)C(C)C
1860,CC[C@H](C)[C@@H]([C@@H](CC(=O)N1CCC[C@H]1[C@H](OC)[C@@H](C)C(=O)N[C@H](C)[C@@H](O)c1ccccc1)OC)N(C)C(=O)[C@@H](NC(=O)[C@H](C(C)C)N(C)CCCCCCCCCCCCNc1cccc2c1C(=O)N(C1CCC(=O)NC1=O)C2=O)C(C)C
1861,CC[C@H](C)[C@@H]([C@@H](CC(=O)N1CCC[C@H]1[C@H](OC)[C@@H](C)C(=O)N[C@H](C)[C@@H](O)c1ccccc1)OC)N(C)C(=O)[C@@H](NC(=O)[C@H](C(C)C)N(C)C(=O)CCCCCCCCCCCNc1cccc2c1C(=O)N(C1CCC(=O)NC1=O)C2=O)C(C)C
1862,CC[C@H](C)[C@@H]([C@@H](CC(=O)N1CCC[C@H]1[C@H](OC)[C@@H](C)C(=O)N[C@H](C)[C@@H](O)c1ccccc1)OC)N(C)C(=O)[C@@H](NC(=O)[C@H](C(C)C)N(C)CCOCCOCCNc1cccc2c1C(=O)N(C1CCC(=O)NC1=O)C2=O)C(C)C
1863,CC[C@H](C)[C@@H]([C@@H](CC(=O)N1CCC[C@H]1[C@H](OC)[C@@H](C)C(=O)N[C@H](C)[C@@H](O)c1ccccc1)OC)N(C)C(=O)[C@@H](NC(=O)[C@H](C(C)C)N(C)CCOCCOCCOCCNc1cccc2c1C(=O)N(C1CCC(=O)NC1=O)C2=O)C(C)C
1864,CC[C@H](C)[C@@H]([C@@H](CC(=O)N1CCC[C@H]1[C@H](OC)[C@@H](C)C(=O)N[C@H](C)[C@@H](O)c1ccccc1)OC)N(C)C(=O)[C@@H](NC(=O)[C@H](C(C)C)N(C)CCOCCOCCOCCOCCOCCNc1cccc2c1C(=O)N(C1CCC(=O)NC1=O)C2=O)C(C)C
1865,CC[C@H](C)[C@@H]([C@@H](CC(=O)N1CCC[C@H]1[C@H](OC)[C@@H](C)C(=O)N[C@H](C)[C@@H](O)c1ccccc1)OC)N(C)C(=O)[C@@H](NC(=O)[C@H](C(C)C)N(C)CCCOCCOCCOCCOCCOCCOCCOCCOCCNc1cccc2c1C(=O)N(C1CCC(=O)NC1=O)C2=O)C(C)C
1866,CC[C@H](C)[C@@H]([C@@H](CC(=O)N1CCC[C@H]1[C@H](OC)[C@@H](C)C(=O)N[C@H](C)[C@@H](O)c1ccccc1)OC)N(C)C(=O)[C@@H](NC(=O)[C@H](C(C)C)N(C)C(=O)CCCCCCCCCNc1cccc2c1C(=O)N(C1CCC(=O)NC1=O)C2=O)C(C)C
1867,COc1ccc(/C=C\c2cc(OC)c(OC)c(OC)c2)cc1OCCOCCOCCNc1cccc2c1C(=O)N(C1CCC(=O)NC1=O)C2=O
1868,COc1ccc(/C=C\c2cc(OC)c(OC)c(OC)c2)cc1OCCOCCOCCOCCNc1cccc2c1C(=O)N(C1CCC(=O)NC1=O)C2=O
1869,COc1ccc(/C=C\c2cc(OC)c(OC)c(OC)c2)cc1OCCOCCOCCOCCOCCNc1cccc2c1C(=O)N(C1CCC(=O)NC1=O)C2=O
1870,COc1ccc(/C=C\c2cc(OC)c(OC)c(OC)c2)cc1OCCOCCOCCOCCOCCOCCNc1cccc2c1C(=O)N(C1CCC(=O)NC1=O)C2=O
1871,COc1ccc(/C=C\c2cc(OC)c(OC)c(OC)c2)cc1NCCOCCOCCOCCOCCNc1cccc2c1C(=O)N(C1CCC(=O)NC1=O)C2=O
1872,O=C(CCc1ccc2c(c1)[nH]c1ccncc12)NCCOCCOCCNc1cccc2c1C(=O)N(C1CCC(=O)NC1=O)C2=O
1873,O=C1CCC(N2C(=O)c3cccc(NCCOCCOCCOCCC(=O)N[C@@H](Cc4ccccc4)C(=O)N4C/C(=C\c5ccc(Cl)c(Cl)c5)C(=O)/C(=C/c5ccc(Cl)c(Cl)c5)C4)c3C2=O)C(=O)N1
1874,O=C1CCC(N2C(=O)c3cccc(NCCOCCOc4ccc(Nc5nccc(Nc6cnc7ccccc7c6)n5)cc4)c3C2=O)C(=O)N1
1875,O=C1CCC(N2C(=O)c3cccc(NCCOCCOCCOc4ccc(Nc5nccc(Nc6cnc7ccccc7c6)n5)cc4)c3C2=O)C(=O)N1
1876,O=C1CCC(N2C(=O)c3cccc(NCCOCCOCCOCCOc4ccc(Nc5nccc(Nc6cnc7ccccc7c6)n5)cc4)c3C2=O)C(=O)N1
1877,CCC[C@H](NC(=O)[C@@H]1[C@H]2CCC[C@H]2CN1C(=O)[C@@H](NC(=O)[C@@H](NC(=O)c1cnc(C(=O)NCCCCCCNc2cccc3c2CN(C2CCC(=O)NC2=O)C3=O)cn1)C1CCCCC1)C(C)(C)C)C(=O)C(=O)NC1CC1
1878,CCC[C@H](NC(=O)[C@@H]1[C@H]2CCC[C@H]2CN1C(=O)[C@@H](NC(=O)[C@@H](NC(=O)c1cnc(C(=O)NCCOCCOCCNc2cccc3c2C(=O)N(C2CCC(=O)NC2=O)C3=O)cn1)C1CCCCC1)C(C)(C)C)C(=O)C(=O)NC1CC1
1879,CCC[C@H](NC(=O)[C@@H]1[C@H]2CCC[C@H]2CN1C(=O)[C@@H](NC(=O)[C@@H](NC(=O)c1cnc(C(=O)NCCOCCOCCOc2cc3c4c(cccc4c2)C(=O)N(C2CCC(=O)NC2=O)C3=O)cn1)C1CCCCC1)C(C)(C)C)C(=O)C(=O)NC1CC1
1880,CC1(C)CCC(c2ccc(Cl)cc2)=C(CN2CCN(c3ccc(C(=O)NS(=O)(=O)c4ccc(N[C@H](CCN5CCN(C(=O)CCCn6cc(COCCOCCNc7cccc8c7C(=O)N(C7CCC(=O)NC7=O)C8=O)nn6)CC5)CSc5ccccc5)c(S(=O)(=O)C(F)(F)F)c4)cc3)CC2)C1
1881,C=CC(=O)N1C[C@@H](n2nc(-c3ccc(Oc4ccccc4)cc3)c3c(N)ncnc32)C[C@H]1C(=O)OCCOCCOCC(=O)Nc1cccc2c1C(=O)N(C1CCC(=O)NC1=O)C2=O
1882,C=CC(=O)N1C[C@@H](n2nc(-c3ccc(Oc4ccccc4)cc3)c3c(N)ncnc32)C[C@H]1C(=O)OCCOCCOCCOCC(=O)Nc1cccc2c1C(=O)N(C1CCC(=O)NC1=O)C2=O
1883,C=CC(=O)N1C[C@@H](n2nc(-c3ccc(Oc4ccccc4)cc3)c3c(N)ncnc32)C[C@H]1C(=O)OCCOCCOCCOCCOCC(=O)Nc1cccc2c1C(=O)N(C1CCC(=O)NC1=O)C2=O
1884,C=CC(=O)N1C[C@@H](n2nc(-c3ccc(Oc4ccccc4)cc3)c3c(N)ncnc32)C[C@H]1C(=O)OCCOCCOCCOCCOCCOCC(=O)Nc1cccc2c1C(=O)N(C1CCC(=O)NC1=O)C2=O
1885,C=CC(=O)N1C[C@@H](n2nc(-c3ccc(Oc4ccccc4)cc3)c3c(N)ncnc32)C[C@H]1C(=O)NCCCCNc1cccc2c1C(=O)N(C1CCC(=O)NC1=O)C2=O
1886,C=CC(=O)N1C[C@@H](n2nc(-c3ccc(Oc4ccccc4)cc3)c3c(N)ncnc32)C[C@H]1C(=O)NCCCCCCNc1cccc2c1C(=O)N(C1CCC(=O)NC1=O)C2=O
1887,C=CC(=O)N1C[C@@H](n2nc(-c3ccc(Oc4ccccc4)cc3)c3c(N)ncnc32)C[C@H]1C(=O)NCCCCCCCCNc1cccc2c1C(=O)N(C1CCC(=O)NC1=O)C2=O
1888,C=CC(=O)N1C[C@@H](n2nc(-c3ccc(Oc4ccccc4)cc3)c3c(N)ncnc32)C[C@H]1C(=O)NCCCCCCCCCCCCNc1cccc2c1C(=O)N(C1CCC(=O)NC1=O)C2=O
1889,C=CC(=O)N[C@@H](CCC(=O)OCCOCCOCC(=O)Nc1cccc2c1C(=O)N(C1CCC(=O)NC1=O)C2=O)C(=O)Nc1cccc(Nc2ncc(NC(=O)c3cc(NC(=O)c4cccc(C(F)(F)F)c4)ccc3C)cn2)c1
1890,C=CC(=O)N[C@@H](CCC(=O)OCCOCCOCCOCCOCC(=O)Nc1cccc2c1C(=O)N(C1CCC(=O)NC1=O)C2=O)C(=O)Nc1cccc(Nc2ncc(NC(=O)c3cc(NC(=O)c4cccc(C(F)(F)F)c4)ccc3C)cn2)c1
1891,C=CC(=O)N[C@@H](CCC(=O)NCCCCNc1cccc2c1C(=O)N(C1CCC(=O)NC1=O)C2=O)C(=O)Nc1cccc(Nc2ncc(NC(=O)c3cc(NC(=O)c4cccc(C(F)(F)F)c4)ccc3C)cn2)c1
1892,C=CC(=O)N[C@@H](CCC(=O)NCCCCCCCCNc1cccc2c1C(=O)N(C1CCC(=O)NC1=O)C2=O)C(=O)Nc1cccc(Nc2ncc(NC(=O)c3cc(NC(=O)c4cccc(C(F)(F)F)c4)ccc3C)cn2)c1
1893,C=CC(=O)N[C@@H](CCC(=O)NCCCCCCCC(=O)N[C@H](C(=O)N1C[C@H](O)C[C@H]1C(=O)NCc1ccc(-c2scnc2C)cc1)C(C)(C)C)C(=O)Nc1cccc(Nc2ncc(NC(=O)c3cc(NC(=O)c4cccc(C(F)(F)F)c4)ccc3C)cn2)c1
1894,CCC(=O)N1C[C@@H](n2nc(-c3ccc(Oc4ccccc4)cc3)c3c(N)ncnc32)C[C@H]1C(=O)OCCOCCOCC(=O)N[C@H](C(=O)N1C[C@H](O)C[C@H]1C(=O)NCc1ccc(-c2scnc2C)cc1)C(C)(C)C
1895,CCC(=O)N[C@@H](CCC(=O)NCCCCCCCCNc1cccc2c1C(=O)N(C1CCC(=O)NC1=O)C2=O)C(=O)Nc1cccc(Nc2ncc(NC(=O)c3cc(NC(=O)c4cccc(C(F)(F)F)c4)ccc3C)cn2)c1
1896,CN(CCCCCCOCCOCCNc1cccc2c1C(=O)N(C1CCC(=O)NC1=O)C2=O)[C@H]1CC[C@@]2(C)C(CC[C@@H]3C2CC[C@]2(C)[C@@H](c4ccc5ccncc5c4)CC[C@@H]32)C1
1897,CN(C(=O)CCOCCOCCOCCOCCNc1cccc2c1C(=O)N(C1CCC(=O)NC1=O)C2=O)[C@H]1CC[C@@]2(C)C(CC[C@@H]3C2CC[C@]2(C)[C@@H](c4ccc5ccncc5c4)CC[C@@H]32)C1
1898,CN(C(=O)CCOCCOCCNc1cccc2c1C(=O)N(C1CCC(=O)NC1=O)C2=O)[C@H]1CC[C@@]2(C)C(CC[C@@H]3C2CC[C@]2(C)[C@@H](c4ccc5ccncc5c4)CC[C@@H]32)C1
1899,Nc1ncnc2c1c(-c1ccc(Oc3ccccc3)cc1)nn2[C@@H]1CCCN(C(=O)CCCCCCOCCOCCOCCOCCOc2cccc3c2C(=O)N(C2CCC(=O)NC2=O)C3=O)C1
1900,Nc1ncnc2c1c(-c1ccc(Oc3ccccc3)cc1)nn2[C@@H]1CCCN(C(=O)/C=C/CCCCOCCOCCOCCOCCOc2cccc3c2C(=O)N(C2CCC(=O)NC2=O)C3=O)C1
1901,N#C/C(=C/COCCOCCOCCOCCOCCOc1cccc2c1C(=O)N(C1CCC(=O)NC1=O)C2=O)C(=O)N1CCC[C@@H](n2nc(-c3ccc(Oc4ccccc4)cc3)c3c(N)ncnc32)C1
1902,N#C/C(=C/CCCCOCCOCCOCCOCCOc1cccc2c1C(=O)N(C1CCC(=O)NC1=O)C2=O)C(=O)N1CCC[C@@H](n2nc(-c3ccc(Oc4ccccc4)cc3)c3c(N)ncnc32)C1
1903,CC(C)(/C=C(/C#N)C(=O)N1CCC[C@@H](n2nc(-c3ccc(Oc4ccccc4)cc3)c3c(N)ncnc32)C1)CCCOCCOCCOCCOCCOc1cccc2c1C(=O)N(C1CCC(=O)NC1=O)C2=O
1904,N#C/C(=C/COCCOCCOCCOCCOc1cccc2c1C(=O)N(C1CCC(=O)NC1=O)C2=O)C(=O)N1CCC[C@@H](n2nc(-c3ccc(Oc4ccccc4)cc3)c3c(N)ncnc32)C1
1905,N#C/C(=C/COCCOCCOCCOc1cccc2c1C(=O)N(C1CCC(=O)NC1=O)C2=O)C(=O)N1CCC[C@@H](n2nc(-c3ccc(Oc4ccccc4)cc3)c3c(N)ncnc32)C1
1906,Cc1ncsc1-c1ccc(CNC(=O)[C@@H]2C[C@@H](O)CN2C(=O)[C@@H](NC(=O)OCCOCCOCCOCCOCCOCCn2cc(CC/C=C(/C#N)C(=O)N3CCC[C@@H](n4nc(-c5ccc(Oc6ccccc6)cc5)c5c(N)ncnc54)C3)nn2)C(C)(C)C)cc1
1907,Cc1ncsc1-c1ccc(CNC(=O)[C@@H]2C[C@@H](O)CN2C(=O)[C@@H](NC(=O)OCCOCCOCCOCCn2cc(CC/C=C(/C#N)C(=O)N3CCC[C@@H](n4nc(-c5ccc(Oc6ccccc6)cc5)c5c(N)ncnc54)C3)nn2)C(C)(C)C)cc1
1908,Cc1ncsc1-c1ccc(CNC(=O)[C@@H]2C[C@@H](O)CN2C(=O)[C@@H](NC(=O)OCCOCCOCCn2cc(CC/C=C(/C#N)C(=O)N3CCC[C@@H](n4nc(-c5ccc(Oc6ccccc6)cc5)c5c(N)ncnc54)C3)nn2)C(C)(C)C)cc1
1909,Cc1ncsc1-c1ccc(CNC(=O)[C@@H]2C[C@@H](O)CN2C(=O)[C@@H](NC(=O)OCCOCCn2cc(CC/C=C(/C#N)C(=O)N3CCC[C@@H](n4nc(-c5ccc(Oc6ccccc6)cc5)c5c(N)ncnc54)C3)nn2)C(C)(C)C)cc1
1910,N#C/C(=C/CCc1cn(CCOCCOCCOCCOC(=O)NCCOc2cccc3c2C(=O)N(C2CCC(=O)NC2=O)C3=O)nn1)C(=O)N1CCC[C@@H](n2nc(-c3ccc(Oc4ccccc4)cc3)c3c(N)ncnc32)C1
1911,N#C/C(=C/CCc1cn(CCOCCOCCOC(=O)NCCOc2cccc3c2C(=O)N(C2CCC(=O)NC2=O)C3=O)nn1)C(=O)N1CCC[C@@H](n2nc(-c3ccc(Oc4ccccc4)cc3)c3c(N)ncnc32)C1
1912,N#C/C(=C/CCc1cn(CCOCCOC(=O)NCCOc2cccc3c2C(=O)N(C2CCC(=O)NC2=O)C3=O)nn1)C(=O)N1CCC[C@@H](n2nc(-c3ccc(Oc4ccccc4)cc3)c3c(N)ncnc32)C1
1913,N#C/C(=C/CCc1cn(CCOCCOCCOCCOCCOCCOC(=O)NCCOc2cccc3c2C(=O)N(C2CCC(=O)NC2=O)C3=O)nn1)C(=O)N1CCC[C@@H](n2nc(-c3ccc(Oc4ccccc4)cc3)c3c(N)ncnc32)C1
1914,Cc1[nH]c(/C=C2\C(=O)Nc3ccc(S(=O)(=O)Cc4c(Cl)cccc4Cl)cc32)c(C)c1C(=O)NCCCCNc1cccc2c1C(=O)N(C1CCC(=O)NC1=O)C2=O
1915,Cc1[nH]c(/C=C2\C(=O)Nc3ccc(S(=O)(=O)Cc4c(Cl)cccc4Cl)cc32)c(C)c1C(=O)NCCCCCNc1cccc2c1C(=O)N(C1CCC(=O)NC1=O)C2=O
1916,Cc1[nH]c(/C=C2\C(=O)Nc3ccc(S(=O)(=O)Cc4c(Cl)cccc4Cl)cc32)c(C)c1C(=O)NCCCCCCNc1cccc2c1C(=O)N(C1CCC(=O)NC1=O)C2=O
1917,Cc1[nH]c(/C=C2\C(=O)Nc3ccc(S(=O)(=O)Cc4c(Cl)cccc4Cl)cc32)c(C)c1C(=O)NCCOCCNc1cccc2c1C(=O)N(C1CCC(=O)NC1=O)C2=O
1918,Cc1[nH]c(/C=C2\C(=O)Nc3ccc(S(=O)(=O)Cc4c(Cl)cccc4Cl)cc32)c(C)c1C(=O)NCCOCCOCCNc1cccc2c1C(=O)N(C1CCC(=O)NC1=O)C2=O
1919,Cc1[nH]c(/C=C2\C(=O)Nc3ccc(S(=O)(=O)Cc4c(Cl)cccc4Cl)cc32)c(C)c1C(=O)NCCCCNc1ccc2c(c1)C(=O)N(C1CCC(=O)NC1=O)C2=O
1920,Cc1[nH]c(/C=C2\C(=O)Nc3ccc(S(=O)(=O)Cc4c(Cl)cccc4Cl)cc32)c(C)c1C(=O)NCCCCCNc1ccc2c(c1)C(=O)N(C1CCC(=O)NC1=O)C2=O
1921,Cc1[nH]c(/C=C2\C(=O)Nc3ccc(S(=O)(=O)Cc4c(Cl)cccc4Cl)cc32)c(C)c1C(=O)NCCCCCCNc1ccc2c(c1)C(=O)N(C1CCC(=O)NC1=O)C2=O
1922,Cc1[nH]c(/C=C2\C(=O)Nc3ccc(S(=O)(=O)Cc4c(Cl)cccc4Cl)cc32)c(C)c1C(=O)NCCCCCCCCNc1ccc2c(c1)C(=O)N(C1CCC(=O)NC1=O)C2=O
1923,Cc1[nH]c(/C=C2\C(=O)Nc3ccc(S(=O)(=O)Cc4c(Cl)cccc4Cl)cc32)c(C)c1C(=O)NCCOCCNc1ccc2c(c1)C(=O)N(C1CCC(=O)NC1=O)C2=O
1924,Cc1[nH]c(/C=C2\C(=O)Nc3ccc(S(=O)(=O)Cc4c(Cl)cccc4Cl)cc32)c(C)c1C(=O)NCCOCCOCCNc1ccc2c(c1)C(=O)N(C1CCC(=O)NC1=O)C2=O
1925,Cc1[nH]c(/C=C2\C(=O)Nc3ccc(F)cc32)c(C)c1C(=O)NCCCCNC(=O)COc1cccc2c1C(=O)N(C1CCC(=O)NC1=O)C2=O
1926,Cc1[nH]c(/C=C2\C(=O)Nc3ccc(F)cc32)c(C)c1C(=O)NCCCCCCCCNC(=O)COc1cccc2c1C(=O)N(C1CCC(=O)NC1=O)C2=O
1927,Cc1[nH]c(/C=C2\C(=O)Nc3ccc(F)cc32)c(C)c1C(=O)NCCCOCCOCCOCCCNC(=O)COc1cccc2c1C(=O)N(C1CCC(=O)NC1=O)C2=O
1928,Cc1[nH]c(/C=C2\C(=O)Nc3ccc(F)cc32)c(C)c1C(=O)NCCCCCCNc1cccc2c1C(=O)N(C1CCC(=O)NC1=O)C2=O
1929,Cc1[nH]c(/C=C2\C(=O)Nc3ccc(F)cc32)c(C)c1C(=O)NCCCCCCCCNc1cccc2c1C(=O)N(C1CCC(=O)NC1=O)C2=O
1930,CCN(CCCCCCCCNc1cccc2c1C(=O)N(C1CCC(=O)NC1=O)C2=O)CCNC(=O)c1c(C)[nH]c(/C=C2\C(=O)Nc3ccc(F)cc32)c1C
1931,Cc1[nH]c(/C=C2\C(=O)Nc3ccc(F)cc32)c(C)c1C(=O)NCCCCCCCCNC(=O)c1ccc(CNc2cccc3c2C(=O)N(C2CCC(=O)NC2=O)C3=O)cc1
1932,Cc1[nH]c(/C=C2\C(=O)Nc3ccc(F)cc32)c(C)c1C(=O)NCCCCCCNC(=O)c1ccc2c(c1)C(=O)N(C1CCC(=O)NC1=O)C2=O
1933,Cc1[nH]c(/C=C2\C(=O)Nc3ccc(F)cc32)c(C)c1C(=O)NCCCCCCCCNC(=O)c1ccc2c(c1)C(=O)N(C1CCC(=O)NC1=O)C2=O
1934,Cc1[nH]c(/C=C2\C(=O)Nc3ccc(F)cc32)c(C)c1C(=O)NCCCCCNc1ccc2c(c1)C(=O)N(C1CCC(=O)NC1=O)C2=O
1935,Cc1[nH]c(/C=C2\C(=O)Nc3ccc(F)cc32)c(C)c1C(=O)NCCCCCCNc1ccc2c(c1)C(=O)N(C1CCC(=O)NC1=O)C2=O
1936,Cc1[nH]c(/C=C2\C(=O)Nc3ccc(F)cc32)c(C)c1C(=O)NCCCCCCCCNc1ccc2c(c1)C(=O)N(C1CCC(=O)NC1=O)C2=O
1937,Cc1[nH]c(/C=C2\C(=O)Nc3ccc(F)cc32)c(C)c1C(=O)NCCCCCCCCNC(=O)c1ccc(CNc2ccc3c(c2)C(=O)N(C2CCC(=O)NC2=O)C3=O)cc1
1938,Cc1[nH]c(/C=C2\C(=O)Nc3ccc(F)cc32)c(C)c1C(=O)NCCOCCNc1ccc2c(c1)C(=O)N(C1CCC(=O)NC1=O)C2=O
1939,Cc1[nH]c(/C=C2\C(=O)Nc3ccc(F)cc32)c(C)c1C(=O)NCCOCCOCCNc1ccc2c(c1)C(=O)N(C1CCC(=O)NC1=O)C2=O
1940,CC(=O)c1c(C)c2cnc(Nc3ccc(N4CCN(C(=O)Cc5cn(CCOCCOCCOCC(=O)N[C@H](C(=O)N6C[C@H](O)C[C@H]6C(=O)NCc6ccc(-c7scnc7C)cc6)C(C)(C)C)nn5)CC4)cn3)nc2n(C2CCCC2)c1=O
1941,CC(=O)c1c(C)c2cnc(Nc3ccc(N4CCN(C(=O)CN(C)CCNC(=O)COc5cccc6c5C(=O)N(C5CCC(=O)NC5=O)C6=O)CC4)cn3)nc2n(C2CCCC2)c1=O
1942,CC(=O)c1c(C)c2cnc(Nc3ccc(N4CCN(C(=O)CNCCOCCOCCOCCNC(=O)COc5cccc6c5C(=O)N(C5CCC(=O)NC5=O)C6=O)CC4)cn3)nc2n(C2CCCC2)c1=O
1943,CC(=O)c1c(C)c2cnc(Nc3ccc(N4CCN(C(=O)CNCCCCNC(=O)COc5cccc6c5C(=O)N(C5CCC(=O)NC5=O)C6=O)CC4)cn3)nc2n(C2CCCC2)c1=O
1944,CCOc1cc(C(C)(C)C)ccc1C1=N[C@@](C)(c2ccc(Cl)cc2)[C@@](C)(c2ccc(Cl)cc2)N1C(=O)N1CCN(CC(=O)NCCN(C)CC(=O)N2CCN(c3ccc(Nc4ncc5c(C)c(C(C)=O)c(=O)n(C6CCCC6)c5n4)nc3)CC2)CC1
1945,Cc1nc2c(F)cc(-c3nc(Nc4ccc(CN5CCN(CCNC(=O)COc6cccc7c6C(=O)N(C6CCC(=O)NC6=O)C7=O)CC5)cn4)ncc3F)cc2n1C(C)C
1946,Cc1ncsc1-c1ccc(CNC(=O)[C@@H]2C[C@@H](O)CN2C(=O)[C@@H](NC(=O)COCCCOCCCCCOc2ccc(N3C(=O)N(c4ccc(C#N)c(C(F)(F)F)c4)C(=O)C3(C)C)cc2)C(C)(C)C)cc1
1947,Cc1ncsc1-c1ccc(CNC(=O)[C@@H]2C[C@@H](O)CN2C(=O)[C@@H](NC(=O)COCCCOCCN2CCC(c3ccc(N4C(=S)N(c5ccc(C#N)c(C(F)(F)F)c5)C(=O)C4(C)C)cc3)CC2)C(C)(C)C)cc1
1948,CC(C)(C)[C@H](NC(=O)COCCCCCOc1ccc(C(=O)N[C@H]2C(C)(C)[C@H](Oc3ccc(C#N)c(Cl)c3)C2(C)C)cc1)C(=O)N1C[C@H](O)C[C@H]1C(=O)NCc1ccc(-c2cncs2)cc1
1949,Cc1ncsc1-c1ccc([C@H](C)NC(=O)[C@@H]2C[C@@H](O)CN2C(=O)[C@@H](NC(=O)COCCCCCNc2ccc(C(=O)N[C@H]3C(C)(C)[C@H](Oc4ccc(C#N)c(Cl)c4)C3(C)C)cc2)C(C)(C)C)cc1
1950,Cc1ncsc1-c1ccc(CNC(=O)[C@@H]2C[C@@H](O)CN2C(=O)[C@@H](NC(=O)COCCc2ccc(-c3ccc(C(=O)N[C@H]4C(C)(C)[C@H](Oc5ccc(C#N)c(Cl)c5)C4(C)C)cc3)cc2)C(C)(C)C)cc1
1951,Cc1ncoc1-c1ccc(CNC(=O)[C@@H]2C[C@@H](O)CN2C(=O)[C@@H](NC(=O)COCc2ccc(OC(=O)N[C@H]3C(C)(C)[C@H](Oc4ccc(C#N)c(Cl)c4)C3(C)C)cc2)C(C)(C)C)cc1
1952,O=C(CCc1ccc2c(c1)[nH]c1ccncc12)NCCOCCNc1cccc2c1C(=O)N(C1CCC(=O)NC1=O)C2=O
1953,O=C(CCc1ccc2c(c1)[nH]c1ccncc12)NCCOCCOCCOCCNc1cccc2c1C(=O)N(C1CCC(=O)NC1=O)C2=O
1954,O=C(CCc1ccc2c(c1)[nH]c1ccncc12)NCCOCCOCCOCCOCCOCCNc1cccc2c1C(=O)N(C1CCC(=O)NC1=O)C2=O
1955,Cc1ncsc1-c1ccc([C@H](C)NC(=O)[C@@H]2C[C@@H](O)CN2C(=O)[C@@H](NC(=O)CCOCCOCCOCCNC(=O)CCc2ccc3c(c2)[nH]c2ccncc23)C(C)(C)C)cc1
1956,Cc1ncsc1-c1ccc([C@H](C)NC(=O)[C@@H]2C[C@@H](O)CN2C(=O)[C@@H](NC(=O)CCOCCOCCOCCOCCOCCNC(=O)CCc2ccc3c(c2)[nH]c2ccncc23)C(C)(C)C)cc1
1957,Cc1sc2c(c1C)C(c1ccc(Cl)cc1)=N[C@@H](CC(=O)NCCCCCCCCN1CCN(c3ccc(NC4CCC(=O)NC4=O)cc3)CC1)c1nnc(C)n1-2
1958,Cc1nnc2n1-c1ccc(-c3cnn(CCCCCCN4CCN(c5ccc(NC6CCC(=O)NC6=O)cc5)CC4)c3)cc1C(c1ccc(Cl)cc1)=NC21CC1
1959,CC1(C)[C@H](NC(=O)c2ccc(OCCCCCOCCCNc3cccc4c3C(=O)N(C3CCC(=O)NC3=O)C4=O)cc2)C(C)(C)[C@H]1Oc1ccc(C#N)c(Cl)c1
1960,CC1(C)C(=O)N(c2ccc(C#N)c(C(F)(F)F)c2)C(=S)N1c1ccc(-c2ccc(OCCCCCNc3cccc4c3C(=O)N(C3CCC(=O)NC3=O)C4=O)cc2)cc1
1961,Cc1sc2c(c1C)C(c1ccc(Cl)cc1)=N[C@@H](CC(=O)Nc1ccc(OCCOCCOCCOCCOCCNc3cccc4c3C(=O)N(C3CCC(=O)NC3=O)C4=O)cc1)c1nnc(C)n1-2
1962,Cc1sc2c(c1C)C(c1ccc(Cl)cc1)=N[C@@H](CC(=O)Nc1ccc(OCCOCCOCCNc3cccc4c3C(=O)N(C3CCC(=O)NC3=O)C4=O)cc1)c1nnc(C)n1-2
1963,CN(CCCNc1nc(Nc2ccc(OCCOCCOCCOCCOCCOCCNc3cccc4c3C(=O)N(C3CCC(=O)NC3=O)C4=O)cc2)ncc1Br)C(=O)C1CCC1
1964,CN(CCCNc1nc(Nc2ccc(OCCOCCOCCOCCOCCNc3cccc4c3C(=O)N(C3CCC(=O)NC3=O)C4=O)cc2)ncc1Br)C(=O)C1CCC1
1965,COc1cc(/C=C2\SC(=O)N(CCCOCCNc3cccc4c3C(=O)N(C3CCC(=O)NC3=O)C4=O)C2=O)ccc1Oc1ccc(C#N)cc1C(F)(F)F
1966,Cc1sc2c(c1C)C(c1ccc(Cl)cc1)=N[C@@H](CC(=O)N[C@@H](C)c1ccc(OCCOCCNc3cccc4c3C(=O)N(C3CCC(=O)NC3=O)C4=O)cc1)c1nnc(C)n1-2
1967,Cc1sc2c(c1C)C(c1ccc(Cl)cc1)=N[C@@H](CC(=O)NCCOCCNc1cccc3c1C(=O)N(C1CCC(=O)NC1=O)C3=O)c1nnc(C)n1-2
1968,NCc1nn(-c2ccc(C(=O)NCCOCCOCCNc3cccc4c3C(=O)N(C3CCC(=O)NC3=O)C4=O)cc2)cc1NC(=O)c1coc(-c2ccnc(NCC(F)(F)F)c2)n1
1969,NC(=O)c1nn(-c2ccc(C(=O)NCC3CCCCN3CCOCCNc3cccc4c3C(=O)N(C3CCC(=O)NC3=O)C4=O)cc2)cc1NC(=O)c1coc(-c2ccnc(NCC(F)(F)F)c2)n1
1970,O=C1CCC(N2C(=O)c3cccc(NCCNCCOCCNC(=O)c4ccc(-n5cc(NC(=O)c6coc(-c7ccnc(NCC8CC8)c7)n6)c(C(F)(F)F)n5)cc4)c3C2=O)C(=O)N1
1971,CN(CCOCCOCCCc1ccc2c(c1)C(=O)N(C1CCC(=O)NC1=O)C2=O)C(=O)c1ccc(-n2cc(NC(=O)c3coc(-c4ccnc(NCC5CC5)c4)n3)c(C(N)=O)n2)cc1
1972,O=C1CCC(n2c(=O)oc3c(CCCOCCOCCNC(=O)c4ccc(-n5cc(NC(=O)c6coc(-c7ccnc(NCC8CC8)c7)n6)c(C(F)F)n5)cc4)cccc32)C(=O)N1
1973,O=C1CCC(N2C(=O)c3cccc(NC4CCN(CCOCCOCCNC(=O)c5ccc(-n6cc(NC(=O)c7coc(-c8ccnc(NCC(F)(F)F)c8)n7)c(C(F)F)n6)cc5)CC4)c3C2=O)C(=O)N1
1974,NC(=O)c1nn(-c2ccc(CNCC3CN(CCOCCNc4cccc5c4C(=O)N(C4CCC(=O)NC4=O)C5=O)CCO3)cc2)cc1NC(=O)c1coc(-c2ccnc(NCC(F)(F)F)c2)n1
1975,CN(CCOCCOCCCc1ccc2c(c1)C(=O)N(C1CCC(=O)NC1=O)C2=O)Cc1ccc(-n2cc(NC(=O)c3coc(-c4ccnc(NCC5CC5)c4)n3)c(C(N)=O)n2)cc1
1976,CN(CCOCCOCCCc1ccc2c(c1)C(=O)N(C1CCC(=O)NC1=O)C2=O)Cc1ccc(-n2cc(NC(=O)c3coc(-c4ccncc4)n3)c(C(N)=O)n2)cc1
1977,CN(CCOCCCc1cccc2c1C(=O)N(C1CCC(=O)NC1=O)C2=O)Cc1ccc(-n2cc(NC(=O)c3coc(-c4ccnc(NCC5CC5)c4)n3)c(C(N)=O)n2)cc1
1978,O=C1CCC(N2C(=O)c3ccc(OCCOCCOCCN4CCN(Cc5ccc6nc(NC(=O)c7cccc(C(F)(F)F)c7)n([C@H]7CC[C@@H](CO)CC7)c6c5)CC4)cc3C2=O)C(=O)N1
1979,O=C1CCC(N2C(=O)c3ccc(OCCOCCOCCOCCN4CCN(Cc5ccc6nc(NC(=O)c7cccc(C(F)(F)F)c7)n([C@H]7CC[C@@H](CO)CC7)c6c5)CC4)cc3C2=O)C(=O)N1
1980,O=C1CCC(N2C(=O)c3ccc(N4CCC(CN5CCN(Cc6ccc7nc(NC(=O)c8cccc(C(F)(F)F)c8)n([C@H]8CC[C@@H](CO)CC8)c7c6)CC5)CC4)cc3C2=O)C(=O)N1
1981,COc1cc2nn(C3CCN(CCOCCOc4ccc5c(c4)C(=O)N(C4CCC(=O)NC4=O)C5=O)CC3)cc2cc1NC(=O)c1cccc(C(F)(F)F)n1
1982,COc1cc2nn(C3CCN(CCOCCOc4ccc5c(c4)C(=O)N(C4CCC(=O)NC4=O)C5)CC3)cc2cc1NC(=O)c1cccc(C(F)(F)F)n1
1983,O=C1CCC(N2C(=O)c3ccc(OC4CCC(CN5CCN(Cc6ccc7nc(NC(=O)c8cccc(C(F)(F)F)c8)n([C@H]8CC[C@@H](CO)CC8)c7c6)CC5)CC4)cc3C2=O)C(=O)N1
1984,Cc1ncsc1-c1ccc([C@H](C)NC(=O)[C@@H]2C[C@@H](O)CN2C(=O)[C@@H](NC(=O)COCCOCCOCCOc2cc(F)c([C@@H]3c4[nH]c5ccccc5c4C[C@@H](C)N3CC(C)(C)F)c(F)c2)C(C)(C)C)cc1
1985,Cc1ncsc1-c1ccc(CNC(=O)[C@@H]2C[C@@H](O)CN2C(=O)[C@@H](NC(=O)COCCCOCCOc2cc(F)c([C@@H]3c4[nH]c5ccccc5c4C[C@@H](C)N3CC(C)(C)F)c(F)c2)C(C)(C)C)cc1
1986,Cc1ncsc1-c1ccc(CNC(=O)[C@@H]2C[C@@H](O)CN2C(=O)[C@@H](NC(=O)COCCOCCOCCOc2cc(F)c([C@@H]3c4[nH]c5ccccc5c4C[C@@H](C)N3CC(C)(C)F)c(F)c2)C(C)(C)C)cc1
1987,Cc1ncsc1-c1ccc(CNC(=O)[C@@H]2C[C@@H](O)CN2C(=O)[C@@H](NC(=O)COCCCOCCCOc2cc(F)c([C@@H]3c4[nH]c5ccccc5c4C[C@@H](C)N3CC(C)(C)F)c(F)c2)C(C)(C)C)cc1
1988,Cc1ncsc1-c1ccc(CNC(=O)[C@@H]2C[C@@H](O)CN2C(=O)[C@@H](NC(=O)COCCOCCC(F)(F)CCOc2cc(F)c([C@@H]3c4[nH]c5ccccc5c4C[C@@H](C)N3CC(C)(C)F)c(F)c2)C(C)(C)C)cc1
1989,Cc1ncsc1-c1ccc([C@H](C)NC(=O)[C@@H]2C[C@@H](O)CN2C(=O)[C@@H](NC(=O)COCCOCCCCCOc2cc(F)c([C@@H]3c4[nH]c5ccccc5c4C[C@@H](C)N3CC(C)(C)F)c(F)c2)C(C)(C)C)cc1
1990,O=C1CCC(N2C(=O)c3cccc(NCCOCCOCCOCCOCCN4CCN(c5ccc(-c6ccc7c(c6)C(=O)N(C(C(=O)Nc6nccs6)c6ccccc6)C7)cc5)CC4)c3C2=O)C(=O)N1
1991,Cc1cc(Nc2ncc(Cl)c(Nc3ccccc3S(=O)(=O)C(C)C)n2)c(OC(C)C)cc1C1CCN(CC(=O)NCCOCCOCCOCCOCCNc2cccc3c2C(=O)N(C2CCC(=O)NC2=O)C3=O)CC1
1992,Cc1cc(Nc2ncc(Cl)c(Nc3ccccc3S(=O)(=O)C(C)C)n2)c(OC(C)C)cc1C1CCN(C(=O)COCCOCC(=O)N[C@H](C(=O)N2C[C@H](O)C[C@H]2C(=O)N[C@@H](C)c2ccc(-c3scnc3C)cc2)C(C)(C)C)CC1
1993,Cc1cc(Nc2ncc(Cl)c(Nc3ccccc3S(=O)(=O)C(C)C)n2)c(OC(C)C)cc1C1CCN(C(=O)CCCC(=O)N[C@H](C(=O)N2C[C@H](O)C[C@H]2C(=O)N[C@@H](C)c2ccc(-c3scnc3C)cc2)C(C)(C)C)CC1
1994,C=CC(=O)N1CCN(c2nc(NCCC(=O)N(C)CCOCCOCCOCCOCC(=O)N[C@H](C(=O)N3C[C@H](O)C[C@H]3C(=O)N[C@@H](C)c3ccc(-c4scnc4C)cc3)C(C)(C)C)nc3c(F)c(-c4cc(O)cc5ccccc45)c(Cl)cc23)CC1
1995,C=CC(=O)N1CCN(c2nc(NCCC(=O)N(C)CCOCCOCCOCCOCCOCC(=O)N[C@H](C(=O)N3C[C@H](O)C[C@H]3C(=O)N[C@@H](C)c3ccc(-c4scnc4C)cc3)C(C)(C)C)nc3c(F)c(-c4cc(O)cc5ccccc45)c(Cl)cc23)CC1
1996,C=CC(=O)N1CCN(c2nc(NCCC(=O)N(C)CCOCCOCCOCCNc3cccc4c3C(=O)N(C3CCC(=O)NC3=O)C4=O)nc3c(F)c(-c4cc(O)cc5ccccc45)c(Cl)cc23)CC1
1997,C=CC(=O)N1CCN(c2nc(NCCC(=O)N(C)CCOCCOCCOCCC(=O)N[C@H](C(=O)N3C[C@H](O)C[C@H]3C(=O)N[C@@H](C)c3ccc(-c4scnc4C)cc3)C(C)(C)C)nc3c(F)c(-c4cc(O)cc5ccccc45)c(Cl)cc23)CC1
1998,CCC(=O)N1CCN(c2nc(NCCC(=O)N(C)CCOCCOCCOCCOCCOc3ccc4c(c3)CN(C3CCC(=O)NC3=O)C4=O)nc3c(F)c(-c4cc(O)cc5ccccc45)c(Cl)cc23)CC1
1999,CCC(=O)N1CCN(c2nc(NCCC(=O)N(C)CCOCCOCCOCCOCC(=O)N[C@H](C(=O)N3C[C@H](O)C[C@H]3C(=O)N[C@@H](C)c3ccc(-c4scnc4C)cc3)C(C)(C)C)nc3c(F)c(-c4cc(O)cc5ccccc45)c(Cl)cc23)CC1
2000,Cc1ncsc1-c1ccc([C@H](C)NC(=O)[C@@H]2C[C@@H](O)CN2C(=O)[C@@H](NC(=O)CCNC(=O)CC(=O)Nc2cccc(Sc3ncc(N4CCC(C)(N)CC4)nc3N)c2Cl)C(C)(C)C)cc1
2001,Cc1ncsc1-c1ccc([C@H](C)NC(=O)[C@@H]2C[C@@H](O)CN2C(=O)[C@@H](NC(=O)CCCNC(=O)CC(=O)Nc2cccc(Sc3ncc(N4CCC(C)(N)CC4)nc3N)c2Cl)C(C)(C)C)cc1
2002,Cc1ncsc1-c1ccc([C@H](C)NC(=O)[C@@H]2C[C@@H](O)CN2C(=O)[C@@H](NC(=O)CCCCNC(=O)CC(=O)Nc2cccc(Sc3ncc(N4CCC(C)(N)CC4)nc3N)c2Cl)C(C)(C)C)cc1
2003,Cc1ncsc1-c1ccc([C@H](C)NC(=O)[C@@H]2C[C@@H](O)CN2C(=O)[C@@H](NC(=O)CCCCCNC(=O)CC(=O)Nc2cccc(Sc3ncc(N4CCC(C)(N)CC4)nc3N)c2Cl)C(C)(C)C)cc1
2004,Cc1ncsc1-c1ccc([C@H](C)NC(=O)[C@@H]2C[C@@H](O)CN2C(=O)[C@@H](NC(=O)CCCCCCNC(=O)CC(=O)Nc2cccc(Sc3ncc(N4CCC(C)(N)CC4)nc3N)c2Cl)C(C)(C)C)cc1
2005,Cc1ncsc1-c1ccc([C@H](C)NC(=O)[C@@H]2C[C@@H](O)CN2C(=O)[C@@H](NC(=O)CCCCCCCNC(=O)CC(=O)Nc2cccc(Sc3ncc(N4CCC(C)(N)CC4)nc3N)c2Cl)C(C)(C)C)cc1
2006,Cc1ncsc1-c1ccc([C@H](C)NC(=O)[C@@H]2C[C@@H](O)CN2C(=O)[C@@H](NC(=O)CCCCCCCCNC(=O)CC(=O)Nc2cccc(Sc3ncc(N4CCC(C)(N)CC4)nc3N)c2Cl)C(C)(C)C)cc1
2007,Cc1ncsc1-c1ccc([C@H](C)NC(=O)[C@@H]2C[C@@H](O)CN2C(=O)[C@@H](NC(=O)CCCCCCCCCNC(=O)CC(=O)Nc2cccc(Sc3ncc(N4CCC(C)(N)CC4)nc3N)c2Cl)C(C)(C)C)cc1
2008,Cc1ncsc1-c1ccc([C@H](C)NC(=O)[C@@H]2C[C@@H](O)CN2C(=O)[C@@H](NC(=O)CCCCCCCCCCNC(=O)CC(=O)Nc2cccc(Sc3ncc(N4CCC(C)(N)CC4)nc3N)c2Cl)C(C)(C)C)cc1
2009,Cc1ncsc1-c1ccc([C@H](C)NC(=O)[C@@H]2C[C@@H](O)CN2C(=O)[C@@H](NC(=O)CCCCCCCCCCCNC(=O)CC(=O)Nc2cccc(Sc3ncc(N4CCC(C)(N)CC4)nc3N)c2Cl)C(C)(C)C)cc1
2010,Cc1ncsc1-c1ccc([C@H](C)NC(=O)[C@@H]2C[C@@H](O)CN2C(=O)[C@@H](NC(=O)CCCCCCCCCCNC(=O)CCC(=O)Nc2cccc(Sc3ncc(N4CCC(C)(N)CC4)nc3N)c2Cl)C(C)(C)C)cc1
2011,Cc1ncsc1-c1ccc([C@H](C)NC(=O)[C@@H]2C[C@@H](O)CN2C(=O)[C@@H](NC(=O)CCCCCCCCCCCNC(=O)CCC(=O)Nc2cccc(Sc3ncc(N4CCC(C)(N)CC4)nc3N)c2Cl)C(C)(C)C)cc1
2012,Cc1ncsc1-c1ccc([C@H](C)NC(=O)[C@@H]2C[C@@H](O)CN2C(=O)[C@@H](NC(=O)CCCCCCCCCCCNC(=O)CCCC(=O)Nc2cccc(Sc3ncc(N4CCC(C)(N)CC4)nc3N)c2Cl)C(C)(C)C)cc1
2013,Cc1ncsc1-c1ccc([C@H](C)NC(=O)[C@@H]2C[C@@H](O)CN2C(=O)[C@@H](NC(=O)COCCOCCOCCNC(=O)CCC(=O)Nc2cccc(Sc3ncc(N4CCC(C)(N)CC4)nc3N)c2Cl)C(C)(C)C)cc1
2014,Cc1ncsc1-c1ccc([C@H](C)NC(=O)[C@@H]2C[C@@H](O)CN2C(=O)[C@@H](NC(=O)CCOCCOCCOCCNC(=O)CCC(=O)Nc2cccc(Sc3ncc(N4CCC(C)(N)CC4)nc3N)c2Cl)C(C)(C)C)cc1
2015,Cc1ncsc1-c1ccc([C@H](C)NC(=O)[C@@H]2C[C@@H](O)CN2C(=O)[C@@H](NC(=O)CCOCCOCCOCCOCCNC(=O)CCC(=O)Nc2cccc(Sc3ncc(N4CCC(C)(N)CC4)nc3N)c2Cl)C(C)(C)C)cc1
2016,Cc1ncsc1-c1ccc([C@H](C)NC(=O)[C@@H]2C[C@@H](O)CN2C(=O)[C@@H](NC(=O)CCCCCCCCCCN2CCN(CC(=O)Nc3cccc(Sc4ncc(N5CCC(C)(N)CC5)nc4N)c3Cl)CC2)C(C)(C)C)cc1
2017,Cc1ncsc1-c1ccc([C@H](C)NC(=O)[C@@H]2C[C@@H](O)CN2C(=O)[C@@H](NC(=O)CCCCCCCCCCCN2CCN(CC(=O)Nc3cccc(Sc4ncc(N5CCC(C)(N)CC5)nc4N)c3Cl)CC2)C(C)(C)C)cc1
2018,Cc1ncsc1-c1ccc([C@H](C)NC(=O)[C@@H]2C[C@@H](O)CN2C(=O)[C@@H](NC(=O)CCCCCCCCCCCCCCC(=O)Nc2cccc(Sc3ncc(N4CCC(C)(N)CC4)nc3N)c2Cl)C(C)(C)C)cc1
2019,Cc1ncsc1-c1ccc([C@H](C)NC(=O)[C@@H]2C[C@@H](O)CN2C(=O)[C@@H](NC(=O)CCCCCCCCN2CCN(C(=O)CCC(=O)Nc3cccc(Sc4ncc(N5CCC(C)(N)CC5)nc4N)c3Cl)CC2)C(C)(C)C)cc1
2020,Cc1ncsc1-c1ccc([C@H](C)NC(=O)[C@@H]2C[C@@H](O)CN2C(=O)[C@@H](NC(=O)CCCCCCCCCN2CCN(C(=O)CCC(=O)Nc3cccc(Sc4ncc(N5CCC(C)(N)CC5)nc4N)c3Cl)CC2)C(C)(C)C)cc1
2021,Cc1ncsc1-c1ccc([C@H](C)NC(=O)[C@@H]2C[C@@H](O)CN2C(=O)[C@@H](NC(=O)CCCCCCCOc2ccc(NC(=O)CCC(=O)Nc3cccc(Sc4ncc(N5CCC(C)(N)CC5)nc4N)c3Cl)cc2)C(C)(C)C)cc1
2022,Cc1ncsc1-c1ccc([C@H](C)NC(=O)[C@@H]2C[C@@H](O)CN2C(=O)[C@@H](NC(=O)CCCCN2CCN(CCCCNC(=O)CCC(=O)Nc3cccc(Sc4ncc(N5CCC(C)(N)CC5)nc4N)c3Cl)CC2)C(C)(C)C)cc1
2023,COc1cc(/N=N/c2cccc3c2CN(C2CCC(=O)NC2=O)C3=O)cc(OC)c1OCC(=O)NCCNC(=O)C[C@@H]1N=C(c2ccc(Cl)cc2)c2c(sc(C)c2C)-n2c(C)nnc21
2024,Cc1sc2c(c1C)C(c1ccc(Cl)cc1)=N[C@@H](CC(=O)NCCNC(=O)COc1ccc(/N=N/c3cccc4c3CN(C3CCC(=O)NC3=O)C4=O)cc1)c1nnc(C)n1-2
2025,Cc1sc2c(c1C)C(c1ccc(Cl)cc1)=N[C@H](CC(=O)Nc1ccc3c(c1)CCc1cc(NC(=O)COc4cccc5c4C(=O)N(C4CCC(=O)NC4=O)C5=O)ccc1/N=N\3)c1nnc(C)n1-2
2026,CCC(C)(C)C(=O)C(=O)N1CCCC[C@H]1C(=O)O[C@H](CCc1ccc(OC)c(OC)c1)c1cccc(OCC(=O)NCCNC(=O)COc2ccc(/N=N/c3cccc4c3CN(C3CCC(=O)NC3=O)C4=O)cc2)c1
2027,Cc1ncsc1-c1ccc2c(c1)OCCOC[C@@H](NC(=O)C[C@@H]1N=C(c3ccc(Cl)cc3)c3c(sc(C)c3C)-n3c(C)nnc31)COCCOCCOCC(=O)N[C@@H](C(C)(C)C)C(=O)N1C[C@H](O)C[C@H]1C(=O)NC2
2028,O=C1CCC(N2C(=O)c3cccc(NCCOCCOCCOCCN4CCN(c5ccc(-c6ccc7c(c6)C(=O)N(C(C(=O)Nc6nccs6)c6ccccc6O)C7)cn5)CC4)c3C2=O)C(=O)N1
2029,Cc1ncsc1-c1ccc(CNC(=O)[C@@H]2C[C@@H](O)CN2C(=O)[C@@H](NC(=O)CCOCCOCCN2CCN(c3ccc(-c4ccc5c(c4)C(=O)N(C(C(=O)Nc4nccs4)c4ccccc4)C5)cn3)CC2)C(C)(C)C)cc1
2030,Cc1ncsc1-c1ccc(CNC(=O)[C@@H]2C[C@@H](O)CN2C(=O)[C@@H](NC(=O)CCOCCOCCOCCN2CCN(c3ccc(-c4ccc5c(c4)C(=O)N(C(C(=O)Nc4nccs4)c4ccccc4)C5)cn3)CC2)C(C)(C)C)cc1
2031,CC(O)(COc1ccc(OCCOCCOCCOCCOc2cccc3c2C(=O)N(C2CCC(=O)NC2=O)C3=O)cc1)C(=O)Nc1ccc(C#N)c(C(F)(F)F)c1
2032,CC(O)(COc1ccc(OCCOCCOCCOCCOc2cccc3c2CN([C@H]2CCC(=O)NC2=O)C3=O)cc1)C(=O)Nc1ccc(C#N)c(C(F)(F)F)c1
2033,CN1C(=O)N(c2ccc(C#N)c(C(F)(F)F)c2)C(=O)C1(C)c1ccc(OCCOCCOCCOCCOc2cccc3c2C(=O)N(C2CCC(=O)NC2=O)C3=O)cc1
2034,CN1C(=O)N(c2ccc(C#N)c(C(F)(F)F)c2)C(=O)C1(C)c1ccc(OCCOCCOCCOCCOc2cccc3c2CN([C@H]2CCC(=O)NC2=O)C3=O)cc1
2035,CC1(C)C(=O)N(c2ccc(C#N)c(C(F)(F)F)c2)C(=S)N1c1ccc(OCCOCCOCCOCCOc2cccc3c2C(=O)N(C2CCC(=O)NC2=O)C3=O)cc1
2036,CC1(C)C(=O)N(c2ccc(C#N)c(C(F)(F)F)c2)C(=S)N1c1ccc(OCCOCCOCCOCCOc2cccc3c2CN([C@H]2CCC(=O)NC2=O)C3=O)cc1
2037,Cc1ncsc1-c1ccc(CNC(=O)[C@@H]2C[C@@H](O)CN2C(=O)[C@@H](NC(=O)COCCCOCCCCOc2ccc(N3C(=S)N(c4ccc(C#N)c(C(F)(F)F)c4)C(=O)C3(C)C)cc2)C(C)(C)C)cc1
2038,Cc1ncsc1-c1ccc(CNC(=O)[C@@H]2C[C@@H](O)CN2C(=O)[C@@H](NC(=O)COCC(F)(F)C(F)(F)C(F)(F)COCCCOc2ccc(N3C(=S)N(c4ccc(C#N)c(C(F)(F)F)c4)C(=O)C3(C)C)cc2)C(C)(C)C)cc1
2039,Cc1ncsc1-c1ccc(CNC(=O)[C@@H]2C[C@@H](O)CN2C(=O)[C@@H](NC(=O)CCOCCOCCOCCOc2ccc(N3C(=S)N(c4ccc(C#N)c(C(F)(F)F)c4)C(=O)C3(C)C)cc2)C(C)(C)C)cc1
2040,Cc1ncsc1-c1ccc(CNC(=O)[C@@H]2C[C@@H](O)CN2C(=O)[C@@H](NC(=O)COCCCOc2ccc(-c3ccc(N4C(=S)N(c5ccc(C#N)c(C(F)(F)F)c5)C(=O)C4(C)C)cc3)cc2)C(C)(C)C)cc1
2041,Cc1ncsc1-c1ccc(CNC(=O)[C@@H]2C[C@@H](O)CN2C(=O)[C@@H](NC(=O)COCC(F)(F)COc2ccc(-c3ccc(N4C(=S)N(c5ccc(C#N)c(C(F)(F)F)c5)C(=O)C4(C)C)cc3)cc2)C(C)(C)C)cc1
2042,Cc1ncsc1-c1ccc(CNC(=O)[C@@H]2C[C@@H](O)CN2C(=O)[C@@H](NC(=O)COCCCOCC(F)(F)C(F)(F)COc2ccc(N3C(=S)N(c4ccc(C#N)c(C(F)(F)F)c4)C(=O)C3(C)C)cc2)C(C)(C)C)cc1
2043,Cc1ncsc1-c1ccc(CNC(=O)[C@@H]2C[C@@H](O)CN2C(=O)[C@@H](NC(=O)CCOCCOCCOc2ccc(C(=O)N[C@H]3C(C)(C)[C@H](Oc4ccc(C#N)c(C(F)(F)F)c4)C3(C)C)cc2)C(C)(C)C)cc1
2044,Cc1ncsc1-c1ccc(CNC(=O)[C@@H]2C[C@@H](O)CN2C(=O)[C@@H](NC(=O)COCCCCCOc2ccc(C(=O)N[C@H]3C(C)(C)[C@H](Oc4ccc(C#N)c(C(F)(F)F)c4)C3(C)C)cc2)C(C)(C)C)cc1
2045,CNc1ccc(-c2nc3ccc(OCCOCCOCC(=O)N[C@H](C(=O)N4C[C@H](O)C[C@H]4C(=O)N[C@@H](C)c4ccc(-c5scnc5C)cc4)C(C)(C)C)cc3s2)cc1
2046,CNc1ccc(-c2nc3ccc(OCCOCCOCCOCCOCCOCC(=O)N[C@H](C(=O)N4C[C@H](O)C[C@H]4C(=O)N[C@@H](C)c4ccc(-c5scnc5C)cc4)C(C)(C)C)cc3s2)cc1
2047,CNc1ccc(-c2nc3ccc(OCCOCCOCCOCCOCCOCCOCC(=O)N[C@H](C(=O)N4C[C@H](O)C[C@H]4C(=O)N[C@@H](C)c4ccc(-c5scnc5C)cc4)C(C)(C)C)cc3s2)cc1
2048,Cc1ncsc1-c1ccc([C@H](C)NC(=O)[C@@H]2C[C@@H](O)CN2C(=O)[C@@H](NC(=O)COCCOCCOc2ccc(CN3C(=O)/C(=C/C=C/c4ccc([N+](=O)[O-])cc4)c4ccccc43)cc2)C(C)(C)C)cc1
2049,O=C1CCC(N2C(=O)c3ccc(N4CCN(CCCO[C@H]5C[C@H](Oc6ccc7c(c6)Sc6cc([N+](=O)[O-])ccc6N7)C5)CC4)cc3C2=O)C(=O)N1
2050,Cc1ncsc1-c1ccc([C@H](C)NC(=O)[C@@H]2C[C@@H](O)CN2C(=O)[C@@H](NC(=O)CN2CCN(CCN3CCC(O[C@H]4C[C@H](Oc5ccc6c(c5)Sc5cc([N+](=O)[O-])ccc5N6)C4)CC3)CC2)C(C)(C)C)cc1
2051,O=C1CCC(N2C(=O)c3cccc(NCCCC(=O)N4CCN(c5ccc(C(=O)Nc6n[nH]c7ccc(Cc8cc(F)cc(F)c8)cc67)c(NC6CCOCC6)c5)CC4)c3C2=O)C(=O)N1
2052,O=C1CCC(N2C(=O)c3ccc(NCCOCCOCCOCCOCCC(=O)N4CCN(c5ccc(C(=O)Nc6n[nH]c7ccc(Cc8cc(F)cc(F)c8)cc67)c(NC6CCOCC6)c5)CC4)cc3C2=O)C(=O)N1
2053,O=C(CN1CCN(c2cccc(-c3cnc4ccc(N5CCC[C@@H]5c5cccc(F)c5)nn34)n2)CC1)NCCNc1ccc2c(c1)C(=O)N(C1CCC(=O)NC1=O)C2=O
2054,O=C1CCC(N2C(=O)c3ccc(NCCN4CCN(c5cccc(-c6cnc7ccc(N8CCC[C@@H]8c8cccc(F)c8)nn67)n5)CC4)cc3C2=O)C(=O)N1
2055,O=C(CN1CCN(c2cccc(-c3cnc4ccc(N5CCC[C@@H]5c5cccc(F)c5)nn34)n2)CC1)NCCOCCNc1cccc2c1C(=O)N(C1CCC(=O)NC1=O)C2=O
2056,O=C(CN1CCN(c2cccc(-c3cnc4ccc(N5CCC[C@@H]5c5cccc(F)c5)nn34)n2)CC1)NCCOCCNc1ccc2c(c1)C(=O)N(C1CCC(=O)NC1=O)C2=O
2057,O=C1CCC(N2C(=O)c3ccc(NCCCCC(=O)N4CCN(c5cccc(-c6cnc7ccc(N8CCC[C@@H]8c8cccc(F)c8)nn67)n5)CC4)cc3C2=O)C(=O)N1
2058,O=C1CCC(N2C(=O)c3ccc(N4CC(C(=O)N5CCN(c6cccc(-c7cnc8ccc(N9CCC[C@@H]9c9cccc(F)c9)nn78)n6)CC5)C4)cc3C2=O)C(=O)N1
2059,Cc1ncsc1-c1ccc(CNC(=O)[C@@H]2C[C@@H](O)CN2C(=O)[C@@H](NC(=O)COCCCOCCCCCOc2ccc(N3C(=S)N(c4cnc(C#N)c(C(F)(F)F)c4)C(=O)C3(C)C)cc2)C(C)(C)C)cc1
2060,Cc1ncsc1-c1ccc([C@H](C)NC(=O)[C@@H]2C[C@@H](O)CN2C(=O)[C@@H](NC(=O)COCCCOCCCCCOc2ccc(N3C(=S)N(c4ccc(C#N)c(C(F)(F)F)c4)C(=O)C3(C)C)cc2F)C(C)(C)C)cc1
2061,Cc1ncsc1-c1ccc([C@H](C)NC(=O)[C@@H]2C[C@@H](O)CN2C(=O)[C@@H](NC(=O)COCCCOCCCCCOc2c(F)cc(N3C(=S)N(c4ccc(C#N)c(C(F)(F)F)c4)C(=O)C3(C)C)cc2F)C(C)(C)C)cc1
2062,Cc1ncsc1-c1ccc(CNC(=O)[C@@H]2C[C@@H](O)CN2C(=O)[C@@H](NC(=O)COCCCOCCCCOc2ccc(N3C(=S)N(c4ccc(C#N)c(C(F)(F)F)c4)C(=O)C3(C)C)cc2F)C(C)(C)C)cc1
2063,Cc1ncsc1-c1ccc(CNC(=O)[C@@H]2C[C@@H](O)CN2C(=O)[C@@H](NC(=O)COCCCOCCCCOc2ccc(N3C(=S)N(c4cnc(C#N)c(C(F)(F)F)c4)C(=O)C3(C)C)cc2)C(C)(C)C)cc1
2064,Cc1ncsc1-c1ccc(CNC(=O)[C@@H]2C[C@@H](O)CN2C(=O)[C@@H](NC(=O)COCCCOCCCCOc2ccc(N3C(=S)N(c4ccc(C#N)c(Cl)c4)C(=O)C3(C)C)cc2)C(C)(C)C)cc1
2065,Cc1ncsc1-c1ccc(CNC(=O)[C@@H]2C[C@@H](O)CN2C(=O)[C@@H](NC(=O)COCCCOCCCCOc2ccc(-c3ccc(N4C(=S)N(c5ccc(C#N)c(C(F)(F)F)c5)C(=O)C4(C)C)cc3)cc2)C(C)(C)C)cc1
2066,COC(=O)C[C@H]1[C@]2(C)C3=C(C)[C@H](c4ccoc4-c4ccc(C(=O)NCCOCCOCCOCCNC(=O)C[C@@H]5N=C(c6ccc(Cl)cc6)c6c(sc(C)c6C)-n6c(C)nnc65)cc4)C[C@H]3O[C@@H]2[C@@H]2OC(=O)[C@]3(C)C=CC(=O)[C@@]1(C)[C@@H]23
2067,COC(=O)C[C@H]1[C@]2(C)C3=C(C)[C@H](c4ccoc4-c4ccc(C(=O)NCCCNC(=O)C[C@@H]5N=C(c6ccc(Cl)cc6)c6c(sc(C)c6C)-n6c(C)nnc65)cc4)C[C@H]3O[C@@H]2[C@@H]2OC(=O)[C@]3(C)C=CC(=O)[C@@]1(C)[C@@H]23
2068,Cc1ccc(-n2nc3c(=O)n(CCCC(=O)NCCCCCCCCNc4ccc5c(c4)C(=O)N(C4CCC(=O)NC4=O)C5=O)nc(C)c3c2C)cc1
2069,COC(=O)C[C@H]1[C@]2(C)C3=C(C)[C@H](c4ccoc4-c4ccc(C(=O)NCCOCCOCCOCCN5CCN(c6cc(Nc7ncc(C(=O)Nc8c(C)cccc8Cl)s7)nc(C)n6)CC5)cc4)C[C@H]3O[C@@H]2[C@@H]2OC(=O)[C@]3(C)C=CC(=O)[C@@]1(C)[C@@H]23
2070,COC(=O)C[C@H]1[C@]2(C)C3=C(C)[C@H](c4ccoc4-c4ccc(C(=O)NCCCN5CCN(c6cc(Nc7ncc(C(=O)Nc8c(C)cccc8Cl)s7)nc(C)n6)CC5)cc4)C[C@H]3O[C@@H]2[C@@H]2OC(=O)[C@]3(C)C=CC(=O)[C@@]1(C)[C@@H]23
2071,Cc1ccc(C(=O)NCCCCc2cn(CC[C@H](NC(=O)OC(C)(C)C)C(=O)NCCCCNc3cccc4c3C(=O)N(C3CCC(=O)NC3=O)C4=O)nn2)cc1-n1c(C)cc(OCc2ccc(F)cc2F)c(Br)c1=O
2072,Cc1ccc(C(=O)NCCCCc2cn(CC[C@H]([NH3+])C(=O)NCCCCNc3cccc4c3C(=O)N(C3CCC(=O)NC3=O)C4=O)nn2)cc1-n1c(C)cc(OCc2ccc(F)cc2F)c(Br)c1=O.[Cl-]
2073,Cc1ncsc1-c1ccc(CNC(=O)[C@@H]2C[C@@H](O)CN2C(=O)[C@@H](NC(=O)COCCNc2ncc(C(=O)Nc3ccc(OC(F)(F)Cl)cc3)cc2-c2ccn[nH]2)C(C)(C)C)cc1
2074,Cc1ncsc1-c1ccc(CNC(=O)[C@@H]2C[C@@H](O)CN2C(=O)[C@@H](NC(=O)CCOCCOCCOCCOCCOCCOCC#Cc2ccc(OCCCc3sc(N4CCc5cccc(C(=O)Nc6nc7ccccc7s6)c5C4)nc3C(=O)O)cc2)C(C)(C)C)cc1
2075,NC(=O)c1c(-c2ccc(Oc3ccc(F)cc3F)cc2)nn([C@@H]2CCCN(C(=O)OCCOCCOCCOCCOCCOCCOCCOCCOCCNc3cccc4c3C(=O)N(C3CCC(=O)NC3=O)C4=O)C2)c1N
2076,COc1cc(C(=O)NCCOCCOCCOCCC(=O)Nc2cccc3c2C(=O)N(C2CCC(=O)NC2=O)C3=O)ccc1Nc1ncc(C(F)(F)F)c(Oc2cccc3c2C(=O)CC3)n1
2077,COc1cc(C(=O)NCCOCCOCCOCC(=O)N[C@H](C(=O)N2C[C@H](O)C[C@H]2C(=O)NCc2ccc(-c3scnc3C)cc2)C(C)(C)C)ccc1Nc1ncc(C(F)(F)F)c(Oc2cccc3c2C(=O)CC3)n1
2078,O=C(COc1cccc2c1C(=O)N(C1CCC(=O)NC1=O)C2=O)NCCCC(=O)N1CCN(C(=O)c2cc(Cc3n[nH]c(=O)c4ccccc34)ccc2F)CC1
2079,O=C(COc1cccc2c1C(=O)N(C1CCC(=O)NC1=O)C2=O)NCCCCCC(=O)N1CCN(C(=O)c2cc(Cc3n[nH]c(=O)c4ccccc34)ccc2F)CC1
2080,O=C(CCCNC(=O)COc1cccc2c1C(=O)N(C1CCC(=O)NC1=O)C2=O)NCCCC(=O)N1CCN(C(=O)c2cc(Cc3n[nH]c(=O)c4ccccc34)ccc2F)CC1
2081,O=C(CCCCCNC(=O)COc1cccc2c1C(=O)N(C1CCC(=O)NC1=O)C2=O)NCCCC(=O)N1CCN(C(=O)c2cc(Cc3n[nH]c(=O)c4ccccc34)ccc2F)CC1
2082,O=C(CCCNC(=O)COc1cccc2c1C(=O)N(C1CCC(=O)NC1=O)C2=O)NCCCCCC(=O)N1CCN(C(=O)c2cc(Cc3n[nH]c(=O)c4ccccc34)ccc2F)CC1
2083,O=C(CCCCCNC(=O)COc1cccc2c1C(=O)N(C1CCC(=O)NC1=O)C2=O)NCCCCCC(=O)N1CCN(C(=O)c2cc(Cc3n[nH]c(=O)c4ccccc34)ccc2F)CC1
2084,O=C(CCCNC(=O)CNc1cccc2c1C(=O)N(C1CCC(=O)NC1=O)C2=O)NCCCCCC(=O)N1CCN(C(=O)c2cc(Cc3n[nH]c(=O)c4ccccc34)ccc2F)CC1
2085,O=C(CCCCCNC(=O)CNc1cccc2c1C(=O)N(C1CCC(=O)NC1=O)C2=O)NCCCCCC(=O)N1CCN(C(=O)c2cc(Cc3n[nH]c(=O)c4ccccc34)ccc2F)CC1
2086,O=C(CCCCC(=O)N1CCN(C(=O)c2cc(Cc3n[nH]c(=O)c4ccccc34)ccc2F)CC1)NCCNc1cccc2c1C(=O)N(C1CCC(=O)NC1=O)C2=O
2087,O=C(CCCCCCC(=O)N1CCN(C(=O)c2cc(Cc3n[nH]c(=O)c4ccccc34)ccc2F)CC1)NCCNc1cccc2c1C(=O)N(C1CCC(=O)NC1=O)C2=O
2088,O=C(CCCCCCCCC(=O)N1CCN(C(=O)c2cc(Cc3n[nH]c(=O)c4ccccc34)ccc2F)CC1)NCCNc1cccc2c1C(=O)N(C1CCC(=O)NC1=O)C2=O
2089,O=C(CCCCCCCCCC(=O)N1CCN(C(=O)c2cc(Cc3n[nH]c(=O)c4ccccc34)ccc2F)CC1)NCCNc1cccc2c1C(=O)N(C1CCC(=O)NC1=O)C2=O
2090,O=C(CCCCCCCCCCC(=O)N1CCN(C(=O)c2cc(Cc3n[nH]c(=O)c4ccccc34)ccc2F)CC1)NCCNc1cccc2c1C(=O)N(C1CCC(=O)NC1=O)C2=O
2091,O=C(CCCCCCCCCCCC(=O)N1CCN(C(=O)c2cc(Cc3n[nH]c(=O)c4ccccc34)ccc2F)CC1)NCCNc1cccc2c1C(=O)N(C1CCC(=O)NC1=O)C2=O
2092,O=C(CCCCCCCCCCCCC(=O)N1CCN(C(=O)c2cc(Cc3n[nH]c(=O)c4ccccc34)ccc2F)CC1)NCCNc1cccc2c1C(=O)N(C1CCC(=O)NC1=O)C2=O
2093,O=C(CCCCCCCCCCC(=O)N1CCN(C(=O)c2cc(Cc3n[nH]c(=O)c4ccccc34)ccc2F)CC1)NCCCCNc1cccc2c1C(=O)N(C1CCC(=O)NC1=O)C2=O
2094,O=C(CCCCCCCCCCC(=O)N1CCN(C(=O)c2cc(Cc3n[nH]c(=O)c4ccccc34)ccc2F)CC1)NCCCCCCNc1cccc2c1C(=O)N(C1CCC(=O)NC1=O)C2=O
2095,O=C(CCCCCCCCCCC(=O)N1CCN(C(=O)c2cc(Cc3n[nH]c(=O)c4ccccc34)ccc2F)CC1)NCCOCCNc1cccc2c1C(=O)N(C1CCC(=O)NC1=O)C2=O
2096,O=C(CCCCCCCCCCC(=O)N1CCN(C(=O)c2cc(Cc3n[nH]c(=O)c4ccccc34)ccc2F)CC1)NCCOCCOCCNc1cccc2c1C(=O)N(C1CCC(=O)NC1=O)C2=O
2097,O=C(CCCCCCCCCCC(=O)N1CCN(C(=O)c2cc(Cc3n[nH]c(=O)c4ccccc34)ccc2F)CC1)NCCCOCCOCCOCCCNc1cccc2c1C(=O)N(C1CCC(=O)NC1=O)C2=O
2098,O=C(CCCCCCCCCCC(=O)N1CCN(C(=O)c2cc(Cc3n[nH]c(=O)c4ccccc34)ccc2F)CC1)NCCNc1ccc2c(c1)C(=O)N(C1CCC(=O)NC1=O)C2=O
2099,O=C(CCCCCCCCCCC(=O)N1CCN(C(=O)c2cc(Cc3n[nH]c(=O)c4ccccc34)ccc2F)CC1)NCCNc1cccc2c1CN(C1CCC(=O)NC1=O)C2=O
2100,Cc1ncsc1-c1ccc(CNC(=O)[C@@H]2C[C@@H](O)CN2C(=O)[C@@H](NC(=O)CCCCCCCCCCC(=O)N2CCN(C(=O)c3cc(Cc4n[nH]c(=O)c5ccccc45)ccc3F)CC2)C(C)(C)C)cc1
2101,Cc1ncsc1-c1ccc(CNC(=O)[C@@H]2C[C@@H](O)CN2C(=O)[C@@H](NC(=O)CNC(=O)CCCCCCCCCCC(=O)N2CCN(C(=O)c3cc(Cc4n[nH]c(=O)c5ccccc45)ccc3F)CC2)C(C)(C)C)cc1
2102,Cc1ncsc1-c1ccc(CNC(=O)[C@@H]2C[C@@H](O)CN2C(=O)[C@@H](NC(=O)CCCNC(=O)CCCCCCCCCCC(=O)N2CCN(C(=O)c3cc(Cc4n[nH]c(=O)c5ccccc45)ccc3F)CC2)C(C)(C)C)cc1
2103,Cc1ncsc1-c1ccc(CNC(=O)[C@@H]2C[C@@H](O)CN2C(=O)[C@@H](NC(=O)CCCCCNC(=O)CCCCCCCCCCC(=O)N2CCN(C(=O)c3cc(Cc4n[nH]c(=O)c5ccccc45)ccc3F)CC2)C(C)(C)C)cc1
2104,O=C1CCC(N2C(=O)c3cccc(NCC(=O)N4CCN(c5cccc(-c6cnc7ccc(N8CCC[C@@H]8c8cccc(F)c8)nn67)n5)CC4)c3C2=O)C(=O)N1
2105,O=C1CCC(N2C(=O)c3cccc(NCCC(=O)N4CCN(c5cccc(-c6cnc7ccc(N8CCC[C@@H]8c8cccc(F)c8)nn67)n5)CC4)c3C2=O)C(=O)N1
2106,O=C1CCC(N2C(=O)c3cccc(NCCCC(=O)N4CCN(c5cccc(-c6cnc7ccc(N8CCC[C@@H]8c8cccc(F)c8)nn67)n5)CC4)c3C2=O)C(=O)N1
2107,O=C1CCC(N2C(=O)c3cccc(NCCCCC(=O)N4CCN(c5cccc(-c6cnc7ccc(N8CCC[C@@H]8c8cccc(F)c8)nn67)n5)CC4)c3C2=O)C(=O)N1
2108,O=C1CCC(N2C(=O)c3cccc(NCCCCCC(=O)N4CCN(c5cccc(-c6cnc7ccc(N8CCC[C@@H]8c8cccc(F)c8)nn67)n5)CC4)c3C2=O)C(=O)N1
2109,O=C1CCC(N2C(=O)c3cccc(NCCCCCCC(=O)N4CCN(c5cccc(-c6cnc7ccc(N8CCC[C@@H]8c8cccc(F)c8)nn67)n5)CC4)c3C2=O)C(=O)N1
2110,O=C1CCC(N2C(=O)c3cccc(NCCCCCCCC(=O)N4CCN(c5cccc(-c6cnc7ccc(N8CCC[C@@H]8c8cccc(F)c8)nn67)n5)CC4)c3C2=O)C(=O)N1
2111,O=C1CCC(N2C(=O)c3cccc(NCCOCCC(=O)N4CCN(c5cccc(-c6cnc7ccc(N8CCC[C@@H]8c8cccc(F)c8)nn67)n5)CC4)c3C2=O)C(=O)N1
2112,O=C1CCC(N2C(=O)c3cccc(NCCOCCOCCC(=O)N4CCN(c5cccc(-c6cnc7ccc(N8CCC[C@@H]8c8cccc(F)c8)nn67)n5)CC4)c3C2=O)C(=O)N1
2113,O=C1CCC(N2C(=O)c3cccc(NCCOCCOCCOCCC(=O)N4CCN(c5cccc(-c6cnc7ccc(N8CCC[C@@H]8c8cccc(F)c8)nn67)n5)CC4)c3C2=O)C(=O)N1
2114,O=C1CCC(N2C(=O)c3cccc(NCCOCCOCCOCCOCCC(=O)N4CCN(c5cccc(-c6cnc7ccc(N8CCC[C@@H]8c8cccc(F)c8)nn67)n5)CC4)c3C2=O)C(=O)N1
2115,Cc1ncsc1-c1ccc(CNC(=O)[C@@H]2C[C@@H](O)CN2C(=O)[C@@H](NC(=O)COCCOCCOCCOCC(=O)N2CCN([C@H]3CC[C@@H](Nc4ncnn5ccc(C(C)C)c45)CC3)CC2)C(C)(C)C)cc1
2116,Cc1ncsc1-c1ccc(CNC(=O)[C@@H]2C[C@@H](O)CN2C(=O)[C@@H](NC(=O)COCCOCCOCCOCCOCC(=O)N2CCN([C@H]3CC[C@@H](Nc4ncnn5ccc(C(C)C)c45)CC3)CC2)C(C)(C)C)cc1
2117,Cc1ncsc1-c1ccc(CNC(=O)[C@@H]2C[C@@H](O)CN2C(=O)[C@@H](NC(=O)COCCOCCOCCOCCOCCOCC(=O)N2CCN([C@H]3CC[C@@H](Nc4ncnn5ccc(C(C)C)c45)CC3)CC2)C(C)(C)C)cc1
2118,CC(C)c1ccn2ncnc(N[C@H]3CC[C@@H](N4CCN(C(=O)CCOCCOCCOCCNc5cccc6c5C(=O)N(C5CCC(=O)NC5=O)C6=O)CC4)CC3)c12
2119,CC(C)c1ccn2ncnc(N[C@H]3CC[C@@H](N4CCN(C(=O)CCOCCOCCOCCOCCNc5cccc6c5C(=O)N(C5CCC(=O)NC5=O)C6=O)CC4)CC3)c12
2120,CC(C)c1ccn2ncnc(N[C@H]3CC[C@@H](N4CCN(C(=O)CCOCCOCCOCCOCCOCCNc5cccc6c5C(=O)N(C5CCC(=O)NC5=O)C6=O)CC4)CC3)c12
2121,Cc1ncsc1-c1ccc(CNC(=O)[C@@H]2C[C@@H](O)CN2C(=O)[C@@H](NC(=O)COCCOCCNC(=O)CCC(=O)N2CCN([C@H]3CC[C@@H](Nc4ncnn5ccc(C(C)C)c45)CC3)CC2)C(C)(C)C)cc1
2122,Cc1ncsc1-c1ccc(CNC(=O)[C@@H]2C[C@@H](O)CN2C(=O)[C@@H](NC(=O)COCCOCCOCCNC(=O)CCC(=O)N2CCN([C@H]3CC[C@@H](Nc4ncnn5ccc(C(C)C)c45)CC3)CC2)C(C)(C)C)cc1
2123,Cc1ncsc1-c1ccc(CNC(=O)[C@@H]2C[C@@H](O)CN2C(=O)[C@@H](NC(=O)COCCOCCOCCOCCNC(=O)CCC(=O)N2CCN([C@H]3CC[C@@H](Nc4ncnn5ccc(C(C)C)c45)CC3)CC2)C(C)(C)C)cc1
2124,Cc1ncsc1-c1ccc(CNC(=O)[C@@H]2C[C@@H](O)CN2C(=O)[C@@H](NC(=O)CCCNC(=O)CCC(=O)N2CCN([C@H]3CC[C@@H](Nc4ncnn5ccc(C(C)C)c45)CC3)CC2)C(C)(C)C)cc1
2125,Cc1ncsc1-c1ccc(CNC(=O)[C@@H]2C[C@@H](O)CN2C(=O)[C@@H](NC(=O)CCCCCCNC(=O)CCC(=O)N2CCN([C@H]3CC[C@@H](Nc4ncnn5ccc(C(C)C)c45)CC3)CC2)C(C)(C)C)cc1
2126,CC(C)c1ccn2ncnc(N[C@H]3CC[C@@H](N4CCN(C(=O)CCC(=O)NCCOCCOCCNc5cccc6c5C(=O)N(C5CCC(=O)NC5=O)C6=O)CC4)CC3)c12
2127,CC(C)c1ccn2ncnc(N[C@H]3CC[C@@H](N4CCN(C(=O)CCC(=O)NCCOCCOCCOCCNc5cccc6c5C(=O)N(C5CCC(=O)NC5=O)C6=O)CC4)CC3)c12
2128,CC(C)c1ccn2ncnc(N[C@H]3CC[C@@H](N4CCN(C(=O)CCC(=O)NCCOCCOCCOCCOCCNc5cccc6c5C(=O)N(C5CCC(=O)NC5=O)C6=O)CC4)CC3)c12
2129,CC(C)c1ccn2ncnc(N[C@H]3CC[C@@H](N4CCN(C(=O)CCC(=O)NCCCCNc5cccc6c5C(=O)N(C5CCC(=O)NC5=O)C6=O)CC4)CC3)c12
2130,CC(C)c1ccn2ncnc(N[C@H]3CC[C@@H](N4CCN(C(=O)CCC(=O)NCCCCCCNc5cccc6c5C(=O)N(C5CCC(=O)NC5=O)C6=O)CC4)CC3)c12
2131,CC(C)c1ccn2ncnc(N[C@H]3CC[C@@H](N4CCN(C(=O)CCC(=O)N5CCC(CN6CCN(c7ccc8c(c7)C(=O)N(C7CCC(=O)NC7=O)C8=O)CC6)CC5)CC4)CC3)c12
2132,CC(C)c1ccn2ncnc(N[C@H]3CC[C@@H](N4CCN(C(=O)CCC(=O)N5CCC(CCN6CCN(c7ccc8c(c7)C(=O)N(C7CCC(=O)NC7=O)C8=O)CC6)CC5)CC4)CC3)c12
2133,Cc1ncsc1-c1ccc(CNC(=O)[C@@H]2C[C@@H](O)CN2C(=O)[C@@H](NC(=O)CNCCCONC(=O)c2ccc(F)c(F)c2Nc2ccc(I)cc2F)C(C)(C)C)cc1
2134,Cc1ncsc1-c1ccc(CNC(=O)[C@@H]2C[C@@H](O)CN2C(=O)[C@@H](NC(=O)CCNCCCONC(=O)c2ccc(F)c(F)c2Nc2ccc(I)cc2F)C(C)(C)C)cc1
2135,Cc1ncsc1-c1ccc(CNC(=O)[C@@H]2C[C@@H](O)CN2C(=O)[C@@H](NC(=O)CCCNCCCONC(=O)c2ccc(F)c(F)c2Nc2ccc(I)cc2F)C(C)(C)C)cc1
2136,Cc1ncsc1-c1ccc(CNC(=O)[C@@H]2C[C@@H](O)CN2C(=O)[C@@H](NC(=O)CCCCNCCCONC(=O)c2ccc(F)c(F)c2Nc2ccc(I)cc2F)C(C)(C)C)cc1
2137,Cc1ncsc1-c1ccc(CNC(=O)[C@@H]2C[C@@H](O)CN2C(=O)[C@@H](NC(=O)CCCCCNCCCONC(=O)c2ccc(F)c(F)c2Nc2ccc(I)cc2F)C(C)(C)C)cc1
2138,Cc1ncsc1-c1ccc(CNC(=O)[C@@H]2C[C@@H](O)CN2C(=O)[C@@H](NC(=O)CCCCCCCNCCCONC(=O)c2ccc(F)c(F)c2Nc2ccc(I)cc2F)C(C)(C)C)cc1
2139,Cc1ncsc1-c1ccc(CNC(=O)[C@@H]2C[C@@H](O)CN2C(=O)[C@@H](NC(=O)CCCCCCCCNCCCONC(=O)c2ccc(F)c(F)c2Nc2ccc(I)cc2F)C(C)(C)C)cc1
2140,Cc1ncsc1-c1ccc(CNC(=O)[C@@H]2C[C@@H](O)CN2C(=O)[C@@H](NC(=O)CCCCCCCCCNCCCONC(=O)c2ccc(F)c(F)c2Nc2ccc(I)cc2F)C(C)(C)C)cc1
2141,Cc1ncsc1-c1ccc(CNC(=O)[C@@H]2C[C@@H](O)CN2C(=O)[C@@H](NC(=O)COCCNCCCONC(=O)c2ccc(F)c(F)c2Nc2ccc(I)cc2F)C(C)(C)C)cc1
2142,Cc1ncsc1-c1ccc(CNC(=O)[C@@H]2C[C@@H](O)CN2C(=O)[C@@H](NC(=O)CCOCCNCCCONC(=O)c2ccc(F)c(F)c2Nc2ccc(I)cc2F)C(C)(C)C)cc1
2143,Cc1ncsc1-c1ccc(CNC(=O)[C@@H]2C[C@@H](O)CN2C(=O)[C@@H](NC(=O)COCCOCCNCCCONC(=O)c2ccc(F)c(F)c2Nc2ccc(I)cc2F)C(C)(C)C)cc1
2144,Cc1ncsc1-c1ccc(CNC(=O)[C@@H]2C[C@@H](O)CN2C(=O)[C@@H](NC(=O)CCOCCOCCNCCCONC(=O)c2ccc(F)c(F)c2Nc2ccc(I)cc2F)C(C)(C)C)cc1
2145,Cc1ncsc1-c1ccc(CNC(=O)[C@@H]2C[C@@H](O)CN2C(=O)[C@@H](NC(=O)CCOCCOCCOCCNCCCONC(=O)c2ccc(F)c(F)c2Nc2ccc(I)cc2F)C(C)(C)C)cc1
2146,Cc1ncsc1-c1ccc(CNC(=O)[C@@H]2C[C@@H](O)CN2C(=O)[C@@H](NC(=O)CCOCCOCCOCCOCCNCCCONC(=O)c2ccc(F)c(F)c2Nc2ccc(I)cc2F)C(C)(C)C)cc1
2147,Cc1ncsc1-c1ccc([C@H](C)NC(=O)[C@@H]2C[C@@H](O)CN2C(=O)[C@@H](NC(=O)CCCCCCCCCNCCCONC(=O)c2ccc(F)c(F)c2Nc2ccc(I)cc2F)C(C)(C)C)cc1
2148,Cc1ncsc1-c1ccc([C@H](C)NC(=O)[C@@H]2C[C@@H](O)CN2C(=O)[C@@H](NC(=O)CCCCCCCCCCCNCCCONC(=O)c2ccc(F)c(F)c2Nc2ccc(I)cc2F)C(C)(C)C)cc1
2149,Cc1ncsc1-c1ccc([C@H](C)NC(=O)[C@@H]2C[C@@H](O)CN2C(=O)[C@@H](NC(=O)CCCCCCCCCCN(C)CCCONC(=O)c2ccc(F)c(F)c2Nc2ccc(I)cc2F)C(C)(C)C)cc1
2150,Cc1ncsc1-c1ccc([C@H](C)NC(=O)[C@@H]2C[C@@H](O)CN2C(=O)[C@@H](NC(=O)CCCCCCCCCNCCCCONC(=O)c2ccc(F)c(F)c2Nc2ccc(I)cc2F)C(C)(C)C)cc1
2151,Cc1ncsc1-c1ccc([C@H](C)NC(=O)[C@@H]2C[C@@H](O)CN2C(=O)[C@@H](NC(=O)CCCCCCCCCCNCCCCONC(=O)c2ccc(F)c(F)c2Nc2ccc(I)cc2F)C(C)(C)C)cc1
2152,Cc1ncsc1-c1ccc([C@H](C)NC(=O)[C@@H]2C[C@@H](O)CN2C(=O)[C@@H](NC(=O)CCCCCCCCCCCNCCCCONC(=O)c2ccc(F)c(F)c2Nc2ccc(I)cc2F)C(C)(C)C)cc1
2153,O=C1CCC(N2C(=O)c3cccc(NCCCNCCCONC(=O)c4ccc(F)c(F)c4Nc4ccc(I)cc4F)c3C2=O)C(=O)N1
2154,O=C1CCC(N2C(=O)c3cccc(NCCCCNCCCONC(=O)c4ccc(F)c(F)c4Nc4ccc(I)cc4F)c3C2=O)C(=O)N1
2155,O=C1CCC(N2C(=O)c3cccc(NCCCCCNCCCONC(=O)c4ccc(F)c(F)c4Nc4ccc(I)cc4F)c3C2=O)C(=O)N1
2156,O=C1CCC(N2C(=O)c3cccc(NCCCCCCNCCCONC(=O)c4ccc(F)c(F)c4Nc4ccc(I)cc4F)c3C2=O)C(=O)N1
2157,O=C1CCC(N2C(=O)c3cccc(NCCCCCCCNCCCONC(=O)c4ccc(F)c(F)c4Nc4ccc(I)cc4F)c3C2=O)C(=O)N1
2158,O=C1CCC(N2C(=O)c3cccc(NCCCCCCCCNCCCONC(=O)c4ccc(F)c(F)c4Nc4ccc(I)cc4F)c3C2=O)C(=O)N1
2159,O=C1CCC(N2C(=O)c3cccc(NCCOCCOCCNCCCONC(=O)c4ccc(F)c(F)c4Nc4ccc(I)cc4F)c3C2=O)C(=O)N1
2160,O=C1CCC(N2C(=O)c3cccc(NCCOCCOCCOCCNCCCONC(=O)c4ccc(F)c(F)c4Nc4ccc(I)cc4F)c3C2=O)C(=O)N1
2161,O=C1CCC(N2C(=O)c3cccc(NCCOCCOCCOCCOCCNCCCONC(=O)c4ccc(F)c(F)c4Nc4ccc(I)cc4F)c3C2=O)C(=O)N1
2162,O=C1CCC(N2C(=O)c3cccc(NCCOCCOCCOCCOCCOCCNCCCONC(=O)c4ccc(F)c(F)c4Nc4ccc(I)cc4F)c3C2=O)C(=O)N1
2163,O=C1CCC(N2C(=O)c3ccc(NCCCNCCCONC(=O)c4ccc(F)c(F)c4Nc4ccc(I)cc4F)cc3C2=O)C(=O)N1
2164,O=C1CCC(N2C(=O)c3ccc(NCCCCNCCCONC(=O)c4ccc(F)c(F)c4Nc4ccc(I)cc4F)cc3C2=O)C(=O)N1
2165,O=C1CCC(N2C(=O)c3ccc(NCCCCCNCCCONC(=O)c4ccc(F)c(F)c4Nc4ccc(I)cc4F)cc3C2=O)C(=O)N1
2166,O=C1CCC(N2C(=O)c3ccc(NCCCCCCNCCCONC(=O)c4ccc(F)c(F)c4Nc4ccc(I)cc4F)cc3C2=O)C(=O)N1
2167,O=C1CCC(N2C(=O)c3ccc(NCCCCCCCNCCCONC(=O)c4ccc(F)c(F)c4Nc4ccc(I)cc4F)cc3C2=O)C(=O)N1
2168,O=C1CCC(N2C(=O)c3ccc(NCCCCCCCCNCCCONC(=O)c4ccc(F)c(F)c4Nc4ccc(I)cc4F)cc3C2=O)C(=O)N1
2169,O=C1CCC(N2C(=O)c3ccc(NCCOCCNCCCONC(=O)c4ccc(F)c(F)c4Nc4ccc(I)cc4F)cc3C2=O)C(=O)N1
2170,O=C1CCC(N2C(=O)c3ccc(NCCOCCOCCNCCCONC(=O)c4ccc(F)c(F)c4Nc4ccc(I)cc4F)cc3C2=O)C(=O)N1
2171,O=C1CCC(N2C(=O)c3ccc(NCCOCCOCCOCCNCCCONC(=O)c4ccc(F)c(F)c4Nc4ccc(I)cc4F)cc3C2=O)C(=O)N1
2172,O=C1CCC(N2C(=O)c3ccc(NCCOCCOCCOCCOCCNCCCONC(=O)c4ccc(F)c(F)c4Nc4ccc(I)cc4F)cc3C2=O)C(=O)N1
2173,O=C1CCC(N2C(=O)c3ccc(NCCOCCOCCOCCOCCOCCNCCCONC(=O)c4ccc(F)c(F)c4Nc4ccc(I)cc4F)cc3C2=O)C(=O)N1
2174,CC[C@H](C)n1cc(C)c2c(C(=O)NCc3c(C)cc(C)[nH]c3=O)cc(-c3ccc(N4CCN(CCCCOc5cccc6c5C(=O)N(C5CCC(=O)NC5=O)C6=O)CC4)nc3)cc21
2175,CC[C@H](C)n1cc(C)c2c(C(=O)NCc3c(C)cc(C)[nH]c3=O)cc(-c3ccc(N4CCN(CCCCCOc5cccc6c5C(=O)N(C5CCC(=O)NC5=O)C6=O)CC4)nc3)cc21
2176,CC[C@H](C)n1cc(C)c2c(C(=O)NCc3c(C)cc(C)[nH]c3=O)cc(-c3ccc(N4CCN(CCCCCCOc5cccc6c5C(=O)N(C5CCC(=O)NC5=O)C6=O)CC4)nc3)cc21
2177,CC[C@H](C)n1cc(C)c2c(C(=O)NCc3c(C)cc(C)[nH]c3=O)cc(-c3ccc(N4CCN(CCCCCCCOc5cccc6c5C(=O)N(C5CCC(=O)NC5=O)C6=O)CC4)nc3)cc21
2178,CC[C@H](C)n1cc(C)c2c(C(=O)NCc3c(C)cc(C)[nH]c3=O)cc(-c3ccc(N4CCN(CCCCCCCCOc5cccc6c5C(=O)N(C5CCC(=O)NC5=O)C6=O)CC4)nc3)cc21
2179,CC[C@H](C)n1cc(C)c2c(C(=O)NCc3c(C)cc(C)[nH]c3=O)cc(-c3ccc(N4CCN(CCCCCCCCCOc5cccc6c5C(=O)N(C5CCC(=O)NC5=O)C6=O)CC4)nc3)cc21
2180,CC[C@H](C)n1cc(C)c2c(C(=O)NCc3c(C)cc(C)[nH]c3=O)cc(-c3ccc(N4CCN(CCCCCCCCCCOc5cccc6c5C(=O)N(C5CCC(=O)NC5=O)C6=O)CC4)nc3)cc21
2181,CC[C@H](C)n1cc(C)c2c(C(=O)NCc3c(C)cc(C)[nH]c3=O)cc(-c3ccc(N4CCN(CCCCCCCCCCCOc5cccc6c5C(=O)N(C5CCC(=O)NC5=O)C6=O)CC4)nc3)cc21
2182,CC[C@H](C)n1cc(C)c2c(C(=O)NCc3c(C)cc(C)[nH]c3=O)cc(-c3ccc(N4CCN(CCCCCCCCCCCCOc5cccc6c5C(=O)N(C5CCC(=O)NC5=O)C6=O)CC4)nc3)cc21
2183,CCN(c1cc(-c2ccc(CN3CCN(CCCCOc4cccc5c4C(=O)N(C4CCC(=O)NC4=O)C5=O)CC3)cc2)cc(C(=O)NCc2c(C)cc(C)[nH]c2=O)c1C)C1CCOCC1
2184,CCN(c1cc(-c2ccc(CN3CCN(CCCCCOc4cccc5c4C(=O)N(C4CCC(=O)NC4=O)C5=O)CC3)cc2)cc(C(=O)NCc2c(C)cc(C)[nH]c2=O)c1C)C1CCOCC1
2185,CCN(c1cc(-c2ccc(CN3CCN(CCCCCCOc4cccc5c4C(=O)N(C4CCC(=O)NC4=O)C5=O)CC3)cc2)cc(C(=O)NCc2c(C)cc(C)[nH]c2=O)c1C)C1CCOCC1
2186,CCN(c1cc(-c2ccc(CN3CCN(CCCCCCCOc4cccc5c4C(=O)N(C4CCC(=O)NC4=O)C5=O)CC3)cc2)cc(C(=O)NCc2c(C)cc(C)[nH]c2=O)c1C)C1CCOCC1
2187,CCN(c1cc(-c2ccc(CN3CCN(CCCCCCCCOc4cccc5c4C(=O)N(C4CCC(=O)NC4=O)C5=O)CC3)cc2)cc(C(=O)NCc2c(C)cc(C)[nH]c2=O)c1C)C1CCOCC1
2188,CCN(c1cc(-c2ccc(CN3CCN(CCCCCCCCCOc4cccc5c4C(=O)N(C4CCC(=O)NC4=O)C5=O)CC3)cc2)cc(C(=O)NCc2c(C)cc(C)[nH]c2=O)c1C)C1CCOCC1
2189,CCN(c1cc(-c2ccc(CN3CCN(CCCCCCCCCCOc4cccc5c4C(=O)N(C4CCC(=O)NC4=O)C5=O)CC3)cc2)cc(C(=O)NCc2c(C)cc(C)[nH]c2=O)c1C)C1CCOCC1
2190,CCN(c1cc(-c2ccc(CN3CCN(CCCCCCCCCCCOc4cccc5c4C(=O)N(C4CCC(=O)NC4=O)C5=O)CC3)cc2)cc(C(=O)NCc2c(C)cc(C)[nH]c2=O)c1C)C1CCOCC1
2191,CCN(c1cc(-c2ccc(CN3CCN(CCCCCCCCCCCCOc4cccc5c4C(=O)N(C4CCC(=O)NC4=O)C5=O)CC3)cc2)cc(C(=O)NCc2c(C)cc(C)[nH]c2=O)c1C)C1CCOCC1
2192,Cc1ncsc1-c1ccc(CNC(=O)[C@@H]2C[C@@H](O)CN2C(=O)[C@@H](NC(=O)COCC(=O)N2CC(Nc3cc(C(=O)NC[C@H](O)CN4CCc5ccccc5C4)ncn3)C2)C(C)(C)C)cc1
2193,Cc1ncsc1-c1ccc(CNC(=O)[C@@H]2C[C@@H](O)CN2C(=O)[C@@H](NC(=O)CCOCCOCCC(=O)N2CC(Nc3cc(C(=O)NC[C@H](O)CN4CCc5ccccc5C4)ncn3)C2)C(C)(C)C)cc1
2194,Cc1ncsc1-c1ccc(CNC(=O)[C@@H]2C[C@@H](O)CN2C(=O)[C@@H](NC(=O)CCOCCOCCOCCC(=O)N2CC(Nc3cc(C(=O)NC[C@H](O)CN4CCc5ccccc5C4)ncn3)C2)C(C)(C)C)cc1
2195,Cc1ncsc1-c1ccc(CNC(=O)[C@@H]2C[C@@H](O)CN2C(=O)[C@@H](NC(=O)CCCCCCCCCC(=O)N2CC(Nc3cc(C(=O)NC[C@H](O)CN4CCc5ccccc5C4)ncn3)C2)C(C)(C)C)cc1
2196,Cc1ncsc1-c1ccc(CNC(=O)[C@@H]2C[C@@H](O)CN2C(=O)[C@@H](NC(=O)COCCOCCOCCOCCOCC(=O)N2CC(Nc3cc(C(=O)NC[C@H](O)CN4CCc5ccccc5C4)ncn3)C2)C(C)(C)C)cc1
2197,Cc1ncsc1-c1ccc([C@H](C)NC(=O)[C@@H]2C[C@@H](O)CN2C(=O)[C@@H](NC(=O)COCCOCCOCCOCCOCC(=O)N2CC(Nc3cc(C(=O)NC[C@H](O)CN4CCc5ccccc5C4)ncn3)C2)C(C)(C)C)cc1
2198,Cc1ncsc1-c1ccc(CNC(=O)[C@@H]2C[C@@H](O)CN2C(=O)[C@@H](NC(=O)COCCOCCOCCNC(=O)c2cc3c(cc2CS(C)(=O)=O)-c2cn(C)c(=O)c4[nH]cc(c24)CN3c2ncc(F)cc2F)C(C)(C)C)cc1
2199,Cc1ncsc1-c1ccc(CNC(=O)[C@@H]2C[C@@H](O)CN2C(=O)[C@@H](NC(=O)CCCCCCCCCCNC(=O)c2cc3c(cc2CS(C)(=O)=O)-c2cn(C)c(=O)c4[nH]cc(c24)CN3c2ncc(F)cc2F)C(C)(C)C)cc1
2200,Cc1ncsc1-c1ccc(CNC(=O)[C@@H]2C[C@@H](O)CN2C(=O)[C@@H](NC(=O)COCCOCCOCCNC(=O)c2cc3c(cc2CS(C)(=O)=O)-c2cn(C)c(=O)c4[nH]cc(c24)CN3c2ncc(F)cc2F)C(C)(C)C)c(OC2CCNCC2)c1
2201,Cc1ncsc1-c1ccc(CNC(=O)[C@@H]2C[C@@H](O)CN2C(=O)[C@@H](NC(=O)CCCCCCCCCCNC(=O)c2cc3c(cc2CS(C)(=O)=O)-c2cn(C)c(=O)c4[nH]cc(c24)CN3c2ncc(F)cc2F)C(C)(C)C)c(OC2CCNCC2)c1
2202,Cc1ncsc1-c1ccc(CNC(=O)[C@@H]2C[C@@H](O)CN2C(=O)[C@@H](NC(=O)COCCc2cc(N)cc(OCCNC(=O)c3cc4c(cc3CS(C)(=O)=O)-c3cn(C)c(=O)c5[nH]cc(c35)CN4c3ncc(F)cc3F)c2)C(C)(C)C)cc1
2203,Cc1ncsc1-c1ccc(CNC(=O)[C@@H]2C[C@@H](O)CN2C(=O)[C@@H](NC(=O)COCCc2cc(O)cc(OCCNC(=O)c3cc4c(cc3CS(C)(=O)=O)-c3cn(C)c(=O)c5[nH]cc(c35)CN4c3ncc(F)cc3F)c2)C(C)(C)C)cc1
2204,Cc1ncsc1-c1ccc(CNC(=O)[C@@H]2C[C@@H](O)CN2C(=O)[C@@H](NC(=O)COCCOCCOCCNC(=O)C[C@@H]2N=C(c3ccc(N)cc3)c3c(sc(C)c3C)-n3c(C)nnc32)C(C)(C)C)cc1
2205,Cc1ncsc1-c1ccc(CNC(=O)[C@@H]2C[C@@H](O)CN2C(=O)[C@@H](NC(=O)COCCOCCOCCNC(=O)C[C@@H]2N=C(c3ccc(C#CCN)cc3)c3c(sc(C)c3C)-n3c(C)nnc32)C(C)(C)C)cc1
2206,CNCCOc1cc(-c2scnc2C)ccc1CNC(=O)[C@@H]1C[C@@H](O)CN1C(=O)[C@@H](NC(=O)COCCOCCOCCNC(=O)C[C@@H]1N=C(c2ccc(Cl)cc2)c2c(sc(C)c2C)-n2c(C)nnc21)C(C)(C)C
2207,Cc1ncsc1-c1ccc(CNC(=O)[C@@H]2C[C@@H](O)CN2C(=O)[C@@H](NC(=O)COCCOCCOCCNC(=O)C[C@@H]2N=C(c3ccc(Cl)cc3)c3c(sc(C)c3C)-n3c(C)nnc32)C(C)(C)C)c(OC2CCNCC2)c1
2208,Cc1ncsc1-c1ccc(CNC(=O)[C@@H]2C[C@@H](O)CN2C(=O)[C@@H](NC(=O)COCCc2cc(N)cc(OCCNC(=O)C[C@@H]3N=C(c4ccc(Cl)cc4)c4c(sc(C)c4C)-n4c(C)nnc43)c2)C(C)(C)C)cc1
2209,Cc1ncsc1-c1ccc(CNC(=O)[C@@H]2C[C@@H](O)CN2C(=O)[C@@H](NC(=O)COC[C@@H]2CNC[C@H](COCCNC(=O)C[C@@H]3N=C(c4ccc(Cl)cc4)c4c(sc(C)c4C)-n4c(C)nnc43)C2)C(C)(C)C)cc1
2210,Cc1ncsc1-c1ccc(CNC(=O)[C@@H]2C[C@@H](O)CN2C(=O)[C@@H](NC(=O)CCc2cc(N)cc(CCOCCOCC#Cc3ccc(C4=N[C@@H](Cc5nccs5)c5nnc(C)n5-c5sc(C)c(C)c54)cc3)c2)C(C)(C)C)cc1
2211,Cc1ncsc1-c1ccc(CNC(=O)[C@@H]2C[C@@H](O)CN2C(=O)[C@@H](NC(=O)CCc2cc(N)cc(CCOCCOCC#Cc3ccc(C4=N[C@@H](CC(=O)NCCS(=O)(=O)O)c5nnc(C)n5-c5sc(C)c(C)c54)cc3)c2)C(C)(C)C)cc1
2212,Cc1ncsc1-c1ccc(CNC(=O)[C@@H]2C[C@@H](O)CN2C(=O)[C@@H](NC(=O)COCC#CC#CCNC(=O)C[C@@H]2N=C(c3ccc(Cl)cc3)c3c(sc(C)c3C)-n3c(C)nnc32)C(C)(C)C)cc1
2213,CCOc1cc2nc(CCC(C)(C)C(=O)NCCNc3cccc4c3C(=O)N(C3CCC(=O)NC3=O)C4=O)n(C)c2cc1NC(=O)c1cccc(C(F)(F)F)n1
2214,CCOc1cc2nc(CCC(C)(C)C(=O)NCCCNc3cccc4c3C(=O)N(C3CCC(=O)NC3=O)C4=O)n(C)c2cc1NC(=O)c1cccc(C(F)(F)F)n1
2215,CCOc1cc2nc(CCC(C)(C)C(=O)NCCCCNc3cccc4c3C(=O)N(C3CCC(=O)NC3=O)C4=O)n(C)c2cc1NC(=O)c1cccc(C(F)(F)F)n1
2216,CCOc1cc2nc(CCC(C)(C)C(=O)NCCCCCNc3cccc4c3C(=O)N(C3CCC(=O)NC3=O)C4=O)n(C)c2cc1NC(=O)c1cccc(C(F)(F)F)n1
2217,CCOc1cc2nc(CCC(C)(C)C(=O)NCCCCCCNc3cccc4c3C(=O)N(C3CCC(=O)NC3=O)C4=O)n(C)c2cc1NC(=O)c1cccc(C(F)(F)F)n1
2218,CCOc1cc2nc(CCC(C)(C)C(=O)NCCCCCCCNc3cccc4c3C(=O)N(C3CCC(=O)NC3=O)C4=O)n(C)c2cc1NC(=O)c1cccc(C(F)(F)F)n1
2219,CCOc1cc2nc(CCC(C)(C)C(=O)NCCOCCNc3cccc4c3C(=O)N(C3CCC(=O)NC3=O)C4=O)n(C)c2cc1NC(=O)c1cccc(C(F)(F)F)n1
2220,CCOc1cc2nc(CCC(C)(C)C(=O)NCCOCCOCCNc3cccc4c3C(=O)N(C3CCC(=O)NC3=O)C4=O)n(C)c2cc1NC(=O)c1cccc(C(F)(F)F)n1
2221,CCCCCCCCCCCCCC(=S)NCCCC[C@H](NC(=O)CCOCCOCNc1cccc2c1C(=O)N(C1CCC(=O)NC1=O)C2=O)C(=O)Nc1ccccc1
2222,CCCCCCCCCCCCCC(=S)NCCCC[C@H](NC(=O)CCOCCOCCOCCOCNc1cccc2c1C(=O)N(C1CCC(=O)NC1=O)C2=O)C(=O)Nc1ccccc1
2223,O=C1CCC(N2C(=O)c3cccc(NCCOCCOCCOCCOCCOCCC(=O)N4CCN(C(=O)C5CCN(c6ccc(NC(=O)c7cnc(Oc8ccccc8)nc7)cc6)CC5)CC4)c3C2=O)C(=O)N1
2224,CN[C@@H](C)C(=O)N[C@H](C(=O)N1CCC[C@H]1c1nc(C(=O)c2cccc(OCCOCCOCC(=O)N3CCN(C(=O)C4CCN(c5ccc(NC(=O)c6cnc(Oc7ccccc7)nc6)cc5)CC4)CC3)c2)cs1)C1CCCCC1
2225,O=C1CCC(N2Cc3c(NC(=O)COCCOCCNCCNc4nonc4/C(=N\O)Nc4ccc(F)c(Br)c4)cccc3C2=O)C(=O)N1
2226,O=C1CCC(N2Cc3c(NC(=O)COCCOCCOCCNCCNc4nonc4/C(=N\O)Nc4ccc(F)c(Br)c4)cccc3C2=O)C(=O)N1
2227,O=C1CCC(N2Cc3c(NC(=O)COCCOCCOCCOCCNCCNc4nonc4/C(=N\O)Nc4ccc(F)c(Br)c4)cccc3C2=O)C(=O)N1
2228,O=C1CCC(N2C(=O)c3cccc(NCCOCCOCCOCCNCCNc4nonc4/C(=N\O)Nc4ccc(F)c(Br)c4)c3C2=O)C(=O)N1
2229,O=C1CCC(N2C(=O)c3cccc(NCCOCCOCCOCCOCCOCCNCCNc4nonc4/C(=N\O)Nc4ccc(F)c(Br)c4)c3C2=O)C(=O)N1
2230,O=C1CCC(N2C(=O)c3cccc(NCCOCCOCCOCCOCCOCCOCCOCCNCCNc4nonc4/C(=N\O)Nc4ccc(F)c(Br)c4)c3C2=O)C(=O)N1
2231,O=C1CCC(N2C(=O)c3cccc(NCCOCCOCCOCCOCCOCCOCCOCCOCCOCCNCCNc4nonc4/C(=N\O)Nc4ccc(F)c(Br)c4)c3C2=O)C(=O)N1
2232,CC1(NCc2cn(CCOCCOCCNc3cccc4c3C(=O)N(C3CCC(=O)NC3=O)C4=O)nn2)CCN(c2cnc(-c3cccc(Cl)c3Cl)c(N)n2)CC1
2233,CC1(NCc2cn(CCOCCOCCOCCNc3cccc4c3C(=O)N(C3CCC(=O)NC3=O)C4=O)nn2)CCN(c2cnc(-c3cccc(Cl)c3Cl)c(N)n2)CC1
2234,CC1(NCc2cn(CCOCCOCCOCCOCCNc3cccc4c3C(=O)N(C3CCC(=O)NC3=O)C4=O)nn2)CCN(c2cnc(-c3cccc(Cl)c3Cl)c(N)n2)CC1
2235,CC1(NCc2cn(CCOCCOCCOCCOCCOCCNc3cccc4c3C(=O)N(C3CCC(=O)NC3=O)C4=O)nn2)CCN(c2cnc(-c3cccc(Cl)c3Cl)c(N)n2)CC1
2236,COc1cc2nc(N3CCN(C(=O)c4cn(CCOCC(=O)Nc5cccc6c5C(=O)N(C5CCC(=O)NC5=O)C6=O)nn4)CC3)nc(N)c2cc1OC
2237,COc1cc2nc(N3CCN(C(=O)c4cn(CCOCCOCC(=O)Nc5cccc6c5C(=O)N(C5CCC(=O)NC5=O)C6=O)nn4)CC3)nc(N)c2cc1OC
2238,COc1cc2nc(N3CCN(C(=O)c4cn(CCOCCOCCOCC(=O)Nc5cccc6c5C(=O)N(C5CCC(=O)NC5=O)C6=O)nn4)CC3)nc(N)c2cc1OC
2239,O=C(CCCCCCNC(=O)c1ccc(NC(=O)COCCOCCNC(=O)COc2cccc3c2C(=O)N(C2CCC(=O)NC2=O)C3=O)cc1)NO
2240,COC(=O)C1=CC[C@@]23CC[C@H]([C@@](C)(/C=C/C=C(\C)C(=O)Oc4cccc5c4C(=O)N(C4CCC(=O)NC4=O)C5=O)OC2=O)[C@@]3(OC(C)=O)CC1
2241,COC(=O)C1=CC[C@@]23CC[C@H]([C@@](C)(/C=C/C=C(\C)C(=O)OCOc4cccc5c4C(=O)N(C4CCC(=O)NC4=O)C5=O)OC2=O)[C@@]3(OC(C)=O)CC1
2242,COC(=O)C1=CC[C@@]23CC[C@H]([C@@](C)(/C=C/C=C(\C)C(=O)OCCOc4cccc5c4C(=O)N(C4CCC(=O)NC4=O)C5=O)OC2=O)[C@@]3(OC(C)=O)CC1
2243,COC(=O)C1=CC[C@@]23CC[C@H]([C@@](C)(/C=C/C=C(\C)C(=O)OCCCOc4cccc5c4C(=O)N(C4CCC(=O)NC4=O)C5=O)OC2=O)[C@@]3(OC(C)=O)CC1
2244,COC(=O)C1=CC[C@@]23CC[C@H]([C@@](C)(/C=C/C=C(\C)C(=O)OCCCCCOc4cccc5c4C(=O)N(C4CCC(=O)NC4=O)C5=O)OC2=O)[C@@]3(OC(C)=O)CC1
2245,COC(=O)C1=CC[C@@]23CC[C@H]([C@@](C)(/C=C/C=C(\C)C(=O)OCCCCCCCOc4cccc5c4C(=O)N(C4CCC(=O)NC4=O)C5=O)OC2=O)[C@@]3(OC(C)=O)CC1
2246,COC(=O)C1=CC[C@@]23CC[C@H]([C@@](C)(/C=C/C=C(\C)C(=O)OCCOCCOCCOc4cccc5c4C(=O)N(C4CCC(=O)NC4=O)C5=O)OC2=O)[C@@]3(OC(C)=O)CC1
2247,COC(=O)C1=CC[C@@]23CC[C@H]([C@@](C)(/C=C/C=C(\C)C(=O)OCCOCCOCCOCCOc4cccc5c4C(=O)N(C4CCC(=O)NC4=O)C5=O)OC2=O)[C@@]3(OC(C)=O)CC1
2248,COC(=O)C1=CC[C@@]23CC[C@H]([C@@](C)(/C=C/C=C(\C)C(=O)NCCNc4cccc5c4C(=O)N(C4CCC(=O)NC4=O)C5=O)OC2=O)[C@@]3(OC(C)=O)CC1
2249,COC(=O)C1=CC[C@@]23CC[C@H]([C@@](C)(/C=C/C=C(\C)C(=O)NCCCNc4cccc5c4C(=O)N(C4CCC(=O)NC4=O)C5=O)OC2=O)[C@@]3(OC(C)=O)CC1
2250,COC(=O)C1=CC[C@@]23CC[C@H]([C@@](C)(/C=C/C=C(\C)C(=O)NCCCCNc4cccc5c4C(=O)N(C4CCC(=O)NC4=O)C5=O)OC2=O)[C@@]3(OC(C)=O)CC1
2251,COC(=O)C1=CC[C@@]23CC[C@H]([C@@](C)(/C=C/C=C(\C)C(=O)NCCCCCCNc4cccc5c4C(=O)N(C4CCC(=O)NC4=O)C5=O)OC2=O)[C@@]3(OC(C)=O)CC1
2252,COC(=O)C1=CC[C@@]23CC[C@H]([C@@](C)(/C=C/C=C(\C)C(=O)N4CCN(c5cccc6c5C(=O)N(C5CCC(=O)NC5=O)C6=O)CC4)OC2=O)[C@@]3(OC(C)=O)CC1
2253,COC(=O)C1=CC[C@@]23CC[C@H]([C@@](C)(/C=C/C=C(\C)C(=O)NC4CCN(c5cccc6c5C(=O)N(C5CCC(=O)NC5=O)C6=O)CC4)OC2=O)[C@@]3(OC(C)=O)CC1
2254,COC(=O)C1=CC[C@@]23CC[C@H]([C@@](C)(/C=C/C=C(\C)C(=O)N4CCC(Nc5cccc6c5C(=O)N(C5CCC(=O)NC5=O)C6=O)CC4)OC2=O)[C@@]3(OC(C)=O)CC1
2255,Nc1ccccc1NC(=O)c1ccc(NC(=O)CCCCNC(=O)CNc2cccc3c2C(=O)N(C2CCC(=O)NC2=O)C3=O)cc1
2256,Nc1ccccc1NC(=O)c1ccc(NC(=O)CCCCNc2cccc3c2C(=O)N(C2CCC(=O)NC2=O)C3=O)cc1
2257,Nc1ccccc1NC(=O)c1ccc(NC(=O)CCCCCNc2cccc3c2C(=O)N(C2CCC(=O)NC2=O)C3=O)cc1
2258,Nc1ccccc1NC(=O)c1ccc(NC(=O)CCCNc2cccc3c2C(=O)N(C2CCC(=O)NC2=O)C3=O)cc1
2259,Nc1ccccc1NC(=O)c1ccc(NC(=O)CCCCCNC(=O)CNc2cccc3c2C(=O)N(C2CCC(=O)NC2=O)C3=O)cc1
2260,Nc1ccccc1NC(=O)c1ccc(NC(=O)CCCNC(=O)CNc2cccc3c2C(=O)N(C2CCC(=O)NC2=O)C3=O)cc1
2261,Nc1cc(F)ccc1NC(=O)c1ccc(NC(=O)CCCCNC(=O)CNc2cccc3c2C(=O)N(C2CCC(=O)NC2=O)C3=O)cc1
2262,N#Cc1ccc(O[C@H]2C[C@H]3CC[C@@H](C2)N3C(=O)c2ccc(N3CCN(CCCCCCCCCOc4cccc5c4C(=O)N(C4CCC(=O)NC4=O)C5=O)CC3)cc2)cc1Cl
2263,N#Cc1ccc(O[C@H]2C[C@H]3CC[C@@H](C2)N3C(=O)c2ccc(N3CCN(CCCCCCCCCNc4cccc5c4C(=O)N(C4CCC(=O)NC4=O)C5=O)CC3)cc2)cc1Cl
2264,N#Cc1ccc(O[C@H]2C[C@H]3CC[C@@H](C2)N3C(=O)c2ccc(N3CCN(CCCCCCCCNc4cccc5c4C(=O)N(C4CCC(=O)NC4=O)C5=O)CC3)cc2)cc1Cl
2265,N#Cc1ccc(O[C@H]2C[C@H]3CC[C@@H](C2)N3C(=O)c2ccc(N3CCN(CCCCCCCNc4cccc5c4C(=O)N(C4CCC(=O)NC4=O)C5=O)CC3)cc2)cc1Cl
2266,N#Cc1ccc(O[C@H]2C[C@H]3CC[C@@H](C2)N3C(=O)c2cnc(N3CCN(CCCCNc4cccc5c4C(=O)N(C4CCC(=O)NC4=O)C5=O)CC3)nc2)cc1Cl
2267,N#Cc1ccc(O[C@H]2C[C@H]3CC[C@@H](C2)N3C(=O)c2cnc(N3CCN(CCCNc4cccc5c4C(=O)N(C4CCC(=O)NC4=O)C5=O)CC3)nc2)cc1Cl
2268,N#Cc1ccc(O[C@H]2C[C@H]3CC[C@@H](C2)N3C(=O)c2cnc(N3CCN(CCCCCNc4cccc5c4C(=O)N(C4CCC(=O)NC4=O)C5=O)CC3)nc2)cc1Cl
2269,N#Cc1ccc(O[C@H]2C[C@H]3CC[C@@H](C2)N3C(=O)c2cnc(N3CCN(CCCCCCNc4cccc5c4C(=O)N(C4CCC(=O)NC4=O)C5=O)CC3)nc2)cc1Cl
2270,N#Cc1ccc(O[C@H]2C[C@H]3CC[C@@H](C2)N3C(=O)c2cnc(N3CCN(CCCCCCCNc4cccc5c4C(=O)N(C4CCC(=O)NC4=O)C5=O)CC3)nc2)cc1Cl
2271,N#Cc1ccc(O[C@H]2C[C@H]3CC[C@@H](C2)N3C(=O)c2cnc(N3CCN(CCCCCCNc4ccc5c(c4)C(=O)N(C4CCC(=O)NC4=O)C5=O)CC3)nc2)cc1Cl
2272,N#Cc1ccc(O[C@H]2C[C@H]3CC[C@@H](C2)N3C(=O)c2cnc(N3CCN(CCCCCNc4ccc5c(c4)C(=O)N(C4CCC(=O)NC4=O)C5=O)CC3)nc2)cc1Cl
2273,N#Cc1ccc(O[C@H]2C[C@H]3CC[C@@H](C2)N3C(=O)c2cnc(N3CCN(CCCCNc4ccc5c(c4)C(=O)N(C4CCC(=O)NC4=O)C5=O)CC3)nc2)cc1Cl
2274,N#Cc1ccc(O[C@H]2C[C@H]3CC[C@@H](C2)N3C(=O)c2cnc(N3CCN(CCCNc4ccc5c(c4)C(=O)N(C4CCC(=O)NC4=O)C5=O)CC3)nc2)cc1Cl
2275,N#Cc1ccc(O[C@H]2C[C@H]3CC[C@@H](C2)N3C(=O)c2cnc(N3CCN(CCCCCCCNc4ccc5c(c4)C(=O)N(C4CCC(=O)NC4=O)C5=O)CC3)nc2)cc1Cl
2276,N#Cc1ccc(O[C@H]2C[C@H]3CC[C@@H](C2)N3C(=O)c2ccc(C#CC3CCN(C4CCN(c5ccc6c(c5)C(=O)N(C5CCC(=O)NC5=O)C6=O)CC4)CC3)cc2)cc1Cl
2277,C[C@@]12C[C@H](NC(=O)c3ccc(N4CCN(CCCCCCCCNc5ccc6c(c5)C(=O)N(C5CCC(=O)NC5=O)C6=O)CC4)cc3)C[C@]1(C)C[C@@H](Oc1ccc(C#N)c(Cl)c1)C2
2278,C[C@@]12C[C@H](NC(=O)c3ccc(N4CCN(CCCCCCCCCNc5ccc6c(c5)C(=O)N(C5CCC(=O)NC5=O)C6=O)CC4)cc3)C[C@]1(C)C[C@@H](Oc1ccc(C#N)c(Cl)c1)C2
2279,C[C@@]12C[C@H](NC(=O)c3ccc(N4CCN(CCCCCNc5ccc6c(c5)C(=O)N(C5CCC(=O)NC5=O)C6=O)CC4)cc3)C[C@]1(C)C[C@@H](Oc1ccc(C#N)c(Cl)c1)C2
2280,C[C@@]12C[C@H](NC(=O)c3ccc(N4CCN(CCCCCCNc5ccc6c(c5)C(=O)N(C5CCC(=O)NC5=O)C6=O)CC4)cc3)C[C@]1(C)C[C@@H](Oc1ccc(C#N)c(Cl)c1)C2
2281,C[C@@]12C[C@H](NC(=O)c3ccc(N4CCN(CCCCCCCNc5ccc6c(c5)C(=O)N(C5CCC(=O)NC5=O)C6=O)CC4)cc3)C[C@]1(C)C[C@@H](Oc1ccc(C#N)c(Cl)c1)C2
2282,Cc1ncsc1-c1ccc([C@H](CC(=O)NCCCCCCCCCN2CCN(c3ccc(C(=O)N4[C@@H]5CC[C@H]4C[C@@H](Oc4ccc(C#N)c(Cl)c4)C5)cc3)CC2)NC(=O)[C@@H]2C[C@@H](O)CN2C(=O)[C@@H](NC(=O)C2(F)CC2)C(C)(C)C)cc1
2283,Cc1ncsc1-c1ccc([C@H](CC(=O)NCCCCCCCCN2CCN(c3ccc(C(=O)N4[C@@H]5CC[C@H]4C[C@@H](Oc4ccc(C#N)c(Cl)c4)C5)cc3)CC2)NC(=O)[C@@H]2C[C@@H](O)CN2C(=O)[C@@H](NC(=O)C2(F)CC2)C(C)(C)C)cc1
2284,Cc1ncsc1-c1ccc([C@H](CC(=O)NCCCCCCCN2CCN(c3ccc(C(=O)N4[C@@H]5CC[C@H]4C[C@@H](Oc4ccc(C#N)c(Cl)c4)C5)cc3)CC2)NC(=O)[C@@H]2C[C@@H](O)CN2C(=O)[C@@H](NC(=O)C2(F)CC2)C(C)(C)C)cc1
2285,Cc1ncsc1-c1ccc(CNC(=O)[C@@H]2C[C@@H](O)CN2C(=O)[C@@H](NC(=O)COCCN2CCN(c3ccc(C(=O)N4[C@@H]5CC[C@H]4C[C@@H](Oc4ccc(C#N)c(Cl)c4)C5)cc3)CC2)C(C)(C)C)cc1
2286,Cc1ncsc1-c1ccc(CNC(=O)[C@@H]2C[C@@H](O)CN2C(=O)[C@@H](NC(=O)CN2CCN(c3ccc(C(=O)N4[C@@H]5CC[C@H]4C[C@@H](Oc4ccc(C#N)c(Cl)c4)C5)cc3)CC2)C(C)(C)C)cc1
2287,Cc1ncsc1-c1ccc(CNC(=O)[C@@H]2C[C@@H](O)CN2C(=O)[C@@H](NC(=O)CCN2CCN(c3ccc(C(=O)N4[C@@H]5CC[C@H]4C[C@@H](Oc4ccc(C#N)c(Cl)c4)C5)cc3)CC2)C(C)(C)C)cc1
2288,Cc1ncsc1-c1ccc([C@H](C)NC(=O)[C@@H]2C[C@@H](O)CN2C(=O)[C@@H](NC(=O)COCCN2CCN(c3ccc(C(=O)N4[C@@H]5CC[C@H]4C[C@@H](Oc4ccc(C#N)c(Cl)c4)C5)nn3)CC2)C(C)(C)C)cc1
2289,Cc1ncsc1-c1ccc([C@H](C)NC(=O)[C@@H]2C[C@@H](O)CN2C(=O)[C@@H](NC(=O)COCCN2CCN(c3ccc(C(=O)N4[C@@H]5CC[C@H]4C[C@@H](Oc4ccc(C#N)c(Cl)c4)C5)cc3)CC2)C(C)(C)C)cc1
2290,Cc1ncsc1-c1ccc([C@H](C)NC(=O)[C@@H]2C[C@@H](O)CN2C(=O)[C@@H](NC(=O)COCCN2CCN(c3ccc(C(=O)N4[C@@H]5CC[C@H]4C[C@@H](Oc4ccc(C#N)c(Cl)c4)C5)cn3)CC2)C(C)(C)C)cc1
2291,Cc1ncsc1-c1ccc([C@H](C)NC(=O)[C@@H]2C[C@@H](O)CN2C(=O)[C@@H](NC(=O)COCCN2CCN(c3cnc(C(=O)N4[C@@H]5CC[C@H]4C[C@@H](Oc4ccc(C#N)c(Cl)c4)C5)cn3)CC2)C(C)(C)C)cc1
2292,Cc1ncsc1-c1ccc([C@H](C)NC(=O)[C@@H]2C[C@@H](O)CN2C(=O)[C@@H](NC(=O)COCCN2CCN(c3ncc(C(=O)N4[C@@H]5CC[C@H]4C[C@@H](Oc4ccc(C#N)c(Cl)c4)C5)cn3)CC2)C(C)(C)C)cc1
2293,Cc1ncsc1-c1ccc([C@H](C)NC(=O)[C@@H]2C[C@@H](O)CN2C(=O)[C@@H](NC(=O)COCCN2CCN(c3ccc(C(=O)N4[C@@H]5CC[C@H]4C[C@@H](Oc4ccc(C#N)c(Cl)c4)C5)nc3)CC2)C(C)(C)C)cc1
2294,COc1nc(-c2ccnc(NC(=O)C3CC3)c2)sc1C(=O)NCCCNC(=O)COc1cccc2c1C(=O)N(C1CCC(=O)NC1=O)C2=O
2295,COc1nc(-c2ccnc(NC(=O)C3CC3)c2)sc1C(=O)NCCCCNC(=O)COc1cccc2c1C(=O)N(C1CCC(=O)NC1=O)C2=O
2296,COc1nc(-c2ccnc(NC(=O)C3CC3)c2)sc1C(=O)NCCCCCCNC(=O)COc1cccc2c1C(=O)N(C1CCC(=O)NC1=O)C2=O
2297,CNC(=O)c1sc(-c2ccnc(NC(=O)C3CC3)c2)nc1OCCC#Cc1cccc2c1CN(C1CCC(=O)NC1=O)C2=O
2298,CNC(=O)c1sc(-c2ccnc(NC(=O)C3CC3)c2)nc1OCCCC#Cc1cccc2c1CN(C1CCC(=O)NC1=O)C2=O
2299,CNC(=O)c1sc(-c2ccnc(NC(=O)C3CC3)c2)nc1OCCOCC#Cc1cccc2c1CN(C1CCC(=O)NC1=O)C2=O
2300,NC(=O)c1sc(-c2ccnc(NC(=O)C3CC3)c2)nc1OCCOCC#Cc1cccc2c1CN(C1CCC(=O)NC1=O)C2=O
2301,NC(=O)c1sc(-c2ccnc(NC(=O)C3CC3)c2)nc1OCCC#Cc1ccc2c(c1)C(=O)N(C1CCC(=O)NC1=O)C2=O
2302,CNC(=O)c1sc(-c2ccnc(NC(=O)C3CC3)c2)nc1OCCCC#Cc1ccc2c(c1)C(=O)N(C1CCC(=O)NC1=O)C2=O
2303,NC(=O)c1sc(-c2ccnc(NC(=O)C3CC3)c2)nc1OCCOCC#Cc1ccc2c(c1)C(=O)N(C1CCC(=O)NC1=O)C2=O
2304,CNC(=O)c1sc(-c2ccnc(NC(=O)C3CC3)c2)nc1OCCOCC#Cc1ccc2c(c1)C(=O)N(C1CCC(=O)NC1=O)C2=O
2305,CNC(=O)c1sc(-c2ccnc(NC(=O)C3CC3)c2)nc1OCCCCCCOc1cccc2c1C(=O)N(C1CCC(=O)NC1=O)C2=O
2306,CNC(=O)c1sc(-c2ccnc(NC(=O)C3CC3)c2)nc1OCCCCCCCCOc1cccc2c1C(=O)N(C1CCC(=O)NC1=O)C2=O
2307,CNC(=O)c1sc(-c2ccnc(NC(=O)C3CC3)c2)nc1OCCCCCCCCCCOc1cccc2c1C(=O)N(C1CCC(=O)NC1=O)C2=O
2308,CNC(=O)c1sc(-c2ccnc(NC(=O)C3CC3)c2)nc1OCCCCCCCCCCCCOc1cccc2c1C(=O)N(C1CCC(=O)NC1=O)C2=O
2309,CNC(=O)c1sc(-c2ccnc(NC(=O)C3CC3)c2)nc1OCCOCCOCCOc1cccc2c1C(=O)N(C1CCC(=O)NC1=O)C2=O
2310,CNC(=O)c1sc(-c2ccnc(NC(=O)C3CC3)c2)nc1OCCOCCOCCOCCOc1cccc2c1C(=O)N(C1CCC(=O)NC1=O)C2=O
2311,CNC(=O)c1sc(-c2ccnc(NC(=O)C3CC3)c2)nc1OCCOCCOCCOCCOCCOc1cccc2c1C(=O)N(C1CCC(=O)NC1=O)C2=O
2312,CNC(=O)c1sc(-c2ccnc(NC(=O)C3CC3)c2)nc1OCCCCCCCCn1cc(COc2cccc3c2C(=O)N(C2CCC(=O)NC2=O)C3=O)nn1
2313,CNC(=O)c1sc(-c2ccnc(NC(=O)C3CC3)c2)nc1OCCOCCOCCn1cc(COc2cccc3c2C(=O)N(C2CCC(=O)NC2=O)C3=O)nn1
2314,CNC(=O)c1sc(-c2ccnc(NC(=O)C3CC3)c2)nc1OCCOCCOCCOCCn1cc(COc2cccc3c2C(=O)N(C2CCC(=O)NC2=O)C3=O)nn1
2315,Cc1ncsc1-c1ccc(CNC(=O)[C@@H]2C[C@@H](O)CN2C(=O)[C@@H](NC(=O)CCCCCC(=O)n2nc(N)c3c(-c4cccc(NC(=O)Nc5cccc(C(C)C)c5)c4)cccc32)C(C)(C)C)cc1
2316,Cc1ncsc1-c1ccc(CNC(=O)[C@@H]2C[C@@H](O)CN2C(=O)[C@@H](NC(=O)CCCCCCCCCCC(=O)n2nc(N)c3c(-c4cccc(NC(=O)Nc5cccc(C(C)C)c5)c4)cccc32)C(C)(C)C)cc1
2317,Cc1ncsc1-c1ccc(CNC(=O)[C@@H]2C[C@@H](O)CN2C(=O)[C@@H](NC(=O)CCCCCCCCCCCCCCC(=O)n2nc(N)c3c(-c4cccc(NC(=O)Nc5cccc(C(C)C)c5)c4)cccc32)C(C)(C)C)cc1
2318,Cc1ccc(F)c(NC(=O)Nc2ccc(-c3cccc4c3c(N)nn4C(=O)CCCCCC(=O)N[C@H](C(=O)N3C[C@H](O)C[C@H]3C(=O)NCc3ccc(-c4scnc4C)cc3)C(C)(C)C)cc2)c1
2319,Cc1ccc(F)c(NC(=O)Nc2ccc(-c3cccc4c3c(N)nn4C(=O)CCCCCCCCCCC(=O)N[C@H](C(=O)N3C[C@H](O)C[C@H]3C(=O)NCc3ccc(-c4scnc4C)cc3)C(C)(C)C)cc2)c1
2320,Cc1ccc(F)c(NC(=O)Nc2ccc(-c3cccc4c3c(N)nn4C(=O)CCCCCCCCCCCCCCC(=O)N[C@H](C(=O)N3C[C@H](O)C[C@H]3C(=O)NCc3ccc(-c4scnc4C)cc3)C(C)(C)C)cc2)c1
2321,CN(C)C(=O)c1cn(C2CCCC2)c2nc(Nc3ccc(C(=O)NCCCNc4cccc5c4C(=O)N(C4CCC(=O)NC4=O)C5=O)cc3)ncc12
2322,CN(C)C(=O)c1cn(C2CCCC2)c2nc(Nc3ccc(C(=O)NCCCCNc4cccc5c4C(=O)N(C4CCC(=O)NC4=O)C5=O)cc3)ncc12
2323,CN(C)C(=O)c1cn(C2CCCC2)c2nc(Nc3ccc(C(=O)NCCCCCNc4cccc5c4C(=O)N(C4CCC(=O)NC4=O)C5=O)cc3)ncc12
2324,CN(C)C(=O)c1cn(C2CCCC2)c2nc(Nc3ccc(C(=O)NCCCCCCCNc4cccc5c4C(=O)N(C4CCC(=O)NC4=O)C5=O)cc3)ncc12
2325,CN(C)C(=O)c1cn(C2CCCC2)c2nc(Nc3ccc(C(=O)NCCCCCCCCNc4cccc5c4C(=O)N(C4CCC(=O)NC4=O)C5=O)cc3)ncc12
2326,CN(C)C(=O)c1cn(C2CCCC2)c2nc(Nc3ccc(C(=O)NCCCCCOc4cccc5c4C(=O)N(C4CCC(=O)NC4=O)C5=O)cc3)ncc12
2327,CN(C)C(=O)c1cn(C2CCCC2)c2nc(Nc3ccc(C(=O)NCCCCCCOc4cccc5c4C(=O)N(C4CCC(=O)NC4=O)C5=O)cc3)ncc12
2328,CN(C)C(=O)c1cn(C2CCCC2)c2nc(Nc3ccc(C(=O)NCCCCCCCCOc4cccc5c4C(=O)N(C4CCC(=O)NC4=O)C5=O)cc3)ncc12
2329,CN(C)C(=O)c1cn(C2CCCC2)c2nc(Nc3ccc(C(=O)NCCNC(=O)COc4cccc5c4C(=O)N(C4CCC(=O)NC4=O)C5=O)cc3)ncc12
2330,CN(C)C(=O)c1cn(C2CCCC2)c2nc(Nc3ccc(C(=O)NCCCNC(=O)COc4cccc5c4C(=O)N(C4CCC(=O)NC4=O)C5=O)cc3)ncc12
2331,CN(C)C(=O)c1cn(C2CCCC2)c2nc(Nc3ccc(C(=O)NCCCCCNC(=O)COc4cccc5c4C(=O)N(C4CCC(=O)NC4=O)C5=O)cc3)ncc12
2332,CN(C)C(=O)c1cn(C2CCCC2)c2nc(Nc3ccc(C(=O)NCCCCCCNC(=O)COc4cccc5c4C(=O)N(C4CCC(=O)NC4=O)C5=O)cc3)ncc12
2333,CN(C)C(=O)c1cn(C2CCCC2)c2nc(Nc3ccc(C(=O)NCCCCCCCNC(=O)COc4cccc5c4C(=O)N(C4CCC(=O)NC4=O)C5=O)cc3)ncc12
2334,CN(C)C(=O)c1cn(C2CCCC2)c2nc(Nc3ccc(C(=O)NCCCCCCCCNC(=O)COc4cccc5c4C(=O)N(C4CCC(=O)NC4=O)C5=O)cc3)ncc12
2335,CN(C)C(=O)c1cn(C2CCCC2)c2nc(Nc3ccc(NC(=O)CCC#Cc4ccc5c(c4)C(=O)N(C4CCC(=O)NC4=O)C5=O)cc3)ncc12
2336,CN(C)C(=O)c1cn(C2CCCC2)c2nc(Nc3ccc(NC(=O)CCCC#Cc4ccc5c(c4)C(=O)N(C4CCC(=O)NC4=O)C5=O)cc3)ncc12
2337,CN(C)C(=O)c1cn(C2CCCC2)c2nc(Nc3ccc(NC(=O)CCCCC#Cc4ccc5c(c4)C(=O)N(C4CCC(=O)NC4=O)C5=O)cc3)ncc12
2338,CN(C)C(=O)c1cn(C2CCCC2)c2nc(Nc3ccc(C(=O)NCCOCCOc4cccc5c4C(=O)N(C4CCC(=O)NC4=O)C5=O)cc3)ncc12
2339,CN(C)C(=O)c1cn(C2CCCC2)c2nc(Nc3ccc(C(=O)NCCOCCOCCOc4cccc5c4C(=O)N(C4CCC(=O)NC4=O)C5=O)cc3)ncc12
2340,CN(C)C(=O)c1cn(C2CCCC2)c2nc(Nc3ccc(C(=O)NCCOCCOCCNc4cccc5c4C(=O)N(C4CCC(=O)NC4=O)C5=O)cc3)ncc12
2341,CN(C)C(=O)c1cn(C2CCCC2)c2nc(Nc3ccc(C(=O)NCCCCCCNc4cccc5c4C(=O)N(C4CCC(=O)NC4=O)C5=O)cc3)ncc12
2342,Cc1cc(Nc2ncc(Cl)c(Nc3ccccc3S(=O)(=O)C(C)C)n2)c(OC(C)C)cc1C1CCN(CCC(=O)NCCCCNc2cccc3c2C(=O)N(C2CCC(=O)NC2=O)C3=O)CC1
2343,Cc1cc(Nc2ncc(Cl)c(Nc3ccccc3S(=O)(=O)C(C)C)n2)c(OC(C)C)cc1C1CCN(CCC(=O)NCCCCCCNc2cccc3c2C(=O)N(C2CCC(=O)NC2=O)C3=O)CC1
2344,Cc1cc(Nc2ncc(Cl)c(Nc3ccccc3S(=O)(=O)C(C)C)n2)c(OC(C)C)cc1C1CCN(CCC(=O)NCCCCCCCCNc2cccc3c2C(=O)N(C2CCC(=O)NC2=O)C3=O)CC1
2345,Cc1cc(Nc2ncc(Cl)c(Nc3ccccc3S(=O)(=O)C(C)C)n2)c(OC(C)C)cc1C1CCN(CCC(=O)NCCOCCNc2cccc3c2C(=O)N(C2CCC(=O)NC2=O)C3=O)CC1
2346,Cc1cc(Nc2ncc(Cl)c(Nc3ccccc3S(=O)(=O)C(C)C)n2)c(OC(C)C)cc1C1CCN(CCC(=O)NCCOCCOCCNc2cccc3c2C(=O)N(C2CCC(=O)NC2=O)C3=O)CC1
2347,Cc1cc(Nc2ncc(Cl)c(Nc3ccccc3S(=O)(=O)C(C)C)n2)c(OC(C)C)cc1C1CCN(CCC(=O)NCCOCCOCCOCCNc2cccc3c2C(=O)N(C2CCC(=O)NC2=O)C3=O)CC1
2348,Cc1cc(Nc2ncc(Cl)c(Nc3ccccc3S(=O)(=O)C(C)C)n2)c(OC(C)C)cc1C1CCN(CCC(=O)NCCOCCOCCOCCOCCNc2cccc3c2C(=O)N(C2CCC(=O)NC2=O)C3=O)CC1
2349,Cc1cc(Nc2ncc(Cl)c(Nc3ccccc3S(=O)(=O)C(C)C)n2)c(OC(C)C)cc1C1CCN(CCC(=O)NCCCCNCC(=O)Nc2cccc3c2C(=O)N(C2CCC(=O)NC2=O)C3=O)CC1
2350,Cc1cc(Nc2ncc(Cl)c(Nc3ccccc3S(=O)(=O)C(C)C)n2)c(OC(C)C)cc1C1CCN(CCC(=O)NCCCCCCNCC(=O)Nc2cccc3c2C(=O)N(C2CCC(=O)NC2=O)C3=O)CC1
2351,Cc1cc(Nc2ncc(Cl)c(Nc3ccccc3S(=O)(=O)C(C)C)n2)c(OC(C)C)cc1C1CCN(CCC(=O)NCCCCCCCCNCC(=O)Nc2cccc3c2C(=O)N(C2CCC(=O)NC2=O)C3=O)CC1
2352,Cc1cc(Nc2ncc(Cl)c(Nc3ccccc3S(=O)(=O)C(C)C)n2)c(OC(C)C)cc1C1CCN(CCC(=O)NCCOCCNCC(=O)Nc2cccc3c2C(=O)N(C2CCC(=O)NC2=O)C3=O)CC1
2353,Cc1cc(Nc2ncc(Cl)c(Nc3ccccc3S(=O)(=O)C(C)C)n2)c(OC(C)C)cc1C1CCN(CCC(=O)NCCOCCOCCNCC(=O)Nc2cccc3c2C(=O)N(C2CCC(=O)NC2=O)C3=O)CC1
2354,Cc1cc(Nc2ncc(Cl)c(Nc3ccccc3S(=O)(=O)C(C)C)n2)c(OC(C)C)cc1C1CCN(CCC(=O)NCCOCCOCCOCCNCC(=O)Nc2cccc3c2C(=O)N(C2CCC(=O)NC2=O)C3=O)CC1
2355,Cc1cc(Nc2ncc(Cl)c(Nc3ccccc3S(=O)(=O)C(C)C)n2)c(OC(C)C)cc1C1CCN(CCC(=O)NCCCCNCCC(=O)Nc2cccc3c2C(=O)N(C2CCC(=O)NC2=O)C3=O)CC1
2356,Cc1cc(Nc2ncc(Cl)c(Nc3ccccc3S(=O)(=O)C(C)C)n2)c(OC(C)C)cc1C1CCN(CCC(=O)NCCCCCCNCCC(=O)Nc2cccc3c2C(=O)N(C2CCC(=O)NC2=O)C3=O)CC1
2357,Cc1cc(Nc2ncc(Cl)c(Nc3ccccc3S(=O)(=O)C(C)C)n2)c(OC(C)C)cc1C1CCN(CCC(=O)NCCOCCNCCC(=O)Nc2cccc3c2C(=O)N(C2CCC(=O)NC2=O)C3=O)CC1
2358,Cc1cc(Nc2ncc(Cl)c(Nc3ccccc3S(=O)(=O)C(C)C)n2)c(OC(C)C)cc1C1CCN(CCC(=O)NCCOCCOCCNCCC(=O)Nc2cccc3c2C(=O)N(C2CCC(=O)NC2=O)C3=O)CC1
2359,Cc1cc(Nc2ncc(Cl)c(Nc3ccccc3S(=O)(=O)C(C)C)n2)c(OC(C)C)cc1C1CCN(CCC(=O)NCCCCNC(=O)COc2cccc3c2C(=O)N(C2CCC(=O)NC2=O)C3=O)CC1
2360,Cc1cc(Nc2ncc(Cl)c(Nc3ccccc3S(=O)(=O)C(C)C)n2)c(OC(C)C)cc1C1CCN(CCC(=O)NCCCCCCNC(=O)COc2cccc3c2C(=O)N(C2CCC(=O)NC2=O)C3=O)CC1
2361,Cc1cc(Nc2ncc(Cl)c(Nc3ccccc3S(=O)(=O)C(C)C)n2)c(OC(C)C)cc1C1CCN(CCC(=O)NCCCCCCCCNC(=O)COc2cccc3c2C(=O)N(C2CCC(=O)NC2=O)C3=O)CC1
2362,Cc1cc(Nc2ncc(Cl)c(Nc3ccccc3S(=O)(=O)C(C)C)n2)c(OC(C)C)cc1C1CCN(CCC(=O)NCCOCCNC(=O)COc2cccc3c2C(=O)N(C2CCC(=O)NC2=O)C3=O)CC1
2363,Cc1cc(Nc2ncc(Cl)c(Nc3ccccc3S(=O)(=O)C(C)C)n2)c(OC(C)C)cc1C1CCN(CCC(=O)NCCOCCOCCNC(=O)COc2cccc3c2C(=O)N(C2CCC(=O)NC2=O)C3=O)CC1
2364,Cc1cc(Nc2ncc(Cl)c(Nc3ccccc3S(=O)(=O)C(C)C)n2)c(OC(C)C)cc1C1CCN(CCC(=O)NCCOCCOCCOCCNC(=O)COc2cccc3c2C(=O)N(C2CCC(=O)NC2=O)C3=O)CC1
2365,O=C1CCC(N2Cc3c(NC(=O)CCCCCCN4CCN(c5ccc(Nc6ncc7nc(Nc8ccccc8)n(C8CCCC8)c7n6)cc5)CC4)cccc3C2=O)C(=O)N1
2366,O=C1CCC(N2Cc3c(NC(=O)CCCCCCCN4CCN(c5ccc(Nc6ncc7nc(Nc8ccccc8)n(C8CCCC8)c7n6)cc5)CC4)cccc3C2=O)C(=O)N1
2367,Cc1ncsc1-c1ccc(CNC(=O)[C@@H]2C[C@@H](O)CN2C(=O)[C@@H](NC(=O)CCCCCCN2CCN(c3ccc(Nc4ncc5nc(Nc6ccccc6)n(C6CCCC6)c5n4)cc3)CC2)C(C)(C)C)cc1
2368,Cc1ncsc1-c1ccc(CNC(=O)[C@@H]2C[C@@H](O)CN2C(=O)[C@@H](NC(=O)CCCCCCCN2CCN(c3ccc(Nc4ncc5nc(Nc6ccccc6)n(C6CCCC6)c5n4)cc3)CC2)C(C)(C)C)cc1
2369,CN(CCOCCOCCN1CCN(c2ccc(Nc3ncc4nc(Nc5ccccc5)n(C5CCCC5)c4n3)cc2)CC1)CC(=O)Nc1cccc2c1CN(C1CCC(=O)NC1=O)C2=O
2370,CN(CCOCCOCCOCCN1CCN(c2ccc(Nc3ncc4nc(Nc5ccccc5)n(C5CCCC5)c4n3)cc2)CC1)CC(=O)Nc1cccc2c1CN(C1CCC(=O)NC1=O)C2=O
2371,CN(CCOCCOCCOCCOCCN1CCN(c2ccc(Nc3ncc4nc(Nc5ccccc5)n(C5CCCC5)c4n3)cc2)CC1)CC(=O)Nc1cccc2c1CN(C1CCC(=O)NC1=O)C2=O
2372,Cc1ncsc1-c1ccc(CNC(=O)[C@@H]2C[C@@H](O)CN2C(=O)[C@@H](NCCOCCOCCN2CCN(c3ccc(Nc4ncc5nc(Nc6ccccc6)n(C6CCCC6)c5n4)cc3)CC2)C(C)(C)C)cc1
2373,Cc1ncsc1-c1ccc(CNC(=O)[C@@H]2C[C@@H](O)CN2C(=O)[C@@H](NCCOCCOCCOCCN2CCN(c3ccc(Nc4ncc5nc(Nc6ccccc6)n(C6CCCC6)c5n4)cc3)CC2)C(C)(C)C)cc1
2374,Cc1ncsc1-c1ccc(CNC(=O)[C@@H]2C[C@@H](O)CN2C(=O)[C@@H](NCCOCCOCCOCCOCCN2CCN(c3ccc(Nc4ncc5nc(Nc6ccccc6)n(C6CCCC6)c5n4)cc3)CC2)C(C)(C)C)cc1
2375,CNC(=O)N1CCc2c(c(N3CCCc4cc(-c5cnn(C)c5)c(C(F)F)cc43)nn2C2CCN(C(=O)CCOCCOCCOCCOCCNc3ccc4c(c3)C(=O)N(C3CCC(=O)NC3=O)C4=O)CC2)C1
2376,CC(C)Nc1cc(-n2ccc3cc(C#N)cnc32)ncc1C(=O)N[C@H]1CC[C@H](C(=O)NCCNC(=O)COc2cccc3c2C(=O)N(C2CCC(=O)NC2=O)C3=O)CC1
2377,CC(C)Nc1cc(-n2ccc3cc(C#N)cnc32)ncc1C(=O)N[C@H]1CC[C@H](C(=O)NCCCNC(=O)COc2cccc3c2C(=O)N(C2CCC(=O)NC2=O)C3=O)CC1
2378,CC(C)Nc1cc(-n2ccc3cc(C#N)cnc32)ncc1C(=O)N[C@H]1CC[C@H](C(=O)NCCCCNC(=O)COc2cccc3c2C(=O)N(C2CCC(=O)NC2=O)C3=O)CC1
2379,CC(C)Nc1cc(-n2ccc3cc(C#N)cnc32)ncc1C(=O)N[C@H]1CC[C@H](C(=O)NCCCCCNC(=O)COc2cccc3c2C(=O)N(C2CCC(=O)NC2=O)C3=O)CC1
2380,CC(C)Nc1cc(-n2ccc3cc(C#N)cnc32)ncc1C(=O)N[C@H]1CC[C@H](C(=O)NCCOCCNC(=O)COc2cccc3c2C(=O)N(C2CCC(=O)NC2=O)C3=O)CC1
2381,CC(C)Nc1cc(-n2ccc3cc(C#N)cnc32)ncc1C(=O)N[C@H]1CC[C@H](C(=O)NCCOCCOCCNC(=O)COc2cccc3c2C(=O)N(C2CCC(=O)NC2=O)C3=O)CC1
2382,CC(C)Nc1cc(-n2ccc3cc(C#N)cnc32)ncc1C(=O)N[C@H]1CC[C@H](C(=O)NCCOCCOCCOCCNC(=O)COc2cccc3c2C(=O)N(C2CCC(=O)NC2=O)C3=O)CC1
2383,CC(C)Nc1cc(-n2ccc3cc(C#N)cnc32)ncc1C(=O)N[C@H]1CC[C@H](C(=O)NCCOCCOCCOCCOCCNC(=O)COc2cccc3c2C(=O)N(C2CCC(=O)NC2=O)C3=O)CC1
2384,CCCNNC(=O)c1ccc(-c2ccc(NC(=O)COCCOCCNc3cccc4c3C(=O)N(C3CCC(=O)NC3=O)C4=O)cc2)cc1
2385,CCCNNC(=O)c1ccc(-c2ccc(NC(=O)COCCOCCOCCNc3cccc4c3C(=O)N(C3CCC(=O)NC3=O)C4=O)cc2)cc1
2386,CCCNNC(=O)c1ccc(-c2ccc(NC(=O)COCCOCCOCCOCCNc3cccc4c3C(=O)N(C3CCC(=O)NC3=O)C4=O)cc2)cc1
2387,CCCNNC(=O)c1ccc(-c2ccc(NC(=O)CCC(=O)N[C@H](C(=O)N3C[C@H](O)C[C@H]3C(=O)N[C@@H](C)c3ccc(-c4scnc4C)cc3)C(C)(C)C)cc2)cc1
2388,CCCNNC(=O)c1ccc(-c2ccc(NC(=O)CCCCC(=O)N[C@H](C(=O)N3C[C@H](O)C[C@H]3C(=O)N[C@@H](C)c3ccc(-c4scnc4C)cc3)C(C)(C)C)cc2)cc1
2389,CCCNNC(=O)c1ccc(-c2ccc(NC(=O)CCCCCCC(=O)N[C@H](C(=O)N3C[C@H](O)C[C@H]3C(=O)N[C@@H](C)c3ccc(-c4scnc4C)cc3)C(C)(C)C)cc2)cc1
2390,CCCNNC(=O)c1ccc(-c2ccc(NC(=O)CCCCCCCCC(=O)N[C@H](C(=O)N3C[C@H](O)C[C@H]3C(=O)N[C@@H](C)c3ccc(-c4scnc4C)cc3)C(C)(C)C)cc2)cc1
2391,CC(=O)c1c(C)c2cnc(Nc3ccc(N4CCN(C(=O)CCCCCNc5cccc6c5C(=O)N(C5CCC(=O)NC5=O)C6=O)CC4)cn3)nc2n(C2CCCC2)c1=O
2392,CC(=O)c1c(C)c2cnc(Nc3ccc(N4CCN(C(=O)COCCOCCNc5cccc6c5C(=O)N(C5CCC(=O)NC5=O)C6=O)CC4)cn3)nc2n(C2CCCC2)c1=O
2393,CC(=O)c1c(C)c2cnc(Nc3ccc(N4CCN(C(=O)COCCOCCOCCNc5cccc6c5C(=O)N(C5CCC(=O)NC5=O)C6=O)CC4)cn3)nc2n(C2CCCC2)c1=O
2394,CC(=O)c1c(C)c2cnc(Nc3ccc(N4CCN(C(=O)CCCCOCCOCCOCCNc5cccc6c5C(=O)N(C5CCC(=O)NC5=O)C6=O)CC4)cn3)nc2n(C2CCCC2)c1=O
2395,CC(=O)c1c(C)c2cnc(Nc3ccc(N4CCN(C(=O)CCC(=O)NCCCOCCCCOCCCNc5cccc6c5C(=O)N(C5CCC(=O)NC5=O)C6=O)CC4)cn3)nc2n(C2CCCC2)c1=O
2396,CC(=O)c1c(C)c2cnc(Nc3ccc(N4CCN(C(=O)CCCCOCCCCCOCCCCCCNc5cccc6c5C(=O)N(C5CCC(=O)NC5=O)C6=O)CC4)cn3)nc2n(C2CCCC2)c1=O
2397,CC(=O)c1c(C)c2cnc(Nc3ccc(N4CCN(C(=O)CCCCCOCCCCCCOCCCCCCNc5cccc6c5C(=O)N(C5CCC(=O)NC5=O)C6=O)CC4)cn3)nc2n(C2CCCC2)c1=O
2398,CC(=O)c1c(C)c2cnc(Nc3ccc(N4CCN(C(=O)CCCCCOCCCCOCCCCOCCCCNc5cccc6c5C(=O)N(C5CCC(=O)NC5=O)C6=O)CC4)cn3)nc2n(C2CCCC2)c1=O
2399,CC(=O)c1c(C)c2cnc(Nc3ccc(N4CCN(C(=O)CCCCCOCCCCOCCCCOCCCCOCCCCCCNc5cccc6c5C(=O)N(C5CCC(=O)NC5=O)C6=O)CC4)cn3)nc2n(C2CCCC2)c1=O
2400,CC(=O)c1c(C)c2cnc(Nc3ccc(N4CCN(C(=O)CCCCCOCCOCCOCCOCCOCCOCCCCCCNc5cccc6c5C(=O)N(C5CCC(=O)NC5=O)C6=O)CC4)cn3)nc2n(C2CCCC2)c1=O
2401,CC(=O)c1c(C)c2cnc(Nc3ccc(N4CCN(CCCCCCCC(=O)N[C@H](C(=O)N5C[C@H](O)C[C@H]5C(=O)NCc5ccc(-c6scnc6C)cc5)C(C)(C)C)CC4)cn3)nc2n(C2CCCC2)c1=O
2402,CC(=O)c1c(C)c2cnc(Nc3ccc(N4CCN(CCOCCOCC(=O)N[C@H](C(=O)N5C[C@H](O)C[C@H]5C(=O)NCc5ccc(-c6scnc6C)cc5)C(C)(C)C)CC4)cn3)nc2n(C2CCCC2)c1=O
2403,CC(=O)c1c(C)c2cnc(Nc3ccc(N4CCN(CCOCCOCCOCC(=O)N[C@H](C(=O)N5C[C@H](O)C[C@H]5C(=O)NCc5ccc(-c6scnc6C)cc5)C(C)(C)C)CC4)cn3)nc2n(C2CCCC2)c1=O
2404,CC(=O)c1c(C)c2cnc(Nc3ccc(N4CCN(CCCCCCOCCCCCOCCCCC(=O)N[C@H](C(=O)N5C[C@H](O)C[C@H]5C(=O)NCc5ccc(-c6scnc6C)cc5)C(C)(C)C)CC4)cn3)nc2n(C2CCCC2)c1=O
2405,CC(=O)c1c(C)c2cnc(Nc3ccc(N4CCN(CCCCCCCCOc5cc(-c6scnc6C)ccc5CNC(=O)[C@@H]5C[C@@H](O)CN5C(=O)[C@H](C(C)C)N5Cc6ccccc6C5=O)CC4)cn3)nc2n(C2CCCC2)c1=O
2406,CC(=O)c1c(C)c2cnc(Nc3ccc(N4CCN(CCOCCOCCOc5cc(-c6scnc6C)ccc5CNC(=O)[C@@H]5C[C@@H](O)CN5C(=O)[C@H](C(C)C)N5Cc6ccccc6C5=O)CC4)cn3)nc2n(C2CCCC2)c1=O
2407,CC(=O)c1c(C)c2cnc(Nc3ccc(N4CCN(CCOCCOCCOCCOc5cc(-c6scnc6C)ccc5CNC(=O)[C@@H]5C[C@@H](O)CN5C(=O)[C@H](C(C)C)N5Cc6ccccc6C5=O)CC4)cn3)nc2n(C2CCCC2)c1=O
2408,CC(=O)c1c(C)c2cnc(Nc3ccc(N4CCN(CCCCCCOCCCCCOCCCCCOc5cc(-c6scnc6C)ccc5CNC(=O)[C@@H]5C[C@@H](O)CN5C(=O)[C@H](C(C)C)N5Cc6ccccc6C5=O)CC4)cn3)nc2n(C2CCCC2)c1=O
2409,CC(=O)c1c(C)c2cnc(Nc3ccc(N4CCN(CCOCCOCCOc5cc(-c6scnc6C)ccc5CNC(=O)[C@@H]5C[C@@H](O)CN5C(=O)[C@@H](NC(=O)C5(C#N)CC5)C(C)(C)C)CC4)cn3)nc2n(C2CCCC2)c1=O
2410,CC(=O)c1c(C)c2cnc(Nc3ccc(N4CCN(CCOCCOCCOc5cc(-c6scnc6C)ccc5CNC(=O)[C@@H]5C[C@@H](O)CN5C(=O)[C@@H](NC(=O)C5(F)CC5)C(C)(C)C)CC4)cn3)nc2n(C2CCCC2)c1=O
2411,CN[C@@H](C)C(=O)N[C@H](C(=O)N1C[C@@H](Oc2cccc(OCCOCCOCCOCCN3CCN(c4ccc(Nc5ncc6c(C)c(C(C)=O)c(=O)n(C7CCCC7)c6n5)nc4)CC3)c2)C[C@H]1C(=O)N[C@@H]1CCCc2ccccc21)C1CCCCC1
2412,COc1cc(C(=O)NCCOCCOCCOCCN2CCN(c3ccc(Nc4ncc5c(C)c(C(C)=O)c(=O)n(C6CCCC6)c5n4)nc3)CC2)ccc1NC(=O)[C@@H]1N[C@@H](CC(C)(C)C)[C@](C#N)(c2ccc(Cl)cc2F)[C@H]1c1cccc(Cl)c1F
2413,COc1cc(Nc2ncc3c(n2)-c2ccc(Cl)cc2C(c2c(F)cccc2OC)=NC3)ccc1C(=O)NCCCOCCOCCOCCCNC(=O)COc1cccc2c1C(=O)N(C1CCC(=O)NC1=O)C2=O
2414,COc1cc(Nc2ncc3c(n2)-c2ccc(Cl)cc2C(c2c(F)cccc2OC)=NC3)ccc1C(=O)NCCCNC(=O)COc1cccc2c1C(=O)N(C1CCC(=O)NC1=O)C2=O
2415,COc1cc(Nc2ncc3c(n2)-c2ccc(Cl)cc2C(c2c(F)cccc2OC)=NC3)ccc1C(=O)NCCCCCNC(=O)COc1cccc2c1C(=O)N(C1CCC(=O)NC1=O)C2=O
2416,COc1cc(Nc2ncc3c(n2)-c2ccc(Cl)cc2C(c2c(F)cccc2OC)=NC3)ccc1C(=O)NCCOCCOCCNC(=O)COc1cccc2c1C(=O)N(C1CCC(=O)NC1=O)C2=O
2417,COc1cc(Nc2ncc3c(n2)-c2ccc(Cl)cc2C(c2c(F)cccc2OC)=NC3)ccc1C(=O)NCCOCCNC(=O)COc1cccc2c1C(=O)N(C1CCC(=O)NC1=O)C2=O
2418,COc1cc(Nc2ncc3c(n2)-c2ccc(Cl)cc2C(c2c(F)cccc2OC)=NC3)ccc1C(=O)NCCOCCOCCC(=O)N[C@H](C(=O)N1C[C@H](O)C[C@H]1C(=O)NCc1ccc(-c2scnc2C)cc1)C(C)(C)C
2419,COc1cc(Nc2ncc3c(n2)-c2ccc(Cl)cc2C(c2c(F)cccc2OC)=NC3)ccc1C(=O)NCCOCCOCCOCCOCCC(=O)N[C@H](C(=O)N1C[C@H](O)C[C@H]1C(=O)NCc1ccc(-c2scnc2C)cc1)C(C)(C)C
2420,CCCS(=O)(=O)Nc1ccc(F)c(-n2cc(-c3cncnc3)c3nc(N(C)C4CCN(C(=O)CCOCCOCCOCCOCCOCCOCCNc5cccc6c5C(=O)N(C5CCC(=O)NC5=O)C6=O)CC4)ccc32)c1F
2421,CCCS(=O)(=O)Nc1ccc(F)c(-n2cc(-c3cncnc3)c3nc(N(C)C4CCN(C(=O)CCOCCOCCOCCOCCOCCOCCOCCOCCNc5cccc6c5C(=O)N(C5CCC(=O)NC5=O)C6=O)CC4)ccc32)c1F
2422,CCCS(=O)(=O)Nc1ccc(F)c(-n2cc(-c3cncnc3)c3nc(N(C)C4CCN(C(=O)CCC(=O)NCCCOCCOCCOCCCNc5cccc6c5C(=O)N(C5CCC(=O)NC5=O)C6=O)CC4)ccc32)c1F
2423,CC(C)(C)c1nc(-c2cccc(NS(=O)(=O)c3c(F)cccc3F)c2F)c(-c2ccnc(NCCCNC(=O)CCOCCOCCOCCNc3cccc4c3C(=O)N(C3CCC(=O)NC3=O)C4=O)n2)s1
2424,CC(C)(C)c1nc(-c2cccc(NS(=O)(=O)c3c(F)cccc3F)c2F)c(-c2ccnc(NCCCNC(=O)CCOCCOCCOCCOCCNc3cccc4c3C(=O)N(C3CCC(=O)NC3=O)C4=O)n2)s1
2425,CC(C)(C)c1nc(-c2cccc(NS(=O)(=O)c3c(F)cccc3F)c2F)c(-c2ccnc(NCCCNC(=O)CCOCCOCCOCCOCCOCCNc3cccc4c3C(=O)N(C3CCC(=O)NC3=O)C4=O)n2)s1
2426,CC(C)(C)c1nc(-c2cccc(NS(=O)(=O)c3c(F)cccc3F)c2F)c(-c2ccnc(NCCCNC(=O)CCOCCOCCOCCOCCOCCOCCNc3cccc4c3C(=O)N(C3CCC(=O)NC3=O)C4=O)n2)s1
2427,CC(C)(C)c1nc(-c2cccc(NS(=O)(=O)c3c(F)cccc3F)c2F)c(-c2ccnc(NCCCNC(=O)CCOCCOCCOCCOCCOCCNC(=O)CCOCCOCCOCCOCCOCCNc3cccc4c3C(=O)N(C3CCC(=O)NC3=O)C4=O)n2)s1
2428,CC(C)(C)c1nc(-c2cccc(NS(=O)(=O)c3c(F)cccc3F)c2F)c(-c2ccnc(NCCCCCCNC(=O)COc3cccc4c3C(=O)N(C3CCC(=O)NC3=O)C4=O)n2)s1
2429,Cc1ncsc1-c1ccc(CNC(=O)[C@@H]2C[C@@H](O)CN2C(=O)[C@H](NC(=O)CCC(=O)NCCCCCCNc2nccc(-c3sc(C(C)(C)C)nc3-c3cccc(NS(=O)(=O)c4c(F)cccc4F)c3F)n2)C(C)(C)C)cc1
2430,Cc1ncsc1-c1ccc(CNC(=O)[C@@H]2C[C@@H](O)CN2C(=O)[C@@H](NC(=O)CCOCCOCCOCCOCCC(=O)N2CCC(c3nc(-c4cccc(NS(=O)(=O)c5c(F)cccc5F)c4F)c(-c4ccnc(N)n4)s3)CC2)C(C)(C)C)cc1
2431,Nc1nccc(-c2sc(C3CCN(C(=O)CCOCCOCCOCCNc4cccc5c4C(=O)N(C4CCC(=O)NC4=O)C5=O)CC3)nc2-c2cccc(NS(=O)(=O)c3c(F)cccc3F)c2F)n1
2432,CCCS(=O)(=O)Nc1ccc(F)c(-n2cc(-c3cncnc3)c3nc(N(C)C4CCN(CC5CN(C(=O)CCOCCOCCOCCNc6cccc7c6C(=O)N(C6CCC(=O)NC6=O)C7=O)C5)CC4)ccc32)c1F
2433,CCCS(=O)(=O)Nc1ccc(F)c(-n2cc(-c3cncnc3)c3nc(N(C)C4CCN(CCCCCCCCCC(=O)N5CCN(Cc6ccc(CNc7cccc8c7C(=O)N(C7CCC(=O)NC7=O)C8=O)cc6)CC5)CC4)ccc32)c1F
2434,CCCS(=O)(=O)Nc1ccc(F)c(-n2cc(-c3cncnc3)c3nc(N(C)C4CCN(CCCCCCCCCC(=O)N5CCN(c6cccc7c6C(=O)N(C6CCC(=O)NC6=O)C7=O)CC5)CC4)ccc32)c1F
2435,CCCS(=O)(=O)Nc1ccc(F)c(-n2cc(-c3cncnc3)c3nc(N(C)C4CCN(CC(=O)NCCCOCCCCOCCCNc5cccc6c5C(=O)N(C5CCC(=O)NC5=O)C6=O)CC4)ccc32)c1F
2436,CCCS(=O)(=O)Nc1ccc(F)c(-n2cc(-c3cncnc3)c3nc(N(C)C4CCN(C(=O)CCOCCOCCn5cc(COCCNc6cccc7c6C(=O)N(C6CCC(=O)NC6=O)C7=O)nn5)CC4)ccc32)c1F
2437,CCCS(=O)(=O)Nc1ccc(F)c(-n2cc(-c3cncnc3)c3nc(N(C)C4CCN(C(=O)CCOCCOCCOCCOCC#Cc5cccc6c5CN(C5CCC(=O)NC5=O)C6=O)CC4)ccc32)c1F
2438,CN[C@@H](C)C(=O)N[C@H](C(=O)N1Cc2cc(OCCOCCOC(=O)N3CCC[C@@H](n4nc(-c5ccc(Oc6ccc(F)cc6F)cc5)c(C(N)=O)c4N)C3)ccc2C[C@H]1C(=O)N[C@@H]1CCCc2ccccc21)C(C)(C)C
2439,CN[C@@H](C)C(=O)N[C@H](C(=O)N1Cc2cc(OCc3cnc(COC(=O)N4CCC[C@@H](n5nc(-c6ccc(Oc7ccc(F)cc7F)cc6)c(C(N)=O)c5N)C4)cn3)ccc2C[C@H]1C(=O)N[C@@H]1CCCc2ccccc21)C(C)(C)C
2440,CN[C@@H](C)C(=O)N[C@H](C(=O)N1CCC[C@H]1c1nc(C(=O)c2ccc(F)cc2)cs1)C1CCN(CCCC(=O)N2CCC[C@@H](n3nc(-c4ccc(Oc5ccc(F)cc5F)cc4)c(C(N)=O)c3N)C2)CC1
2441,Nc1nc(Nc2ccc(S(=O)(=O)NCCOCc3cn(CCOCCNc4cccc5c4C(=O)N(C4CCC(=O)NC4=O)C5=O)nn3)cc2)nn1C(=O)c1c(F)cccc1F
2442,Cc1ccsc1C(=O)n1nc(Nc2ccc(S(=O)(=O)NCCOCc3cn(CCOCCNc4cccc5c4C(=O)N(C4CCC(=O)NC4=O)C5=O)nn3)cc2)nc1N
2443,Cc1ccsc1C(=O)n1nc(Nc2ccc(S(=O)(=O)NCCOCc3cn(CCOCCOCCNc4cccc5c4C(=O)N(C4CCC(=O)NC4=O)C5=O)nn3)cc2)nc1N
2444,Cc1ccsc1C(=O)n1nc(Nc2ccc(S(=O)(=O)NCCOCc3cn(CCOCCOCCOCCNc4cccc5c4C(=O)N(C4CCC(=O)NC4=O)C5=O)nn3)cc2)nc1N
2445,CCCS(=O)(=O)Nc1ccc(F)c(C(=O)c2c[nH]c3ncc(-c4ccc(N5CCN(CC(=O)N[C@H](C(=O)N6C[C@H](O)C[C@H]6C(=O)NCc6ccc(-c7scnc7C)cc6)C(C)(C)C)CC5)cc4)cc23)c1F
2446,CCCS(=O)(=O)Nc1ccc(F)c(C(=O)c2c[nH]c3ncc(-c4ccc(OCCCC(=O)N[C@H](C(=O)N5C[C@H](O)C[C@H]5C(=O)NCc5ccc(-c6scnc6C)cc5)C(C)(C)C)cc4)cc23)c1F
2447,CCCS(=O)(=O)Nc1ccc(F)c(C(=O)c2c[nH]c3ncc(-c4ccc(OCCOCC(=O)N[C@H](C(=O)N5C[C@H](O)C[C@H]5C(=O)NCc5ccc(-c6scnc6C)cc5)C(C)(C)C)cc4)cc23)c1F
2448,CN(CCCNC(=O)CNc1cccc2c1C(=O)N(C1CCC(=O)NC1=O)C2=O)C(C)(C)/C=C(\C#N)C(=O)N1CCC[C@@H](n2nc(-c3ccc(Oc4ccccc4)cc3)c3c(N)ncnc32)C1
2449,CN(CCCCNC(=O)CNc1cccc2c1C(=O)N(C1CCC(=O)NC1=O)C2=O)C(C)(C)/C=C(\C#N)C(=O)N1CCC[C@@H](n2nc(-c3ccc(Oc4ccccc4)cc3)c3c(N)ncnc32)C1
2450,CN(CCOCCNC(=O)CNc1cccc2c1C(=O)N(C1CCC(=O)NC1=O)C2=O)C(C)(C)/C=C(\C#N)C(=O)N1CCC[C@@H](n2nc(-c3ccc(Oc4ccccc4)cc3)c3c(N)ncnc32)C1
2451,CN(CCOCCOCCNC(=O)CNc1cccc2c1C(=O)N(C1CCC(=O)NC1=O)C2=O)C(C)(C)/C=C(\C#N)C(=O)N1CCC[C@@H](n2nc(-c3ccc(Oc4ccccc4)cc3)c3c(N)ncnc32)C1
2452,CN(CCOCCOCCOCCNC(=O)CNc1cccc2c1C(=O)N(C1CCC(=O)NC1=O)C2=O)C(C)(C)/C=C(\C#N)C(=O)N1CCC[C@@H](n2nc(-c3ccc(Oc4ccccc4)cc3)c3c(N)ncnc32)C1
2453,CN(CCNC(=O)CNc1cccc2c1C(=O)N(C1CCC(=O)NC1=O)C2=O)C(C)(C)/C=C(\C#N)C(=O)N1CCC[C@@H](n2nc(-c3ccc(Oc4ccccc4)cc3)c3c(N)ncnc32)C1
2454,CN(CCCCNc1cccc2c1C(=O)N(C1CCC(=O)NC1=O)C2=O)C(C)(C)/C=C(\C#N)C(=O)N1CCC[C@@H](n2nc(-c3ccc(Oc4ccccc4)cc3)c3c(N)ncnc32)C1
2455,CN(CCCNc1cccc2c1C(=O)N(C1CCC(=O)NC1=O)C2=O)C(C)(C)/C=C(\C#N)C(=O)N1CCC[C@@H](n2nc(-c3ccc(Oc4ccccc4)cc3)c3c(N)ncnc32)C1
2456,CN(CCCNC(=O)COc1cccc2c1C(=O)N(C1CCC(=O)NC1=O)C2=O)C(C)(C)/C=C(\C#N)C(=O)N1CCC[C@@H](n2nc(-c3ccc(Oc4ccccc4)cc3)c3c(N)ncnc32)C1
2457,CN(C/C=C/C(=O)N1CCC[C@@H](n2nc(-c3ccc(Oc4ccccc4)cc3)c3c(N)ncnc32)C1)CCCNC(=O)CNc1cccc2c1C(=O)N(C1CCC(=O)NC1=O)C2=O
2458,CN(CCCNC(=O)CNc1cccc2c1C(=O)N(C1CCC(=O)NC1=O)C2=O)CCCC(=O)N1CCC[C@@H](n2nc(-c3ccc(Oc4ccccc4)cc3)c3c(N)ncnc32)C1
2459,CN(C/C=C/C(=O)N1CCC[C@@H](n2nc(-c3ccc(Oc4ccccc4)cc3)c3c(N)ncnc32)C1)CCOCCNC(=O)CNc1cccc2c1C(=O)N(C1CCC(=O)NC1=O)C2=O
2460,CN(CCCC(=O)N1CCC[C@@H](n2nc(-c3ccc(Oc4ccccc4)cc3)c3c(N)ncnc32)C1)CCOCCNC(=O)CNc1cccc2c1C(=O)N(C1CCC(=O)NC1=O)C2=O
2461,CN(CCCNC(=O)CNc1cccc2c1C(=O)N(C1CCC(=O)NC1=O)C2=O)C(C)(C)CC(C#N)C(=O)N1CCC[C@@H](n2nc(-c3ccc(Oc4ccccc4)cc3)c3c(N)ncnc32)C1
2462,CN(CCCNC(=O)CNc1cccc2c1C(=O)N(C1CCC(=O)NC1=O)C2=O)C(C)(C)/C=C/C(=O)N1CCC[C@@H](n2nc(-c3ccc(Oc4ccccc4)cc3)c3c(N)ncnc32)C1
2463,CN(C/C=C/C(=O)N1CCC[C@@H](n2nc(-c3ccc(Oc4ccccc4)cc3)c3c(N)ncnc32)C1)CCOCCNC(=O)CNc1ccc2c(c1)C(=O)N(C1CCC(=O)NC1=O)C2=O
2464,CN(CCCC(=O)N1CCC[C@@H](n2nc(-c3ccc(Oc4ccccc4)cc3)c3c(N)ncnc32)C1)CCOCCNC(=O)CNc1ccc2c(c1)C(=O)N(C1CCC(=O)NC1=O)C2=O
2465,CN(CCOCCNC(=O)CNc1ccc2c(c1)C(=O)N(C1CCC(=O)NC1=O)C2=O)C(C)(C)/C=C(\C#N)C(=O)N1CCC[C@@H](n2nc(-c3ccc(Oc4ccccc4)cc3)c3c(N)ncnc32)C1
2466,CCCNc1nc(Nc2ccc(C#N)cc2)ncc1C#CCCCNC(=O)[C@H](C)N(C)C(=O)/C=C/CN(C)CCCNC(=O)CCNc1cccc2c1C(=O)N(C1CCC(=O)NC1=O)C2=O
2467,CCCNc1nc(Nc2ccc(C#N)cc2)ncc1C#CCCCNC(=O)[C@H](C)N(C)C(=O)CCCN(C)CCCNC(=O)CCNc1cccc2c1C(=O)N(C1CCC(=O)NC1=O)C2=O
2468,CCCNc1nc(Nc2ccc(C#N)cc2)ncc1C#CCCCNC(=O)[C@H](C)N(C)C(=O)/C(C#N)=C/C(C)(C)N(C)CCCNC(=O)CCNc1cccc2c1C(=O)N(C1CCC(=O)NC1=O)C2=O
2469,CC[C@H](C(=O)N1CCCC[C@H]1C(=O)O[C@H](CCc1ccc(OC)c(OC)c1)c1ccccc1OCC(=O)NCCCCCCC(=O)N[C@H](C(=O)N1C[C@H](O)C[C@H]1C(=O)N[C@@H](C)c1ccc(-c2scnc2C)cc1)C(C)(C)C)c1cc(OC)c(OC)c(OC)c1
2470,CC[C@H](C(=O)N1CCCC[C@H]1C(=O)O[C@H](CCc1ccc(OC)c(OC)c1)c1ccccc1OCC(=O)NCCOCCOCCOCC(=O)N[C@H](C(=O)N1C[C@H](O)C[C@H]1C(=O)N[C@@H](C)c1ccc(-c2scnc2C)cc1)C(C)(C)C)c1cc(OC)c(OC)c(OC)c1
2471,O=C1CCC(N2Cc3c(NC(=O)CCCCCCCNC(=O)c4cc(Cc5n[nH]c(=O)c6ccccc56)ccc4F)cccc3C2=O)C(=O)N1
2472,O=C1CCC(N2Cc3c(NC(=O)CCCCCCCCCCNC(=O)c4cc(Cc5n[nH]c(=O)c6ccccc56)ccc4F)cccc3C2=O)C(=O)N1
2473,O=C1CCC(N2Cc3c(NC(=O)CCCCCCCCCCCNC(=O)c4cc(Cc5n[nH]c(=O)c6ccccc56)ccc4F)cccc3C2=O)C(=O)N1
2474,Cc1ncsc1-c1ccc([C@H](C)NC(=O)[C@@H]2C[C@@H](O)CN2C(=O)[C@@H](NC(=O)CCCCNC(=O)COc2c(-c3csc(N4CCOCC4)n3)ccc(F)c2F)C(C)(C)C)cc1
2475,N#Cc1cccc(-c2c[nH]c3ncnc(N4CCOC(CNC(=O)CCCC(=O)Nc5cccc6c5C(=O)N(C5CCC(=O)NC5=O)C6=O)C4)c23)c1
2476,N#Cc1cccc(-c2c[nH]c3ncnc(N4CCOC(CC(=O)NCCCNc5cccc6c5C(=O)N(C5CCC(=O)NC5=O)C6=O)C4)c23)c1
2477,N#Cc1cccc(-c2c[nH]c3ncnc(N4CCOC(C(=O)NCC5CCN(CC(=O)Nc6cccc7c6C(=O)N(C6CCC(=O)NC6=O)C7=O)CC5)C4)c23)c1
2478,N#Cc1cccc(-c2c[nH]c3ncnc(N4CCN(C(=O)CCCC(=O)Nc5cccc6c5C(=O)N(C5CCC(=O)NC5=O)C6=O)CC4)c23)c1
2479,CCNc1nc(Nc2cc(F)c(C(=O)N3CCOC(CNC(=O)CCCC(=O)Nc4cccc5c4C(=O)N(C4CCC(=O)NC4=O)C5=O)C3)cc2OC)ncc1C(F)(F)F
2480,CCNc1nc(Nc2cc(F)c(C(=O)NCC3CCN(C(=O)Nc4cccc5c4C(=O)N(C4CCC(=O)NC4=O)C5=O)CC3)cc2OC)ncc1C(F)(F)F
2481,CCNc1nc(Nc2cc(F)c(C(=O)NCCCCNc3cccc4c3C(=O)N(C3CCC(=O)NC3=O)C4=O)cc2OC)ncc1C(F)(F)F
2482,CC(C)C[C@H](NC(=O)[C@@H](O)[C@H](N)Cc1ccccc1)C(=O)NCCCCCC(=O)Nc1ccc(NC(=O)CCCCCCC(=O)NO)cc1
2483,CC(C)C[C@H](NC(=O)[C@@H](O)[C@H](N)Cc1ccccc1)C(=O)NCCOCCOCCNC(=O)c1cccc(C(=O)NO)c1
2484,CC(C)C[C@H](NC(=O)[C@@H](O)[C@H](N)Cc1ccccc1)C(=O)NCCOCCOCC(=O)Nc1cccc(C(=O)NO)c1
2485,CNC(=O)c1ccccc1Nc1cc(Nc2ccc(N3CCN(CCCCCCNC(=O)COc4cccc5c4C(=O)N(C4CCC(=O)NC4=O)C5=O)CC3)cc2OC)ncc1C(F)(F)F
2486,CNC(=O)c1ccccc1Nc1cc(Nc2ccc(N3CCN(CCOCCOCCNC(=O)CNc4cccc5c4C(=O)N(C4CCC(=O)NC4=O)C5=O)CC3)cc2OC)ncc1C(F)(F)F
2487,CNC(=O)c1ccccc1Nc1cc(Nc2ccc(N3CCN(CCCCCCCCNC(=O)CNc4cccc5c4C(=O)N(C4CCC(=O)NC4=O)C5=O)CC3)cc2OC)ncc1C(F)(F)F
2488,CNC(=O)c1ccccc1Nc1cc(Nc2ccc(N3CCN(CCCCCCCCNc4cccc5c4C(=O)N(C4CCC(=O)NC4=O)C5=O)CC3)cc2OC)ncc1C(F)(F)F
2489,CS(=O)(=O)c1cccc(CNc2nc(Nc3ccc(C(=O)NCCCCCCCCNC(=O)COc4cccc5c4C(=O)N(C4CCC(=O)NC4=O)C5=O)cc3)ncc2C(F)(F)F)c1
2490,CNC(=O)c1ccccc1Nc1cc(Nc2cc(C)c(C3CCN(CCCCCCNC(=O)COc4cccc5c4C(=O)N(C4CCC(=O)NC4=O)C5=O)CC3)cc2OC(C)C)ncc1C(F)(F)F
2491,C[C@@H]1Cc2c([nH]c3ccccc23)[C@@H](c2cnc(N3CCC(CCN4CCN(c5ccc6c(c5)CN(C5CCC(=O)NC5=O)C6=O)CC4)CC3)nc2)N1CC(C)(C)F
2492,C[C@@H]1Cc2c([nH]c3ccccc23)[C@@H](c2cnc(N3CCC(OCCN4CCN(c5ccc6c(c5)CN(C5CCC(=O)NC5=O)C6=O)CC4)CC3)nc2)N1CC(C)(C)F
2493,C[C@@H]1Cc2c([nH]c3ccccc23)[C@@H](c2c(F)cc(OCCCCCN3CCN(c4ccc5c(c4)CN(C4CCC(=O)NC4=O)C5=O)CC3)cc2F)N1CC(C)(C)F
2494,C[C@@H]1Cc2c([nH]c3ccccc23)[C@@H](c2cnc(N3CCC(CN4CCN(CC5CCN(c6ccc7c(c6)CN(C6CCC(=O)NC6=O)C7=O)CC5)CC4)CC3)nc2)N1CC(C)(C)F
2495,C[C@@H]1Cc2c([nH]c3ccccc23)[C@@H](c2cnc(N3CCC4(CCN(CCC5CCN(c6ccc7c(c6)CN(C6CCC(=O)NC6=O)C7=O)CC5)CC4)CC3)nc2)N1CC(C)(C)F
2496,C[C@@H]1Cc2c([nH]c3ccccc23)[C@@H](c2cnc(N3CCC(CCN4CCC5(CC4)CCN(c4ccc6c(c4)CN(C4CCC(=O)NC4=O)C6=O)CC5)CC3)nc2)N1CC(C)(C)F
2497,COc1cc(N2CCN(CCC3CCN(c4ncc([C@@H]5c6[nH]c7ccccc7c6C[C@@H](C)N5CC(C)(C)F)cn4)CC3)CC2)cc2c1C(=O)N(C1CCC(=O)NC1=O)C2
2498,C[C@@H]1Cc2c([nH]c3ccccc23)[C@@H](c2cnc(N3CCC(CN4CCOC5(CC4)CCN(c4ccc6c(c4)CN(C4CCC(=O)NC4=O)C6=O)CC5)CC3)nc2)N1CC(C)(C)F
2499,C[C@@H]1Cc2c([nH]c3ccccc23)[C@@H](c2cnc(N3CCC(CCN4CCOC5(CC4)CCN(c4ccc6c(c4)CN(C4CCC(=O)NC4=O)C6=O)CC5)CC3)nc2)N1CC(C)(C)F
2500,C[C@@H]1Cc2c([nH]c3ccccc23)[C@@H](c2cnc(N3CCC4(CC3)CC(CN3CC5(CCN(c6ccc7c(c6)CN(C6CCC(=O)NC6=O)C7=O)CC5)C3)C4)nc2)N1CC(C)(C)F
2501,COc1cc(N2CCN(CC3CCN(c4ncc([C@@H]5c6[nH]c7ccccc7c6C[C@@H](C)N5CC(C)(C)F)cn4)CC3)CC2)cc2c1C(=O)N(C1CCC(=O)NC1=O)C2
2502,C[C@@H]1Cc2c([nH]c3ccccc23)[C@@H](c2cnc(OC3CCC4(CC3)CCN(CC3CCN(c5ccc6c(c5)CN(C5CCC(=O)NC5=O)C6=O)CC3)CC4)nc2)N1CC(C)(C)F
2503,Cc1ncsc1-c1ccc(CNC(=O)[C@@H]2C[C@@H](O)CN2C(=O)[C@@H](NC(=O)C2(F)CC2)C(C)(C)C)c(OCCc2ccc(OCCN3CCN(c4cc(-c5ccccc5O)nnc4N)CC3)cc2)c1
2504,Cc1ncsc1-c1ccc(CNC(=O)[C@@H]2C[C@@H](O)CN2C(=O)[C@@H](NC(=O)C2(F)CC2)C(C)(C)C)c(OCCCOc2ccc(CN3CCN(c4cc(-c5ccccc5O)nnc4N)CC3)cc2)c1
2505,Cc1ncsc1-c1ccc(CNC(=O)[C@@H]2C[C@@H](O)CN2C(=O)[C@@H](NC(=O)C2(F)CC2)C(C)(C)C)c(OCCCc2ccc(CN3CCN(c4cc(-c5ccccc5O)nnc4N)CC3)cc2)c1
2506,Cc1ncsc1-c1ccc(CNC(=O)[C@@H]2C[C@@H](O)CN2C(=O)[C@@H](NC(=O)C2(F)CC2)C(C)(C)C)c(OCCc2ccc(CN3CCN(c4cc(-c5ccccc5O)nnc4N)CC3)c(F)c2)c1
2507,Cc1[nH]nc(Nc2cc(NCCCNC(=O)CCCCCCNC(=O)COc3cccc4c3C(=O)N(C3CCC(=O)NC3=O)C4=O)nc(Nc3ccc(CC#N)cc3)n2)c1C
2508,CCc1c[nH]nc1Nc1cc(NCCCNC(=O)CCCCCCNC(=O)COc2cccc3c2C(=O)N(C2CCC(=O)NC2=O)C3=O)nc(Nc2ccc(CC#N)cc2)n1
2509,Cc1ncsc1-c1ccc([C@H](C)NC(=O)[C@@H]2C[C@@H](O)CN2C(=O)[C@@H](NC(=O)CCCCCCCC(=O)NCCCNc2cc(Nc3cc(C4CC4)[nH]n3)nc(Nc3ccc(CC#N)cc3)n2)C(C)(C)C)cc1
2510,Cc1ncsc1-c1ccc([C@H](C)NC(=O)[C@@H]2C[C@@H](O)CN2C(=O)[C@@H](NC(=O)CCCCCCCC(=O)N2CC[C@H](NC3=Nc4cc(F)ccc4N(CC(F)F)c4ccc(Cl)cc43)C2)C(C)(C)C)cc1
2511,O=C1CCC(N2C(=O)c3cccc(NCCCCn4cc(-c5ccc(-c6cncc(Cl)c6N6CCC7(CCNC7=O)CC6)cc5)cn4)c3C2=O)C(=O)N1
2512,O=C(COc1cccc2c1C(=O)N(C1CCC(=O)NC1=O)C2=O)NCCCCCCCN1CCc2cc(Nc3ncc(C4CC4)c(NCCCNC(=O)C4CCC4)n3)ccc2C1
2513,Cc1ncsc1-c1ccc([C@H](C)NC(=O)[C@@H]2C[C@@H](O)CN2C(=O)[C@@H](NC(=O)CCCCCN2CCc3cc(Nc4ncc(C5CC5)c(NCCCNC(=O)C5CCC5)n4)ccc3C2)C(C)(C)C)cc1
2514,O=C(CNC(=O)c1cccc(-c2cc(Nc3ccc(OC(F)(F)F)cc3)ncn2)c1)NCCCOCCOCCOCCCNC(=O)COc1cccc2c1C(=O)N(C1CCC(=O)NC1=O)C2=O
2515,Cc1nc(Nc2ncc(C(=O)Nc3c(C)cccc3Cl)s2)cc(N2CCN(CC(=O)NCCCOCCOCCOCCCNC(=O)COc3cccc4c3C(=O)N(C3CCC(=O)NC3=O)C4=O)CC2)n1
2516,CS(=O)(=O)Nc1cccc(-c2csc3cnc(Nc4ccc(N5CCN(CCCCCOc6cccc7c6C(=O)N(C6CCC(=O)NC6=O)C7=O)CC5)cc4)nc23)c1
2517,Cc1ccc(NC(=O)c2cccc(C(F)(F)F)c2)cc1N1Cc2cnc(Nc3ccc(N4CCN(Cc5cn(CCCCCOc6cccc7c6C(=O)N(C6CCC(=O)NC6=O)C7=O)nn5)CC4)nc3)nc2N(C)C1=O
2518,Cc1ccc(NC(=O)c2cccc(C(F)(F)F)c2)cc1N1Cc2cnc(Nc3ccc(N4CCN(CCOc5cccc6c5C(=O)N(C5CCC(=O)NC5=O)C6=O)CC4)nc3)nc2N(C)C1=O
2519,Cc1ccc(NC(=O)c2cccc(C(F)(F)F)c2)cc1N1Cc2cnc(Nc3ccc(N4CCN(CCCOc5cccc6c5C(=O)N(C5CCC(=O)NC5=O)C6=O)CC4)nc3)nc2N(C)C1=O
2520,Cc1ccc(NC(=O)c2cccc(C(F)(F)F)c2)cc1N1Cc2cnc(Nc3ccc(N4CCN(CCCCCCOc5cccc6c5C(=O)N(C5CCC(=O)NC5=O)C6=O)CC4)nc3)nc2N(C)C1=O
2521,Cc1ccc(NC(=O)c2cccc(C(F)(F)F)c2)cc1N1Cc2cnc(Nc3ccc(N4CCN(CCCCC(=O)N[C@H](C(=O)N5C[C@H](O)C[C@H]5C(=O)N[C@@H](C)c5ccc(-c6scnc6C)cc5)C(C)(C)C)CC4)nc3)nc2N(C)C1=O
2522,Cc1ccc(NC(=O)c2cccc(C(F)(F)F)c2)cc1N1Cc2cnc(Nc3ccc(N4CCN(CCCCCC(=O)N[C@H](C(=O)N5C[C@H](O)C[C@H]5C(=O)N[C@@H](C)c5ccc(-c6scnc6C)cc5)C(C)(C)C)CC4)nc3)nc2N(C)C1=O
2523,CN[C@@H](C)C(=O)N[C@H](C(=O)N1CCC[C@H]1c1nc(C(=O)c2cccc(OCCCCCn3cc(CN4CCN(c5ccc(Nc6ncc7c(n6)N(C)C(=O)N(c6cc(NC(=O)c8cccc(C(F)(F)F)c8)ccc6C)C7)cn5)CC4)nn3)c2)cs1)C1CCCCC1
2524,Cc1ccc(NC(=O)c2cccc(C(C)(C)C#N)c2)cc1Nc1ccc2ncn(CCOCCOCCC(=O)N[C@H](C(=O)N3C[C@H](O)C[C@H]3C(=O)NCc3ccc(-c4scnc4C)cc3)C(C)(C)C)c(=O)c2c1
2525,CC(C)(C)c1nc(-c2cccc(NS(=O)(=O)c3c(F)cccc3F)c2F)c(-c2ccnc(NCCOCCNC(=O)CCOCCOCCNc3cccc4c3C(=O)N(C3CCC(=O)NC3=O)C4=O)n2)s1
2526,CC(C)(C)c1nc(-c2cccc(NS(=O)(=O)c3c(F)cccc3F)c2F)c(-c2ccnc(NCCOCCNC(=O)CCOCCOCCNc3cccc4c3CN(C3CCC(=O)NC3=O)C4=O)n2)s1
2527,Nc1ncnc2c1c(-c1ccc(Oc3ccccc3)cc1)nn2[C@@H]1CCCN(C(=O)CCCN2CCN(CCNC(=O)CCOCCOCCNc3cccc4c3C(=O)N(C3CCC(=O)NC3=O)C4=O)CC2)C1
2528,Cc1ncsc1-c1ccc([C@H](C)NC(=O)[C@@H]2C[C@@H](O)CN2C(=O)[C@@H](NC(=O)CCOCCOCCNc2nccc(-c3sc(C(C)(C)C)nc3-c3cccc(NS(=O)(=O)c4c(F)cccc4F)c3F)n2)C(C)(C)C)cc1
2529,Cc1ncsc1-c1ccc([C@H](C)NC(=O)[C@@H]2C[C@@H](O)CN2C(=O)[C@@H](NC(=O)COCCOCCOCCNC(=O)c2ccc(NC(=O)C3(C(=O)Nc4cc(F)c(Oc5ccnc(-c6cnn(C)c6)c5)cc4F)CC3)cc2)C(C)(C)C)cc1
2530,CCCS(=O)(=O)Nc1ccc(F)c(C(=O)c2c[nH]c3ncc(-c4ccc(C(=O)NCCCCCCCCNC(=O)COc5cccc6c5C(=O)N(C5CCC(=O)NC5=O)C6=O)cc4)cc23)c1F
2531,O=C1CCC(N2C(=O)c3cccc(NCCOCCOCCOCCOCCC(=O)Nc4cccc(CN5CCC(NC(=O)c6[nH]ncc6NC(=O)c6c(Cl)cccc6Cl)CC5)c4)c3C2=O)C(=O)N1
2532,COc1cc(N2CCN(CCOCCOCCC(=O)N[C@H](C(=O)N3C[C@H](O)C[C@H]3C(=O)N[C@@H](C)c3ccc(-c4scnc4C)cc3)C(C)(C)C)CC2)ccc1Nc1ncc2c(n1)N(C)c1ccccc1C(=O)N2CC(F)(F)F
2533,Cc1ncsc1-c1ccc([C@H](C)NC(=O)[C@@H]2C[C@@H](O)CN2C(=O)[C@@H](NC(=O)CCOCCOCCN2CCN(c3ccc(Nc4ncc(Cl)c(Nc5ccccc5S(=O)(=O)C(C)C)n4)cc3)CC2)C(C)(C)C)cc1
2534,Cc1ccc(NC(=O)c2ccc(CN3CCN(C(=O)CCC(=O)NCCCCCCCCNC(=O)COc4cccc5c4C(=O)N(C4CCC(=O)NC4=O)C5=O)CC3)cc2)cc1Nc1nccc(-c2cccnc2)n1
2535,Cc1ccc(NC(=O)c2ccc(CN3CCN(CC(=O)NCCCCCCCCNC(=O)COc4cccc5c4C(=O)N(C4CCC(=O)NC4=O)C5=O)CC3)cc2)cc1Nc1nccc(-c2cccnc2)n1
2536,O=C(COc1cccc2c1C(=O)N(C1CCC(=O)NC1=O)C2=O)NCCCCCCCC(=O)NC1(c2ccc(-c3nc4ccn5c(=O)[nH]nc5c4cc3-c3ccccc3)cc2)CCC1
2537,Cc1ncsc1-c1ccc([C@H](C)NC(=O)[C@@H]2C[C@@H](O)CN2C(=O)[C@@H](NC(=O)CCCCCCCCCOc2cccc(-c3ccc4nc(-c5cccnc5N)n(-c5ccc(CN)cc5)c4n3)c2)C(C)(C)C)cc1
2538,Cc1ncsc1-c1ccc([C@H](C)NC(=O)[C@@H]2C[C@@H](O)CN2C(=O)[C@@H](NC(=O)CCOCCCNC[C@@H](C(=O)N2CCN(c3ncnc4c3[C@H](C)CC4)CC2)c2ccc(Cl)cc2)C(C)(C)C)cc1
2539,C[C@@H]1C[C@@H](O)c2ncnc(N3CCN(C(=O)[C@H](CNCCCCCCCCNC(=O)COc4cccc5c4C(=O)N(C4CCC(=O)NC4=O)C5=O)c4ccc(Cl)cc4)CC3)c21
2540,CNc1cc(Nc2cc(C)cc(OCCOCCOCCOCCC(=O)N[C@H](C(=O)N3C[C@H](O)C[C@H]3C(=O)N[C@@H](C)c3ccc(-c4scnc4C)cc3)C(C)(C)C)c2)nn2c(C(N)=O)cnc12
2541,Cc1ncsc1-c1ccc([C@H](C)NC(=O)[C@@H]2C[C@@H](O)CN2C(=O)[C@@H](NC(=O)CCOCCOCCNC[C@H](Cc2cccc(F)c2)NC(=O)c2cc(-c3c(Cl)cnn3C)c(Cl)s2)C(C)(C)C)cc1
2542,Cc1ncsc1-c1ccc([C@H](C)NC(=O)[C@@H]2C[C@@H](O)CN2C(=O)[C@@H](NC(=O)CCCCOc2ccccc2-c2ccc3nc(-c4cccnc4N)n(-c4ccc(C5(N)CCC5)cc4)c3n2)C(C)(C)C)cc1
2543,Cc1cnc(Nc2ccc(N3CCN(CCOCCOCCNC(=O)COc4cccc5c4C(=O)N(C4CCC(=O)NC4=O)C5=O)CC3)cc2)nc1Nc1cccc(S(=O)(=O)NC(C)(C)C)c1
2544,CS(=O)(=O)c1ccc(-c2cccn3nc(Nc4cccc(N5CCN(CCCCCCNC(=O)COc6cccc7c6C(=O)N(C6CCC(=O)NC6=O)C7=O)CC5)c4)nc23)cc1
2545,Cc1cnc(Nc2ccc(N3CCN(CCOCCOCCC(=O)N[C@H](C(=O)N4C[C@H](O)C[C@H]4C(=O)N[C@@H](C)c4ccc(-c5scnc5C)cc4)C(C)(C)C)CC3)cc2)nc1Nc1cccc(S(=O)(=O)NC(C)(C)C)c1
2546,Cc1cnc(Nc2ccc(N3CCN(CCCCCCC(=O)N[C@H](C(=O)N4C[C@H](O)C[C@H]4C(=O)N[C@@H](C)c4ccc(-c5scnc5C)cc4)C(C)(C)C)CC3)cc2)nc1Nc1cccc(S(=O)(=O)NC(C)(C)C)c1
2547,Cc1ncsc1-c1ccc([C@H](C)NC(=O)[C@@H]2C[C@@H](O)CN2C(=O)[C@@H](NC(=O)CCCCCCN2CCN(c3cccc(Nc4nc5c(-c6ccc(S(C)(=O)=O)cc6)cccn5n4)c3)CC2)C(C)(C)C)cc1
2548,Cc1ncsc1-c1ccc([C@H](C)NC(=O)[C@@H]2C[C@@H](O)CN2C(=O)[C@@H](NC(=O)CCCCCCc2ccc(Nc3ncc4c(n3)-c3ccccc3NC(=O)N4)cc2)C(C)(C)C)cc1
2549,CC(C)S(=O)(=O)c1ccccc1Nc1nc(Nc2ccc(N3CCN(CCOCCOCCNC(=O)CNc4ccc5c(c4)C(=O)N(C4CCC(=O)NC4=O)C5=O)CC3)cc2)ncc1Cl
2550,CCc1cnn2c(N(Cc3ccc(N)nc3)C(=O)CCOCCOCCOCCNC(=O)CNc3cccc4c3C(=O)N(C3CCC(=O)NC3=O)C4=O)cc(N3CCCC[C@H]3CCO)nc12
2551,O=C1CCC(N2C(=O)c3cccc(NCCCCCCCCN4CCC(NC(=O)c5[nH]ncc5NC(=O)c5c(Cl)cccc5Cl)CC4)c3C2=O)C(=O)N1
2552,CS(=O)(=O)Nc1cccc(-c2csc3cnc(Nc4ccc(N5CCN(CCOCCOCCOc6cccc7c6C(=O)N(C6CCC(=O)NC6=O)C7=O)CC5)cc4)nc23)c1
2553,Cc1ncsc1-c1ccc([C@H](C)NC(=O)[C@@H]2C[C@@H](O)CN2C(=O)[C@@H](NC(=O)CCCCCN2CCN(c3ccc(Nc4ncc5scc(-c6cccc(NS(C)(=O)=O)c6)c5n4)cc3)CC2)C(C)(C)C)cc1
2554,Nc1ncnc2c1c(-c1ccc(Oc3ccccc3)cc1)nn2[C@H]1CC[C@H](N2CCN(CCOCCNC(=O)CNc3cccc4c3C(=O)N(C3CCC(=O)NC3=O)C4=O)CC2)CC1
2555,Cc1ccc(C(=O)Nc2ccc(CN3CCN(CCCOCCOCCOCCNC(=O)COc4cccc5c4C(=O)N(C4CCC(=O)NC4=O)C5=O)CC3)c(C(F)(F)F)c2)cc1C#Cc1cnc2cccnn12
2556,N#CCc1ccc(Nc2nc(NCCCNC(=O)CCCCCCNC(=O)COc3cccc4c3C(=O)N(C3CCC(=O)NC3=O)C4=O)cc(Nc3cc(C4CC4)n[nH]3)n2)cc1
2557,Cn1c(=O)c(-c2c(Cl)cccc2Cl)cc2cnc(Nc3ccc(OCCNC(=O)CCCCCCNC(=O)COc4cccc5c4C(=O)N(C4CCC(=O)NC4=O)C5=O)cc3)nc21
2558,O=C(CCCCCCNC(=O)COc1cccc2c1C(=O)N(C1CCC(=O)NC1=O)C2=O)NCCOc1ccc(Nc2ncc3ccc(=O)n(C4CC5CCC4C5)c3n2)cc1
2559,Nc1ncnc2c1c(-c1ccc(Oc3ccccc3)cc1)nn2[C@H]1CC[C@H](N2CCN(CCCCCCNC(=O)COc3cccc4c3C(=O)N(C3CCC(=O)NC3=O)C4=O)CC2)CC1
2560,CC(C)S(=O)(=O)c1ccccc1Nc1nc(Nc2ccc(N3CCN(CCOCCOCCOCCNC(=O)CNc4cccc5c4C(=O)N(C4CCC(=O)NC4=O)C5=O)CC3)cc2)ncc1Cl
2561,CC(C)S(=O)(=O)c1ccccc1Nc1nc(Nc2ccc(N3CCN(CCOCCOCCOCCNC(=O)CNc4ccc5c(c4)C(=O)N(C4CCC(=O)NC4=O)C5=O)CC3)cc2)ncc1Cl
2562,CC(C)S(=O)(=O)c1ccccc1Nc1nc(Nc2ccc(N3CCN(CCOCCNC(=O)CNc4cccc5c4C(=O)N(C4CCC(=O)NC4=O)C5=O)CC3)cc2)ncc1Cl
2563,CC(C)S(=O)(=O)c1ccccc1Nc1nc(Nc2ccc(N3CCN(CCOCCNC(=O)CNc4ccc5c(c4)C(=O)N(C4CCC(=O)NC4=O)C5=O)CC3)cc2)ncc1Cl
2564,Cc1ccc(C(=O)Nc2ccc(CN3CCN(CCOCCOCCNC(=O)CNc4cccc5c4C(=O)N(C4CCC(=O)NC4=O)C5=O)CC3)c(C(F)(F)F)c2)cc1C#Cc1cnc2cccnn12
2565,CC(C)(C)c1cc(NC(=O)Nc2ccc(Oc3ccnc(C(=O)NCCOCCOCCNC(=O)CNc4cccc5c4C(=O)N(C4CCC(=O)NC4=O)C5=O)c3)cc2F)n(-c2ccc3ncccc3c2)n1
2566,O=C(COc1cccc2c1C(=O)N(C1CCC(=O)NC1=O)C2=O)NCCC(=O)Nc1ccc(C(=O)Nc2cccc(Nc3cc(-c4c[nH]c5ccccc45)ncn3)c2)cc1
2567,Nc1ncc(-c2ccc(S(=O)(=O)N(CCCNC(=O)CCOCCOCCOCCOCCOCCNc3cccc4c3C(=O)N(C3CCC(=O)NC3=O)C4=O)C3CC3)cc2)cc1-c1ccc2c(c1)CCNC2=O
2568,Nc1ncc(-c2ccc(S(=O)(=O)N(CCCNC(=O)CCOCCOCCOCCOCCOCCNc3cccc4c3C(=O)N(C3CCC(=O)NC3=O)C4=O)C3CC3)cc2F)cc1-c1ccc2c(c1)CCNC2=O
2569,CN1c2ccccc2C(=O)Nc2cnc(Nc3ccc(N4CCN(C(=O)CCOCCNc5cccc6c5C(=O)N(C5CCC(=O)NC5=O)C6=O)CC4)cc3)nc21
2570,Cc1ncsc1-c1ccc(CNC(=O)[C@H]2C[C@H](O)CN2C(=O)[C@@H](NC(=O)CCOCCOCCOCCN2CCC(C(=O)Nc3ncc(SCc4ncc(C(C)(C)C)o4)s3)CC2)C(C)(C)C)cc1
2571,CCc1cc2c(cc1N1CCC(N3CCN(C(=O)CCOCCOCCNc4cccc5c4C(=O)N(C4CCC(=O)NC4=O)C5=O)CC3)CC1)C(C)(C)c1[nH]c3cc(C#N)ccc3c1C2=O
2572,CCc1cc2c(cc1N1CCC(N3CCN(C(=O)CCOCCOCCOCCOCCNc4cccc5c4C(=O)N(C4CCC(=O)NC4=O)C5=O)CC3)CC1)C(C)(C)c1[nH]c3cc(C#N)ccc3c1C2=O
2573,CCc1cc2c(cc1N1CCC(N3CCN(C(=O)CNc4cccc5c4C(=O)N(C4CCC(=O)NC4=O)C5=O)CC3)CC1)C(C)(C)c1[nH]c3cc(C#N)ccc3c1C2=O
2574,CCc1cc2c(cc1N1CCC(N3CCN(C(=O)CCCCC(=O)N[C@H](C(=O)N4C[C@H](O)C[C@H]4C(=O)NCc4ccc(-c5scnc5C)cc4)C(C)(C)C)CC3)CC1)C(C)(C)c1[nH]c3cc(C#N)ccc3c1C2=O
2575,CCc1cc2c(cc1N1CCC(N3CCN(C(=O)CCCCCCCCC(=O)N[C@H](C(=O)N4C[C@H](O)C[C@H]4C(=O)NCc4ccc(-c5scnc5C)cc4)C(C)(C)C)CC3)CC1)C(C)(C)c1[nH]c3cc(C#N)ccc3c1C2=O
2576,CCc1cc2c(cc1N1CCN(C(=O)CCOCCOCCNc3cccc4c3C(=O)N(C3CCC(=O)NC3=O)C4=O)CC1)C(C)(C)c1[nH]c3cc(C#N)ccc3c1C2=O
2577,CCc1cc2c(cc1N1CCN(C(=O)CCOCCOCCOCCOCCNc3cccc4c3C(=O)N(C3CCC(=O)NC3=O)C4=O)CC1)C(C)(C)c1[nH]c3cc(C#N)ccc3c1C2=O
2578,CCc1cc2c(cc1N1CCC(NC(=O)CCOCCOCCNc3cccc4c3C(=O)N(C3CCC(=O)NC3=O)C4=O)CC1)C(C)(C)c1[nH]c3cc(C#N)ccc3c1C2=O
2579,CCc1cc2c(cc1N1CCC(NC(=O)CCOCCOCCOCCOCCNc3cccc4c3C(=O)N(C3CCC(=O)NC3=O)C4=O)CC1)C(C)(C)c1[nH]c3cc(C#N)ccc3c1C2=O
2580,CCc1cc2c(cc1N1CCN(C(=O)CNc3cccc4c3C(=O)N(C3CCC(=O)NC3=O)C4=O)CC1)C(C)(C)c1[nH]c3cc(C#N)ccc3c1C2=O
2581,CCc1cc2c(cc1N1CCN(C(=O)CCCNc3cccc4c3C(=O)N(C3CCC(=O)NC3=O)C4=O)CC1)C(C)(C)c1[nH]c3cc(C#N)ccc3c1C2=O
2582,CCc1cc2c(cc1N1CCN(C(=O)CCCCCNc3cccc4c3C(=O)N(C3CCC(=O)NC3=O)C4=O)CC1)C(C)(C)c1[nH]c3cc(C#N)ccc3c1C2=O
2583,CCc1cc2c(cc1N1CCC(NC(=O)CNc3cccc4c3C(=O)N(C3CCC(=O)NC3=O)C4=O)CC1)C(C)(C)c1[nH]c3cc(C#N)ccc3c1C2=O
2584,CCc1cc2c(cc1N1CCC(NC(=O)CCCNc3cccc4c3C(=O)N(C3CCC(=O)NC3=O)C4=O)CC1)C(C)(C)c1[nH]c3cc(C#N)ccc3c1C2=O
2585,CCc1cc2c(cc1N1CCC(NC(=O)CCCCCNc3cccc4c3C(=O)N(C3CCC(=O)NC3=O)C4=O)CC1)C(C)(C)c1[nH]c3cc(C#N)ccc3c1C2=O
2586,CCc1cc2c(cc1N1CCC(N3CCN(C(=O)CCCNc4cccc5c4C(=O)N(C4CCC(=O)NC4=O)C5=O)CC3)CC1)C(C)(C)c1[nH]c3cc(C#N)ccc3c1C2=O
2587,CCc1cc2c(cc1N1CCC(N3CCN(C(=O)CCCCCNc4cccc5c4C(=O)N(C4CCC(=O)NC4=O)C5=O)CC3)CC1)C(C)(C)c1[nH]c3cc(C#N)ccc3c1C2=O
2588,CCc1cc2c(cc1N1CCC(N3CCN(C(=O)CNc4cccc5c4CN(C4CCC(=O)NC4=O)C5=O)CC3)CC1)C(C)(C)c1[nH]c3cc(C#N)ccc3c1C2=O
2589,CCc1cc2c(cc1N1CCC(N3CCN(C(=O)CCCNc4cccc5c4CN(C4CCC(=O)NC4=O)C5=O)CC3)CC1)C(C)(C)c1[nH]c3cc(C#N)ccc3c1C2=O
2590,CCc1cc2c(cc1N1CCC(N3CCN(C(=O)CCCCNc4cccc5c4CN(C4CCC(=O)NC4=O)C5=O)CC3)CC1)C(C)(C)c1[nH]c3cc(C#N)ccc3c1C2=O
2591,CCc1cc2c(cc1N1CCC(N3CCN(C(=O)CCCCCNc4cccc5c4CN(C4CCC(=O)NC4=O)C5=O)CC3)CC1)C(C)(C)c1[nH]c3cc(C#N)ccc3c1C2=O
2592,CCc1cc2c(cc1N1CCC(N3CCN(C(=O)CCCCCCNc4cccc5c4CN(C4CCC(=O)NC4=O)C5=O)CC3)CC1)C(C)(C)c1[nH]c3cc(C#N)ccc3c1C2=O
2593,CCc1cc2c(cc1N1CCC(N3CCN(CCCC#Cc4cccc5c4CN(C4CCC(=O)NC4=O)C5=O)CC3)CC1)C(C)(C)c1[nH]c3cc(C#N)ccc3c1C2=O
2594,CCc1cc2c(cc1N1CCC(N3CCN(CCCCC#Cc4cccc5c4CN(C4CCC(=O)NC4=O)C5=O)CC3)CC1)C(C)(C)c1[nH]c3cc(C#N)ccc3c1C2=O
2595,CCc1cc2c(cc1N1CCC(N3CCN(CCCCCC#Cc4cccc5c4CN(C4CCC(=O)NC4=O)C5=O)CC3)CC1)C(C)(C)c1[nH]c3cc(C#N)ccc3c1C2=O
2596,CCc1cc2c(cc1N1CCC(N3CCN(CCCCCCC#Cc4cccc5c4CN(C4CCC(=O)NC4=O)C5=O)CC3)CC1)C(C)(C)c1[nH]c3cc(C#N)ccc3c1C2=O
2597,CCc1cc2c(cc1N1CCC(N3CCN(CCCCCCCC#Cc4cccc5c4CN(C4CCC(=O)NC4=O)C5=O)CC3)CC1)C(C)(C)c1[nH]c3cc(C#N)ccc3c1C2=O
2598,C=CC(=O)Nc1cc2c(Nc3ccc(F)c(Cl)c3)ncnc2cc1OCCCN1CCN(C(=O)CNc2cccc3c2C(=O)N(C2CCC(=O)NC2=O)C3=O)CC1
2599,C=CC(=O)Nc1cc2c(Nc3ccc(F)c(Cl)c3)ncnc2cc1OCCCN1CCN(C(=O)CCNc2cccc3c2C(=O)N(C2CCC(=O)NC2=O)C3=O)CC1
2600,C=CC(=O)Nc1cc2c(Nc3ccc(F)c(Cl)c3)ncnc2cc1OCCCN1CCN(C(=O)CCCNc2cccc3c2C(=O)N(C2CCC(=O)NC2=O)C3=O)CC1
2601,C=CC(=O)Nc1cc2c(Nc3ccc(F)c(Cl)c3)ncnc2cc1OCCCN1CCN(C(=O)CCCCNc2cccc3c2C(=O)N(C2CCC(=O)NC2=O)C3=O)CC1
2602,C=CC(=O)Nc1cc2c(Nc3ccc(F)c(Cl)c3)ncnc2cc1OCCCN1CCN(C(=O)CCCCCNc2cccc3c2C(=O)N(C2CCC(=O)NC2=O)C3=O)CC1
2603,C=CC(=O)Nc1cc2c(Nc3ccc(F)c(Cl)c3)ncnc2cc1OCCCN1CCN(C(=O)CCCCCCNc2cccc3c2C(=O)N(C2CCC(=O)NC2=O)C3=O)CC1
2604,C[C@@H]1OCC2(CCN(c3cnc(Sc4cccc(NC(=O)CCC(=O)NCCOCCNc5cccc6c5C(=O)N(C5CCC(=O)NC5=O)C6=O)c4Cl)c(N)n3)CC2)[C@@H]1N
2605,C[C@@H]1OCC2(CCN(c3cnc(Sc4cccc(NC(=O)CCC(=O)NCCOCCOCCNc5cccc6c5C(=O)N(C5CCC(=O)NC5=O)C6=O)c4Cl)c(N)n3)CC2)[C@@H]1N
2606,C[C@@H]1OCC2(CCN(c3cnc(Sc4cccc(NC(=O)CCC(=O)NCCOCCOCCOCCNc5cccc6c5C(=O)N(C5CCC(=O)NC5=O)C6=O)c4Cl)c(N)n3)CC2)[C@@H]1N
2607,C[C@@H]1OCC2(CCN(c3cnc(Sc4cccc(NC(=O)CCC(=O)NCCCOCCOCCOCCCNc5cccc6c5C(=O)N(C5CCC(=O)NC5=O)C6=O)c4Cl)c(N)n3)CC2)[C@@H]1N
2608,C[C@@H]1CCC2(CCN(c3cnc(Sc4cccc(NC(=O)CCC(=O)NCCOCCNc5ccc6c(c5)C(=O)N(C5CCC(=O)NC5=O)C6=O)c4Cl)c(N)n3)CC2)[C@@H]1N
2609,C[C@@H]1CCC2(CCN(c3cnc(Sc4cccc(NC(=O)CCC(=O)NCCOCCOCCNc5ccc6c(c5)C(=O)N(C5CCC(=O)NC5=O)C6=O)c4Cl)c(N)n3)CC2)[C@@H]1N
2610,C[C@@H]1CCC2(CCN(c3cnc(Sc4cccc(NC(=O)CCC(=O)NCCOCCOCCOCCNc5ccc6c(c5)C(=O)N(C5CCC(=O)NC5=O)C6=O)c4Cl)c(N)n3)CC2)[C@@H]1N
2611,C[C@@H]1CCC2(CCN(c3cnc(Sc4cccc(NC(=O)CCC(=O)NCCCOCCOCCOCCCNc5ccc6c(c5)C(=O)N(C5CCC(=O)NC5=O)C6=O)c4Cl)c(N)n3)CC2)[C@@H]1N
2612,C[C@@H]1CCC2(CCN(c3cnc(Sc4cccc(NC(=O)CCC(=O)NCCCCCCCCNc5cccc6c5C(=O)N(C5CCC(=O)NC5=O)C6=O)c4Cl)c(N)n3)CC2)[C@@H]1N
2613,C[C@@H]1CCC2(CCN(c3cnc(Sc4cccc(NC(=O)CCC(=O)NCCCCCCCCCNc5cccc6c5C(=O)N(C5CCC(=O)NC5=O)C6=O)c4Cl)c(N)n3)CC2)[C@@H]1N
2614,C[C@@H]1CCC2(CCN(c3cnc(Sc4cccc(NC(=O)CCC(=O)NCCCCCCCCCCNc5cccc6c5C(=O)N(C5CCC(=O)NC5=O)C6=O)c4Cl)c(N)n3)CC2)[C@@H]1N
2615,C[C@@H]1CCC2(CCN(c3cnc(Sc4cccc(NC(=O)CCC(=O)NCCCCCCCCCCCNc5cccc6c5C(=O)N(C5CCC(=O)NC5=O)C6=O)c4Cl)c(N)n3)CC2)[C@@H]1N
2616,C[C@@H]1CCC2(CCN(c3cnc(Sc4cccc(NC(=O)CCC(=O)NCCCCCCCCCCCCNc5cccc6c5C(=O)N(C5CCC(=O)NC5=O)C6=O)c4Cl)c(N)n3)CC2)[C@@H]1N
2617,C[C@@H]1CCC2(CCN(c3cnc(Sc4cccc(NC(=O)CCC(=O)NCCCCCCCCCCCCCNc5cccc6c5C(=O)N(C5CCC(=O)NC5=O)C6=O)c4Cl)c(N)n3)CC2)[C@@H]1N
2618,O=C(CN1CCC(SCc2nc3cc(NC4CCCC4)cc(F)c3c(=O)[nH]2)CC1)NCCCCCCNc1cccc2c1C(=O)N(C1CCC(=O)NC1=O)C2=O
2619,O=C(COc1cccc2c1C(=O)N(C1CCC(=O)NC1=O)C2=O)NCCCCN1CCC[C@@H](Nc2ncc(Cl)c(-c3c[nH]c4ccccc34)n2)C1
2620,O=C(COc1cccc2c1C(=O)N(C1CCC(=O)NC1=O)C2=O)NCCCCCN1CCC[C@@H](Nc2ncc(Cl)c(-c3c[nH]c4ccccc34)n2)C1
2621,O=C(COc1cccc2c1C(=O)N(C1CCC(=O)NC1=O)C2=O)NCCCCCCN1CCC[C@@H](Nc2ncc(Cl)c(-c3c[nH]c4ccccc34)n2)C1
2622,O=C(COc1cccc2c1C(=O)N(C1CCC(=O)NC1=O)C2=O)NCCCCCCCN1CCC[C@@H](Nc2ncc(Cl)c(-c3c[nH]c4ccccc34)n2)C1
2623,O=C(COc1cccc2c1C(=O)N(C1CCC(=O)NC1=O)C2=O)NCCOCCOCCN1CCC[C@@H](Nc2ncc(Cl)c(-c3c[nH]c4ccccc34)n2)C1
2624,O=C(COc1cccc2c1C(=O)N(C1CCC(=O)NC1=O)C2=O)NCCOCCOCCOCCN1CCC[C@@H](Nc2ncc(Cl)c(-c3c[nH]c4ccccc34)n2)C1
2625,O=C(COc1cccc2c1C(=O)N(C1CCC(=O)NC1=O)C2=O)NCCCCCC(=O)N1CCC[C@@H](Nc2ncc(Cl)c(-c3c[nH]c4ccccc34)n2)C1
2626,CC(C)S(=O)(=O)c1ccccc1Nc1nc(N[C@@H]2CCCN(CCCCCCCNC(=O)COc3cccc4c3C(=O)N(C3CCC(=O)NC3=O)C4=O)C2)ncc1Cl
2627,CCC(C)(C)C(=O)C(=O)N1CCCC[C@H]1C(=O)O[C@H](CCc1ccc(OC)c(OC)c1)c1cccc(OCC(=O)NCCCOCCOCCOCCCN(C(=O)CCl)C(C(=O)NCc2ccccc2)c2ccc(Cl)c(Cl)c2)c1
2628,CCC(C)(C)C(=O)C(=O)N1CCCC[C@H]1C(=O)O[C@H](CCc1ccc(OC)c(OC)c1)c1cccc(OCC(=O)NCCCOCCOCCOCCCN(C(=O)CCl)C(C(=O)NCc2ccccc2)c2ccc(Cl)cc2)c1
2629,CC1(C)[C@H](NC(=O)c2ccc(OCC(=O)NCCCOCCOCCOCCCN(C(=O)CCl)C(C(=O)NCc3ccccc3)c3ccc(Cl)c(Cl)c3)cc2)C(C)(C)[C@H]1Oc1ccc(C#N)c(Cl)c1
2630,Nc1c(-c2nc3cc(N4CCN(C(=O)CCCCNc5cccc6c5C(=O)N(C5CCC(=O)NC5=O)C6=O)CC4)ccc3[nH]2)c(=O)[nH]c2cccc(F)c12
2631,Nc1c(-c2nc3cc(N4CCN(C(=O)CCCCCNc5cccc6c5C(=O)N(C5CCC(=O)NC5=O)C6=O)CC4)ccc3[nH]2)c(=O)[nH]c2cccc(F)c12
2632,Nc1c(-c2nc3cc(N4CCN(C(=O)CCCCCCNc5cccc6c5C(=O)N(C5CCC(=O)NC5=O)C6=O)CC4)ccc3[nH]2)c(=O)[nH]c2cccc(F)c12
2633,Nc1c(-c2nc3cc(N4CCN(CCC(=O)Nc5cccc6c5C(=O)N(C5CCC(=O)NC5=O)C6=O)CC4)ccc3[nH]2)c(=O)[nH]c2cccc(F)c12
2634,Nc1c(-c2nc3cc(N4CCN(CCCC(=O)Nc5cccc6c5C(=O)N(C5CCC(=O)NC5=O)C6=O)CC4)ccc3[nH]2)c(=O)[nH]c2cccc(F)c12
2635,Nc1c(-c2nc3cc(N4CCN(CCCCC(=O)Nc5cccc6c5C(=O)N(C5CCC(=O)NC5=O)C6=O)CC4)ccc3[nH]2)c(=O)[nH]c2cccc(F)c12
2636,Nc1c(-c2nc3cc(N4CCN(CCCCCC(=O)Nc5cccc6c5C(=O)N(C5CCC(=O)NC5=O)C6=O)CC4)ccc3[nH]2)c(=O)[nH]c2cccc(F)c12
2637,Nc1c(-c2nc3cc(N4CCN(CCCCCCC(=O)Nc5cccc6c5C(=O)N(C5CCC(=O)NC5=O)C6=O)CC4)ccc3[nH]2)c(=O)[nH]c2cccc(F)c12
2638,Nc1c(-c2nc3cc(N4CCN(CCCCCCCC(=O)Nc5cccc6c5C(=O)N(C5CCC(=O)NC5=O)C6=O)CC4)ccc3[nH]2)c(=O)[nH]c2cccc(F)c12
2639,Nc1c(-c2nc3cc(N4CCN(CCCCC(=O)Nc5cccc6c5CN(C5CCC(=O)NC5=O)C6=O)CC4)ccc3[nH]2)c(=O)[nH]c2cccc(F)c12
2640,Nc1c(-c2nc3cc(N4CCN(CCCCCC(=O)Nc5cccc6c5CN(C5CCC(=O)NC5=O)C6=O)CC4)ccc3[nH]2)c(=O)[nH]c2cccc(F)c12
2641,Nc1c(-c2nc3cc(N4CCN(CCCCCCC(=O)Nc5cccc6c5CN(C5CCC(=O)NC5=O)C6=O)CC4)ccc3[nH]2)c(=O)[nH]c2cccc(F)c12
2642,Nc1c(-c2nc3cc(N4CCN(C(=O)CCC#Cc5cccc6c5C(=O)N(C5CCC(=O)NC5=O)C6=O)CC4)ccc3[nH]2)c(=O)[nH]c2cccc(F)c12
2643,Nc1c(-c2nc3cc(N4CCN(C(=O)CCCC#Cc5cccc6c5C(=O)N(C5CCC(=O)NC5=O)C6=O)CC4)ccc3[nH]2)c(=O)[nH]c2cccc(F)c12
2644,Nc1c(-c2nc3cc(N4CCN(C(=O)CCCCC#Cc5cccc6c5C(=O)N(C5CCC(=O)NC5=O)C6=O)CC4)ccc3[nH]2)c(=O)[nH]c2cccc(F)c12
2645,Cc1ncsc1-c1ccc(CNC(=O)[C@@H]2C[C@@H](O)CN2C(=O)[C@@H](NC(=O)CCCCC(=O)N2CCN(c3ccc4[nH]c(-c5c(N)c6c(F)cccc6[nH]c5=O)nc4c3)CC2)C(C)(C)C)cc1
2646,CN1CCN(c2ccc(-c3ccc(C(=O)NCCOCCNc4cccc5c4C(=O)N(C4CCC(=O)NC4=O)C5=O)cc3)cc2NC(=O)c2c[nH]c(=O)cc2C(F)(F)F)CC1
2647,CN1CCN(c2ccc(-c3ccc(C(=O)NCCOCCOCCOCCNc4cccc5c4C(=O)N(C4CCC(=O)NC4=O)C5=O)cc3)cc2NC(=O)c2cnc(O)cc2C(F)(F)F)CC1
2648,CN1CCN(c2ccc(-c3ccc(C(=O)NCCOCCOCCOCCOCCOCCNc4cccc5c4C(=O)N(C4CCC(=O)NC4=O)C5=O)cc3)cc2NC(=O)c2c[nH]c(=O)cc2C(F)(F)F)CC1
2649,CN1CCN(c2ccc(-c3ccc(C(=O)NCCOCCOCCOCCOCCOCCOCCOCCNc4cccc5c4C(=O)N(C4CCC(=O)NC4=O)C5=O)cc3)cc2NC(=O)c2c[nH]c(=O)cc2C(F)(F)F)CC1
2650,CN1CCN(c2ccc(-c3ccc(C(=O)NCc4ccc(CNc5cccc6c5C(=O)N(C5CCC(=O)NC5=O)C6=O)cc4)cc3)cc2NC(=O)c2c[nH]c(=O)cc2C(F)(F)F)CC1
2651,Cc1ncsc1-c1ccc(CNC(=O)[C@@H]2C[C@@H](O)CN2C(=O)[C@@H](NC(=O)CCOCCNC(=O)c2ccc(-c3ccc(N4CCN(C)CC4)c(NC(=O)c4c[nH]c(=O)cc4C(F)(F)F)c3)cc2)C(C)(C)C)cc1
2652,Cc1ncsc1-c1ccc(CNC(=O)[C@@H]2C[C@@H](O)CN2C(=O)[C@@H](NC(=O)CCOCCOCCNC(=O)c2ccc(-c3ccc(N4CCN(C)CC4)c(NC(=O)c4c[nH]c(=O)cc4C(F)(F)F)c3)cc2)C(C)(C)C)cc1
2653,Cc1ncsc1-c1ccc(CNC(=O)[C@@H]2C[C@@H](O)CN2C(=O)[C@@H](NC(=O)CCOCCOCCOCCOCCNC(=O)c2ccc(-c3ccc(N4CCN(C)CC4)c(NC(=O)c4c[nH]c(=O)cc4C(F)(F)F)c3)cc2)C(C)(C)C)cc1
2654,Cc1ncsc1-c1ccc(CNC(=O)[C@@H]2C[C@@H](O)CN2C(=O)[C@@H](NC(=O)c2ccc(-c3ccc(N4CCN(C)CC4)c(NC(=O)c4c[nH]c(=O)cc4C(F)(F)F)c3)cc2)C(C)(C)C)cc1
2655,Cc1ncsc1-c1ccc(CNC(=O)[C@@H]2C[C@@H](O)CN2C(=O)[C@@H](NC(=O)CCNC(=O)c2ccc(-c3ccc(N4CCN(C)CC4)c(NC(=O)c4c[nH]c(=O)cc4C(F)(F)F)c3)cc2)C(C)(C)C)cc1
2656,Cc1ncsc1-c1ccc(CNC(=O)[C@@H]2C[C@@H](O)CN2C(=O)[C@@H](NC(=O)CCCNC(=O)c2ccc(-c3ccc(N4CCN(C)CC4)c(NC(=O)c4c[nH]c(=O)cc4C(F)(F)F)c3)cc2)C(C)(C)C)cc1
2657,Cc1ncsc1-c1ccc(CNC(=O)[C@@H]2C[C@@H](O)CN2C(=O)[C@@H](NC(=O)CCCCNC(=O)c2ccc(-c3ccc(N4CCN(C)CC4)c(NC(=O)c4c[nH]c(=O)cc4C(F)(F)F)c3)cc2)C(C)(C)C)cc1
2658,Cc1ncsc1-c1ccc(CNC(=O)[C@@H]2C[C@@H](O)CN2C(=O)[C@@H](NC(=O)CCCCCNC(=O)c2ccc(-c3ccc(N4CCN(C)CC4)c(NC(=O)c4c[nH]c(=O)cc4C(F)(F)F)c3)cc2)C(C)(C)C)cc1
2659,Cc1ncsc1-c1ccc(CNC(=O)[C@@H]2C[C@@H](O)CN2C(=O)[C@@H](NC(=O)CCCCCCNC(=O)c2ccc(-c3ccc(N4CCN(C)CC4)c(NC(=O)c4c[nH]c(=O)cc4C(F)(F)F)c3)cc2)C(C)(C)C)cc1
2660,Cc1ncsc1-c1ccc(CNC(=O)[C@@H]2C[C@@H](O)CN2C(=O)[C@@H](NC(=O)Cc2ccc(CNC(=O)c3ccc(-c4ccc(N5CCN(C)CC5)c(NC(=O)c5c[nH]c(=O)cc5C(F)(F)F)c4)cc3)cc2)C(C)(C)C)cc1
2661,COc1cc(C(=O)NCCOCCNC(=O)c2ccc(-c3ccc(N4CCN(C)CC4)c(NC(=O)c4c[nH]c(=O)cc4C(F)(F)F)c3)cc2)ccc1NC(=O)[C@@H]1N[C@@H](CC(C)(C)C)[C@](C#N)(c2ccc(Cl)cc2F)[C@H]1c1cccc(Cl)c1F
2662,COc1cc(C(=O)NCCOCCOCCOCCOCCOCCOCCOCCNC(=O)c2ccc(-c3ccc(N4CCN(C)CC4)c(NC(=O)c4c[nH]c(=O)cc4C(F)(F)F)c3)cc2)ccc1NC(=O)[C@@H]1N[C@@H](CC(C)(C)C)[C@](C#N)(c2ccc(Cl)cc2F)[C@H]1c1cccc(Cl)c1F
2663,COc1cc(C(=O)NCc2ccc(CNC(=O)c3ccc(-c4ccc(N5CCN(C)CC5)c(NC(=O)c5c[nH]c(=O)cc5C(F)(F)F)c4)cc3)cc2)ccc1NC(=O)[C@@H]1N[C@@H](CC(C)(C)C)[C@](C#N)(c2ccc(Cl)cc2F)[C@H]1c1cccc(Cl)c1F
2664,Cc1ncsc1-c1ccc(CNC(=O)[C@@H]2C[C@@H](O)CN2C(=O)[C@@H](NC(=O)CCOCCOc2ccc(-c3cn4c(n3)CCC4)cc2CNC(=O)Cc2ccc(Cl)c(Cl)c2)C(C)(C)C)cc1
2665,Cc1ncsc1-c1ccc(CNC(=O)[C@@H]2C[C@@H](O)CN2C(=O)[C@@H](NC(=O)CCOCCOCCOc2ccc(-c3cn4c(n3)CCC4)cc2CNC(=O)Cc2ccc(Cl)c(Cl)c2)C(C)(C)C)cc1
2666,Cc1ncsc1-c1ccc(CNC(=O)[C@@H]2C[C@@H](O)CN2C(=O)[C@@H](NC(=O)CCOCCOCCOCCOc2ccc(-c3cn4c(n3)CCC4)cc2CNC(=O)Cc2ccc(Cl)c(Cl)c2)C(C)(C)C)cc1
2667,Cc1ncsc1-c1ccc(CNC(=O)[C@@H]2C[C@@H](O)CN2C(=O)[C@@H](NC(=O)CCOCCOCCOCCOCCOc2ccc(-c3cn4c(n3)CCC4)cc2CNC(=O)Cc2ccc(Cl)c(Cl)c2)C(C)(C)C)cc1
2668,Cc1ncsc1-c1ccc(CNC(=O)[C@@H]2C[C@@H](O)CN2C(=O)[C@@H](NC(=O)CCOCCOCCOCCOCCOCCOc2ccc(-c3cn4c(n3)CCC4)cc2CNC(=O)Cc2ccc(Cl)c(Cl)c2)C(C)(C)C)cc1
2669,Cc1ncsc1-c1ccc(CNC(=O)[C@@H]2C[C@@H](O)CN2C(=O)[C@@H](NC(=O)CCOCCOCCOCCOCCOCCOCCOc2ccc(-c3cn4c(n3)CCC4)cc2CNC(=O)Cc2ccc(Cl)c(Cl)c2)C(C)(C)C)cc1
2670,Cc1ncsc1-c1ccc(CNC(=O)[C@@H]2C[C@@H](O)CN2C(=O)[C@@H](NC(=O)CCOCCOCCOCCOCCOCCOCCOCCOc2ccc(-c3cn4c(n3)CCC4)cc2CNC(=O)Cc2ccc(Cl)c(Cl)c2)C(C)(C)C)cc1
2671,CC1(C)[C@H](NC(=O)c2ccc(NCCCNc3ccc4c(c3)C(=O)N(C3CCC(=O)NC3=O)C4=O)cc2)C(C)(C)[C@H]1Oc1ccc(C#N)c(Cl)c1
2672,CC1(C)[C@H](NC(=O)c2ccc(NCCCCNc3ccc4c(c3)C(=O)N(C3CCC(=O)NC3=O)C4=O)cc2)C(C)(C)[C@H]1Oc1ccc(C#N)c(Cl)c1
2673,CC1(C)[C@H](NC(=O)c2ccc(NCCCCCNc3ccc4c(c3)C(=O)N(C3CCC(=O)NC3=O)C4=O)cc2)C(C)(C)[C@H]1Oc1ccc(C#N)c(Cl)c1
2674,CC1(C)[C@H](NC(=O)c2ccc(NCCCCCCNc3ccc4c(c3)C(=O)N(C3CCC(=O)NC3=O)C4=O)cc2)C(C)(C)[C@H]1Oc1ccc(C#N)c(Cl)c1
2675,CC1(C)[C@H](NC(=O)c2ccc(NCCCCCCCNc3ccc4c(c3)C(=O)N(C3CCC(=O)NC3=O)C4=O)cc2)C(C)(C)[C@H]1Oc1ccc(C#N)c(Cl)c1
2676,CC1(C)[C@H](NC(=O)c2ccc(NCCCCCCCCNc3ccc4c(c3)C(=O)N(C3CCC(=O)NC3=O)C4=O)cc2)C(C)(C)[C@H]1Oc1ccc(C#N)c(Cl)c1
2677,CC1(C)[C@H](NC(=O)c2ccc(N3CCN(CCNc4ccc5c(c4)C(=O)N(C4CCC(=O)NC4=O)C5=O)CC3)cc2)C(C)(C)[C@H]1Oc1ccc(C#N)c(Cl)c1
2678,CC1(C)[C@H](NC(=O)c2ccc(N3CCN(CCCNc4ccc5c(c4)C(=O)N(C4CCC(=O)NC4=O)C5=O)CC3)cc2)C(C)(C)[C@H]1Oc1ccc(C#N)c(Cl)c1
2679,CC1(C)[C@H](NC(=O)c2ccc(N3CCN(CCCCNc4ccc5c(c4)C(=O)N(C4CCC(=O)NC4=O)C5=O)CC3)cc2)C(C)(C)[C@H]1Oc1ccc(C#N)c(Cl)c1
2680,CC1(C)[C@H](NC(=O)c2ccc(N3CCN(CCCCCNc4ccc5c(c4)C(=O)N(C4CCC(=O)NC4=O)C5=O)CC3)cc2)C(C)(C)[C@H]1Oc1ccc(C#N)c(Cl)c1
2681,CC1(C)[C@H](NC(=O)c2ccc(NCCCCCNc3cccc4c3C(=O)N(C3CCC(=O)NC3=O)C4=O)cc2)C(C)(C)[C@H]1Oc1ccc(C#N)c(Cl)c1
2682,CC1(C)[C@H](NC(=O)c2ccc(NCCCCCCNc3cccc4c3C(=O)N(C3CCC(=O)NC3=O)C4=O)cc2)C(C)(C)[C@H]1Oc1ccc(C#N)c(Cl)c1
2683,CC1(C)[C@H](NC(=O)c2ccc(N3CCN(CCNc4cccc5c4C(=O)N(C4CCC(=O)NC4=O)C5=O)CC3)cc2)C(C)(C)[C@H]1Oc1ccc(C#N)c(Cl)c1
2684,CC1(C)[C@H](NC(=O)c2ccc(N3CCN(CCCNc4cccc5c4C(=O)N(C4CCC(=O)NC4=O)C5=O)CC3)cc2)C(C)(C)[C@H]1Oc1ccc(C#N)c(Cl)c1
2685,CC1(C)[C@H](NC(=O)c2ccc(N3CCN(CCCCCNc4cccc5c4C(=O)N(C4CCC(=O)NC4=O)C5=O)CC3)cc2)C(C)(C)[C@H]1Oc1ccc(C#N)c(Cl)c1
2686,CC1(C)[C@H](NC(=O)c2ccc(N3CCN(C4CN(c5ccc6c(c5)C(=O)N(C5CCC(=O)NC5=O)C6=O)C4)CC3)cc2)C(C)(C)[C@H]1Oc1ccc(C#N)c(Cl)c1
2687,CC1(C)[C@H](NC(=O)c2ccc(N3CCN(CC4CN(c5ccc6c(c5)C(=O)N(C5CCC(=O)NC5=O)C6=O)C4)CC3)cc2)C(C)(C)[C@H]1Oc1ccc(C#N)c(Cl)c1
2688,CC1(C)[C@H](NC(=O)c2ccc(N3CCN(C4CCN(c5ccc6c(c5)C(=O)N(C5CCC(=O)NC5=O)C6=O)CC4)CC3)cc2)C(C)(C)[C@H]1Oc1ccc(C#N)c(Cl)c1
2689,CC1(C)[C@H](NC(=O)c2ccc(N3CCN(CC4CCN(c5ccc6c(c5)C(=O)N(C5CCC(=O)NC5=O)C6=O)CC4)CC3)cc2)C(C)(C)[C@H]1Oc1ccc(C#N)c(Cl)c1
2690,CC1(C)[C@H](NC(=O)c2ccc(C(=O)N3CCN(C4CN(c5ccc6c(c5)C(=O)N(C5CCC(=O)NC5=O)C6=O)C4)CC3)cc2)C(C)(C)[C@H]1Oc1ccc(C#N)c(Cl)c1
2691,CC1(C)[C@H](NC(=O)c2ccc(C(=O)N3CCN(CC4CN(c5ccc6c(c5)C(=O)N(C5CCC(=O)NC5=O)C6=O)C4)CC3)cc2)C(C)(C)[C@H]1Oc1ccc(C#N)c(Cl)c1
2692,CC1(C)[C@H](NC(=O)c2ccc(C(=O)N3CCN(C4CCN(c5ccc6c(c5)C(=O)N(C5CCC(=O)NC5=O)C6=O)CC4)CC3)cc2)C(C)(C)[C@H]1Oc1ccc(C#N)c(Cl)c1
2693,CC1(C)[C@H](NC(=O)c2ccc(C(=O)N3CCN(CC4CCN(c5ccc6c(c5)C(=O)N(C5CCC(=O)NC5=O)C6=O)CC4)CC3)cc2)C(C)(C)[C@H]1Oc1ccc(C#N)c(Cl)c1
2694,CC1(C)[C@H](NC(=O)c2ccc(N3CCC(N4CCN(c5ccc6c(c5)C(=O)N(C5CCC(=O)NC5=O)C6=O)CC4)CC3)cc2)C(C)(C)[C@H]1Oc1ccc(C#N)c(Cl)c1
2695,CC1(C)[C@H](NC(=O)c2ccc(N3CCC(CN4CCN(c5ccc6c(c5)C(=O)N(C5CCC(=O)NC5=O)C6=O)CC4)CC3)cc2)C(C)(C)[C@H]1Oc1ccc(C#N)c(Cl)c1
2696,CC1(C)[C@H](NC(=O)c2ccc(N3CCN(C4CC5(C4)CN(c4ccc6c(c4)C(=O)N(C4CCC(=O)NC4=O)C6=O)C5)CC3)cc2)C(C)(C)[C@H]1Oc1ccc(C#N)c(Cl)c1
2697,CC1(C)[C@H](NC(=O)c2ccc(N3CCN(CC4CC5(C4)CN(c4ccc6c(c4)C(=O)N(C4CCC(=O)NC4=O)C6=O)C5)CC3)cc2)C(C)(C)[C@H]1Oc1ccc(C#N)c(Cl)c1
2698,CC1(C)[C@H](NC(=O)c2ccc(N3CCN(C4CC5(CCN(c6ccc7c(c6)C(=O)N(C6CCC(=O)NC6=O)C7=O)C5)C4)CC3)cc2)C(C)(C)[C@H]1Oc1ccc(C#N)c(Cl)c1
2699,CC1(C)[C@H](NC(=O)c2ccc(N3CCN(CC4CC5(CCN(c6ccc7c(c6)C(=O)N(C6CCC(=O)NC6=O)C7=O)C5)C4)CC3)cc2)C(C)(C)[C@H]1Oc1ccc(C#N)c(Cl)c1
2700,CC1(C)[C@H](NC(=O)c2ccc(N3CCN(C4CCC5(CC4)CCN(c4ccc6c(c4)C(=O)N(C4CCC(=O)NC4=O)C6=O)CC5)CC3)cc2)C(C)(C)[C@H]1Oc1ccc(C#N)c(Cl)c1
2701,CC1(C)[C@H](NC(=O)c2ccc(N3CCN(C4CCC5(CC4)CN(c4ccc6c(c4)C(=O)N(C4CCC(=O)NC4=O)C6=O)C5)CC3)cc2)C(C)(C)[C@H]1Oc1ccc(C#N)c(Cl)c1
2702,CC1(C)[C@H](NC(=O)c2ccc(N3CCC4(CC3)CC(Nc3ccc5c(c3)C(=O)N(C3CCC(=O)NC3=O)C5=O)C4)cc2)C(C)(C)[C@H]1Oc1ccc(C#N)c(Cl)c1
2703,CC1(C)[C@H](NC(=O)c2ccc(N3CCC4(CCC(Nc5ccc6c(c5)C(=O)N(C5CCC(=O)NC5=O)C6=O)CC4)CC3)cc2)C(C)(C)[C@H]1Oc1ccc(C#N)c(Cl)c1
2704,CC1(C)[C@@H](NC(=O)c2ccc(N3CCN(CC4CCN(c5ccc6c(c5)C(=O)N(C5CCC(=O)NC5=O)C6=O)CC4)CC3)cc2)C[C@@H]1Oc1ccc(C#N)c(Cl)c1
2705,N#Cc1ccc(O[C@H]2C[C@H](NC(=O)c3ccc(N4CCN(CC5CCN(c6ccc7c(c6)C(=O)N(C6CCC(=O)NC6=O)C7=O)CC5)CC4)cc3)C2)cc1Cl
2706,CC1(C)[C@H](NC(=O)c2ccc(N3CCN(CC4CCN(c5ccc6c(c5)C(=O)N(C5CCC(=O)NC5=O)C6=O)CC4)CC3)cc2)C(C)(C)[C@H]1Oc1ccc(C#N)c(F)c1
2707,CC1(C)[C@H](NC(=O)c2ccc(N3CCN(CC4CCN(c5ccc6c(c5)C(=O)N(C5CCC(=O)NC5=O)C6=O)CC4)CC3)cc2)C(C)(C)[C@H]1Oc1ccc(C#N)c(C(F)(F)F)c1
2708,CC1(C)[C@H](NC(=O)c2ccc(N3CCN(CC4CCN(c5ccc6c(c5)C(=O)N(C5CCC(=O)NC5=O)C6=O)CC4)CC3)cc2)C(C)(C)[C@H]1Oc1cnc(C#N)c(C(F)(F)F)c1
2709,Cc1ncsc1-c1ccc(CNC(=O)[C@@H]2C[C@@H](O)CN2C(=O)[C@@H](NC(=O)COCCCCCOCCNC(=O)C[C@@H]2N=C(c3ccc(Cl)cc3)c3c(sc(C)c3C)-n3c(C)nnc32)C(C)(C)C)cc1
2710,Cc1ncsc1-c1ccc(CNC(=O)[C@@H]2C[C@@H](O)CN2C(=O)[C@@H](NC(=O)COCCCOCCNC(=O)C[C@@H]2N=C(c3ccc(Cl)cc3)c3c(sc(C)c3C)-n3c(C)nnc32)C(C)(C)C)cc1
2711,Cc1ncsc1-c1ccc(CNC(=O)[C@@H]2C[C@@H](O)CN2C(=O)[C@@H](NC(=O)COCCOCCOCCOC(=O)C[C@@H]2N=C(c3ccc(Cl)cc3)c3c(sc(C)c3C)-n3c(C)nnc32)C(C)(C)C)cc1
2712,Cc1ncsc1-c1ccc([C@H](C)NC(=O)[C@@H]2C[C@@H](O)CN2C(=O)[C@@H](NC(=O)COCCCOCCOC(=O)C[C@@H]2N=C(c3ccc(Cl)cc3)c3c(sc(C)c3C)-n3c(C)nnc32)C(C)(C)C)cc1
2713,Cc1ncsc1-c1ccc(CNC(=O)[C@@H]2C[C@@H](O)CN2C(=O)[C@@H](NC(=O)COCCCCCOCCOC(=O)C[C@@H]2N=C(c3ccc(Cl)cc3)c3c(sc(C)c3C)-n3c(C)nnc32)C(C)(C)C)cc1
2714,Cc1ncsc1-c1ccc(CNC(=O)[C@@H]2C[C@@H](O)CN2C(=O)[C@@H](NC(=O)COCCCOCCOC(=O)C[C@@H]2N=C(c3ccc(Cl)cc3)c3c(sc(C)c3C)-n3c(C)nnc32)C(C)(C)C)cc1
2715,CCC(=O)N[C@H]1CC[C@@H](n2c(=O)cc(C)c3cnc(Nc4ccc(N5CCN(CCOCCC(=O)N[C@@H](C(=O)N6C[C@H](O)C[C@H]6C(=O)NCc6ccc(-c7scnc7C)cc6)C(C)(C)C)CC5)cc4OC)nc32)CC1
2716,CCC(=O)N[C@H]1CC[C@@H](n2c(=O)cc(C)c3cnc(Nc4ccc(N5CCN(CCCCOCCC(=O)N[C@@H](C(=O)N6C[C@H](O)C[C@H]6C(=O)NCc6ccc(-c7scnc7C)cc6)C(C)(C)C)CC5)cc4OC)nc32)CC1
2717,CCC(=O)N[C@H]1CC[C@@H](n2c(=O)cc(C)c3cnc(Nc4ccc(N5CCN(CCCCCCOCCC(=O)N[C@@H](C(=O)N6C[C@H](O)C[C@H]6C(=O)NCc6ccc(-c7scnc7C)cc6)C(C)(C)C)CC5)cc4OC)nc32)CC1
2718,CCC(=O)N[C@H]1CC[C@@H](n2c(=O)cc(C)c3cnc(Nc4ccc(N5CCN(CCCCCCCCOCCC(=O)N[C@@H](C(=O)N6C[C@H](O)C[C@H]6C(=O)NCc6ccc(-c7scnc7C)cc6)C(C)(C)C)CC5)cc4OC)nc32)CC1
2719,CCC(=O)N[C@H]1CC[C@@H](n2c(=O)cc(C)c3cnc(Nc4ccc(N5CCN(C(=O)CCCC#Cc6cccc7c6CN(C6CCC(=O)NC6=O)C7=O)CC5)cc4OC)nc32)CC1
2720,CCC(=O)N[C@H]1CC[C@@H](n2c(=O)cc(C)c3cnc(Nc4ccc(N5CCN(C(=O)CCCCCC#Cc6cccc7c6CN(C6CCC(=O)NC6=O)C7=O)CC5)cc4OC)nc32)CC1
2721,CCC(=O)N[C@H]1CC[C@@H](n2c(=O)cc(C)c3cnc(Nc4ccc(N5CCN(C(=O)CCCCCCCC#Cc6cccc7c6CN(C6CCC(=O)NC6=O)C7=O)CC5)cc4OC)nc32)CC1
2722,CCC(=O)N[C@H]1CC[C@@H](n2c(=O)cc(C)c3cnc(Nc4ccc(N5CCN(C(=O)CCCCCCCCCC#Cc6cccc7c6CN(C6CCC(=O)NC6=O)C7=O)CC5)cc4OC)nc32)CC1
2723,CCC(=O)N[C@H]1CC[C@@H](n2c(=O)cc(C)c3cnc(Nc4ccc(N5CCN(C(=O)CCCC#Cc6ccc7c(c6)CN(C6CCC(=O)NC6=O)C7=O)CC5)cc4OC)nc32)CC1
2724,CCC(=O)N[C@H]1CC[C@@H](n2c(=O)cc(C)c3cnc(Nc4ccc(N5CCN(C(=O)CCCCCC#Cc6ccc7c(c6)CN(C6CCC(=O)NC6=O)C7=O)CC5)cc4OC)nc32)CC1
2725,CCC(=O)N[C@H]1CC[C@@H](n2c(=O)cc(C)c3cnc(Nc4ccc(N5CCN(C(=O)CCCCCCCC#Cc6ccc7c(c6)CN(C6CCC(=O)NC6=O)C7=O)CC5)cc4OC)nc32)CC1
2726,CCC(=O)N[C@H]1CC[C@@H](n2c(=O)cc(C)c3cnc(Nc4ccc(N5CCN(C(=O)CCCCCCCCCC#Cc6ccc7c(c6)CN(C6CCC(=O)NC6=O)C7=O)CC5)cc4OC)nc32)CC1
2727,CCC(=O)N[C@H]1CC[C@@H](n2c(=O)cc(C)c3cnc(Nc4ccc(N5CCN(C(=O)CCCC#Cc6ccc7c(c6)C(=O)N(C6CCC(=O)NC6=O)C7)CC5)cc4OC)nc32)CC1
2728,CCC(=O)N[C@H]1CC[C@@H](n2c(=O)cc(C)c3cnc(Nc4ccc(N5CCN(C(=O)CCCCCC#Cc6ccc7c(c6)C(=O)N(C6CCC(=O)NC6=O)C7)CC5)cc4OC)nc32)CC1
2729,CCC(=O)N[C@H]1CC[C@@H](n2c(=O)cc(C)c3cnc(Nc4ccc(N5CCN(C(=O)CCCCCCCC#Cc6ccc7c(c6)C(=O)N(C6CCC(=O)NC6=O)C7)CC5)cc4OC)nc32)CC1
2730,CCC(=O)N[C@H]1CC[C@@H](n2c(=O)cc(C)c3cnc(Nc4ccc(N5CCN(C(=O)CCCCCCCCCC#Cc6ccc7c(c6)C(=O)N(C6CCC(=O)NC6=O)C7)CC5)cc4OC)nc32)CC1
2731,CCC(=O)N[C@H]1CC[C@@H](n2c(=O)cc(C)c3cnc(Nc4ccc(N5CCN(C(=O)CCCC#Cc6cccc7c6C(=O)N(C6CCC(=O)NC6=O)C7)CC5)cc4OC)nc32)CC1
2732,CCC(=O)N[C@H]1CC[C@@H](n2c(=O)cc(C)c3cnc(Nc4ccc(N5CCN(C(=O)CCCCCC#Cc6cccc7c6C(=O)N(C6CCC(=O)NC6=O)C7)CC5)cc4OC)nc32)CC1
2733,CCC(=O)N[C@H]1CC[C@@H](n2c(=O)cc(C)c3cnc(Nc4ccc(N5CCN(C(=O)CCCCCCCC#Cc6cccc7c6C(=O)N(C6CCC(=O)NC6=O)C7)CC5)cc4OC)nc32)CC1
2734,CCC(=O)N[C@H]1CC[C@@H](n2c(=O)cc(C)c3cnc(Nc4ccc(N5CCN(C(=O)CCCCCCCCCC#Cc6cccc7c6C(=O)N(C6CCC(=O)NC6=O)C7)CC5)cc4OC)nc32)CC1
2735,CC[C@@H](NC(=O)[C@@H]1C[C@H](NC(=O)COCCOCCOCCOCCOc2cc3nccc(Nc4ccc5scnc5c4)c3cc2S(=O)(=O)C(C)(C)C)CN1C(=O)[C@@H](NC(=O)[C@H](C)NC)C(C)(C)C)c1ccccc1
2736,CN[C@@H](C)C(=O)N[C@H](C(=O)N1CCC[C@H]1c1nc(C(=O)c2ccc(F)cc2)cs1)C1CCN(C(=O)COCCOCCOCCOCCOc2cc3nccc(Nc4ccc5scnc5c4)c3cc2S(=O)(=O)C(C)(C)C)CC1
2737,CN[C@@H](C)C(=O)N[C@H](C(=O)N1Cc2cc(OCCOCCOCCOCCOc3cc4ncnc(Nc5n[nH]c(C)c5C)c4cc3S(=O)(=O)C(C)(C)C)ccc2C[C@H]1C(=O)N[C@@H]1CCCc2ccccc21)C(C)(C)C
2738,CN[C@@H](C)C(=O)N[C@H](C(=O)N1CCC[C@H]1c1nc(C(=O)c2ccc(F)cc2)cs1)C1CCN(C(=O)COCCOCCOCCOCCOc2cc3ncnc(Nc4n[nH]c(C)c4C)c3cc2S(=O)(=O)C(C)(C)C)CC1
2739,CN[C@@H](C)C(=O)N[C@H](C(=O)N1CCC[C@H]1c1nc(C(=O)c2ccc(F)cc2)cs1)C1CCN(C(=O)c2cnc(N3CCC(COc4cc5ncnc(Nc6n[nH]c(C)c6C)c5cc4S(=O)(=O)C(C)(C)C)CC3)nc2)CC1
2740,CN[C@@H](C)C(=O)N[C@H](C(=O)N1CCC[C@H]1c1nc(C(=O)c2ccc(F)cc2)cs1)C1CCN(C(=O)c2cnc(N3CCC(CCOc4cc5ncnc(Nc6n[nH]c(C)c6C)c5cc4S(=O)(=O)C(C)(C)C)CC3)nc2)CC1
2741,CN[C@@H](C)C(=O)N[C@H](C(=O)N1CCC[C@H]1c1nc(C(=O)c2ccc(F)cc2)cs1)C1CCN(C(=O)c2cnc(N3CCC(CCCOc4cc5ncnc(Nc6n[nH]c(C)c6C)c5cc4S(=O)(=O)C(C)(C)C)CC3)nc2)CC1
2742,CN[C@@H](C)C(=O)N[C@H](C(=O)N1CCC[C@H]1c1nc(C(=O)c2ccc(F)cc2)cs1)C1CCN(C(=O)c2cnc(N3CCN(CCCOc4cc5ncnc(Nc6n[nH]c(C)c6C)c5cc4S(=O)(=O)C(C)(C)C)CC3)nc2)CC1
2743,CN[C@@H](C)C(=O)N[C@H](C(=O)N1CCC[C@H]1c1nc(C(=O)c2ccc(F)cc2)cs1)C1CCN(C(=O)c2ccc(N3CCN(CCCOc4cc5ncnc(Nc6n[nH]c(C)c6C)c5cc4S(=O)(=O)C(C)(C)C)CC3)cc2)CC1
2744,CN[C@@H](C)C(=O)N[C@H](C(=O)N1CCC[C@H]1c1nc(C(=O)c2ccc(F)cc2)cs1)C1CCN(C(=O)c2ccc(N3CCN(CCOc4cc5ncnc(Nc6n[nH]c(C)c6C)c5cc4S(=O)(=O)C(C)(C)C)CC3)nc2)CC1
2745,CN[C@@H](C)C(=O)N[C@H](C(=O)N1CCC[C@H]1c1nc(C(=O)c2ccc(F)cc2)cs1)C1CCN(C(=O)c2ccc(N3CCN(CCCOc4cc5ncnc(Nc6n[nH]c(C)c6C)c5cc4S(=O)(=O)C(C)(C)C)CC3)nc2)CC1
2746,CN[C@@H](C)C(=O)N[C@H](C(=O)N1CCC[C@H]1c1nc(C(=O)c2ccc(F)cc2)cs1)C1CCN(C(=O)c2cnc(N3CCN(CCOc4cc5ncnc(Nc6n[nH]c(C)c6C)c5cc4S(=O)(=O)C(C)(C)C)CC3)cn2)CC1
2747,CN[C@@H](C)C(=O)N[C@H](C(=O)N1CCC[C@H]1c1nc(C(=O)c2ccc(F)cc2)cs1)C1CCN(C(=O)c2cnc(N3CCN(CCCOc4cc5ncnc(Nc6n[nH]c(C)c6C)c5cc4S(=O)(=O)C(C)(C)C)CC3)cn2)CC1
2748,CN[C@@H](C)C(=O)N[C@H](C(=O)N1C[C@@H](NC(=O)c2cnc(N3CCN(CCCOc4cc5ncnc(Nc6n[nH]c(C)c6C)c5cc4S(=O)(=O)C(C)(C)C)CC3)cn2)C[C@H]1C(=O)N[C@@H]1CCCc2ccccc21)C(C)(C)C
2749,CN[C@@H](C)C(=O)N[C@H]1CN(C(=O)c2cnc(N3CCN(CCCOc4cc5ncnc(Nc6n[nH]c(C)c6C)c5cc4S(=O)(=O)C(C)(C)C)CC3)cn2)CC[C@H]2CC[C@@H](C(=O)N[C@@H]3CCCc4ccccc43)N2C1=O
2750,Cc1n[nH]c(Nc2ncnc3cc(OCCCN4CCN(C(=O)c5cnc(N6CCN(C[C@H]7CN[C@H](C)CN7CC(=O)N7CC(C)(C)c8c7cc(Cc7ccc(F)cc7)c(=O)n8C)[C@H](C)C6)nc5)CC4)c(S(=O)(=O)C(C)(C)C)cc23)c1C
2751,Cc1n[nH]c(Nc2ncnc3cc(OCCCN4CCN(C(=O)c5cnc(N6CCN(C[C@H]7CN[C@H](C)CN7CC(=O)N7CC(C)(C)c8ncc(Cc9ccc(F)cc9)cc87)[C@H](C)C6)nc5)CC4)c(S(=O)(=O)C(C)(C)C)cc23)c1C
2752,Cc1ncsc1-c1ccc([C@H](C)NC(=O)[C@@H]2C[C@@H](O)CN2C(=O)[C@@H](NC(=O)CCCCC(=O)NCC2(C)CCC(c3ccc(Cl)cc3)=C(CN3CCN(c4ccc(C(=O)NS(=O)(=O)c5ccc(N[C@H](CCN6CCOCC6)CSc6ccccc6)c(S(=O)(=O)C(F)(F)F)c5)cc4)CC3)C2)C(C)(C)C)cc1
2753,Cc1ncsc1-c1ccc([C@H](C)NC(=O)[C@@H]2C[C@@H](O)CN2C(=O)[C@@H](NC(=O)CCCCCC(=O)NCC2(C)CCC(c3ccc(Cl)cc3)=C(CN3CCN(c4ccc(C(=O)NS(=O)(=O)c5ccc(N[C@H](CCN6CCOCC6)CSc6ccccc6)c(S(=O)(=O)C(F)(F)F)c5)cc4)CC3)C2)C(C)(C)C)cc1
2754,Cc1ncsc1-c1ccc([C@H](C)NC(=O)[C@@H]2C[C@@H](O)CN2C(=O)[C@@H](NC(=O)CCCCCCC(=O)NCC2(C)CCC(c3ccc(Cl)cc3)=C(CN3CCN(c4ccc(C(=O)NS(=O)(=O)c5ccc(N[C@H](CCN6CCOCC6)CSc6ccccc6)c(S(=O)(=O)C(F)(F)F)c5)cc4)CC3)C2)C(C)(C)C)cc1
2755,Cc1ncsc1-c1ccc([C@H](C)NC(=O)[C@@H]2C[C@@H](O)CN2C(=O)[C@@H](NC(=O)CCCCCCCC(=O)NCC2(C)CCC(c3ccc(Cl)cc3)=C(CN3CCN(c4ccc(C(=O)NS(=O)(=O)c5ccc(N[C@H](CCN6CCOCC6)CSc6ccccc6)c(S(=O)(=O)C(F)(F)F)c5)cc4)CC3)C2)C(C)(C)C)cc1
2756,Cc1ncsc1-c1ccc([C@H](C)NC(=O)[C@@H]2C[C@@H](O)CN2C(=O)[C@@H](NC(=O)CCCCCCCCC(=O)NCC2(C)CCC(c3ccc(Cl)cc3)=C(CN3CCN(c4ccc(C(=O)NS(=O)(=O)c5ccc(N[C@H](CCN6CCOCC6)CSc6ccccc6)c(S(=O)(=O)C(F)(F)F)c5)cc4)CC3)C2)C(C)(C)C)cc1
2757,Cc1ncsc1-c1ccc([C@H](C)NC(=O)[C@@H]2C[C@@H](O)CN2C(=O)[C@@H](NC(=O)CCCCCCCCCC(=O)NCC2(C)CCC(c3ccc(Cl)cc3)=C(CN3CCN(c4ccc(C(=O)NS(=O)(=O)c5ccc(N[C@H](CCN6CCOCC6)CSc6ccccc6)c(S(=O)(=O)C(F)(F)F)c5)cc4)CC3)C2)C(C)(C)C)cc1
2758,Cc1ncsc1-c1ccc([C@H](C)NC(=O)[C@@H]2C[C@@H](O)CN2C(=O)[C@@H](NC(=O)CCCCCCCCCCC(=O)NCC2(C)CCC(c3ccc(Cl)cc3)=C(CN3CCN(c4ccc(C(=O)NS(=O)(=O)c5ccc(N[C@H](CCN6CCOCC6)CSc6ccccc6)c(S(=O)(=O)C(F)(F)F)c5)cc4)CC3)C2)C(C)(C)C)cc1
2759,Cc1ncsc1-c1ccc([C@H](C)NC(=O)[C@@H]2C[C@@H](O)CN2C(=O)[C@@H](NC(=O)CCCCCCCCCCCC(=O)NCC2(C)CCC(c3ccc(Cl)cc3)=C(CN3CCN(c4ccc(C(=O)NS(=O)(=O)c5ccc(N[C@H](CCN6CCOCC6)CSc6ccccc6)c(S(=O)(=O)C(F)(F)F)c5)cc4)CC3)C2)C(C)(C)C)cc1
2760,Cc1ncsc1-c1ccc([C@H](C)NC(=O)[C@@H]2C[C@@H](O)CN2C(=O)[C@@H](NC(=O)CCCCCCCCC(=O)NC[C@@]2(C)CCC(c3ccc(Cl)cc3)=C(CN3CCN(c4ccc(C(=O)NS(=O)(=O)c5ccc(N[C@H](CCN6CCOCC6)CSc6ccccc6)c(S(=O)(=O)C(F)(F)F)c5)cc4)CC3)C2)C(C)(C)C)cc1
2761,Cc1ncsc1-c1ccc([C@H](C)NC(=O)[C@@H]2C[C@@H](O)CN2C(=O)[C@@H](NC(=O)CCCCCCCCC(=O)NC[C@]2(C)CCC(c3ccc(Cl)cc3)=C(CN3CCN(c4ccc(C(=O)NS(=O)(=O)c5ccc(N[C@H](CCN6CCOCC6)CSc6ccccc6)c(S(=O)(=O)C(F)(F)F)c5)cc4)CC3)C2)C(C)(C)C)cc1
2762,COc1cc(N2CCC(N3CCN(C(=O)CCOCCNc4cccc5c4C(=O)N(C4CCC(=O)NC4=O)C5=O)CC3)CC2)ccc1Nc1ncc(Cl)c(Nc2ccccc2P(C)(C)=O)n1
2763,COc1cc(N2CCC(N3CCN(C(=O)CCOCCOCCNc4cccc5c4C(=O)N(C4CCC(=O)NC4=O)C5=O)CC3)CC2)ccc1Nc1ncc(Cl)c(Nc2ccccc2P(C)(C)=O)n1
2764,COc1cc(N2CCC(N3CCN(C(=O)CCOCCOCCOCCNc4cccc5c4C(=O)N(C4CCC(=O)NC4=O)C5=O)CC3)CC2)ccc1Nc1ncc(Cl)c(Nc2ccccc2P(C)(C)=O)n1
2765,COc1cc(N2CCC(N3CCN(C(=O)CCOCCOCCOCCOCCNc4cccc5c4C(=O)N(C4CCC(=O)NC4=O)C5=O)CC3)CC2)ccc1Nc1ncc(Cl)c(Nc2ccccc2P(C)(C)=O)n1
2766,COc1cc(N2CCC(N3CCN(C(=O)CCOCCOCCOCCOCCOCCNc4cccc5c4C(=O)N(C4CCC(=O)NC4=O)C5=O)CC3)CC2)ccc1Nc1ncc(Cl)c(Nc2ccccc2P(C)(C)=O)n1
2767,COc1cc(N2CCC(N3CCN(C(=O)CNc4cccc5c4C(=O)N(C4CCC(=O)NC4=O)C5=O)CC3)CC2)ccc1Nc1ncc(Cl)c(Nc2ccccc2P(C)(C)=O)n1
2768,COc1cc(N2CCC(N3CCN(C(=O)CCNc4cccc5c4C(=O)N(C4CCC(=O)NC4=O)C5=O)CC3)CC2)ccc1Nc1ncc(Cl)c(Nc2ccccc2P(C)(C)=O)n1
2769,COc1cc(N2CCC(N3CCN(C(=O)CCCNc4cccc5c4C(=O)N(C4CCC(=O)NC4=O)C5=O)CC3)CC2)ccc1Nc1ncc(Cl)c(Nc2ccccc2P(C)(C)=O)n1
2770,COc1cc(N2CCC(N3CCN(C(=O)CCCCNc4cccc5c4C(=O)N(C4CCC(=O)NC4=O)C5=O)CC3)CC2)ccc1Nc1ncc(Cl)c(Nc2ccccc2P(C)(C)=O)n1
2771,COc1cc(N2CCC(N3CCN(C(=O)CCCCCNc4cccc5c4C(=O)N(C4CCC(=O)NC4=O)C5=O)CC3)CC2)ccc1Nc1ncc(Cl)c(Nc2ccccc2P(C)(C)=O)n1
2772,COc1cc(N2CCC(N3CCN(C(=O)CCCCCCNc4cccc5c4C(=O)N(C4CCC(=O)NC4=O)C5=O)CC3)CC2)ccc1Nc1ncc(Cl)c(Nc2ccccc2P(C)(C)=O)n1
2773,O=C(/C=C/CN1CCCCC1)Nc1cc2c(Nc3ccc(F)c(Cl)c3)ncnc2cc1OCc1cn(CCCCC(=O)Nc2cccc3c2C(=O)N(C2CCC(=O)NC2=O)C3=O)nn1
2774,O=C(/C=C/CN1CCCCC1)Nc1cc2c(Nc3ccc(F)c(Cl)c3)ncnc2cc1OCc1cn(CCCCCCCC(=O)Nc2cccc3c2C(=O)N(C2CCC(=O)NC2=O)C3=O)nn1
2775,O=C(/C=C/CN1CCCCC1)Nc1cc2c(Nc3ccc(F)c(Cl)c3)ncnc2cc1OCc1cn(CCCCCCCCC(=O)Nc2cccc3c2C(=O)N(C2CCC(=O)NC2=O)C3=O)nn1
2776,O=C(/C=C/CN1CCCCC1)Nc1cc2c(Nc3ccc(F)c(Cl)c3)ncnc2cc1OCc1cn(CCCCCCCCCC(=O)Nc2cccc3c2C(=O)N(C2CCC(=O)NC2=O)C3=O)nn1
2777,O=C(/C=C/CN1CCCCC1)Nc1cc2c(Nc3ccc(F)c(Cl)c3)ncnc2cc1OCc1cn(CCCCCCCCCCC(=O)Nc2cccc3c2C(=O)N(C2CCC(=O)NC2=O)C3=O)nn1
2778,O=C(/C=C/CN1CCCCC1)Nc1cc2c(Nc3ccc(F)c(Cl)c3)ncnc2cc1OCc1cn(CCOCCOCC(=O)Nc2cccc3c2C(=O)N(C2CCC(=O)NC2=O)C3=O)nn1
2779,O=C(/C=C/CN1CCCCC1)Nc1cc2c(Nc3ccc(F)c(Cl)c3)ncnc2cc1OCc1cn(CCOCCOCCOCC(=O)Nc2cccc3c2C(=O)N(C2CCC(=O)NC2=O)C3=O)nn1
2780,O=C(/C=C/CN1CCCCC1)Nc1cc2c(Nc3ccc(F)c(Cl)c3)ncnc2cc1OCc1cn(CCOCCOCCOCCOCCOCC(=O)Nc2cccc3c2C(=O)N(C2CCC(=O)NC2=O)C3=O)nn1
2781,Cc1ncsc1-c1ccc(CNC(=O)[C@@H]2C[C@@H](O)CN2C(=O)[C@@H](NC(=O)CCCCn2cc(COc3cc4ncnc(Nc5ccc(F)c(Cl)c5)c4cc3NC(=O)/C=C/CN3CCCCC3)nn2)C(C)(C)C)cc1
2782,Cc1ncsc1-c1ccc(CNC(=O)[C@@H]2C[C@@H](O)CN2C(=O)[C@@H](NC(=O)CCCCCCCn2cc(COc3cc4ncnc(Nc5ccc(F)c(Cl)c5)c4cc3NC(=O)/C=C/CN3CCCCC3)nn2)C(C)(C)C)cc1
2783,Cc1ncsc1-c1ccc(CNC(=O)[C@@H]2C[C@@H](O)CN2C(=O)[C@@H](NC(=O)CCCCCCCCn2cc(COc3cc4ncnc(Nc5ccc(F)c(Cl)c5)c4cc3NC(=O)/C=C/CN3CCCCC3)nn2)C(C)(C)C)cc1
2784,Cc1ncsc1-c1ccc(CNC(=O)[C@@H]2C[C@@H](O)CN2C(=O)[C@@H](NC(=O)CCCCCCCCCn2cc(COc3cc4ncnc(Nc5ccc(F)c(Cl)c5)c4cc3NC(=O)/C=C/CN3CCCCC3)nn2)C(C)(C)C)cc1
2785,Cc1ncsc1-c1ccc(CNC(=O)[C@@H]2C[C@@H](O)CN2C(=O)[C@@H](NC(=O)CCCCCCCCCCn2cc(COc3cc4ncnc(Nc5ccc(F)c(Cl)c5)c4cc3NC(=O)/C=C/CN3CCCCC3)nn2)C(C)(C)C)cc1
2786,Cc1ncsc1-c1ccc(CNC(=O)[C@@H]2C[C@@H](O)CN2C(=O)[C@@H](NC(=O)COCCOCCn2cc(COc3cc4ncnc(Nc5ccc(F)c(Cl)c5)c4cc3NC(=O)/C=C/CN3CCCCC3)nn2)C(C)(C)C)cc1
2787,Cc1ncsc1-c1ccc(CNC(=O)[C@@H]2C[C@@H](O)CN2C(=O)[C@@H](NC(=O)COCCOCCOCCOCCOCCn2cc(COc3cc4ncnc(Nc5ccc(F)c(Cl)c5)c4cc3NC(=O)/C=C/CN3CCCCC3)nn2)C(C)(C)C)cc1
2788,Cc1ncsc1-c1ccc(CNC(=O)[C@@H]2C[C@@H](O)CN2C(=O)[C@@H](NC(=O)COCCOCCOCCn2cc(COc3cc4ncnc(Nc5ccc(F)c(Cl)c5)c4cc3NC(=O)/C=C/CN3CCCCC3)nn2)C(C)(C)C)cc1
2789,Cc1ncsc1-c1ccc(CNC(=O)[C@@H]2C[C@@H](O)CN2C(=O)[C@@H](NC(=O)COCCOCCn2cc(CCCCCOc3cc4ncnc(Nc5ccc(F)c(Cl)c5)c4cc3NC(=O)/C=C/CN3CCCCC3)nn2)C(C)(C)C)cc1
2790,Cc1ncsc1-c1ccc(CNC(=O)[C@@H]2C[C@@H](O)CN2C(=O)[C@@H](NC(=O)CCCCCCCC(=O)Nc2ccc(C(=O)Nc3ccccc3N)cc2)C(C)(C)C)cc1
2791,Cc1ncsc1-c1ccc(CNC(=O)[C@@H]2C[C@@H](O)CN2C(=O)[C@@H](NC(=O)CCCCCCCCC(=O)Nc2ccc(C(=O)Nc3ccccc3N)cc2)C(C)(C)C)cc1
2792,Cc1ncsc1-c1ccc(CNC(=O)[C@@H]2C[C@@H](O)CN2C(=O)[C@@H](NC(=O)CCCCCCCCCC(=O)Nc2ccc(C(=O)Nc3ccccc3N)cc2)C(C)(C)C)cc1
2793,Cc1ncsc1-c1ccc(CNC(=O)[C@@H]2C[C@@H](O)CN2C(=O)[C@@H](NC(=O)CCCCCCCCCCCCC(=O)Nc2ccc(C(=O)Nc3ccccc3N)cc2)C(C)(C)C)cc1
2794,Cc1ncsc1-c1ccc(CNC(=O)[C@@H]2C[C@@H](O)CN2C(=O)[C@@H](NC(=O)COCCCCCCCCC(=O)Nc2ccc(C(=O)Nc3ccccc3N)cc2)C(C)(C)C)cc1
2795,Cc1ncsc1-c1ccc(CNC(=O)[C@@H]2C[C@@H](O)CN2C(=O)[C@@H](NC(=O)CCCCCCCCOCC(=O)Nc2ccc(C(=O)Nc3ccccc3N)cc2)C(C)(C)C)cc1
2796,Cc1ncsc1-c1ccc(CNC(=O)[C@@H]2C[C@@H](O)CN2C(=O)[C@@H](NC(=O)COCCCCCCOCC(=O)Nc2ccc(C(=O)Nc3ccccc3N)cc2)C(C)(C)C)cc1
2797,Cc1ncsc1-c1ccc(CNC(=O)[C@@H]2C[C@@H](O)CN2C(=O)[C@@H](NC(=O)COCCCCCCCCCOCC(=O)Nc2ccc(C(=O)Nc3ccccc3N)cc2)C(C)(C)C)cc1
2798,Cc1ncsc1-c1ccc(CNC(=O)[C@@H]2C[C@@H](O)CN2C(=O)[C@@H](NC(=O)COCCOCC(=O)Nc2ccc(C(=O)Nc3ccccc3N)cc2)C(C)(C)C)cc1
2799,Cc1ncsc1-c1ccc(CNC(=O)[C@@H]2C[C@@H](O)CN2C(=O)[C@@H](NC(=O)COCCOCCOCC(=O)Nc2ccc(C(=O)Nc3ccccc3N)cc2)C(C)(C)C)cc1
2800,Cc1ncsc1-c1ccc(CNC(=O)[C@@H]2C[C@@H](O)CN2C(=O)[C@@H](NC(=O)COCCOCCOCCOCC(=O)Nc2ccc(C(=O)Nc3ccccc3N)cc2)C(C)(C)C)cc1
2801,Cc1ncsc1-c1ccc(CNC(=O)[C@@H]2C[C@@H](O)CN2C(=O)[C@@H](NC(=O)CCCN2CCN(CCCC(=O)Nc3ccc(C(=O)Nc4ccccc4N)cc3)CC2)C(C)(C)C)cc1
2802,Cc1ncsc1-c1ccc(CNC(=O)[C@@H]2C[C@@H](O)CN2C(=O)[C@@H](NC(=O)CCCCCCCC(=O)Nc2ccc(C(=O)Nc3ccc(F)cc3N)cc2)C(C)(C)C)cc1
2803,Cc1ncsc1-c1ccc(CNC(=O)[C@@H]2C[C@@H](O)CN2C(=O)[C@@H](NC(=O)CCCCCCCCCCC(=O)Nc2ccc(C(=O)Nc3ccc(F)cc3N)cc2)C(C)(C)C)cc1
2804,Cc1ncsc1-c1ccc(CNC(=O)[C@@H]2C[C@@H](O)CN2C(=O)[C@@H](NC(=O)COCCOCCOCC(=O)Nc2ccc(C(=O)Nc3ccc(F)cc3N)cc2)C(C)(C)C)cc1
2805,Cc1ncsc1-c1ccc(CNC(=O)[C@@H]2C[C@@H](O)CN2C(=O)[C@@H](NC(=O)COCCCCCCCCCOCC(=O)Nc2ccc(C(=O)Nc3ccc(F)cc3N)cc2)C(C)(C)C)cc1
2806,Cc1ncsc1-c1ccc(CNC(=O)[C@@H]2C[C@@H](O)CN2C(=O)[C@@H](NC(=O)CCCCCCCC(=O)Nc2ccc(C(=O)Nc3cc(-c4cccs4)ccc3N)cc2)C(C)(C)C)cc1
2807,Cc1ncsc1-c1ccc(CNC(=O)[C@@H]2C[C@@H](O)CN2C(=O)[C@@H](NC(=O)CCCCCCCCCCC(=O)Nc2ccc(C(=O)Nc3cc(-c4cccs4)ccc3N)cc2)C(C)(C)C)cc1
2808,Cc1ncsc1-c1ccc(CNC(=O)[C@@H]2C[C@@H](O)CN2C(=O)[C@@H](NC(=O)COCCOCCOCC(=O)Nc2ccc(C(=O)Nc3cc(-c4cccs4)ccc3N)cc2)C(C)(C)C)cc1
2809,CC(=O)N[C@H](C(=O)N1C[C@H](O)C[C@H]1C(=O)NCc1ccc(-c2scnc2C)cc1OCCCCCCCCCCCC(=O)Nc1ccc(C(=O)Nc2ccccc2N)cc1)C(C)(C)C
2810,Cc1ncsc1-c1ccc(CNC(=O)[C@@H]2C[C@@H](O)CN2C(=O)[C@@H](NC(=O)C2(F)CC2)C(C)(C)C)c(OCCCCCCCCCCCC(=O)Nc2ccc(C(=O)Nc3ccccc3N)cc2)c1
2811,CC(=O)N[C@H](C(=O)N1C[C@H](O)C[C@H]1C(=O)NCc1ccc(-c2scnc2C)cc1OCCCCNC(=O)CCCCC(=O)Nc1ccc(C(=O)Nc2ccccc2N)cc1)C(C)(C)C
2812,CC(=O)N[C@H](C(=O)N1C[C@H](O)C[C@H]1C(=O)NCc1ccc(-c2scnc2C)cc1OCCCCNC(=O)CCCCCCCC(=O)Nc1ccc(C(=O)Nc2ccccc2N)cc1)C(C)(C)C
2813,CCN(c1cc(-c2ccc(C(=O)NCCCCNc3cccc4c3C(=O)N(C3CCC(=O)OC3=O)C4=O)cc2)cc(C(=O)NCc2c(C)cc(C)[nH]c2=O)c1C)C1CCOCC1
2814,CCN(c1cc(-c2ccc(C(=O)NCCOCCNc3cccc4c3C(=O)N(C3CCC(=O)OC3=O)C4=O)cc2)cc(C(=O)NCc2c(C)cc(C)[nH]c2=O)c1C)C1CCOCC1
2815,CCN(c1cc(-c2ccc(C(=O)NCCOCCOCCOc3cccc4c3C(=O)N(C3CCC(=O)NC3=O)C4=O)cc2)cc(C(=O)NCc2c(C)cc(C)[nH]c2=O)c1C)C1CCOCC1
2816,CCN(c1cc(-c2ccc(C(=O)NCCCCCCNC(=O)COc3cccc4c3C(=O)N(C3CCC(=O)NC3=O)C4=O)cc2)cc(C(=O)NCc2c(C)cc(C)[nH]c2=O)c1C)C1CCOCC1
2817,CCN(c1cc(-c2ccc(C(=O)NCCCCCCCCNC(=O)COc3cccc4c3C(=O)N(C3CCC(=O)NC3=O)C4=O)cc2)cc(C(=O)NCc2c(C)cc(C)[nH]c2=O)c1C)C1CCOCC1
2818,CCN(c1cc(-c2ccc(C(=O)NCCOCCOCCOCCOc3cccc4c3C(=O)N(C3CCC(=O)NC3=O)C4=O)cc2)cc(C(=O)NCc2c(C)cc(C)[nH]c2=O)c1C)C1CCOCC1
2819,CCN(c1cc(-c2ccc(OCCOCC(=O)N[C@H](C(=O)N3C[C@H](O)C[C@H]3C(=O)NCc3ccc(-c4scnc4C)cc3)C(C)(C)C)cc2)cc(C(=O)NCc2c(C)cc(C)[nH]c2=O)c1C)C1CCOCC1
2820,CCN(c1cc(-c2ccc(OCCCOCC(=O)N[C@H](C(=O)N3C[C@H](O)C[C@H]3C(=O)NCc3ccc(-c4scnc4C)cc3)C(C)(C)C)cc2)cc(C(=O)NCc2c(C)cc(C)[nH]c2=O)c1C)C1CCOCC1
2821,CCN(c1cc(-c2ccc(OCCOCCOCC(=O)N[C@H](C(=O)N3C[C@H](O)C[C@H]3C(=O)NCc3ccc(-c4scnc4C)cc3)C(C)(C)C)cc2)cc(C(=O)NCc2c(C)cc(C)[nH]c2=O)c1C)C1CCOCC1
2822,CCN(c1cc(-c2ccc(C(=O)NCCOCCOCC(=O)N[C@H](C(=O)N3C[C@H](O)C[C@H]3C(=O)NCc3ccc(-c4scnc4C)cc3)C(C)(C)C)cc2)cc(C(=O)NCc2c(C)cc(C)[nH]c2=O)c1C)C1CCOCC1
2823,CCN(c1cc(-c2ccc(OCCOCCOCCOCC(=O)N[C@H](C(=O)N3C[C@H](O)C[C@H]3C(=O)NCc3ccc(-c4scnc4C)cc3)C(C)(C)C)cc2)cc(C(=O)NCc2c(C)cc(C)[nH]c2=O)c1C)C1CCOCC1
2824,CCN(c1cc(-c2ccc(C(=O)NCCOCCOCCOCCC(=O)N[C@H](C(=O)N3C[C@H](O)C[C@H]3C(=O)NCc3ccc(-c4scnc4C)cc3)C(C)(C)C)cc2)cc(C(=O)NCc2c(C)cc(C)[nH]c2=O)c1C)C1CCOCC1
2825,CCN(c1cc(-c2ccc(C(=O)NCCOCCOCCOCCOCCC(=O)N[C@H](C(=O)N3C[C@H](O)C[C@H]3C(=O)NCc3ccc(-c4scnc4C)cc3)C(C)(C)C)cc2)cc(C(=O)NCc2c(C)cc(C)[nH]c2=O)c1C)C1CCOCC1
2826,CC(C)c1cnn2c(NCc3ccccc3)cc(NCCCCCCNCCOCCNC(=O)COc3cccc4c3C(=O)N(C3CCC(=O)NC3=O)C4=O)nc12
2827,CC(C)c1cnn2c(NCc3ccccc3)cc(NCCCCCCNCCOCCOCCOCCNC(=O)COc3cccc4c3C(=O)N(C3CCC(=O)NC3=O)C4=O)nc12
2828,CC(C)c1cnn2c(NCc3ccccc3-n3ccnc3)nc(OC3CCN(CCOCCNC(=O)COc4cccc5c4C(=O)N(C4CCC(=O)NC4=O)C5=O)CC3)nc12
2829,CC(C)c1cnn2c(NCc3ccccc3-n3ccnc3)nc(OC3CCN(CCOCCOCCOCCNC(=O)COc4cccc5c4C(=O)N(C4CCC(=O)NC4=O)C5=O)CC3)nc12
2830,CC(C)c1cnn2c(NCc3ccccc3N(C)C)nc(OC3CCN(CCOCCNC(=O)COc4cccc5c4C(=O)N(C4CCC(=O)NC4=O)C5=O)CC3)nc12
2831,CC(C)c1cnn2c(NCc3ccccc3N(C)C)nc(OC3CCN(CCOCCOCCOCCNC(=O)COc4cccc5c4C(=O)N(C4CCC(=O)NC4=O)C5=O)CC3)nc12
2832,CC(C)c1cnn2c(NCc3ccccc3)nc(OC3CCN(CCOCCNC(=O)COc4cccc5c4C(=O)N(C4CCC(=O)NC4=O)C5=O)CC3)nc12
2833,CC(C)c1cnn2c(NCc3ccccc3)nc(OC3CCN(CCOCCOCCOCCNC(=O)COc4cccc5c4C(=O)N(C4CCC(=O)NC4=O)C5=O)CC3)nc12
2834,CC(C)c1cnn2c(NCc3cccc(CCCCCCNC(=O)COc4cccc5c4C(=O)N(C4CCC(=O)NC4=O)C5=O)c3)cc(NCCCCCCN)nc12
2835,CC(C)c1cnn2c(NCc3ccc(CCCCCCNC(=O)COc4cccc5c4C(=O)N(C4CCC(=O)NC4=O)C5=O)cc3)cc(NCCCCCCN)nc12
2836,CC(C)c1cnn2c(NCc3ccc(CCCCCCNC(=O)COc4cccc5c4C(=O)N(C4CCC(=O)NC4=O)C5=O)cc3N(C)C)nc(OC3CCN(C)CC3)nc12
2837,CC(C)c1cnn2c(NCc3cc(CCCCCCNC(=O)COc4cccc5c4C(=O)N(C4CCC(=O)NC4=O)C5=O)ccc3N(C)C)nc(OC3CCN(C)CC3)nc12
2838,CC(C)c1cnn2c(NCc3ccc(NC(=O)CCCCCCNC(=O)COc4cccc5c4C(=O)N(C4CCC(=O)NC4=O)C5=O)cc3N(C)C)nc(OC3CCN(C)CC3)nc12
2839,CC(C)c1cnn2c(NCc3cc(NC(=O)CCCCCCNC(=O)COc4cccc5c4C(=O)N(C4CCC(=O)NC4=O)C5=O)ccc3N(C)C)nc(OC3CCN(C)CC3)nc12
2840,CC(C)c1cnn2c(NCc3ccc(NC(=O)CCCCCCNc4cccc5c4C(=O)N(C4CCC(=O)NC4=O)C5=O)cc3N(C)C)nc(OC3CCN(C)CC3)nc12
2841,CC(C)c1cnn2c(NCc3cccc(CCCCCCCOc4cccc5c4C(=O)N(C4CCC(=O)NC4=O)C5=O)c3N(C)C)nc(OC3CCN(C)CC3)nc12
2842,CC(C)c1cnn2c(NCc3ccc(CCCCCCCOc4cccc5c4C(=O)N(C4CCC(=O)NC4=O)C5=O)cc3N(C)C)nc(OC3CCN(C)CC3)nc12
2843,CC(C)c1cnn2c(NCc3cccc(NC(=O)CCCCCCNC(=O)COc4cccc5c4C(=O)N(C4CCC(=O)NC4=O)C5=O)c3)nc(OC3CCN(C)CC3)nc12
2844,CC(C)c1cnn2c(NCc3ccc(NC(=O)CCCCCCNC(=O)COc4cccc5c4C(=O)N(C4CCC(=O)NC4=O)C5=O)cc3)nc(OC3CCN(C)CC3)nc12
2845,CC(C)c1cnn2c(NCc3ccc(NC(=O)CCCCCCNc4cccc5c4C(=O)N(C4CCC(=O)NC4=O)C5=O)cc3)nc(OC3CCN(C)CC3)nc12
2846,CC(C)c1cnn2c(NCc3ccc(NC(=O)CCCCCCOc4cccc5c4C(=O)N(C4CCC(=O)NC4=O)C5=O)cc3)nc(OC3CCN(C)CC3)nc12
2847,CC(C)c1cnn2c(NCc3ccc(NC(=O)CCCCCOc4cccc5c4C(=O)N(C4CCC(=O)NC4=O)C5=O)cc3)nc(OC3CCN(C)CC3)nc12
2848,CC(C)c1cnn2c(NCc3ccc(CCCCCCCOc4cccc5c4C(=O)N(C4CCC(=O)NC4=O)C5=O)cc3)nc(OC3CCN(C)CC3)nc12
2849,CC(C)c1cnn2c(NCc3ccc(NC(=O)CCCCCCCOc4cccc5c4C(=O)N(C4CCC(=O)NC4=O)C5=O)cc3)nc(OC3CCN(C)CC3)nc12
2850,CC(C)c1cnn2c(NCc3ccc(NC(=O)CCCCCCCCOc4cccc5c4C(=O)N(C4CCC(=O)NC4=O)C5=O)cc3)nc(OC3CCN(C)CC3)nc12
2851,CC(C)c1cnn2c(NCc3ccc(NC(=O)COCCOCCOc4cccc5c4C(=O)N(C4CCC(=O)NC4=O)C5=O)cc3)nc(OC3CCN(C)CC3)nc12
2852,CC(C)c1cnn2c(NCc3ccc(CCCOCCOCCOc4cccc5c4C(=O)N(C4CCC(=O)NC4=O)C5=O)cc3)nc(OC3CCN(C)CC3)nc12
2853,CC(C)c1cnn2c(NCc3ccc(NC(=O)COCCOCCOCCOc4cccc5c4C(=O)N(C4CCC(=O)NC4=O)C5=O)cc3)nc(OC3CCN(C)CC3)nc12
2854,CC(C)c1cnn2c(NCc3ccc(NC(=O)CCCCCCCCCOc4cccc5c4CN(C4CCC(=O)NC4=O)C5=O)cc3)nc(OC3CCN(C)CC3)nc12
2855,CC(C)c1cnn2c(NCc3ccc(NC(=O)CCCCCCCCOc4cccc5c4CN(C4CCC(=O)NC4=O)C5=O)cc3)nc(OC3CCN(C)CC3)nc12
2856,CC(C)c1cnn2c(NCc3ccc(NC(=O)CCCCCCCOc4cccc5c4CN(C4CCC(=O)NC4=O)C5=O)cc3)nc(OC3CCN(C)CC3)nc12
2857,CC(C)c1cnn2c(NCc3ccc(NC(=O)CCCCCCOc4cccc5c4CN(C4CCC(=O)NC4=O)C5=O)cc3)nc(OC3CCN(C)CC3)nc12
2858,CC(C)c1cnn2c(NCc3ccc(NC(=O)CCCCCOc4cccc5c4CN(C4CCC(=O)NC4=O)C5=O)cc3)nc(OC3CCN(C)CC3)nc12
2859,CC(C)c1cnn2c(NCc3ccc(NC(=O)CCCCCCc4cccc5c4CN(C4CCC(=O)NC4=O)C5=O)cc3)nc(OC3CCN(C)CC3)nc12
2860,CC(C)c1cnn2c(NCc3ccc(NC(=O)CCCCCN4CCN(CCCCCc5cccc6c5CN(C5CCC(=O)NC5=O)C6=O)CC4)cc3)nc(OC3CCN(C)CC3)nc12
2861,CC(C)c1cnn2c(NCc3ccc(NC(=O)CCCN4CCN(CCCCCc5cccc6c5CN(C5CCC(=O)NC5=O)C6=O)CC4)cc3)nc(OC3CCN(C)CC3)nc12
2862,CC(C)c1cnn2c(NCc3ccc(NC(=O)CCCCCN4CCN(CCCc5cccc6c5CN(C5CCC(=O)NC5=O)C6=O)CC4)cc3)nc(OC3CCN(C)CC3)nc12
2863,CC(C)c1cnn2c(NCc3ccc(NC(=O)CCCN4CCN(CCCc5cccc6c5CN(C5CCC(=O)NC5=O)C6=O)CC4)cc3)nc(OC3CCN(C)CC3)nc12
2864,CC(C)c1cnn2c(NCc3ccc(NC(=O)N4CCN(CCCCCc5cccc6c5CN(C5CCC(=O)NC5=O)C6=O)CC4)cc3)nc(OC3CCN(C)CC3)nc12
2865,CC[C@@H](CO)Nc1cc(NCc2ccc(NC(=O)N3CCN(CCCCCc4cccc5c4CN(C4CCC(=O)NC4=O)C5=O)CC3)cc2)n2ncc(C(C)C)c2n1
2866,N#Cc1ccc(O[C@H]2CC[C@H](NC(=O)c3ccc(NCCCNc4ccc5c(c4)C(=O)N(C4CCC(=O)NC4=O)C5=O)cc3)CC2)cc1Cl
2867,N#Cc1ccc(O[C@H]2CC[C@H](NC(=O)c3ccc(NCCCCNc4ccc5c(c4)C(=O)N(C4CCC(=O)NC4=O)C5=O)cc3)CC2)cc1Cl
2868,N#Cc1ccc(O[C@H]2CC[C@H](NC(=O)c3ccc(NCCCCCNc4ccc5c(c4)C(=O)N(C4CCC(=O)NC4=O)C5=O)cc3)CC2)cc1Cl
2869,N#Cc1ccc(O[C@H]2CC[C@H](NC(=O)c3ccc(NCCCCCCNc4ccc5c(c4)C(=O)N(C4CCC(=O)NC4=O)C5=O)cc3)CC2)cc1Cl
2870,N#Cc1ccc(O[C@H]2CC[C@H](NC(=O)c3ccc(NCCCCCCCNc4ccc5c(c4)C(=O)N(C4CCC(=O)NC4=O)C5=O)cc3)CC2)cc1Cl
2871,N#Cc1ccc(O[C@H]2CC[C@H](NC(=O)c3ccc(NCCCCCCCCNc4ccc5c(c4)C(=O)N(C4CCC(=O)NC4=O)C5=O)cc3)CC2)cc1Cl
2872,N#Cc1ccc(O[C@H]2CC[C@H](NC(=O)c3ccc(NCCCCCCCCCNc4ccc5c(c4)C(=O)N(C4CCC(=O)NC4=O)C5=O)cc3)CC2)cc1Cl
2873,N#Cc1ccc(O[C@H]2CC[C@H](NC(=O)c3ccc(NCCCCCCCCCCNc4ccc5c(c4)C(=O)N(C4CCC(=O)NC4=O)C5=O)cc3)CC2)cc1Cl
2874,N#Cc1ccc(O[C@H]2CC[C@H](NC(=O)c3ccc(NCCCCCCCCCCCNc4ccc5c(c4)C(=O)N(C4CCC(=O)NC4=O)C5=O)cc3)CC2)cc1Cl
2875,N#Cc1ccc(O[C@H]2CC[C@H](NC(=O)c3ccc(N4CCN(CCNc5ccc6c(c5)C(=O)N(C5CCC(=O)NC5=O)C6=O)CC4)cc3)CC2)cc1Cl
2876,N#Cc1ccc(O[C@H]2CC[C@H](NC(=O)c3ccc(N4CCN(CCCNc5ccc6c(c5)C(=O)N(C5CCC(=O)NC5=O)C6=O)CC4)cc3)CC2)cc1Cl
2877,N#Cc1ccc(O[C@H]2CC[C@H](NC(=O)c3ccc(N4CCN(CCCCNc5ccc6c(c5)C(=O)N(C5CCC(=O)NC5=O)C6=O)CC4)cc3)CC2)cc1Cl
2878,N#Cc1ccc(O[C@H]2CC[C@H](NC(=O)c3ccc(N4CCN(CCCCCNc5ccc6c(c5)C(=O)N(C5CCC(=O)NC5=O)C6=O)CC4)cc3)CC2)cc1Cl
2879,N#Cc1ccc(O[C@H]2CC[C@H](NC(=O)c3ccc(N4CCN(CC5CCN(c6ccc7c(c6)C(=O)N(C6CCC(=O)NC6=O)C7=O)CC5)CC4)cc3)CC2)cc1Cl
2880,N#Cc1ccc(O[C@H]2CC[C@H](NC(=O)c3ccc(N4CCN(C5CCN(c6ccc7c(c6)C(=O)N(C6CCC(=O)NC6=O)C7=O)CC5)CC4)cc3)CC2)cc1Cl
2881,N#Cc1ccc(O[C@H]2CC[C@H](NC(=O)c3ccc(N4CCC(N5CCN(c6ccc7c(c6)C(=O)N(C6CCC(=O)NC6=O)C7=O)CC5)CC4)cc3)CC2)cc1Cl
2882,N#Cc1ccc(O[C@H]2CC[C@H](NC(=O)c3ccc(N4CCN(CC5CN(c6ccc7c(c6)C(=O)N(C6CCC(=O)NC6=O)C7=O)C5)CC4)cc3)CC2)cc1Cl
2883,N#Cc1ccc(O[C@H]2CC[C@H](NC(=O)c3ccc(N4CCN(C5CN(c6ccc7c(c6)C(=O)N(C6CCC(=O)NC6=O)C7=O)C5)CC4)cc3)CC2)cc1Cl
2884,N#Cc1ccc(O[C@H]2CC[C@H](NC(=O)c3ccc(N4CCC(N5CCN(c6ccc7c(c6)C(=O)N(C6CCC(=O)NC6=O)C7=O)CC5)CC4)cc3)C2)cc1Cl
2885,N#Cc1ccc(O[C@@H]2CCC[C@@H](NC(=O)c3ccc(N4CCC(N5CCN(c6ccc7c(c6)C(=O)N(C6CCC(=O)NC6=O)C7=O)CC5)CC4)cc3)CC2)cc1Cl
2886,N#Cc1ccc(O[C@H]2CCC[C@@H](NC(=O)c3ccc(N4CCC(N5CCN(c6ccc7c(c6)C(=O)N(C6CCC(=O)NC6=O)C7=O)CC5)CC4)cc3)CCC2)cc1Cl
2887,N#Cc1ccc(OC2CCN(C(=O)c3ccc(N4CCC(N5CCN(c6ccc7c(c6)C(=O)N(C6CCC(=O)NC6=O)C7=O)CC5)CC4)cc3)CC2)cc1Cl
2888,N#Cc1ccc(OC2CCCN(C(=O)c3ccc(N4CCC(N5CCN(c6ccc7c(c6)C(=O)N(C6CCC(=O)NC6=O)C7=O)CC5)CC4)cc3)CC2)cc1Cl
2889,N#Cc1ccc(N[C@H]2CC[C@H](NC(=O)c3ccc(N4CCC(N5CCN(c6ccc7c(c6)C(=O)N(C6CCC(=O)NC6=O)C7=O)CC5)CC4)cc3)CC2)cc1Cl
2890,CN(c1ccc(C#N)c(Cl)c1)[C@H]1CC[C@H](NC(=O)c2ccc(N3CCC(N4CCN(c5ccc6c(c5)C(=O)N(C5CCC(=O)NC5=O)C6=O)CC4)CC3)cc2)CC1
2891,CCN(c1ccc(C#N)c(Cl)c1)[C@H]1CC[C@H](NC(=O)c2ccc(N3CCC(N4CCN(c5ccc6c(c5)C(=O)N(C5CCC(=O)NC5=O)C6=O)CC4)CC3)cc2)CC1
2892,CCCN(c1ccc(C#N)c(Cl)c1)[C@H]1CC[C@H](NC(=O)c2ccc(N3CCC(N4CCN(c5ccc6c(c5)C(=O)N(C5CCC(=O)NC5=O)C6=O)CC4)CC3)cc2)CC1
2893,CN(c1ccc(C#N)c(Cl)c1)[C@H]1CC[C@H](NC(=O)c2ccc(N3CCN(CC4CCN(c5ccc6c(c5)C(=O)N(C5CCC(=O)NC5=O)C6=O)CC4)CC3)cc2)CC1
2894,CN(c1ccc(C#N)c(Cl)c1)[C@H]1CC[C@H](NC(=O)c2ccc(N3CCC(CN4CCN(c5ccc6c(c5)C(=O)N(C5CCC(=O)NC5=O)C6=O)CC4)CC3)cc2)CC1
2895,CN(c1ccc(C#N)c(Cl)c1)[C@H]1CC[C@H](NC(=O)c2ccc(N3CCN(C4CCN(c5ccc6c(c5)C(=O)N(C5CCC(=O)NC5=O)C6=O)CC4)CC3)cc2)CC1
2896,CN(c1ccc(C#N)c(Cl)c1)[C@H]1CC[C@H](NC(=O)c2ccc(N3CCN(CC4CN(c5ccc6c(c5)C(=O)N(C5CCC(=O)NC5=O)C6=O)C4)CC3)cc2)CC1
2897,CN(c1ccc(C#N)c(Cl)c1)[C@H]1CC[C@H](NC(=O)c2ccc(N3CCN(C4CN(c5ccc6c(c5)C(=O)N(C5CCC(=O)NC5=O)C6=O)C4)CC3)cc2)CC1
2898,CN(c1ccc(C#N)c(Cl)c1)[C@H]1CC[C@H](NC(=O)c2ccc(N3CC(CN4CCN(c5ccc6c(c5)C(=O)N(C5CCC(=O)NC5=O)C6=O)CC4)C3)cc2)CC1
2899,CN(c1ccc(C#N)c(Cl)c1)[C@H]1CC[C@H](NC(=O)c2ccc(N3CC(N4CCN(c5ccc6c(c5)C(=O)N(C5CCC(=O)NC5=O)C6=O)CC4)C3)cc2)CC1
2900,CC(O)(CS(=O)(=O)c1ccc(N2CCN(C3CCN(c4ccc5c(c4)C(=O)N(C4CCC(=O)NC4=O)C5=O)CC3)CC2)cc1)C(=O)Nc1ccc(C#N)c(C(F)(F)F)c1
2901,CC1(C)C(=O)N(c2ccc(C#N)c(C(F)(F)F)c2)C(=S)N1c1ccc(C(=O)N2CCN(C3CCN(c4ccc5c(c4)C(=O)N(C4CCC(=O)NC4=O)C5=O)CC3)CC2)c(F)c1
2902,N#Cc1ncc(N2C(=O)C3(CCC3)N(c3ccc(C(=O)N4CCN(C5CCN(c6ccc7c(c6)C(=O)N(C6CCC(=O)NC6=O)C7=O)CC5)CC4)c(F)c3)C2=S)cc1C(F)(F)F
2903,CCc1cc2c(cc1N1CCN(c3cccc4c3C(=O)N(C3CCC(=O)NC3=O)C4=O)CC1)C(C)(C)c1[nH]c3cc(C#N)ccc3c1C2=O
2904,CCc1cc2c(cc1N1CCN(CC(=O)NCCNc3cccc4c3C(=O)N(C3CCC(=O)NC3=O)C4=O)CC1)C(C)(C)c1[nH]c3cc(C#N)ccc3c1C2=O
2905,CCc1cc2c(cc1N1CCN(CC(=O)NCCCCNc3cccc4c3C(=O)N(C3CCC(=O)NC3=O)C4=O)CC1)C(C)(C)c1[nH]c3cc(C#N)ccc3c1C2=O
2906,CCc1cc2c(cc1N1CCN(CC(=O)NCCCCCCNc3cccc4c3C(=O)N(C3CCC(=O)NC3=O)C4=O)CC1)C(C)(C)c1[nH]c3cc(C#N)ccc3c1C2=O
2907,CCc1cc2c(cc1N1CCC(N3CCN(c4cccc5c4C(=O)N(C4CCC(=O)NC4=O)C5=O)CC3)CC1)C(C)(C)c1[nH]c3cc(C#N)ccc3c1C2=O
2908,CCc1cc2c(cc1N1CCC(N3CCN(CC(=O)NCCNc4cccc5c4C(=O)N(C4CCC(=O)NC4=O)C5=O)CC3)CC1)C(C)(C)c1[nH]c3cc(C#N)ccc3c1C2=O
2909,CCc1cc2c(cc1N1CCC(N3CCN(CC(=O)NCCCCNc4cccc5c4C(=O)N(C4CCC(=O)NC4=O)C5=O)CC3)CC1)C(C)(C)c1[nH]c3cc(C#N)ccc3c1C2=O
2910,CCc1cc2c(cc1N1CCC(N3CCN(CC(=O)NCCCCCCNc4cccc5c4C(=O)N(C4CCC(=O)NC4=O)C5=O)CC3)CC1)C(C)(C)c1[nH]c3cc(C#N)ccc3c1C2=O
2911,O=C1CCC(N2C(=O)c3cccc(NCCOCCOCCOCCOCCC(=O)N4CCN(C(=O)C5CCN(c6ccc(NC(=O)c7cnc(Oc8ccccc8)nc7)cc6)CC5)CC4)c3C2=O)C(=O)N1
2912,O=C1CCC(N2C(=O)c3cccc(NCCOCCOCCOCCC(=O)N4CCN(C(=O)C5CCN(c6ccc(NC(=O)c7cnc(Oc8ccccc8)nc7)cc6)CC5)CC4)c3C2=O)C(=O)N1
2913,O=C1CCC(N2C(=O)c3cccc(NCCOCCOCCC(=O)N4CCN(C(=O)C5CCN(c6ccc(NC(=O)c7cnc(Oc8ccccc8)nc7)cc6)CC5)CC4)c3C2=O)C(=O)N1
2914,O=C1CCC(N2C(=O)c3cccc(NCCOCCC(=O)N4CCN(C(=O)C5CCN(c6ccc(NC(=O)c7cnc(Oc8ccccc8)nc7)cc6)CC5)CC4)c3C2=O)C(=O)N1
2915,O=C1CCC(N2C(=O)c3cccc(N4CCN(C(=O)C5CCN(c6ccc(NC(=O)c7cnc(Oc8ccccc8)nc7)cc6)CC5)CC4)c3C2=O)C(=O)N1
2916,CN1C(=O)CCC(N2C(=O)c3cccc(N4CCN(C(=O)C5CCN(c6ccc(NC(=O)c7cnc(Oc8ccccc8)nc7)cc6)CC5)CC4)c3C2=O)C1=O
2917,O=C1CCC(N2C(=O)c3cccc(NCCNC(=O)C4CCN(c5ccc(NC(=O)c6cnc(Oc7ccccc7)nc6)cc5)CC4)c3C2=O)C(=O)N1
2918,Cc1ncsc1-c1ccc(CNC(=O)[C@@H]2C[C@@H](O)CN2C(=O)[C@@H](NC(=O)CNC(=O)C2CCN(c3ccc(NC(=O)c4cnc(Oc5ccccc5)nc4)cc3)CC2)C(C)(C)C)cc1
2919,Cc1ncsc1-c1ccc(CNC(=O)[C@@H]2C[C@@H](O)CN2C(=O)[C@@H](NC(=O)COCCNC(=O)CCNC[C@@H](C(=O)N2CCN(c3ncnc4c3[C@H](C)C[C@H]4O)CC2)c2ccc(Cl)cc2)C(C)(C)C)cc1
2920,Cc1ncsc1-c1ccc(CNC(=O)[C@@H]2C[C@@H](O)CN2C(=O)[C@@H](NC(=O)COCCOCCNC(=O)CCNC[C@@H](C(=O)N2CCN(c3ncnc4c3[C@H](C)C[C@H]4O)CC2)c2ccc(Cl)cc2)C(C)(C)C)cc1
2921,Cc1ncsc1-c1ccc(CNC(=O)[C@@H]2C[C@@H](O)CN2C(=O)[C@@H](NC(=O)CCOCCOCCOCCOCCNC(=O)CCNC[C@@H](C(=O)N2CCN(c3ncnc4c3[C@H](C)C[C@H]4O)CC2)c2ccc(Cl)cc2)C(C)(C)C)cc1
2922,Cc1ncsc1-c1ccc(CNC(=O)[C@@H]2C[C@@H](O)CN2C(=O)[C@@H](NC(=O)CCCCNC(=O)CCNC[C@@H](C(=O)N2CCN(c3ncnc4c3[C@H](C)C[C@H]4O)CC2)c2ccc(Cl)cc2)C(C)(C)C)cc1
2923,Cc1ncsc1-c1ccc(CNC(=O)[C@@H]2C[C@@H](O)CN2C(=O)[C@@H](NC(=O)CCCCCNC(=O)CCNC[C@@H](C(=O)N2CCN(c3ncnc4c3[C@H](C)C[C@H]4O)CC2)c2ccc(Cl)cc2)C(C)(C)C)cc1
2924,Cc1ncsc1-c1ccc(CNC(=O)[C@@H]2C[C@@H](O)CN2C(=O)[C@@H](NC(=O)CCCCCCNC(=O)CCNC[C@@H](C(=O)N2CCN(c3ncnc4c3[C@H](C)C[C@H]4O)CC2)c2ccc(Cl)cc2)C(C)(C)C)cc1
2925,Cc1ncsc1-c1ccc(CNC(=O)[C@@H]2C[C@@H](O)CN2C(=O)[C@@H](NC(=O)CCCCCCCCNC(=O)CCNC[C@@H](C(=O)N2CCN(c3ncnc4c3[C@H](C)C[C@H]4O)CC2)c2ccc(Cl)cc2)C(C)(C)C)cc1
2926,Cc1ncsc1-c1ccc(CNC(=O)[C@@H]2C[C@@H](O)CN2C(=O)[C@@H](NC(=O)CCCCCCCCCNC(=O)CCNC[C@@H](C(=O)N2CCN(c3ncnc4c3[C@H](C)C[C@H]4O)CC2)c2ccc(Cl)cc2)C(C)(C)C)cc1
2927,Cc1ncsc1-c1ccc(CNC(=O)[C@@H]2C[C@@H](O)CN2C(=O)[C@@H](NC(=O)CCCCCCCCCCNC(=O)CCNC[C@@H](C(=O)N2CCN(c3ncnc4c3[C@H](C)C[C@H]4O)CC2)c2ccc(Cl)cc2)C(C)(C)C)cc1
2928,Cc1ncsc1-c1ccc([C@H](C)NC(=O)[C@@H]2C[C@@H](O)CN2C(=O)[C@@H](NC(=O)CCCCCCCCCCNC(=O)CCNC[C@@H](C(=O)N2CCN(c3ncnc4c3[C@H](C)C[C@H]4O)CC2)c2ccc(Cl)cc2)C(C)(C)C)cc1
2929,Cc1ncsc1-c1ccc([C@H](C)NC(=O)[C@@H]2C[C@@H](O)CN2C(=O)[C@@H](NC(=O)CCCCCCCCCCC(=O)NCCNC[C@@H](C(=O)N2CCN(c3ncnc4c3[C@H](C)C[C@H]4O)CC2)c2ccc(Cl)cc2)C(C)(C)C)cc1
2930,C[C@@H]1C[C@@H](O)c2ncnc(N3CCN(C(=O)[C@H](CNCCC(=O)NCCOCCNc4cccc5c4C(=O)N(C4CCC(=O)NC4=O)C5=O)c4ccc(Cl)cc4)CC3)c21
2931,C[C@@H]1C[C@@H](O)c2ncnc(N3CCN(C(=O)[C@H](CNCCC(=O)NCCOCCOCCNc4cccc5c4C(=O)N(C4CCC(=O)NC4=O)C5=O)c4ccc(Cl)cc4)CC3)c21
2932,C[C@@H]1C[C@@H](O)c2ncnc(N3CCN(C(=O)[C@H](CNCCC(=O)NCCOCCOCCOCCNc4cccc5c4C(=O)N(C4CCC(=O)NC4=O)C5=O)c4ccc(Cl)cc4)CC3)c21
2933,C[C@@H]1C[C@@H](O)c2ncnc(N3CCN(C(=O)[C@H](CNCCC(=O)NCCOCCOCCOCCOCCNc4cccc5c4C(=O)N(C4CCC(=O)NC4=O)C5=O)c4ccc(Cl)cc4)CC3)c21
2934,C[C@@H]1C[C@@H](O)c2ncnc(N3CCN(C(=O)[C@H](CNCCC(=O)NCCOCCOCCOCCOCCOCCNc4cccc5c4C(=O)N(C4CCC(=O)NC4=O)C5=O)c4ccc(Cl)cc4)CC3)c21
2935,C[C@@H]1C[C@@H](O)c2ncnc(N3CCN(C(=O)[C@H](CNCCC(=O)NCCNc4cccc5c4C(=O)N(C4CCC(=O)NC4=O)C5=O)c4ccc(Cl)cc4)CC3)c21
2936,C[C@@H]1C[C@@H](O)c2ncnc(N3CCN(C(=O)[C@H](CNCCC(=O)NCCCNc4cccc5c4C(=O)N(C4CCC(=O)NC4=O)C5=O)c4ccc(Cl)cc4)CC3)c21
2937,C[C@@H]1C[C@@H](O)c2ncnc(N3CCN(C(=O)[C@H](CNCCC(=O)NCCCCNc4cccc5c4C(=O)N(C4CCC(=O)NC4=O)C5=O)c4ccc(Cl)cc4)CC3)c21
2938,C[C@@H]1C[C@@H](O)c2ncnc(N3CCN(C(=O)[C@H](CNCCC(=O)NCCCCCNc4cccc5c4C(=O)N(C4CCC(=O)NC4=O)C5=O)c4ccc(Cl)cc4)CC3)c21
2939,C[C@@H]1C[C@@H](O)c2ncnc(N3CCN(C(=O)[C@H](CNCCC(=O)NCCCCCCNc4cccc5c4C(=O)N(C4CCC(=O)NC4=O)C5=O)c4ccc(Cl)cc4)CC3)c21
2940,C[C@@H]1C[C@@H](O)c2ncnc(N3CCN(C(=O)[C@H](CNCCC(=O)NCCCCCCCNc4cccc5c4C(=O)N(C4CCC(=O)NC4=O)C5=O)c4ccc(Cl)cc4)CC3)c21
2941,C[C@@H]1C[C@@H](O)c2ncnc(N3CCN(C(=O)[C@H](CNCCC(=O)NCCCCCCCCNc4cccc5c4C(=O)N(C4CCC(=O)NC4=O)C5=O)c4ccc(Cl)cc4)CC3)c21
2942,C[C@@H]1C[C@@H](O)c2ncnc(N3CCN(C(=O)[C@H](CNCCNC(=O)CCCCCCCCNc4cccc5c4C(=O)N(C4CCC(=O)NC4=O)C5=O)c4ccc(Cl)cc4)CC3)c21
2943,C[C@@H]1C[C@@H](O)c2ncnc(N3CCN(C(=O)[C@H](CNCCC(=O)NCCCCCCCCCc4cccc5c4C(=O)N(C4CCC(=O)NC4=O)C5=O)c4ccc(Cl)cc4)CC3)c21
2944,C[C@@H]1C[C@@H](O)c2ncnc(N3CCN(C(=O)[C@H](CNCCC(=O)NCCCCCCCCNc4cccc5c4CN(C4CCC(=O)NC4=O)C5=O)c4ccc(Cl)cc4)CC3)c21
2945,C[C@@H]1C[C@@H](O)c2ncnc(N3CCN(C(=O)[C@H](CNCCC(=O)NCCCCCCCCOc4cccc5c4C(=O)N(C4CCC(=O)NC4=O)C5=O)c4ccc(Cl)cc4)CC3)c21
2946,CCn1c(-c2nonc2N)nc2c(C#CC(C)(C)O)ncc(OCCCNCCCC(=O)NCCOCC(=O)N[C@H](C(=O)N3C[C@H](O)C[C@H]3C(=O)NCc3ccc(-c4scnc4C)cc3)C(C)(C)C)c21
2947,CCn1c(-c2nonc2N)nc2c(C#CC(C)(C)O)ncc(OCCCNCCCC(=O)NCCOCCC(=O)N[C@H](C(=O)N3C[C@H](O)C[C@H]3C(=O)NCc3ccc(-c4scnc4C)cc3)C(C)(C)C)c21
2948,CCn1c(-c2nonc2N)nc2c(C#CC(C)(C)O)ncc(OCCCNCCCC(=O)NCCOCCOCC(=O)N[C@H](C(=O)N3C[C@H](O)C[C@H]3C(=O)NCc3ccc(-c4scnc4C)cc3)C(C)(C)C)c21
2949,CCn1c(-c2nonc2N)nc2c(C#CC(C)(C)O)ncc(OCCCNCCCC(=O)NCCOCCOCCC(=O)N[C@H](C(=O)N3C[C@H](O)C[C@H]3C(=O)NCc3ccc(-c4scnc4C)cc3)C(C)(C)C)c21
2950,CCn1c(-c2nonc2N)nc2c(C#CC(C)(C)O)ncc(OCCCNCCCC(=O)NCCOCCOCCOCC(=O)N[C@H](C(=O)N3C[C@H](O)C[C@H]3C(=O)NCc3ccc(-c4scnc4C)cc3)C(C)(C)C)c21
2951,CCn1c(-c2nonc2N)nc2c(C#CC(C)(C)O)ncc(OCCCNCCCC(=O)NCCOCCOCCOCCC(=O)N[C@H](C(=O)N3C[C@H](O)C[C@H]3C(=O)NCc3ccc(-c4scnc4C)cc3)C(C)(C)C)c21
2952,CCn1c(-c2nonc2N)nc2c(C#CC(C)(C)O)ncc(OCCCNCCCC(=O)NCCOCCOCCOCCOCCC(=O)N[C@H](C(=O)N3C[C@H](O)C[C@H]3C(=O)NCc3ccc(-c4scnc4C)cc3)C(C)(C)C)c21
2953,CCn1c(-c2nonc2N)nc2c(C#CC(C)(C)O)ncc(OCCCNCCCC(=O)NCCOCCOCCOCCOCCOCCC(=O)N[C@H](C(=O)N3C[C@H](O)C[C@H]3C(=O)NCc3ccc(-c4scnc4C)cc3)C(C)(C)C)c21
2954,CCn1c(-c2nonc2N)nc2c(C#CC(C)(C)O)ncc(OCCCNCCCC(=O)NCC(=O)N[C@H](C(=O)N3C[C@H](O)C[C@H]3C(=O)NCc3ccc(-c4scnc4C)cc3)C(C)(C)C)c21
2955,CCn1c(-c2nonc2N)nc2c(C#CC(C)(C)O)ncc(OCCCNCCCC(=O)NCCC(=O)N[C@H](C(=O)N3C[C@H](O)C[C@H]3C(=O)NCc3ccc(-c4scnc4C)cc3)C(C)(C)C)c21
2956,CCn1c(-c2nonc2N)nc2c(C#CC(C)(C)O)ncc(OCCCNCCCC(=O)NCCCC(=O)N[C@H](C(=O)N3C[C@H](O)C[C@H]3C(=O)NCc3ccc(-c4scnc4C)cc3)C(C)(C)C)c21
2957,CCn1c(-c2nonc2N)nc2c(C#CC(C)(C)O)ncc(OCCCNCCCC(=O)NCCCCC(=O)N[C@H](C(=O)N3C[C@H](O)C[C@H]3C(=O)NCc3ccc(-c4scnc4C)cc3)C(C)(C)C)c21
2958,CCn1c(-c2nonc2N)nc2c(C#CC(C)(C)O)ncc(OCCCNCCCC(=O)NCCCCCC(=O)N[C@H](C(=O)N3C[C@H](O)C[C@H]3C(=O)NCc3ccc(-c4scnc4C)cc3)C(C)(C)C)c21
2959,CCn1c(-c2nonc2N)nc2c(C#CC(C)(C)O)ncc(OCCCNCCCC(=O)NCCCCCCC(=O)N[C@H](C(=O)N3C[C@H](O)C[C@H]3C(=O)NCc3ccc(-c4scnc4C)cc3)C(C)(C)C)c21
2960,CCn1c(-c2nonc2N)nc2c(C#CC(C)(C)O)ncc(OCCCNCCCC(=O)NCCCCCCCC(=O)N[C@H](C(=O)N3C[C@H](O)C[C@H]3C(=O)NCc3ccc(-c4scnc4C)cc3)C(C)(C)C)c21
2961,CCn1c(-c2nonc2N)nc2c(C#CC(C)(C)O)ncc(OCCCNCCCC(=O)NCCCCCCCCC(=O)N[C@H](C(=O)N3C[C@H](O)C[C@H]3C(=O)NCc3ccc(-c4scnc4C)cc3)C(C)(C)C)c21
2962,CCn1c(-c2nonc2N)nc2c(C#CC(C)(C)O)ncc(OCCCNCCCC(=O)NCCCCCCCCCC(=O)N[C@H](C(=O)N3C[C@H](O)C[C@H]3C(=O)NCc3ccc(-c4scnc4C)cc3)C(C)(C)C)c21
2963,CCn1c(-c2nonc2N)nc2c(C#CC(C)(C)O)ncc(OCCCNCCCC(=O)NCCCCCCCCCCC(=O)N[C@H](C(=O)N3C[C@H](O)C[C@H]3C(=O)NCc3ccc(-c4scnc4C)cc3)C(C)(C)C)c21
2964,CCn1c(-c2nonc2N)nc2c(C#CC(C)(C)O)ncc(OCCCNCCCC(=O)NCCOCCNc3cccc4c3C(=O)N(C3CCC(=O)NC3=O)C4=O)c21
2965,CCn1c(-c2nonc2N)nc2c(C#CC(C)(C)O)ncc(OCCCNCCCC(=O)NCCOCCOCCNc3cccc4c3C(=O)N(C3CCC(=O)NC3=O)C4=O)c21
2966,CCn1c(-c2nonc2N)nc2c(C#CC(C)(C)O)ncc(OCCCNCCCC(=O)NCCOCCOCCOCCNc3cccc4c3C(=O)N(C3CCC(=O)NC3=O)C4=O)c21
2967,CCn1c(-c2nonc2N)nc2c(C#CC(C)(C)O)ncc(OCCCNCCCC(=O)NCCOCCOCCOCCOCCNc3cccc4c3C(=O)N(C3CCC(=O)NC3=O)C4=O)c21
2968,CCn1c(-c2nonc2N)nc2c(C#CC(C)(C)O)ncc(OCCCNCCCC(=O)NCCOCCOCCOCCOCCOCCNc3cccc4c3C(=O)N(C3CCC(=O)NC3=O)C4=O)c21
2969,CCn1c(-c2nonc2N)nc2c(C#CC(C)(C)O)ncc(OCCCNCCCC(=O)NCCNc3cccc4c3C(=O)N(C3CCC(=O)NC3=O)C4=O)c21
2970,CCn1c(-c2nonc2N)nc2c(C#CC(C)(C)O)ncc(OCCCNCCCC(=O)NCCCNc3cccc4c3C(=O)N(C3CCC(=O)NC3=O)C4=O)c21
2971,CCn1c(-c2nonc2N)nc2c(C#CC(C)(C)O)ncc(OCCCNCCCC(=O)NCCCCNc3cccc4c3C(=O)N(C3CCC(=O)NC3=O)C4=O)c21
2972,CCn1c(-c2nonc2N)nc2c(C#CC(C)(C)O)ncc(OCCCNCCCC(=O)NCCCCCNc3cccc4c3C(=O)N(C3CCC(=O)NC3=O)C4=O)c21
2973,CCn1c(-c2nonc2N)nc2c(C#CC(C)(C)O)ncc(OCCCNCCCC(=O)NCCCCCCNc3cccc4c3C(=O)N(C3CCC(=O)NC3=O)C4=O)c21
2974,CCn1c(-c2nonc2N)nc2c(C#CC(C)(C)O)ncc(OCCCNCCCC(=O)NCCCCCCCNc3cccc4c3C(=O)N(C3CCC(=O)NC3=O)C4=O)c21
2975,CCn1c(-c2nonc2N)nc2c(C#CC(C)(C)O)ncc(OCCCNCCCC(=O)NCCCCCCCCNc3cccc4c3C(=O)N(C3CCC(=O)NC3=O)C4=O)c21
2976,COc1cc(N(C)CCN(C)C)c(NC(=O)/C=C/CN(C)CCN(C)C(=O)CCCC(=O)N[C@H](C(=O)N2C[C@H](O)C[C@H]2C(=O)NCc2ccc(-c3scnc3C)cc2)C(C)(C)C)cc1Nc1nccc(-c2cn(C)c3ccccc23)n1
2977,COc1cc(N(C)CCN(C)C)c(NC(=O)/C=C/CN(C)CCN(C)C(=O)CCCCCC(=O)N[C@H](C(=O)N2C[C@H](O)C[C@H]2C(=O)NCc2ccc(-c3scnc3C)cc2)C(C)(C)C)cc1Nc1nccc(-c2cn(C)c3ccccc23)n1
2978,COc1cc(N(C)CCN(C)C)c(NC(=O)/C=C/CN(C)CCN(C)C(=O)CCCCCCC(=O)N[C@H](C(=O)N2C[C@H](O)C[C@H]2C(=O)NCc2ccc(-c3scnc3C)cc2)C(C)(C)C)cc1Nc1nccc(-c2cn(C)c3ccccc23)n1
2979,COc1cc(N(C)CCN(C)C)c(NC(=O)/C=C/CN(C)CCCCCCCC(=O)N[C@H](C(=O)N2C[C@H](O)C[C@H]2C(=O)NCc2ccc(-c3scnc3C)cc2)C(C)(C)C)cc1Nc1nccc(-c2cn(C)c3ccccc23)n1
2980,COc1cc(N(C)CCN(C)C)c(NC(=O)/C=C/CN(C)CCCCCCCCCC(=O)N[C@H](C(=O)N2C[C@H](O)C[C@H]2C(=O)NCc2ccc(-c3scnc3C)cc2)C(C)(C)C)cc1Nc1nccc(-c2cn(C)c3ccccc23)n1
2981,C=CC(=O)Nc1cc(Nc2nccc(-c3cn(C)c4ccccc34)n2)c(OC)cc1N(CCCCCCC(=O)N[C@H](C(=O)N1C[C@H](O)C[C@H]1C(=O)NCc1ccc(-c2scnc2C)cc1)C(C)(C)C)CCN(C)C
2982,C=CC(=O)Nc1cc(Nc2nccc(-c3cn(C)c4ccccc34)n2)c(OC)cc1N(CCCCCCC(=O)NCCOCCOCC(=O)N[C@H](C(=O)N1C[C@H](O)C[C@H]1C(=O)NCc1ccc(-c2scnc2C)cc1)C(C)(C)C)CCN(C)C
2983,C=CC(=O)Nc1cc(Nc2nccc(-c3cn(C)c4ccccc34)n2)c(OC)cc1N(CCCCCCC(=O)NCCCCCCC(=O)N[C@H](C(=O)N1C[C@H](O)C[C@H]1C(=O)NCc1ccc(-c2scnc2C)cc1)C(C)(C)C)CCN(C)C
2984,C=CC(=O)Nc1cc(Nc2nccc(-c3cn(C)c4ccccc34)n2)c(OC)cc1N(C)CCN(C)CCCCCCCC(=O)N[C@H](C(=O)N1C[C@H](O)C[C@H]1C(=O)NCc1ccc(-c2scnc2C)cc1)C(C)(C)C
2985,C=CC(=O)Nc1cc(Nc2nccc(-c3cn(C)c4ccccc34)n2)c(OC)cc1N(C)CCN(C)CC(=O)NCCOCCOCC(=O)N[C@H](C(=O)N1C[C@H](O)C[C@H]1C(=O)NCc1ccc(-c2scnc2C)cc1)C(C)(C)C
2986,COc1cc(N2CCN(CC(=O)NCCCCCCC(=O)N[C@H](C(=O)N3C[C@H](O)C[C@H]3C(=O)NCc3ccc(-c4scnc4C)cc3)C(C)(C)C)CC2)c(NC(=O)/C(C#N)=C/C2CC2)cc1Nc1nccc(-c2cn(C)c3ccccc23)n1
2987,COc1cc(N2CCN(CC(=O)NCCCCCCC(=O)N[C@H](C(=O)N3C[C@H](O)C[C@H]3C(=O)NCc3ccc(-c4scnc4C)cc3)C(C)(C)C)CC2)c(NC(=O)/C(C#N)=C/c2ccncc2)cc1Nc1nccc(-c2cn(C)c3ccccc23)n1
2988,COc1cc(N2CCN(C)CC2)c(NC(=O)/C(C#N)=C/C(C)(C)NC(=O)CCCCCC(=O)N[C@H](C(=O)N2C[C@H](O)C[C@H]2C(=O)NCc2ccc(-c3scnc3C)cc2)C(C)(C)C)cc1Nc1nccc(-c2cn(C)c3ccccc23)n1
2989,COc1cc(N(C)CCN(C)C)c(NC(=O)/C(C#N)=C/C(C)(C)NC(=O)CCCCCCC(=O)N[C@H](C(=O)N2C[C@H](O)C[C@H]2C(=O)NCc2ccc(-c3scnc3C)cc2)C(C)(C)C)cc1Nc1nccc(-c2cn(C)c3ccccc23)n1
2990,C=CC(=O)N1CC[C@H](n2c(Nc3ccccc3)nc3cnc(Nc4ccc(N5CCN(CCCCCCC(=O)N[C@H](C(=O)N6C[C@H](O)C[C@H]6C(=O)NCc6ccc(-c7scnc7C)cc6)C(C)(C)C)CC5)cc4)nc32)C1
2991,C=CC(=O)N1CCC[C@H](n2c(Nc3ccccc3)nc3cnc(Nc4ccc(N5CCN(CCCCCCC(=O)N[C@H](C(=O)N6C[C@H](O)C[C@H]6C(=O)NCc6ccc(-c7scnc7C)cc6)C(C)(C)C)CC5)cc4)nc32)C1
2992,C=CC(=O)N1CCC[C@H](n2c(Nc3ccccc3)nc3cnc(Nc4ccc(N5CCN(CCCCCCCC(=O)N[C@H](C(=O)N6C[C@H](O)C[C@H]6C(=O)NCc6ccc(-c7scnc7C)cc6)C(C)(C)C)CC5)cc4)nc32)C1
2993,C=CC(=O)N1CCC[C@H](n2c(Nc3ccccc3)nc3cnc(Nc4ccc(N5CCN(CC(=O)NCCCCCC(=O)N[C@H](C(=O)N6C[C@H](O)C[C@H]6C(=O)NCc6ccc(-c7scnc7C)cc6)C(C)(C)C)CC5)cc4)nc32)C1
2994,C=CC(=O)N1CCC[C@H](n2c(Nc3ccccc3)nc3cnc(Nc4ccc(N5CCN(CC(=O)NCCCCCCC(=O)N[C@H](C(=O)N6C[C@H](O)C[C@H]6C(=O)NCc6ccc(-c7scnc7C)cc6)C(C)(C)C)CC5)cc4)nc32)C1
2995,C=CC(=O)N1CCC[C@H](n2c(Nc3ccccc3)nc3cnc(Nc4ccc(N5CCN(CC(=O)NCCOCCOCC(=O)N[C@H](C(=O)N6C[C@H](O)C[C@H]6C(=O)NCc6ccc(-c7scnc7C)cc6)C(C)(C)C)CC5)cc4)nc32)C1
2996,C=CC(=O)N1CCC[C@H](n2c(Nc3ccccc3)nc3cnc(Nc4ccc(N5CCN(CCCCCCCC(=O)N[C@H](C(=O)N6C[C@H](O)C[C@H]6C(=O)N[C@@H](C)c6ccc(-c7scnc7C)cc6)C(C)(C)C)CC5)cc4)nc32)C1
2997,CCC(=O)N1CCC[C@H](n2c(Nc3ccccc3)nc3cnc(Nc4ccc(N5CCN(CCCCCCCC(=O)N[C@H](C(=O)N6C[C@H](O)C[C@H]6C(=O)N[C@@H](C)c6ccc(-c7scnc7C)cc6)C(C)(C)C)CC5)cc4)nc32)C1
2998,Cc1cc(Cn2c(N3CC4(CNC4)C3)nc3c(N4CCN(CCCCCC(=O)N[C@H](C(=O)N5C[C@H](O)C[C@H]5C(=O)N[C@@H](C)c5ccc(-c6scnc6C)cc5)C(C)(C)C)CC4)cc(Cl)cc32)cc(C)c1F
2999,Cc1cc(Cn2c(N3CC4(CNC4)C3)nc3c(N4CCN(CCCCCCC(=O)N[C@H](C(=O)N5C[C@H](O)C[C@H]5C(=O)N[C@@H](C)c5ccc(-c6scnc6C)cc5)C(C)(C)C)CC4)cc(Cl)cc32)cc(C)c1F
3000,Cc1cc(Cn2c(N3CC4(CNC4)C3)nc3c(N4CCN(CCCCCCCC(=O)N[C@H](C(=O)N5C[C@H](O)C[C@H]5C(=O)N[C@@H](C)c5ccc(-c6scnc6C)cc5)C(C)(C)C)CC4)cc(Cl)cc32)cc(C)c1F
3001,Cc1cc(Cn2c(N3CC4(CNC4)C3)nc3c(N4CCN(CCCCCCCCC(=O)N[C@H](C(=O)N5C[C@H](O)C[C@H]5C(=O)N[C@@H](C)c5ccc(-c6scnc6C)cc5)C(C)(C)C)CC4)cc(Cl)cc32)cc(C)c1F
3002,Cc1cc(Cn2c(N3CC4(CNC4)C3)nc3c(N4CCN(CCCCCCCCCC(=O)N[C@H](C(=O)N5C[C@H](O)C[C@H]5C(=O)N[C@@H](C)c5ccc(-c6scnc6C)cc5)C(C)(C)C)CC4)cc(Cl)cc32)cc(C)c1F
3003,Cc1cc(Cn2c(N3CC4(CNC4)C3)nc3c(N4CCN(CCCCCCCCCCC(=O)N[C@H](C(=O)N5C[C@H](O)C[C@H]5C(=O)N[C@@H](C)c5ccc(-c6scnc6C)cc5)C(C)(C)C)CC4)cc(Cl)cc32)cc(C)c1F
3004,Cc1cc(Cn2c(N3CC4(CNC4)C3)nc3c(N4CCN(CCCCCCCCCCCC(=O)N[C@H](C(=O)N5C[C@H](O)C[C@H]5C(=O)N[C@@H](C)c5ccc(-c6scnc6C)cc5)C(C)(C)C)CC4)cc(Cl)cc32)cc(C)c1F
3005,Cc1cc(Cn2c(N3CC4(CNC4)C3)nc3c(N4CCN(CCOCCOCC(=O)N[C@H](C(=O)N5C[C@H](O)C[C@H]5C(=O)N[C@@H](C)c5ccc(-c6scnc6C)cc5)C(C)(C)C)CC4)cc(Cl)cc32)cc(C)c1F
3006,Cc1cc(Cn2c(N3CC4(CNC4)C3)nc3c(N4CCN(CCOCCOCCC(=O)N[C@H](C(=O)N5C[C@H](O)C[C@H]5C(=O)N[C@@H](C)c5ccc(-c6scnc6C)cc5)C(C)(C)C)CC4)cc(Cl)cc32)cc(C)c1F
3007,Cc1cc(Cn2c(N3CC4(CNC4)C3)nc3c(N4CCN(CCOCCOCCOCCC(=O)N[C@H](C(=O)N5C[C@H](O)C[C@H]5C(=O)N[C@@H](C)c5ccc(-c6scnc6C)cc5)C(C)(C)C)CC4)cc(Cl)cc32)cc(C)c1F
3008,Cc1cc(Cn2c(N3CC4(CNC4)C3)nc3c(N4CCN(CCC(=O)NCCCC(=O)N[C@H](C(=O)N5C[C@H](O)C[C@H]5C(=O)N[C@@H](C)c5ccc(-c6scnc6C)cc5)C(C)(C)C)CC4)cc(Cl)cc32)cc(C)c1F
3009,Cc1cc(Cn2c(N3CC4(CNC4)C3)nc3c(N4CCN(CCCC(=O)NCCCC(=O)N[C@H](C(=O)N5C[C@H](O)C[C@H]5C(=O)N[C@@H](C)c5ccc(-c6scnc6C)cc5)C(C)(C)C)CC4)cc(Cl)cc32)cc(C)c1F
3010,Cc1cc(Cn2c(N3CC4(CNC4)C3)nc3c(N4CCN(CCCCC(=O)NCCCC(=O)N[C@H](C(=O)N5C[C@H](O)C[C@H]5C(=O)N[C@@H](C)c5ccc(-c6scnc6C)cc5)C(C)(C)C)CC4)cc(Cl)cc32)cc(C)c1F
3011,Cc1cc(Cn2c(N3CC4(CNC4)C3)nc3c(N4CCN(CC5CCN(CC(=O)N[C@H](C(=O)N6C[C@H](O)C[C@H]6C(=O)N[C@@H](C)c6ccc(-c7scnc7C)cc6)C(C)(C)C)CC5)CC4)cc(Cl)cc32)cc(C)c1F
3012,Cc1cc(Cn2c(N3CC4(CNC4)C3)nc3c(N4CCN(CC5CCN(CCC(=O)N[C@H](C(=O)N6C[C@H](O)C[C@H]6C(=O)N[C@@H](C)c6ccc(-c7scnc7C)cc6)C(C)(C)C)CC5)CC4)cc(Cl)cc32)cc(C)c1F
3013,Cc1cc(Cn2c(N3CC4(CNC4)C3)nc3c(N4CCN(CC5CCN(CCCC(=O)N[C@H](C(=O)N6C[C@H](O)C[C@H]6C(=O)N[C@@H](C)c6ccc(-c7scnc7C)cc6)C(C)(C)C)CC5)CC4)cc(Cl)cc32)cc(C)c1F
3014,Cn1cc(-c2ccccc2Oc2ccccc2)c2cc(C(=O)NCCCCNc3cccc4c3C(=O)N(C3CCC(=O)NC3=O)C4=O)[nH]c2c1=O
3015,Cn1cc(-c2ccccc2Oc2ccccc2)c2cc(C(=O)NCCCCCCNc3cccc4c3C(=O)N(C3CCC(=O)NC3=O)C4=O)[nH]c2c1=O
3016,Cn1cc(-c2ccccc2Oc2ccccc2)c2cc(C(=O)NCCCCC(=O)NCCCCNc3cccc4c3C(=O)N(C3CCC(=O)NC3=O)C4=O)[nH]c2c1=O
3017,Cn1cc(-c2ccccc2Oc2ccccc2)c2cc(C(=O)NCCCCCC(=O)NCCCCNc3cccc4c3C(=O)N(C3CCC(=O)NC3=O)C4=O)[nH]c2c1=O
3018,Cn1cc(-c2ccccc2Oc2ccccc2)c2cc(C(=O)NCCCCCCC(=O)NCCCCNc3cccc4c3C(=O)N(C3CCC(=O)NC3=O)C4=O)[nH]c2c1=O
3019,Cn1cc(-c2ccccc2Oc2ccccc2)c2cc(C(=O)NCc3ccc(C(=O)NCCCCNc4cccc5c4C(=O)N(C4CCC(=O)NC4=O)C5=O)cc3)[nH]c2c1=O
3020,Cn1cc(-c2ccccc2)c2cc(C(=O)NCc3ccc(C(=O)NCCCCNc4cccc5c4C(=O)N(C4CCC(=O)NC4=O)C5=O)cc3)[nH]c2c1=O
3021,Cn1cc(-c2cccc(C(C)(C)O)c2)c2cc(C(=O)NCc3ccc(C(=O)NCCCCNc4cccc5c4C(=O)N(C4CCC(=O)NC4=O)C5=O)cc3)[nH]c2c1=O
3022,CC(C)Oc1ccccc1-c1cn(C)c(=O)c2[nH]c(C(=O)NCc3ccc(C(=O)NCCCCNc4cccc5c4C(=O)N(C4CCC(=O)NC4=O)C5=O)cc3)cc12
3023,Cn1cc(-c2ccccc2OC2CC2)c2cc(C(=O)NCc3ccc(C(=O)NCCCCNc4cccc5c4C(=O)N(C4CCC(=O)NC4=O)C5=O)cc3)[nH]c2c1=O
3024,C=C(C)c1ccc(OC(C)C)c(-c2cn(C)c(=O)c3[nH]c(C(=O)NCc4ccc(C(=O)NCCCCNc5cccc6c5C(=O)N(C5CCC(=O)NC5=O)C6=O)cc4)cc23)c1
3025,C=C(C)c1ccc(Oc2ccccc2)c(-c2cn(C)c(=O)c3[nH]c(C(=O)NCc4ccc(C(=O)NCCCCNc5cccc6c5C(=O)N(C5CCC(=O)NC5=O)C6=O)cc4)cc23)c1
3026,CC(C)Oc1ccc(C(C)(C)O)cc1-c1cn(C)c(=O)c2[nH]c(C(=O)NCc3ccc(C(=O)NCCCCNc4cccc5c4C(=O)N(C4CCC(=O)NC4=O)C5=O)cc3)cc12
3027,Cn1cc(-c2cc(C(C)(C)O)ccc2OC2CC2)c2cc(C(=O)NCc3ccc(C(=O)NCCCCNc4cccc5c4C(=O)N(C4CCC(=O)NC4=O)C5=O)cc3)[nH]c2c1=O
3028,Cn1cc(-c2cc(C(C)(C)O)ccc2Oc2ccccc2)c2cc(C(=O)NCc3ccc(C(=O)NCCCCNc4cccc5c4C(=O)N(C4CCC(=O)NC4=O)C5=O)cc3)[nH]c2c1=O
3029,O=C(COc1cccc2c1C(=O)N(C1CCC(=O)NC1=O)C2=O)NCCCCNC(=O)Cc1sc(N/N=C(\Cc2ccccc2[N+](=O)[O-])C(=O)O)nc1-c1ccc(Cl)c(Cl)c1
3030,C/C(=N\Nc1nc(-c2ccc(-c3ccccc3)cc2)cs1)C(=O)NCCCCNc1cccc2c1C(=O)N(C1CCC(=O)NC1=O)C2=O
3031,O=C1CCC(N2C(=O)c3cccc(NCCCCNC(=O)/C(Cc4ccccc4[N+](=O)[O-])=N/Nc4nc(-c5ccc(-c6ccccc6)cc5)cs4)c3C2=O)C(=O)N1
3032,C/C(=N\Nc1nc(-c2ccc(-c3ccccc3)cc2)cs1)C(=O)NCCNc1cccc2c1C(=O)N(C1CCC(=O)NC1=O)C2=O
3033,C/C(=N\Nc1nc(-c2ccc(-c3ccccc3)cc2)cs1)C(=O)NCCCNc1cccc2c1C(=O)N(C1CCC(=O)NC1=O)C2=O
3034,C/C(=N\Nc1nc(-c2ccc(Cl)c(Cl)c2)c(CC(=O)NCCNc2cccc3c2C(=O)N(C2CCC(=O)NC2=O)C3=O)s1)C(=O)OCOC(=O)C(C)(C)C
3035,O=C1CCC(N2C(=O)c3cccc(NCCCCCC(=O)OCc4cc(=O)c(O)co4)c3C2=O)C(=O)N1
3036,O=C1CCC(N2C(=O)c3cccc(NCCCCCCCC(=O)OCc4cc(=O)c(O)co4)c3C2=O)C(=O)N1
3037,O=C1CCC(N2C(=O)c3cccc(NCCCCCCCCC(=O)OCc4cc(=O)c(O)co4)c3C2=O)C(=O)N1
3038,O=C1CCC(N2C(=O)c3cccc(NCCCCCCCCCCC(=O)OCc4cc(=O)c(O)co4)c3C2=O)C(=O)N1
3039,N[C@@H](Cc1ccc(O)c(O)c1)C(=O)NCCCCCCNc1cccc2c1C(=O)N(C1CCC(=O)NC1=O)C2=O
3040,N[C@@H](Cc1ccc(O)c(O)c1)C(=O)NCCNc1cccc2c1C(=O)N(C1CCC(=O)NC1=O)C2=O
3041,N[C@@H](Cc1ccc(O)c(O)c1)C(=O)NCCCNc1cccc2c1C(=O)N(C1CCC(=O)NC1=O)C2=O
3042,N[C@@H](Cc1ccc(O)c(O)c1)C(=O)NCCCCNc1cccc2c1C(=O)N(C1CCC(=O)NC1=O)C2=O
3043,N[C@@H](Cc1ccc(O)c(O)c1)C(=O)NCCCCCNc1cccc2c1C(=O)N(C1CCC(=O)NC1=O)C2=O
3044,N[C@@H](Cc1ccc(O)c(O)c1)C(=O)NCCCCCCCNc1cccc2c1C(=O)N(C1CCC(=O)NC1=O)C2=O
3045,N[C@@H](Cc1ccc(O)c(O)c1)C(=O)NCCCCCCCCNc1cccc2c1C(=O)N(C1CCC(=O)NC1=O)C2=O
3046,N[C@@H](Cc1ccc(O)c(O)c1)C(=O)NCCCCCCCCCCNc1cccc2c1C(=O)N(C1CCC(=O)NC1=O)C2=O
3047,N[C@@H](Cc1ccc(O)c(O)c1)C(=O)NCCOCCNc1cccc2c1C(=O)N(C1CCC(=O)NC1=O)C2=O
3048,N[C@@H](Cc1ccc(O)c(O)c1)C(=O)NCCOCCOCCNc1cccc2c1C(=O)N(C1CCC(=O)NC1=O)C2=O
3049,Cc1ncc(-c2ccnc(Nc3ccc(S(=O)(=O)CCCc4cn(CCOCCOCCOCCNc5cccc6c5C(=O)N(C5CCC(=O)NC5=O)C6=O)nn4)cc3)n2)n1C(C)C
3050,Cc1ncsc1-c1ccc(CNC(=O)[C@@H]2C[C@@H](O)CN2C(=O)[C@@H](NC(=O)COCCn2cc(CCCS(=O)(=O)c3ccc(Nc4nccc(-c5cnc(C)n5C(C)C)n4)cc3)nn2)C(C)(C)C)cc1
3051,O=C1CCC(N2C(=O)c3cccc(NCCOCCOCCOCCn4cc(CO[C@H]5CC[C@H](NC(=O)c6n[nH]cc6NC(=O)c6c(F)cccc6F)CC5)nn4)c3C2=O)C(=O)N1
3052,Cc1ncsc1-c1ccc(CNC(=O)[C@@H]2C[C@@H](O)CN2C(=O)[C@@H](NC(=O)COCCn2cc(CO[C@H]3CC[C@H](NC(=O)c4n[nH]cc4NC(=O)c4c(F)cccc4F)CC3)nn2)C(C)(C)C)cc1
3053,CC[C@@H]1c2nnc(C)n2-c2cnc(Nc3ccc(C(=O)NC4CCN(CCCCCOc5cccc6c5C(=O)N(C5CCC(=O)NC5=O)C6=O)CC4)cc3OC)nc2N1CC1CCCCC1
3054,CC[C@@H]1c2nnc(C)n2-c2cnc(Nc3ccc(C(=O)NC4CCN(CCCCCCOc5cccc6c5C(=O)N(C5CCC(=O)NC5=O)C6=O)CC4)cc3OC)nc2N1CC1CCCCC1
3055,CC[C@@H]1c2nnc(C)n2-c2cnc(Nc3ccc(C(=O)NC4CCN(CCCCCCCOc5cccc6c5C(=O)N(C5CCC(=O)NC5=O)C6=O)CC4)cc3OC)nc2N1CC1CCCCC1
3056,CC[C@@H]1c2nnc(C)n2-c2cnc(Nc3ccc(C(=O)NC4CCN(CCCCCCCCOc5cccc6c5C(=O)N(C5CCC(=O)NC5=O)C6=O)CC4)cc3OC)nc2N1CC1CCCCC1
3057,CC[C@@H]1c2nnc(C)n2-c2cnc(Nc3ccc(C(=O)NC4CCN(CCCCCCCCCOc5cccc6c5C(=O)N(C5CCC(=O)NC5=O)C6=O)CC4)cc3OC)nc2N1CC1CCCCC1
3058,CC[C@@H]1c2nnc(C)n2-c2cnc(Nc3ccc(C(=O)NC4CCN(CCCCCCCCCCOc5cccc6c5C(=O)N(C5CCC(=O)NC5=O)C6=O)CC4)cc3OC)nc2N1CC1CCCCC1
3059,CC[C@@H]1c2nnc(C)n2-c2cnc(Nc3ccc(C(=O)NC4CCN(CCCCCCCCCCCOc5cccc6c5C(=O)N(C5CCC(=O)NC5=O)C6=O)CC4)cc3OC)nc2N1CC1CCCCC1
3060,CC[C@@H]1c2nnc(C)n2-c2cnc(Nc3ccc(C(=O)NC4CCN(CCCCNC(=O)COc5cccc6c5C(=O)N(C5CCC(=O)NC5=O)C6=O)CC4)cc3OC)nc2N1CC1CCCCC1
3061,CC[C@@H]1c2nnc(C)n2-c2cnc(Nc3ccc(C(=O)NC4CCN(C(=O)COc5cccc6c5C(=O)N(C5CCC(=O)NC5=O)C6=O)CC4)cc3OC)nc2N1CC1CCCCC1
3062,CC[C@@H]1c2nnc(C)n2-c2cnc(Nc3ccc(C(=O)NC4CCN(C(=O)CCCOc5cccc6c5C(=O)N(C5CCC(=O)NC5=O)C6=O)CC4)cc3OC)nc2N1CC1CCCCC1
3063,CC[C@@H]1c2nnc(C)n2-c2cnc(Nc3ccc(C(=O)NC4CCN(C(=O)CCCCOc5cccc6c5C(=O)N(C5CCC(=O)NC5=O)C6=O)CC4)cc3OC)nc2N1CC1CCCCC1
3064,CC[C@@H]1c2nnc(C)n2-c2cnc(Nc3ccc(C(=O)NC4CCN(C(=O)CCCCCOc5cccc6c5C(=O)N(C5CCC(=O)NC5=O)C6=O)CC4)cc3OC)nc2N1CC1CCCCC1
3065,CC[C@@H]1c2nnc(C)n2-c2cnc(Nc3ccc(C(=O)NC4CCN(C(=O)CCCCCCOc5cccc6c5C(=O)N(C5CCC(=O)NC5=O)C6=O)CC4)cc3OC)nc2N1CC1CCCCC1
3066,CC[C@@H]1c2nnc(C)n2-c2cnc(Nc3ccc(C(=O)NC4CCN(C(=O)CNc5cccc6c5CN(C5CCC(=O)NC5=O)C6=O)CC4)cc3OC)nc2N1CC1CCCCC1
3067,CC[C@@H]1c2nnc(C)n2-c2cnc(Nc3ccc(C(=O)NC4CCN(C(=O)CCCCNc5cccc6c5CN(C5CCC(=O)NC5=O)C6=O)CC4)cc3OC)nc2N1CC1CCCCC1
3068,CC[C@@H]1c2nnc(C)n2-c2cnc(Nc3ccc(C(=O)NC4CCN(C(=O)CCCCCNc5cccc6c5CN(C5CCC(=O)NC5=O)C6=O)CC4)cc3OC)nc2N1CC1CCCCC1
3069,CC[C@@H]1c2nnc(C)n2-c2cnc(Nc3ccc(C(=O)NC4CCN(C(=O)CCCCCCC(=O)Nc5cccc6c5CN(C5CCC(=O)NC5=O)C6=O)CC4)cc3OC)nc2N1CC1CCCCC1
3070,Cc1nc(Nc2ncc(C(=O)Nc3c(C)cccc3Cl)s2)cc(N2CCN(C(=O)CCOCCNc3cccc4c3C(=O)N(C3CCC(=O)NC3=O)C4=O)CC2)n1
3071,Cc1nc(Nc2ncc(C(=O)Nc3c(C)cccc3Cl)s2)cc(N2CCN(C(=O)CCOCCOCCNc3cccc4c3C(=O)N(C3CCC(=O)NC3=O)C4=O)CC2)n1
3072,Cc1nc(Nc2ncc(C(=O)Nc3c(C)cccc3Cl)s2)cc(N2CCN(C(=O)CCOCCOCCOCCNc3cccc4c3C(=O)N(C3CCC(=O)NC3=O)C4=O)CC2)n1
3073,Cc1nc(Nc2ncc(C(=O)Nc3c(C)cccc3Cl)s2)cc(N2CCN(C(=O)CCOCCOCCOCCOCCNc3cccc4c3C(=O)N(C3CCC(=O)NC3=O)C4=O)CC2)n1
3074,Cc1nc(Nc2ncc(C(=O)Nc3c(C)cccc3Cl)s2)cc(N2CCN(C(=O)CCOCCOCCOCCOCCOCCNc3cccc4c3C(=O)N(C3CCC(=O)NC3=O)C4=O)CC2)n1
3075,Cc1nc(Nc2ncc(C(=O)Nc3c(C)cccc3Cl)s2)cc(N2CCN(C(=O)CCCNc3cccc4c3C(=O)N(C3CCC(=O)NC3=O)C4=O)CC2)n1
3076,Cc1nc(Nc2ncc(C(=O)Nc3c(C)cccc3Cl)s2)cc(N2CCN(C(=O)CCCCNc3cccc4c3C(=O)N(C3CCC(=O)NC3=O)C4=O)CC2)n1
3077,Cc1nc(Nc2ncc(C(=O)Nc3c(C)cccc3Cl)s2)cc(N2CCN(C(=O)CCCCCCNc3cccc4c3C(=O)N(C3CCC(=O)NC3=O)C4=O)CC2)n1
3078,Cc1nc(Nc2ncc(C(=O)Nc3c(C)cccc3Cl)s2)cc(N2CCN(C(=O)CSc3cccc4c3C(=O)N(C3CCC(=O)NC3=O)C4=O)CC2)n1
3079,Cc1nc(Nc2ncc(C(=O)Nc3c(C)cccc3Cl)s2)cc(N2CCN(C(=O)CNc3cccc4c3C(=O)N(C3CCC(=O)NC3=O)C4=O)CC2)n1
3080,Cc1nc(Nc2ncc(C(=O)Nc3c(C)cccc3Cl)s2)cc(N2CCN(C(=O)COc3cccc4c3C(=O)N(C3CCC(=O)NC3=O)C4=O)CC2)n1
3081,Cc1nc(Nc2ncc(C(=O)Nc3c(C)cccc3Cl)s2)cc(N2CCN(C(=O)CCc3cccc4c3C(=O)N(C3CCC(=O)NC3=O)C4=O)CC2)n1
3082,Cc1nc(Nc2ncc(C(=O)Nc3c(C)cccc3Cl)s2)cc(N2CCN(C(=O)CS(=O)(=O)c3cccc4c3C(=O)N(C3CCC(=O)NC3=O)C4=O)CC2)n1
3083,Cc1nc(Nc2ncc(C(=O)Nc3c(C)cccc3Cl)s2)cc(N2CCN(CCSc3cccc4c3C(=O)N(C3CCC(=O)NC3=O)C4=O)CC2)n1
3084,Cc1nc(Nc2ncc(C(=O)Nc3c(C)cccc3Cl)s2)cc(N2CCN(C(=O)CSc3cccc4c3CN(C3CCC(=O)NC3=O)C4=O)CC2)n1
3085,Cc1nc(Nc2ncc(C(=O)Nc3c(C)cccc3Cl)s2)cc(N2CCN(CCSc3cccc4c3CN(C3CCC(=O)NC3=O)C4=O)CC2)n1
3086,Cc1nc(Nc2ncc(C(=O)Nc3c(C)cccc3Cl)s2)cc(N2CCN(CCCCNc3cccc4c3C(=O)N(C3CCC(=O)NC3=O)C4=O)CC2)n1
3087,Cc1nc(Nc2ncc(C(=O)Nc3c(C)cccc3Cl)s2)cc(N2CCN(CCCCC(=O)Nc3cccc4c3C(=O)N(C3CCC(=O)NC3=O)C4=O)CC2)n1
3088,Cc1nc(Nc2ncc(C(=O)Nc3c(C)cccc3Cl)s2)cc(N2CCN(C(=O)CCCCNc3cccc4c3CN(C3CCC(=O)NC3=O)C4=O)CC2)n1
3089,Cc1nc(Nc2ncc(C(=O)Nc3c(C)cccc3Cl)s2)cc(N2CCN(C(=O)CCCC(=O)Nc3cccc4c3CN(C3CCC(=O)NC3=O)C4=O)CC2)n1
3090,COc1c(C)cnc(Cn2cc(C#CCNc3cccc4c3C(=O)N(C3CCC(=O)NC3=O)C4=O)c3c(Cl)nc(N)nc32)c1C
3091,COc1c(C)cnc(Cn2cc(C#CCCNc3cccc4c3C(=O)N(C3CCC(=O)NC3=O)C4=O)c3c(Cl)nc(N)nc32)c1C
3092,COc1c(C)cnc(Cn2cc(C#CCCCNc3cccc4c3C(=O)N(C3CCC(=O)NC3=O)C4=O)c3c(Cl)nc(N)nc32)c1C
3093,COc1c(C)cnc(Cn2cc(C#CCCCCNc3cccc4c3C(=O)N(C3CCC(=O)NC3=O)C4=O)c3c(Cl)nc(N)nc32)c1C
3094,COc1c(C)cnc(Cn2cc(C#CCOCCNc3cccc4c3C(=O)N(C3CCC(=O)NC3=O)C4=O)c3c(Cl)nc(N)nc32)c1C
3095,COc1c(C)cnc(Cn2cc(C#CCOCCOCCNc3cccc4c3C(=O)N(C3CCC(=O)NC3=O)C4=O)c3c(Cl)nc(N)nc32)c1C
3096,COc1c(C)cnc(Cn2cc(C#CCOCCOCCOCCNc3cccc4c3C(=O)N(C3CCC(=O)NC3=O)C4=O)c3c(Cl)nc(N)nc32)c1C
3097,COc1c(C)cnc(Cn2cc(C#CCOCCOCCOCCOCCNc3cccc4c3C(=O)N(C3CCC(=O)NC3=O)C4=O)c3c(Cl)nc(N)nc32)c1C
3098,COc1c(C)cnc(Cn2cc(C#CCOCCOCCOCCOCCOCCNc3cccc4c3C(=O)N(C3CCC(=O)NC3=O)C4=O)c3c(Cl)nc(N)nc32)c1C
3099,COc1c(C)cnc(Cn2cc(C#CCOCCOCCOCCOCCOCCOCCNc3cccc4c3C(=O)N(C3CCC(=O)NC3=O)C4=O)c3c(Cl)nc(N)nc32)c1C
3100,COc1cc(C(=O)NCC#Cc2cn(Cc3ncc(C)c(OC)c3C)c3nc(N)nc(Cl)c23)ccc1NC(=O)[C@@H]1N[C@@H](CC(C)(C)C)[C@](C#N)(c2ccc(Cl)cc2F)[C@H]1c1cccc(Cl)c1F
3101,COc1cc(C(=O)NCCC#Cc2cn(Cc3ncc(C)c(OC)c3C)c3nc(N)nc(Cl)c23)ccc1NC(=O)[C@@H]1N[C@@H](CC(C)(C)C)[C@](C#N)(c2ccc(Cl)cc2F)[C@H]1c1cccc(Cl)c1F
3102,COc1cc(C(=O)NCCCC#Cc2cn(Cc3ncc(C)c(OC)c3C)c3nc(N)nc(Cl)c23)ccc1NC(=O)[C@@H]1N[C@@H](CC(C)(C)C)[C@](C#N)(c2ccc(Cl)cc2F)[C@H]1c1cccc(Cl)c1F
3103,COc1cc(C(=O)NCCCCC#Cc2cn(Cc3ncc(C)c(OC)c3C)c3nc(N)nc(Cl)c23)ccc1NC(=O)[C@@H]1N[C@@H](CC(C)(C)C)[C@](C#N)(c2ccc(Cl)cc2F)[C@H]1c1cccc(Cl)c1F
3104,COc1cc(C(=O)NCCOCC#Cc2cn(Cc3ncc(C)c(OC)c3C)c3nc(N)nc(Cl)c23)ccc1NC(=O)[C@@H]1N[C@@H](CC(C)(C)C)[C@](C#N)(c2ccc(Cl)cc2F)[C@H]1c1cccc(Cl)c1F
3105,COc1cc(C(=O)NCCOCCOCC#Cc2cn(Cc3ncc(C)c(OC)c3C)c3nc(N)nc(Cl)c23)ccc1NC(=O)[C@@H]1N[C@@H](CC(C)(C)C)[C@](C#N)(c2ccc(Cl)cc2F)[C@H]1c1cccc(Cl)c1F
3106,COc1cc(C(=O)NCCOCCOCCOCC#Cc2cn(Cc3ncc(C)c(OC)c3C)c3nc(N)nc(Cl)c23)ccc1NC(=O)[C@@H]1N[C@@H](CC(C)(C)C)[C@](C#N)(c2ccc(Cl)cc2F)[C@H]1c1cccc(Cl)c1F
3107,COc1cc(C(=O)NCCOCCOCCOCCOCC#Cc2cn(Cc3ncc(C)c(OC)c3C)c3nc(N)nc(Cl)c23)ccc1NC(=O)[C@@H]1N[C@@H](CC(C)(C)C)[C@](C#N)(c2ccc(Cl)cc2F)[C@H]1c1cccc(Cl)c1F
3108,COc1cc(C(=O)NCCOCCOCCOCCOCCOCC#Cc2cn(Cc3ncc(C)c(OC)c3C)c3nc(N)nc(Cl)c23)ccc1NC(=O)[C@@H]1N[C@@H](CC(C)(C)C)[C@](C#N)(c2ccc(Cl)cc2F)[C@H]1c1cccc(Cl)c1F
3109,COc1cc(C(=O)NCCOCCOCCOCCOCCOCCOCC#Cc2cn(Cc3ncc(C)c(OC)c3C)c3nc(N)nc(Cl)c23)ccc1NC(=O)[C@@H]1N[C@@H](CC(C)(C)C)[C@](C#N)(c2ccc(Cl)cc2F)[C@H]1c1cccc(Cl)c1F
3110,CC(C)n1cnc2c(NCc3nc4cc(F)c(NCCCCCCNC(=O)COc5cccc6c5C(=O)N(C5CCC(=O)NC5=O)C6=O)cc4[nH]3)nc(N3CCOCC3)nc21
3111,CC(C)n1cnc2c(NCc3nc4cc(F)c(NCCCCCCCCNC(=O)COc5cccc6c5C(=O)N(C5CCC(=O)NC5=O)C6=O)cc4[nH]3)nc(N3CCOCC3)nc21
3112,CC(C)n1cnc2c(NCc3nc4cc(F)c(NCCCCCCCCCCNC(=O)COc5cccc6c5C(=O)N(C5CCC(=O)NC5=O)C6=O)cc4[nH]3)nc(N3CCOCC3)nc21
3113,CC(C)n1cnc2c(NCc3nc4cc(F)c(NCCCCCCCCCCCCNC(=O)COc5cccc6c5C(=O)N(C5CCC(=O)NC5=O)C6=O)cc4[nH]3)nc(N3CCOCC3)nc21
3114,Nc1ncc(-c2ccc(S(=O)(=O)N3CCN(Cc4cn(CCOCCOCCOCCNC(=O)CNc5cccc6c5CN(C5CCC(=O)NC5=O)C6=O)nn4)CC3)cc2)nc1C(=O)Nc1cccnc1
3115,COc1ccc(-c2ocnc2C(=O)NCCCc2cn(CCOCCOCCOCCNC(=O)CNc3cccc4c3CN(C3CCC(=O)NC3=O)C4=O)nn2)cc1Cl
3116,COc1ccc(-c2ocnc2C(=O)NCCCn2cc(COCCOCCOCCOc3cccc4c3C(=O)N(C3CCC(=O)NC3=O)C4=O)nn2)cc1Cl
3117,COc1ccc(-c2ocnc2C(=O)NCCCn2cc(CCCCC(=O)N[C@@H](C(=O)N3C[C@H](O)C[C@H]3C(=O)NCc3ccc(-c4scnc4C)cc3)C(C)(C)C)nn2)cc1Cl
3118,COc1ccc(-c2ocnc2C(=O)NCCCn2cc(COCCOCCOCCOCC(=O)N[C@@H](C(=O)N3C[C@H](O)C[C@H]3C(=O)NCc3ccc(-c4scnc4C)cc3)C(C)(C)C)nn2)cc1Cl
3119,Nc1ncc(-c2ccc(S(=O)(=O)N3CCN(Cc4cn(CCOCCOCCNc5cccc6c5C(=O)N(C5CCC(=O)NC5=O)C6=O)nn4)CC3)cc2)nc1C(=O)Nc1cccnc1
3120,Nc1ncc(-c2ccc(S(=O)(=O)N3CCN(Cc4cn(CCOCCOCCOCCNc5cccc6c5C(=O)N(C5CCC(=O)NC5=O)C6=O)nn4)CC3)cc2)nc1C(=O)Nc1cccnc1
3121,Nc1ncc(-c2ccc(S(=O)(=O)N3CCN(Cc4cn(CCOCCOCCOCCOCCNc5cccc6c5C(=O)N(C5CCC(=O)NC5=O)C6=O)nn4)CC3)cc2)nc1C(=O)Nc1cccnc1
3122,Nc1ncc(-c2ccc(S(=O)(=O)N3CCN(Cc4cn(CCOCCOCCOCCOCCOCCNc5cccc6c5C(=O)N(C5CCC(=O)NC5=O)C6=O)nn4)CC3)cc2)nc1C(=O)Nc1cccnc1
3123,Nc1ncc(-c2ccc(S(=O)(=O)N3CCN(Cc4cn(CCOCCOCCOCCOCCOCCOCCNc5cccc6c5C(=O)N(C5CCC(=O)NC5=O)C6=O)nn4)CC3)cc2)nc1C(=O)Nc1cccnc1
3124,Nc1ncc(-c2ccc(S(=O)(=O)N3CCN(CCc4cn(CCOCCOCCNc5cccc6c5C(=O)N(C5CCC(=O)NC5=O)C6=O)nn4)CC3)cc2)nc1C(=O)Nc1cccnc1
3125,Nc1ncc(-c2ccc(S(=O)(=O)N3CCN(CCc4cn(CCOCCOCCOCCNc5cccc6c5C(=O)N(C5CCC(=O)NC5=O)C6=O)nn4)CC3)cc2)nc1C(=O)Nc1cccnc1
3126,Nc1ncc(-c2ccc(S(=O)(=O)N3CCN(CCc4cn(CCOCCOCCOCCOCCNc5cccc6c5C(=O)N(C5CCC(=O)NC5=O)C6=O)nn4)CC3)cc2)nc1C(=O)Nc1cccnc1
3127,Nc1ncc(-c2ccc(S(=O)(=O)N3CCN(CCc4cn(CCOCCOCCOCCOCCOCCNc5cccc6c5C(=O)N(C5CCC(=O)NC5=O)C6=O)nn4)CC3)cc2)nc1C(=O)Nc1cccnc1
3128,Nc1ncc(-c2ccc(S(=O)(=O)N3CCN(CCc4cn(CCOCCOCCOCCOCCOCCOCCNc5cccc6c5C(=O)N(C5CCC(=O)NC5=O)C6=O)nn4)CC3)cc2)nc1C(=O)Nc1cccnc1
3129,Nc1ncc(-c2ccc(S(=O)(=O)N3CCN(CCCCc4cn(CCOCCOCCNc5cccc6c5C(=O)N(C5CCC(=O)NC5=O)C6=O)nn4)CC3)cc2)nc1C(=O)Nc1cccnc1
3130,Nc1ncc(-c2ccc(S(=O)(=O)N3CCN(CCCCc4cn(CCOCCOCCOCCNc5cccc6c5C(=O)N(C5CCC(=O)NC5=O)C6=O)nn4)CC3)cc2)nc1C(=O)Nc1cccnc1
3131,Nc1ncc(-c2ccc(S(=O)(=O)N3CCN(CCCCc4cn(CCOCCOCCOCCOCCNc5cccc6c5C(=O)N(C5CCC(=O)NC5=O)C6=O)nn4)CC3)cc2)nc1C(=O)Nc1cccnc1
3132,Nc1ncc(-c2ccc(S(=O)(=O)N3CCN(CCCCc4cn(CCOCCOCCOCCOCCOCCNc5cccc6c5C(=O)N(C5CCC(=O)NC5=O)C6=O)nn4)CC3)cc2)nc1C(=O)Nc1cccnc1
3133,Nc1ncc(-c2ccc(S(=O)(=O)N3CCN(CCCCc4cn(CCOCCOCCOCCOCCOCCOCCNc5cccc6c5C(=O)N(C5CCC(=O)NC5=O)C6=O)nn4)CC3)cc2)nc1C(=O)Nc1cccnc1
3134,COc1ccc(-c2ocnc2C(=O)NCCCc2cn(CCOCCOCCNc3cccc4c3C(=O)N(C3CCC(=O)NC3=O)C4=O)nn2)cc1Cl
3135,COc1ccc(-c2ocnc2C(=O)NCCCc2cn(CCOCCOCCOCCNc3cccc4c3C(=O)N(C3CCC(=O)NC3=O)C4=O)nn2)cc1Cl
3136,COc1ccc(-c2ocnc2C(=O)NCCCc2cn(CCOCCOCCOCCOCCNc3cccc4c3C(=O)N(C3CCC(=O)NC3=O)C4=O)nn2)cc1Cl
3137,COc1ccc(-c2ocnc2C(=O)NCCCc2cn(CCOCCOCCOCCOCCOCCNc3cccc4c3C(=O)N(C3CCC(=O)NC3=O)C4=O)nn2)cc1Cl
3138,COc1ccc(-c2ocnc2C(=O)NCCCc2cn(CCOCCOCCOCCOCCOCCOCCNc3cccc4c3C(=O)N(C3CCC(=O)NC3=O)C4=O)nn2)cc1Cl
3139,COc1ccc(-c2ocnc2C(=O)NCCCc2cn(CCOCCOCCNc3cccc4c3C(=O)N(C3CCC(=O)NC3=O)C4=O)nn2)cc1I
3140,COc1ccc(-c2ocnc2C(=O)NCCCc2cn(CCOCCOCCOCCNc3cccc4c3C(=O)N(C3CCC(=O)NC3=O)C4=O)nn2)cc1I
3141,COc1ccc(-c2ocnc2C(=O)NCCCc2cn(CCOCCOCCOCCOCCNc3cccc4c3C(=O)N(C3CCC(=O)NC3=O)C4=O)nn2)cc1I
3142,COc1ccc(-c2ocnc2C(=O)NCCCc2cn(CCOCCOCCOCCOCCOCCNc3cccc4c3C(=O)N(C3CCC(=O)NC3=O)C4=O)nn2)cc1I
3143,COc1ccc(-c2ocnc2C(=O)NCCCc2cn(CCOCCOCCOCCOCCOCCOCCNc3cccc4c3C(=O)N(C3CCC(=O)NC3=O)C4=O)nn2)cc1I
3144,Nc1nc(NCCNC(=O)CCCNc2cccc3c2CN(C2CCC(=O)NC2=O)C3=O)nn1-c1ccc(-c2ccccc2)nn1
3145,Nc1nc(NCCNC(=O)CCCCNc2cccc3c2CN(C2CCC(=O)NC2=O)C3=O)nn1-c1ccc(-c2ccccc2)nn1
3146,Nc1nc(NCCNC(=O)CCCCCNc2cccc3c2CN(C2CCC(=O)NC2=O)C3=O)nn1-c1ccc(-c2ccccc2)nn1
3147,Nc1nc(NCCNC(=O)CCCCCCNc2cccc3c2CN(C2CCC(=O)NC2=O)C3=O)nn1-c1ccc(-c2ccccc2)nn1
3148,Nc1nc(NCCNC(=O)CCCCCCCNc2cccc3c2CN(C2CCC(=O)NC2=O)C3=O)nn1-c1ccc(-c2ccccc2)nn1
3149,Nc1nc(Nc2ccc(CNC(=O)CCCNc3cccc4c3CN(C3CCC(=O)NC3=O)C4=O)cc2)nn1-c1ccc(-c2ccccc2)nn1
3150,Nc1nc(Nc2ccc(CNC(=O)CCCCNc3cccc4c3CN(C3CCC(=O)NC3=O)C4=O)cc2)nn1-c1ccc(-c2ccccc2)nn1
3151,Nc1nc(Nc2ccc(CNC(=O)CCCCCNc3cccc4c3CN(C3CCC(=O)NC3=O)C4=O)cc2)nn1-c1ccc(-c2ccccc2)nn1
3152,Nc1nc(Nc2ccc(CNC(=O)CCCCCCNc3cccc4c3CN(C3CCC(=O)NC3=O)C4=O)cc2)nn1-c1ccc(-c2ccccc2)nn1
3153,Nc1nc(Nc2ccc(CNC(=O)CCCCCCCNc3cccc4c3CN(C3CCC(=O)NC3=O)C4=O)cc2)nn1-c1ccc(-c2ccccc2)nn1
3154,Nc1nc(NCCNC(=O)CCCNc2cccc3c2CN(C2CCC(=O)NC2=O)C3=O)nn1-c1cc2c(nn1)-c1ccccc1CCC2
3155,Nc1nc(NCCNC(=O)CCCCNc2cccc3c2CN(C2CCC(=O)NC2=O)C3=O)nn1-c1cc2c(nn1)-c1ccccc1CCC2
3156,Nc1nc(NCCNC(=O)CCCCCNc2cccc3c2CN(C2CCC(=O)NC2=O)C3=O)nn1-c1cc2c(nn1)-c1ccccc1CCC2
3157,Nc1nc(NCCNC(=O)CCCCCCNc2cccc3c2CN(C2CCC(=O)NC2=O)C3=O)nn1-c1cc2c(nn1)-c1ccccc1CCC2
3158,Nc1nc(NCCNC(=O)CCCCCCCNc2cccc3c2CN(C2CCC(=O)NC2=O)C3=O)nn1-c1cc2c(nn1)-c1ccccc1CCC2
3159,Nc1nc(Nc2ccc(CNC(=O)CCCNc3cccc4c3CN(C3CCC(=O)NC3=O)C4=O)cc2)nn1-c1cc2c(nn1)-c1ccccc1CCC2
3160,Nc1nc(Nc2ccc(CNC(=O)CCCCNc3cccc4c3CN(C3CCC(=O)NC3=O)C4=O)cc2)nn1-c1cc2c(nn1)-c1ccccc1CCC2
3161,Nc1nc(Nc2ccc(CNC(=O)CCCCCNc3cccc4c3CN(C3CCC(=O)NC3=O)C4=O)cc2)nn1-c1cc2c(nn1)-c1ccccc1CCC2
3162,Nc1nc(Nc2ccc(CNC(=O)CCCCCCNc3cccc4c3CN(C3CCC(=O)NC3=O)C4=O)cc2)nn1-c1cc2c(nn1)-c1ccccc1CCC2
3163,Nc1nc(Nc2ccc(CNC(=O)CCCCCCCNc3cccc4c3CN(C3CCC(=O)NC3=O)C4=O)cc2)nn1-c1cc2c(nn1)-c1ccccc1CCC2
3164,CCOC(=O)c1[nH]c2cc(Cl)ccc2c1C(C(=O)NC(C)(C)C)N(Cc1ccccc1)C(=O)CCC#Cc1cccc2c1CN(C1CCC(=O)NC1=O)C2=O
3165,CCOC(=O)c1[nH]c2cc(Cl)ccc2c1C(C(=O)NC(C)(C)C)N(Cc1ccccc1)C(=O)CCCC#Cc1cccc2c1CN(C1CCC(=O)NC1=O)C2=O
3166,CCOC(=O)c1[nH]c2cc(Cl)ccc2c1C(C(=O)NC(C)(C)C)N(Cc1ccccc1)C(=O)CCCCC#Cc1cccc2c1CN(C1CCC(=O)NC1=O)C2=O
3167,CCOC(=O)c1[nH]c2cc(Cl)ccc2c1C(C(=O)NC(C)(C)C)N(Cc1ccc(Cl)cc1)C(=O)CCC#Cc1cccc2c1CN(C1CCC(=O)NC1=O)C2=O
3168,CCOC(=O)c1[nH]c2cc(Cl)ccc2c1C(C(=O)NC(C)(C)C)N(Cc1ccc(Cl)cc1)C(=O)CCCC#Cc1cccc2c1CN(C1CCC(=O)NC1=O)C2=O
3169,CCOC(=O)c1[nH]c2cc(Cl)ccc2c1C(C(=O)NC(C)(C)C)N(Cc1ccc(Cl)cc1)C(=O)CCCCC#Cc1cccc2c1CN(C1CCC(=O)NC1=O)C2=O
3170,CCOC(=O)c1[nH]c2cc(Cl)ccc2c1C(C(=O)NC(C)(C)C)N(Cc1cc(F)c(F)c(F)c1)C(=O)CCC#Cc1cccc2c1CN(C1CCC(=O)NC1=O)C2=O
3171,CCOC(=O)c1[nH]c2cc(Cl)ccc2c1C(C(=O)NC(C)(C)C)N(Cc1cc(F)c(F)c(F)c1)C(=O)CCCC#Cc1cccc2c1CN(C1CCC(=O)NC1=O)C2=O
3172,CCOC(=O)c1[nH]c2cc(Cl)ccc2c1C(C(=O)NC(C)(C)C)N(Cc1cc(F)c(F)c(F)c1)C(=O)CCCCC#Cc1cccc2c1CN(C1CCC(=O)NC1=O)C2=O
3173,CCOC(=O)c1[nH]c2cc(Cl)ccc2c1C(C(=O)NC(C)(C)C)N(Cc1cc(F)c(F)c(F)c1)C(=O)CCCCCC#Cc1cccc2c1CN(C1CCC(=O)NC1=O)C2=O
3174,CCOC(=O)c1[nH]c2cc(Cl)ccc2c1C(C(=O)NC(C)(C)C)N(Cc1cc(F)c(F)c(F)c1)C(=O)CCCCCCC#Cc1cccc2c1CN(C1CCC(=O)NC1=O)C2=O
3175,CCOC(=O)c1[nH]c2cc(Cl)ccc2c1C(C(=O)NC(C)(C)C)N(Cc1cc(F)c(F)c(F)c1)C(=O)CCCCCCCC#Cc1cccc2c1CN(C1CCC(=O)NC1=O)C2=O
3176,CCOC(=O)c1[nH]c2cc(Cl)ccc2c1C(C(=O)NC(C)(C)C)N(Cc1cc(F)c(F)c(F)c1)C(=O)CCCCCCCCC#Cc1cccc2c1CN(C1CCC(=O)NC1=O)C2=O
3177,CC(C)(C)NC(=O)C(c1c(C(=O)O)[nH]c2cc(Cl)ccc12)N(Cc1cc(F)c(F)c(F)c1)C(=O)CCCCC#Cc1cccc2c1CN(C1CCC(=O)NC1=O)C2=O
3178,CCNC(=O)c1[nH]c2cc(Cl)ccc2c1C(C(=O)NC(C)(C)C)N(Cc1cc(F)c(F)c(F)c1)C(=O)CCCCC#Cc1cccc2c1CN(C1CCC(=O)NC1=O)C2=O
3179,CC(C)(C)NC(=O)C(c1c(C(=O)NCC#Cc2cccc3c2CN(C2CCC(=O)NC2=O)C3=O)[nH]c2cc(Cl)ccc12)N(C=O)Cc1cc(F)c(F)c(F)c1
3180,CC(C)(C)NC(=O)C(c1c(C(=O)NCCC#Cc2cccc3c2CN(C2CCC(=O)NC2=O)C3=O)[nH]c2cc(Cl)ccc12)N(C=O)Cc1cc(F)c(F)c(F)c1
3181,CC(C)(C)NC(=O)C(c1c(C(=O)NCCCC#Cc2cccc3c2CN(C2CCC(=O)NC2=O)C3=O)[nH]c2cc(Cl)ccc12)N(C=O)Cc1cc(F)c(F)c(F)c1
3182,CC(C)(C)NC(=O)C(c1c(C(=O)NCCCCC#Cc2cccc3c2CN(C2CCC(=O)NC2=O)C3=O)[nH]c2cc(Cl)ccc12)N(C=O)Cc1cc(F)c(F)c(F)c1
3183,CCOC(=O)c1[nH]c2cc(Cl)ccc2c1C(C(=O)NC(C)(C)C)N(Cc1cc(F)c(F)c(F)c1)C(=O)c1cccc(C#Cc2cccc3c2CN(C2CCC(=O)NC2=O)C3=O)c1
3184,CCOC(=O)c1[nH]c2cc(Cl)ccc2c1C(C(=O)NC(C)(C)C)N(Cc1cc(F)c(F)c(F)c1)C(=O)c1ccc(C#Cc2cccc3c2CN(C2CCC(=O)NC2=O)C3=O)cc1
3185,CCOC(=O)c1[nH]c2cc(Cl)ccc2c1C(C(=O)NC(C)(C)C)N(Cc1cc(F)c(F)c(F)c1)C(=O)c1cccc(NC(=O)CCC#Cc2cccc3c2CN(C2CCC(=O)NC2=O)C3=O)c1
3186,CCOC(=O)c1[nH]c2cc(Cl)ccc2c1C(C(=O)NC(C)(C)C)N(Cc1cc(F)c(F)c(F)c1)C(=O)c1cccc(NC(=O)CCCC#Cc2cccc3c2CN(C2CCC(=O)NC2=O)C3=O)c1
3187,CCOC(=O)c1[nH]c2cc(Cl)ccc2c1C(C(=O)NC(C)(C)C)N(Cc1cc(F)c(F)c(F)c1)C(=O)c1cccc(NC(=O)CCCCC#Cc2cccc3c2CN(C2CCC(=O)NC2=O)C3=O)c1
3188,CCOC(=O)c1[nH]c2cc(Cl)ccc2c1C(C(=O)NC(C)(C)C)N(Cc1cc(F)c(F)c(F)c1)C(=O)c1ccc(NC(=O)CCC#Cc2cccc3c2CN(C2CCC(=O)NC2=O)C3=O)cc1
3189,CCOC(=O)c1[nH]c2cc(Cl)ccc2c1C(C(=O)NC(C)(C)C)N(Cc1cc(F)c(F)c(F)c1)C(=O)c1ccc(NC(=O)CCCC#Cc2cccc3c2CN(C2CCC(=O)NC2=O)C3=O)cc1
3190,CCOC(=O)c1[nH]c2cc(Cl)ccc2c1C(C(=O)NC(C)(C)C)N(Cc1cc(F)c(F)c(F)c1)C(=O)c1ccc(NC(=O)CCCCC#Cc2cccc3c2CN(C2CCC(=O)NC2=O)C3=O)cc1
3191,CCOC(=O)c1[nH]c2cc(Cl)ccc2c1C(C(=O)NC(C)(C)C)N(Cc1cc(F)c(F)c(F)c1)C(=O)c1cccc(OCC#Cc2cccc3c2CN(C2CCC(=O)NC2=O)C3=O)c1
3192,CCOC(=O)c1[nH]c2cc(Cl)ccc2c1C(C(=O)NC(C)(C)C)N(Cc1cc(F)c(F)c(F)c1)C(=O)c1cccc(OCCC#Cc2cccc3c2CN(C2CCC(=O)NC2=O)C3=O)c1
3193,CCOC(=O)c1[nH]c2cc(Cl)ccc2c1C(C(=O)NC(C)(C)C)N(CC)C(=O)CCCCC#Cc1cccc2c1CN(C1CCC(=O)NC1=O)C2=O
3194,CCN(C(=O)CCCCC#Cc1cccc2c1CN(C1CCC(=O)NC1=O)C2=O)C(C(=O)NC(C)(C)C)c1ccc(Cl)cc1
3195,CC(C)(C)NC(=O)C(c1ccc(Cl)cc1)N(Cc1cc(F)c(F)c(F)c1)C(=O)CCCCC#Cc1cccc2c1CN(C1CCC(=O)NC1=O)C2=O
3196,CC(C)C(C(=O)NC(C)(C)C)N(Cc1cc(F)c(F)c(F)c1)C(=O)CCCCC#Cc1cccc2c1CN(C1CCC(=O)NC1=O)C2=O
3197,CC(C)(C)NC(=O)C(C1CCCCC1)N(Cc1cc(F)c(F)c(F)c1)C(=O)CCCCC#Cc1cccc2c1CN(C1CCC(=O)NC1=O)C2=O
3198,CCOC(=O)c1[nH]c2cc(Cl)ccc2c1CN(Cc1cc(F)c(F)c(F)c1)C(=O)CCCCC#Cc1cccc2c1CN(C1CCC(=O)NC1=O)C2=O
3199,O=C1CCC(N2Cc3c(C#CCCCCC(=O)N(Cc4ccc(Cl)cc4)Cc4cc(F)c(F)c(F)c4)cccc3C2=O)C(=O)N1
3200,Cc1ncsc1-c1ccc(CNC(=O)[C@@H]2C[C@@H](O)CN2C(=O)[C@@H](NC(=O)CCOCCCN2CCC[C@H]2COc2nc3c(c(N4CCN(C(=O)/C(C#N)=C\C5CC5)[C@@H](CC#N)C4)n2)CCN(c2cccc4cccc(Cl)c24)C3)C(C)(C)C)cc1
3201,O=C(CNc1ncnc2[nH]cc(C(=O)c3ccc(Oc4ccccc4)cc3Cl)c12)NCCNc1cccc2c1C(=O)N(C1CCC(=O)NC1=O)C2=O
3202,O=C(CNc1ncnc2[nH]cc(C(=O)c3ccc(Oc4ccccc4)cc3Cl)c12)NCCCCNc1cccc2c1C(=O)N(C1CCC(=O)NC1=O)C2=O
3203,O=C(CNc1ncnc2[nH]cc(C(=O)c3ccc(Oc4ccccc4)cc3Cl)c12)NCCOCCOCCNc1cccc2c1C(=O)N(C1CCC(=O)NC1=O)C2=O
3204,O=C(CNc1ncnc2[nH]cc(C(=O)c3ccc(Oc4ccccc4)cc3Cl)c12)NCCOCCOCCOCCNc1cccc2c1C(=O)N(C1CCC(=O)NC1=O)C2=O
3205,O=C(CNc1ncnc2[nH]cc(C(=O)c3ccc(Oc4ccccc4)cc3Cl)c12)NCCOCCOCCOCCOCCNc1cccc2c1C(=O)N(C1CCC(=O)NC1=O)C2=O
3206,O=C(CNc1ncnc2[nH]cc(C(=O)c3ccc(Oc4ccccc4)cc3Cl)c12)NCCOCCOCCOCCOCCOCCNc1cccc2c1C(=O)N(C1CCC(=O)NC1=O)C2=O
3207,O=C(CNc1ncnc2[nH]cc(C(=O)c3ccc(Oc4ccccc4)cc3Cl)c12)NCCOCCOCCOCCOCCOCCOCCNc1cccc2c1C(=O)N(C1CCC(=O)NC1=O)C2=O
3208,O=C(CNc1ncnc2[nH]cc(C(=O)c3ccc(Oc4ccccc4)cc3Cl)c12)NCCOCCOCCOCCOCCOCCOCCOCCNc1cccc2c1C(=O)N(C1CCC(=O)NC1=O)C2=O
3209,O=C1CCC(N2C(=O)c3cccc(NCCCCNC(=O)N[C@H]4CC[C@@H](Nc5ncnc6[nH]cc(C(=O)c7ccc(Oc8ccccc8)cc7Cl)c56)CC4)c3C2=O)C(=O)N1
3210,O=C1CCC(N2C(=O)c3cccc(NCCOCCOCCNC(=O)N[C@H]4CC[C@@H](Nc5ncnc6[nH]cc(C(=O)c7ccc(Oc8ccccc8)cc7Cl)c56)CC4)c3C2=O)C(=O)N1
3211,O=C1CCC(N2C(=O)c3cccc(NCCOCCOCCOCCNC(=O)N[C@H]4CC[C@@H](Nc5ncnc6[nH]cc(C(=O)c7ccc(Oc8ccccc8)cc7Cl)c56)CC4)c3C2=O)C(=O)N1
3212,O=C1CCC(N2C(=O)c3cccc(NCCOCCOCCOCCOCCNC(=O)N[C@H]4CC[C@@H](Nc5ncnc6[nH]cc(C(=O)c7ccc(Oc8ccccc8)cc7Cl)c56)CC4)c3C2=O)C(=O)N1
3213,O=C1CCC(N2C(=O)c3cccc(NCCOCCOCCOCCOCCOCCNC(=O)N[C@H]4CC[C@@H](Nc5ncnc6[nH]cc(C(=O)c7ccc(Oc8ccccc8)cc7Cl)c56)CC4)c3C2=O)C(=O)N1
3214,O=C(CCCO/N=C1C(=C2/C(=O)N(Cc3cn(CCOCCNc4cccc5c4C(=O)N(C4CCC(=O)NC4=O)C5=O)nn3)c3ccccc32)/Nc2ccccc2/1)NO
3215,O=C(CCCO/N=C1C(=C2/C(=O)N(Cc3cn(CCOCCOCCNc4cccc5c4C(=O)N(C4CCC(=O)NC4=O)C5=O)nn3)c3ccccc32)/Nc2ccccc2/1)NO
3216,O=C(CCCO/N=C1C(=C2/C(=O)N(Cc3cn(CCOCCOCCOCCNc4cccc5c4C(=O)N(C4CCC(=O)NC4=O)C5=O)nn3)c3ccccc32)/Nc2ccccc2/1)NO
3217,O=C(CCCO/N=C1C(=C2/C(=O)N(Cc3cn(CCOCCOCCOCCOCCNc4cccc5c4C(=O)N(C4CCC(=O)NC4=O)C5=O)nn3)c3ccccc32)/Nc2ccccc2/1)NO
3218,O=C(CCCO/N=C1C(=C2/C(=O)N(Cc3cn(CCOCCOCCOCCOCCOCCNc4cccc5c4C(=O)N(C4CCC(=O)NC4=O)C5=O)nn3)c3ccccc32)/Nc2ccccc2/1)NO
3219,CCS(=O)(=O)N1CC(CC#N)(n2cc(-c3nc(Nc4ccc(C(=O)NCCCCNc5cccc6c5C(=O)N(C5CCC(=O)NC5=O)C6=O)cc4)nc4[nH]ccc34)cn2)C1
3220,CCS(=O)(=O)N1CC(CC#N)(n2cc(-c3nc(Nc4ccc(C(=O)NCCCCOc5cccc6c5C(=O)N(C5CCC(=O)NC5=O)C6=O)cc4)nc4[nH]ccc34)cn2)C1
3221,CCS(=O)(=O)N1CC(CC#N)(n2cc(-c3nc(Nc4ccc(C(=O)NC5CCN(c6ccc7c(c6)C(=O)N(C6CCC(=O)NC6=O)C7=O)CC5)cc4)nc4[nH]ccc34)cn2)C1
3222,CCS(=O)(=O)N1CC(CC#N)(n2cc(-c3nc(Nc4ccc(C(=O)NCCN5CCN(c6ccc7c(c6)C(=O)N(C6CCC(=O)NC6=O)C7=O)CC5)cc4)nc4[nH]ccc34)cn2)C1
3223,CCS(=O)(=O)N1CC(CC#N)(n2cc(-c3nc(Nc4ccc(C(=O)NCCCCNc5cccc(C6CCC(=O)NC6=O)c5)cc4)nc4[nH]ccc34)cn2)C1
3224,CCS(=O)(=O)N1CC(CC#N)(n2cc(-c3nc(Nc4ccc(C(=O)NCCCCOc5ccc(C6CCC(=O)NC6=O)cc5)cc4)nc4[nH]ccc34)cn2)C1
3225,CCS(=O)(=O)N1CC(CC#N)(n2cc(-c3nc(Nc4ccc(C(=O)NCCCCOc5cccc(C6CCC(=O)NC6=O)c5)cc4)nc4[nH]ccc34)cn2)C1
3226,CCS(=O)(=O)N1CC(CC#N)(n2cc(-c3nc(Nc4ccc(C(=O)NC5CCN(c6ccc(C7CCC(=O)NC7=O)cc6)CC5)cc4)nc4[nH]ccc34)cn2)C1
3227,CCS(=O)(=O)N1CC(CC#N)(n2cc(-c3nc(Nc4ccc(C(=O)NCCN5CCN(c6ccc(C7CCC(=O)NC7=O)cc6)CC5)cc4)nc4[nH]ccc34)cn2)C1
3228,CCS(=O)(=O)N1CC(CC#N)(n2cc(-c3nc(Nc4ccc(C(=O)NCCCN5CCN(c6ccc(C7CCC(=O)NC7=O)cc6)CC5)cc4)nc4[nH]ccc34)cn2)C1
3229,CCS(=O)(=O)N1CC(CC#N)(n2cc(-c3nc(Nc4ccc(C(=O)NCCCN5CC6CC5CN6c5ccc(C6CCC(=O)NC6=O)cc5)cc4)nc4[nH]ccc34)cn2)C1
3230,CCS(=O)(=O)N1CC(CC#N)(n2cc(-c3nc(Nc4ccc(C(=O)NCCCN5CCC6(CC5)CCN(c5ccc(C7CCC(=O)NC7=O)cc5)CC6)cc4)nc4[nH]ccc34)cn2)C1
3231,COc1cc(C2CCN(CCCCCC(=O)N[C@H](C(=O)N3C[C@H](O)C[C@H]3C(=O)N[C@@H](C)c3ccc(-c4scnc4C)cc3)C(C)(C)C)CC2)ccc1Nc1ncc(Cl)c(Nc2ccccc2NS(C)(=O)=O)n1
3232,COc1cc(C2CCN(CCCCCC(=O)N[C@H](C(=O)N3C[C@H](O)C[C@H]3C(=O)N[C@@H](C)c3ccc(-c4scnc4C)cc3)C(C)(C)C)CC2)ccc1Nc1ncc(Cl)c(Nc2ccccc2N(C)S(C)(=O)=O)n1
3233,COc1cc(N2CCN(CCCCCC(=O)N[C@H](C(=O)N3C[C@H](O)C[C@H]3C(=O)N[C@@H](C)c3ccc(-c4scnc4C)cc3)C(C)(C)C)CC2)ccc1Nc1ncc(Cl)c(Nc2ccccc2P(C)(C)=O)n1
3234,COc1cc(N2CCN(CCCCCC(=O)N[C@H](C(=O)N3C[C@H](O)C[C@H]3C(=O)N[C@@H](C)c3ccc(-c4scnc4C)cc3)C(C)(C)C)CC2)ccc1Nc1ncc(Cl)c(Nc2ccccc2S(=O)(=O)C(C)C)n1
3235,COc1cc(N2CCN(CCCC(=O)N[C@H](C(=O)N3C[C@H](O)C[C@H]3C(=O)N[C@@H](C)c3ccc(-c4scnc4C)cc3)C(C)(C)C)CC2)ccc1Nc1ncc(Cl)c(Nc2ccccc2P(C)(C)=O)n1
3236,COc1cc(N2CCN(CCCCC(=O)N[C@H](C(=O)N3C[C@H](O)C[C@H]3C(=O)N[C@@H](C)c3ccc(-c4scnc4C)cc3)C(C)(C)C)CC2)ccc1Nc1ncc(Cl)c(Nc2ccccc2P(C)(C)=O)n1
3237,COc1cc(N2CCN(CCCCCCC(=O)N[C@H](C(=O)N3C[C@H](O)C[C@H]3C(=O)N[C@@H](C)c3ccc(-c4scnc4C)cc3)C(C)(C)C)CC2)ccc1Nc1ncc(Cl)c(Nc2ccccc2P(C)(C)=O)n1
3238,COc1cc(N2CCN(CCCCCCCC(=O)N[C@H](C(=O)N3C[C@H](O)C[C@H]3C(=O)N[C@@H](C)c3ccc(-c4scnc4C)cc3)C(C)(C)C)CC2)ccc1Nc1ncc(Cl)c(Nc2ccccc2P(C)(C)=O)n1
3239,COc1cc(N2CCN(CCCCCCCCC(=O)N[C@H](C(=O)N3C[C@H](O)C[C@H]3C(=O)N[C@@H](C)c3ccc(-c4scnc4C)cc3)C(C)(C)C)CC2)ccc1Nc1ncc(Cl)c(Nc2ccccc2P(C)(C)=O)n1
3240,NC(=O)CC[C@H](NC(=O)[C@@H]1CC[C@@H]2CCN(C(=O)CCCCCC#Cc3cccc4c3CN(C3CCC(=O)NC3=O)C4=O)C[C@H](NC(=O)c3cc4cc(C(=O)P(=O)(O)O)ccc4[nH]3)C(=O)N21)C(=O)NC(c1ccccc1)c1ccccc1
3241,COc1cc(OC)c(Cl)c(NC(=O)N(C)c2cc(Nc3ccc(N4CCN(CC(=O)NCCCOc5cc6c7c(cccc7c5)C(=O)N(C5CCC(=O)NC5=O)C6=O)CC4)cc3)ncn2)c1Cl
3242,COc1cc(OC)c(Cl)c(NC(=O)N(C)c2cc(Nc3ccc(N4CCN(CC(=O)NCCCCCOc5cccc6c5C(=O)N(C5CCC(=O)NC5=O)C6=O)CC4)cc3)ncn2)c1Cl
3243,COc1cc(OC)c(Cl)c(NC(=O)N(C)c2cc(Nc3ccc(N4CCN(CC(=O)NCCCCCCOc5cc6c7c(cccc7c5)C(=O)N(C5CCC(=O)NC5=O)C6=O)CC4)cc3)ncn2)c1Cl
3244,COc1cc(OC)c(Cl)c(NC(=O)N(C)c2cc(Nc3ccc(N4CCN(CC(=O)NCCOCCOCCOc5cc6c7c(cccc7c5)C(=O)N(C5CCC(=O)NC5=O)C6=O)CC4)cc3)ncn2)c1Cl
3245,COc1cc(OC)c(Cl)c(NC(=O)N(C)c2cc(Nc3ccc(N4CCN(CC(=O)NCCOCCOCCOCCOc5cc6c7c(cccc7c5)C(=O)N(C5CCC(=O)NC5=O)C6=O)CC4)cc3)ncn2)c1Cl
3246,CCC(=O)Nc1ccc(CN2C(=O)N(c3cc(OC)cc(OC)c3)Cc3cnc(Nc4ccc(N5CCN(CC(=O)NCCCOc6cc7c8c(cccc8c6)C(=O)N(C6CCC(=O)NC6=O)C7=O)CC5)cc4)nc32)cc1
3247,CCC(=O)Nc1ccc(CN2C(=O)N(c3cc(OC)cc(OC)c3)Cc3cnc(Nc4ccc(N5CCN(CC(=O)NCCCCCOc6cc7c8c(cccc8c6)C(=O)N(C6CCC(=O)NC6=O)C7=O)CC5)cc4)nc32)cc1
3248,CCC(=O)Nc1ccc(CN2C(=O)N(c3cc(OC)cc(OC)c3)Cc3cnc(Nc4ccc(N5CCN(CC(=O)NCCOCCOCCOc6cc7c8c(cccc8c6)C(=O)N(C6CCC(=O)NC6=O)C7=O)CC5)cc4)nc32)cc1
3249,COc1cc(OC)c(Cl)c(NC(=O)N(C)c2cc(Nc3ccc(N4CCN(CC(=O)N[C@H](C(=O)N5C[C@H](O)C[C@H]5C(=O)N[C@@H](C)c5ccc(-c6scnc6C)cc5)C(C)(C)C)CC4)cc3)ncn2)c1Cl
3250,COc1cc(OC)c(Cl)c(NC(=O)N(C)c2cc(Nc3ccc(N4CCN(CCC(=O)N[C@H](C(=O)N5C[C@H](O)C[C@H]5C(=O)N[C@@H](C)c5ccc(-c6scnc6C)cc5)C(C)(C)C)CC4)cc3)ncn2)c1Cl
3251,COc1cc(OC)c(Cl)c(NC(=O)N(C)c2cc(Nc3ccc(N4CCN(CCCC(=O)N[C@H](C(=O)N5C[C@H](O)C[C@H]5C(=O)N[C@@H](C)c5ccc(-c6scnc6C)cc5)C(C)(C)C)CC4)cc3)ncn2)c1Cl
3252,COc1cc(OC)c(Cl)c(NC(=O)N(C)c2cc(Nc3ccc(N4CCN(CCCCCC(=O)N[C@H](C(=O)N5C[C@H](O)C[C@H]5C(=O)N[C@@H](C)c5ccc(-c6scnc6C)cc5)C(C)(C)C)CC4)cc3)ncn2)c1Cl
3253,COc1cc(OC)c(Cl)c(NC(=O)N(C)c2cc(Nc3ccc(N4CCN(CC(=O)NCCC(=O)N[C@H](C(=O)N5C[C@H](O)C[C@H]5C(=O)N[C@@H](C)c5ccc(-c6scnc6C)cc5)C(C)(C)C)CC4)cc3)ncn2)c1Cl
3254,COc1cc(OC)c(Cl)c(NC(=O)N(C)c2cc(Nc3ccc(N4CCN(C(=O)NCCOCCC(=O)N[C@H](C(=O)N5C[C@H](O)C[C@H]5C(=O)N[C@@H](C)c5ccc(-c6scnc6C)cc5)C(C)(C)C)CC4)cc3)ncn2)c1Cl
3255,COc1cc(OC)c(Cl)c(NC(=O)N(C)c2cc(Nc3ccc(N4CCN(CC(=O)NCCCCCOc5cc(-c6scnc6C)ccc5[C@H](C)NC(=O)[C@@H]5C[C@@H](O)CN5C(=O)[C@@H](NC(C)=O)C(C)(C)C)CC4)cc3)ncn2)c1Cl
3256,COc1cc(OC)c(Cl)c(NC(=O)N(C)c2cc(Nc3ccc(N4CCN(CC(=O)NCCCCCSC(C)(C)[C@@H](NC(C)=O)C(=O)N5C[C@H](O)C[C@H]5C(=O)N[C@@H](C)c5ccc(-c6scnc6C)cc5)CC4)cc3)ncn2)c1Cl
3257,Cc1ncsc1-c1ccc(CNC(=O)[C@@H]2C[C@@H](O)CN2C(=O)[C@@H](NC(=O)COCc2cn(CCOCCOCCOc3cc(C(=O)c4cc(Cl)ccc4NS(=O)(=O)c4ccc(C(C)(C)C)cc4)cc[n+]3[O-])nn2)C(C)(C)C)cc1
3258,CNC(=O)c1ccccc1Nc1cc(Nc2ccc(N3CCN(CCOCCOCCOCCOCC(=O)N[C@H](C(=O)N4C[C@H](O)C[C@H]4C(=O)N[C@@H](C)c4ccc(-c5scnc5C)cc4)C(C)(C)C)CC3)cc2OC)ncc1C(F)(F)F
3259,CNC(=O)c1ccccc1Nc1cc(Nc2ccc(N3CCN(CCCCCCCCCCC(=O)N[C@H](C(=O)N4C[C@H](O)C[C@H]4C(=O)N[C@@H](C)c4ccc(-c5scnc5C)cc4)C(C)(C)C)CC3)cc2OC)ncc1C(F)(F)F
3260,CNC(=O)c1ccccc1Nc1cc(Nc2ccc(N3CCN(CCOCCOCC(=O)N[C@H](C(=O)N4C[C@H](O)C[C@H]4C(=O)N[C@@H](C)c4ccc(-c5scnc5C)cc4)C(C)(C)C)CC3)cc2OC)ncc1C(F)(F)F
3261,CNC(=O)c1ccccc1Nc1cc(Nc2ccc(N3CCN(CCOCC(=O)N[C@H](C(=O)N4C[C@H](O)C[C@H]4C(=O)N[C@@H](C)c4ccc(-c5scnc5C)cc4)C(C)(C)C)CC3)cc2OC)ncc1C(F)(F)F
3262,CNC(=O)c1ccccc1Nc1cc(Nc2ccc(N3CCN(CCC(=O)N[C@H](C(=O)N4C[C@H](O)C[C@H]4C(=O)N[C@@H](C)c4ccc(-c5scnc5C)cc4)C(C)(C)C)CC3)cc2OC)ncc1C(F)(F)F
3263,CNC(=O)c1ccccc1Nc1cc(Nc2ccc(N3CCN(CC(=O)N[C@H](C(=O)N4C[C@H](O)C[C@H]4C(=O)N[C@@H](C)c4ccc(-c5scnc5C)cc4)C(C)(C)C)CC3)cc2OC)ncc1C(F)(F)F
3264,Cc1sc2c(c1C)C(c1ccc(Cl)cc1)=N[C@@H](CC(=O)NCc1cn(CCCCNC(=O)COc3cccc4c3C(=O)N(C3CCC(=O)NC3=O)C4=O)nn1)c1nnc(C)n1-2
3265,Cc1sc2c(c1C)C(c1ccc(Cl)cc1)=N[C@@H](CC(=O)NCc1cn(CCCCNC(=O)CNc3cccc4c3C(=O)N(C3CCC(=O)NC3=O)C4=O)nn1)c1nnc(C)n1-2
3266,Cc1sc2c(c1C)C(c1ccc(Cl)cc1)=N[C@@H](CC(=O)NCc1cn(CCCCNC(=O)COc3ccc(C4CCC(=O)NC4=O)cc3)nn1)c1nnc(C)n1-2
3267,Cc1sc2c(c1C)C(c1ccc(Cl)cc1)=N[C@@H](CC(=O)NCc1cn(CCCCNC(=O)CNc3ccc(C4CCC(=O)NC4=O)cc3)nn1)c1nnc(C)n1-2
3268,Cc1sc2c(c1C)C(c1ccc(Cl)cc1)=N[C@@H](CC(=O)NCCCCNC(=O)COc1ccc(C3CCC(=O)NC3=O)cc1)c1nnc(C)n1-2
3269,Cc1sc2c(c1C)C(c1ccc(Cl)cc1)=N[C@@H](CC(=O)NCCCCCNC(=O)COc1ccc(C3CCC(=O)NC3=O)cc1)c1nnc(C)n1-2
3270,Cc1sc2c(c1C)C(c1ccc(Cl)cc1)=N[C@@H](CC(=O)NCCCCNC(=O)COc1cccc(C3CCC(=O)NC3=O)c1)c1nnc(C)n1-2
3271,Cc1sc2c(c1C)C(c1ccc(Cl)cc1)=N[C@@H](CC(=O)NCCCCCNC(=O)COc1cccc(C3CCC(=O)NC3=O)c1)c1nnc(C)n1-2
3272,O=C1CCC(N2C(=O)c3cccc(NCc4cn(CC(=O)Nc5ccc(-c6cc7ccc(O)cc7oc6=O)cc5)nn4)c3C2=O)C(=O)N1
3273,O=C1CCC(N2C(=O)c3cccc(NC(=O)CCc4cn(CC(=O)Nc5ccc(-c6cc7ccc(O)cc7oc6=O)cc5)nn4)c3C2=O)C(=O)N1
3274,O=C1CCC(N2C(=O)c3cccc(NC(=O)CCCc4cn(CC(=O)Nc5ccc(-c6cc7ccc(O)cc7oc6=O)cc5)nn4)c3C2=O)C(=O)N1
3275,O=C1CCC(N2C(=O)c3cccc(NC(=O)CCCCc4cn(CC(=O)Nc5ccc(-c6cc7ccc(O)cc7oc6=O)cc5)nn4)c3C2=O)C(=O)N1
3276,O=C1CCC(N2C(=O)c3cccc(NC(=O)CCCCc4cn(CCC(=O)Nc5ccc(-c6cc7ccc(O)cc7oc6=O)cc5)nn4)c3C2=O)C(=O)N1
3277,O=C1CCC(N2C(=O)c3cccc(NC(=O)Cc4ccc(-n5cc(CCCC(=O)Nc6ccc(-c7cc8ccc(O)cc8oc7=O)cc6)nn5)cc4)c3C2=O)C(=O)N1
3278,O=C1CCC(N2C(=O)c3cccc(NCCCCC(=O)Nc4ccc(N5Cc6ccc(O)cc6OC5=O)cc4)c3C2=O)C(=O)N1
3279,O=C(CCCCNc1cccc2c1C(=O)N(C1CCC(=O)NC1=O)C2=O)NCc1ccc(N2Cc3ccc(O)cc3OC2=O)cc1
3280,O=C1CCC(N2C(=O)c3cccc(NCCCCCCC(=O)Nc4ccc(N5Cc6ccc(O)cc6OC5=O)cc4)c3C2=O)C(=O)N1
3281,O=C1CCC(N2C(=O)c3cccc(NCc4cn(CCC(=O)Nc5ccc(N6Cc7ccc(O)cc7OC6=O)cc5)nn4)c3C2=O)C(=O)N1
3282,O=C1CCC(N2C(=O)c3cccc(NC(=O)CCCc4cn(CCC(=O)Nc5ccc(N6Cc7ccc(O)cc7OC6=O)cc5)nn4)c3C2=O)C(=O)N1
3283,O=C(Cc1ccc(N2Cc3ccc(O)cc3OC2=O)cc1)NCc1cn(-c2ccc(CC(=O)Nc3cccc4c3C(=O)N(C3CCC(=O)NC3=O)C4=O)cc2)nn1
3284,O=C1CCC(N2C(=O)c3cccc(NCCCCCCCCCC(=O)Nc4ccc(N5Cc6ccc(O)cc6OC5=O)cc4)c3C2=O)C(=O)N1
3285,COc1ncc(-c2ccc3ncc(-c4nnc(-c5ccccc5C(=O)N[C@H](C(=O)N5C[C@H](O)C[C@H]5C(=O)NCc5ccc(-c6scnc6C)cc5)C(C)(C)C)o4)n3c2)cc1NS(=O)(=O)c1ccc(F)cc1F
3286,COc1ncc(-c2ccc3ncc(-c4nnc(-c5ccccc5C(=O)NCCC(=O)N[C@H](C(=O)N5C[C@H](O)C[C@H]5C(=O)NCc5ccc(-c6scnc6C)cc5)C(C)(C)C)o4)n3c2)cc1NS(=O)(=O)c1ccc(F)cc1F
3287,COc1ncc(-c2ccc3ncc(-c4nnc(-c5ccccc5C(=O)NCCCC(=O)N[C@H](C(=O)N5C[C@H](O)C[C@H]5C(=O)NCc5ccc(-c6scnc6C)cc5)C(C)(C)C)o4)n3c2)cc1NS(=O)(=O)c1ccc(F)cc1F
3288,COc1ncc(-c2ccc3ncc(-c4nnc(-c5ccccc5C(=O)NCCCCC(=O)N[C@H](C(=O)N5C[C@H](O)C[C@H]5C(=O)NCc5ccc(-c6scnc6C)cc5)C(C)(C)C)o4)n3c2)cc1NS(=O)(=O)c1ccc(F)cc1F
3289,COc1ncc(-c2ccc3ncc(-c4nnc(-c5ccccc5C(=O)NCCCCCC(=O)N[C@H](C(=O)N5C[C@H](O)C[C@H]5C(=O)NCc5ccc(-c6scnc6C)cc5)C(C)(C)C)o4)n3c2)cc1NS(=O)(=O)c1ccc(F)cc1F
3290,COc1ncc(-c2ccc3ncc(-c4nnc(-c5ccccc5C(=O)NCCCCCCC(=O)N[C@H](C(=O)N5C[C@H](O)C[C@H]5C(=O)NCc5ccc(-c6scnc6C)cc5)C(C)(C)C)o4)n3c2)cc1NS(=O)(=O)c1ccc(F)cc1F
3291,COc1ncc(-c2ccc3ncc(-c4nnc(-c5ccccc5C(=O)NCCCCCCCC(=O)N[C@H](C(=O)N5C[C@H](O)C[C@H]5C(=O)NCc5ccc(-c6scnc6C)cc5)C(C)(C)C)o4)n3c2)cc1NS(=O)(=O)c1ccc(F)cc1F
3292,COc1ncc(-c2ccc3ncc(-c4nnc(-c5ccccc5C(=O)NCCOCC(=O)N[C@H](C(=O)N5C[C@H](O)C[C@H]5C(=O)NCc5ccc(-c6scnc6C)cc5)C(C)(C)C)o4)n3c2)cc1NS(=O)(=O)c1ccc(F)cc1F
3293,COc1ncc(-c2ccc3ncc(-c4nnc(-c5ccccc5C(=O)NCCOCCOCC(=O)N[C@H](C(=O)N5C[C@H](O)C[C@H]5C(=O)NCc5ccc(-c6scnc6C)cc5)C(C)(C)C)o4)n3c2)cc1NS(=O)(=O)c1ccc(F)cc1F
3294,COc1ncc(-c2ccc3ncc(-c4nnc(-c5ccccc5C(=O)NCCOCCOCCOCC(=O)N[C@H](C(=O)N5C[C@H](O)C[C@H]5C(=O)NCc5ccc(-c6scnc6C)cc5)C(C)(C)C)o4)n3c2)cc1NS(=O)(=O)c1ccc(F)cc1F
3295,COc1ncc(-c2ccc3ncc(-c4nnc(-c5ccccc5C(=O)NCCOCCOCCOCCOCC(=O)N[C@H](C(=O)N5C[C@H](O)C[C@H]5C(=O)NCc5ccc(-c6scnc6C)cc5)C(C)(C)C)o4)n3c2)cc1NS(=O)(=O)c1ccc(F)cc1F
3296,COc1ncc(-c2ccc3ncc(-c4nnc(-c5ccccc5C(=O)NCCOCCOCCOCCOCCOCC(=O)N[C@H](C(=O)N5C[C@H](O)C[C@H]5C(=O)NCc5ccc(-c6scnc6C)cc5)C(C)(C)C)o4)n3c2)cc1NS(=O)(=O)c1ccc(F)cc1F
3297,COc1ncc(-c2ccc3ncc(-c4nnc(-c5ccccc5C(=O)NCCOCCOCCOCCOCCOCCOCC(=O)N[C@H](C(=O)N5C[C@H](O)C[C@H]5C(=O)NCc5ccc(-c6scnc6C)cc5)C(C)(C)C)o4)n3c2)cc1NS(=O)(=O)c1ccc(F)cc1F
3298,CC(C)(C)c1cc(NC(=O)Nc2ccc(-c3cn(Cc4cn(CCC(=O)Nc5cccc6c5CN(C5CCC(=O)NC5=O)C6=O)nn4)c4ncnc(N)c34)cc2)no1
3299,CC(C)(C)c1cc(NC(=O)Nc2ccc(-c3cn(Cc4cn(CCCC(=O)Nc5cccc6c5CN(C5CCC(=O)NC5=O)C6=O)nn4)c4ncnc(N)c34)cc2)no1
3300,CC(C)(C)c1cc(NC(=O)Nc2ccc(-c3cn(Cc4cn(CCCCC(=O)Nc5cccc6c5CN(C5CCC(=O)NC5=O)C6=O)nn4)c4ncnc(N)c34)cc2)no1
3301,CC(C)(C)c1cc(NC(=O)Nc2ccc(-c3cn(Cc4cn(CCCCCC(=O)Nc5cccc6c5CN(C5CCC(=O)NC5=O)C6=O)nn4)c4ncnc(N)c34)cc2)no1
3302,CC(C)(C)c1cc(NC(=O)Nc2ccc(-c3cn(Cc4cn(CC(=O)Nc5cccc6c5CN(C5CCC(=O)NC5=O)C6=O)nn4)c4ncnc(N)c34)cc2)no1
3303,CC(C(=O)Nc1cccc2c1CN(C1CCC(=O)NC1=O)C2=O)n1cc(Cn2cc(-c3ccc(NC(=O)Nc4cc(C(C)(C)C)on4)cc3)c3c(N)ncnc32)nn1
3304,CC(C)(C)c1cc(NC(=O)Nc2ccc(-c3cn(CCCc4cn(CCC(=O)Nc5cccc6c5CN(C5CCC(=O)NC5=O)C6=O)nn4)c4ncnc(N)c34)cc2)no1
3305,CC(C)(C)c1cc(NC(=O)Nc2ccc(-c3cn(CCCc4cn(CCCC(=O)Nc5cccc6c5CN(C5CCC(=O)NC5=O)C6=O)nn4)c4ncnc(N)c34)cc2)no1
3306,CC(C)(C)c1cc(NC(=O)Nc2ccc(-c3cn(CCCc4cn(CCCCC(=O)Nc5cccc6c5CN(C5CCC(=O)NC5=O)C6=O)nn4)c4ncnc(N)c34)cc2)no1
3307,CC(C)(C)c1cc(NC(=O)Nc2ccc(-c3cn(CCCc4cn(CCCCCC(=O)Nc5cccc6c5CN(C5CCC(=O)NC5=O)C6=O)nn4)c4ncnc(N)c34)cc2)no1
3308,CC(C)(C)c1cc(NC(=O)Nc2ccc(-c3cn(CCCc4cn(CC(=O)Nc5cccc6c5CN(C5CCC(=O)NC5=O)C6=O)nn4)c4ncnc(N)c34)cc2)no1
3309,CC(C(=O)Nc1cccc2c1CN(C1CCC(=O)NC1=O)C2=O)n1cc(CCCn2cc(-c3ccc(NC(=O)Nc4cc(C(C)(C)C)on4)cc3)c3c(N)ncnc32)nn1
3310,CC(C)(C)c1cc(NC(=O)Nc2ccc(-c3cn(CCCCc4cn(CCC(=O)Nc5cccc6c5CN(C5CCC(=O)NC5=O)C6=O)nn4)c4ncnc(N)c34)cc2)no1
3311,CC(C)(C)c1cc(NC(=O)Nc2ccc(-c3cn(CCCCc4cn(CCCC(=O)Nc5cccc6c5CN(C5CCC(=O)NC5=O)C6=O)nn4)c4ncnc(N)c34)cc2)no1
3312,CC(C)(C)c1cc(NC(=O)Nc2ccc(-c3cn(CCCCc4cn(CCCCC(=O)Nc5cccc6c5CN(C5CCC(=O)NC5=O)C6=O)nn4)c4ncnc(N)c34)cc2)no1
3313,CC(C)(C)c1cc(NC(=O)Nc2ccc(-c3cn(CCCCc4cn(CCCCCC(=O)Nc5cccc6c5CN(C5CCC(=O)NC5=O)C6=O)nn4)c4ncnc(N)c34)cc2)no1
3314,CC(C)(C)c1cc(NC(=O)Nc2ccc(-c3cn(CCCCc4cn(CC(=O)Nc5cccc6c5CN(C5CCC(=O)NC5=O)C6=O)nn4)c4ncnc(N)c34)cc2)no1
3315,CC(C(=O)Nc1cccc2c1CN(C1CCC(=O)NC1=O)C2=O)n1cc(CCCCn2cc(-c3ccc(NC(=O)Nc4cc(C(C)(C)C)on4)cc3)c3c(N)ncnc32)nn1
3316,CC(C)c1ccc(/C=C2\SC(=S)N(CCCCCCCCNC(=O)c3ccc4c(c3)C(=O)N(C3CCC(=O)NC3=O)C4=O)C2=O)cc1
3317,C[C@H]1[C@H](C)CC[C@]2(C(=O)NCCOCCOCCNc3cccc4c3C(=O)N(C3CCC(=O)NC3=O)C4=O)CC[C@]3(C)C(=CC[C@@H]4[C@@]5(C)CC[C@H](O)C(C)(C)C5CC[C@]43C)[C@H]12
3318,C[C@H]1[C@H](C)CC[C@]2(C(=O)NCCOCCOCCOCCNc3cccc4c3C(=O)N(C3CCC(=O)NC3=O)C4=O)CC[C@]3(C)C(=CC[C@@H]4[C@@]5(C)CC[C@H](O)C(C)(C)C5CC[C@]43C)[C@H]12
3319,C[C@H]1[C@H](C)CC[C@]2(C(=O)NCCOCCOCCOCCOCCNc3cccc4c3C(=O)N(C3CCC(=O)NC3=O)C4=O)CC[C@]3(C)C(=CC[C@@H]4[C@@]5(C)CC[C@H](O)C(C)(C)C5CC[C@]43C)[C@H]12
3320,C[C@H]1[C@H](C)CC[C@]2(C(=O)OCCOC(=O)CCOCCOCCOCCNc3cccc4c3C(=O)N(C3CCC(=O)NC3=O)C4=O)CC[C@]3(C)C(=CC[C@@H]4[C@@]5(C)CC[C@H](O)C(C)(C)C5CC[C@]43C)[C@H]12
3321,C[C@H]1[C@H](C)CC[C@]2(C(=O)OCCOC(=O)CCOCCOCCn3cc(CNc4cccc5c4C(=O)N(C4CCC(=O)NC4=O)C5=O)nn3)CC[C@]3(C)C(=CC[C@@H]4[C@@]5(C)CC[C@H](O)C(C)(C)C5CC[C@]43C)[C@H]12
3322,C[C@H]1[C@H](C)CC[C@]2(C(=O)NCCCCCCCCNc3cccc4c3C(=O)N(C3CCC(=O)NC3=O)C4=O)CC[C@]3(C)C(=CC[C@@H]4[C@@]5(C)CC[C@H](O)C(C)(C)C5CC[C@]43C)[C@H]12
3323,COc1cc(OCc2cccc(-c3ccccc3)c2C)cc(OC)c1CNCCCCNc1cccc2c1C(=O)N(C1CCC(=O)NC1=O)C2=O
3324,COc1cc(OCc2cccc(-c3ccccc3)c2C)cc(OC)c1CNCCCCCNc1cccc2c1C(=O)N(C1CCC(=O)NC1=O)C2=O
3325,COc1cc(OCc2cccc(-c3ccccc3)c2C)cc(OC)c1CNCCCCCCNc1cccc2c1C(=O)N(C1CCC(=O)NC1=O)C2=O
3326,COc1cc(OCc2cccc(-c3ccccc3)c2C)cc(OC)c1CNCCCCCCCNc1cccc2c1C(=O)N(C1CCC(=O)NC1=O)C2=O
3327,COc1cc(OCc2cccc(-c3ccccc3)c2C)cc(OC)c1CNCCCCCCCCNc1cccc2c1C(=O)N(C1CCC(=O)NC1=O)C2=O
3328,COc1cc(OCc2cccc(-c3ccccc3)c2C)cc(OC)c1CNCCCCCCCCCNc1cccc2c1C(=O)N(C1CCC(=O)NC1=O)C2=O
3329,COc1cc(OCc2ccc(-c3ccccc3)cc2C)cc(OC)c1CNCCNC(=O)CCC#Cc1ccc2c(c1)C(=O)N(C1CCC(=O)NC1=O)C2=O
3330,COc1cc(OCc2cccc(-c3ccccc3)c2C)cc(OC)c1CNCCNC(=O)CCCC#Cc1ccc2c(c1)C(=O)N(C1CCC(=O)NC1=O)C2=O
3331,COc1cc(OCc2cccc(-c3ccccc3)c2C)cc(OC)c1CNCCNC(=O)CCCCC#Cc1ccc2c(c1)C(=O)N(C1CCC(=O)NC1=O)C2=O
3332,COc1cc(OCc2ccc(-c3ccccc3)cc2C)cc(OC)c1CNCCNC(=O)CCC#Cc1cccc2c1C(=O)N(C1CCC(=O)NC1=O)C2=O
3333,COc1cc(OCc2cccc(-c3ccccc3)c2C)cc(OC)c1CNCCNC(=O)CCCC#Cc1cccc2c1C(=O)N(C1CCC(=O)NC1=O)C2=O
3334,COc1cc(OCc2cccc(-c3ccccc3)c2C)cc(OC)c1CNCCNC(=O)CCCCC#Cc1cccc2c1C(=O)N(C1CCC(=O)NC1=O)C2=O
3335,COc1cc(OCc2cccc(-c3ccccc3)c2C)cc(OC)c1CNCC(=O)NCCNC(=O)COc1cccc2c1C(=O)N(C1CCC(=O)NC1=O)C2=O
3336,COc1cc(OCc2ccc(-c3ccccc3)c(C)c2)cc(OC)c1CNCC(=O)NCCCNC(=O)COc1cccc2c1C(=O)N(C1CCC(=O)NC1=O)C2=O
3337,COc1cc(OCc2ccc(-c3ccccc3)c(C)c2)cc(OC)c1CNCC(=O)NCCCCCNC(=O)COc1cccc2c1C(=O)N(C1CCC(=O)NC1=O)C2=O
3338,COc1cc(OCc2ccc(-c3ccccc3)c(C)c2)cc(OC)c1CNCC(=O)NCCCCCCNC(=O)COc1cccc2c1C(=O)N(C1CCC(=O)NC1=O)C2=O
3339,COc1cc(OCc2cccc(-c3ccccc3)c2C)cc(OC)c1CNCCC(=O)NCCCNC(=O)COc1cccc2c1C(=O)N(C1CCC(=O)NC1=O)C2=O
3340,COc1cc(OCc2cccc(-c3ccccc3)c2C)cc(OC)c1CNCCC(=O)NCCCCNC(=O)COc1cccc2c1C(=O)N(C1CCC(=O)NC1=O)C2=O
3341,COc1cc(OCc2cccc(-c3ccccc3)c2C)cc(OC)c1CNCCC(=O)NCCCCCCNC(=O)COc1cccc2c1C(=O)N(C1CCC(=O)NC1=O)C2=O
3342,COc1cc(Cl)c(-c2cc(Cl)ccc2Cl)cc1C(=O)N1CCN(C(=O)CCC(=O)NCCNc2cccc3c2C(=O)N(C2CCC(=O)NC2=O)C3=O)CC1
3343,COc1cc(Cl)c(-c2cc(Cl)ccc2Cl)cc1C(=O)N1CCN(C(=O)CCC(=O)NCCCNc2cccc3c2C(=O)N(C2CCC(=O)NC2=O)C3=O)CC1
3344,COc1cc(Cl)c(-c2cc(Cl)ccc2Cl)cc1C(=O)N1CCN(C(=O)CCC(=O)NCCCCNc2cccc3c2C(=O)N(C2CCC(=O)NC2=O)C3=O)CC1
3345,COc1cc(Cl)c(-c2cc(Cl)ccc2Cl)cc1C(=O)N1CCN(C(=O)CCC(=O)NCCCCCNc2cccc3c2C(=O)N(C2CCC(=O)NC2=O)C3=O)CC1
3346,COc1cc(Cl)c(-c2cc(Cl)ccc2Cl)cc1C(=O)N1CCN(C(=O)CCC(=O)NCCCCCCNc2cccc3c2C(=O)N(C2CCC(=O)NC2=O)C3=O)CC1
3347,COc1cc(Cl)c(-c2cc(Cl)ccc2Cl)cc1C(=O)N1CCN(C(=O)CCC(=O)N2CCN(CC(=O)NCCNc3cccc4c3C(=O)N(C3CCC(=O)NC3=O)C4=O)CC2)CC1
3348,COc1cc(Cl)c(-c2cc(Cl)ccc2Cl)cc1C(=O)N1CCN(C(=O)CCC(=O)N2CCN(CC(=O)NCCCNc3cccc4c3C(=O)N(C3CCC(=O)NC3=O)C4=O)CC2)CC1
3349,COc1cc(Cl)c(-c2cc(Cl)ccc2Cl)cc1C(=O)N1CCN(C(=O)CCC(=O)N2CCN(CC(=O)NCCCCNc3cccc4c3C(=O)N(C3CCC(=O)NC3=O)C4=O)CC2)CC1
3350,COc1cc(Cl)c(-c2cc(Cl)ccc2Cl)cc1C(=O)N1CCN(C(=O)CCC(=O)N2CCN(CC(=O)NCCCCCNc3cccc4c3C(=O)N(C3CCC(=O)NC3=O)C4=O)CC2)CC1
3351,COc1cc(Cl)c(-c2cc(Cl)ccc2Cl)cc1C(=O)N1CCN(C(=O)CCC(=O)N2CCN(CC(=O)NCCCCCCNc3cccc4c3C(=O)N(C3CCC(=O)NC3=O)C4=O)CC2)CC1
3352,COc1cc(Cl)c(-c2cc(Cl)ccc2Cl)cc1C(=O)N1CCN(C(=O)/C=C/C(=O)NCCNc2cccc3c2C(=O)N(C2CCC(=O)NC2=O)C3=O)CC1
3353,COc1cc(Cl)c(-c2cc(Cl)ccc2Cl)cc1C(=O)N1CCN(C(=O)/C=C/C(=O)NCCCNc2cccc3c2C(=O)N(C2CCC(=O)NC2=O)C3=O)CC1
3354,COc1cc(Cl)c(-c2cc(Cl)ccc2Cl)cc1C(=O)N1CCN(C(=O)/C=C/C(=O)NCCCCNc2cccc3c2C(=O)N(C2CCC(=O)NC2=O)C3=O)CC1
3355,COc1cc(Cl)c(-c2cc(Cl)ccc2Cl)cc1C(=O)N1CCN(C(=O)/C=C/C(=O)NCCCCCCNc2cccc3c2C(=O)N(C2CCC(=O)NC2=O)C3=O)CC1
3356,COc1cc(Cl)c(-c2cc(Cl)ccc2Cl)cc1C(=O)N1CCN(C(=O)/C=C/C(=O)N2CCN(CC(=O)NCCNc3cccc4c3C(=O)N(C3CCC(=O)NC3=O)C4=O)CC2)CC1
3357,COc1cc(Cl)c(-c2cc(Cl)ccc2Cl)cc1C(=O)N1CCN(C(=O)/C=C/C(=O)N2CCN(CC(=O)NCCCNc3cccc4c3C(=O)N(C3CCC(=O)NC3=O)C4=O)CC2)CC1
3358,COc1cc(Cl)c(-c2cc(Cl)ccc2Cl)cc1C(=O)N1CCN(C(=O)/C=C/C(=O)N2CCN(CC(=O)NCCCCNc3cccc4c3C(=O)N(C3CCC(=O)NC3=O)C4=O)CC2)CC1
3359,COc1cc(Cl)c(-c2cc(Cl)ccc2Cl)cc1C(=O)N1CCN(C(=O)/C=C/C(=O)N2CCN(CC(=O)NCCCCCCNc3cccc4c3C(=O)N(C3CCC(=O)NC3=O)C4=O)CC2)CC1
3360,CC1(N)CCN(c2cnc(-c3ccc(CCOCCOCCOCCOCCOCCNC(=O)COc4cccc5c4C(=O)N(C4CCC(=O)NC4=O)C5=O)c(Cl)c3Cl)c(N)n2)CC1
3361,CC1(N)CCN(c2cnc(-c3cc(CCOCCOCCOCCOCCOCCNC(=O)COc4cccc5c4C(=O)N(C4CCC(=O)NC4=O)C5=O)cc(Cl)c3Cl)c(N)n2)CC1
3362,CC1(N)CCN(c2cnc(-c3ccc(OCCOCCOCCOCCOCCOCCNC(=O)COc4cccc5c4C(=O)N(C4CCC(=O)NC4=O)C5=O)c(Cl)c3Cl)c(N)n2)CC1
3363,CC1(N)CCN(c2cnc(-c3cc(OCCOCCOCCOCCOCCOCCNC(=O)COc4cccc5c4C(=O)N(C4CCC(=O)NC4=O)C5=O)cc(Cl)c3Cl)c(N)n2)CC1
3364,Cc1nc(N2CCC3(CC2)CO[C@@H](C)[C@H]3N)c(CO)nc1-c1ccc(OCCOCCOCCOCCNC(=O)COc2cccc3c2C(=O)N(C2CCC(=O)NC2=O)C3=O)c(Cl)c1Cl
3365,Cc1nc(N2CCC3(CC2)CO[C@@H](C)[C@H]3N)c(CO)nc1-c1ccc(OCCOCCOCCOCCOCCOCCNC(=O)COc2cccc3c2C(=O)N(C2CCC(=O)NC2=O)C3=O)c(Cl)c1Cl
3366,Cc1nc(N2CCC3(CC2)CO[C@@H](C)[C@H]3N)c(CO)nc1-c1ccc(OCCOCCOCCOCCOCCOCCOCCOCCNC(=O)COc2cccc3c2C(=O)N(C2CCC(=O)NC2=O)C3=O)c(Cl)c1Cl
3367,C=CCn1c(=O)c2cnc(Nc3ccc(N4CCN(CCCC(=O)N[C@H](C(=O)N5C[C@H](O)C[C@H]5C(=O)NCc5ccc(-c6scnc6C)cc5)C(C)(C)C)CC4)cc3)nc2n1-c1cccc(C(C)(C)O)n1
3368,C=CCn1c(=O)c2cnc(Nc3ccc(N4CCN(CCCC(=O)NCCCC(=O)N[C@H](C(=O)N5C[C@H](O)C[C@H]5C(=O)NCc5ccc(-c6scnc6C)cc5)C(C)(C)C)CC4)cc3)nc2n1-c1cccc(C(C)(C)O)n1
3369,C=CCn1c(=O)c2cnc(Nc3ccc(N4CCN(CCCC(=O)NCCCCCC(=O)N[C@H](C(=O)N5C[C@H](O)C[C@H]5C(=O)NCc5ccc(-c6scnc6C)cc5)C(C)(C)C)CC4)cc3)nc2n1-c1cccc(C(C)(C)O)n1
3370,C=CCn1c(=O)c2cnc(Nc3ccc(N4CCN(CCCC(=O)NCCCCCCCC(=O)N[C@H](C(=O)N5C[C@H](O)C[C@H]5C(=O)NCc5ccc(-c6scnc6C)cc5)C(C)(C)C)CC4)cc3)nc2n1-c1cccc(C(C)(C)O)n1
3371,C=CCn1c(=O)c2cnc(Nc3ccc(N4CCN(CCCC(=O)NCCCCCCCCCCC(=O)N[C@H](C(=O)N5C[C@H](O)C[C@H]5C(=O)NCc5ccc(-c6scnc6C)cc5)C(C)(C)C)CC4)cc3)nc2n1-c1cccc(C(C)(C)O)n1
3372,C=CCn1c(=O)c2cnc(Nc3ccc(N4CCN(CCCC(=O)NCCOCCOCCOCC(=O)N[C@H](C(=O)N5C[C@H](O)C[C@H]5C(=O)NCc5ccc(-c6scnc6C)cc5)C(C)(C)C)CC4)cc3)nc2n1-c1cccc(C(C)(C)O)n1
3373,C=CCn1c(=O)c2cnc(Nc3ccc(N4CCN(CCCC(=O)NCCOCCOCCOCCOCCC(=O)N[C@H](C(=O)N5C[C@H](O)C[C@H]5C(=O)NCc5ccc(-c6scnc6C)cc5)C(C)(C)C)CC4)cc3)nc2n1-c1cccc(C(C)(C)O)n1
3374,C=CCn1c(=O)c2cnc(Nc3ccc(N4CCN(CCCC(=O)NCCNc5cccc6c5C(=O)N(C5CCC(=O)NC5=O)C6=O)CC4)cc3)nc2n1-c1cccc(C(C)(C)O)n1
3375,C=CCn1c(=O)c2cnc(Nc3ccc(N4CCN(CCCC(=O)NCCCCCCNc5cccc6c5C(=O)N(C5CCC(=O)NC5=O)C6=O)CC4)cc3)nc2n1-c1cccc(C(C)(C)O)n1
3376,C=CCn1c(=O)c2cnc(Nc3ccc(N4CCN(CCCC(=O)NCCOCCNc5cccc6c5C(=O)N(C5CCC(=O)NC5=O)C6=O)CC4)cc3)nc2n1-c1cccc(C(C)(C)O)n1
3377,C=CCn1c(=O)c2cnc(Nc3ccc(N4CCN(CCCC(=O)NCCOCCOCCNc5cccc6c5C(=O)N(C5CCC(=O)NC5=O)C6=O)CC4)cc3)nc2n1-c1cccc(C(C)(C)O)n1
3378,C=CCn1c(=O)c2cnc(Nc3ccc(N4CCN(CCCC(=O)NCCOCCOCCOCCNc5cccc6c5C(=O)N(C5CCC(=O)NC5=O)C6=O)CC4)cc3)nc2n1-c1cccc(C(C)(C)O)n1
3379,C=CCn1c(=O)c2cnc(Nc3ccc(N4CCN(CCCC(=O)NCCOCCOCCOCCOCCNc5cccc6c5C(=O)N(C5CCC(=O)NC5=O)C6=O)CC4)cc3)nc2n1-c1cccc(C(C)(C)O)n1
3380,C=CCn1c(=O)c2cnc(Nc3ccc(N4CCN(CCCC(=O)NCCOCCOCCOCCOCCOCCNc5cccc6c5C(=O)N(C5CCC(=O)NC5=O)C6=O)CC4)cc3)nc2n1-c1cccc(C(C)(C)O)n1
3381,C=CCn1c(=O)c2cnc(Nc3ccc(N4CCN(CCCC(=O)NCCOCCOCC(=O)NCCNc5cccc6c5C(=O)N(C5CCC(=O)NC5=O)C6=O)CC4)cc3)nc2n1-c1cccc(C(C)(C)O)n1
3382,C=CCn1c(=O)c2cnc(Nc3ccc(N4CCN(CCCC(=O)NCCOCCOCCOCC(=O)NCCNc5cccc6c5C(=O)N(C5CCC(=O)NC5=O)C6=O)CC4)cc3)nc2n1-c1cccc(C(C)(C)O)n1
3383,C=CCn1c(=O)c2cnc(Nc3ccc(N4CCN(CCCC(=O)NCCCC(=O)NCCNc5cccc6c5C(=O)N(C5CCC(=O)NC5=O)C6=O)CC4)cc3)nc2n1-c1cccc(C(C)(C)O)n1
3384,C=CCn1c(=O)c2cnc(Nc3ccc(N4CCN(CCCC(=O)NCCCCCC(=O)NCCNc5cccc6c5C(=O)N(C5CCC(=O)NC5=O)C6=O)CC4)cc3)nc2n1-c1cccc(C(C)(C)O)n1
3385,C=CCn1c(=O)c2cnc(Nc3ccc(N4CCN(CCCC(=O)NCCCCCCCC(=O)NCCNc5cccc6c5C(=O)N(C5CCC(=O)NC5=O)C6=O)CC4)cc3)nc2n1-c1cccc(C(C)(C)O)n1
3386,C=CCn1c(=O)c2cnc(Nc3ccc(N4CCN(CCCC(=O)NCCCCCCCCCCC(=O)NCCNc5cccc6c5C(=O)N(C5CCC(=O)NC5=O)C6=O)CC4)cc3)nc2n1-c1cccc(C(C)(C)O)n1
3387,Cc1ncsc1-c1ccc([C@H](C)NC(=O)[C@@H]2C[C@@H](O)CN2C(=O)[C@@H](NC(=O)CCOc2ccc(-c3csc(N4CCOCC4)n3)cc2)C(C)(C)C)cc1
3388,Cc1ncsc1-c1ccc([C@H](C)NC(=O)[C@@H]2C[C@@H](O)CN2C(=O)[C@@H](NC(=O)CCCOc2ccc(-c3csc(N4CCOCC4)n3)cc2)C(C)(C)C)cc1
3389,Cc1ncsc1-c1ccc([C@H](C)NC(=O)[C@@H]2C[C@@H](O)CN2C(=O)[C@@H](NC(=O)COc2ccc(-c3csc(N4CCOCC4)n3)cc2)C(C)(C)C)cc1
3390,Cc1ncsc1-c1ccc([C@H](C)NC(=O)[C@@H]2C[C@@H](O)CN2C(=O)[C@@H](NC(=O)c2ccc(-c3csc(N4CCOCC4)n3)cc2)C(C)(C)C)cc1
3391,Cc1ncsc1-c1ccc([C@H](C)NC(=O)[C@@H]2C[C@@H](O)CN2C(=O)[C@@H](NC(=O)CCCCOc2ccc(-c3csc(N4CCOCC4)n3)cc2)C(C)(C)C)cc1
3392,Cc1ncsc1-c1ccc([C@H](C)NC(=O)[C@@H]2C[C@@H](O)CN2C(=O)[C@@H](NC(=O)CCCCCOc2ccc(-c3csc(N4CCOCC4)n3)cc2)C(C)(C)C)cc1
3393,Cc1ncsc1-c1ccc([C@H](C)NC(=O)[C@@H]2C[C@@H](O)CN2C(=O)[C@@H](NC(=O)CCCCOc2ccc(-c3csc(N4CCOC(C)C4)n3)cc2)C(C)(C)C)cc1
3394,Cc1ncsc1-c1ccc([C@H](C)NC(=O)[C@@H]2C[C@@H](O)CN2C(=O)[C@@H](NC(=O)CCCCOc2ccc(-c3csc(N4CCOCC4C)n3)cc2)C(C)(C)C)cc1
3395,Cc1ncsc1-c1ccc([C@H](C)NC(=O)[C@@H]2C[C@@H](O)CN2C(=O)[C@@H](NC(=O)CCCCOc2ccc(-c3csc(N4CC(C)OC(C)C4)n3)cc2)C(C)(C)C)cc1
3396,Cc1ncsc1-c1ccc([C@H](C)NC(=O)[C@@H]2C[C@@H](O)CN2C(=O)[C@@H](NC(=O)CCCCOc2ccc(-c3csc(N4CC(C)OCC4C)n3)cc2)C(C)(C)C)cc1
3397,Cc1ncsc1-c1ccc([C@H](C)NC(=O)[C@@H]2C[C@@H](O)CN2C(=O)[C@@H](NC(=O)CCCCOc2ccc(-c3csc(N4CCOC(C)(C)C4)n3)cc2)C(C)(C)C)cc1
3398,CCC1COCCN1c1nc(-c2ccc(OCCCCC(=O)N[C@H](C(=O)N3C[C@H](O)C[C@H]3C(=O)N[C@@H](C)c3ccc(-c4scnc4C)cc3)C(C)(C)C)cc2)cs1
3399,Cc1ncsc1-c1ccc([C@H](C)NC(=O)[C@@H]2C[C@@H](O)CN2C(=O)[C@@H](NC(=O)CCCCOc2ccc(-c3csc(N4CC5CCC(C4)O5)n3)cc2)C(C)(C)C)cc1
3400,Cc1ncsc1-c1ccc([C@H](C)NC(=O)[C@@H]2C[C@@H](O)CN2C(=O)[C@@H](NC(=O)CCCCOc2ccc(-c3csc(N4CC5(COC5)C4)n3)cc2)C(C)(C)C)cc1
3401,Cc1ncsc1-c1ccc([C@H](C)NC(=O)[C@@H]2C[C@@H](O)CN2C(=O)[C@@H](NC(=O)CCCCOc2ccc(-c3csc(N4CCC5(COC5)C4)n3)cc2)C(C)(C)C)cc1
3402,Cc1ncsc1-c1ccc([C@H](C)NC(=O)[C@@H]2C[C@@H](O)CN2C(=O)[C@@H](NC(=O)CCCCOc2ccc(-c3csc(N4CC5(CCOCC5)C4)n3)cc2)C(C)(C)C)cc1
3403,Cc1ncsc1-c1ccc([C@H](C)NC(=O)[C@@H]2C[C@@H](O)CN2C(=O)[C@@H](NC(=O)CCCCOc2ccc(-c3csc(N4CCOCC4)n3)cc2F)C(C)(C)C)cc1
3404,Cc1ncsc1-c1ccc([C@H](C)NC(=O)[C@@H]2C[C@@H](O)CN2C(=O)[C@@H](NC(=O)CCCCOc2ccc(-c3csc(N4CCOCC4)n3)c(F)c2)C(C)(C)C)cc1
3405,COc1c(-c2csc(N3CCOCC3)n2)ccc(OCCCCC(=O)N[C@H](C(=O)N2C[C@H](O)C[C@H]2C(=O)N[C@@H](C)c2ccc(-c3scnc3C)cc2)C(C)(C)C)c1F
3406,Cc1cc(OCCCCC(=O)N[C@H](C(=O)N2C[C@H](O)C[C@H]2C(=O)N[C@@H](C)c2ccc(-c3scnc3C)cc2)C(C)(C)C)ccc1-c1csc(N2CCOCC2)n1
3407,Cc1ncsc1-c1ccc([C@H](C)NC(=O)[C@@H]2C[C@@H](O)CN2C(=O)[C@@H](NC(=O)CCCCOc2ccc(-c3csc(N4CCOCC4)n3)cc2[N+](=O)[O-])C(C)(C)C)cc1
3408,Cc1ncsc1-c1ccc([C@H](C)NC(=O)[C@@H]2C[C@@H](O)CN2C(=O)[C@@H](NC(=O)CCCCOc2ccc(-c3csc(N4CCOCC4)n3)cc2N)C(C)(C)C)cc1
3409,Cc1ncsc1-c1ccc(CNC(=O)[C@@H]2C[C@@H](O)CN2C(=O)[C@@H](NC(=O)C2(F)CC2)C(C)(C)C)c(OCCOc2ccc(-c3csc(N4CCOCC4)n3)cc2)c1
3410,Cc1ncsc1-c1ccc(CNC(=O)[C@@H]2C[C@@H](O)CN2C(=O)[C@@H](NC(=O)C2(F)CC2)C(C)(C)C)c(OCCCOc2ccc(-c3csc(N4CCOCC4)n3)cc2)c1
3411,Cc1ncsc1-c1ccc(CNC(=O)[C@@H]2C[C@@H](O)CN2C(=O)[C@@H](NC(=O)C2(F)CC2)C(C)(C)C)c(OCCCCOc2ccc(-c3csc(N4CCOCC4)n3)cc2)c1
3412,Cc1ncsc1-c1ccc(CNC(=O)[C@@H]2C[C@@H](O)CN2C(=O)[C@@H](NC(=O)C2(F)CC2)C(C)(C)C)c(OCCCCCCOc2ccc(-c3csc(N4CCOCC4)n3)cc2)c1
3413,Cc1ncsc1-c1ccc(CNC(=O)[C@@H]2C[C@@H](O)CN2C(=O)[C@@H](NC(=O)C2(F)CC2)C(C)(C)C)c(OCCCCCCCCOc2ccc(-c3csc(N4CCOCC4)n3)cc2)c1
3414,CC(C)CNc1ccnc(NCc2csc(-c3ccc(C(=O)NCCOCCOCCNC(=O)[C@H](CC(C)C)NC(=O)[C@@H](O)[C@H](N)Cc4ccccc4)cc3)n2)n1
3415,CC(C)CNc1ccnc(NCc2csc(-c3ccc(C(=O)NCCOCCOCCOCCNC(=O)[C@H](CC(C)C)NC(=O)[C@@H](O)[C@H](N)Cc4ccccc4)cc3)n2)n1
3416,CN[C@@H](C)C(=O)N[C@H](C(=O)N1CCC[C@H]1C(=O)N[C@H](C(=O)NCCOCCOCCNC(=O)c1ccc(-c2nc(CNc3nccc(NCC(C)C)n3)cs2)cc1)C(c1ccccc1)c1ccccc1)C1CCCCC1
3417,CN[C@@H](C)C(=O)N[C@H](C(=O)N1CCC[C@H]1c1nc(C(=O)c2cccc(OCCOCCOCCNC(=O)c3ccc(-c4nc(CNc5nccc(NCC(C)C)n5)cs4)cc3)c2)cs1)C1CCCCC1
3418,CN[C@@H](C)C(=O)N[C@H](C(=O)N1CCC[C@H]1c1nc(C(=O)c2cccc(OCCOCCOCCOCCNC(=O)c3ccc(-c4nc(CNc5nccc(NCC(C)C)n5)cs4)cc3)c2)cs1)C1CCCCC1
3419,CN[C@@H](C)C(=O)N[C@H](C(=O)N1CCC[C@H]1c1nc(C(=O)c2cccc(OCCOCCOCCOCCOCCNC(=O)c3ccc(-c4nc(CNc5nccc(NCC(C)C)n5)cs4)cc3)c2)cs1)C1CCCCC1
3420,CN[C@@H](C)C(=O)N[C@H](C(=O)N1C[C@@H](Oc2cccc(OCCOCCOCCNC(=O)c3ccc(-c4nc(CNc5nccc(NCC(C)C)n5)cs4)cc3)c2)C[C@H]1C(=O)N[C@@H]1CCCc2ccccc21)C1CCCCC1
3421,CN[C@@H](C)C(=O)N[C@H](C(=O)N1C[C@@H](Oc2cccc(OCCOCCOCCOCCNC(=O)c3ccc(-c4nc(CNc5nccc(NCC(C)C)n5)cs4)cc3)c2)C[C@H]1C(=O)N[C@@H]1CCCc2ccccc21)C1CCCCC1
3422,CN[C@@H](C)C(=O)N[C@H](C(=O)N1C[C@@H](Oc2cccc(OCCOCCOCCOCCOCCNC(=O)c3ccc(-c4nc(CNc5nccc(NCC(C)C)n5)cs4)cc3)c2)C[C@H]1C(=O)N[C@@H]1CCCc2ccccc21)C1CCCCC1
3423,C[C@H]1CC2(CCN(c3ccc(C(=O)N4CCC(CN5Cc6cc7c(cc6C5)C(=O)N(C5CCC(=O)NC5=O)C7=O)CC4)cc3)CC2)CN1c1ccc(C#N)c(Cl)c1
3424,Cc1c(N2CCC3(CCN(c4ccc(C(=O)N5CCC(N6Cc7cc8c(cc7C6)C(=O)N(C6CCC(=O)NC6=O)C8=O)CC5)cc4)CC3)C2C)ccc(C#N)c1Cl
3425,Cc1c(N2CCC3(CCN(c4ccc(C(=O)N5CCC(CN6Cc7cc8c(cc7C6)C(=O)N(C6CCC(=O)NC6=O)C8=O)CC5)cc4)CC3)C2C)ccc(C#N)c1Cl
3426,COC1(CN2Cc3cc4c(cc3C2)C(=O)N(C2CCC(=O)NC2=O)C4=O)CCN(C(=O)c2ccc(N3CCC4(CC3)C[C@H](C)N(c3ccc(C#N)c(Cl)c3)C4)cc2)CC1
3427,CC[C@H]1CC2(CCN(c3ccc(C(=O)N4CCC(N5Cc6cc7c(cc6C5)C(=O)N(C5CCC(=O)NC5=O)C7=O)CC4)cc3)CC2)CN1c1ccc(C#N)c(Cl)c1
3428,CC[C@H]1CC2(CCN(c3ccc(C(=O)N4CCN(C5CN(c6ccc7c(c6)C(=O)N(C6CCC(=O)NC6=O)C7=O)C5)CC4)cc3)CC2)CN1c1ccc(C#N)c(Cl)c1
3429,C[C@H]1CC2(CCN(c3ccc(C(=O)N4CC(CN5Cc6cc7c(cc6C5)C(=O)N(C5CCC(=O)NC5=O)C7=O)C4)cc3)CC2)CN1c1ccc(C#N)c(Cl)c1
3430,C[C@H]1CC2(CCN(c3ccc(C(=O)N4CCC(F)(CN5Cc6cc7c(cc6C5)C(=O)N(C5CCC(=O)NC5=O)C7)CC4)cc3)CC2)CN1c1ccc(C#N)c(Cl)c1
3431,C[C@H]1CC2(CCN(c3ccc(C(=O)N4CCC5(CC4)CC(N4Cc6cc7c(cc6C4)C(=O)N(C4CCC(=O)NC4=O)C7=O)C5)cc3)CC2)CN1c1ccc(C#N)c(Cl)c1
3432,C[C@H]1CC2(CCN(c3ccc(C(=O)N4CCN(CC(=O)N5Cc6cc7c(cc6C5)C(=O)N(C5CCC(=O)NC5=O)C7=O)CC4)cc3)CC2)CN1c1ccc(C#N)c(Cl)c1
3433,C[C@H]1CC2(CCN(c3ccc(C(=O)N4CCN(C(=O)CN5Cc6cc7c(cc6C5)C(=O)N(C5CCC(=O)NC5=O)C7=O)CC4)cc3)CC2)CN1c1ccc(C#N)c(Cl)c1
3434,C[C@H]1CC2(CCN(c3ccc(C(=O)N4CCN(C(=O)CN5Cc6cc7c(cc6C5)C(=O)N(C5CCC(=O)NC5=O)C7)CC4)cc3)CC2)CN1c1ccc(C#N)c(Cl)c1
3435,COc1cc(N2CCC(OCC(=O)N[C@H](C(=O)N3C[C@H](O)C[C@H]3C(=O)NCc3ccc(-c4scnc4C)cc3)C(C)(C)C)CC2)ccc1NC(=O)c1cccc(-c2ccn[nH]2)n1
3436,COc1cc(N2CCC(OCC(=O)N[C@H](C(=O)N3C[C@H](O)C[C@H]3C(=O)N[C@@H](C)c3ccc(-c4scnc4C)cc3)C(C)(C)C)CC2)ccc1NC(=O)c1cccc(-c2ccn[nH]2)n1
3437,COc1cc(N2CCN(C(=O)OCC(=O)N[C@H](C(=O)N3C[C@H](O)C[C@H]3C(=O)NCc3ccc(-c4scnc4C)cc3)C(C)(C)C)CC2)ccc1NC(=O)c1cccc(-c2ccn[nH]2)n1
3438,COc1cc(N2CCN(C(=O)OCC(=O)N[C@H](C(=O)N3C[C@H](O)C[C@H]3C(=O)N[C@@H](C)c3ccc(-c4scnc4C)cc3)C(C)(C)C)CC2)ccc1NC(=O)c1cccc(-c2ccn[nH]2)n1
3439,COc1cc(N2CCC(OCC(=O)N[C@H](C(=O)N3C[C@H](O)C[C@H]3C(=O)NCc3ccc(-c4scnc4C)cc3F)C(C)(C)C)CC2)ccc1NC(=O)c1cccc(-c2ccn[nH]2)n1
3440,COc1cc(N2CC[C@@H](OCC(=O)N[C@H](C(=O)N3C[C@H](O)C[C@H]3C(=O)N[C@@H](C)c3ccc(-c4scnc4C)cc3)C(C)(C)C)C[C@@H]2C)ccc1NC(=O)c1cccc(-c2ccn[nH]2)n1
3441,COc1cc(N2CC[C@@H](OCC(=O)N[C@H](C(=O)N3C[C@H](O)C[C@H]3C(=O)N[C@@H](C)c3ccc(-c4scnc4C)cc3)C(C)(C)C)[C@H](C)C2)ccc1NC(=O)c1cccc(-c2ccn[nH]2)n1
3442,COc1cc(N2CC[C@H](OCC(=O)N[C@H](C(=O)N3C[C@H](O)C[C@H]3C(=O)N[C@@H](C)c3ccc(-c4scnc4C)cc3)C(C)(C)C)[C@@H](C)C2)ccc1NC(=O)c1cccc(-c2ccn[nH]2)n1
3443,CCCn1cc(-c2nc(Nc3ccc(C(=O)NCCCCNc4cccc5c4C(=O)N(C4CCC(=O)NC4=O)C5=O)cc3)nc3[nH]ccc23)cn1
3444,CCCn1cc(-c2nc(Nc3ccc(C(=O)NCCCCCc4cccc5c4CN(C4CCC(=O)NC4=O)C5=O)cc3)nc3[nH]ccc23)cn1
3445,CCCn1cc(-c2nc(Nc3ccc(C(=O)NCCCCCCNc4cccc5c4C(=O)N(C4CCC(=O)NC4=O)C5=O)cc3)nc3[nH]ccc23)cn1
3446,CCCn1cc(-c2nc(Nc3ccc(C(=O)NCCCNc4cccc5c4C(=O)N(C4CCC(=O)NC4=O)C5=O)cc3)nc3[nH]ccc23)cn1
3447,CCCn1cc(-c2nc(Nc3ccc(C(=O)NCCCCCNc4cccc5c4C(=O)N(C4CCC(=O)NC4=O)C5=O)cc3)nc3[nH]ccc23)cn1
3448,CCCn1cc(-c2nc(Nc3ccc(C(=O)NCCOCCNc4cccc5c4C(=O)N(C4CCC(=O)NC4=O)C5=O)cc3)nc3[nH]ccc23)cn1
3449,CCCn1cc(-c2nc(Nc3ccc(C(=O)NCCOCCOCCOCCOCCOCCOCCNc4cccc5c4C(=O)N(C4CCC(=O)NC4=O)C5=O)cc3)nc3[nH]ccc23)cn1
3450,CCCn1cc(-c2nc(Nc3ccc(C(=O)NCCOCCOCCOCCOCCOCCNc4cccc5c4C(=O)N(C4CCC(=O)NC4=O)C5=O)cc3)nc3[nH]ccc23)cn1
3451,CCCn1cc(-c2nc(Nc3ccc(C(=O)NCCOCCOCCOCCOCCNc4cccc5c4C(=O)N(C4CCC(=O)NC4=O)C5=O)cc3)nc3[nH]ccc23)cn1
3452,N#CC[C@H](C1CCCC1)n1cc(-c2nc(Nc3ccc(C(=O)NCCCCNc4cccc5c4C(=O)N(C4CCC(=O)NC4=O)C5=O)cc3)nc3[nH]ccc23)cn1
3453,NC(=O)c1c(-c2ccc(Oc3ccccc3)cc2)nn2c1NCC[C@H]2C1CCN(C(=O)c2cn(CCOCCOCCOCCOCCNc3cccc4c3C(=O)N(C3CCC(=O)NC3=O)C4=O)nn2)CC1
3454,NC(=O)c1c(-c2ccc(Oc3ccccc3)cc2)nn2c1NCC[C@H]2C1CCN(C(=O)c2cn(CCOCCOCCOCCOCCOCCNc3ccc4c(c3)C(=O)N(C3CCC(=O)NC3=O)C4=O)nn2)CC1
3455,NC(=O)c1c(-c2ccc(Oc3ccccc3)cc2)nn2c1NCC[C@H]2C1CCN(C(=O)c2cn(CCOCCOCCOCCOCCOCCNc3cccc4c3C(=O)N(C3CCC(=O)NC3=O)C4=O)nn2)CC1
3456,NC(=O)c1c(-c2ccc(Oc3ccccc3)cc2)nn2c1NCC[C@H]2C1CCN(C(=O)c2cn(CCOCCOCCOCCOCCOCCOCCNc3cccc4c3C(=O)N(C3CCC(=O)NC3=O)C4=O)nn2)CC1
3457,NC(=O)c1c(-c2ccc(Oc3ccccc3)cc2)nn2c1NCC[C@H]2C1CCN(C(=O)c2cn(CCOCCOCC(=O)Nc3ccc4c(c3)C(=O)N(C3CCC(=O)NC3=O)C4=O)nn2)CC1
3458,NC(=O)c1c(-c2ccc(Oc3ccccc3)cc2)nn2c1NCC[C@H]2C1CCN(C(=O)CCc2ccc(N3CCN(c4ccc5c(c4)C(=O)N(C4CCC(=O)NC4=O)C5=O)CC3)cc2)CC1
3459,NC(=O)c1c(-c2ccc(Oc3ccccc3)cc2)nn2c1NCC[C@H]2C1CCN(C(=O)CCCc2ccc(NC(=O)CNc3ccc4c(c3)C(=O)N(C3CCC(=O)NC3=O)C4=O)cc2)CC1
3460,NC(=O)c1c(-c2ccc(Oc3ccccc3)cc2)nn2c1NCC[C@H]2C1CCN(C(=O)CCN2CCN(C(=O)CNc3ccc4c(c3)C(=O)N(C3CCC(=O)NC3=O)C4=O)CC2)CC1
3461,CN(CCC(=O)N1CCC([C@@H]2CCNc3c(C(N)=O)c(-c4ccc(Oc5ccccc5)cc4)nn32)CC1)CC1CCN(c2ccc3c(c2)C(=O)N(C2CCC(=O)NC2=O)C3=O)CC1
3462,NC(=O)c1c(-c2ccc(Oc3ccccc3)cc2)nn2c1NCC[C@H]2C1CCN(C(=O)CCC2CCC(N3CCN(c4ccc5c(c4)C(=O)N(C4CCC(=O)NC4=O)C5=O)CC3)CC2)CC1
3463,NC(=O)c1c(-c2ccc(Oc3ccccc3)cc2)nn2c1NCC[C@H]2C1CCN(C(=O)CCCN2CCN(C(=O)CNc3ccc4c(c3)C(=O)N(C3CCC(=O)NC3=O)C4=O)CC2)CC1
3464,CN(CC1CCN(C(=O)c2ccc(N3CCC(=O)NC3=O)cc2)CC1)C1CC(C(=O)N2CCC([C@@H]3CCNc4c(C(N)=O)c(-c5ccc(Oc6ccccc6)cc5)nn43)CC2)C1
3465,COc1cc(-c2cn(C)c(=O)c(C)c2C)cc(OC)c1CCN1CCC(OC2CCN(C(=O)c3ccc(Cl)c(N4CCC(=O)NC4=O)c3)CC2)CC1
3466,COc1cc(-c2cn(C)c(=O)c3cnccc23)cc(OC)c1CCN1CCC(OC2CCN(C(=O)c3ccc(Cl)c(N4CCC(=O)NC4=O)c3)CC2)CC1
3467,CCCCn1cc(-c2ccc(OC3CCN(CC4CCN(C(=O)c5ccc(Cl)c(N6CCC(=O)NC6=O)c5)CC4)CC3)c(OC)c2)c2ccncc2c1=O
3468,CCCCn1cc(-c2cc(OC)c(OC3CCN(CC4CCN(C(=O)c5ccc(Cl)c(N6CCC(=O)NC6=O)c5)CC4)CC3)c(OC)c2)c2ccncc2c1=O
3469,CCCCn1cc(-c2ccc(O[C@H]3CCN(CC4CCN(C(=O)c5ccc(OC)c(N6CCC(=O)NC6=O)c5)CC4)C[C@@H]3F)c(OC)c2)c2ccncc2c1=O
3470,CCCCn1cc(-c2cc(F)c(O[C@H]3CCN(CC4CCN(C(=O)c5ccc(OC)c(N6CCC(=O)NC6=O)c5)CC4)C[C@@H]3F)c(F)c2)c2ccncc2c1=O
3471,Nc1nnc(-c2ccccc2O)cc1N1CCN(c2cccc(CN3CCN(C(=O)C4CCN(c5ccc6c(c5)C(=O)N(C5CCC(=O)NC5=O)C6=O)CC4)CC3)c2)C2(CC2)C1
3472,Nc1nnc(-c2ccccc2O)cc1N1CC2CCC(C1)N2c1cccc(OCCN2CCN(CC3CCN(c4ccc5c(c4)C(=O)N(C4CCC(=O)NC4=O)C5=O)CC3)CC2)c1
3473,Nc1nnc(-c2ccccc2O)cc1N1CC2CCC(C1)N2c1cccc(OCCN2CCN(CCCC3CCN(c4ccc5c(c4)C(=O)N(C4CCC(=O)NC4=O)C5=O)CC3)CC2)c1
3474,Nc1nnc(-c2ccccc2O)cc1N1CC(Oc2cccc(CN3CCN(C(=O)CN4CCC(c5ccc(NC6CCC(=O)NC6=O)cc5)CC4)CC3)c2)C1
3475,Nc1nnc(-c2cc(F)ccc2O)cc1N1CC2CCC(C1)N2c1cccc(CN2CCN(C(=O)C3CCN(c4ccc5c(c4)C(=O)N(C4CCC(=O)NC4=O)C5=O)CC3)CC2)c1
3476,Nc1nnc(-c2ccccc2O)cc1N1CCC(C(=O)N2CCC(C(=O)N3CCN(c4ccc(C5CCC(=O)NC5=O)cc4)CC3)CC2)(c2ccccc2)CC1
3477,CCN(C)S(=O)(=O)Nc1ccc(F)c(C(=O)c2c[nH]c3ncc(-c4ccc(N5CCN(C(=O)CCCNc6cccc7c6C(=O)N(C6CCC(=O)NC6=O)C7=O)CC5)nc4)cc23)c1F
3478,CCN(C)S(=O)(=O)Nc1ccc(F)c(C(=O)c2c[nH]c3ncc(-c4ccc(N5CCN(C(=O)[C@H]6C[C@H](Nc7cccc8c7C(=O)N(C7CCC(=O)NC7=O)C8=O)C6)CC5)nc4)cc23)c1F
3479,CCN(C)S(=O)(=O)Nc1ccc(F)c(C(=O)c2c[nH]c3ncc(-c4ccc(N5CCN(C(=O)CCCOc6cccc7c6CN(C6CCC(=O)NC6=O)C7=O)CC5)nc4)cc23)c1F
3480,CCN(C)S(=O)(=O)Nc1ccc(F)c(C(=O)c2c[nH]c3ncc(-c4cnc(N5CCN(C(=O)CCCOc6cccc7c6CN(C6CCC(=O)NC6=O)C7=O)CC5)nc4)cc23)c1F
3481,CCN(C)S(=O)(=O)Nc1ccc(F)c(C(=O)c2c[nH]c3ncc(-c4ccc(N5CCN(C(=O)[C@H]6C[C@H](Nc7cccc8c7C(=O)N(C7CCC(=O)NC7=O)C8=O)C6)CC5)cc4)cc23)c1F
3482,CCN(C)S(=O)(=O)Nc1ccc(F)c(C(=O)c2c[nH]c3ncc(-c4ccc(N5CCN(C(=O)CCCOc6cccc7c6CN(C6CCC(=O)NC6=O)C7=O)CC5)cc4)cc23)c1F
3483,CCOc1cc(C(C)(C)C)ccc1C1=NC(c2ccc(Cl)cc2)C(c2ccc(Cl)cc2)N1C(=O)N1CCN(CCCCCCCCCN2CCN(C(=O)N3C(c4ccc(C(C)(C)C)cc4OCC)=NC(c4ccc(Cl)cc4)C3c3ccc(Cl)cc3)CC2)CC1
3484,CCOc1cc(C(C)(C)C)ccc1C1=NC(c2ccc(Cl)cc2)C(c2ccc(Cl)cc2)N1C(=O)N1CCN(C(=O)CCCCCC(=O)N2CCN(C(=O)N3C(c4ccc(C(C)(C)C)cc4OCC)=NC(c4ccc(Cl)cc4)C3c3ccc(Cl)cc3)CC2)CC1
3485,CCOc1cc(C(C)(C)C)ccc1C1=NC(c2ccc(Cl)cc2)C(c2ccc(Cl)cc2)N1C(=O)N1CCN(C(=O)CCCCCCCC(=O)N2CCN(C(=O)N3C(c4ccc(C(C)(C)C)cc4OCC)=NC(c4ccc(Cl)cc4)C3c3ccc(Cl)cc3)CC2)CC1
3486,CCOc1cc(C(C)(C)C)ccc1C1=NC(c2ccc(Cl)cc2)C(c2ccc(Cl)cc2)N1C(=O)N1CCN(C(=O)CCCCCCCCCC(=O)N2CCN(C(=O)N3C(c4ccc(C(C)(C)C)cc4OCC)=NC(c4ccc(Cl)cc4)C3c3ccc(Cl)cc3)CC2)CC1
3487,CCOc1cc(C(C)(C)C)ccc1C1=NC(c2ccc(Cl)cc2)C(c2ccc(Cl)cc2)N1C(=O)N1CCN(C(=O)CCCCCCCCCCCCCCC(=O)N2CCN(C(=O)N3C(c4ccc(C(C)(C)C)cc4OCC)=NC(c4ccc(Cl)cc4)C3c3ccc(Cl)cc3)CC2)CC1
3488,CCOc1cc(C(C)(C)C)ccc1C1=NC(c2ccc(Cl)cc2)C(c2ccc(Cl)cc2)N1C(=O)N1CCN(C(=O)COCCOCC(=O)N2CCN(C(=O)N3C(c4ccc(C(C)(C)C)cc4OCC)=NC(c4ccc(Cl)cc4)C3c3ccc(Cl)cc3)CC2)CC1
3489,CCOc1cc(C(C)(C)C)ccc1C1=NC(c2ccc(Cl)cc2)C(c2ccc(Cl)cc2)N1C(=O)N1CCN(C(=O)COCCOCCOCC(=O)N2CCN(C(=O)N3C(c4ccc(C(C)(C)C)cc4OCC)=NC(c4ccc(Cl)cc4)C3c3ccc(Cl)cc3)CC2)CC1
3490,CCOc1cc(C(C)(C)C)ccc1C1=NC(c2ccc(Cl)cc2)C(c2ccc(Cl)cc2)N1C(=O)N1CCN(CC(=O)NCCOCCOCCOCCNC(=O)CN2CCN(C(=O)N3C(c4ccc(C(C)(C)C)cc4OCC)=NC(c4ccc(Cl)cc4)C3c3ccc(Cl)cc3)CC2=O)C(=O)C1
3491,CCOc1cc(C(C)(C)C)ccc1C1=NC(c2ccc(Cl)cc2)C(c2ccc(Cl)cc2)N1C(=O)N1CCN(CC(=O)NCCOCCOCCNC(=O)CN2CCN(C(=O)N3C(c4ccc(C(C)(C)C)cc4OCC)=NC(c4ccc(Cl)cc4)C3c3ccc(Cl)cc3)CC2=O)C(=O)C1
3492,CCOc1cc(C(C)(C)C)ccc1C1=NC(c2ccc(Cl)cc2)C(c2ccc(Cl)cc2)N1C(=O)N1CCN(CC(=O)NCCOCCNC(=O)CN2CCN(C(=O)N3C(c4ccc(C(C)(C)C)cc4OCC)=NC(c4ccc(Cl)cc4)C3c3ccc(Cl)cc3)CC2=O)C(=O)C1
3493,CCOc1cc(C(C)(C)C)ccc1C1=N[C@@H](c2ccc(Cl)cc2)[C@@H](c2ccc(Cl)cc2)N1C(=O)N1CCN(CC(=O)NCCOCCOCCOCCNC(=O)CN2CCN(C(=O)N3C(c4ccc(C(C)(C)C)cc4OCC)=N[C@@H](c4ccc(Cl)cc4)[C@H]3c3ccc(Cl)cc3)CC2=O)C(=O)C1
3494,CCOc1cc(C(C)(C)C)ccc1C1=N[C@H](c2ccc(Cl)cc2)[C@H](c2ccc(Cl)cc2)N1C(=O)N1CCN(CC(=O)NCCOCCOCCOCCNC(=O)CN2CCN(C(=O)N3C(c4ccc(C(C)(C)C)cc4OCC)=N[C@H](c4ccc(Cl)cc4)[C@@H]3c3ccc(Cl)cc3)CC2=O)C(=O)C1
3495,CCOc1cc(C(C)(C)C)ccc1C1=N[C@@H](c2ccc(Cl)cc2)[C@@H](c2ccc(Cl)cc2)N1C(=O)N1CCN(CC(=O)NCCOCCOCCOCCNC(=O)CN2CCN(C(=O)N3C(c4ccc(C(C)(C)C)cc4OCC)=N[C@H](c4ccc(Cl)cc4)[C@@H]3c3ccc(Cl)cc3)CC2=O)C(=O)C1
3496,Cc1ccc(C(=O)Nc2ccc(CN3CCN(CCOCCOCCC(=O)Nc4cccc5c4C(=O)N(C4CCC(=O)NC4=O)C5=O)CC3)c(C(F)(F)F)c2)cc1C#Cc1cnc2[nH]ncc2c1
3497,Cc1ccc(C(=O)Nc2ccc(CN3CCN(CCOCCOCCC(=O)Nc4cccc5c4CN(C4CCC(=O)NC4=O)C5=O)CC3)c(C(F)(F)F)c2)cc1C#Cc1cnc2[nH]ncc2c1
3498,Cc1ccc(C(=O)Nc2ccc(CN3CCN(CCOCCOCCOc4cccc5c4C(=O)N(C4CCC(=O)NC4=O)C5=O)CC3)c(C(F)(F)F)c2)cc1C#Cc1cnc2[nH]ncc2c1
3499,Cc1ccc(C(=O)Nc2ccc(CN3CCN(CCOCCOCCC(=O)N[C@H](C(=O)C4C[C@H](O)C[C@H]4C(=O)NCc4ccc(-c5scnc5C)cc4)C(C)(C)C)CC3)c(C(F)(F)F)c2)cc1C#Cc1cnc2[nH]ncc2c1
3500,Cc1ccc(C(=O)Nc2ccc(CN3CCN(CCOCCOCCNC(=O)[C@H](CC(C)C)NC(=O)[C@@H](O)[C@H](N)Cc4ccccc4)CC3)c(C(F)(F)F)c2)cc1C#Cc1cnc2[nH]ncc2c1
3501,Cc1ccc(C(=O)Nc2ccc(CN3CCN(CCOCCC(=O)Nc4cccc5c4C(=O)N(C4CCC(=O)NC4=O)C5=O)CC3)c(C(F)(F)F)c2)cc1C#Cc1cnc2[nH]ncc2c1
3502,Cc1ccc(C(=O)Nc2ccc(CN3CCN(CCOCCOCCOCCC(=O)Nc4cccc5c4C(=O)N(C4CCC(=O)NC4=O)C5=O)CC3)c(C(F)(F)F)c2)cc1C#Cc1cnc2[nH]ncc2c1
3503,Cc1ccc(C(=O)Nc2ccc(CN3CCN(CCOCCOCCOCCOCCC(=O)Nc4cccc5c4C(=O)N(C4CCC(=O)NC4=O)C5=O)CC3)c(C(F)(F)F)c2)cc1C#Cc1cnc2[nH]ncc2c1
3504,Cc1ccc(C(=O)Nc2ccc(CN3CCN(CCOCCOCCOCCOCCOCCC(=O)Nc4cccc5c4C(=O)N(C4CCC(=O)NC4=O)C5=O)CC3)c(C(F)(F)F)c2)cc1C#Cc1cnc2[nH]ncc2c1
3505,Cc1ccc(C(=O)Nc2ccc(CN3CCN(CCOCCOCCOCCOCCOCCOCCC(=O)Nc4cccc5c4C(=O)N(C4CCC(=O)NC4=O)C5=O)CC3)c(C(F)(F)F)c2)cc1C#Cc1cnc2[nH]ncc2c1
3506,Cc1ccc(C(=O)Nc2ccc(CN3CCN(CCC(=O)Nc4cccc5c4C(=O)N(C4CCC(=O)NC4=O)C5=O)CC3)c(C(F)(F)F)c2)cc1C#Cc1cnc2[nH]ncc2c1
3507,Cc1ccc(C(=O)Nc2ccc(CN3CCN(CCCCC(=O)Nc4cccc5c4C(=O)N(C4CCC(=O)NC4=O)C5=O)CC3)c(C(F)(F)F)c2)cc1C#Cc1cnc2[nH]ncc2c1
3508,Cc1ccc(C(=O)Nc2ccc(CN3CCN(CCCCCC(=O)Nc4cccc5c4C(=O)N(C4CCC(=O)NC4=O)C5=O)CC3)c(C(F)(F)F)c2)cc1C#Cc1cnc2[nH]ncc2c1
3509,Cc1ccc(C(=O)Nc2ccc(CN3CCN(CCCCCCC(=O)Nc4cccc5c4C(=O)N(C4CCC(=O)NC4=O)C5=O)CC3)c(C(F)(F)F)c2)cc1C#Cc1cnc2[nH]ncc2c1
3510,Cc1ccc(C(=O)Nc2ccc(CN3CCN(CCCCCCCCC(=O)Nc4cccc5c4C(=O)N(C4CCC(=O)NC4=O)C5=O)CC3)c(C(F)(F)F)c2)cc1C#Cc1cnc2[nH]ncc2c1
3511,Cc1ccc(C(=O)Nc2ccc(CN3CCN(CCCCCCCCCCC(=O)Nc4cccc5c4C(=O)N(C4CCC(=O)NC4=O)C5=O)CC3)c(C(F)(F)F)c2)cc1C#Cc1cnc2[nH]ncc2c1
3512,Cc1ccc(C(=O)Nc2ccc(CN3CCN(CCCCCCCCCCCCC(=O)Nc4cccc5c4C(=O)N(C4CCC(=O)NC4=O)C5=O)CC3)c(C(F)(F)F)c2)cc1C#Cc1cnc2[nH]ncc2c1
3513,Cc1ccc(C(=O)Nc2ccc(CN3CCN(CCCCCCCCCCCCCCC(=O)Nc4cccc5c4C(=O)N(C4CCC(=O)NC4=O)C5=O)CC3)c(C(F)(F)F)c2)cc1C#Cc1cnc2[nH]ncc2c1
3514,C[C@H]1C=C2C=C[C@H](C)[C@H](CC[C@@H]3C[C@@H](O)CC(=O)O3)[C@H]2[C@@H](OC(=O)NCCCOCCOCCOCCCNc2cccc3c2C(=O)N(C2CCC(=O)NC2=O)C3=O)C1
3515,C[C@H]1C=C2C=C[C@H](C)[C@H](CC[C@@H]3C[C@@H](O)CC(=O)O3)[C@H]2[C@@H](OC(=O)NCCOCCOCCNc2cccc3c2C(=O)N(C2CCC(=O)NC2=O)C3=O)C1
3516,C[C@H]1C=C2C=C[C@H](C)[C@H](CC[C@@H]3C[C@@H](O)CC(=O)O3)[C@H]2[C@@H](OC(=O)NCCCNc2cccc3c2C(=O)N(C2CCC(=O)NC2=O)C3=O)C1
3517,Cc1ncsc1-c1ccc(CNC(=O)[C@@H]2C[C@@H](O)CN2C(=O)[C@@H](NC(=O)CCCCCCCNC(=O)O[C@H]2C[C@@H](C)C=C3C=C[C@H](C)[C@H](CC[C@@H]4C[C@@H](O)CC(=O)O4)[C@H]32)C(C)(C)C)cc1
3518,Cc1ncsc1-c1ccc(CNC(=O)[C@@H]2C[C@@H](O)CN2C(=O)[C@@H](NC(=O)CCCCCCCCCCNC(=O)O[C@H]2C[C@@H](C)C=C3C=C[C@H](C)[C@H](CC[C@@H]4C[C@@H](O)CC(=O)O4)[C@H]32)C(C)(C)C)cc1
3519,Cc1ncsc1-c1ccc(CNC(=O)[C@@H]2C[C@@H](O)CN2C(=O)[C@@H](NC(=O)CCCCCCCCCCNC(=O)O[C@H]2C[C@@H](C)C=C3C=C[C@H](C)[C@H](CCC(O)C[C@@H](O)CC(=O)O)[C@H]32)C(C)(C)C)cc1
3520,Cc1nnc2n1-c1ccc(-c3cnn(CCCCCCCN4CCC(c5cccc6c5CN(C5CCC(=O)NC5=O)C6=O)CC4)c3)cc1C(c1ccc(Cl)cc1)=NC21CC1
3521,CC(=O)c1c(C)c2cnc(Nc3ccc(N4CCN(CC(=O)NCCOCCOCCOCC(=O)Nc5cccc6c5CN(C5CCC(=O)NC5=O)C6=O)CC4)cn3)nc2n(C2CCCC2)c1=O
3522,CC(=O)c1c(C)c2cnc(Nc3ccc(N4CCN(CC(=O)NCCOCCOCCOCC(=O)NCc5cccc6c5C(=O)N(C5CCC(=O)NC5=O)C6=O)CC4)cn3)nc2n(C2CCCC2)c1=O
3523,CC(=O)c1c(C)c2cnc(Nc3ccc(N4CCN(CC(=O)NCCOCCOCCOCCNC(=O)COc5cccc6c5C(=O)N(C5CCC(=O)NC5=O)C6=O)CC4)cn3)nc2n(C2CCCC2)c1=O
3524,CC1(C)C(=O)N(c2ccc(C#N)c(C(F)(F)F)c2)C(=S)N1c1ccc(C(=O)NCCOCCOCCNc2cccc3c2C(=O)N(C2CCC(=O)NC2=O)C3=O)c(F)c1
3525,CC1(C)C(=O)N(c2ccc(C#N)c(C(F)(F)F)c2)C(=S)N1c1ccc(C(=O)NCCOCCOCCOCCNc2cccc3c2C(=O)N(C2CCC(=O)NC2=O)C3=O)c(F)c1
3526,CC1(C)C(=O)N(c2ccc(C#N)c(C(F)(F)F)c2)C(=S)N1c1ccc(C(=O)NCCCCCCNc2cccc3c2C(=O)N(C2CCC(=O)NC2=O)C3=O)c(F)c1
3527,CC1(C)C(=O)N(c2ccc(C#N)c(C(F)(F)F)c2)C(=S)N1c1ccc(C(=O)NCCCCCCCCNc2cccc3c2C(=O)N(C2CCC(=O)NC2=O)C3=O)c(F)c1
3528,CC1(C)C(=O)N(c2ccc(C#N)c(C(F)(F)F)c2)C(=S)N1c1ccc(C(=O)NCCCCCCCCCCNc2cccc3c2C(=O)N(C2CCC(=O)NC2=O)C3=O)c(F)c1
3529,CC1(C)C(=O)N(c2ccc(C#N)c(C(F)(F)F)c2)C(=S)N1c1ccc(-c2ccc(OCCOCCOCCNc3cccc4c3C(=O)N(C3CCC(=O)NC3=O)C4=O)cc2)cc1
3530,CC1(C)C(=O)N(c2ccc(C#N)c(C(F)(F)F)c2)C(=S)N1c1ccc(-c2ccc(OCCOCCOCCOCCNc3cccc4c3C(=O)N(C3CCC(=O)NC3=O)C4=O)cc2)cc1
3531,CC1(C)C(=O)N(c2ccc(C#N)c(C(F)(F)F)c2)C(=S)N1c1ccc(-c2ccc(OCCCCCCNc3cccc4c3C(=O)N(C3CCC(=O)NC3=O)C4=O)cc2)cc1
3532,CC1(C)C(=O)N(c2ccc(C#N)c(C(F)(F)F)c2)C(=S)N1c1ccc(-c2ccc(OCCCCCCCCNc3cccc4c3C(=O)N(C3CCC(=O)NC3=O)C4=O)cc2)cc1
3533,CC1(C)C(=O)N(c2ccc(C#N)c(C(F)(F)F)c2)C(=S)N1c1ccc(-c2ccc(OCCCCCCCCCCNc3cccc4c3C(=O)N(C3CCC(=O)NC3=O)C4=O)cc2)cc1
3534,CC1(C)C(=O)N(c2ccc(C#N)c(C(F)(F)F)c2)C(=S)N1c1ccc(C2CCN(C(=O)COCCOCCNc3cccc4c3C(=O)N(C3CCC(=O)NC3=O)C4=O)CC2)cc1
3535,CC1(C)C(=O)N(c2ccc(C#N)c(C(F)(F)F)c2)C(=S)N1c1ccc(C2CCN(C(=O)COCCOCCOCCNc3cccc4c3C(=O)N(C3CCC(=O)NC3=O)C4=O)CC2)cc1
3536,CC1(C)C(=O)N(c2ccc(C#N)c(C(F)(F)F)c2)C(=S)N1c1ccc(C2CCN(C(=O)CCCCCNc3cccc4c3C(=O)N(C3CCC(=O)NC3=O)C4=O)CC2)cc1
3537,CC1(C)C(=O)N(c2ccc(C#N)c(C(F)(F)F)c2)C(=S)N1c1ccc(C2CCN(C(=O)CCCCCCCNc3cccc4c3C(=O)N(C3CCC(=O)NC3=O)C4=O)CC2)cc1
3538,CC1(C)C(=O)N(c2ccc(C#N)c(C(F)(F)F)c2)C(=S)N1c1ccc(C2CCN(C(=O)CCCCCCCCCNc3cccc4c3C(=O)N(C3CCC(=O)NC3=O)C4=O)CC2)cc1
3539,CC1(C)C(=O)N(c2ccc(C#N)c(C(F)(F)F)c2)C(=S)N1c1ccc(-c2ccc(OCC#Cc3ccc(C(=O)N4CCN(c5ccc6c(c5)C(=O)N(C5CCC(=O)NC5=O)C6=O)CC4)cc3)cc2)cc1
3540,CC1(C)C(=O)N(c2ccc(C#N)c(C(F)(F)F)c2)C(=S)N1c1ccc(-c2ccc(OCC#Cc3ccc(C(=O)N4CCN(c5ccc6c(c5)CN(C5CCC(=O)NC5=O)C6=O)CC4)cc3)cc2)cc1
3541,CC1(C)C(=O)N(c2ccc(C#N)c(C(F)(F)F)c2)C(=S)N1c1ccc(-c2ccc(O[C@@H]3CCN(C(=O)C4CCN(c5ccc6c(c5)C(=O)N(C5CCC(=O)NC5=O)C6=O)CC4)C3)cc2)cc1
3542,CC1(C)C(=O)N(c2ccc(C#N)c(C(F)(F)F)c2)C(=S)N1c1ccc(-c2ccc(O[C@H]3CCN(C(=O)C4CCN(c5ccc6c(c5)C(=O)N(C5CCC(=O)NC5=O)C6=O)CC4)C3)cc2)cc1
3543,O=C1CCC(N2C(=O)c3cccc(NCCCCCCNC(=O)c4csc(Nc5ccc(Cl)cc5)n4)c3C2=O)C(=O)N1
3544,Nc1ncnc2c1c(-c1ccc(Oc3ccccc3)cc1)nn2[C@@H]1CCCN(C(=O)c2cn(CCOCCOCCOCCCc3cccc4c3CN(C3CCC(=O)NC3=O)C4=O)nn2)C1
3545,Nc1ncnc2c1c(-c1ccc(Oc3ccccc3)cc1)nn2[C@@H]1CCCN(C(=O)CCCCCNc2cccc3c2C(=O)N(C2CCC(=O)NC2=O)C3=O)C1
3546,Nc1ncnc2c1c(-c1ccc(Oc3ccccc3)cc1)nn2[C@@H]1CCCN(C(=O)CCCCCNc2ccc3c(c2)C(=O)N(C2CCC(=O)NC2=O)C3=O)C1
3547,Nc1ncnc2c1c(-c1ccc(Oc3ccccc3)cc1)nn2[C@@H]1CCCN(C(=O)CCCCCCNc2cccc3c2C(=O)N(C2CCC(=O)NC2=O)C3=O)C1
3548,Nc1ncnc2c1c(-c1ccc(Oc3ccccc3)cc1)nn2[C@@H]1CCCN(C(=O)CCCCCCNc2ccc3c(c2)C(=O)N(C2CCC(=O)NC2=O)C3=O)C1
3549,Nc1ncnc2c1c(-c1ccc(Oc3ccccc3)cc1)nn2[C@@H]1CCCN(C(=O)CCCCCCCNc2ccc3c(c2)C(=O)N(C2CCC(=O)NC2=O)C3=O)C1
3550,Nc1ncnc2c1c(-c1ccc(Oc3ccccc3)cc1)nn2[C@@H]1CCCN(C(=O)CCCCCCCCNc2cccc3c2C(=O)N(C2CCC(=O)NC2=O)C3=O)C1
3551,Nc1ncnc2c1c(-c1ccc(Oc3ccccc3)cc1)nn2[C@@H]1CCCN(C(=O)CCCCCCCCNc2ccc3c(c2)C(=O)N(C2CCC(=O)NC2=O)C3=O)C1
3552,Nc1ncnc2c1c(-c1ccc(Oc3ccccc3)cc1)nn2[C@@H]1CCCN(C(=O)CCCCCCCCCNc2cccc3c2C(=O)N(C2CCC(=O)NC2=O)C3=O)C1
3553,Nc1ncnc2c1c(-c1ccc(Oc3ccccc3)cc1)nn2[C@@H]1CCCN(C(=O)CCCCCCCCCNc2ccc3c(c2)C(=O)N(C2CCC(=O)NC2=O)C3=O)C1
3554,Nc1ncnc2c1c(-c1ccc(Oc3ccccc3)cc1)nn2[C@@H]1CCCN(C(=O)CCCCCCCCCCNc2cccc3c2C(=O)N(C2CCC(=O)NC2=O)C3=O)C1
3555,Nc1ncnc2c1c(-c1ccc(Oc3ccccc3)cc1)nn2[C@@H]1CCCN(C(=O)CCCCCCCCCCNc2ccc3c(c2)C(=O)N(C2CCC(=O)NC2=O)C3=O)C1
3556,Nc1ncnc2c1c(-c1ccc(Oc3ccccc3)cc1)nn2[C@@H]1CCCN(C(=O)CCCCCCCCCCCNc2cccc3c2C(=O)N(C2CCC(=O)NC2=O)C3=O)C1
3557,Nc1ncnc2c1c(-c1ccc(Oc3ccccc3)cc1)nn2[C@@H]1CCCN(C(=O)CCCCCCCCCCCNc2ccc3c(c2)C(=O)N(C2CCC(=O)NC2=O)C3=O)C1
3558,Nc1ncnc2c1c(-c1ccc(Oc3ccccc3)cc1)nn2[C@@H]1CCCN(C(=O)CCOCCOCCNc2ccc3c(c2)C(=O)N(C2CCC(=O)NC2=O)C3=O)C1
3559,COc1cc2ncnc(Nc3ccc(F)c(Cl)c3)c2cc1OCCOCCOCCOCCC(=O)Nc1cccc2c1CN(C1CCC(=O)NC1=O)C2=O
3560,O=C1CCC(N2C(=O)c3cccc(NCCCCCNC(=O)c4cccc(SCc5cn(-c6cccc(C(=O)NO)c6)nn5)c4)c3C2=O)C(=O)N1
3561,O=C1CCC(N2C(=O)c3cccc(NCCCCCCCCNC(=O)c4cccc(SCc5cn(-c6cccc(C(=O)NO)c6)nn5)c4)c3C2=O)C(=O)N1
3562,O=C1CCC(N2C(=O)c3cccc(NCCCCCCCCCCCNC(=O)c4cccc(SCc5cn(-c6cccc(C(=O)NO)c6)nn5)c4)c3C2=O)C(=O)N1
3563,O=C1CCC(N2C(=O)c3cccc(NCCCCCCCCCCCNC(=O)c4ccc(SCc5cn(-c6cccc(C(=O)NO)c6)nn5)cc4)c3C2=O)C(=O)N1
3564,O=C(CCc1ccc2c(c1)[nH]c1ccncc12)NCCOCCOCCOCCOCCOCCOCCOCCNc1cccc2c1C(=O)N(C1CCC(=O)NC1=O)C2=O
3565,O=C(CCc1ccc2c(c1)[nH]c1ccncc12)NCCOCCOCCOCCOCCOCCOCCOCCOCCOCCOCCOCCNc1cccc2c1C(=O)N(C1CCC(=O)NC1=O)C2=O
3566,O=C(CCc1ccc2c(c1)[nH]c1ccncc12)NCCCCCCNc1cccc2c1C(=O)N(C1CCC(=O)NC1=O)C2=O
3567,O=C(CCc1ccc2c(c1)[nH]c1ccncc12)NCCOCCOCCOc1cccc2c1C(=O)N(C1CCC(=O)NC1=O)C2=O
3568,O=C(CCc1ccc2c(c1)[nH]c1ccncc12)NCCOCCOCCOCCOc1cccc2c1C(=O)N(C1CCC(=O)NC1=O)C2=O
3569,O=C(CCc1ccc2c(c1)[nH]c1ccncc12)NCCOCCOCCOCCOCCOc1cccc2c1C(=O)N(C1CCC(=O)NC1=O)C2=O
3570,O=C(CCc1ccc2c(c1)[nH]c1ccncc12)NCCCCCOc1cccc2c1C(=O)N(C1CCC(=O)NC1=O)C2=O
3571,O=C(CCc1ccc2c(c1)[nH]c1ccncc12)NCCCCCCOc1cccc2c1C(=O)N(C1CCC(=O)NC1=O)C2=O
3572,Cc1ncsc1-c1ccc([C@H](C)NC(=O)[C@@H]2C[C@@H](O)CN2C(=O)[C@@H](NC(=O)CCOCCOCCNC(=O)CCc2ccc3c(c2)[nH]c2ccncc23)C(C)(C)C)cc1
3573,Cc1ncsc1-c1ccc([C@H](C)NC(=O)[C@@H]2C[C@@H](O)CN2C(=O)[C@@H](NC(=O)CCOCCOCCOCCOCCNC(=O)CCc2ccc3c(c2)[nH]c2ccncc23)C(C)(C)C)cc1
3574,Cc1ncsc1-c1ccc([C@H](C)NC(=O)[C@@H]2C[C@@H](O)CN2C(=O)[C@@H](NC(=O)CCOCCOCCOCCOCCOCCOCCNC(=O)CCc2ccc3c(c2)[nH]c2ccncc23)C(C)(C)C)cc1
3575,Cc1ncsc1-c1ccc([C@H](C)NC(=O)C2C[C@@H](O)CN2C(=O)[C@@H](NC(=O)CCCCCCCNC(=O)CCc2ccc3c(c2)[nH]c2ccncc23)C(C)(C)C)cc1
3576,Cc1ncsc1-c1ccc(CNC(=O)[C@@H]2C[C@@H](O)CN2C(=O)[C@@H](NC(=O)COCCOCCOCCNC(=O)Cc2cccc(OCCCN(Cc3cccc(C(F)(F)F)c3Cl)CC(c3ccccc3)c3ccccc3)c2)C(C)(C)C)cc1
3577,Cc1ncsc1-c1ccc(CNC(=O)[C@@H]2C[C@@H](O)CN2C(=O)[C@@H](NC(=O)COCCOCCOCCOCCNC(=O)Cc2cccc(OCCCN(Cc3cccc(C(F)(F)F)c3Cl)CC(c3ccccc3)c3ccccc3)c2)C(C)(C)C)cc1
3578,Cc1ncsc1-c1ccc(CNC(=O)[C@@H]2C[C@@H](O)CN2C(=O)[C@@H](NC(=O)COCCOCCOCCOCCOCCNC(=O)Cc2cccc(OCCCN(Cc3cccc(C(F)(F)F)c3Cl)CC(c3ccccc3)c3ccccc3)c2)C(C)(C)C)cc1
3579,Cc1ncsc1-c1ccc(CNC(=O)[C@@H]2C[C@@H](O)CN2C(=O)[C@@H](NC(=O)COCCOCCOCCOCCOCCOCCNC(=O)Cc2cccc(OCCCN(Cc3cccc(C(F)(F)F)c3Cl)CC(c3ccccc3)c3ccccc3)c2)C(C)(C)C)cc1
3580,O=C(Cc1cccc(OCCCN(Cc2cccc(C(F)(F)F)c2Cl)CC(c2ccccc2)c2ccccc2)c1)NCCOCCOCCNc1cccc2c1C(=O)N(C1CCC(=O)NC1=O)C2=O
3581,O=C(Cc1cccc(OCCCN(Cc2cccc(C(F)(F)F)c2Cl)CC(c2ccccc2)c2ccccc2)c1)NCCOCCOCCOCCNc1cccc2c1C(=O)N(C1CCC(=O)NC1=O)C2=O
3582,O=C(Cc1cccc(OCCCN(Cc2cccc(C(F)(F)F)c2Cl)CC(c2ccccc2)c2ccccc2)c1)NCCOCCOCCOCCOCCOCC(=O)Nc1cccc2c1C(=O)N(C1CCC(=O)NC1=O)C2=O
3583,Cc1ncsc1-c1ccc([C@H](C)NC(=O)[C@@H]2C[C@@H](O)CN2C(=O)[C@@H](NC(=O)CCCC(=O)N2CCN(CC3(C)CCC(c4ccc(Cl)cc4)=C(CN4CCN(c5ccc(C(=O)NS(=O)(=O)c6ccc(N[C@H](CCN7CCOCC7)CSc7ccccc7)c(S(=O)(=O)C(F)(F)F)c6)cc5)CC4)C3)CC2)C(C)(C)C)cc1
3584,Cc1ncsc1-c1ccc([C@H](C)NC(=O)[C@@H]2C[C@@H](O)CN2C(=O)[C@@H](NC(=O)CCCCC(=O)N2CCN(CC3(C)CCC(c4ccc(Cl)cc4)=C(CN4CCN(c5ccc(C(=O)NS(=O)(=O)c6ccc(N[C@H](CCN7CCOCC7)CSc7ccccc7)c(S(=O)(=O)C(F)(F)F)c6)cc5)CC4)C3)CC2)C(C)(C)C)cc1
3585,Cc1ncsc1-c1ccc([C@H](C)NC(=O)[C@@H]2C[C@@H](O)CN2C(=O)[C@@H](NC(=O)CCCCCC(=O)N2CCN(CC3(C)CCC(c4ccc(Cl)cc4)=C(CN4CCN(c5ccc(C(=O)NS(=O)(=O)c6ccc(N[C@H](CCN7CCOCC7)CSc7ccccc7)c(S(=O)(=O)C(F)(F)F)c6)cc5)CC4)C3)CC2)C(C)(C)C)cc1
3586,Cc1ncsc1-c1ccc([C@H](C)NC(=O)[C@@H]2C[C@@H](O)CN2C(=O)[C@@H](NC(=O)CCCCCCC(=O)N2CCN(CC3(C)CCC(c4ccc(Cl)cc4)=C(CN4CCN(c5ccc(C(=O)NS(=O)(=O)c6ccc(N[C@H](CCN7CCOCC7)CSc7ccccc7)c(S(=O)(=O)C(F)(F)F)c6)cc5)CC4)C3)CC2)C(C)(C)C)cc1
3587,Cc1ncsc1-c1ccc([C@H](C)NC(=O)[C@@H]2C[C@@H](O)CN2C(=O)[C@@H](NC(=O)CCCCCCCC(=O)N2CCN(CC3(C)CCC(c4ccc(Cl)cc4)=C(CN4CCN(c5ccc(C(=O)NS(=O)(=O)c6ccc(N[C@H](CCN7CCOCC7)CSc7ccccc7)c(S(=O)(=O)C(F)(F)F)c6)cc5)CC4)C3)CC2)C(C)(C)C)cc1
3588,Cc1ncsc1-c1ccc([C@H](C)NC(=O)[C@@H]2C[C@@H](O)CN2C(=O)[C@@H](NC(=O)CCCCCCCCC(=O)N2CCN(CC3(C)CCC(c4ccc(Cl)cc4)=C(CN4CCN(c5ccc(C(=O)NS(=O)(=O)c6ccc(N[C@H](CCN7CCOCC7)CSc7ccccc7)c(S(=O)(=O)C(F)(F)F)c6)cc5)CC4)C3)CC2)C(C)(C)C)cc1
3589,Cc1ncsc1-c1ccc([C@H](C)NC(=O)[C@@H]2C[C@@H](O)CN2C(=O)[C@@H](NC(=O)CCCCCCCCCC(=O)N2CCN(CC3(C)CCC(c4ccc(Cl)cc4)=C(CN4CCN(c5ccc(C(=O)NS(=O)(=O)c6ccc(N[C@H](CCN7CCOCC7)CSc7ccccc7)c(S(=O)(=O)C(F)(F)F)c6)cc5)CC4)C3)CC2)C(C)(C)C)cc1
3590,Cc1ncsc1-c1ccc([C@H](C)NC(=O)[C@@H]2C[C@@H](O)CN2C(=O)[C@@H](NC(=O)CCCCCCC(=O)N2CCN(C[C@@]3(C)CCC(c4ccc(Cl)cc4)=C(CN4CCN(c5ccc(C(=O)NS(=O)(=O)c6ccc(N[C@H](CCN7CCOCC7)CSc7ccccc7)c(S(=O)(=O)C(F)(F)F)c6)cc5)CC4)C3)CC2)C(C)(C)C)cc1
3591,Cc1ncsc1-c1ccc([C@H](C)NC(=O)[C@@H]2C[C@@H](O)CN2C(=O)[C@@H](NC(=O)CCCCCCC(=O)N2CCN(C[C@]3(C)CCC(c4ccc(Cl)cc4)=C(CN4CCN(c5ccc(C(=O)NS(=O)(=O)c6ccc(N[C@H](CCN7CCOCC7)CSc7ccccc7)c(S(=O)(=O)C(F)(F)F)c6)cc5)CC4)C3)CC2)C(C)(C)C)cc1
3592,O=C(CCCCCC(=O)Nc1cccc2c1CN(C1CCC(=O)NC1=O)C2=O)NO
3593,O=C(CCCCCCC(=O)Nc1cccc2c1CN(C1CCC(=O)NC1=O)C2=O)NO
3594,O=C(CCCCCCCC(=O)Nc1cccc2c1CN(C1CCC(=O)NC1=O)C2=O)NO
3595,O=C(CCCCCCCCC(=O)Nc1cccc2c1CN(C1CCC(=O)NC1=O)C2=O)NO
3596,O=C(CCCCCCC(=O)Nc1cccc2c1C(=O)N(C1CCC(=O)NC1=O)C2=O)NO
3597,O=C(CCCCCNC(=O)Nc1cccc2c1CN(C1CCC(=O)NC1=O)C2=O)NO
3598,O=C(CCCCCCNC(=O)Nc1cccc2c1CN(C1CCC(=O)NC1=O)C2=O)NO
3599,O=C(CCCCCCCCNC(=O)Nc1cccc2c1CN(C1CCC(=O)NC1=O)C2=O)NO
3600,O=C(CCCCCNC(=O)Nc1cccc2c1C(=O)N(C1CCC(=O)NC1=O)C2=O)NO
3601,Nc1ccccc1NC(=O)c1ccc(COc2cccc3c2CN(C2CCC(=O)NC2=O)C3=O)cc1
3602,Nc1ccccc1NC(=O)c1ccc(COc2cccc3c2C(=O)N(C2CCC(=O)NC2=O)C3=O)cc1
3603,O=C1CCC(N2Cc3c(OCc4ccc(C(=O)NO)cc4)cccc3C2=O)C(=O)N1
3604,O=C1CCC(N2C(=O)c3cccc(OCc4ccc(C(=O)NO)cc4)c3C2=O)C(=O)N1
3605,O=C1CCC(N2C(=O)c3cccc(NCCCCNc4ccc([N+](=O)[O-])c(Nc5ccc6[nH]ncc6c5)n4)c3C2=O)C(=O)N1
3606,O=C1CCC(N2C(=O)c3cccc(NCCCOCCOCCOCCCNc4ccc([N+](=O)[O-])c(Nc5ccc6[nH]ncc6c5)n4)c3C2=O)C(=O)N1
3607,O=C(CNc1cccc2c1C(=O)N(C1CCC(=O)NC1=O)C2=O)NCCCOCCOCCOCCCNc1ccc([N+](=O)[O-])c(Nc2ccc3[nH]ncc3c2)n1
3608,Cc1ncsc1-c1ccc(CNC(=O)[C@@H]2C[C@@H](O)CN2C(=O)[C@@H](NC(=O)CCOCCOCCC(=O)NCCN2CCN(Cc3cccc(-c4ccc(N5CCN(C)CC5)c(NC(=O)c5c[nH]c(=O)cc5C(F)(F)F)c4)c3)CC2)C(C)(C)C)cc1
3609,Cc1ncsc1-c1ccc(CNC(=O)[C@@H]2C[C@@H](O)CN2C(=O)[C@@H](NC(=O)CCOCCOCCOCCC(=O)NCCN2CCN(Cc3cccc(-c4ccc(N5CCN(C)CC5)c(NC(=O)c5c[nH]c(=O)cc5C(F)(F)F)c4)c3)CC2)C(C)(C)C)cc1
3610,Cc1ncsc1-c1ccc(CNC(=O)[C@@H]2C[C@@H](O)CN2C(=O)[C@@H](NC(=O)CCOCCOCCOCCOCCC(=O)NCCN2CCN(Cc3cccc(-c4ccc(N5CCN(C)CC5)c(NC(=O)c5c[nH]c(=O)cc5C(F)(F)F)c4)c3)CC2)C(C)(C)C)cc1
3611,Cc1ncsc1-c1ccc(CNC(=O)[C@@H]2C[C@@H](O)CN2C(=O)[C@@H](NC(=O)CCOCCOCCOCCOCCOCCC(=O)NCCN2CCN(Cc3cccc(-c4ccc(N5CCN(C)CC5)c(NC(=O)c5c[nH]c(=O)cc5C(F)(F)F)c4)c3)CC2)C(C)(C)C)cc1
3612,Cc1ncsc1-c1ccc(CNC(=O)[C@@H]2C[C@@H](O)CN2C(=O)[C@@H](NC(=O)CCCCCCC(=O)NCCN2CCN(Cc3cccc(-c4ccc(N5CCN(C)CC5)c(NC(=O)c5c[nH]c(=O)cc5C(F)(F)F)c4)c3)CC2)C(C)(C)C)cc1
3613,Cc1ncsc1-c1ccc(CNC(=O)[C@@H]2C[C@@H](O)CN2C(=O)[C@@H](NC(=O)CCCCCCCC(=O)NCCN2CCN(Cc3cccc(-c4ccc(N5CCN(C)CC5)c(NC(=O)c5c[nH]c(=O)cc5C(F)(F)F)c4)c3)CC2)C(C)(C)C)cc1
3614,Cc1ncsc1-c1ccc(CNC(=O)[C@@H]2C[C@@H](O)CN2C(=O)[C@@H](NC(=O)CCCCCCCCC(=O)NCCN2CCN(Cc3cccc(-c4ccc(N5CCN(C)CC5)c(NC(=O)c5c[nH]c(=O)cc5C(F)(F)F)c4)c3)CC2)C(C)(C)C)cc1
3615,Cc1ncsc1-c1ccc(CNC(=O)[C@@H]2C[C@@H](O)CN2C(=O)[C@@H](NC(=O)CCCCCCCCCC(=O)NCCN2CCN(Cc3cccc(-c4ccc(N5CCN(C)CC5)c(NC(=O)c5c[nH]c(=O)cc5C(F)(F)F)c4)c3)CC2)C(C)(C)C)cc1
3616,Cc1ncsc1-c1ccc(CNC(=O)[C@@H]2C[C@@H](O)CN2C(=O)[C@@H](NC(=O)CCCCCCCCCCC(=O)NCCN2CCN(Cc3cccc(-c4ccc(N5CCN(C)CC5)c(NC(=O)c5c[nH]c(=O)cc5C(F)(F)F)c4)c3)CC2)C(C)(C)C)cc1
3617,CN1CCN(c2ccc(-c3cccc(CN4CCN(CCNC(=O)CCCCNc5cccc6c5C(=O)N(C5CCC(=O)NC5=O)C6=O)CC4)c3)cc2NC(=O)c2c[nH]c(=O)cc2C(F)(F)F)CC1
3618,CN1CCN(c2ccc(-c3cccc(CN4CCN(CCNC(=O)CCOCCOCCOCCOCCNc5cccc6c5C(=O)N(C5CCC(=O)NC5=O)C6=O)CC4)c3)cc2NC(=O)c2c[nH]c(=O)cc2C(F)(F)F)CC1
3619,Cc1ncsc1-c1ccc(CNC(=O)[C@@H]2C[C@@H](O)CN2C(=O)[C@@H](NC(=O)CCC(=O)N2CCN(Cc3cccc(-c4ccc(N5CCN(C)CC5)c(NC(=O)c5c[nH]c(=O)cc5C(F)(F)F)c4)c3)CC2)C(C)(C)C)cc1
3620,Cc1ncsc1-c1ccc(CNC(=O)[C@@H]2C[C@@H](O)CN2C(=O)[C@@H](NC(=O)CNC(=O)c2cccc(-c3ccc(N4CCN(C)CC4)c(NC(=O)c4c[nH]c(=O)cc4C(F)(F)F)c3)c2)C(C)(C)C)cc1
3621,Cc1ncsc1-c1ccc([C@H](C)NC(=O)[C@@H]2C[C@@H](O)CN2C(=O)[C@@H](NC(=O)CNC(=O)c2cccc(-c3ccc(N4CCN(C)CC4)c(NC(=O)c4c[nH]c(=O)cc4C(F)(F)F)c3)c2)C(C)(C)C)cc1
3622,Cc1ncsc1-c1ccc(CNC(=O)[C@@H]2C[C@@H](O)CN2C(=O)[C@@H](NC(=O)CNC(=O)c2ccc(F)c(-c3ccc(N4CCN(C)CC4)c(NC(=O)c4c[nH]c(=O)cc4C(F)(F)F)c3)c2)C(C)(C)C)cc1
3623,Cc1ncsc1-c1ccc(CNC(=O)[C@@H]2C[C@@H](O)CN2C(=O)[C@@H](NC(=O)CNC(=O)c2cccc(-c3ccc(N4C[C@@H](C)N(C)[C@@H](C)C4)c(NC(=O)c4c[nH]c(=O)cc4C(F)(F)F)c3)c2)C(C)(C)C)cc1
3624,Cc1ncsc1-c1ccc(CNC(=O)[C@@H]2C[C@@H](O)CN2C(=O)[C@@H](NC(=O)CNC(=O)c2ccc(F)c(-c3ccc(N4C[C@@H](C)N(C)[C@@H](C)C4)c(NC(=O)c4c[nH]c(=O)cc4C(F)(F)F)c3)c2)C(C)(C)C)cc1
3625,Cc1ncsc1-c1ccc([C@H](C)NC(=O)[C@@H]2C[C@@H](O)CN2C(=O)[C@@H](NC(=O)CNC(=O)c2ccc(F)c(-c3ccc(N4C[C@@H](C)N(C)[C@@H](C)C4)c(NC(=O)c4c[nH]c(=O)cc4C(F)(F)F)c3)c2)C(C)(C)C)cc1
3626,CC(=O)N1CCCN(c2nc(NCCc3cccs3)nc(N(C)CC(=O)NCCOCCOCCOCC(=O)N[C@H](C(=O)N3C[C@@H](O)C[C@@H]3C(=O)NCc3ccc(-c4scnc4C)cc3)C(C)(C)C)n2)CC1
3627,CC(=O)c1c(C)c2cnc(Nc3ccc(N4CCN(C(=O)CNc5cccc6c5C(=O)N(C5CCC(=O)NC5=O)C6=O)CC4)cn3)nc2n(C2CCCC2)c1=O
3628,Cc1ncsc1-c1ccc([C@H](C)NC(=O)[C@@H]2C[C@@H](O)CN2C(=O)[C@@H](NC(=O)CN2CCN(c3cc(-c4ccccc4O)nnc3N)CC2)C(C)(C)C)cc1
3629,C[C@H]1CCCN1Cc1nc2ccc(NC(=O)c3ccc4c(cnn4CCCCCCCCNc4cccc5c4C(=O)N(C4CCC(=O)NC4=O)C5=O)c3)cc2[nH]1
3630,C[C@H]1CCCN1Cc1nc2ccc(NC(=O)c3ccc4c(cnn4CCCCCCNc4cccc5c4C(=O)N(C4CCC(=O)NC4=O)C5=O)c3)cc2[nH]1
3631,C[C@H]1CCCN1Cc1nc2ccc(NC(=O)c3ccc4c(cnn4CCCCNc4cccc5c4C(=O)N(C4CCC(=O)NC4=O)C5=O)c3)cc2[nH]1
3632,Cc1sc2c(c1C)C(c1ccc(Cl)cc1)=N[C@@H](CC(=O)NCCOCCNC(=O)CN1CCOc3cc(N(CCC#N)C(=O)CCl)ccc31)c1nnc(C)n1-2
3633,Cc1sc2c(c1C)C(c1ccc(Cl)cc1)=N[C@@H](CC(=O)NCCCCCNC(=O)CN1CCOc3cc(N(CCC#N)C(=O)CCl)ccc31)c1nnc(C)n1-2
3634,Cc1sc2c(c1C)C(c1ccc(Cl)cc1)=N[C@@H](CC(=O)NCCOCCOCCNC(=O)CN1CCOc3cc(N(CCC#N)C(=O)CCl)ccc31)c1nnc(C)n1-2
3635,Cc1sc2c(c1C)C(c1ccc(Cl)cc1)=N[C@@H](CC(=O)NCCOCCOCCOCCNC(=O)CN1CCOc3cc(N(CCC#N)C(=O)CCl)ccc31)c1nnc(C)n1-2
3636,Cc1sc2c(c1C)C(c1ccc(Cl)cc1)=N[C@@H](CC(=O)NCCOCCOCCOCCOCCNC(=O)CN1CCOc3cc(N(CCC#N)C(=O)CCl)ccc31)c1nnc(C)n1-2
3637,Cc1nc(Nc2ncc(C(=O)Nc3c(C)cccc3Cl)s2)cc(N2CCN(CCCCCNC(=O)CN3CCOc4cc(N(CCC#N)C(=O)CCl)ccc43)CC2)n1
3638,Cc1nc(Nc2ncc(C(=O)Nc3c(C)cccc3Cl)s2)cc(N2CCN(CCOCCOCCOCCNC(=O)CN3CCOc4cc(N(CCC#N)C(=O)CCl)ccc43)CC2)n1
3639,O=C1CC[C@H](N2Cc3cc(N4CCN(CC5CCN(c6ccc([C@@H]7c8ccc(O)cc8CC[C@@H]7c7ccccc7)cc6)CC5)CC4)ccc3C2=O)C(=O)N1
3640,N#Cc1ccc(O[C@H]2CC[C@H](NC(=O)c3ccc(N4CCC(CN5CCN(c6cc7c(cc6F)C(=O)N(C6CCC(=O)NC6=O)C7=O)CC5)CC4)nn3)CC2)cc1Cl
0,Cc1ncsc1-c1ccc(C(C)NC(=O)C2CC(O)CN2C(=O)C(NC(=O)CC(=O)N2CCN(CCC(CSc3ccccc3)Nc3ccc(S(=O)(=O)NC(=O)c4ccc(N5CCN(CC6=C(c7ccc(Cl)cc7)CCC(C)(C)C6)CC5)cc4)cc3S(=O)(=O)C(F)(F)F)CC2)C(C)(C)C)cc1
1,Cc1ncsc1-c1ccc(C(C)NC(=O)C2CC(O)CN2C(=O)C(NC(=O)CCC(=O)N2CCN(CCC(CSc3ccccc3)Nc3ccc(S(=O)(=O)NC(=O)c4ccc(N5CCN(CC6=C(c7ccc(Cl)cc7)CCC(C)(C)C6)CC5)cc4)cc3S(=O)(=O)C(F)(F)F)CC2)C(C)(C)C)cc1
2,Cc1ncsc1-c1ccc(C(C)NC(=O)C2CC(O)CN2C(=O)C(NC(=O)CCCC(=O)N2CCN(CCC(CSc3ccccc3)Nc3ccc(S(=O)(=O)NC(=O)c4ccc(N5CCN(CC6=C(c7ccc(Cl)cc7)CCC(C)(C)C6)CC5)cc4)cc3S(=O)(=O)C(F)(F)F)CC2)C(C)(C)C)cc1
3,Cc1ncsc1-c1ccc(C(C)NC(=O)C2CC(O)CN2C(=O)C(NC(=O)CCCCC(=O)N2CCN(CCC(CSc3ccccc3)Nc3ccc(S(=O)(=O)NC(=O)c4ccc(N5CCN(CC6=C(c7ccc(Cl)cc7)CCC(C)(C)C6)CC5)cc4)cc3S(=O)(=O)C(F)(F)F)CC2)C(C)(C)C)cc1
4,Cc1ncsc1-c1ccc(C(C)NC(=O)C2CC(O)CN2C(=O)C(NC(=O)CCCCCC(=O)N2CCN(CCC(CSc3ccccc3)Nc3ccc(S(=O)(=O)NC(=O)c4ccc(N5CCN(CC6=C(c7ccc(Cl)cc7)CCC(C)(C)C6)CC5)cc4)cc3S(=O)(=O)C(F)(F)F)CC2)C(C)(C)C)cc1
5,Cc1ncsc1-c1ccc(C(C)NC(=O)C2CC(O)CN2C(=O)C(NC(=O)CCCCCCC(=O)N2CCN(CCC(CSc3ccccc3)Nc3ccc(S(=O)(=O)NC(=O)c4ccc(N5CCN(CC6=C(c7ccc(Cl)cc7)CCC(C)(C)C6)CC5)cc4)cc3S(=O)(=O)C(F)(F)F)CC2)C(C)(C)C)cc1
6,Cc1ncsc1-c1ccc(C(C)NC(=O)C2CC(O)CN2C(=O)C(NC(=O)CCCCN2CCN(CCC(CSc3ccccc3)Nc3ccc(S(=O)(=O)NC(=O)c4ccc(N5CCN(CC6=C(c7ccc(Cl)cc7)CCC(C)(C)C6)CC5)cc4)cc3S(=O)(=O)C(F)(F)F)CC2)C(C)(C)C)cc1
7,Cc1ncsc1-c1ccc(C(C)NC(=O)C2CC(O)CN2C(=O)C(NC(=O)CCCCCN2CCN(CCC(CSc3ccccc3)Nc3ccc(S(=O)(=O)NC(=O)c4ccc(N5CCN(CC6=C(c7ccc(Cl)cc7)CCC(C)(C)C6)CC5)cc4)cc3S(=O)(=O)C(F)(F)F)CC2)C(C)(C)C)cc1
8,Cc1ncsc1-c1ccc(C(C)NC(=O)C2CC(O)CN2C(=O)C(NC(=O)CCCCCCN2CCN(CCC(CSc3ccccc3)Nc3ccc(S(=O)(=O)NC(=O)c4ccc(N5CCN(CC6=C(c7ccc(Cl)cc7)CCC(C)(C)C6)CC5)cc4)cc3S(=O)(=O)C(F)(F)F)CC2)C(C)(C)C)cc1
9,Cc1ncsc1-c1ccc(C(C)NC(=O)C2CC(O)CN2C(=O)C(NC(=O)CCCCCCCN2CCN(CCC(CSc3ccccc3)Nc3ccc(S(=O)(=O)NC(=O)c4ccc(N5CCN(CC6=C(c7ccc(Cl)cc7)CCC(C)(C)C6)CC5)cc4)cc3S(=O)(=O)C(F)(F)F)CC2)C(C)(C)C)cc1
10,Cc1ncsc1-c1ccc(C(C)NC(=O)C2CC(O)CN2C(=O)C(NC(=O)CCOCCC(=O)N2CCN(CCC(CSc3ccccc3)Nc3ccc(S(=O)(=O)NC(=O)c4ccc(N5CCN(CC6=C(c7ccc(Cl)cc7)CCC(C)(C)C6)CC5)cc4)cc3S(=O)(=O)C(F)(F)F)CC2)C(C)(C)C)cc1
11,Cc1ncsc1-c1ccc(C(C)NC(=O)C2CC(O)CN2C(=O)C(NC(=O)COCCOCC(=O)N2CCN(CCC(CSc3ccccc3)Nc3ccc(S(=O)(=O)NC(=O)c4ccc(N5CCN(CC6=C(c7ccc(Cl)cc7)CCC(C)(C)C6)CC5)cc4)cc3S(=O)(=O)C(F)(F)F)CC2)C(C)(C)C)cc1
12,Cc1ncsc1-c1ccc(C(C)NC(=O)C2CC(O)CN2C(=O)C(NC(=O)COCCCOCC(=O)N2CCN(CCC(CSc3ccccc3)Nc3ccc(S(=O)(=O)NC(=O)c4ccc(N5CCN(CC6=C(c7ccc(Cl)cc7)CCC(C)(C)C6)CC5)cc4)cc3S(=O)(=O)C(F)(F)F)CC2)C(C)(C)C)cc1
13,Cc1ncsc1-c1ccc(C(C)NC(=O)C2CC(O)CN2C(=O)C(NC(=O)COCCN2CCN(CCC(CSc3ccccc3)Nc3ccc(S(=O)(=O)NC(=O)c4ccc(N5CCN(CC6=C(c7ccc(Cl)cc7)CCC(C)(C)C6)CC5)cc4)cc3S(=O)(=O)C(F)(F)F)CC2)C(C)(C)C)cc1
14,Cc1ncsc1-c1ccc(C(C)NC(=O)C2CC(O)CN2C(=O)C(NC(=O)COCCOCCN2CCN(CCC(CSc3ccccc3)Nc3ccc(S(=O)(=O)NC(=O)c4ccc(N5CCN(CC6=C(c7ccc(Cl)cc7)CCC(C)(C)C6)CC5)cc4)cc3S(=O)(=O)C(F)(F)F)CC2)C(C)(C)C)cc1
15,Cc1ncsc1-c1ccc(C(C)NC(=O)C2CC(O)CN2C(=O)C(NC(=O)CCCCCC(=O)N(C)CCC(CSc2ccccc2)Nc2ccc(S(=O)(=O)NC(=O)c3ccc(N4CCN(CC5=C(c6ccc(Cl)cc6)CCC(C)(C)C5)CC4)cc3)cc2S(=O)(=O)C(F)(F)F)C(C)(C)C)cc1
16,Cc1ncsc1-c1ccc(C(C)NC(=O)C2CC(O)CN2C(=O)C(NC(=O)CCCCN(C)CCC(CSc2ccccc2)Nc2ccc(S(=O)(=O)NC(=O)c3ccc(N4CCN(CC5=C(c6ccc(Cl)cc6)CCC(C)(C)C5)CC4)cc3)cc2S(=O)(=O)C(F)(F)F)C(C)(C)C)cc1
17,Cc1ncsc1-c1ccc(C(C)NC(=O)C2CC(O)CN2C(=O)C(NC(=O)CCCCCN(C)CCC(CSc2ccccc2)Nc2ccc(S(=O)(=O)NC(=O)c3ccc(N4CCN(CC5=C(c6ccc(Cl)cc6)CCC(C)(C)C5)CC4)cc3)cc2S(=O)(=O)C(F)(F)F)C(C)(C)C)cc1
18,Cc1ncsc1-c1ccc(C(C)NC(=O)C2CC(O)CN2C(=O)C(NC(=O)CCCCCCN(C)CCC(CSc2ccccc2)Nc2ccc(S(=O)(=O)NC(=O)c3ccc(N4CCN(CC5=C(c6ccc(Cl)cc6)CCC(C)(C)C5)CC4)cc3)cc2S(=O)(=O)C(F)(F)F)C(C)(C)C)cc1
19,Cc1ncsc1-c1ccc(C(C)NC(=O)C2CC(O)CN2C(=O)C(NC(=O)CCCCCCCN(C)CCC(CSc2ccccc2)Nc2ccc(S(=O)(=O)NC(=O)c3ccc(N4CCN(CC5=C(c6ccc(Cl)cc6)CCC(C)(C)C5)CC4)cc3)cc2S(=O)(=O)C(F)(F)F)C(C)(C)C)cc1
20,Cc1ncsc1-c1ccc(C(C)NC(=O)C2CC(O)CN2C(=O)C(NC(=O)CCCCCCCCN(C)CCC(CSc2ccccc2)Nc2ccc(S(=O)(=O)NC(=O)c3ccc(N4CCN(CC5=C(c6ccc(Cl)cc6)CCC(C)(C)C5)CC4)cc3)cc2S(=O)(=O)C(F)(F)F)C(C)(C)C)cc1
21,Cc1ncsc1-c1ccc(C(C)NC(=O)C2CC(O)CN2C(=O)C(NC(=O)CCCCCCCCCN(C)CCC(CSc2ccccc2)Nc2ccc(S(=O)(=O)NC(=O)c3ccc(N4CCN(CC5=C(c6ccc(Cl)cc6)CCC(C)(C)C5)CC4)cc3)cc2S(=O)(=O)C(F)(F)F)C(C)(C)C)cc1
22,Cc1ncsc1-c1ccc(C(C)NC(=O)C2CC(O)CN2C(=O)C(NC(=O)COCCOCCN(C)CCC(CSc2ccccc2)Nc2ccc(S(=O)(=O)NC(=O)c3ccc(N4CCN(CC5=C(c6ccc(Cl)cc6)CCC(C)(C)C5)CC4)cc3)cc2S(=O)(=O)C(F)(F)F)C(C)(C)C)cc1
23,Cc1ncsc1-c1ccc(C(C)NC(=O)C2CC(O)CN2C(=O)C(NC(=O)COCCOCCOCCN(C)CCC(CSc2ccccc2)Nc2ccc(S(=O)(=O)NC(=O)c3ccc(N4CCN(CC5=C(c6ccc(Cl)cc6)CCC(C)(C)C5)CC4)cc3)cc2S(=O)(=O)C(F)(F)F)C(C)(C)C)cc1
24,Cc1ncsc1-c1ccc(C(C)NC(=O)C2CC(O)CN2C(=O)C(NC(=O)COCCOCCOCCOCCN(C)CCC(CSc2ccccc2)Nc2ccc(S(=O)(=O)NC(=O)c3ccc(N4CCN(CC5=C(c6ccc(Cl)cc6)CCC(C)(C)C5)CC4)cc3)cc2S(=O)(=O)C(F)(F)F)C(C)(C)C)cc1
25,CC1(C)CCC(c2ccc(Cl)cc2)=C(CN2CCN(c3ccc(C(=O)NS(=O)(=O)c4ccc(NC(CCN5CCN(C(=O)CCCNc6cccc7c6C(=O)N(C6CCC(=O)NC6=O)C7=O)CC5)CSc5ccccc5)c(S(=O)(=O)C(F)(F)F)c4)cc3)CC2)C1
26,CC1(C)CCC(c2ccc(Cl)cc2)=C(CN2CCN(c3ccc(C(=O)NS(=O)(=O)c4ccc(NC(CCN5CCN(C(=O)CCCCNc6cccc7c6C(=O)N(C6CCC(=O)NC6=O)C7=O)CC5)CSc5ccccc5)c(S(=O)(=O)C(F)(F)F)c4)cc3)CC2)C1
27,CC1(C)CCC(c2ccc(Cl)cc2)=C(CN2CCN(c3ccc(C(=O)NS(=O)(=O)c4ccc(NC(CCN5CCN(C(=O)CCCCCNc6cccc7c6C(=O)N(C6CCC(=O)NC6=O)C7=O)CC5)CSc5ccccc5)c(S(=O)(=O)C(F)(F)F)c4)cc3)CC2)C1
28,CC1(C)CCC(c2ccc(Cl)cc2)=C(CN2CCN(c3ccc(C(=O)NS(=O)(=O)c4ccc(NC(CCN5CCN(C(=O)CCCCCCNc6cccc7c6C(=O)N(C6CCC(=O)NC6=O)C7=O)CC5)CSc5ccccc5)c(S(=O)(=O)C(F)(F)F)c4)cc3)CC2)C1
29,CC1(C)CCC(c2ccc(Cl)cc2)=C(CN2CCN(c3ccc(C(=O)NS(=O)(=O)c4ccc(NC(CCN5CCN(C(=O)CCCCCCCNc6cccc7c6C(=O)N(C6CCC(=O)NC6=O)C7=O)CC5)CSc5ccccc5)c(S(=O)(=O)C(F)(F)F)c4)cc3)CC2)C1
30,CC1(C)CCC(c2ccc(Cl)cc2)=C(CN2CCN(c3ccc(C(=O)NS(=O)(=O)c4ccc(NC(CCN5CCN(CCCNc6cccc7c6C(=O)N(C6CCC(=O)NC6=O)C7=O)CC5)CSc5ccccc5)c(S(=O)(=O)C(F)(F)F)c4)cc3)CC2)C1
31,CC1(C)CCC(c2ccc(Cl)cc2)=C(CN2CCN(c3ccc(C(=O)NS(=O)(=O)c4ccc(NC(CCN5CCN(CCCCNc6cccc7c6C(=O)N(C6CCC(=O)NC6=O)C7=O)CC5)CSc5ccccc5)c(S(=O)(=O)C(F)(F)F)c4)cc3)CC2)C1
32,CC1(C)CCC(c2ccc(Cl)cc2)=C(CN2CCN(c3ccc(C(=O)NS(=O)(=O)c4ccc(NC(CCN5CCN(CCCCCNc6cccc7c6C(=O)N(C6CCC(=O)NC6=O)C7=O)CC5)CSc5ccccc5)c(S(=O)(=O)C(F)(F)F)c4)cc3)CC2)C1
33,CC1(C)CCC(c2ccc(Cl)cc2)=C(CN2CCN(c3ccc(C(=O)NS(=O)(=O)c4ccc(NC(CCN5CCN(C(=O)COCCOCCNc6cccc7c6C(=O)N(C6CCC(=O)NC6=O)C7=O)CC5)CSc5ccccc5)c(S(=O)(=O)C(F)(F)F)c4)cc3)CC2)C1
34,CC1(C)CCC(c2ccc(Cl)cc2)=C(CN2CCN(c3ccc(C(=O)NS(=O)(=O)c4ccc(NC(CCN5CCN(C(=O)COCCOCCOCCNc6cccc7c6C(=O)N(C6CCC(=O)NC6=O)C7=O)CC5)CSc5ccccc5)c(S(=O)(=O)C(F)(F)F)c4)cc3)CC2)C1
35,CC1(C)CCC(c2ccc(Cl)cc2)=C(CN2CCN(c3ccc(C(=O)NS(=O)(=O)c4ccc(NC(CCN5CCN(C(=O)COCCOCCOCCOCCNc6cccc7c6C(=O)N(C6CCC(=O)NC6=O)C7=O)CC5)CSc5ccccc5)c(S(=O)(=O)C(F)(F)F)c4)cc3)CC2)C1
36,CC1(C)CCC(c2ccc(Cl)cc2)=C(CN2CCN(c3ccc(C(=O)NS(=O)(=O)c4ccc(NC(CCN5CCN(C(=O)NCCOCCOCCNc6cccc7c6C(=O)N(C6CCC(=O)NC6=O)C7=O)CC5)CSc5ccccc5)c(S(=O)(=O)C(F)(F)F)c4)cc3)CC2)C1
37,CC1(C)CCC(c2ccc(Cl)cc2)=C(CN2CCN(c3ccc(C(=O)NS(=O)(=O)c4ccc(NC(CCN5CCN(C(=S)NCCOCCOCCNc6cccc7c6C(=O)N(C6CCC(=O)NC6=O)C7=O)CC5)CSc5ccccc5)c(S(=O)(=O)C(F)(F)F)c4)cc3)CC2)C1
38,CC1(C)CCC(c2ccc(Cl)cc2)=C(CN2CCN(c3ccc(C(=O)NS(=O)(=O)c4ccc(NC(CCN5CCN(CCOCCNc6cccc7c6C(=O)N(C6CCC(=O)NC6=O)C7=O)CC5)CSc5ccccc5)c(S(=O)(=O)C(F)(F)F)c4)cc3)CC2)C1
39,CC1(C)CCC(c2ccc(Cl)cc2)=C(CN2CCN(c3ccc(C(=O)NS(=O)(=O)c4ccc(NC(CCN5CCN(CCOCCOCCNc6cccc7c6C(=O)N(C6CCC(=O)NC6=O)C7=O)CC5)CSc5ccccc5)c(S(=O)(=O)C(F)(F)F)c4)cc3)CC2)C1
40,CC1(C)CCC(c2ccc(Cl)cc2)=C(CN2CCN(c3ccc(C(=O)NS(=O)(=O)c4ccc(NC(CCN5CCN(CCOCCOCCOCCNc6cccc7c6C(=O)N(C6CCC(=O)NC6=O)C7=O)CC5)CSc5ccccc5)c(S(=O)(=O)C(F)(F)F)c4)cc3)CC2)C1
41,CN(CCC(CSc1ccccc1)Nc1ccc(S(=O)(=O)NC(=O)c2ccc(N3CCN(CC4=C(c5ccc(Cl)cc5)CCC(C)(C)C4)CC3)cc2)cc1S(=O)(=O)C(F)(F)F)C(=O)CCCn1cc(COCCOCCNc2cccc3c2C(=O)N(C2CCC(=O)NC2=O)C3=O)nn1
42,CN(CCC(CSc1ccccc1)Nc1ccc(S(=O)(=O)NC(=O)c2ccc(N3CCN(CC4=C(c5ccc(Cl)cc5)CCC(C)(C)C4)CC3)cc2)cc1S(=O)(=O)C(F)(F)F)C(=O)CCCn1cc(COCCOCCOCCNc2cccc3c2C(=O)N(C2CCC(=O)NC2=O)C3=O)nn1
43,CN(CCC(CSc1ccccc1)Nc1ccc(S(=O)(=O)NC(=O)c2ccc(N3CCN(CC4=C(c5ccc(Cl)cc5)CCC(C)(C)C4)CC3)cc2)cc1S(=O)(=O)C(F)(F)F)C(=O)CCCCCCn1cc(COCCOCCNc2cccc3c2C(=O)N(C2CCC(=O)NC2=O)C3=O)nn1
44,CN(CCC(CSc1ccccc1)Nc1ccc(S(=O)(=O)NC(=O)c2ccc(N3CCN(CC4=C(c5ccc(Cl)cc5)CCC(C)(C)C4)CC3)cc2)cc1S(=O)(=O)C(F)(F)F)C(=O)CCCCCCn1cc(COCCOCCOCCNc2cccc3c2C(=O)N(C2CCC(=O)NC2=O)C3=O)nn1
45,CN(CCCCCCCn1cc(COCCOCCNc2cccc3c2C(=O)N(C2CCC(=O)NC2=O)C3=O)nn1)CCC(CSc1ccccc1)Nc1ccc(S(=O)(=O)NC(=O)c2ccc(N3CCN(CC4=C(c5ccc(Cl)cc5)CCC(C)(C)C4)CC3)cc2)cc1S(=O)(=O)C(F)(F)F
46,CN(CCCCCCCn1cc(COCCOCCOCCNc2cccc3c2C(=O)N(C2CCC(=O)NC2=O)C3=O)nn1)CCC(CSc1ccccc1)Nc1ccc(S(=O)(=O)NC(=O)c2ccc(N3CCN(CC4=C(c5ccc(Cl)cc5)CCC(C)(C)C4)CC3)cc2)cc1S(=O)(=O)C(F)(F)F
47,CN(CCCNc1cccc2c1C(=O)N(C1CCC(=O)NC1=O)C2=O)CCC(CSc1ccccc1)Nc1ccc(S(=O)(=O)NC(=O)c2ccc(N3CCN(CC4=C(c5ccc(Cl)cc5)CCC(C)(C)C4)CC3)cc2)cc1S(=O)(=O)C(F)(F)F
48,CN(CCCCNc1cccc2c1C(=O)N(C1CCC(=O)NC1=O)C2=O)CCC(CSc1ccccc1)Nc1ccc(S(=O)(=O)NC(=O)c2ccc(N3CCN(CC4=C(c5ccc(Cl)cc5)CCC(C)(C)C4)CC3)cc2)cc1S(=O)(=O)C(F)(F)F
49,CN(CCCCCNc1cccc2c1C(=O)N(C1CCC(=O)NC1=O)C2=O)CCC(CSc1ccccc1)Nc1ccc(S(=O)(=O)NC(=O)c2ccc(N3CCN(CC4=C(c5ccc(Cl)cc5)CCC(C)(C)C4)CC3)cc2)cc1S(=O)(=O)C(F)(F)F
50,CN(CCCCCCNc1cccc2c1C(=O)N(C1CCC(=O)NC1=O)C2=O)CCC(CSc1ccccc1)Nc1ccc(S(=O)(=O)NC(=O)c2ccc(N3CCN(CC4=C(c5ccc(Cl)cc5)CCC(C)(C)C4)CC3)cc2)cc1S(=O)(=O)C(F)(F)F
51,CN(CCCCCCCCNc1cccc2c1C(=O)N(C1CCC(=O)NC1=O)C2=O)CCC(CSc1ccccc1)Nc1ccc(S(=O)(=O)NC(=O)c2ccc(N3CCN(CC4=C(c5ccc(Cl)cc5)CCC(C)(C)C4)CC3)cc2)cc1S(=O)(=O)C(F)(F)F
52,CN(CCOCCOCCNc1cccc2c1C(=O)N(C1CCC(=O)NC1=O)C2=O)CCC(CSc1ccccc1)Nc1ccc(S(=O)(=O)NC(=O)c2ccc(N3CCN(CC4=C(c5ccc(Cl)cc5)CCC(C)(C)C4)CC3)cc2)cc1S(=O)(=O)C(F)(F)F
53,CN(CCOCCOCCOCCNc1cccc2c1C(=O)N(C1CCC(=O)NC1=O)C2=O)CCC(CSc1ccccc1)Nc1ccc(S(=O)(=O)NC(=O)c2ccc(N3CCN(CC4=C(c5ccc(Cl)cc5)CCC(C)(C)C4)CC3)cc2)cc1S(=O)(=O)C(F)(F)F
54,CN(CCOCCOCCOCCOCCNc1cccc2c1C(=O)N(C1CCC(=O)NC1=O)C2=O)CCC(CSc1ccccc1)Nc1ccc(S(=O)(=O)NC(=O)c2ccc(N3CCN(CC4=C(c5ccc(Cl)cc5)CCC(C)(C)C4)CC3)cc2)cc1S(=O)(=O)C(F)(F)F
56,C=CC(=O)Nc1cccc(-n2c(=O)cc(C)c3cnc(Nc4ccc(N5CCN(C(=O)CCCCCCCCCCCNC(=O)C(CC(C)C)NC(=O)C(O)C(N)Cc6ccccc6)CC5)cc4OC)nc32)c1
57,C=CC(=O)Nc1cccc(-n2c(=O)cc(C)c3cnc(Nc4ccc(N5CCN(C(=O)CCCCCCCCCCCNC(=O)c6ccc(NC(=O)C7NC(CC(C)(C)C)C(C#N)(c8ccc(Cl)cc8F)C7c7cccc(Cl)c7F)c(OC)c6)CC5)cc4OC)nc32)c1
58,C=CC(=O)Nc1cccc(-n2c(=O)cc(C)c3cnc(Nc4ccc(N5CCN(CCCCCCCCCCCCNC(=O)c6ccc(NC(=O)C7NC(CC(C)(C)C)C(C#N)(c8ccc(Cl)cc8F)C7c7cccc(Cl)c7F)c(OC)c6)CC5)cc4OC)nc32)c1
59,C=CC(=O)Nc1cccc(-n2c(=O)cc(C)c3cnc(Nc4ccc(N5CCN(C(=O)CCCCCCCCCCC(=O)NC(C(=O)N6CC(O)CC6C(=O)NCc6ccc(-c7scnc7C)cc6)C(C)(C)C)CC5)cc4OC)nc32)c1
60,C=CC(=O)Nc1cccc(-n2c(=O)cc(C)c3cnc(Nc4ccc(N5CCN(CCCCCCCCCCCC(=O)NC(C(=O)N6CC(O)CC6C(=O)NCc6ccc(-c7scnc7C)cc6)C(C)(C)C)CC5)cc4OC)nc32)c1
61,C=CC(=O)Nc1cccc(-n2c(=O)cc(C)c3cnc(Nc4ccc(N5CCN(C(=O)CCCCCCCCCNC(=O)c6ccc(NC(=O)C7NC(CC(C)(C)C)C(C#N)(c8ccc(Cl)cc8F)C7c7cccc(Cl)c7F)c(OC)c6)CC5)cc4OC)nc32)c1
62,C=CC(=O)Nc1cccc(-n2c(=O)cc(C)c3cnc(Nc4ccc(N5CCN(C(=O)CCCCCCCNC(=O)c6ccc(NC(=O)C7NC(CC(C)(C)C)C(C#N)(c8ccc(Cl)cc8F)C7c7cccc(Cl)c7F)c(OC)c6)CC5)cc4OC)nc32)c1
63,C=CC(=O)Nc1cccc(-n2c(=O)cc(C)c3cnc(Nc4ccc(N5CCN(C(=O)CCCCCNC(=O)c6ccc(NC(=O)C7NC(CC(C)(C)C)C(C#N)(c8ccc(Cl)cc8F)C7c7cccc(Cl)c7F)c(OC)c6)CC5)cc4OC)nc32)c1
64,C=CC(=O)Nc1cccc(-n2c(=O)cc(C)c3cnc(Nc4ccc(N5CCN(C(=O)CCCCCCCCC(=O)NC(C(=O)N6CC(O)CC6C(=O)NCc6ccc(-c7scnc7C)cc6)C(C)(C)C)CC5)cc4OC)nc32)c1
65,C=CC(=O)Nc1cccc(-n2c(=O)cc(C)c3cnc(Nc4ccc(N5CCN(C(=O)CCCCCCC(=O)NC(C(=O)N6CC(O)CC6C(=O)NCc6ccc(-c7scnc7C)cc6)C(C)(C)C)CC5)cc4OC)nc32)c1
66,C=CC(=O)Nc1cccc(-n2c(=O)cc(C)c3cnc(Nc4ccc(N5CCN(C(=O)CCCCC(=O)NC(C(=O)N6CC(O)CC6C(=O)NCc6ccc(-c7scnc7C)cc6)C(C)(C)C)CC5)cc4OC)nc32)c1
67,C=CC(=O)Nc1cccc(-n2c(=O)cc(C)c3cnc(Nc4ccc(N5CCN(CCCCCCCCCC(=O)NC(C(=O)N6CC(O)CC6C(=O)NCc6ccc(-c7scnc7C)cc6)C(C)(C)C)CC5)cc4OC)nc32)c1
68,C=CC(=O)Nc1cccc(-n2c(=O)cc(C)c3cnc(Nc4ccc(N5CCN(CCCCCCCC(=O)NC(C(=O)N6CC(O)CC6C(=O)NCc6ccc(-c7scnc7C)cc6)C(C)(C)C)CC5)cc4OC)nc32)c1
69,C=CC(=O)Nc1cccc(-n2c(=O)cc(C)c3cnc(Nc4ccc(N5CCN(CCCCCC(=O)NC(C(=O)N6CC(O)CC6C(=O)NCc6ccc(-c7scnc7C)cc6)C(C)(C)C)CC5)cc4OC)nc32)c1
70,C=CC(=O)Nc1cccc(-n2c(=O)cc(C)c3cnc(Nc4ccc(N5CCN(CCCC(=O)NC(C(=O)N6CC(O)CC6C(=O)NCc6ccc(-c7scnc7C)cc6)C(C)(C)C)CC5)cc4OC)nc32)c1
71,COc1cc2c(OCC3CCC(=O)N3)ncc(C#CCOCCOCCOCCC(=O)NC(C(=O)N3CC(O)CC3C(=O)NCc3ccc(-c4scnc4C)cc3)C(C)(C)C)c2cc1C(N)=O
72,COc1cc2c(OCC3CCC(=O)N3)ncc(C#CCCCCCCCCCCC(=O)NC(C(=O)N3CC(O)CC3C(=O)NCc3ccc(-c4scnc4C)cc3)C(C)(C)C)c2cc1C(N)=O
73,COc1cc2c(OCC3CCC(=O)N3)ncc(C#CCOCCOCCOCCOc3cccc4c3C(=O)N(C3CCC(=O)NC3=O)C4=O)c2cc1C(N)=O
74,COc1cc2c(OCC3CCC(=O)N3)ncc(C#CCCCCCCCCCCOc3cccc4c3C(=O)N(C3CCC(=O)NC3=O)C4=O)c2cc1C(N)=O
75,CNC(C)C(=O)NC(C(=O)N1CC(NC(=O)CCOCCOCCOCC#Cc2cnc(OCC3CCC(=O)N3)c3cc(OC)c(C(N)=O)cc23)CC1C(=O)NC1CCCc2ccccc21)C1CCCCC1
76,CNC(C)C(=O)NC(C(=O)N1CC(NC(=O)CCCCCCCCCCC#Cc2cnc(OCC3CCC(=O)N3)c3cc(OC)c(C(N)=O)cc23)CC1C(=O)NC1CCCc2ccccc21)C1CCCCC1
77,COc1cc2c(OCC3CCC(=O)N3)ncc(C#CCCC(=O)NC(C(=O)N3CC(O)CC3C(=O)NCc3ccc(-c4scnc4C)cc3)C(C)(C)C)c2cc1C(N)=O
78,COc1cc2c(OCC3CCC(=O)N3)ncc(C#CCCCC(=O)NC(C(=O)N3CC(O)CC3C(=O)NCc3ccc(-c4scnc4C)cc3)C(C)(C)C)c2cc1C(N)=O
79,CCC1C(COc2ncc(C#CCCCCCCCCCCC(=O)NC(C(=O)N3CC(O)CC3C(=O)NCc3ccc(-c4scnc4C)cc3)C(C)(C)C)c3cc(C(N)=O)c(OC)cc23)NC(=O)C1F
80,CCC1C(COc2ncc(C#CCN3CCC4(CC3)CCN(c3ncc(C(=O)NC(C(=O)N5CC(O)CC5C(=O)NCc5ccc(-c6scnc6C)cc5)C(C)(C)C)cn3)CC4)c3cc(C(N)=O)c(OC)cc23)NC(=O)C1F
81,Cc1nc(Nc2ncc(C(=O)Nc3c(C)cccc3Cl)s2)cc(N2CCN(CCCCCCOCCOCCOCCCCCC(=O)NC(C(=O)N3CC(O)CC3C(=O)NCc3ccc(-c4scnc4C)cc3)C(C)(C)C)CC2)n1
82,Cc1nc(Nc2ncc(C(=O)Nc3c(C)cccc3Cl)s2)cc(N2CCN(C(=O)CCCCCOCCOCCOCCCCCC(=O)NC(C(=O)N3CC(O)CC3C(=O)NCc3ccc(-c4scnc4C)cc3)C(C)(C)C)CC2)n1
83,Cc1nc(Nc2ncc(C(=O)Nc3c(C)cccc3Cl)s2)cc(N2CCN(C(=O)CCOCCOCCOCCOCCOCCC(=O)NC(C(=O)N3CC(O)CC3C(=O)NCc3ccc(-c4scnc4C)cc3)C(C)(C)C)CC2)n1
84,Cc1nc(Nc2ncc(C(=O)Nc3c(C)cccc3Cl)s2)cc(N2CCN(C(=O)CCOCCOCCOCCOCCC(=O)NC(C(=O)N3CC(O)CC3C(=O)NCc3ccc(-c4scnc4C)cc3)C(C)(C)C)CC2)n1
85,Cc1nc(Nc2ncc(C(=O)Nc3c(C)cccc3Cl)s2)cc(N2CCN(C(=O)CCOCCOCCOCCC(=O)NC(C(=O)N3CC(O)CC3C(=O)NCc3ccc(-c4scnc4C)cc3)C(C)(C)C)CC2)n1
86,Cc1nc(Nc2ncc(C(=O)Nc3c(C)cccc3Cl)s2)cc(N2CCN(C(=O)CCOCCOCCC(=O)NC(C(=O)N3CC(O)CC3C(=O)NCc3ccc(-c4scnc4C)cc3)C(C)(C)C)CC2)n1
87,Cc1nc(Nc2ncc(C(=O)Nc3c(C)cccc3Cl)s2)cc(N2CCN(C(=O)COCCOCC(=O)NC(C(=O)N3CC(O)CC3C(=O)NCc3ccc(-c4scnc4C)cc3)C(C)(C)C)CC2)n1
88,Cc1nc(Nc2ncc(C(=O)Nc3c(C)cccc3Cl)s2)cc(N2CCN(C(=O)CCCCCCCCCCCCCCC(=O)NC(C(=O)N3CC(O)CC3C(=O)NCc3ccc(-c4scnc4C)cc3)C(C)(C)C)CC2)n1
89,Cc1nc(Nc2ncc(C(=O)Nc3c(C)cccc3Cl)s2)cc(N2CCN(C(=O)CCCCCCCCCCCCC(=O)NC(C(=O)N3CC(O)CC3C(=O)NCc3ccc(-c4scnc4C)cc3)C(C)(C)C)CC2)n1
90,Cc1nc(Nc2ncc(C(=O)Nc3c(C)cccc3Cl)s2)cc(N2CCN(C(=O)CCCCCCCCC(=O)NC(C(=O)N3CC(O)CC3C(=O)NCc3ccc(-c4scnc4C)cc3)C(C)(C)C)CC2)n1
91,Cc1nc(Nc2ncc(C(=O)Nc3c(C)cccc3Cl)s2)cc(N2CCN(C(=O)CCCCCCCC(=O)NC(C(=O)N3CC(O)CC3C(=O)NCc3ccc(-c4scnc4C)cc3)C(C)(C)C)CC2)n1
92,Cc1nc(Nc2ncc(C(=O)Nc3c(C)cccc3Cl)s2)cc(N2CCN(C(=O)CCCCCCC(=O)NC(C(=O)N3CC(O)CC3C(=O)NCc3ccc(-c4scnc4C)cc3)C(C)(C)C)CC2)n1
93,Cc1nc(Nc2ncc(C(=O)Nc3c(C)cccc3Cl)s2)cc(N2CCN(C(=O)CCCCCC(=O)NC(C(=O)N3CC(O)CC3C(=O)NCc3ccc(-c4scnc4C)cc3)C(C)(C)C)CC2)n1
94,Cc1nc(Nc2ncc(C(=O)Nc3c(C)cccc3Cl)s2)cc(N2CCN(C(=O)CCCCC(=O)NC(C(=O)N3CC(O)CC3C(=O)NCc3ccc(-c4scnc4C)cc3)C(C)(C)C)CC2)n1
95,Cc1nc(Nc2ncc(C(=O)Nc3c(C)cccc3Cl)s2)cc(N2CCN(C(=O)CCCC(=O)NC(C(=O)N3CC(O)CC3C(=O)NCc3ccc(-c4scnc4C)cc3)C(C)(C)C)CC2)n1
96,Cc1nc(Nc2ncc(C(=O)Nc3c(C)cccc3Cl)s2)cc(N2CCN(C(=O)CCC(=O)NC(C(=O)N3CC(O)CC3C(=O)NCc3ccc(-c4scnc4C)cc3)C(C)(C)C)CC2)n1
97,Cc1nc(Nc2ncc(C(=O)Nc3c(C)cccc3Cl)s2)cc(N2CCN(C(=O)CCCc3cn(CCCC(=O)NC(C(=O)N4CC(O)CC4C(=O)NCc4ccc(-c5scnc5C)cc4)C(C)(C)C)nn3)CC2)n1
98,Cc1nc(Nc2ncc(C(=O)Nc3c(C)cccc3Cl)s2)cc(N2CCN(C(=O)CNC(=O)CCCC(=O)NC(C(=O)N3CC(O)CC3C(=O)NCc3ccc(-c4scnc4C)cc3)C(C)(C)C)CC2)n1
99,Cc1nc(Nc2ncc(C(=O)Nc3c(C)cccc3Cl)s2)cc(N2CCN(C(=O)CCCCNC(=O)CCCCCCCCC(=O)NC(C(=O)N3CC(O)CC3C(=O)NCc3ccc(-c4scnc4C)cc3)C(C)(C)C)CC2)n1
100,Cc1nc(Nc2ncc(C(=O)Nc3c(C)cccc3Cl)s2)cc(N2CCN(CCCCCNC(=O)CCCCCCCCC(=O)NC(C(=O)N3CC(O)CC3C(=O)NCc3ccc(-c4scnc4C)cc3)C(C)(C)C)CC2)n1
101,COc1cc(C=C2SC(=O)N(Cc3cn(CCCNC(=O)C(N)CCCNC(=N)N)nn3)C2=O)ccc1Oc1ccc(C#N)cc1C(F)(F)F
102,COc1cc(C=C2SC(=O)N(Cc3cn(CCCNC(=O)C(N)Cc4c[nH]cn4)nn3)C2=O)ccc1Oc1ccc(C#N)cc1C(F)(F)F
103,CCC(C)C(N)c1cn(C(Cc2ccc(O)cc2)C(=O)N2CCN(c3nc(NCCOCCOCCOCc4cn(CCOCCOCCOCCOCCOCCNC(=O)CN5CCN(C(=O)N6C(c7ccc(OC)cc7OC(C)C)=NC(c7ccc(Cl)cc7)C6c6ccc(Cl)cc6)CC5=O)nn4)nc(N4CCN(C(=O)C(Cc5ccc(O)cc5)n5cc(C(N)C(C)CC)nn5)CC4)n3)CC2)nn1
104,CCC(C)C(N)c1cn(C(Cc2ccc(O)cc2)C(=O)N2CCN(c3nc(NCCOCCOCCOCc4cn(CCCCCC(=O)Nc5cccc6c5C(=O)N(C5CCC(=O)NC5=O)C6=O)nn4)nc(N4CCN(C(=O)C(Cc5ccc(O)cc5)n5cc(C(N)C(C)CC)nn5)CC4)n3)CC2)nn1
110,CCC1C(=O)N(C)c2cnc(Nc3ccc(C(=O)NCCOCCOCCNc4cccc5c4C(=O)N(C4CCC(=O)NC4=O)C5=O)cc3OC)nc2N1C1CCCC1
111,CNC(C)C(=O)NC(C(=O)N1CC(NC(=O)CCCCCCCCCn2cc(Nc3ncc(Cl)c(NCc4cc(F)ccc4F)n3)cn2)CC1C(=O)NC1CCCc2ccccc21)C1CCCCC1
112,Cc1ncsc1-c1ccc(CNC(=O)C2CC(O)CN2C(=O)C(NC(=O)CCCCCCCCCn2cc(Nc3ncc(Cl)c(NCc4cc(F)ccc4F)n3)cn2)C(C)(C)C)cc1
114,CNC(C)C(=O)NC(C(=O)N1CC(NC(=O)COCCOCCOCCOCCn2cc(Nc3ncc(Cl)c(NCc4cc(F)ccc4F)n3)cn2)CC1C(=O)NC1CCCc2ccccc21)C1CCCCC1
115,Cc1ncsc1-c1ccc(CNC(=O)C2CC(O)CN2C(=O)C(NC(=O)COCCOCCOCCOCCn2cc(Nc3ncc(Cl)c(NCc4cc(F)ccc4F)n3)cn2)C(C)(C)C)cc1
117,CNC(C)C(=O)NC(C(=O)N1CC(NC(=O)CCCCCCCCCOc2cc(F)cc(CNc3nc(Nc4cnn(C)c4)ncc3Cl)c2F)CC1C(=O)NC1CCCc2ccccc21)C1CCCCC1
118,Cc1ncsc1-c1ccc(CNC(=O)C2CC(O)CN2C(=O)C(NC(=O)CCCCCCCCCOc2cc(F)cc(CNc3nc(Nc4cnn(C)c4)ncc3Cl)c2F)C(C)(C)C)cc1
120,CNC(C)C(=O)NC(C(=O)N1CC(NC(=O)COCCOCCOCCOCCOc2cc(F)cc(CNc3nc(Nc4cnn(C)c4)ncc3Cl)c2F)CC1C(=O)NC1CCCc2ccccc21)C1CCCCC1
121,Cc1ncsc1-c1ccc(CNC(=O)C2CC(O)CN2C(=O)C(NC(=O)COCCOCCOCCOCCOc2cc(F)cc(CNc3nc(Nc4cnn(C)c4)ncc3Cl)c2F)C(C)(C)C)cc1
123,CNC(C)C(=O)NC(C(=O)N1CC(NC(=O)COCCOCCOCCOCCOCCOCCOc2cc(F)cc(CNc3nc(Nc4cnn(C)c4)ncc3Cl)c2F)CC1C(=O)NC1CCCc2ccccc21)C1CCCCC1
124,Cc1ncsc1-c1ccc(CNC(=O)C2CC(O)CN2C(=O)C(NC(=O)COCCOCCOCCOCCOCCOCCOc2cc(F)cc(CNc3nc(Nc4cnn(C)c4)ncc3Cl)c2F)C(C)(C)C)cc1
126,CNC(C)C(=O)NC(C(=O)N1CC(NC(=O)CCCCCCCCCN2CCN(CCCOc3ccc(-c4cnc5cccc(-c6cc(F)c(CN7CCS(=O)(=O)CC7)c(F)c6)c5n4)cc3OC)CC2)CC1C(=O)NC1CCCc2ccccc21)C1CCCCC1
127,COc1cc(-c2cnc3cccc(-c4cc(F)c(CN5CCS(=O)(=O)CC5)c(F)c4)c3n2)ccc1OCCCN1CCN(CCCCCCCCCC(=O)NC(C(=O)N2CC(O)CC2C(=O)NCc2ccc(-c3scnc3C)cc2)C(C)(C)C)CC1
129,CNC(C)C(=O)NC(C(=O)N1CC(NC(=O)COCCOCCOCCOCCN2CCN(CCCOc3ccc(-c4cnc5cccc(-c6cc(F)c(CN7CCS(=O)(=O)CC7)c(F)c6)c5n4)cc3OC)CC2)CC1C(=O)NC1CCCc2ccccc21)C1CCCCC1
130,COc1cc(-c2cnc3cccc(-c4cc(F)c(CN5CCS(=O)(=O)CC5)c(F)c4)c3n2)ccc1OCCCN1CCN(CCOCCOCCOCCOCC(=O)NC(C(=O)N2CC(O)CC2C(=O)NCc2ccc(-c3scnc3C)cc2)C(C)(C)C)CC1
132,CNC(C)C(=O)NC(C(=O)N1CC(NC(=O)COCCOCCOCCOCCOCCOCCN2CCN(CCCOc3ccc(-c4cnc5cccc(-c6cc(F)c(CN7CCS(=O)(=O)CC7)c(F)c6)c5n4)cc3OC)CC2)CC1C(=O)NC1CCCc2ccccc21)C1CCCCC1
133,COc1cc(-c2cnc3cccc(-c4cc(F)c(CN5CCS(=O)(=O)CC5)c(F)c4)c3n2)ccc1OCCCN1CCN(CCOCCOCCOCCOCCOCCOCC(=O)NC(C(=O)N2CC(O)CC2C(=O)NCc2ccc(-c3scnc3C)cc2)C(C)(C)C)CC1
143,Cc1ncsc1-c1ccc(CNC(=O)C2CC(O)CN2C(=O)C(NC(=O)CCCCCCN2CCN(c3ccc(Nc4cc5c(N6CCC(CO)CC6)nc(Nc6ccc(F)cc6)nc5cn4)nc3)CC2)C(C)(C)C)cc1
144,Cc1ncsc1-c1ccc(CNC(=O)C2CC(O)CN2C(=O)C(NC(=O)CCCCN2CCN(c3ccc(Nc4cc5c(N6CCC(CO)CC6)nc(Nc6ccc(F)cc6)nc5cn4)nc3)CC2)C(C)(C)C)cc1
145,Cc1ncsc1-c1ccc(CNC(=O)C2CC(O)CN2C(=O)C(NCCOCCOCCOCCN2CCN(c3ccc(Nc4cc5c(N6CCC(CO)CC6)nc(Nc6ccc(F)cc6)nc5cn4)nc3)CC2)C(C)(C)C)cc1
146,Cc1ncsc1-c1ccc(CNC(=O)C2CC(O)CN2C(=O)C(NCCOCCOCCN2CCN(c3ccc(Nc4cc5c(N6CCC(CO)CC6)nc(Nc6ccc(F)cc6)nc5cn4)nc3)CC2)C(C)(C)C)cc1
147,Cc1ncsc1-c1ccc(CNC(=O)C2CC(O)CN2C(=O)C(NCCOCCOCCn2cc(CN3CCN(c4ccc(Nc5cc6c(N7CCC(CO)CC7)nc(Nc7ccc(F)cc7)nc6cn5)nc4)CC3)nn2)C(C)(C)C)cc1
149,CC(C)(C)C(O)=CC(=N)N[N+](=O)Nc1ccc(-c2cn3c(n2)sc2cc(OCCN4CCN(C(=O)CCC(=O)NCCCCNC(=O)COc5cccc6c5C(=O)N(C5CCC(=O)NC5=O)C6=O)CC4)ccc23)cc1
160,Cc1ncsc1-c1ccc(CNC(=O)C2CC(O)CN2C(=O)C(NC(=O)COCCCCOc2ccc(Nc3ncc(Br)c(NCCCN(C)C(=O)C4CCC4)n3)cc2)C(C)(C)C)cc1
161,Cc1ncsc1-c1ccc(CNC(=O)C2CC(O)CN2C(=O)C(NC(=O)COCCOCCOc2ccc(Nc3ncc(Br)c(NCCCN(C)C(=O)C4CCC4)n3)cc2)C(C)(C)C)cc1
162,Cc1ncsc1-c1ccc(CNC(=O)C2CC(O)CN2C(=O)C(NC(=O)CCCCCOCCOc2ccc(Nc3ncc(Br)c(NCCCN(C)C(=O)C4CCC4)n3)cc2)C(C)(C)C)cc1
163,Cc1ncsc1-c1ccc(CNC(=O)C2CC(O)CN2C(=O)C(NC(=O)COCCCOCCCOc2ccc(Nc3ncc(Br)c(NCCCN(C)C(=O)C4CCC4)n3)cc2)C(C)(C)C)cc1
164,Cc1ncsc1-c1ccc(CNC(=O)C2CC(O)CN2C(=O)C(NC(=O)COCCOCCOCCOc2ccc(Nc3ncc(Br)c(NCCCN(C)C(=O)C4CCC4)n3)cc2)C(C)(C)C)cc1
165,Cc1ncsc1-c1ccc(CNC(=O)C2CC(O)CN2C(=O)C(NC(=O)COCCCOCCCCCOc2ccc(Nc3ncc(Br)c(NCCCN(C)C(=O)C4CCC4)n3)cc2)C(C)(C)C)cc1
166,Cc1ncsc1-c1ccc(CNC(=O)C2CC(O)CN2C(=O)C(NC(=O)COCCOCCOCCCCOc2ccc(Nc3ncc(Br)c(NCCCN(C)C(=O)C4CCC4)n3)cc2)C(C)(C)C)cc1
167,Cc1ncsc1-c1ccc(CNC(=O)C2CC(O)CN2C(=O)C(NC(=O)COCCOCCOCCOCCOc2ccc(Nc3ncc(Br)c(NCCCN(C)C(=O)C4CCC4)n3)cc2)C(C)(C)C)cc1
168,Cc1ncsc1-c1ccc(CNC(=O)C2CC(O)CN2C(=O)C(NC(=O)COCCCOCCCCOCCCOc2ccc(Nc3ncc(Br)c(NCCCN(C)C(=O)C4CCC4)n3)cc2)C(C)(C)C)cc1
169,Cc1ncsc1-c1ccc(CNC(=O)C2CC(O)CN2C(=O)C(NC(=O)CCCCCOCCCCOCCCCOc2ccc(Nc3ncc(Br)c(NCCCN(C)C(=O)C4CCC4)n3)cc2)C(C)(C)C)cc1
170,Cc1ncsc1-c1ccc(CNC(=O)C2CC(O)CN2C(=O)C(NC(=O)COCCOCCOCCOCCOCCOc2ccc(Nc3ncc(Br)c(NCCCN(C)C(=O)C4CCC4)n3)cc2)C(C)(C)C)cc1
171,Cc1ncsc1-c1ccc(CNC(=O)C2CC(O)CN2C(=O)C(NC(=O)COCCOCCCCOCCCCOCCOc2ccc(Nc3ncc(Br)c(NCCCN(C)C(=O)C4CCC4)n3)cc2)C(C)(C)C)cc1
172,Cc1ncsc1-c1ccc(CNC(=O)C2CC(O)CN2C(=O)C(NC(=O)CCOCCCOCCCOCCCOCCCOc2ccc(Nc3ncc(Br)c(NCCCN(C)C(=O)C4CCC4)n3)cc2)C(C)(C)C)cc1
173,Cc1ncsc1-c1ccc(CNC(=O)C2CC(O)CN2C(=O)C(NC(=O)COCCOCCOCCOCCOCCOCCOc2ccc(Nc3ncc(Br)c(NCCCN(C)C(=O)C4CCC4)n3)cc2)C(C)(C)C)cc1
174,Cc1ncsc1-c1ccc(CNC(=O)C2CC(O)CN2C(=O)C(NC(=O)COCCOCCCCOCCCCOCCOCCOc2ccc(Nc3ncc(Br)c(NCCCN(C)C(=O)C4CCC4)n3)cc2)C(C)(C)C)cc1
175,Cc1ncsc1-c1ccc(CNC(=O)C2CC(O)CN2C(=O)C(NC(=O)COCCCCCOCCCCOCCCCOCCCCOCCCCCOc2ccc(Nc3ncc(Br)c(NCCCN(C)C(=O)C4CCC4)n3)cc2)C(C)(C)C)cc1
176,Cc1ncsc1-c1ccc(CNC(=O)C2CC(O)CN2C(=O)C(NC(=O)COCCCOCCCCOCCCOc2ccc(Nc3nccc(NCCCN(C)C(=O)C4CCC4)n3)cc2)C(C)(C)C)cc1
177,Cc1ncsc1-c1ccc(CNC(=O)C2CC(O)CN2C(=O)C(NC(=O)COCCCOCCCCOCCCOc2ccc(Nc3ncc(F)c(NCCCN(C)C(=O)C4CCC4)n3)cc2)C(C)(C)C)cc1
178,Cc1ncsc1-c1ccc(CNC(=O)C2CC(O)CN2C(=O)C(NC(=O)COCCCOCCCCOCCCOc2ccc(Nc3ncc(Cl)c(NCCCN(C)C(=O)C4CCC4)n3)cc2)C(C)(C)C)cc1
179,Cc1ncsc1-c1ccc(CNC(=O)C2CC(O)CN2C(=O)C(NC(=O)COCCCOCCCCOCCCOc2ccc(Nc3ncc(I)c(NCCCN(C)C(=O)C4CCC4)n3)cc2)C(C)(C)C)cc1
180,Cc1ncsc1-c1ccc(CNC(=O)C2CC(O)CN2C(=O)C(NC(=O)COCCCOCCCCOCCCOc2ccc(Nc3ncc(C(F)(F)F)c(NCCCN(C)C(=O)C4CCC4)n3)cc2)C(C)(C)C)cc1
181,Cc1cnc(Nc2ccc(OCCCOCCCCOCCCOCC(=O)NC(C(=O)N3CC(O)CC3C(=O)NCc3ccc(-c4scnc4C)cc3)C(C)(C)C)cc2)nc1NCCCN(C)C(=O)C1CCC1
182,CCc1cnc(Nc2ccc(OCCCOCCCCOCCCOCC(=O)NC(C(=O)N3CC(O)CC3C(=O)NCc3ccc(-c4scnc4C)cc3)C(C)(C)C)cc2)nc1NCCCN(C)C(=O)C1CCC1
183,Cc1ncsc1-c1ccc(CNC(=O)C2CC(O)CN2C(=O)C(NC(=O)COCCCOCCCCOCCCOc2ccc(Nc3ncc(C4CCC4)c(NCCCN(C)C(=O)C4CCC4)n3)cc2)C(C)(C)C)cc1
184,C=Cc1cnc(Nc2ccc(OCCCOCCCCOCCCOCC(=O)NC(C(=O)N3CC(O)CC3C(=O)NCc3ccc(-c4scnc4C)cc3)C(C)(C)C)cc2)nc1NCCCN(C)C(=O)C1CCC1
185,Cc1ncsc1-c1ccc(CNC(=O)C2CC(O)CN2C(=O)C(NC(=O)COCCCOCCCCOCCCOc2ccc(Nc3ncc(C4CC4)c(NCCCN(C)C(=O)C4CCC4)n3)cc2)C(C)(C)C)cc1
186,Cc1ncsc1-c1ccc(CNC(=O)C2CC(O)CN2C(=O)CNC(=O)COCCCOCCCCOCCCOc2ccc(Nc3ncc(Br)c(NCCCN(C)C(=O)C4CCC4)n3)cc2)cc1
187,Cc1ncsc1-c1ccc(CNC(=O)C2CC(O)CN2C(=O)C(C)NC(=O)COCCCOCCCCOCCCOc2ccc(Nc3ncc(Br)c(NCCCN(C)C(=O)C4CCC4)n3)cc2)cc1
188,CCC(NC(=O)COCCCOCCCCOCCCOc1ccc(Nc2ncc(Br)c(NCCCN(C)C(=O)C3CCC3)n2)cc1)C(=O)N1CC(O)CC1C(=O)NCc1ccc(-c2scnc2C)cc1
189,CCCC(NC(=O)COCCCOCCCCOCCCOc1ccc(Nc2ncc(Br)c(NCCCN(C)C(=O)C3CCC3)n2)cc1)C(=O)N1CC(O)CC1C(=O)NCc1ccc(-c2scnc2C)cc1
190,Cc1ncsc1-c1ccc(CNC(=O)C2CC(O)CN2C(=O)C(NC(=O)COCCCOCCCCOCCCOc2ccc(Nc3ncc(Br)c(NCCCN(C)C(=O)C4CCC4)n3)cc2)C(C)C)cc1
193,Cc1ncsc1-c1ccc(CNC(=O)C2CC(O)CN2C(=O)C(NC(=O)COCCOCCOCCOCCOc2cc3nccc(Nc4ccc5scnc5c4)c3cc2S(=O)(=O)C(C)(C)C)C(C)(C)C)cc1
194,COc1cc(C=C2SC(=O)N(CCOCCC(=O)NC(C(=O)N3CC(O)CC3C(=O)NCc3ccc(-c4scnc4C)cc3)C(C)(C)C)C2=O)ccc1Oc1ccc(C#N)cc1C(F)(F)F
203,Cc1sc2c(c1C)C(c1ccc(Cl)cc1)=NC(CC(=O)NCCCCNC(=O)COc1cccc3c1C(=O)N(C1CCC(=O)NC1=O)C3=O)c1nnc(C)n1-2
204,CCC(C)(C)C(=O)C(=O)N1CCCCC1C(=O)OC(CCc1ccc(OC)c(OC)c1)c1cccc(NC(=O)CCC(=O)NCCCCNC(=O)COc2cccc3c2C(=O)N(C2CCC(=O)NC2=O)C3=O)c1
205,CCC(C)(C)C(=O)C(=O)N1CCCCC1C(=O)OC(CCc1ccc(OC)c(OC)c1)c1cccc(NC(=O)CCC(=O)NCCCOCCOCCOCCCNC(=O)COc2cccc3c2C(=O)N(C2CCC(=O)NC2=O)C3=O)c1
206,Cc1ccc(NC(=O)c2ccc(CN3CCN(CCCCCCOCCOCCOCCCCCC(=O)NC(C(=O)N4CC(O)CC4C(=O)NCc4ccc(-c5scnc5C)cc4)C(C)(C)C)CC3)cc2)cc1Nc1nccc(-c2cccnc2)n1
207,Cc1ccc(NC(=O)c2ccc(CN3CCN(CCCCCCOCCOCC(=O)NC(C(=O)N4CC(O)CC4C(=O)NCc4ccc(-c5scnc5C)cc4)C(C)(C)C)CC3)cc2)cc1Nc1nccc(-c2cccnc2)n1
208,Cc1ccc(NC(=O)c2ccc(CN3CCN(CCCCCCOCCOCCOCCOCCOCCOCC(=O)NC(C(=O)N4CC(O)CC4C(=O)NCc4ccc(-c5scnc5C)cc4)C(C)(C)C)CC3)cc2)cc1Nc1nccc(-c2cccnc2)n1
209,Cc1ccc(NC(=O)c2ccc(CN3CCN(CCCCCCOCCCCCOCCCCCC(=O)NC(C(=O)N4CC(O)CC4C(=O)NCc4ccc(-c5scnc5C)cc4)C(C)(C)C)CC3)cc2)cc1Nc1nccc(-c2cccnc2)n1
214,COc1cc(Nc2c(C#N)cnc3cc(OCCCN4CCN(CCCCCCOCCOCCOCCCCCC(=O)NC(C(=O)N5CC(O)CC5C(=O)NCc5ccc(-c6scnc6C)cc5)C(C)(C)C)CC4)c(OC)cc23)c(Cl)cc1Cl
215,COc1cc(Nc2c(C#N)cnc3cc(OCCCN4CCN(CCCCCCOCCOCC(=O)NC(C(=O)N5CC(O)CC5C(=O)NCc5ccc(-c6scnc6C)cc5)C(C)(C)C)CC4)c(OC)cc23)c(Cl)cc1Cl
216,COc1cc(Nc2c(C#N)cnc3cc(OCCCN4CCN(CCCCCCOCCOCCOCCOCCOCCOCC(=O)NC(C(=O)N5CC(O)CC5C(=O)NCc5ccc(-c6scnc6C)cc5)C(C)(C)C)CC4)c(OC)cc23)c(Cl)cc1Cl
217,COc1cc(Nc2c(C#N)cnc3cc(OCCCN4CCN(CCCCCCOCCCCCOCCCCCC(=O)NC(C(=O)N5CC(O)CC5C(=O)NCc5ccc(-c6scnc6C)cc5)C(C)(C)C)CC4)c(OC)cc23)c(Cl)cc1Cl
222,Cc1nc(Nc2ncc(C(=O)Nc3c(C)cccc3Cl)s2)cc(N2CCN(CCCCCCOCCOCC(=O)NC(C(=O)N3CC(O)CC3C(=O)NCc3ccc(-c4scnc4C)cc3)C(C)(C)C)CC2)n1
223,Cc1nc(Nc2ncc(C(=O)Nc3c(C)cccc3Cl)s2)cc(N2CCN(CCCCCCOCCOCCOCCOCCOCCOCC(=O)NC(C(=O)N3CC(O)CC3C(=O)NCc3ccc(-c4scnc4C)cc3)C(C)(C)C)CC2)n1
224,Cc1nc(Nc2ncc(C(=O)Nc3c(C)cccc3Cl)s2)cc(N2CCN(CCCCCCOCCCCCOCCCCCC(=O)NC(C(=O)N3CC(O)CC3C(=O)NCc3ccc(-c4scnc4C)cc3)C(C)(C)C)CC2)n1
234,COc1ccc(-c2cn(C)c(=O)c3cc(C(=N)NC4CCS(=O)(=O)CC4)sc23)cc1OCC(=O)NCCOCCOCCOCCNC(C(=O)N1CC(O)CC1C(=O)NCc1ccc(-c2scnc2C)cc1)C(C)(C)C
235,COc1ccc(-c2cn(C)c(=O)c3cc(C(=N)NC4CCS(=O)(=O)CC4)sc23)cc1OCC(=O)NCCOCCOCCNC(C(=O)N1CC(O)CC1C(=O)NCc1ccc(-c2scnc2C)cc1)C(C)(C)C
241,COc1cc(-c2cn(C)c(=O)c3cnccc23)cc(OC)c1CN(C)CC(=O)NCCOCCOCCOCC(=O)NC(C(=O)N1CC(O)CC1C(=O)NCc1ccc(-c2scnc2C)cc1)C(C)(C)C
245,N#CC1(CNc2cccc(-c3cc(NC4CCC(NCC(=O)NCCOCCOCCOCCCNc5cccc6c5C(=O)N(C5CCC(=O)NC5=O)C6=O)CC4)ncc3Cl)n2)CCOCC1
246,N#CC1(CNc2cccc(-c3cc(NC4CCC(NCCCCCCNc5cccc6c5C(=O)C(C5CCC(=O)NC5=O)C6=O)CC4)ncc3Cl)n2)CCOCC1
247,N#CC1(CNc2cccc(-c3cc(NC4CCC(NCCCCCCNC(=O)CNc5cccc6c5C(=O)N(C5CCC(=O)NC5=O)C6=O)CC4)ncc3Cl)n2)CCOCC1
248,N#CC1(CNc2cccc(-c3cc(NC4CCC(NCCCC(=O)NCCCCOc5ccc6c(c5)C(=O)N(C5CCC(=O)NC5=O)C6=O)CC4)ncc3Cl)n2)CCOCC1
255,Cc1ncsc1-c1ccc(CNC(=O)C2CC(O)CN2C(=O)C(NC(=O)C2(F)CC2)C(C)(C)C)c(OCCOCCOCCN2CCN(c3cc(-c4ccccc4O)nnc3N)CC2)c1
256,Cc1ncsc1-c1ccc(CNC(=O)C2CC(O)CN2C(=O)C(NC(=O)C2(F)CC2)C(C)(C)C)c(OCCc2ccc(CN3CCN(c4cc(-c5ccccc5O)nnc4N)CC3)cc2)c1
257,Cc1ncsc1-c1ccc(CNC(=O)C2CC(O)CN2C(=O)C(NC(=O)C2(F)CC2)C(C)(C)C)c(OCCOc2ccc(CN3CCN(c4cc(-c5ccccc5O)nnc4N)CC3)cc2)c1
258,CC1CC(O)c2ncnc(C3CCN(C(=O)C(CNCCCCCCCCCCc4cccc5c4CN(C4CCC(=O)NC4=O)C5=O)c4ccc(Cl)cc4)CC3)c21
281,Cc1ncsc1-c1ccc(CNC(=O)C2CC(O)CN2C(=O)C(NC(=O)CCNC(=O)c2ccc(-c3cnc(NCc4ccco4)n4cnnc34)cc2)C(C)(C)C)cc1
282,Cc1ncsc1-c1ccc(CNC(=O)C2CC(O)CN2C(=O)C(NC(=O)CCCNC(=O)c2ccc(-c3cnc(NCc4ccco4)n4cnnc34)cc2)C(C)(C)C)cc1
283,Cc1ncsc1-c1ccc(CNC(=O)C2CC(O)CN2C(=O)C(NC(=O)CCCCNC(=O)c2ccc(-c3cnc(NCc4ccco4)n4cnnc34)cc2)C(C)(C)C)cc1
284,Cc1ncsc1-c1ccc(CNC(=O)C2CC(O)CN2C(=O)C(NC(=O)CCOCCOCCNC(=O)c2ccc(-c3cnc(NCc4ccco4)n4cnnc34)cc2)C(C)(C)C)cc1
285,Cc1ncsc1-c1ccc(CNC(=O)C2CC(O)CN2C(=O)C(NC(=O)COCCOCCOCCNC(=O)c2ccc(-c3cnc(NCc4ccco4)n4cnnc34)cc2)C(C)(C)C)cc1
286,Cc1ncsc1-c1ccc(CNC(=O)C2CC(O)CN2C(=O)C(NC(=O)CCOCCOCCOCCOCCNC(=O)c2ccc(-c3cnc(NCc4ccco4)n4cnnc34)cc2)C(C)(C)C)cc1
290,Cc1ncsc1-c1ccc(CNC(=O)C2CC(O)CN2C(=O)C(NC(=O)COCCOCCOCCOCCNC(=O)c2ccc(CN(CC3CCCCC3)S(=O)(=O)c3ccc(S(=O)(=O)N(Cc4ccc(Cl)cc4)C4CCCC4)cc3)cc2)C(C)C)cc1
291,Cc1cc(C(C(=O)N2CC(O)CC2C(=O)NC(CC(=O)N2CCC(N3CCC(C#Cc4ccc(C(=O)NC5C(C)(C)C(Oc6ccc(C#N)c(Cl)c6)C5(C)C)cc4)CC3)CC2)c2ccc(-c3scnc3C)cc2)C(C)C)on1
292,C#Cc1ccc(C(CC(=O)N2CCC(N3CCC(C#Cc4ccc(C(=O)NC5C(C)(C)C(Oc6ccc(C#N)c(Cl)c6)C5(C)C)cc4)CC3)CC2)NC(=O)C2CC(O)CN2C(=O)C(c2cc(C)no2)C(C)C)cc1
293,Cc1cc(C(C(=O)N2CC(O)CC2C(=O)NC(CC(=O)N2CCC(N3CCC(C#Cc4ccc(C(=O)NC5C(C)(C)C(Oc6ccc(C#N)c(Cl)c6)C5(C)C)cc4)CC3)CC2)c2ccc(C#N)cc2)C(C)C)on1
294,Cc1cc(C(C(=O)N2CC(O)CC2C(=O)NC(CC(=O)N2CCC(N3CCC(C#Cc4ccc(C(=O)NC5C(C)(C)C(Oc6ccc(C#N)c(Cl)c6)C5(C)C)cc4)CC3)CC2)c2ccc(Br)cc2)C(C)C)on1
295,Cc1cc(C(C(=O)N2CC(O)CC2C(=O)NC(CC(=O)N2CCC(N3CCC(C#Cc4ccc(C(=O)NC5C(C)(C)C(Oc6ccc(C#N)c(Cl)c6)C5(C)C)cc4)CC3)CC2)c2ccc(Cl)cc2)C(C)C)on1
296,Cc1cc(C(C(=O)N2CC(O)CC2C(=O)NC(CC(=O)N2CCC(N3CCC(C#Cc4ccc(C(=O)NC5C(C)(C)C(Oc6ccc(C#N)c(Cl)c6)C5(C)C)cc4)CC3)CC2)c2ccc(F)cc2)C(C)C)on1
297,Cc1cc(C(C(=O)N2CC(O)CC2C(=O)NC(CC(=O)N2CCC(N3CCC(C#Cc4ccc(C(=O)NC5C(C)(C)C(Oc6ccc(C#N)c(Cl)c6)C5(C)C)cc4)CC3)CC2)c2ccccc2)C(C)C)on1
298,CC(=O)NCC(C(=O)N1CC(O)CC1C(=O)NC(CC(=O)N1CCC(N2CCC(C#Cc3ccc(C(=O)NC4C(C)(C)C(Oc5ccc(C#N)c(Cl)c5)C4(C)C)cc3)CC2)CC1)c1ccccc1)C(C)C
299,Cc1cc(C(C(=O)N2CC(O)CC2C(=O)NC(CC(=O)N2CCC(N3CC(C#Cc4ccc(C(=O)NC5C(C)(C)C(Oc6ccc(C#N)c(Cl)c6)C5(C)C)cc4)C3)CC2)c2ccccc2)C(C)C)on1
300,Cc1cc(C(C(=O)N2CC(O)CC2C(=O)NC(CC(=O)N2CC(N3CCC(C#Cc4ccc(C(=O)NC5C(C)(C)C(Oc6ccc(C#N)c(Cl)c6)C5(C)C)cc4)CC3)C2)c2ccccc2)C(C)C)on1
301,Cc1cc(C(C(=O)N2CC(O)CC2C(=O)NC(CC(=O)N2CCC(C#Cc3ccc(C(=O)NC4C(C)(C)C(Oc5ccc(C#N)c(Cl)c5)C4(C)C)cc3)CC2)c2ccccc2)C(C)C)on1
302,Cc1cc(C(C(=O)N2CC(O)CC2C(=O)NC(CC(=O)N2CCC(C3CN(c4ccc(C(=O)NC5C(C)(C)C(Oc6ccc(C#N)c(Cl)c6)C5(C)C)cc4)C3)CC2)c2ccccc2)C(C)C)on1
303,Cc1cc(C(C(=O)N2CC(O)CC2C(=O)NC(CC(=O)N2CCC(N3CC(c4ccc(C(=O)NC5C(C)(C)C(Oc6ccc(C#N)c(Cl)c6)C5(C)C)cc4)C3)CC2)c2ccccc2)C(C)C)on1
304,Cc1cc(C(C(=O)N2CC(O)CC2C(=O)NC(CC(=O)N2CCC(c3ccc(C(=O)NC4C(C)(C)C(Oc5ccc(C#N)c(Cl)c5)C4(C)C)cc3)CC2)c2ccccc2)C(C)C)on1
305,Cc1cc(C(C(=O)N2CC(O)CC2C(=O)NC(CC(=O)N2CCN(c3ccc(C(=O)NC4C(C)(C)C(Oc5ccc(C#N)c(Cl)c5)C4(C)C)cc3)CC2)c2ccccc2)C(C)C)on1
306,Cc1cc(C(C(=O)N2CC(O)CC2C(=O)NC(CC(=O)N2CCC(C#Cc3ccc(C(=O)NC4C(C)(C)C(Oc5ccc(C#N)c(Cl)c5)C4(C)C)cc3)CC2)c2ccc(-c3scnc3C)cc2)C(C)C)on1
307,Cc1cc(C(C(=O)N2CC(O)CC2C(=O)NC(CC(=O)N2CCC(C#Cc3ccc(C(=O)NC4C(C)(C)C(Oc5ccc(C#N)c(Cl)c5)C4(C)C)cc3)CC2)c2ccc(F)cc2)C(C)C)on1
308,Cc1cc(C(C(=O)N2CC(O)CC2C(=O)NC(CC(=O)N2CCC(C#Cc3ccc(C(=O)NC4C(C)(C)C(Oc5ccc(C#N)c(Cl)c5)C4(C)C)cc3)CC2)c2ccc(Cl)cc2)C(C)C)on1
309,Cc1cc(C(C(=O)N2CC(O)CC2C(=O)NC(CC(=O)N2CCC(C#Cc3ccc(C(=O)NC4C(C)(C)C(Oc5ccc(C#N)c(Cl)c5)C4(C)C)cc3)CC2)c2ccc(Br)cc2)C(C)C)on1
310,Cc1cc(C(C(=O)N2CC(O)CC2C(=O)NC(CC(=O)N2CCC(C#Cc3ccc(C(=O)NC4C(C)(C)C(Oc5ccc(C#N)c(Cl)c5)C4(C)C)cc3)CC2)c2ccc(C#N)cc2)C(C)C)on1
311,C#Cc1ccc(C(CC(=O)N2CCC(C#Cc3ccc(C(=O)NC4C(C)(C)C(Oc5ccc(C#N)c(Cl)c5)C4(C)C)cc3)CC2)NC(=O)C2CC(O)CN2C(=O)C(c2cc(C)no2)C(C)C)cc1
312,CC(=O)NC(C(=O)N1CC(O)CC1C(=O)NC(CC(=O)N1CCC(C#Cc2ccc(C(=O)NC3C(C)(C)C(Oc4ccc(C#N)c(Cl)c4)C3(C)C)cc2)CC1)c1ccccc1)C(C)C
313,CCN(CCOCCOCCOCC(=O)NC(C(=O)N1CC(O)CC1C(=O)NC(C)c1ccc(-c2scnc2C)cc1)C(C)(C)C)CCOc1ccc(C(=O)c2c(-c3ccc(O)cc3)sc3cc(O)ccc23)cc1
314,CCC(=C(c1ccccc1)c1ccc(OCCN(CC)CCCCCC(=O)NC(C(=O)N2CC(O)CC2C(=O)NC(C)c2ccc(-c3scnc3C)cc2)C(C)(C)C)cc1)c1ccccc1
317,Cc1sc2c(c1C)C(c1ccc(Cl)cc1)=NC(CC(=O)NCCOCCOCCNc1cccc3nnn(C4CCC(=O)NC4=O)c(=O)c13)c1nnc(C)n1-2
318,Cc1sc2c(c1C)C(c1ccc(Cl)cc1)=NC(CC(=O)NCCCCCCCCNc1cccc3nnn(C4CCC(=O)NC4=O)c(=O)c13)c1nnc(C)n1-2
319,Cc1sc2c(c1C)C(c1ccc(Cl)cc1)=NC(CC(=O)Nc1ccc(OCCOCCOCCNc3cccc4nnn(C5CCC(=O)NC5=O)c(=O)c34)cc1)c1nnc(C)n1-2
320,Cc1sc2c(c1C)C(c1ccc(Cl)cc1)=NC(CC(=O)Nc1cccc(OCCOCCOCCNc3cccc4nnn(C5CCC(=O)NC5=O)c(=O)c34)c1)c1nnc(C)n1-2
322,Cc1ncsc1-c1ccc(CNC(=O)C2C(F)C(O)CN2C(=O)C(NC(=O)COCCOCCOCCNC(=O)CC2N=C(c3ccc(Cl)cc3)c3c(sc(C)c3C)-n3c(C)nnc32)C(C)(C)C)cc1
328,O=C(CCCCCCC(=O)NN=Cc1ccc(OCCn2cc(CNc3cccc4c3C(=O)N(C3CCC(=O)NC3=O)C4=O)nn2)cc1)NO
329,O=C(CCCCCCC(=O)NN=Cc1ccc(OCCOCCn2cc(CNc3cccc4c3C(=O)N(C3CCC(=O)NC3=O)C4=O)nn2)cc1)NO
330,O=C(CCCCCCC(=O)NN=Cc1ccc(OCCOCCOCCn2cc(CNc3cccc4c3C(=O)N(C3CCC(=O)NC3=O)C4=O)nn2)cc1)NO
331,O=C(CCCCCCC(=O)NN=Cc1ccc(OCCOCCOCCOCCn2cc(CNc3cccc4c3C(=O)N(C3CCC(=O)NC3=O)C4=O)nn2)cc1)NO
332,Cc1sc2c(c1C)C(c1ccc(Cl)cc1)=NC(CC(=O)NCCn1cc(COc3cccc4c3C(=O)N(C3CCC(=O)NC3=O)C4=O)nn1)c1nnc(C)n1-2
333,Cc1sc2c(c1C)C(c1ccc(Cl)cc1)=NC(CC(=O)NCCn1cc(COCCOc3cccc4c3C(=O)N(C3CCC(=O)NC3=O)C4=O)nn1)c1nnc(C)n1-2
334,Cc1sc2c(c1C)C(c1ccc(Cl)cc1)=NC(CC(=O)NCCn1cc(COCCOCCOc3cccc4c3C(=O)N(C3CCC(=O)NC3=O)C4=O)nn1)c1nnc(C)n1-2
335,Cc1sc2c(c1C)C(c1ccc(Cl)cc1)=NC(CC(=O)NCCn1cc(COCCOCCOCCOc3cccc4c3C(=O)N(C3CCC(=O)NC3=O)C4=O)nn1)c1nnc(C)n1-2
336,Cc1sc2c(c1C)C(c1ccc(Cl)cc1)=NC(CC(=O)NCCn1cc(COCCOCCOCCOCCOc3cccc4c3C(=O)N(C3CCC(=O)NC3=O)C4=O)nn1)c1nnc(C)n1-2
337,Cc1ncsc1-c1ccc(CNC(=O)C2CC(O)CN2C(=O)C(NC(=O)COCc2cn(CCNC(=O)CC3N=C(c4ccc(Cl)cc4)c4c(sc(C)c4C)-n4c(C)nnc43)nn2)C(C)(C)C)cc1
338,Cc1ncsc1-c1ccc(CNC(=O)C2CC(O)CN2C(=O)C(NC(=O)COCCOCc2cn(CCNC(=O)CC3N=C(c4ccc(Cl)cc4)c4c(sc(C)c4C)-n4c(C)nnc43)nn2)C(C)(C)C)cc1
339,Cc1ncsc1-c1ccc(CNC(=O)C2CC(O)CN2C(=O)C(NC(=O)COCCOCCOCc2cn(CCNC(=O)CC3N=C(c4ccc(Cl)cc4)c4c(sc(C)c4C)-n4c(C)nnc43)nn2)C(C)(C)C)cc1
340,Cc1ncsc1-c1ccc(CNC(=O)C2CC(O)CN2C(=O)C(NC(=O)COCCOCCOCCOCc2cn(CCNC(=O)CC3N=C(c4ccc(Cl)cc4)c4c(sc(C)c4C)-n4c(C)nnc43)nn2)C(C)(C)C)cc1
341,Cc1ncsc1-c1ccc(CNC(=O)C2CC(O)CN2C(=O)C(NC(=O)COCCOCCOCCOCCOCc2cn(CCNC(=O)CC3N=C(c4ccc(Cl)cc4)c4c(sc(C)c4C)-n4c(C)nnc43)nn2)C(C)(C)C)cc1
346,Cc1ncsc1-c1ccc(CNC(=O)C2CC(O)CN2C(=O)C(NC(=O)COCCOCCOCCNC(=O)CC2N=C(c3ccc(Cl)cc3)c3c(sc(C)c3C)-n3c(C)nnc32)C(C)(C)C)cc1
347,Cc1ncsc1-c1ccc(CNC(=O)C2CC(O)CN2C(=O)C(NC(=O)COCCOCCOCCOCCNC(=O)CC2N=C(c3ccc(Cl)cc3)c3c(sc(C)c3C)-n3c(C)nnc32)C(C)(C)C)cc1
348,Cc1ncsc1-c1ccc(CNC(=O)C2CC(O)CN2C(=O)C(NC(=O)C(Cc2ccccc2)NC(=O)COCCOCCOCCNC(=O)CC2N=C(c3ccc(Cl)cc3)c3c(sc(C)c3C)-n3c(C)nnc32)C(C)(C)C)cc1
349,Cc1ncsc1-c1ccc(CNC(=O)C2CC(O)CN2C(=O)C(NC(=O)COCCOCCNC(=O)CC2N=C(c3ccc(Cl)cc3)c3c(sc(C)c3C)-n3c(C)nnc32)C(C)(C)C)cc1
350,CC(=O)NC(C(=O)N1CC(O)CC1C(=O)NCc1ccc(-c2scnc2C)cc1)C(C)(C)SCCCCCCNC(=O)CC1N=C(c2ccc(Cl)cc2)c2c(sc(C)c2C)-n2c(C)nnc21
351,CC(=O)NC(C(=O)N1CC(O)CC1C(=O)NCc1ccc(-c2scnc2C)cc1)C(C)(C)SCCCCNC(=O)CC1N=C(c2ccc(Cl)cc2)c2c(sc(C)c2C)-n2c(C)nnc21
352,CC(=O)NC(C(=O)N1CC(O)CC1C(=O)NCc1ccc(-c2scnc2C)cc1)C(C)(C)SCCOCCNC(=O)CC1N=C(c2ccc(Cl)cc2)c2c(sc(C)c2C)-n2c(C)nnc21
353,CC(=O)NC(C(=O)N1CC(O)CC1C(=O)NCc1ccc(-c2scnc2C)cc1)C(C)(C)SCCCOCCCNC(=O)CC1N=C(c2ccc(Cl)cc2)c2c(sc(C)c2C)-n2c(C)nnc21
354,CC(=O)NC(C(=O)N1CC(O)CC1C(=O)NCc1ccc(-c2scnc2C)cc1)C(C)(C)SCCCCOCCNC(=O)CC1N=C(c2ccc(Cl)cc2)c2c(sc(C)c2C)-n2c(C)nnc21
355,CC(=O)NC(C(=O)N1CC(O)CC1C(=O)NCc1ccc(-c2scnc2C)cc1)C(C)(C)SCCOCCOCCNC(=O)CC1N=C(c2ccc(Cl)cc2)c2c(sc(C)c2C)-n2c(C)nnc21
356,Cc1ncsc1-c1ccc(CNC(=O)C2CC(O)CN2C(=O)C(NC(=O)COCCOCCOCCOc2ccc(N3C(=S)N(c4ccc(C#N)c(C(F)(F)F)c4)C(=O)C3(C)C)cc2)C(C)(C)C)cc1
357,Cc1ncsc1-c1ccc(CNC(=O)C2CC(O)CN2C(=O)C(NC(=O)COCCCOCCCCCOc2ccc(N3C(=S)N(c4ccc(C#N)c(C(F)(F)F)c4)C(=O)C3(C)C)cc2)C(C)(C)C)cc1
358,Cc1ncsc1-c1ccc(CNC(=O)C2CC(O)CN2C(=O)C(NC(=O)COCCCCOc2ccc(-c3ccc(N4C(=S)N(c5ccc(C#N)c(C(F)(F)F)c5)C(=O)C4(C)C)cc3)cc2)C(C)(C)C)cc1
362,Cc1ncsc1-c1ccc(CNC(=O)C2CC(O)CN2C(=O)C(NC(=O)COCCOc2ccc(Nc3ncc(C(F)(F)F)c(NCc4cccc(N(C)S(C)(=O)=O)c4)n3)cc2)C(C)(C)C)cc1
363,Cc1ncsc1-c1ccc(CNC(=O)C2CC(O)CN2C(=O)C(NC(=O)COCCCOc2ccc(Nc3ncc(C(F)(F)F)c(NCc4cccc(N(C)S(C)(=O)=O)c4)n3)cc2)C(C)(C)C)cc1
364,Cc1ncsc1-c1ccc(CNC(=O)C2CC(O)CN2C(=O)C(NC(=O)CCOCCOc2ccc(Nc3ncc(C(F)(F)F)c(NCc4cccc(N(C)S(C)(=O)=O)c4)n3)cc2)C(C)(C)C)cc1
365,Cc1ncsc1-c1ccc(CNC(=O)C2CC(O)CN2C(=O)C(NC(=O)CCOCCCOc2ccc(Nc3ncc(C(F)(F)F)c(NCc4cccc(N(C)S(C)(=O)=O)c4)n3)cc2)C(C)(C)C)cc1
366,Cc1ncsc1-c1ccc(CNC(=O)C2CC(O)CN2C(=O)C(NC(=O)CCOCCOCCOc2ccc(Nc3ncc(C(F)(F)F)c(NCc4cccc(N(C)S(C)(=O)=O)c4)n3)cc2)C(C)(C)C)cc1
367,Cc1ncsc1-c1ccc(CNC(=O)C2CC(O)CN2C(=O)C(NC(=O)CCOCCOCCOCCOCCOc2ccc(Nc3ncc(C(F)(F)F)c(NCc4cccc(N(C)S(C)(=O)=O)c4)n3)cc2)C(C)(C)C)cc1
371,Cc1ncsc1-c1ccc2c(c1)OCCOCCOCC(NC(=O)CC1N=C(c3ccc(Cl)cc3)c3c(sc(C)c3C)-n3c(C)nnc31)COCCOCCOCC(=O)NC(C(C)(C)C)C(=O)N1CC(O)CC1C(=O)NC2
372,Cc1nc(CCC(=O)NCCCCC(=O)NC(C(=O)N2CC(O)CC2C(=O)NCc2ccc(-c3scnc3C)cc2)C(C)(C)C)ccc1-c1cnc(NCc2c(F)ccc3c2CCO3)n2cnnc12
373,Cc1nc(CCC(=O)NCCOc2ccc(OCC(=O)NC(C(=O)N3CC(O)CC3C(=O)NCc3ccc(-c4scnc4C)cc3)C(C)(C)C)cc2)ccc1-c1cnc(NCc2c(F)ccc3c2CCO3)n2cnnc12
374,Cc1sc2c(c1C)C(c1ccc(Cl)cc1)=NC(CC(=O)Nc1ccc(OCCOCCOCCOCCNc3cccc4c3C(=O)N(C3CCC(=O)NC3=O)C4=O)cc1)c1nnc(C)n1-2
375,Nc1ncnc2c1c(-c1ccc(Oc3ccccc3)cc1)nn2C1CCCN(C(=O)c2cn(CCOCCOCCOCCNc3cccc4c3C(=O)N(C3CCC(=O)NC3=O)C4=O)nn2)C1
387,NC(=O)c1c(-c2ccc(Oc3ccc(F)cc3F)cc2)nn(C2CCCN(C(=O)OCCNc3cccc4c3C(=O)N(C3CCC(=O)NC3=O)C4=O)C2)c1N
388,NC(=O)c1c(-c2ccc(Oc3ccc(F)cc3F)cc2)nn(C2CCCN(C(=O)COCCNc3cccc4c3C(=O)N(C3CCC(=O)NC3=O)C4=O)C2)c1N
389,NC(=O)c1c(-c2ccc(Oc3ccc(F)cc3F)cc2)nn(C2CCCN(C(=O)OCCOCCNc3cccc4c3C(=O)N(C3CCC(=O)NC3=O)C4=O)C2)c1N
390,NC(=O)c1c(-c2ccc(Oc3ccc(F)cc3F)cc2)nn(C2CCCN(C(=O)COCCOCCNc3cccc4c3C(=O)N(C3CCC(=O)NC3=O)C4=O)C2)c1N
391,NC(=O)c1c(-c2ccc(Oc3ccc(F)cc3F)cc2)nn(C2CCCN(C(=O)OCCOCCOCCNc3cccc4c3C(=O)N(C3CCC(=O)NC3=O)C4=O)C2)c1N
392,NC(=O)c1c(-c2ccc(Oc3ccc(F)cc3F)cc2)nn(C2CCCN(C(=O)OCCOCCOCCOCCNc3cccc4c3C(=O)N(C3CCC(=O)NC3=O)C4=O)C2)c1N
393,NC(=O)c1c(-c2ccc(Oc3ccc(F)cc3F)cc2)nn(C2CCCN(C(=O)COCCOCCOCCOCCNc3cccc4c3C(=O)N(C3CCC(=O)NC3=O)C4=O)C2)c1N
394,NC(=O)c1c(-c2ccc(Oc3ccc(F)cc3F)cc2)nn(C2CCCN(C(=O)OCCOCCOCCOCCOCCNc3cccc4c3C(=O)N(C3CCC(=O)NC3=O)C4=O)C2)c1N
395,NC(=O)c1c(-c2ccc(Oc3ccc(F)cc3F)cc2)nn(C2CCCN(C(=O)COCCOCCOCCOCCOCCNc3cccc4c3C(=O)N(C3CCC(=O)NC3=O)C4=O)C2)c1N
396,NC(=O)c1c(-c2ccc(Oc3ccc(F)cc3F)cc2)nn(C2CCCN(C(=O)OCCOCCOCCOCCOCCOCCNc3cccc4c3C(=O)N(C3CCC(=O)NC3=O)C4=O)C2)c1N
397,NC(=O)c1c(-c2ccc(Oc3ccc(F)cc3F)cc2)nn(C2CCCN(C(=O)COCCOCCOCCOCCOCCOCCNc3cccc4c3C(=O)N(C3CCC(=O)NC3=O)C4=O)C2)c1N
398,Cc1nc[nH]c1-c1ccc(CNC(=O)C2CC(O)CN2C(=O)C(NC(=O)CCOCCOCCOCCOCCOCCC(=O)N2CCCC(n3nc(-c4ccc(Oc5ccc(F)cc5F)cc4)c(C(N)=O)c3N)C2)C(C)(C)C)cc1
399,Cc1nc[nH]c1-c1ccc(CNC(=O)C2CC(O)CN2C(=O)C(NC(=O)CCOCCOCCOCCOCCOCCOCCC(=O)N2CCCC(n3nc(-c4ccc(Oc5ccc(F)cc5F)cc4)c(C(N)=O)c3N)C2)C(C)(C)C)cc1
400,C=CC(=O)N1CC(n2nc(-c3ccc(Oc4ccccc4)cc3)c3c(N)ncnc32)CC1C(=O)OCCOCCOCC(=O)Nc1cccc2c1C(=O)N(C1CCC(=O)NC1=O)C2=O
401,C=CC(=O)N1CC(n2nc(-c3ccc(Oc4ccccc4)cc3)c3c(N)ncnc32)CC1C(=O)OCCOCCOCCOCC(=O)Nc1cccc2c1C(=O)N(C1CCC(=O)NC1=O)C2=O
402,C=CC(=O)N1CC(n2nc(-c3ccc(Oc4ccccc4)cc3)c3c(N)ncnc32)CC1C(=O)OCCOCCOCCOCCOCC(=O)Nc1cccc2c1C(=O)N(C1CCC(=O)NC1=O)C2=O
403,C=CC(=O)N1CC(n2nc(-c3ccc(Oc4ccccc4)cc3)c3c(N)ncnc32)CC1C(=O)OCCOCCOCCOCCOCCOCC(=O)Nc1cccc2c1C(=O)N(C1CCC(=O)NC1=O)C2=O
404,C=CC(=O)N1CC(n2nc(-c3ccc(Oc4ccccc4)cc3)c3c(N)ncnc32)CC1C(=O)NCCCCNc1cccc2c1C(=O)N(C1CCC(=O)NC1=O)C2=O
405,C=CC(=O)N1CC(n2nc(-c3ccc(Oc4ccccc4)cc3)c3c(N)ncnc32)CC1C(=O)NCCCCCCNc1cccc2c1C(=O)N(C1CCC(=O)NC1=O)C2=O
406,C=CC(=O)N1CC(n2nc(-c3ccc(Oc4ccccc4)cc3)c3c(N)ncnc32)CC1C(=O)NCCCCCCCCNc1cccc2c1C(=O)N(C1CCC(=O)NC1=O)C2=O
407,C=CC(=O)N1CC(n2nc(-c3ccc(Oc4ccccc4)cc3)c3c(N)ncnc32)CC1C(=O)NCCCCCCCCCCCCNc1cccc2c1C(=O)N(C1CCC(=O)NC1=O)C2=O
408,C=CC(=O)NC(CCC(=O)OCCOCCOCC(=O)Nc1cccc2c1C(=O)N(C1CCC(=O)NC1=O)C2=O)C(=O)Nc1cccc(Nc2ncc(NC(=O)c3cc(NC(=O)c4cccc(C)c4)ccc3C)cn2)c1
409,C=CC(=O)NC(CCC(=O)OCCOCCOCCOCCOCC(=O)Nc1cccc2c1C(=O)N(C1CCC(=O)NC1=O)C2=O)C(=O)Nc1cccc(Nc2ncc(NC(=O)c3cc(NC(=O)c4cccc(C)c4)ccc3C)cn2)c1
410,C=CC(=O)NC(CCC(=O)NCCCCNc1cccc2c1C(=O)N(C1CCC(=O)NC1=O)C2=O)C(=O)Nc1cccc(Nc2ncc(NC(=O)c3cc(NC(=O)c4cccc(C)c4)ccc3C)cn2)c1
411,C=CC(=O)NC(CCC(=O)NCCCCCCCCNc1cccc2c1C(=O)N(C1CCC(=O)NC1=O)C2=O)C(=O)Nc1cccc(Nc2ncc(NC(=O)c3cc(NC(=O)c4cccc(C)c4)ccc3C)cn2)c1
412,C=CC(=O)N1CC(n2nc(-c3ccc(Oc4ccccc4)cc3)c3c(N)ncnc32)CC1C(=O)OCCOCCOCC(=O)NC(C(=O)N1CC(O)CC1C(=O)NCc1ccc(-c2scnc2C)cc1)C(C)(C)C
413,C=CC(=O)NC(CCC(=O)NCCCCCCCC(=O)NC(C(=O)N1CC(O)CC1C(=O)NCc1ccc(-c2scnc2C)cc1)C(C)(C)C)C(=O)Nc1cccc(Nc2ncc(NC(=O)c3cc(NC(=O)c4cccc(C)c4)ccc3C)cn2)c1
414,CCC(=O)N1CC(n2nc(-c3ccc(Oc4ccccc4)cc3)c3c(N)ncnc32)CC1C(=O)OCCOCCOCC(=O)NC(C(=O)N1CC(O)CC1C(=O)NCc1ccc(-c2scnc2C)cc1)C(C)(C)C
415,CCC(=O)NC(CCC(=O)NCCCCCCCCNc1cccc2c1C(=O)N(C1CCC(=O)NC1=O)C2=O)C(=O)Nc1cccc(Nc2ncc(NC(=O)c3cc(NC(=O)c4cccc(C)c4)ccc3C)cn2)c1
429,COc1ccc(C2=NC(c3ccc(Cl)cc3)C(c3ccc(Cl)cc3)N2C(=O)N2CCN(CC(=O)NCCOCCn3cc(CN4CCN(c5ccc(Nc6ncc7c(C)c(C(C)=O)c(=O)n(C8CCCC8)c7n6)nc5)CC4)nn3)C(=O)C2)c(OC(C)C)c1
430,COc1ccc(C2=NC(c3ccc(Cl)cc3)C(c3ccc(Cl)cc3)N2C(=O)N2CCN(CC(=O)NCCOCCOCCn3cc(CN4CCN(c5ccc(Nc6ncc7c(C)c(C(C)=O)c(=O)n(C8CCCC8)c7n6)nc5)CC4)nn3)C(=O)C2)c(OC(C)C)c1
431,COc1ccc(C2=NC(c3ccc(Cl)cc3)C(c3ccc(Cl)cc3)N2C(=O)N2CCN(CC(=O)NCCOCCOCCOCCn3cc(CN4CCN(c5ccc(Nc6ncc7c(C)c(C(C)=O)c(=O)n(C8CCCC8)c7n6)nc5)CC4)nn3)C(=O)C2)c(OC(C)C)c1
432,CC(=O)c1c(C)c2cnc(Nc3ccc(N4CCN(Cc5cn(CCOCCNC(=O)CCC(=O)NC(C(=O)N6CC(O)CC6C(=O)NCc6ccc(-c7scnc7C)cc6)C(C)(C)C)nn5)CC4)cn3)nc2n(C2CCCC2)c1=O
433,CC(=O)c1c(C)c2cnc(Nc3ccc(N4CCN(Cc5cn(CCOCCOCCNC(=O)CCC(=O)NC(C(=O)N6CC(O)CC6C(=O)NCc6ccc(-c7scnc7C)cc6)C(C)(C)C)nn5)CC4)cn3)nc2n(C2CCCC2)c1=O
434,CC(=O)c1c(C)c2cnc(Nc3ccc(N4CCN(Cc5cn(CCOCCOCCOCCNC(=O)CCC(=O)NC(C(=O)N6CC(O)CC6C(=O)NCc6ccc(-c7scnc7C)cc6)C(C)(C)C)nn5)CC4)cn3)nc2n(C2CCCC2)c1=O
435,CC(=O)c1c(C)c2cnc(Nc3ccc(N4CCN(Cc5cn(CCOCCOCCOCCOCCNC(=O)CCC(=O)NC(C(=O)N6CC(O)CC6C(=O)NCc6ccc(-c7scnc7C)cc6)C(C)(C)C)nn5)CC4)cn3)nc2n(C2CCCC2)c1=O
443,Cc1ncsc1-c1ccc(CNC(=O)C2CC(O)CN2C(=O)C(NC(=O)COCCOCCNc2cccc3c2C(=O)N(C2CCC(=O)NC2=O)C3=O)C(C)(C)C)cc1
444,Cc1ncsc1-c1ccc(CNC(=O)C2CC(O)CN2C(=O)C(NC(=O)COCCOCCOCCNc2cccc3c2C(=O)N(C2CCC(=O)NC2=O)C3=O)C(C)(C)C)cc1
445,Cc1ncsc1-c1ccc(CNC(=O)C2CC(O)CN2C(=O)C(NC(=O)CCCCOCCOCCOCCNc2cccc3c2C(=O)N(C2CCC(=O)NC2=O)C3=O)C(C)(C)C)cc1
446,Cc1ncsc1-c1ccc(CNC(=O)C2CC(O)CN2C(=O)C(NC(=O)CCCCOCCCCCOCCCCCCNc2cccc3c2C(=O)N(C2CCC(=O)NC2=O)C3=O)C(C)(C)C)cc1
447,Cc1ncsc1-c1ccc(CNC(=O)C2CC(O)CN2C(=O)C(NC(=O)CCCCCOCCCCCCOCCCCCCNc2cccc3c2C(=O)N(C2CCC(=O)NC2=O)C3=O)C(C)(C)C)cc1
448,Cc1ncsc1-c1ccc(CNC(=O)C2CC(O)CN2C(=O)C(NC(=O)CCCCCOCCCCOCCCCOCCCCNc2cccc3c2C(=O)N(C2CCC(=O)NC2=O)C3=O)C(C)(C)C)cc1
449,Cc1ncsc1-c1ccc(CNC(=O)C2CC(O)CN2C(=O)C(NC(=O)CCCCCOCCOCCOCCOCCOCCOCCCCCCNc2cccc3c2C(=O)N(C2CCC(=O)NC2=O)C3=O)C(C)(C)C)cc1
450,Cc1ncsc1-c1ccc(CNC(=O)C2CC(O)CN2C(=O)C(NC(=O)CCCCCOCCCCOCCCCOCCCCOCCCCCCNc2cccc3c2C(=O)N(C2CCC(=O)NC2=O)C3=O)C(C)(C)C)cc1
451,Nc1ncnc2c1c(-c1ccc(Oc3ccccc3)cc1)nn2C1CCCN(CC(=O)NCCOCCOCC(=O)NCCOCCOc2cccc3c2C(=O)N(C2CCC(=O)NC2=O)C3=O)C1
452,Nc1ncnc2c1c(-c1ccc(Oc3ccccc3)cc1)nn2C1CCCN(CC(=O)NCCOCCOc2cccc3c2C(=O)N(C2CCC(=O)NC2=O)C3=O)C1
453,Nc1ncnc2c1c(-c1ccc(Oc3ccccc3)cc1)nn2C1CCCN(CC(=O)NCCOCCOCCC(=O)NCCOCCOCC(=O)NCCOCCOc2cccc3c2C(=O)N(C2CCC(=O)NC2=O)C3=O)C1
454,COc1cc(C(=O)NCCOCCOCCOCCNC(=O)CC2N=C(c3ccc(Cl)cc3)c3c(sc(C)c3C)-n3c(C)nnc32)ccc1NC(=O)C1NC(CC(C)(C)C)C(C#N)(c2ccc(Cl)cc2F)C1c1cccc(Cl)c1F
456,Cc1ncsc1-c1ccc(CNC(=O)C2CC(O)CN2C(=O)C(NC(=O)CCC(=O)NCCOCCOCCOCCn2cc(-c3ccc(-n4cc5cccc(C(N)=O)c5n4)cc3)nn2)C(C)(C)C)cc1
457,COc1ccc(C2=NC(c3ccc(Cl)cc3)C(c3ccc(Cl)cc3)N2C(=O)N2CCN(CC(=O)NCCOCCOCCOCCOCCn3cc(-c4ccc(-n5cc6cccc(C(N)=O)c6n5)cc4)nn3)C(=O)C2)cc1OC(C)C
459,COc1ccc(C2=NC(c3ccc(Cl)cc3)C(c3ccc(Cl)cc3)N2C(=O)N2CCN(CC(=O)NCCOCCOCCOCCOCCn3cc(CCCC(=O)N4CCN(C(=O)c5cc(Cc6n[nH]c(=O)c7ccccc67)ccc5F)CC4)nn3)C(=O)C2)cc1OC(C)C
460,Cc1ncsc1-c1ccc(CNC(=O)C2CC(O)CN2C(=O)C(NC(=O)CCOCCOCCOc2ccc3c(c2)sc2nc(-c4ccc(NC(=O)Nc5cc(C(C)(C)C)on5)cc4)cn23)C(C)(C)C)cc1
462,Cc1cc(C(C(=O)N2CC(O)CC2C(=O)NC(CC(=O)N2CCC(N3CCC(C#Cc4ccc(N5C(=S)N(c6cnc(C#N)c(C(F)(F)F)c6)C(=O)C56CCC6)cc4)CC3)CC2)c2ccc(-c3scnc3C)cc2)C(C)C)on1
463,Cc1cc(C(C(=O)N2CC(O)CC2C(=O)NC(CC(=O)N2CCC(N3CCC(C#Cc4ccc(N5C(=S)N(c6ccc(C#N)c(C(F)(F)F)c6)C(=O)C5(C)C)cc4)CC3)CC2)c2ccc(-c3scnc3C)cc2)C(C)C)on1
464,Cc1cc(C(C(=O)N2CC(O)CC2C(=O)NC(CC(=O)N2CCC(N3CCC(C#Cc4ccc(S(=O)(=O)CC(C)(O)C(=O)Nc5ccc(C#N)c(C(F)(F)F)c5)cc4)CC3)CC2)c2ccc(-c3scnc3C)cc2)C(C)C)on1
465,COc1cc2c(Oc3ccc(NC(=O)C4(C(=O)Nc5ccc(F)cc5)CC4)cc3F)ccnc2cc1OCCCCOCCCCOCC(=O)NC(C(=O)N1CC(O)CC1C(=O)NCc1ccc(-c2scnc2C)cc1)C(C)(C)C
466,COc1cc2c(Oc3ccc(NC(=O)C4(C(=O)Nc5ccc(F)cc5)CC4)cc3F)ccnc2cc1OCCOCCOCCOc1cc(-c2scnc2C)ccc1CNC(=O)C1CC(O)CN1C(=O)C(C(C)C)N1Cc2ccccc2C1=O
467,Cc1ncsc1-c1ccc(CNC(=O)C2CC(O)CN2C(=O)C(NC(=O)COCCNC(=O)c2cccc(-c3cc(Nc4ccc(OC(F)(F)F)cc4)ncn3)c2)C(C)(C)C)cc1
468,Cc1ncsc1-c1ccc(CNC(=O)C2CC(O)CN2C(=O)C(NC(=O)COCCOc2cccc(-c3cc(Nc4ccc(OC(F)(F)F)cc4)ncn3)c2)C(C)(C)C)cc1
477,Cc1ccc(F)c(S(=O)(=O)Nc2ccc(-c3nc(OCC4CN(CCOCCOCCOCC(=O)NC(C(=O)N5CC(O)CC5C(=O)NCc5ccc(-c6scnc6C)cc5)C(C)(C)C)CCO4)c4cn[nH]c4n3)cc2)c1
478,COc1ccc(Cl)c(S(=O)(=O)Nc2ccc(-c3nc(OCC4CN(CCOCCOCCOCC(=O)NC(C(=O)N5CC(O)CC5C(=O)NCc5ccc(-c6scnc6C)cc5)C(C)(C)C)CCO4)c4c(C)n[nH]c4n3)cc2)c1
479,Cc1ccc(F)c(S(=O)(=O)Nc2ccc(-c3nc(OCC4CN(CCOCCOCCOCC(=O)NCCNc5cccc6c5C(=O)N(C5CCC(=O)NC5=O)C6=O)CCO4)c4cn[nH]c4n3)cc2)c1
480,COc1ccc(Cl)c(S(=O)(=O)Nc2ccc(-c3nc(OCC4CN(CCOCCOCCOCC(=O)NCCNc5cccc6c5C(=O)N(C5CCC(=O)NC5=O)C6=O)CCO4)c4c(C)n[nH]c4n3)cc2)c1
481,Cc1ccc(F)c(S(=O)(=O)Nc2ccc(-c3nc(OCC4CN(CCOCCOCC(=O)NC(C(=O)N5CC(O)CC5C(=O)NCc5ccc(-c6scnc6C)cc5)C(C)(C)C)CCO4)c4cn[nH]c4n3)cc2)c1
482,Cc1ccc(F)c(S(=O)(=O)Nc2ccc(-c3nc(OCC4CN(CCOCCOCCOCCOCC(=O)NC(C(=O)N5CC(O)CC5C(=O)NCc5ccc(-c6scnc6C)cc5)C(C)(C)C)CCO4)c4cn[nH]c4n3)cc2)c1
483,Cc1ccc(F)c(S(=O)(=O)Nc2ccc(-c3nc(OCC4CN(CCOCCOCCOCCOCCOCC(=O)NC(C(=O)N5CC(O)CC5C(=O)NCc5ccc(-c6scnc6C)cc5)C(C)(C)C)CCO4)c4cn[nH]c4n3)cc2)c1
484,Cc1ccc(F)c(S(=O)(=O)Nc2ccc(-c3nc(OCC4CN(CCCCCCOCCOCCOCC(=O)NC(C(=O)N5CC(O)CC5C(=O)NCc5ccc(-c6scnc6C)cc5)C(C)(C)C)CCO4)c4cn[nH]c4n3)cc2)c1
485,Cc1ccc(F)c(S(=O)(=O)Nc2ccc(-c3nc(OCC4CN(CCCCCCOCCOCCOCCOCC(=O)NC(C(=O)N5CC(O)CC5C(=O)NCc5ccc(-c6scnc6C)cc5)C(C)(C)C)CCO4)c4cn[nH]c4n3)cc2)c1
486,Cc1ccc(F)c(S(=O)(=O)Nc2ccc(-c3nc(OCC4CN(CCCCCCOCCCCCCOCC(=O)NC(C(=O)N5CC(O)CC5C(=O)NCc5ccc(-c6scnc6C)cc5)C(C)(C)C)CCO4)c4cn[nH]c4n3)cc2)c1
487,COc1ccc(Cl)c(S(=O)(=O)Nc2ccc(-c3nc(OCC4CN(CCCCCCOCCOCCOCCOCC(=O)NC(C(=O)N5CC(O)CC5C(=O)NCc5ccc(-c6scnc6C)cc5)C(C)(C)C)CCO4)c4c(C)n[nH]c4n3)cc2)c1
488,COc1ccc(Cl)c(S(=O)(=O)Nc2ccc(-c3nc(OCC4CN(CCCCCCOCCCCCCOCC(=O)NC(C(=O)N5CC(O)CC5C(=O)NCc5ccc(-c6scnc6C)cc5)C(C)(C)C)CCO4)c4cn[nH]c4n3)cc2)c1
490,COc1cc(C=C(C#N)C(=O)NCCNC(C(=O)N2CC(O)CC2C(=O)NCc2ccc(-c3scnc3C)cc2)C(C)(C)C)ccc1OCc1ccc(C(F)(F)F)cc1C(F)(F)F
491,COc1cc(C=C(C#N)C(=O)NCCCNC(C(=O)N2CC(O)CC2C(=O)NCc2ccc(-c3scnc3C)cc2)C(C)(C)C)ccc1OCc1ccc(C(F)(F)F)cc1C(F)(F)F
492,COc1cc(C=C(C#N)C(=O)NCCCCNC(C(=O)N2CC(O)CC2C(=O)NCc2ccc(-c3scnc3C)cc2)C(C)(C)C)ccc1OCc1ccc(C(F)(F)F)cc1C(F)(F)F
493,COc1cc(C=C(C#N)C(=O)NCCCCCNC(C(=O)N2CC(O)CC2C(=O)NCc2ccc(-c3scnc3C)cc2)C(C)(C)C)ccc1OCc1ccc(C(F)(F)F)cc1C(F)(F)F
494,COc1cc(C=C(C#N)C(=O)NCCCCCCNC(C(=O)N2CC(O)CC2C(=O)NCc2ccc(-c3scnc3C)cc2)C(C)(C)C)ccc1OCc1ccc(C(F)(F)F)cc1C(F)(F)F
495,COc1cc(C=C(C#N)C(=O)NCCCCCCCNC(C(=O)N2CC(O)CC2C(=O)NCc2ccc(-c3scnc3C)cc2)C(C)(C)C)ccc1OCc1ccc(C(F)(F)F)cc1C(F)(F)F
496,COc1cc(C=C(C#N)C(=O)NCCOCNC(C(=O)N2CC(O)CC2C(=O)NCc2ccc(-c3scnc3C)cc2)C(C)(C)C)ccc1OCc1ccc(C(F)(F)F)cc1C(F)(F)F
497,COc1cc(C=C(C#N)C(=O)NCCOCCNC(C(=O)N2CC(O)CC2C(=O)NCc2ccc(-c3scnc3C)cc2)C(C)(C)C)ccc1OCc1ccc(C(F)(F)F)cc1C(F)(F)F
498,COc1cc(C=C(C#N)C(=O)NCCOCCOCCNC(C(=O)N2CC(O)CC2C(=O)NCc2ccc(-c3scnc3C)cc2)C(C)(C)C)ccc1OCc1ccc(C(F)(F)F)cc1C(F)(F)F
499,COc1cc(C=C(C#N)C(=O)NCCOCCOCCOCCNC(C(=O)N2CC(O)CC2C(=O)NCc2ccc(-c3scnc3C)cc2)C(C)(C)C)ccc1OCc1ccc(C(F)(F)F)cc1C(F)(F)F
500,COc1cc(C=C(C#N)C(=O)NCCCCNc2cccc3c2C(=O)N(C2CCC(=O)NC2=O)C3=O)ccc1OCc1ccc(C(F)(F)F)cc1C(F)(F)F
501,COc1cc(C=C(C#N)C(=O)NCCCCCCNc2cccc3c2C(=O)N(C2CCC(=O)NC2=O)C3=O)ccc1OCc1ccc(C(F)(F)F)cc1C(F)(F)F
502,COc1cc(C=C(C#N)C(=O)NCCOCCOCCNc2cccc3c2C(=O)N(C2CCC(=O)NC2=O)C3=O)ccc1OCc1ccc(C(F)(F)F)cc1C(F)(F)F
503,COc1cc(C=C(C#N)C(=O)NCCOCCOCCOCCNc2cccc3c2C(=O)N(C2CCC(=O)NC2=O)C3=O)ccc1OCc1ccc(C(F)(F)F)cc1C(F)(F)F
504,COc1cc(C=C(C#N)C(=O)NCCCOCCCCOCCCNc2cccc3c2C(=O)N(C2CCC(=O)NC2=O)C3=O)ccc1OCc1ccc(C(F)(F)F)cc1C(F)(F)F
505,COc1cc(C=C(C#N)C(=O)NCCCOCCOCCOCCCNc2cccc3c2C(=O)N(C2CCC(=O)NC2=O)C3=O)ccc1OCc1ccc(C(F)(F)F)cc1C(F)(F)F
506,COc1cc(C=C(C#N)C(=O)NCCOCCOCCOCCOCCNc2cccc3c2C(=O)N(C2CCC(=O)NC2=O)C3=O)ccc1OCc1ccc(C(F)(F)F)cc1C(F)(F)F
507,COc1cc(C=C(C#N)C(=O)NCCOCCOCCOCCOCCOCCNc2cccc3c2C(=O)N(C2CCC(=O)NC2=O)C3=O)ccc1OCc1ccc(C(F)(F)F)cc1C(F)(F)F
508,COc1cc(C=C(C#N)C(=O)NCCCCNC(=O)C(CC(C)C)NC(=O)C(O)C(N)Cc2ccccc2)ccc1OCc1ccc(C(F)(F)F)cc1C(F)(F)F
509,COc1cc(C=C(C#N)C(=O)NCCOCCOCCNC(=O)C(CC(C)C)NC(=O)C(O)C(N)Cc2ccccc2)ccc1OCc1ccc(C(F)(F)F)cc1C(F)(F)F
510,COc1ccc(C2=NC(c3ccc(Cl)cc3)C(c3ccc(Cl)cc3)N2C(=O)N2CCN(CC(=O)CCNC(=O)C(C#N)=Cc3ccc(OCc4ccc(C(F)(F)F)cc4C(F)(F)F)c(OC)c3)C(=O)C2)c(OC(C)C)c1
511,COc1ccc(C2=NC(c3ccc(Cl)cc3)C(c3ccc(Cl)cc3)N2C(=O)N2CCN(CC(=O)NCCCCCNC(=O)C(C#N)=Cc3ccc(OCc4ccc(C(F)(F)F)cc4C(F)(F)F)c(OC)c3)C(=O)C2)c(OC(C)C)c1
514,CCN(CCOCCOCCOCCC(=O)NC(C(=O)N1CC(O)CC1C(=O)NC(C)c1ccc(-c2scnc2C)cc1)C(C)(C)C)CCOc1ccc(C(=O)c2c(-c3ccc(O)cc3)sc3cc(O)ccc23)cc1
515,CCN(CCCCCCCC(=O)NC(C(=O)N1CC(O)CC1C(=O)NC(C)c1ccc(-c2scnc2C)cc1)C(C)(C)C)CCOc1ccc(C(=O)c2c(-c3ccc(O)cc3)sc3cc(O)ccc23)cc1
516,CCN(CCCC(=O)NC(C(=O)N1CC(O)CC1C(=O)NC(C)c1ccc(-c2scnc2C)cc1)C(C)(C)C)CCOc1ccc(C(=O)c2c(-c3ccc(O)cc3)sc3cc(O)ccc23)cc1
517,CCN(CCCCC(=O)NC(C(=O)N1CC(O)CC1C(=O)NC(C)c1ccc(-c2scnc2C)cc1)C(C)(C)C)CCOc1ccc(C(=O)c2c(-c3ccc(O)cc3)sc3cc(O)ccc23)cc1
518,CCN(CCCCCC(=O)NC(C(=O)N1CC(O)CC1C(=O)NC(C)c1ccc(-c2scnc2C)cc1)C(C)(C)C)CCOc1ccc(C(=O)c2c(-c3ccc(O)cc3)sc3cc(O)ccc23)cc1
519,CCN(CCCCCCC(=O)NC(C(=O)N1CC(O)CC1C(=O)NC(C)c1ccc(-c2scnc2C)cc1)C(C)(C)C)CCOc1ccc(C(=O)c2c(-c3ccc(O)cc3)sc3cc(O)ccc23)cc1
520,CCN(CCCCCCCCC(=O)NC(C(=O)N1CC(O)CC1C(=O)NC(C)c1ccc(-c2scnc2C)cc1)C(C)(C)C)CCOc1ccc(C(=O)c2c(-c3ccc(O)cc3)sc3cc(O)ccc23)cc1
521,CCN(CCCCCCCCCC(=O)NC(C(=O)N1CC(O)CC1C(=O)NC(C)c1ccc(-c2scnc2C)cc1)C(C)(C)C)CCOc1ccc(C(=O)c2c(-c3ccc(O)cc3)sc3cc(O)ccc23)cc1
522,Cc1ncsc1-c1ccc(C(C)NC(=O)C2CC(O)CN2C(=O)C(NC(=O)CCCCCCCN(C)CCOc2ccc(C(=O)c3c(-c4ccc(O)cc4)sc4cc(O)ccc34)cc2)C(C)(C)C)cc1
523,Cc1ncsc1-c1ccc(C(C)NC(=O)C2CC(O)CN2C(=O)C(NC(=O)CCCCCCCN(CCOc2ccc(C(=O)c3c(-c4ccc(O)cc4)sc4cc(O)ccc34)cc2)C(C)C)C(C)(C)C)cc1
524,Cc1ncsc1-c1ccc(C(C)NC(=O)C2CC(O)CN2C(=O)C(NC(=O)CCCCCCCN(CCOc2ccc(C(=O)c3c(-c4ccc(O)cc4)sc4cc(O)ccc34)cc2)C(C)(C)C)C(C)(C)C)cc1
525,Cc1ncsc1-c1ccc(C(C)NC(=O)C2CC(O)CN2C(=O)C(NC(=O)CCCCCCCN(CCOc2ccc(C(=O)c3c(-c4ccc(O)cc4)sc4cc(O)ccc34)cc2)C2CC2)C(C)(C)C)cc1
526,Cc1ncsc1-c1ccc(C(C)NC(=O)C2CC(O)CN2C(=O)C(NC(=O)CCCCCCCN(CCOc2ccc(C(=O)c3c(-c4ccc(O)cc4)sc4cc(O)ccc34)cc2)C2CCC2)C(C)(C)C)cc1
527,Cc1ncsc1-c1ccc(C(C)NC(=O)C2CC(O)CN2C(=O)C(NC(=O)CCCCCCCN(CCOc2ccc(C(=O)c3c(-c4ccc(O)cc4)sc4cc(O)ccc34)cc2)C2CCCC2)C(C)(C)C)cc1
528,Cc1ncsc1-c1ccc(C(C)NC(=O)C2CC(O)CN2C(=O)C(NC(=O)CCCCCCCN(CCOc2ccc(C(=O)c3c(-c4ccc(O)cc4)sc4cc(O)ccc34)cc2)C2CCCCC2)C(C)(C)C)cc1
529,Cc1ncsc1-c1ccc(C(C)NC(=O)C2CC(O)CN2C(=O)C(NC(=O)CCCCCCCN(CCOc2ccc(C(=O)c3c(-c4ccc(O)cc4)sc4cc(O)ccc34)cc2)CC2CCC2)C(C)(C)C)cc1
530,CCN(CCOCCOCCC(=O)NC(C(=O)N1CC(O)CC1C(=O)NC(C)c1ccc(-c2scnc2C)cc1)C(C)(C)C)CCOc1ccc(C(=O)c2c(-c3ccc(O)cc3)sc3cc(O)ccc23)cc1
531,CCN(CCOCCOCC(=O)NC(C(=O)N1CC(O)CC1C(=O)NC(C)c1ccc(-c2scnc2C)cc1)C(C)(C)C)CCOc1ccc(C(=O)c2c(-c3ccc(O)cc3)sc3cc(O)ccc23)cc1
532,CCN(CCCCCOCC(=O)NC(C(=O)N1CC(O)CC1C(=O)NC(C)c1ccc(-c2scnc2C)cc1)C(C)(C)C)CCOc1ccc(C(=O)c2c(-c3ccc(O)cc3)sc3cc(O)ccc23)cc1
533,CCN(CCOc1ccc(C(=O)c2c(-c3ccc(O)cc3)sc3cc(O)ccc23)cc1)CCC1CCN(CCCC(=O)NC(C(=O)N2CC(O)CC2C(=O)NC(C)c2ccc(-c3scnc3C)cc2)C(C)(C)C)CC1
534,CCN(CCOc1ccc(C(=O)c2c(-c3ccc(O)cc3)sc3cc(O)ccc23)cc1)CCN1CCN(CCCC(=O)NC(C(=O)N2CC(O)CC2C(=O)NC(C)c2ccc(-c3scnc3C)cc2)C(C)(C)C)CC1
535,CCN(CCCC#Cc1cnn(CCC(=O)NC(C(=O)N2CC(O)CC2C(=O)NC(C)c2ccc(-c3scnc3C)cc2)C(C)(C)C)c1)CCOc1ccc(C(=O)c2c(-c3ccc(O)cc3)sc3cc(O)ccc23)cc1
536,CCN(CCC#Cc1cnn(CC(=O)NC(C(=O)N2CC(O)CC2C(=O)NC(C)c2ccc(-c3scnc3C)cc2)C(C)(C)C)c1)CCOc1ccc(C(=O)c2c(-c3ccc(O)cc3)sc3cc(O)ccc23)cc1
537,CCN(CCCCc1cnn(CC(=O)NC(C(=O)N2CC(O)CC2C(=O)NC(C)c2ccc(-c3scnc3C)cc2)C(C)(C)C)c1)CCOc1ccc(C(=O)c2c(-c3ccc(O)cc3)sc3cc(O)ccc23)cc1
538,CCC(=C(c1ccc(O)cc1)c1ccc(OCCN(CC)CCCCCCCC(=O)NC(C(=O)N2CC(O)CC2C(=O)NC(C)c2ccc(-c3scnc3C)cc2)C(C)(C)C)cc1)c1ccccc1
539,CCC(=C(c1ccccc1)c1ccc(OCCN(CC)CCCCCCCC(=O)NC(C(=O)N2CC(O)CC2C(=O)NC(C)c2ccc(-c3scnc3C)cc2)C(C)(C)C)cc1)c1ccccc1
540,CCN(CCCCCCCC(=O)NC(C(=O)N1CC(O)CC1C(=O)NC(C)c1ccc(-c2scnc2C)cc1)C(C)(C)C)CCOc1ccc(Cn2c(-c3ccc(O)cc3)c(C)c3cc(O)ccc32)cc1
541,CCN(CCCCCCCC(=O)NC(C(=O)N1CC(O)CC1C(=O)NC(C)c1ccc(-c2scnc2C)cc1)C(C)(C)C)CCOc1ccc(C2c3ccc(O)cc3CCC2c2ccccc2)cc1
542,CCN(CCCCCCCC(=O)NC(C(=O)N1CC(O)CC1C(=O)NCc1ccc(-c2scnc2C)cc1)C(C)(C)C)CCOc1ccc(C(=O)c2c(-c3ccc(O)cc3)sc3cc(O)ccc23)cc1
543,CCN(CCCCCCCC(=O)NC(C(=O)N1CC(O)CC1C(=O)NC(C)c1ccc(Cl)cc1)C(C)(C)C)CCOc1ccc(C(=O)c2c(-c3ccc(O)cc3)sc3cc(O)ccc23)cc1
544,CCN(CCCCCCCC(=O)NC(C(=O)N1CC(O)CC1C(=O)NC(C)c1ccc(C#N)cc1)C(C)(C)C)CCOc1ccc(C(=O)c2c(-c3ccc(O)cc3)sc3cc(O)ccc23)cc1
545,C#Cc1ccc(C(C)NC(=O)C2CC(O)CN2C(=O)C(NC(=O)CCCCCCCN(CC)CCOc2ccc(C(=O)c3c(-c4ccc(O)cc4)sc4cc(O)ccc34)cc2)C(C)(C)C)cc1
546,CCN(CCCCCCCC(=O)NC(C(=O)N1CC(O)CC1C(=O)NC(C)c1ccc(C2CC2)cc1)C(C)(C)C)CCOc1ccc(C(=O)c2c(-c3ccc(O)cc3)sc3cc(O)ccc23)cc1
547,CCN(CCCCCCCC(=O)NC(C(=O)N1CC(O)CC1C(=O)NC(C)c1ccc(C(C)C)cc1)C(C)(C)C)CCOc1ccc(C(=O)c2c(-c3ccc(O)cc3)sc3cc(O)ccc23)cc1
548,CCN(CCCCCCCC(=O)NC(C(=O)N1CC(O)CC1C(=O)NC(C)c1ccc(C(C)(C)C)cc1)C(C)(C)C)CCOc1ccc(C(=O)c2c(-c3ccc(O)cc3)sc3cc(O)ccc23)cc1
554,COc1cc(OC)c(C=CS(=O)(=O)Cc2ccc(OC)c(CC(=O)NCC(=O)Nc3cccc4c3C(=O)N(C3CCC(=O)NC3=O)C4=O)c2)c(OC)c1
555,CN1C(=O)CCc2cc3cc(c21)OCCOCC1CN(C(=O)CCC(=O)NCCCOCCOCCOc2cccc4c2C(=O)N(C2CCC(=O)NC2=O)C4=O)CCN1c1ncc(Cl)c(n1)N3
556,COc1cc(N2CCN(C(=O)CCCCCCC(=O)NC(C(=O)N3CC(O)CC3C(=O)NCc3ccc(-c4scnc4C)cc3)C(C)(C)C)CC2)ccc1Nc1ncc(Cl)c(Nc2ccccc2P(C)(C)=O)n1
557,COc1cc(N2CCN(C(=O)CCCCCCCC(=O)NC(C(=O)N3CC(O)CC3C(=O)NCc3ccc(-c4scnc4C)cc3)C(C)(C)C)CC2)ccc1Nc1ncc(Cl)c(Nc2ccccc2P(C)(C)=O)n1
558,COc1cc(N2CCN(C(=O)CCCCCCCCC(=O)NC(C(=O)N3CC(O)CC3C(=O)NCc3ccc(-c4scnc4C)cc3)C(C)(C)C)CC2)ccc1Nc1ncc(Cl)c(Nc2ccccc2P(C)(C)=O)n1
559,COc1cc(N2CCC(NC(=O)CCCCCCC(=O)NC(C(=O)N3CC(O)CC3C(=O)NCc3ccc(-c4scnc4C)cc3)C(C)(C)C)CC2)ccc1Nc1ncc(Cl)c(Nc2ccccc2P(C)(C)=O)n1
560,COc1cc(N2CCC(NC(=O)CCCCCCCC(=O)NC(C(=O)N3CC(O)CC3C(=O)NCc3ccc(-c4scnc4C)cc3)C(C)(C)C)CC2)ccc1Nc1ncc(Cl)c(Nc2ccccc2P(C)(C)=O)n1
561,COc1cc(N2CCC(NC(=O)CCCCCCCCC(=O)NC(C(=O)N3CC(O)CC3C(=O)NCc3ccc(-c4scnc4C)cc3)C(C)(C)C)CC2)ccc1Nc1ncc(Cl)c(Nc2ccccc2P(C)(C)=O)n1
562,COc1cc(N2CCC(N3CCN(C(=O)CCCCCCC(=O)NC(C(=O)N4CC(O)CC4C(=O)NCc4ccc(-c5scnc5C)cc4)C(C)(C)C)CC3)CC2)ccc1Nc1ncc(Cl)c(Nc2ccccc2P(C)(C)=O)n1
563,COc1cc(N2CCC(N3CCN(C(=O)CCCCCCCC(=O)NC(C(=O)N4CC(O)CC4C(=O)NCc4ccc(-c5scnc5C)cc4)C(C)(C)C)CC3)CC2)ccc1Nc1ncc(Cl)c(Nc2ccccc2P(C)(C)=O)n1
564,COc1cc(N2CCC(N3CCN(C(=O)CCCCCCCCC(=O)NC(C(=O)N4CC(O)CC4C(=O)NCc4ccc(-c5scnc5C)cc4)C(C)(C)C)CC3)CC2)ccc1Nc1ncc(Cl)c(Nc2ccccc2P(C)(C)=O)n1
565,COc1cc(N2CCC(NC(=O)CCCCCCCCCC(=O)NC(C(=O)N3CC(O)CC3C(=O)NCc3ccc(-c4scnc4C)cc3)C(C)(C)C)CC2)ccc1Nc1ncc(Cl)c(Nc2ccccc2P(C)(C)=O)n1
566,Cc1ncsc1-c1ccc(CNC(=O)C2CC(O)CN2C(=O)C(NC(=O)COCCOCCOc2ccc(-c3ccc4ncnc(Nc5ccc(OCc6cccc(F)c6)c(Cl)c5)c4c3)cc2)C(C)(C)C)cc1
567,COc1cc2ncnc(Nc3ccc(F)c(Cl)c3)c2cc1OCCCCCOCCOCCC(=O)NC(C(=O)N1CC(O)CC1C(=O)NCc1ccc(-c2scnc2C)cc1)C(C)(C)C
568,Cc1ncsc1-c1ccc(CNC(=O)C2CC(O)CN2C(=O)C(NC(=O)CCCCCOCCCCOCCCCOc2cc3ncnc(Nc4ccc(F)c(Cl)c4)c3cc2NC(=O)C=CCN(C)C)C(C)(C)C)cc1
569,Cc1ncsc1-c1ccc(CNC(=O)C2CC(O)CN2C(=O)C(NC(=O)COCCOCCOCCOc2ccc(-c3ccc4ncnc(Nc5ccc(OCc6cccc(F)c6)c(Cl)c5)c4c3)cc2)C(C)(C)C)cc1
570,COc1cc2c(Oc3ccc(N(C(=O)C4(C(N)=O)CC4)c4ccc(F)cc4)cc3F)ccnc2cc1OCCCOCCCOCCC(=O)NC(C(=O)N1CC(O)CC1C(=O)NCc1ccc(-c2scnc2C)cc1)C(C)(C)C
578,CNC(C)C(=O)NC(C(=O)N1CC(NC(=O)COCCOCCOCCOCCN2CCN(CC=CC(=O)N3CCCC(n4nc(-c5ccc(-c6ccccc6)cc5)c5c(N)ncnc54)C3)CC2)CC1C(=O)NC1CCCc2ccccc21)C1CCCCC1
579,CNC(C)C(=O)NC(C(=O)N1CC(NC(=O)COCCOCCOCCOCCN2CCN(CCCC(=O)N3CCCC(n4nc(-c5ccc(-c6ccccc6)cc5)c5c(N)ncnc54)C3)CC2)CC1C(=O)NC1CCCc2ccccc21)C1CCCCC1
580,Nc1ncnc2c1c(-c1ccc(Oc3ccccc3)cc1)nn2C1CCCN(C(=O)C=CCN2CCN(CCNC(=O)CCCCn3cc(COCCC(=O)Nc4cccc5c4CN(C4CCC(=O)NC4=O)C5=O)nn3)CC2)C1
581,Nc1ncnc2c1c(-c1ccc(Oc3ccccc3)cc1)nn2C1CCCN(C(=O)CCCNC(=O)CCCCn2cc(COCCC(=O)Nc3cccc4c3CN(C3CCC(=O)NC3=O)C4=O)nn2)C1
582,Cc1ncsc1-c1ccc(CNC(=O)C2CC(O)CN2C(=O)C(NC(=O)CCOCCOCCOCCOCCOCCC(=O)NCCCOC(=O)NC(Nc2ncccn2)C(Cl)(Cl)Cl)C(C)(C)C)cc1
583,COc1cc(-c2cn(C)c(=O)c3cnccc23)cc(OC)c1CN1CCN(CCOCCOCC(=O)NC(C(=O)N2CC(O)CC2C(=O)NCc2ccc(-c3scnc3C)cc2)C(C)(C)C)CC1
584,COc1cc(-c2cn(C)c(=O)c3cnccc23)cc(OC)c1CN1CCN(CCOCCOCCOCCOCC(=O)NC(C(=O)N2CC(O)CC2C(=O)NCc2ccc(-c3scnc3C)cc2)C(C)(C)C)CC1
585,COc1cc(-c2cn(C)c(=O)c3cnccc23)cc(OC)c1CN1CCN(CCOCCOCCOCCOCCOCC(=O)NC(C(=O)N2CC(O)CC2C(=O)NCc2ccc(-c3scnc3C)cc2)C(C)(C)C)CC1
586,COc1cc(-c2cn(C)c(=O)c3cnccc23)cc(OC)c1CN1CCN(CCCCCOCCOCC(=O)NC(C(=O)N2CC(O)CC2C(=O)NCc2ccc(-c3scnc3C)cc2)C(C)(C)C)CC1
587,COc1cc(-c2cn(C)c(=O)c3cnccc23)cc(OC)c1CN1CCN(CCOCCOCCOCC(=O)NC(C(=O)N2CC(O)CC2C(=O)NCc2ccc(-c3scnc3C)cc2)C(C)(C)C)CC1
588,COc1cc(-c2cn(C)c(=O)c3cnccc23)cc(OC)c1CN1CCN(C(=O)COCCOCCOCC(=O)NC(C(=O)N2CC(O)CC2C(=O)NCc2ccc(-c3scnc3C)cc2)C(C)(C)C)CC1
589,COc1cc(-c2cn(C)c(=O)c3cnccc23)cc(OC)c1CN1CCN(CCOCCOCCOc2cc(-c3scnc3C)ccc2CNC(=O)C2CC(O)CN2C(=O)C(NC(=O)C2(F)CC2)C(C)(C)C)CC1
590,COc1cc(-c2cn(C)c(=O)c3cnccc23)cc(OC)c1CN1CCN(CCOCCOCCOc2cc(-c3scnc3C)ccc2CNC(=O)C2CC(O)CN2C(=O)C(NC(=O)C2(C#N)CC2)C(C)(C)C)CC1
591,COc1cc(-c2cn(C)c(=O)c3cnccc23)cc(OC)c1CN1CCN(CCOCCOCCOc2cc(-c3scnc3C)ccc2CNC(=O)C2CC(O)CN2C(=O)C(NC(C)=O)C(C)(C)C)CC1
592,COc1cc(-c2cn(C)c(=O)c3cnccc23)cc(OC)c1CN1CCN(CCOCCOCCOCCOCCOc2cc(-c3scnc3C)ccc2CNC(=O)C2CC(O)CN2C(=O)C(NC(=O)C2(F)CC2)C(C)(C)C)CC1
593,COc1cc(-c2cn(C)c(=O)c3cnccc23)cc(OC)c1CN1CCN(CCOCCOCCOCCOCCOc2cc(-c3scnc3C)ccc2CNC(=O)C2CC(O)CN2C(=O)C(NC(=O)C2(C#N)CC2)C(C)(C)C)CC1
594,COc1cc(-c2cn(C)c(=O)c3cnccc23)cc(OC)c1CN1CCN(CCOCCOCCOCCOCCOc2cc(-c3scnc3C)ccc2CNC(=O)C2CC(O)CN2C(=O)C(NC(C)=O)C(C)(C)C)CC1
595,COc1cc(-c2cn(C)c(=O)c3cnccc23)cc(OC)c1CN1CCN(CCOCCOc2cc(-c3scnc3C)ccc2CNC(=O)C2CC(O)CN2C(=O)C(NC(=O)C2(F)CC2)C(C)(C)C)CC1
596,COc1cc(-c2cn(C)c(=O)c3cnccc23)c(OC)cc1CN1CCN(CCOCCOc2cc(-c3scnc3C)ccc2CNC(=O)C2CC(O)CN2C(=O)C(NC(=O)C2(F)CC2)C(C)(C)C)CC1
597,COc1cc(-c2cn(C)c(=O)c3cnccc23)c(OC)cc1CN1CCN(CCOCCOCCOc2cc(-c3scnc3C)ccc2CNC(=O)C2CC(O)CN2C(=O)C(NC(=O)C2(F)CC2)C(C)(C)C)CC1
598,COc1cc(-c2cn(C)c(=O)c3cnccc23)cc(OC)c1CN1CCN(CCOCCOCCOCCOc2cc(-c3scnc3C)ccc2CNC(=O)C2CC(O)CN2C(=O)C(NC(=O)C2(F)CC2)C(C)(C)C)CC1
599,COc1cc(-c2cn(C)c(=O)c3cnccc23)c(OC)cc1CN1CCN(CCOCCOCCOCCOc2cc(-c3scnc3C)ccc2CNC(=O)C2CC(O)CN2C(=O)C(NC(=O)C2(F)CC2)C(C)(C)C)CC1
600,COc1cc(-c2cn(C)c(=O)c3cnccc23)cc(OC)c1CN1CCN(CCCCCOc2cc(-c3scnc3C)ccc2CNC(=O)C2CC(O)CN2C(=O)C(NC(=O)C2(F)CC2)C(C)(C)C)CC1
601,COc1cc(-c2cn(C)c(=O)c3cnccc23)c(OC)cc1CN1CCN(CCCCCOc2cc(-c3scnc3C)ccc2CNC(=O)C2CC(O)CN2C(=O)C(NC(=O)C2(F)CC2)C(C)(C)C)CC1
602,COc1cc(-c2cn(C)c(=O)c3cnccc23)cc(OC)c1CN1CCN(CCCCCOCCOc2cc(-c3scnc3C)ccc2CNC(=O)C2CC(O)CN2C(=O)C(NC(=O)C2(F)CC2)C(C)(C)C)CC1
603,COc1cc(-c2cn(C)c(=O)c3cnccc23)c(OC)cc1CN1CCN(CCCCCOCCOc2cc(-c3scnc3C)ccc2CNC(=O)C2CC(O)CN2C(=O)C(NC(=O)C2(F)CC2)C(C)(C)C)CC1
604,COc1cc(-c2cn(C)c(=O)c3cnccc23)cc(OC)c1CN1CC(NC(=O)COCCOc2cc(-c3scnc3C)ccc2CNC(=O)C2CC(O)CN2C(=O)C(NC(=O)C2(F)CC2)C(C)(C)C)C1
605,COc1cc(-c2cn(C)c(=O)c3cnccc23)c(OC)cc1CN1CC(NC(=O)COCCOc2cc(-c3scnc3C)ccc2CNC(=O)C2CC(O)CN2C(=O)C(NC(=O)C2(F)CC2)C(C)(C)C)C1
606,COc1cc(-c2cn(C)c(=O)c3cnccc23)cc(OC)c1CN1CC(NC(=O)COCCOCCOc2cc(-c3scnc3C)ccc2CNC(=O)C2CC(O)CN2C(=O)C(NC(=O)C2(F)CC2)C(C)(C)C)C1
607,COc1cc(-c2cn(C)c(=O)c3cnccc23)c(OC)cc1CN1CC(NC(=O)COCCOCCOc2cc(-c3scnc3C)ccc2CNC(=O)C2CC(O)CN2C(=O)C(NC(=O)C2(F)CC2)C(C)(C)C)C1
608,COc1cc(-c2cn(C)c(=O)c3cnccc23)cc(OC)c1CN1CC(NC(=O)COCCOCCOCCOc2cc(-c3scnc3C)ccc2CNC(=O)C2CC(O)CN2C(=O)C(NC(=O)C2(F)CC2)C(C)(C)C)C1
609,COc1cc(-c2cn(C)c(=O)c3cnccc23)c(OC)cc1CN1CC(NC(=O)COCCOCCOCCOc2cc(-c3scnc3C)ccc2CNC(=O)C2CC(O)CN2C(=O)C(NC(=O)C2(F)CC2)C(C)(C)C)C1
610,COc1cc(-c2cn(C)c(=O)c3cnccc23)cc(OC)c1CN1CC(NC(=O)CCCCOc2cc(-c3scnc3C)ccc2CNC(=O)C2CC(O)CN2C(=O)C(NC(=O)C2(F)CC2)C(C)(C)C)C1
611,COc1cc(-c2cn(C)c(=O)c3cnccc23)c(OC)cc1CN1CC(NC(=O)CCCCOc2cc(-c3scnc3C)ccc2CNC(=O)C2CC(O)CN2C(=O)C(NC(=O)C2(F)CC2)C(C)(C)C)C1
612,COc1cc(-c2cn(C)c(=O)c3cnccc23)cc(OC)c1CN1CC(NC(=O)CCCCOCCOc2cc(-c3scnc3C)ccc2CNC(=O)C2CC(O)CN2C(=O)C(NC(=O)C2(F)CC2)C(C)(C)C)C1
613,COc1cc(-c2cn(C)c(=O)c3cnccc23)c(OC)cc1CN1CC(NC(=O)CCCCOCCOc2cc(-c3scnc3C)ccc2CNC(=O)C2CC(O)CN2C(=O)C(NC(=O)C2(F)CC2)C(C)(C)C)C1
621,NC(=O)CCC(NC(=O)C1CCC2CCN(C(=O)CCCC#Cc3cccc4c3CN(C3CCC(=O)NC3=O)C4=O)CC(NC(=O)c3cc4cc(C(F)(F)P(=O)(O)O)ccc4[nH]3)C(=O)N21)C(=O)NC(c1ccccc1)c1ccccc1
622,NC(=O)CCC(NC(=O)C1CCC2CCN(C(=O)CCCCC#Cc3cccc4c3CN(C3CCC(=O)NC3=O)C4=O)CC(NC(=O)c3cc4cc(C(F)(F)P(=O)(O)O)ccc4[nH]3)C(=O)N21)C(=O)NC(c1ccccc1)c1ccccc1
623,NC(=O)CCC(NC(=O)C1CCC2CCN(C(=O)CCCCCC#Cc3cccc4c3CN(C3CCC(=O)NC3=O)C4=O)CC(NC(=O)c3cc4cc(C(F)(F)P(=O)(O)O)ccc4[nH]3)C(=O)N21)C(=O)NC(c1ccccc1)c1ccccc1
624,NC(=O)CCC(NC(=O)C1CCC2CCN(C(=O)CCCCCCC#Cc3cccc4c3CN(C3CCC(=O)NC3=O)C4=O)CC(NC(=O)c3cc4cc(C(F)(F)P(=O)(O)O)ccc4[nH]3)C(=O)N21)C(=O)NC(c1ccccc1)c1ccccc1
625,NC(=O)CCC(NC(=O)C1CCC2CCN(C(=O)CCCCCCCCC#Cc3cccc4c3CN(C3CCC(=O)NC3=O)C4=O)CC(NC(=O)c3cc4cc(C(F)(F)P(=O)(O)O)ccc4[nH]3)C(=O)N21)C(=O)NC(c1ccccc1)c1ccccc1
626,NC(=O)CCC(NC(=O)C1CCC2CCN(CCCCCCC#Cc3cccc4c3CN(C3CCC(=O)NC3=O)C4=O)CC(NC(=O)c3cc4cc(C(F)(F)P(=O)(O)O)ccc4[nH]3)C(=O)N21)C(=O)NC(c1ccccc1)c1ccccc1
627,NC(=O)CCC(NC(=O)C1CCC2CCN(C(=O)OCCCCC#Cc3cccc4c3CN(C3CCC(=O)NC3=O)C4=O)CC(NC(=O)c3cc4cc(C(F)(F)P(=O)(O)O)ccc4[nH]3)C(=O)N21)C(=O)NC(c1ccccc1)c1ccccc1
628,NC(=O)CCC(NC(=O)C1CCC2CCN(C(=O)NCCCCC#Cc3cccc4c3CN(C3CCC(=O)NC3=O)C4=O)CC(NC(=O)c3cc4cc(C(F)(F)P(=O)(O)O)ccc4[nH]3)C(=O)N21)C(=O)NC(c1ccccc1)c1ccccc1
629,NC(=O)CCC(NC(=O)C1CCC2CCN(C(=O)c3cnn(CCCC#Cc4cccc5c4CN(C4CCC(=O)NC4=O)C5=O)c3)CC(NC(=O)c3cc4cc(C(F)(F)P(=O)(O)O)ccc4[nH]3)C(=O)N21)C(=O)NC(c1ccccc1)c1ccccc1
630,NC(=O)CCC(NC(=O)C1CCC2CCN(C(=O)CCCn3cc(C#Cc4cccc5c4CN(C4CCC(=O)NC4=O)C5=O)cn3)CC(NC(=O)c3cc4cc(C(F)(F)P(=O)(O)O)ccc4[nH]3)C(=O)N21)C(=O)NC(c1ccccc1)c1ccccc1
631,NC(=O)CCC(NC(=O)C1CCC2CCN(C(=O)N3CCC(CCC#Cc4cccc5c4CN(C4CCC(=O)NC4=O)C5=O)CC3)CC(NC(=O)c3cc4cc(C(F)(F)P(=O)(O)O)ccc4[nH]3)C(=O)N21)C(=O)NC(c1ccccc1)c1ccccc1
632,NC(=O)CCC(NC(=O)C1CCC2CCN(C(=O)CCN3CCC(C#Cc4cccc5c4CN(C4CCC(=O)NC4=O)C5=O)CC3)CC(NC(=O)c3cc4cc(C(F)(F)P(=O)(O)O)ccc4[nH]3)C(=O)N21)C(=O)NC(c1ccccc1)c1ccccc1
633,NC(=O)CCC(NC(=O)C1CCC2CCN(C(=O)CC(=O)N3CCC(C#Cc4cccc5c4CN(C4CCC(=O)NC4=O)C5=O)CC3)CC(NC(=O)c3cc4cc(C(F)(F)P(=O)(O)O)ccc4[nH]3)C(=O)N21)C(=O)NC(c1ccccc1)c1ccccc1
634,NC(=O)CCC(NC(=O)C1CCC2CCN(C(=O)CCCCCCCc3cccc4c3CN(C3CCC(=O)NC3=O)C4=O)CC(NC(=O)c3cc4cc(C(F)(F)P(=O)(O)O)ccc4[nH]3)C(=O)N21)C(=O)NC(c1ccccc1)c1ccccc1
635,NC(=O)CCC(NC(=O)C1CCC2CCN(C(=O)CCCCCCNc3cccc4c3CN(C3CCC(=O)NC3=O)C4=O)CC(NC(=O)c3cc4cc(C(F)(F)P(=O)(O)O)ccc4[nH]3)C(=O)N21)C(=O)NC(c1ccccc1)c1ccccc1
636,NC(=O)CCC(NC(=O)C1CCC2CCN(C(=O)CCCCCC#Cc3cccc4c3C(=O)N(C3CCC(=O)NC3=O)C4=O)CC(NC(=O)c3cc4cc(C(F)(F)P(=O)(O)O)ccc4[nH]3)C(=O)N21)C(=O)NC(c1ccccc1)c1ccccc1
637,NC(=O)CCC(NC(=O)C1CCC2CCN(C(=O)CCCCCC#Cc3ccc4c(c3)CN(C3CCC(=O)NC3=O)C4=O)CC(NC(=O)c3cc4cc(C(F)(F)P(=O)(O)O)ccc4[nH]3)C(=O)N21)C(=O)NC(c1ccccc1)c1ccccc1
638,NC(=O)CCC(NC(=O)C1CCC2CCN(C(=O)CCCCCC#Cc3ccc4c(c3)C(=O)N(C3CCC(=O)NC3=O)C4)CC(NC(=O)c3cc4cc(C(F)(F)P(=O)(O)O)ccc4[nH]3)C(=O)N21)C(=O)NC(c1ccccc1)c1ccccc1
639,NC(=O)CCC(NC(=O)C1CCC2CCN(C(=O)CCCCCC#Cc3cccc4c3CN(C3CCC(=O)NC3=O)C4=O)CC(NC(=O)c3cc4cc(C(F)(F)P(=O)(O)O)ccc4[nH]3)C(=O)N21)C(=O)NCc1ccccc1
640,CNC(=O)C(CCC(N)=O)NC(=O)C1CCC2CCN(C(=O)CCCCCC#Cc3cccc4c3CN(C3CCC(=O)NC3=O)C4=O)CC(NC(=O)c3cc4cc(C(F)(F)P(=O)(O)O)ccc4[nH]3)C(=O)N21
641,NC(=O)CCC(NC(=O)C1CCC2CCN(C(=O)CCCCCC#Cc3cccc4c3CN(C3CCC(=O)NC3=O)C4=O)CC(NC(=O)c3cc4cc(OP(=O)(O)O)ccc4[nH]3)C(=O)N21)C(=O)NC(c1ccccc1)c1ccccc1
642,NC(=O)CCC(NC(=O)C1CCC2CCN(C(=O)CCCCCC#Cc3cccc4c3CN(C3CCC(=O)NC3=O)C4=O)CC(NC(=O)c3cc4cc(CP(=O)(O)O)ccc4[nH]3)C(=O)N21)C(=O)NC(c1ccccc1)c1ccccc1
643,CC(=CC(=O)NC1CN(C(=O)CCCCCC#Cc2cccc3c2CN(C2CCC(=O)NC2=O)C3=O)CCC2CCC(C(=O)NC(CCC(N)=O)C(=O)NC(c3ccccc3)c3ccccc3)N2C1=O)c1ccc(C(F)(F)P(=O)(O)O)cc1
644,O=C1CCC(N2C(=O)c3cccc(NCCCCNC(=O)c4ccc(NC(=O)C5NC6(CCCCC6)C6(C(=O)Nc7cc(Cl)ccc76)C5c5cccc(Cl)c5F)cc4)c3C2=O)C(=O)N1
645,O=C1CCC(N2C(=O)c3cccc(NCCOCCOCCNC(=O)c4ccc(NC(=O)C5NC6(CCCCC6)C6(C(=O)Nc7cc(Cl)ccc76)C5c5cccc(Cl)c5F)cc4)c3C2=O)C(=O)N1
646,O=C1CCC(N2Cc3c(NC(=O)c4ccc(NC(=O)C5NC6(CCCCC6)C6(C(=O)Nc7cc(Cl)ccc76)C5c5cccc(Cl)c5F)cc4)cccc3C2=O)C(=O)N1
647,O=C1CCC(N2C(=O)c3cccc(NCCNC(=O)c4ccc(NC(=O)C5NC6(CCCCC6)C6(C(=O)Nc7cc(Cl)ccc76)C5c5cccc(Cl)c5F)cc4)c3C2=O)C(=O)N1
648,O=C1CCC(N2C(=O)c3cccc(NCCCNC(=O)c4ccc(NC(=O)C5NC6(CCCCC6)C6(C(=O)Nc7cc(Cl)ccc76)C5c5cccc(Cl)c5F)cc4)c3C2=O)C(=O)N1
649,O=C1CCC(N2C(=O)c3cccc(NCCCCCNC(=O)c4ccc(NC(=O)C5NC6(CCCCC6)C6(C(=O)Nc7cc(Cl)ccc76)C5c5cccc(Cl)c5F)cc4)c3C2=O)C(=O)N1
650,O=C1CCC(N2C(=O)c3cccc(NCCCCCCNC(=O)c4ccc(NC(=O)C5NC6(CCCCC6)C6(C(=O)Nc7cc(Cl)ccc76)C5c5cccc(Cl)c5F)cc4)c3C2=O)C(=O)N1
651,O=C1CCC(N2C(=O)c3cccc(NCCCCCCCNC(=O)c4ccc(NC(=O)C5NC6(CCCCC6)C6(C(=O)Nc7cc(Cl)ccc76)C5c5cccc(Cl)c5F)cc4)c3C2=O)C(=O)N1
652,O=C1CCC(N2C(=O)c3cccc(NCCOCCNC(=O)c4ccc(NC(=O)C5NC6(CCCCC6)C6(C(=O)Nc7cc(Cl)ccc76)C5c5cccc(Cl)c5F)cc4)c3C2=O)C(=O)N1
653,O=C1CCC(N2C(=O)c3cccc(NCCOCCOCCOCCNC(=O)c4ccc(NC(=O)C5NC6(CCCCC6)C6(C(=O)Nc7cc(Cl)ccc76)C5c5cccc(Cl)c5F)cc4)c3C2=O)C(=O)N1
654,O=C1CCC(N2Cc3c(CCCCCNC(=O)c4ccc(NC(=O)C5NC6(CCCCC6)C6(C(=O)Nc7cc(Cl)ccc76)C5c5cccc(Cl)c5F)cc4)cccc3C2=O)C(=O)N1
655,O=C1CCC(N2Cc3c(C#CCCCNC(=O)c4ccc(NC(=O)C5NC6(CCCCC6)C6(C(=O)Nc7cc(Cl)ccc76)C5c5cccc(Cl)c5F)cc4)cccc3C2=O)C(=O)N1
656,O=C1CCC(N2Cc3cc(C#CCCCNC(=O)c4ccc(NC(=O)C5NC6(CCCCC6)C6(C(=O)Nc7cc(Cl)ccc76)C5c5cccc(Cl)c5F)cc4)ccc3C2=O)C(=O)N1
657,O=C1CCC(N2Cc3ccc(C#CCCCNC(=O)c4ccc(NC(=O)C5NC6(CCCCC6)C6(C(=O)Nc7cc(Cl)ccc76)C5c5cccc(Cl)c5F)cc4)cc3C2=O)C(=O)N1
658,Cc1ncsc1-c1ccc(CNC(=O)C2CC(O)CN2C(=O)C(NC(=O)CCOCCOCCOCCNC(=O)c2ccc(NC(=O)C3NC4(CCCCC4)C4(C(=O)Nc5cc(Cl)ccc54)C3c3cccc(Cl)c3F)cc2)C(C)(C)C)cc1
659,Cc1ncsc1-c1ccc(CNC(=O)C2CC(O)CN2C(=O)C(NC(=O)CCNC(=O)c2ccc(N3C(=S)N(c4ccc(C#N)c(C(F)(F)F)c4)C(=O)C3(C)C)cc2F)C(C)(C)C)cc1
660,Cc1ncsc1-c1ccc(CNC(=O)C2CC(O)CN2C(=O)C(NC(=O)CCCNC(=O)c2ccc(N3C(=S)N(c4ccc(C#N)c(C(F)(F)F)c4)C(=O)C3(C)C)cc2F)C(C)(C)C)cc1
661,Cc1ncsc1-c1ccc(CNC(=O)C2CC(O)CN2C(=O)C(NC(=O)CCCCNC(=O)c2ccc(N3C(=S)N(c4ccc(C#N)c(C(F)(F)F)c4)C(=O)C3(C)C)cc2F)C(C)(C)C)cc1
662,Cc1ncsc1-c1ccc(CNC(=O)C2CC(O)CN2C(=O)C(NC(=O)CCCCCNC(=O)c2ccc(N3C(=S)N(c4ccc(C#N)c(C(F)(F)F)c4)C(=O)C3(C)C)cc2F)C(C)(C)C)cc1
663,Cc1ncsc1-c1ccc(CNC(=O)C2CC(O)CN2C(=O)C(NC(=O)CCCCCCNC(=O)c2ccc(N3C(=S)N(c4ccc(C#N)c(C(F)(F)F)c4)C(=O)C3(C)C)cc2F)C(C)(C)C)cc1
664,Cc1ncsc1-c1ccc(CNC(=O)C2CC(O)CN2C(=O)C(NC(=O)CCCCCCCNC(=O)c2ccc(N3C(=S)N(c4ccc(C#N)c(C(F)(F)F)c4)C(=O)C3(C)C)cc2F)C(C)(C)C)cc1
665,Cc1ncsc1-c1ccc(CNC(=O)C2CC(O)CN2C(=O)C(NC(=O)CCCCCCCCNC(=O)c2ccc(N3C(=S)N(c4ccc(C#N)c(C(F)(F)F)c4)C(=O)C3(C)C)cc2F)C(C)(C)C)cc1
666,Cc1ncsc1-c1ccc(CNC(=O)C2CC(O)CN2C(=O)C(NC(=O)CCCCCCCCCNC(=O)c2ccc(N3C(=S)N(c4ccc(C#N)c(C(F)(F)F)c4)C(=O)C3(C)C)cc2F)C(C)(C)C)cc1
667,Cc1ncsc1-c1ccc(CNC(=O)C2CC(O)CN2C(=O)C(NC(=O)CCCCCCCCCCNC(=O)c2ccc(N3C(=S)N(c4ccc(C#N)c(C(F)(F)F)c4)C(=O)C3(C)C)cc2F)C(C)(C)C)cc1
668,Cc1ncsc1-c1ccc(CNC(=O)C2CC(O)CN2C(=O)C(NC(=O)CCCCCCCCCCCNC(=O)c2ccc(N3C(=S)N(c4ccc(C#N)c(C(F)(F)F)c4)C(=O)C3(C)C)cc2F)C(C)(C)C)cc1
669,Cc1ncsc1-c1ccc(CNC(=O)C2CC(O)CN2C(=O)C(NC(=O)CCOCCOCCNC(=O)c2ccc(N3C(=S)N(c4ccc(C#N)c(C(F)(F)F)c4)C(=O)C3(C)C)cc2F)C(C)(C)C)cc1
670,Cc1ncsc1-c1ccc(CNC(=O)C2CC(O)CN2C(=O)C(NC(=O)CCCCCCc2ccc(C#Cc3ccc(N4C(=S)N(c5ccc(C#N)c(C(F)(F)F)c5)C(=O)C4(C)C)cc3)cn2)C(C)(C)C)cc1
671,Cc1ncsc1-c1ccc(CNC(=O)C2CC(O)CN2C(=O)C(NC(=O)CCCN2CCN(c3ccc(C#Cc4ccc(N5C(=S)N(c6ccc(C#N)c(C(F)(F)F)c6)C(=O)C5(C)C)cc4)cn3)CC2)C(C)(C)C)cc1
672,Cc1ncsc1-c1ccc(C(C)NC(=O)C2CC(O)CN2C(=O)C(NC(=O)CCCN2CCN(c3ccc(C#Cc4ccc(N5C(=S)N(c6ccc(C#N)c(C(F)(F)F)c6)C(=O)C5(C)C)cc4)cn3)CC2)C(C)(C)C)cc1
673,Cc1ncsc1-c1ccc(C(C)NC(=O)C2CC(O)CN2C(=O)C(NC(=O)CCCCN2CCN(c3ccc(C#Cc4ccc(N5C(=S)N(c6ccc(C#N)c(C(F)(F)F)c6)C(=O)C5(C)C)cc4)cn3)CC2)C(C)(C)C)cc1
674,Cc1ncsc1-c1ccc(C(C)NC(=O)C2CC(O)CN2C(=O)C(NC(=O)CCN2CCN(c3ccc(C#Cc4ccc(N5C(=S)N(c6ccc(C#N)c(C(F)(F)F)c6)C(=O)C5(C)C)cc4)cn3)CC2)C(C)(C)C)cc1
675,Cc1ncsc1-c1ccc(C(C)NC(=O)C2CC(O)CN2C(=O)C(NC(=O)CN2CCN(c3ccc(C#Cc4ccc(N5C(=S)N(c6ccc(C#N)c(C(F)(F)F)c6)C(=O)C5(C)C)cc4)cn3)CC2)C(C)(C)C)cc1
676,Cc1ncsc1-c1ccc(C(C)NC(=O)C2CC(O)CN2C(=O)C(NC(=O)N2CCN(c3ccc(C#Cc4ccc(N5C(=S)N(c6ccc(C#N)c(C(F)(F)F)c6)C(=O)C5(C)C)cc4)cn3)CC2)C(C)(C)C)cc1
677,Cc1cc(C(C(=O)N2CC(O)CC2C(=O)NC(CC(=O)NCCCCCCCCCNC(=O)c2ccc(N3C(=S)N(c4ccc(C#N)c(C(F)(F)F)c4)C(=O)C3(C)C)cc2F)c2ccc(-c3scnc3C)cc2)C(C)C)on1
678,Cc1cc(C(C(=O)N2CC(O)CC2C(=O)NC(CC(=O)NCCCN2CCN(c3ccc(C#Cc4ccc(N5C(=S)N(c6ccc(C#N)c(C(F)(F)F)c6)C(=O)C5(C)C)cc4)cn3)CC2)c2ccc(-c3scnc3C)cc2)C(C)C)on1
679,Cc1cc(C(C(=O)N2CC(O)CC2C(=O)NC(CC(=O)N2CCN(c3ccc(C#Cc4ccc(N5C(=S)N(c6ccc(C#N)c(C(F)(F)F)c6)C(=O)C5(C)C)cc4)cn3)CC2)c2ccc(-c3scnc3C)cc2)C(C)C)on1
682,Cc1cc(C(C(=O)N2CC(O)CC2C(=O)NC(CC(=O)N2CCC(N3CCC(C#Cc4ccc(S(=O)CC(C)(O)C(=O)Nc5ccc(C#N)c(C(F)(F)F)c5)cc4)CC3)CC2)c2ccc(-c3scnc3C)cc2)C(C)C)on1
684,Cc1cc(C(C(=O)N2CC(O)CC2C(=O)NC(CC(=O)N2CCC(N3CCC(C#Cc4ccc(Cc5c(C)nn(-c6ccc(C#N)c(Cl)c6)c5C)cc4)CC3)CC2)c2ccc(-c3scnc3C)cc2)C(C)C)on1
685,Cc1ncsc1-c1ccc(C(CC(=O)N2CCC(N3CCC(C#Cc4ccc(C(=O)NC5C(C)(C)C(Oc6ccc(C#N)c(Cl)c6)C5(C)C)cc4)CC3)CC2)NC(=O)C2CC(O)CN2C(=O)C(NC(=O)C2(F)CC2)C(C)(C)C)cc1
686,Cc1ncsc1-c1ccc(C(CC(=O)N2CCC(N3CCC(C#Cc4ccc(C(=O)NC5C(C)(C)C(Oc6ccc(C#N)c(Cl)c6)C5(C)C)cc4)CC3)CC2)NC(=O)C2CC(O)CN2C(=O)C(NC(=O)C2(C#N)CC2)C(C)(C)C)cc1
687,CC(=O)NC(C(=O)N1CC(O)CC1C(=O)NC(CC(=O)N1CCC(N2CCC(C#Cc3ccc(C(=O)NC4C(C)(C)C(Oc5ccc(C#N)c(Cl)c5)C4(C)C)cc3)CC2)CC1)c1ccc(-c2scnc2C)cc1)C(C)(C)C
688,Cc1cc(C(C(=O)N2CC(O)CC2C(=O)NC(CC(=O)NCCCCCCCCCNC(=O)c2ccc(C(=O)NC3C(C)(C)C(Oc4ccc(C#N)c(Cl)c4)C3(C)C)cc2)c2ccc(-c3scnc3C)cc2)C(C)C)on1
689,CC1(C)C(NC(=O)c2ccc(C(=O)NCCCCCCCCCCc3cccc4c3C(=O)N(C3CCC(=O)NC3=O)C4=O)cc2)C(C)(C)C1Oc1ccc(C#N)c(Cl)c1
690,CC1(C)C(NC(=O)c2ccc(C#CC3CCN(C4CCN(c5cccc6c5C(=O)N(C5CCC(=O)NC5=O)C6=O)CC4)CC3)cc2)C(C)(C)C1Oc1ccc(C#N)c(Cl)c1
707,Cc1ncsc1-c1ccc(CNC(=O)C2CC(O)CN2C(=O)C(NC(=O)CCCCCCCCNc2cccc3c2C(=O)N(C2CCC(=O)NC2=O)C3=O)C(C)(C)C)cc1
708,Cc1ncsc1-c1ccc(CNC(=O)C2CC(O)CN2C(=O)C(NC(=O)CCCCCCCCCCNc2cccc3c2C(=O)N(C2CCC(=O)NC2=O)C3=O)C(C)(C)C)cc1
709,Cc1ncsc1-c1ccc(CNC(=O)C2CC(O)CN2C(=O)C(NC(=O)CCCCCCNc2cccc3c2C(=O)N(C2CCC(=O)NC2=O)C3=O)C(C)(C)C)cc1
710,Cc1ncsc1-c1ccc(CNC(=O)C2CC(O)CN2C(=O)C(NC(=O)CCCCCCCCCCNC(=O)CNc2cccc3c2C(=O)N(C2CCC(=O)NC2=O)C3=O)C(C)(C)C)cc1
711,Cc1ncsc1-c1ccc(CNC(=O)C2CC(O)CN2C(=O)C(NC(=O)CCCCCCCCCCNC(=O)COc2cccc3c2C(=O)N(C2CCC(=O)NC2=O)C3=O)C(C)(C)C)cc1
712,Cc1ncsc1-c1ccc(CNC(=O)C2CC(O)CN2C(=O)C(NC(=O)CCCCCC(=O)Nc2cccc3c2C(=O)N(C2CCC(=O)NC2=O)C3=O)C(C)(C)C)cc1
713,CC(=O)c1c(C)c2cnc(Nc3ccc(N4CCN(CCCCCCCC(=O)NC(C(=O)N5CC(O)CC5C(=O)NC(C)c5ccc(-c6scnc6C)cc5)C(C)(C)C)CC4)cn3)nc2n(C2CCCC2)c1=O
714,CC(=O)c1c(C)c2cnc(Nc3ccc(N4CCN(CCOCCOCCOCC(=O)NC(C(=O)N5CC(O)CC5C(=O)NC(C)c5ccc(-c6scnc6C)cc5)C(C)(C)C)CC4)cn3)nc2n(C2CCCC2)c1=O
715,CC(=O)c1c(C)c2cnc(Nc3ccc(N4CCN(CC(=O)NCCOCCOCCOCCC(=O)NC(C(=O)N5CC(O)CC5C(=O)NC(C)c5ccc(-c6scnc6C)cc5)C(C)(C)C)CC4)cn3)nc2n(C2CCCC2)c1=O
716,CNC(C)C(=O)NC(C(=O)N1CC(NC(=O)COCCOCCOCCN2CCN(c3ccc(Nc4ncc5c(C)c(C(C)=O)c(=O)n(C6CCCC6)c5n4)nc3)CC2)CC1C(=O)Nc1c(F)cccc1F)C(C)(C)C
717,CNC(C)C(=O)NC(C(=O)N1CC(NC(=O)CCOCCOCCOCCNC(=O)CN2CCN(c3ccc(Nc4cc5c(cn4)c(C)c(C(C)=O)c(=O)n5C4CCCC4)nc3)CC2)CC1C(=O)Nc1c(F)cccc1F)C(C)(C)C
725,Cc1ncsc1-c1ccc(CNC(=O)C2CC(O)CN2C(=O)C(NC(=O)c2cc(F)c(N=Nc3c(F)cc(C(=O)NCC4N=C(c5ccc(Cl)cc5)c5c(sc(C)c5C)-n5c(C)nnc54)cc3F)c(F)c2)C(C)(C)C)cc1
727,Cc1ncsc1-c1ccc(C(C)NC(=O)C2CC(O)CN2C(=O)C(NC(=O)COCOCOCCNC(=O)CCc2ccc(S(=O)(=O)Nc3cc(C)c(=O)n(C)c3Nc3ccc(I)cc3F)cc2)C(C)(C)C)cc1
728,Cc1ncsc1-c1ccc(C(C)NC(=O)C2CC(O)CN2C(=O)C(NC(=O)COCOCOCOCCNC(=O)CCc2ccc(S(=O)(=O)Nc3cc(C)c(=O)n(C)c3Nc3ccc(I)cc3F)cc2)C(C)(C)C)cc1
729,Cc1ncsc1-c1ccc(C(C)NC(=O)C2CC(O)CN2C(=O)C(NC(=O)COCOCOCCNC(=O)COc2ccc(S(=O)(=O)Nc3cc(C)c(=O)n(C)c3Nc3ccc(I)cc3F)cc2)C(C)(C)C)cc1
730,CC(C)(C=C(C#N)C(=O)N1CCCC(n2nc(-c3ccc(Oc4ccccc4)cc3)c3c(N)ncnc32)C1)CCCOCCOCCOCCOCCOc1cccc2c1C(=O)N(C1CCC(=O)NC1=O)C2=O
731,Nc1ncnc2c1c(-c1ccc(Oc3ccccc3)cc1)nn2C1CCCN(C(=O)CCCCCCOCCOCCOCCOCCOc2cccc3c2C(=O)N(C2CCC(=O)NC2=O)C3=O)C1
732,Nc1ncnc2c1c(-c1ccc(Oc3ccccc3)cc1)nn2C1CCCN(C(=O)C=CCCCCOCCOCCOCCOCCOc2cccc3c2C(=O)N(C2CCC(=O)NC2=O)C3=O)C1
733,Nc1ncnc2c1c(-c1ccc(Oc3ccccc3)cc1)nn2C1CCCN(C(=O)C=CCOCCOCCOCCOCCOCCOc2cccc3c2C(=O)N(C2CCC(=O)NC2=O)C3=O)C1
734,N#CC(=CCCCCOCCOCCOCCOCCOc1cccc2c1C(=O)N(C1CCC(=O)NC1=O)C2=O)C(=O)N1CCCC(n2nc(-c3ccc(Oc4ccccc4)cc3)c3c(N)ncnc32)C1
735,N#CC(=CCOCCOCCOCCOCCOCCOc1cccc2c1C(=O)N(C1CCC(=O)NC1=O)C2=O)C(=O)N1CCCC(n2nc(-c3ccc(Oc4ccccc4)cc3)c3c(N)ncnc32)C1
762,CNC(C)C(=O)NC(C(=O)N1Cc2cc(OCCOCCOCCOCCOc3cc4nccc(Nc5ccc6scnc6c5)c4cc3S(=O)(=O)C(C)(C)C)ccc2CC1C(=O)NC1CCCc2ccccc21)C(C)(C)C
763,CCC(=C(c1ccc(O)cc1)c1ccc(OCCN(C)CCOCCOCCOCC(=O)NC(C(=O)N2CC(O)CC2C(=O)NCc2ccc(-c3scnc3C)cc2)C(C)(C)C)cc1)c1ccccc1
764,CCC(=C(c1ccc(O)cc1)c1ccc(OCCN(C)CCOCCOCCOCC(=O)NC(C(=O)N2CC(O)CC2C(=O)NCc2ccc(-c3scnc3C)cc2)C(C)C)cc1)c1ccccc1
770,Cc1ccnc(C(C)C)c1-n1c(=O)nc(N2CCN(C(=O)C=CCOCCOCCOCCOCCOCCOc3cccc4c3C(=O)N(C3CCC(=O)NC3=O)C4=O)CC2C)c2cc(F)c(-c3c(O)cccc3F)nc21
795,O=C1CCC(N2Cc3c(NC(=O)COCCOCCNCCNc4nonc4C(=NO)Nc4ccc(F)c(Br)c4)cccc3C2=O)C(=O)N1
796,O=C1CCC(N2Cc3c(NC(=O)COCCOCCOCCNCCNc4nonc4C(=NO)Nc4ccc(F)c(Br)c4)cccc3C2=O)C(=O)N1
797,O=C1CCC(N2Cc3c(NC(=O)COCCOCCOCCOCCNCCNc4nonc4C(=NO)Nc4ccc(F)c(Br)c4)cccc3C2=O)C(=O)N1
798,O=C1CCC(N2C(=O)c3cccc(NC(=O)COCCOCCOCCNCCNc4nonc4C(=NO)Nc4ccc(F)c(Br)c4)c3C2=O)C(=O)N1
799,O=C1CCC(N2C(=O)c3cccc(NC(=O)COCCOCCOCCOCCOCCNCCNc4nonc4C(=NO)Nc4ccc(F)c(Br)c4)c3C2=O)C(=O)N1
800,O=C1CCC(N2C(=O)c3cccc(NC(=O)COCCOCCOCCOCCOCCOCCOCCNCCNc4nonc4C(=NO)Nc4ccc(F)c(Br)c4)c3C2=O)C(=O)N1
801,O=C1CCC(N2C(=O)c3cccc(NC(=O)COCCOCCOCCOCCOCCOCCOCCOCCOCCNCCNc4nonc4C(=NO)Nc4ccc(F)c(Br)c4)c3C2=O)C(=O)N1
804,Cc1ncsc1-c1ccc(CNC(=O)C2CC(O)CN2C(=O)C(NC(=O)CCCCC(=O)Nc2ccc(C(=O)Nc3ccccc3N)cc2)C(C)(C)C)cc1
805,Cc1ncsc1-c1ccc(CNC(=O)C2CC(O)CN2C(=O)C(NC(=O)CCCCCCCCCCC(=O)Nc2ccc(C(=O)Nc3ccccc3N)cc2)C(C)(C)C)cc1
807,Cc1ncsc1-c1ccc(C(C)NC(=O)C2CC(O)CN2C(=O)C(NC(=O)CCNC(=O)CC(=O)Nc2cccc(Sc3ncc(N4CCC(C)(N)CC4)nc3N)c2Cl)C(C)(C)C)cc1
808,Cc1ncsc1-c1ccc(C(C)NC(=O)C2CC(O)CN2C(=O)C(NC(=O)CCCNC(=O)CC(=O)Nc2cccc(Sc3ncc(N4CCC(C)(N)CC4)nc3N)c2Cl)C(C)(C)C)cc1
809,Cc1ncsc1-c1ccc(C(C)NC(=O)C2CC(O)CN2C(=O)C(NC(=O)CCCCNC(=O)CC(=O)Nc2cccc(Sc3ncc(N4CCC(C)(N)CC4)nc3N)c2Cl)C(C)(C)C)cc1
810,Cc1ncsc1-c1ccc(C(C)NC(=O)C2CC(O)CN2C(=O)C(NC(=O)CCCCCNC(=O)CC(=O)Nc2cccc(Sc3ncc(N4CCC(C)(N)CC4)nc3N)c2Cl)C(C)(C)C)cc1
811,Cc1ncsc1-c1ccc(C(C)NC(=O)C2CC(O)CN2C(=O)C(NC(=O)CCCCCCNC(=O)CC(=O)Nc2cccc(Sc3ncc(N4CCC(C)(N)CC4)nc3N)c2Cl)C(C)(C)C)cc1
812,Cc1ncsc1-c1ccc(C(C)NC(=O)C2CC(O)CN2C(=O)C(NC(=O)CCCCCCCNC(=O)CC(=O)Nc2cccc(Sc3ncc(N4CCC(C)(N)CC4)nc3N)c2Cl)C(C)(C)C)cc1
813,Cc1ncsc1-c1ccc(C(C)NC(=O)C2CC(O)CN2C(=O)C(NC(=O)CCCCCCCCNC(=O)CC(=O)Nc2cccc(Sc3ncc(N4CCC(C)(N)CC4)nc3N)c2Cl)C(C)(C)C)cc1
814,Cc1ncsc1-c1ccc(C(C)NC(=O)C2CC(O)CN2C(=O)C(NC(=O)CCCCCCCCCNC(=O)CC(=O)Nc2cccc(Sc3ncc(N4CCC(C)(N)CC4)nc3N)c2Cl)C(C)(C)C)cc1
815,Cc1ncsc1-c1ccc(C(C)NC(=O)C2CC(O)CN2C(=O)C(NC(=O)CCCCCCCCCCNC(=O)CC(=O)Nc2cccc(Sc3ncc(N4CCC(C)(N)CC4)nc3N)c2Cl)C(C)(C)C)cc1
816,Cc1ncsc1-c1ccc(C(C)NC(=O)C2CC(O)CN2C(=O)C(NC(=O)CCCCCCCCCCCNC(=O)CC(=O)Nc2cccc(Sc3ncc(N4CCC(C)(N)CC4)nc3N)c2Cl)C(C)(C)C)cc1
817,Cc1ncsc1-c1ccc(C(C)NC(=O)C2CC(O)CN2C(=O)C(NC(=O)CCCCCCCCCCNC(=O)CCC(=O)Nc2cccc(Sc3ncc(N4CCC(C)(N)CC4)nc3N)c2Cl)C(C)(C)C)cc1
818,Cc1ncsc1-c1ccc(C(C)NC(=O)C2CC(O)CN2C(=O)C(NC(=O)CCCCCCCCCCCNC(=O)CCC(=O)Nc2cccc(Sc3ncc(N4CCC(C)(N)CC4)nc3N)c2Cl)C(C)(C)C)cc1
819,Cc1ncsc1-c1ccc(C(C)NC(=O)C2CC(O)CN2C(=O)C(NC(=O)CCCCCCCCCCCNC(=O)CCCC(=O)Nc2cccc(Sc3ncc(N4CCC(C)(N)CC4)nc3N)c2Cl)C(C)(C)C)cc1
820,Cc1ncsc1-c1ccc(C(C)NC(=O)C2CC(O)CN2C(=O)C(NC(=O)COCCOCCOCCNC(=O)CCC(=O)CCC(=O)Nc2cccc(Sc3ncc(N4CCC(C)(N)CC4)nc3N)c2Cl)C(C)(C)C)cc1
821,Cc1ncsc1-c1ccc(C(C)NC(=O)C2CC(O)CN2C(=O)C(NC(=O)CCOCCOCCOCCNC(=O)CCC(=O)CCC(=O)Nc2cccc(Sc3ncc(N4CCC(C)(N)CC4)nc3N)c2Cl)C(C)(C)C)cc1
822,Cc1ncsc1-c1ccc(C(C)NC(=O)C2CC(O)CN2C(=O)C(NC(=O)CCOCCOCCOCCOCCNC(=O)CCC(=O)CCC(=O)Nc2cccc(Sc3ncc(N4CCC(C)(N)CC4)nc3N)c2Cl)C(C)(C)C)cc1
823,Cc1ncsc1-c1ccc(C(C)NC(=O)C2CC(O)CN2C(=O)C(NC(=O)CCCCCCCCCCN2CCN(CC(=O)Nc3cccc(Sc4ncc(N5CCC(C)(N)CC5)nc4N)c3Cl)CC2)C(C)(C)C)cc1
824,Cc1ncsc1-c1ccc(C(C)NC(=O)C2CC(O)CN2C(=O)C(NC(=O)CCCCCCCCCCCN2CCN(CC(=O)Nc3cccc(Sc4ncc(N5CCC(C)(N)CC5)nc4N)c3Cl)CC2)C(C)(C)C)cc1
825,Cc1ncsc1-c1ccc(C(C)NC(=O)C2CC(O)CN2C(=O)C(NC(=O)CCCCCCCCCCCCCCC(=O)Nc2cccc(Sc3ncc(N4CCC(C)(N)CC4)nc3N)c2Cl)C(C)(C)C)cc1
826,Cc1ncsc1-c1ccc(C(C)NC(=O)C2CC(O)CN2C(=O)C(NC(=O)CCCCCCCCN2CCN(C(=O)CCC(=O)Nc3cccc(Sc4ncc(N5CCC(C)(N)CC5)nc4N)c3Cl)CC2)C(C)(C)C)cc1
827,Cc1ncsc1-c1ccc(C(C)NC(=O)C2CC(O)CN2C(=O)C(NC(=O)CCCCCCCCCN2CCN(C(=O)CCC(=O)Nc3cccc(Sc4ncc(N5CCC(C)(N)CC5)nc4N)c3Cl)CC2)C(C)(C)C)cc1
828,Cc1ncsc1-c1ccc(C(C)NC(=O)C2CC(O)CN2C(=O)C(NC(=O)CCCCCCCN2CCN(C(=O)CCC(=O)Nc3cccc(Sc4ncc(N5CCC(C)(N)CC5)nc4N)c3Cl)CC2)C(C)(C)C)cc1
829,Cc1ncsc1-c1ccc(C(C)NC(=O)C2CC(O)CN2C(=O)C(NC(=O)CCCCN2CCN(CCCCNC(=O)CCC(=O)Nc3cccc(Sc4ncc(N5CCC(C)(N)CC5)nc4N)c3Cl)CC2)C(C)(C)C)cc1
830,CC(=O)N1c2ccc(-c3ccc(C(=O)NCCOCCOCC(=O)NC(C(=O)N4CC(O)CC4C(=O)NCc4ccc(-c5scnc5C)cc4)C(C)(C)C)cc3)cc2C(Nc2ccc(Cl)cc2)CC1C
831,CC(=O)N1c2ccc(-c3ccc(C(=O)NCCOCCOCCOCC(=O)NC(C(=O)N4CC(O)CC4C(=O)NCc4ccc(-c5scnc5C)cc4)C(C)(C)C)cc3)cc2C(Nc2ccc(Cl)cc2)CC1C
832,CC(=O)N1c2ccc(-c3ccc(C(=O)NCCOCCOCCOCCOCC(=O)NC(C(=O)N4CC(O)CC4C(=O)NCc4ccc(-c5scnc5C)cc4)C(C)(C)C)cc3)cc2C(Nc2ccc(Cl)cc2)CC1C
833,Cc1ncsc1-c1ccc(CNC(=O)C2CC(O)CN2C(=O)C(NC(=O)COCCOCCOCCOCC(=O)NC(C(=O)N2CC(O)CC2C(=O)NCc2ccc(-c3scnc3C)cc2)C(C)(C)C)C(C)(C)C)cc1
834,Cc1ncsc1-c1ccc(CNC(=O)C2CC(O)CN2C(=O)C(NC(=O)COCCOCCOCCOCCOCC(=O)NC(C(=O)N2CC(O)CC2C(=O)NCc2ccc(-c3scnc3C)cc2)C(C)(C)C)C(C)(C)C)cc1
835,Cc1ncsc1-c1ccc(CNC(=O)C2CC(O)CN2C(=O)C(NC(=O)COCCOCCOCCOCCOCCOCC(=O)NC(C(=O)N2CC(O)CC2C(=O)NCc2ccc(-c3scnc3C)cc2)C(C)(C)C)C(C)(C)C)cc1
836,CC(=O)NC(C(=O)N1CC(O)CC1C(=O)NCc1ccc(-c2scnc2C)cc1OCCOCCOCCOCCOCCOc1cc(-c2scnc2C)ccc1CNC(=O)C1CC(O)CN1C(=O)C(NC(C)=O)C(C)(C)C)C(C)(C)C
837,CC(=O)NC(C(=O)N1CC(O)CC1C(=O)NCc1ccc(-c2scnc2C)cc1OCCOCCOCCOCCOCCOCC(=O)NC(C(=O)N1CC(O)CC1C(=O)NCc1ccc(-c2scnc2C)cc1)C(C)(C)C)C(C)(C)C
838,Cc1ncsc1-c1ccc(CNC(=O)C2CC(O)CN2C(=O)C(NC(=O)C2(C#N)CC2)C(C)(C)C)c(OCCOCCOCCOCCOCCOc2cc(-c3scnc3C)ccc2CNC(=O)C2CC(O)CN2C(=O)C(NC(=O)C2(C#N)CC2)C(C)(C)C)c1
839,Cc1ncsc1-c1ccc(CNC(=O)C2CC(O)CN2C(=O)C(NC(=O)COCCOCCOCCOCCOCCOc2cc(-c3scnc3C)ccc2CNC(=O)C2CC(O)CN2C(=O)C(NC(=O)C2(C#N)CC2)C(C)(C)C)C(C)(C)C)cc1
844,Cc1ncsc1-c1ccc(CNC(=O)C2CC(O)CN2C(=O)C(NC(=O)COCCOCCOCC(=O)NCCNc2cccc3c2C(=O)N(C2CCC(=O)NC2=O)C3=O)C(C)(C)C)cc1
845,Cc1ncsc1-c1ccc(CNC(=O)C2CC(O)CN2C(=O)C(NC(=O)COCCOCCOCCOCCOCC(=O)NCCNc2cccc3c2C(=O)N(C2CCC(=O)NC2=O)C3=O)C(C)(C)C)cc1
846,Cc1ncsc1-c1ccc(CNC(=O)C2CC(O)CN2C(=O)C(NC(=O)COCCCCCOCCOCCCCCOCC(=O)NCCNc2cccc3c2C(=O)N(C2CCC(=O)NC2=O)C3=O)C(C)(C)C)cc1
847,Cc1ncsc1-c1ccc(CNC(=O)C2CC(O)CN2C(=O)C(NC(=O)COCCCCCCOCC(=O)NCCNc2cccc3c2C(=O)N(C2CCC(=O)NC2=O)C3=O)C(C)(C)C)cc1
848,Cc1ncsc1-c1ccc(CNC(=O)C2CC(O)CN2C(=O)C(NC(=O)COCCOCCOCCOCCOCCOCC(=O)NCCNc2cccc3c2C(=O)N(C2CCC(=O)NC2=O)C3=O)C(C)(C)C)cc1
849,Cc1ncsc1-c1ccc(CNC(=O)C2CC(O)CN2C(=O)C(NC(=O)COCCOCCOCCOCCOCCOCCOCCOCCOCC(=O)NCCNc2cccc3c2C(=O)N(C2CCC(=O)NC2=O)C3=O)C(C)(C)C)cc1
850,Cc1ncsc1-c1ccc(CNC(=O)C2CC(O)CN2C(=O)C(NC(=O)COCCOCCOCCOCC(=O)NCCNc2cccc3c2C(=O)N(C2CCC(=O)NC2=O)C3=O)C(C)(C)C)cc1
851,Cc1ncsc1-c1ccc(CNC(=O)C2CC(O)CN2C(=O)C(NC(=O)C2(F)CC2)C(C)(C)C)c(OCCOCCOCCOCC(=O)NCCNc2cccc3c2C(=O)N(C2CCC(=O)NC2=O)C3=O)c1
852,Cc1ncsc1-c1ccc(CNC(=O)C2CC(O)CN2C(=O)C(NC(=O)C2(F)CC2)C(C)(C)C)c(OCCOCCOCCOCCOCCOCC(=O)NCCNc2cccc3c2C(=O)N(C2CCC(=O)NC2=O)C3=O)c1
853,Cc1ncsc1-c1ccc(CNC(=O)C2CC(O)CN2C(=O)C(NC(=O)C2(F)CC2)C(C)(C)C)c(OCCCCC(=O)NCCNc2cccc3c2C(=O)N(C2CCC(=O)NC2=O)C3=O)c1
854,Cc1ncsc1-c1ccc(CNC(=O)C2CC(O)CN2C(=O)C(NC(=O)C2(F)CC2)C(C)(C)SCCOCCOCCOCC(=O)NCCNc2cccc3c2C(=O)N(C2CCC(=O)NC2=O)C3=O)cc1
855,Cc1ncsc1-c1ccc(CNC(=O)C2CC(O)CN2C(=O)C(NC(=O)C2(F)CC2)C(C)(C)SCCOCCOCCOCCOCCOCC(=O)NCCNc2cccc3c2C(=O)N(C2CCC(=O)NC2=O)C3=O)cc1
856,Cc1ncsc1-c1ccc(CNC(=O)C2CC(O)CN2C(=O)C(NC(=O)C2(F)CC2)C(C)(C)SCCCCC(=O)NCCNc2cccc3c2C(=O)N(C2CCC(=O)NC2=O)C3=O)cc1
857,Cc1sc2c(c1C)C(c1ccc(Cl)cc1)=NC(CC(=O)NCCCCOc1ccc(Oc3ccc(N(Cc4ccccc4)C(=O)CCl)cc3)cc1)c1nnc(C)n1-2
858,COC(=O)CC1C2(C)C3=C(C)C(c4ccoc4-c4ccc(C(=O)NCCCNC(=O)CC5N=C(c6ccc(Cl)cc6)c6c(sc(C)c6C)-n6c(C)nnc65)cc4)CC3OC2C2OC(=O)C3(C)C=CC(=O)C1(C)C23
859,COc1cc(N=Nc2cccc3c2CN(C2CCC(=O)NC2=O)C3=O)cc(OC)c1OCC(=O)NCCNC(=O)CC1N=C(c2ccc(Cl)cc2)c2c(sc(C)c2C)-n2c(C)nnc21
860,COc1cc(N=Nc2cccc3c2CN(C2CCC(=O)NC2=O)C3=O)cc(OC)c1OCC(=O)NCCCNC(=O)CC1N=C(c2ccc(Cl)cc2)c2c(sc(C)c2C)-n2c(C)nnc21
861,COc1cc(N=Nc2cccc3c2CN(C2CCC(=O)NC2=O)C3=O)cc(OC)c1OCC(=O)NCCCCNC(=O)CC1N=C(c2ccc(Cl)cc2)c2c(sc(C)c2C)-n2c(C)nnc21
862,COc1cc(N=Nc2cccc3c2CN(C2CCC(=O)NC2=O)C3=O)cc(OC)c1OCC(=O)NCCCCCNC(=O)CC1N=C(c2ccc(Cl)cc2)c2c(sc(C)c2C)-n2c(C)nnc21
863,COc1cc(N=Nc2cccc3c2CN(C2CCC(=O)NC2=O)C3=O)cc(OC)c1OCC(=O)NCCCCCCNC(=O)CC1N=C(c2ccc(Cl)cc2)c2c(sc(C)c2C)-n2c(C)nnc21
864,Cc1sc2c(c1C)C(c1ccc(Cl)cc1)=NC(CC(=O)NCCNC(=O)COc1ccc(N=Nc3cccc4c3CN(C3CCC(=O)NC3=O)C4=O)cc1)c1nnc(C)n1-2
865,Cc1sc2c(c1C)C(c1ccc(Cl)cc1)=NC(CC(=O)NCCCCNC(=O)COc1ccc(N=Nc3cccc4c3CN(C3CCC(=O)NC3=O)C4=O)cc1)c1nnc(C)n1-2
866,Cc1sc2c(c1C)C(c1ccc(Cl)cc1)=NC(CC(=O)NCCCCCCNC(=O)COc1ccc(N=Nc3cccc4c3CN(C3CCC(=O)NC3=O)C4=O)cc1)c1nnc(C)n1-2
867,COc1cc(N=Nc2ccc3c(c2)C(=O)N(C2CCC(=O)NC2=O)C3=O)cc(OC)c1OCC(=O)NCCNC(=O)CC1N=C(c2ccc(Cl)cc2)c2c(sc(C)c2C)-n2c(C)nnc21
868,Cc1sc2c(c1C)C(c1ccc(Cl)cc1)=NC(CC(=O)Nc1ccc(N=Nc3ccc(NC(=O)COc4cccc5c4C(=O)N(C4CCC(=O)NC4=O)C5=O)cc3)cc1)c1nnc(C)n1-2
869,Cc1sc2c(c1C)C(c1ccc(Cl)cc1)=NC(CC(=O)NCc1ccc(N=Nc3ccc(NC(=O)COc4cccc5c4C(=O)N(C4CCC(=O)NC4=O)C5=O)cc3)cc1)c1nnc(C)n1-2
870,Cc1sc2c(c1C)C(c1ccc(Cl)cc1)=NC(CC(=O)NCCc1ccc(N=Nc3ccc(NC(=O)COc4cccc5c4C(=O)N(C4CCC(=O)NC4=O)C5=O)cc3)cc1)c1nnc(C)n1-2
871,Cc1sc2c(c1C)C(c1ccc(Cl)cc1)=NC(CC(=O)Nc1ccc3c(c1)CCc1cc(NC(=O)COc4cccc5c4C(=O)N(C4CCC(=O)NC4=O)C5=O)ccc1N=N3)c1nnc(C)n1-2
872,CCC(C)(C)C(=O)C(=O)N1CCCCC1C(=O)OC(CCc1ccc(OC)c(OC)c1)c1cccc(OCC(=O)Nc2ccc(N=Nc3ccc(NC(=O)COc4cccc5c4C(=O)N(C4CCC(=O)NC4=O)C5=O)cc3)cc2)c1
873,CCC(C)(C)C(=O)C(=O)N1CCCCC1C(=O)OC(CCc1ccc(OC)c(OC)c1)c1cccc(OCC(=O)NCCCNC(=O)COc2c(OC)cc(N=Nc3cccc4c3CN(C3CCC(=O)NC3=O)C4=O)cc2OC)c1
874,CCC(C)(C)C(=O)C(=O)N1CCCCC1C(=O)OC(CCc1ccc(OC)c(OC)c1)c1cccc(OCC(=O)NCCCCNC(=O)COc2c(OC)cc(N=Nc3cccc4c3CN(C3CCC(=O)NC3=O)C4=O)cc2OC)c1
875,CCC(C)(C)C(=O)C(=O)N1CCCCC1C(=O)OC(CCc1ccc(OC)c(OC)c1)c1cccc(OCC(=O)NCCCCCNC(=O)COc2c(OC)cc(N=Nc3cccc4c3CN(C3CCC(=O)NC3=O)C4=O)cc2OC)c1
876,CCC(C)(C)C(=O)C(=O)N1CCCCC1C(=O)OC(CCc1ccc(OC)c(OC)c1)c1cccc(OCC(=O)NCCCCCCNC(=O)COc2c(OC)cc(N=Nc3cccc4c3CN(C3CCC(=O)NC3=O)C4=O)cc2OC)c1
877,CCC(C)(C)C(=O)C(=O)N1CCCCC1C(=O)OC(CCc1ccc(OC)c(OC)c1)c1cccc(OCC(=O)NCCNC(=O)COc2ccc(N=Nc3cccc4c3CN(C3CCC(=O)NC3=O)C4=O)cc2)c1
878,Cc1nc(Nc2ncc(C(=O)Nc3c(C)cccc3Cl)s2)cc(N2CCN(CCOc3ccc(N=Nc4ccc(C(=O)Nc5cccc6c5CN(C5CCC(=O)NC5=O)C6=O)cc4)cc3)CC2)n1
879,Cc1nc(Nc2ncc(C(=O)Nc3c(C)cccc3Cl)s2)cc(N2CCN(CCCOc3ccc(N=Nc4ccc(C(=O)Nc5cccc6c5CN(C5CCC(=O)NC5=O)C6=O)cc4)cc3)CC2)n1
880,Cc1nc(Nc2ncc(C(=O)Nc3c(C)cccc3Cl)s2)cc(N2CCN(CCCCOc3ccc(N=Nc4ccc(C(=O)Nc5cccc6c5CN(C5CCC(=O)NC5=O)C6=O)cc4)cc3)CC2)n1
881,Cc1nc(Nc2ncc(C(=O)Nc3c(C)cccc3Cl)s2)cc(N2CCN(CCCCCOc3ccc(N=Nc4ccc(C(=O)Nc5cccc6c5CN(C5CCC(=O)NC5=O)C6=O)cc4)cc3)CC2)n1
882,Cc1nc(Nc2ncc(C(=O)Nc3c(C)cccc3Cl)s2)cc(N2CCN(CCCCCCOc3ccc(N=Nc4ccc(C(=O)Nc5cccc6c5CN(C5CCC(=O)NC5=O)C6=O)cc4)cc3)CC2)n1
884,CCCCN(Cc1ccc(C(=O)NO)cc1)C(=O)Nc1ccc(OCCn2cc(CCCCC(=O)NC(C(=O)N3CC(O)CC3C(=O)NCc3ccc(-c4scnc4C)cc3)C(C)(C)C)nn2)cc1
885,CCCCN(Cc1ccc(C(=O)NO)cc1)C(=O)Nc1ccc(OCCCn2cc(CCCCC(=O)NC(C(=O)N3CC(O)CC3C(=O)NCc3ccc(-c4scnc4C)cc3)C(C)(C)C)nn2)cc1
886,CCCCN(Cc1ccc(C(=O)NO)cc1)C(=O)Nc1ccc(OCCCCn2cc(CCCCC(=O)NC(C(=O)N3CC(O)CC3C(=O)NCc3ccc(-c4scnc4C)cc3)C(C)(C)C)nn2)cc1
887,CCCCN(Cc1ccc(C(=O)NO)cc1)C(=O)Nc1ccc(OCCCCCn2cc(CCCCC(=O)NC(C(=O)N3CC(O)CC3C(=O)NCc3ccc(-c4scnc4C)cc3)C(C)(C)C)nn2)cc1
888,CCCCN(Cc1ccc(C(=O)NO)cc1)C(=O)Nc1ccc(OCCCCCCn2cc(CCCCC(=O)NC(C(=O)N3CC(O)CC3C(=O)NCc3ccc(-c4scnc4C)cc3)C(C)(C)C)nn2)cc1
889,CCCCN(Cc1ccc(C(=O)NO)cc1)C(=O)Nc1ccc(OCCCCCCCn2cc(CCCCC(=O)NC(C(=O)N3CC(O)CC3C(=O)NCc3ccc(-c4scnc4C)cc3)C(C)(C)C)nn2)cc1
890,CCCCN(Cc1ccc(C(=O)NO)cc1)C(=O)Nc1ccc(OCCCCCCCCn2cc(CCCCC(=O)NC(C(=O)N3CC(O)CC3C(=O)NCc3ccc(-c4scnc4C)cc3)C(C)(C)C)nn2)cc1
891,CCCCN(Cc1ccc(C(=O)NO)cc1)C(=O)Nc1ccc(OCCCCCCCCCn2cc(CCCCC(=O)NC(C(=O)N3CC(O)CC3C(=O)NCc3ccc(-c4scnc4C)cc3)C(C)(C)C)nn2)cc1
892,CCCCN(Cc1ccc(C(=O)NO)cc1)C(=O)Nc1ccc(OCCCCCCCCCCn2cc(CCCCC(=O)NC(C(=O)N3CC(O)CC3C(=O)NCc3ccc(-c4scnc4C)cc3)C(C)(C)C)nn2)cc1
893,CCCCN(Cc1ccc(C(=O)NO)cc1)C(=O)Nc1ccc(OCCCCCCCCCCCn2cc(CCCCC(=O)NC(C(=O)N3CC(O)CC3C(=O)NCc3ccc(-c4scnc4C)cc3)C(C)(C)C)nn2)cc1
894,CCCCN(Cc1ccc(C(=O)NO)cc1)C(=O)Nc1ccc(OCCCCCCCCCCCCn2cc(CCCCC(=O)NC(C(=O)N3CC(O)CC3C(=O)NCc3ccc(-c4scnc4C)cc3)C(C)(C)C)nn2)cc1
895,CCCCN(Cc1ccc(C(=O)NO)cc1)C(=O)Nc1ccc(OCCCn2cc(CCC(=O)NC(C(=O)N3CC(O)CC3C(=O)NCc3ccc(-c4scnc4C)cc3)C(C)(C)C)nn2)cc1
896,CCCCN(Cc1ccc(C(=O)NO)cc1)C(=O)Nc1ccc(OCCCn2cc(CCCC(=O)NC(C(=O)N3CC(O)CC3C(=O)NCc3ccc(-c4scnc4C)cc3)C(C)(C)C)nn2)cc1
897,CCCCN(Cc1ccc(C(=O)NO)cc1)C(=O)Nc1ccc(OCCOCCn2cc(CCCCC(=O)NC(C(=O)N3CC(O)CC3C(=O)NCc3ccc(-c4scnc4C)cc3)C(C)(C)C)nn2)cc1
898,CCCCN(Cc1ccc(C(=O)NO)cc1)C(=O)Nc1ccc(OCCOCCOCCn2cc(CCCCC(=O)NC(C(=O)N3CC(O)CC3C(=O)NCc3ccc(-c4scnc4C)cc3)C(C)(C)C)nn2)cc1
907,C=C(F)C(=O)N1CCN(c2nc(OCC3CCCN3CCC(=O)NCCOCCOCCC(=O)NC(C(=O)N3CC(O)CC3C(=O)NCc3ccc(-c4scnc4C)cc3)C(C)(C)C)nc3c2CCN(c2cccc4cccc(Cl)c24)C3)CC1CC#N
908,C=C(F)C(=O)N1CCN(c2nc(OCC3CCCN3CCCOCCC(=O)NC(C(=O)N3CC(O)CC3C(=O)NCc3ccc(-c4scnc4C)cc3)C(C)(C)C)nc3c2CCN(c2cccc4cccc(Cl)c24)C3)CC1CC#N
909,C=C(F)C(=O)N1CCN(c2nc(OCC3CCCN3CCC(=O)NCCC(=O)NC(C(=O)N3CC(O)CC3C(=O)NCc3ccc(-c4scnc4C)cc3)C(C)(C)C)nc3c2CCN(c2cccc4cccc(Cl)c24)C3)CC1CC#N
910,C=C(F)C(=O)N1CCN(c2nc(OCC3CCCN3CCCCOCCC(=O)NC(C(=O)N3CC(O)CC3C(=O)NCc3ccc(-c4scnc4C)cc3)C(C)(C)C)nc3c2CCN(c2cccc4cccc(Cl)c24)C3)CC1CC#N
911,C=C(F)C(=O)N1CCN(c2nc(OCC3CCCN3CCOCCOCCC(=O)NC(C(=O)N3CC(O)CC3C(=O)NCc3ccc(-c4scnc4C)cc3)C(C)(C)C)nc3c2CCN(c2cccc4cccc(Cl)c24)C3)CC1CC#N
912,C=C(F)C(=O)N1CCN(c2nc(OCC3CCCN3CCC(=O)NCCOCCC(=O)NC(C(=O)N3CC(O)CC3C(=O)NCc3ccc(-c4scnc4C)cc3)C(C)(C)C)nc3c2CCN(c2cccc4cccc(Cl)c24)C3)CC1CC#N
913,Cc1ccc2nc(-c3ccc(NCCOCCOCCNC(=O)C(CC(C)C)NC(=O)C(O)C(N)Cc4ccccc4)cc3)sc2c1
914,CC(C)CC(NC(=O)C(O)C(N)Cc1ccccc1)C(=O)NCCOCCOCCOc1ccc2nc(N=Nc3ccc(N(C)C)cc3)sc2c1
915,Cc1cc(Nc2ncc(Cl)c(Nc3ccccc3S(=O)(=O)C(C)C)n2)c(OC(C)C)cc1C1CCN(C(=O)CCCC(=O)NC(C(=O)N2CC(O)CC2C(=O)NCc2ccc(-c3scnc3C)cc2)C(C)(C)C)CC1
916,Cc1cc(Nc2ncc(Cl)c(Nc3ccccc3S(=O)(=O)C(C)C)n2)c(OC(C)C)cc1C1CCN(C(=O)CCCCCC(=O)NC(C(=O)N2CC(O)CC2C(=O)NCc2ccc(-c3scnc3C)cc2)C(C)(C)C)CC1
917,Cc1cc(Nc2ncc(Cl)c(Nc3ccccc3S(=O)(=O)C(C)C)n2)c(OC(C)C)cc1C1CCN(CCCCC(=O)NC(C(=O)N2CC(O)CC2C(=O)NCc2ccc(-c3scnc3C)cc2)C(C)(C)C)CC1
918,Cc1cc(Nc2ncc(Cl)c(Nc3ccccc3S(=O)(=O)C(C)C)n2)c(OC(C)C)cc1C1CCN(CCOCC(=O)NC(C(=O)N2CC(O)CC2C(=O)NCc2ccc(-c3scnc3C)cc2)C(C)(C)C)CC1
919,Cc1cc(Nc2ncc(Cl)c(Nc3ccccc3S(=O)(=O)C(C)C)n2)c(OC(C)C)cc1C1CCN(CCCOCC(=O)NC(C(=O)N2CC(O)CC2C(=O)NCc2ccc(-c3scnc3C)cc2)C(C)(C)C)CC1
920,Cc1cc(Nc2ncc(Cl)c(Nc3ccccc3S(=O)(=O)C(C)C)n2)c(OC(C)C)cc1C1CCN(CCOCCOCCOCC(=O)NC(C(=O)N2CC(O)CC2C(=O)NCc2ccc(-c3scnc3C)cc2)C(C)(C)C)CC1
976,Cc1ncsc1-c1ccc(C(C)NC(=O)C2CC(O)CN2C(=O)C(NC(=O)CCOCCOCCN2CCN(c3ccc(-c4ccc5c(c4)C(=O)N(C(C(=O)Nc4nccs4)c4ccccc4)C5)cn3)CC2)C(C)(C)C)cc1
977,Cc1ncsc1-c1ccc(C(C)NC(=O)C2CC(O)CN2C(=O)C(NC(=O)CCOCCOCCOCCN2CCN(c3ccc(-c4ccc5c(c4)C(=O)N(C(C(=O)Nc4nccs4)c4ccccc4)C5)cn3)CC2)C(C)(C)C)cc1
979,CC(C=CC1=C(C)C(=NOCC(=O)NCCOCCOCCOC(=O)C(CC(C)C)NC(=O)C(O)C(N)Cc2ccccc2)CCC1(C)C)=CC=CC(C)=CC(=O)O
980,CC(C=CC1=C(C)C(=NOCC(=O)NCCOCCOCCNC(=O)C(CC(C)C)NC(=O)C(O)C(N)Cc2ccccc2)CCC1(C)C)=CC=CC(C)=CC(=O)O
981,CC(C=CC1=C(C)C(=NOCC(=O)NCCOCCOCCNC(=O)C(CC(C)C)NC(=O)CCCc2ccccc2)CCC1(C)C)=CC=CC(C)=CC(=O)O
982,CC(C)CC(NC(=O)C(O)C(N)Cc1ccccc1)C(=O)NCCOCCOCCOCC(=O)NCCCOc1cc(C=CC(=O)c2cc(C(C)(C)C)cc(C(C)(C)C)c2)ccc1C(=O)O
983,CC(C)CC(NC(=O)C(O)C(N)Cc1ccccc1)C(=O)NCCOCCOCCNC(=O)CON=C1CCC2C3CCc4cc(O)ccc4C3CCC12C
984,CC(C)CC(NC(=O)C(O)C(N)Cc1ccccc1)C(=O)NCCOCCOCCOCC(=O)OC1CCC2C3CCC4CC(=O)CCC4(C)C3CCC12C
985,CCC(=C(c1ccc(O)cc1)c1ccc(OCCN(C)C(=O)CCNC(=O)CCNC(=O)C(CC(C)C)NC(=O)C(O)C(N)Cc2ccccc2)cc1)c1ccccc1
986,CCC(=C(c1ccc(O)cc1)c1ccc(OCCN(C)C(=O)CCCCNC(=O)CCNC(=O)C(CC(C)C)NC(=O)C(O)C(N)Cc2ccccc2)cc1)c1ccccc1
987,CCC(=C(c1ccc(O)cc1)c1ccc(OCCN(C)C(=O)CCCCCCNC(=O)CCNC(=O)C(CC(C)C)NC(=O)C(O)C(N)Cc2ccccc2)cc1)c1ccccc1
988,CNC(C)C(=O)NC(C(=O)N1CCCC1C(=O)NC(C(=O)NCCOCCOCCNC(=O)CON=C1CCC(C)(C)C(C=CC(C)=CC=CC(C)=CC(=O)O)=C1C)C(c1ccccc1)c1ccccc1)C1CCCCC1
989,Cc1ccc(NC(=O)c2ccc(CNC(=O)CCCCCCNC(=O)C(CC(C)C)NC(=O)C(O)C(N)Cc3ccccc3)cc2)cc1Nc1nccc(-c2cccnc2)n1
990,Cc1ccc(NC(=O)c2ccc(CNC(=O)CCCCCCCNC(=O)C(CC(C)C)NC(=O)C(O)C(N)Cc3ccccc3)cc2)cc1Nc1nccc(-c2cccnc2)n1
991,Cc1ccc(NC(=O)c2ccc(CNC(=O)CCCCCCCCNC(=O)C(CC(C)C)NC(=O)C(O)C(N)Cc3ccccc3)cc2)cc1Nc1nccc(-c2cccnc2)n1
996,COc1cc2c(Oc3ccc(NC(=O)C4(C(=O)Nc5ccc(F)cc5)CC4)cc3F)ccnc2cc1OCCCOCCCOCCC(=O)NC(C(=O)N1CC(O)CC1C(=O)NCc1ccc(-c2scnc2C)cc1)C(C)(C)C
1004,Nc1nc2c(ncn2C2OC(COP(=O)([O-])NCCCCCC(=O)Nc3cccc4c3CN(C3CCC(=O)NC3=O)C4=O)C(O)C2O)c(=O)[nH]1
1005,Nc1nc2c(c(=O)[nH]1)[n+](Cc1ccccc1)cn2C1OC(COP(=O)(O)NCCCCCC(=O)NC2CCC=C3C(=O)N(C4CCC(=O)NC4=O)CC32)C(O)C1O
1006,Nc1nc2c(c(=O)[nH]1)[n+](Cc1ccc(F)cc1)cn2C1OC(COP(=O)(O)NCCCCCC(=O)NC2CCC=C3C(=O)N(C4CCC(=O)NC4=O)CC32)C(O)C1O
1007,Nc1nc2c(c(=O)[nH]1)[n+](Cc1ccc(F)cc1)cn2C1OC(COS(=O)(=O)NC(=O)CCC(=O)NCCCCCC(=O)Nc2cccc3c2CN(C2CCC(=O)NC2=O)C3=O)C(O)C1O
1008,Nc1nc2c(c(=O)[nH]1)[n+](Cc1ccccc1)cn2C1OC(COS(=O)(=O)NC(=O)CCC(=O)NCCCCCC(=O)Nc2cccc3c2CN(C2CCC(=O)NC2=O)C3=O)C(O)C1O
1009,Nc1nc2c(ncn2C2OC(COS(=O)(=O)NC(=O)CCC(=O)NCCCCCC(=O)Nc3cccc4c3CN(C3CCC(=O)NC3=O)C4=O)C(O)C2O)c(=O)[nH]1
1010,Nc1nc2c(c(=O)[nH]1)[n+](Cc1ccc(F)cc1)cn2C1OC(COP(=O)(O)OP(=O)(O)NCCCCCC(=O)Nc2cccc3c2CN(C2CCC(=O)NC2=O)C3=O)C(O)C1O
1011,Nc1nc2c(c(=O)[nH]1)[n+](Cc1ccccc1)cn2C1OC(COP(=O)(O)OP(=O)(O)NCCCCCC(=O)Nc2cccc3c2CN(C2CCC(=O)NC2=O)C3=O)C(O)C1O
1012,Nc1nc2c(ncn2C2OC(COP(=O)(O)OP(=O)(O)NCCCCCC(=O)Nc3cccc4c3CN(C3CCC(=O)NC3=O)C4=O)C(O)C2O)c(=O)[nH]1
1013,Nc1nc2c(ncn2C2OC(COP(=O)(O)OP(=O)(O)NCCOCCOCCOCCC(=O)Nc3cccc4c3CN(C3CCC(=O)NC3=O)C4=O)C(O)C2O)c(=O)[nH]1
1014,Nc1nc2c(ncn2C2OC(COP(=O)(O)OP(=O)(O)NCCOCCOCCOCCOCCOCCOCCOCCC(=O)Nc3cccc4c3CN(C3CCC(=O)NC3=O)C4=O)C(O)C2O)c(=O)[nH]1
1015,Nc1nc2c(c(=O)[nH]1)[n+](Cc1ccccc1)cn2C1OC(COP(=O)(O)OP(=O)(O)NCCOCCOCCOCCC(=O)Nc2cccc3c2CN(C2CCC(=O)NC2=O)C3=O)C(O)C1O
1016,Nc1nc2c(c(=O)[nH]1)[n+](Cc1ccccc1)cn2C1OC(COP(=O)(O)OP(=O)(O)NCCOCCOCCOCCOCCOCCOCCOCCC(=O)Nc2cccc3c2CN(C2CCC(=O)NC2=O)C3=O)C(O)C1O
1017,Nc1nc2c(c(=O)[nH]1)[n+](Cc1ccc(F)cc1)cn2C1OC(COP(=O)(O)OP(=O)(O)NCCOCCOCCOCCC(=O)Nc2cccc3c2CN(C2CCC(=O)NC2=O)C3=O)C(O)C1O
1018,Nc1nc2c(c(=O)[nH]1)[n+](Cc1ccc(F)cc1)cn2C1OC(COP(=O)(O)OP(=O)(O)NCCOCCOCCOCCOCCOCCOCCOCCC(=O)Nc2cccc3c2CN(C2CCC(=O)NC2=O)C3=O)C(O)C1O
1019,Cc1ncsc1-c1ccc(CNC(=O)C2CC(O)CN2C(=O)C(NC(=O)CCCCCNP(=O)(O)OP(=O)(O)OCC2OC(n3c[n+](Cc4ccc(F)cc4)c4c(=O)[nH]c(N)nc43)C(O)C2O)C(C)(C)C)cc1
1020,Cc1ncsc1-c1ccc(CNC(=O)C2CC(O)CN2C(=O)C(NC(=O)CCCCCNP(=O)(O)OP(=O)(O)OCC2OC(n3c[n+](Cc4ccccc4)c4c(=O)[nH]c(N)nc43)C(O)C2O)C(C)(C)C)cc1
1021,Cc1ncsc1-c1ccc(CNC(=O)C2CC(O)CN2C(=O)C(NC(=O)CCCCCNP(=O)(O)OP(=O)(O)OCC2OC(n3cnc4c(=O)[nH]c(N)nc43)C(O)C2O)C(C)(C)C)cc1
1040,CC(C)c1c(C(=O)Nc2ccccc2)c(-c2cccc(OCCCc3cn(CCOCCOCCOCCOCCNc4cccc5c4C(=O)N(C4CCC(=O)NC4=O)C5=O)nn3)c2)c(-c2ccc(F)cc2)n1CCC(O)CC(O)CC(=O)O
1041,CC(C)c1c(C(=O)Nc2ccccc2)c(-c2cccc(OCCCc3cn(CCOCCNc4cccc5c4C(=O)N(C4CCC(=O)NC4=O)C5=O)nn3)c2)c(-c2ccc(F)cc2)n1CCC(O)CC(O)CC(=O)O
1042,CC(C)c1c(C(=O)Nc2ccccc2)c(-c2cccc(OCCCCc3cn(CCOCCNc4cccc5c4C(=O)N(C4CCC(=O)NC4=O)C5=O)nn3)c2)c(-c2ccc(F)cc2)n1CCC(O)CC(O)CC(=O)O
1043,CC(C)c1c(C(=O)Nc2ccccc2)c(-c2cccc(OCCCCCc3cn(CCOCCNc4cccc5c4C(=O)N(C4CCC(=O)NC4=O)C5=O)nn3)c2)c(-c2ccc(F)cc2)n1CCC(O)CC(O)CC(=O)O
1044,CC(C)c1c(C(=O)Nc2ccccc2)c(-c2cccc(OCCCc3cn(CCOCCOCCNc4cccc5c4C(=O)N(C4CCC(=O)NC4=O)C5=O)nn3)c2)c(-c2ccc(F)cc2)n1CCC(O)CC(O)CC(=O)O
1045,CC(C)c1c(C(=O)Nc2ccccc2)c(-c2cccc(OCCCCc3cn(CCOCCOCCNc4cccc5c4C(=O)N(C4CCC(=O)NC4=O)C5=O)nn3)c2)c(-c2ccc(F)cc2)n1CCC(O)CC(O)CC(=O)O
1046,CC(C)c1c(C(=O)Nc2ccccc2)c(-c2cccc(OCCCCCc3cn(CCOCCOCCNc4cccc5c4C(=O)N(C4CCC(=O)NC4=O)C5=O)nn3)c2)c(-c2ccc(F)cc2)n1CCC(O)CC(O)CC(=O)O
1047,CC(C)c1c(C(=O)Nc2ccccc2)c(-c2cccc(OCCCc3cn(CCOCCOCCOCCNc4cccc5c4C(=O)N(C4CCC(=O)NC4=O)C5=O)nn3)c2)c(-c2ccc(F)cc2)n1CCC(O)CC(O)CC(=O)O
1048,CC(C)c1c(C(=O)Nc2ccccc2)c(-c2cccc(OCCCCc3cn(CCOCCOCCOCCNc4cccc5c4C(=O)N(C4CCC(=O)NC4=O)C5=O)nn3)c2)c(-c2ccc(F)cc2)n1CCC(O)CC(O)CC(=O)O
1049,CC(C)c1c(C(=O)Nc2ccccc2)c(-c2cccc(OCCCCCc3cn(CCOCCOCCOCCNc4cccc5c4C(=O)N(C4CCC(=O)NC4=O)C5=O)nn3)c2)c(-c2ccc(F)cc2)n1CCC(O)CC(O)CC(=O)O
1050,CC(C)c1c(C(=O)Nc2ccccc2)c(-c2cccc(OCCCCc3cn(CCOCCOCCOCCOCCNc4cccc5c4C(=O)N(C4CCC(=O)NC4=O)C5=O)nn3)c2)c(-c2ccc(F)cc2)n1CCC(O)CC(O)CC(=O)O
1051,CC(C)c1c(C(=O)Nc2ccccc2)c(-c2cccc(OCCCCCc3cn(CCOCCOCCOCCOCCNc4cccc5c4C(=O)N(C4CCC(=O)NC4=O)C5=O)nn3)c2)c(-c2ccc(F)cc2)n1CCC(O)CC(O)CC(=O)O
1052,CC(C)c1c(C(=O)Nc2ccccc2)c(-c2cccc(OCCCc3cn(CCOCCOCCOCCOCCOCCNc4cccc5c4C(=O)N(C4CCC(=O)NC4=O)C5=O)nn3)c2)c(-c2ccc(F)cc2)n1CCC(O)CC(O)CC(=O)O
1053,CC(C)c1c(C(=O)Nc2ccccc2)c(-c2cccc(OCCCCCc3cn(CCOCCOCCOCCOCCOCCNc4cccc5c4C(=O)N(C4CCC(=O)NC4=O)C5=O)nn3)c2)c(-c2ccc(F)cc2)n1CCC(O)CC(O)CC(=O)O
1054,CC(C)c1c(C(=O)Nc2ccccc2)c(-c2cccc(OCc3cn(CCCCCCCNc4cccc5c4C(=O)N(C4CCC(=O)NC4=O)C5=O)nn3)c2)c(-c2ccc(F)cc2)n1CCC(O)CC(O)CC(=O)O
1055,CC(C)c1c(C(=O)Nc2ccccc2)c(-c2cccc(OCCCc3cn(CCCCCCNc4cccc5c4C(=O)N(C4CCC(=O)NC4=O)C5=O)nn3)c2)c(-c2ccc(F)cc2)n1CCC(O)CC(O)CC(=O)O
1056,CC(C)c1c(C(=O)Nc2ccccc2)c(-c2cccc(OCCCc3cn(CCCCCCCNc4cccc5c4C(=O)N(C4CCC(=O)NC4=O)C5=O)nn3)c2)c(-c2ccc(F)cc2)n1CCC(O)CC(O)CC(=O)O
1057,CC(C)c1c(C(=O)Nc2ccccc2)c(-c2cccc(OCCCCc3cn(CCCCCCCNc4cccc5c4C(=O)N(C4CCC(=O)NC4=O)C5=O)nn3)c2)c(-c2ccc(F)cc2)n1CCC(O)CC(O)CC(=O)O
1058,CC(C)c1c(C(=O)Nc2ccccc2)c(-c2cccc(OCCCCCc3cn(CCCCCCCNc4cccc5c4C(=O)N(C4CCC(=O)NC4=O)C5=O)nn3)c2)c(-c2ccc(F)cc2)n1CCC(O)CC(O)CC(=O)O
1059,CC(C)c1c(C(=O)Nc2ccccc2)c(-c2cccc(OCCCCCCc3cn(CCCCCCCNc4cccc5c4C(=O)N(C4CCC(=O)NC4=O)C5=O)nn3)c2)c(-c2ccc(F)cc2)n1CCC(O)CC(O)CC(=O)O
1060,CC(C)c1c(C(=O)Nc2ccccc2)c(-c2cccc(OCCCCCCCc3cn(CCCCCCCNc4cccc5c4C(=O)N(C4CCC(=O)NC4=O)C5=O)nn3)c2)c(-c2ccc(F)cc2)n1CCC(O)CC(O)CC(=O)O
1061,CC(C)c1c(C(=O)Nc2ccccc2)c(-c2cccc(OCCCc3cn(CCOCCOCCOCCNc4ccc5c(c4)C(=O)N(C4CCC(=O)NC4=O)C5=O)nn3)c2)c(-c2ccc(F)cc2)n1CCC(O)CC(O)CC(=O)O
1062,CC(C)c1c(C(=O)Nc2ccccc2)c(-c2cccc(OCCCCc3cn(CCOCCOCCOCCNc4ccc5c(c4)C(=O)N(C4CCC(=O)NC4=O)C5=O)nn3)c2)c(-c2ccc(F)cc2)n1CCC(O)CC(O)CC(=O)O
1063,CC(C)c1c(C(=O)Nc2ccccc2)c(-c2cccc(OCCCCCc3cn(CCOCCOCCOCCNc4ccc5c(c4)C(=O)N(C4CCC(=O)NC4=O)C5=O)nn3)c2)c(-c2ccc(F)cc2)n1CCC(O)CC(O)CC(=O)O
1064,CC(C)c1c(C(=O)Nc2ccccc2)c(-c2cccc(OCCCc3cn(CCOCCOCCOCCOCCNc4ccc5c(c4)C(=O)N(C4CCC(=O)NC4=O)C5=O)nn3)c2)c(-c2ccc(F)cc2)n1CCC(O)CC(O)CC(=O)O
1065,CC(C)c1c(C(=O)Nc2ccccc2)c(-c2cccc(OCCCCc3cn(CCOCCOCCOCCOCCNc4ccc5c(c4)C(=O)N(C4CCC(=O)NC4=O)C5=O)nn3)c2)c(-c2ccc(F)cc2)n1CCC(O)CC(O)CC(=O)O
1066,CC(C)c1c(C(=O)Nc2ccccc2)c(-c2cccc(OCCCCCc3cn(CCOCCOCCOCCOCCNc4ccc5c(c4)C(=O)N(C4CCC(=O)NC4=O)C5=O)nn3)c2)c(-c2ccc(F)cc2)n1CCC(O)CC(O)CC(=O)O
1067,CC(C)c1c(C(=O)Nc2ccccc2)c(-c2cccc(OCCCc3cn(CCOCC#Cc4cccc5c4CN(C4CCC(=O)NC4=O)C5=O)nn3)c2)c(-c2ccc(F)cc2)n1CCC(O)CC(O)CC(=O)O
1068,CC(C)c1c(C(=O)Nc2ccccc2)c(-c2cccc(OCCCc3cn(CCCOCC#Cc4cccc5c4CN(C4CCC(=O)NC4=O)C5=O)nn3)c2)c(-c2ccc(F)cc2)n1CCC(O)CC(O)CC(=O)O
1069,CC(C)c1c(C(=O)Nc2ccccc2)c(-c2cccc(OCCCc3cn(CCCCOCC#Cc4cccc5c4CN(C4CCC(=O)NC4=O)C5=O)nn3)c2)c(-c2ccc(F)cc2)n1CCC(O)CC(O)CC(=O)O
1070,CC(C)c1c(C(=O)Nc2ccccc2)c(-c2cccc(OCCCc3cn(CCCCCOCC#Cc4cccc5c4CN(C4CCC(=O)NC4=O)C5=O)nn3)c2)c(-c2ccc(F)cc2)n1CCC(O)CC(O)CC(=O)O
1071,CC(C)c1c(C(=O)Nc2ccccc2)c(-c2cccc(OCCCc3cn(CCCCCCOCC#Cc4cccc5c4CN(C4CCC(=O)NC4=O)C5=O)nn3)c2)c(-c2ccc(F)cc2)n1CCC(O)CC(O)CC(=O)O
1072,CC(C)c1c(C(=O)Nc2ccccc2)c(-c2cccc(OCCCc3cn(CCCCCCCOCC#Cc4cccc5c4CN(C4CCC(=O)NC4=O)C5=O)nn3)c2)c(-c2ccc(F)cc2)n1CCC(O)CC(O)CC(=O)O
1073,CC(C)c1c(C(=O)Nc2ccccc2)c(-c2cccc(OCCCc3cn(CCOCCCc4cccc5c4CN(C4CCC(=O)NC4=O)C5=O)nn3)c2)c(-c2ccc(F)cc2)n1CCC(O)CC(O)CC(=O)O
1074,CC(C)c1c(C(=O)Nc2ccccc2)c(-c2cccc(OCCCc3cn(CCCOCCCc4cccc5c4CN(C4CCC(=O)NC4=O)C5=O)nn3)c2)c(-c2ccc(F)cc2)n1CCC(O)CC(O)CC(=O)O
1075,CC(C)c1c(C(=O)Nc2ccccc2)c(-c2cccc(OCCCc3cn(CCCCOCCCc4cccc5c4CN(C4CCC(=O)NC4=O)C5=O)nn3)c2)c(-c2ccc(F)cc2)n1CCC(O)CC(O)CC(=O)O
1076,CC(C)c1c(C(=O)Nc2ccccc2)c(-c2cccc(OCCCc3cn(CCCCCOCCCc4cccc5c4CN(C4CCC(=O)NC4=O)C5=O)nn3)c2)c(-c2ccc(F)cc2)n1CCC(O)CC(O)CC(=O)O
1077,CC(C)c1c(C(=O)Nc2ccccc2)c(-c2cccc(OCCCc3cn(CCCCCCOCCCc4cccc5c4CN(C4CCC(=O)NC4=O)C5=O)nn3)c2)c(-c2ccc(F)cc2)n1CCC(O)CC(O)CC(=O)O
1078,CC(C)c1c(C(=O)Nc2ccccc2)c(-c2cccc(OCCCc3cn(CCCCCCCOCCCc4cccc5c4CN(C4CCC(=O)NC4=O)C5=O)nn3)c2)c(-c2ccc(F)cc2)n1CCC(O)CC(O)CC(=O)O
1079,CNC(C)C(=O)NC(C(=O)N1CCCC1c1nc(C(=O)c2cccc(OCCOCCOCc3cn(CCCC(=O)N4CCN(CCC(CSc5ccccc5)Nc5ccc(S(=O)(=O)NC(=O)c6ccc(N7CCN(CC8=C(c9ccc(Cl)cc9)CCC(C)(C)C8)CC7)cc6)cc5S(=O)(=O)C(F)(F)F)CC4)nn3)c2)cs1)C1CCCCC1
1080,CNC(C)C(=O)NC(C(=O)N1CCCC1c1nc(C(=O)c2cccc(OCCOCCOCCOCc3cn(CCCC(=O)N4CCN(CCC(CSc5ccccc5)Nc5ccc(S(=O)(=O)NC(=O)c6ccc(N7CCN(CC8=C(c9ccc(Cl)cc9)CCC(C)(C)C8)CC7)cc6)cc5S(=O)(=O)C(F)(F)F)CC4)nn3)c2)cs1)C1CCCCC1
1081,CNC(C)C(=O)NC(C(=O)N1CCCC1c1nc(C(=O)c2cccc(OCCOCCOCC(=O)N3CCN(CCC(CSc4ccccc4)Nc4ccc(S(=O)(=O)NC(=O)c5ccc(N6CCN(CC7=C(c8ccc(Cl)cc8)CCC(C)(C)C7)CC6)cc5)cc4S(=O)(=O)C(F)(F)F)CC3)c2)cs1)C1CCCCC1
1082,CNC(C)C(=O)NC(C(=O)N1CCCC1c1nc(C(=O)c2cccc(OCCOCCOCCOCCOCC(=O)N3CCN(CCC(CSc4ccccc4)Nc4ccc(S(=O)(=O)NC(=O)c5ccc(N6CCN(CC7=C(c8ccc(Cl)cc8)CCC(C)(C)C7)CC6)cc5)cc4S(=O)(=O)C(F)(F)F)CC3)c2)cs1)C1CCCCC1
1083,CNC(C)C(=O)NC(C(=O)N1CCCC1c1nc(C(=O)c2cccc(OCCCC(=O)N3CCN(CCC(CSc4ccccc4)Nc4ccc(S(=O)(=O)NC(=O)c5ccc(N6CCN(CC7=C(c8ccc(Cl)cc8)CCC(C)(C)C7)CC6)cc5)cc4S(=O)(=O)C(F)(F)F)CC3)c2)cs1)C1CCCCC1
1084,CNC(C)C(=O)NC(C(=O)N1CCCC1c1nc(C(=O)c2cccc(OCCCCC(=O)N3CCN(CCC(CSc4ccccc4)Nc4ccc(S(=O)(=O)NC(=O)c5ccc(N6CCN(CC7=C(c8ccc(Cl)cc8)CCC(C)(C)C7)CC6)cc5)cc4S(=O)(=O)C(F)(F)F)CC3)c2)cs1)C1CCCCC1
1085,CNC(C)C(=O)NC(C(=O)N1CCCC1c1nc(C(=O)c2cccc(OCCCCCC(=O)N3CCN(CCC(CSc4ccccc4)Nc4ccc(S(=O)(=O)NC(=O)c5ccc(N6CCN(CC7=C(c8ccc(Cl)cc8)CCC(C)(C)C7)CC6)cc5)cc4S(=O)(=O)C(F)(F)F)CC3)c2)cs1)C1CCCCC1
1086,CNC(C)C(=O)NC(C(=O)N1CCCC1c1nc(C(=O)c2cccc(OCCCCCCC(=O)N3CCN(CCC(CSc4ccccc4)Nc4ccc(S(=O)(=O)NC(=O)c5ccc(N6CCN(CC7=C(c8ccc(Cl)cc8)CCC(C)(C)C7)CC6)cc5)cc4S(=O)(=O)C(F)(F)F)CC3)c2)cs1)C1CCCCC1
1087,CNC(C)C(=O)NC1CCOC2CC(C)(C)C(C(=O)NC3CCCc4cc(OCCOCCOCc5cn(CCCC(=O)N6CCN(CCC(CSc7ccccc7)Nc7ccc(S(=O)(=O)NC(=O)c8ccc(N9CCN(CC%10=C(c%11ccc(Cl)cc%11)CCC(C)(C)C%10)CC9)cc8)cc7S(=O)(=O)C(F)(F)F)CC6)nn5)ccc43)N2C1=O
1088,CNC(C)C(=O)NC1CCOC2CC(C)(C)C(C(=O)NC3CCCc4cc(OCCOCCOCCOCc5cn(CCCC(=O)N6CCN(CCC(CSc7ccccc7)Nc7ccc(S(=O)(=O)NC(=O)c8ccc(N9CCN(CC%10=C(c%11ccc(Cl)cc%11)CCC(C)(C)C%10)CC9)cc8)cc7S(=O)(=O)C(F)(F)F)CC6)nn5)ccc43)N2C1=O
1089,CNC(C)C(=O)NC1CCOC2CC(C)(C)C(C(=O)NC3CCCc4cc(OCCOCCOCC(=O)N5CCN(CCC(CSc6ccccc6)Nc6ccc(S(=O)(=O)NC(=O)c7ccc(N8CCN(CC9=C(c%10ccc(Cl)cc%10)CCC(C)(C)C9)CC8)cc7)cc6S(=O)(=O)C(F)(F)F)CC5)ccc43)N2C1=O
1090,CNC(C)C(=O)NC1CCOC2CC(C)(C)C(C(=O)NC3CCCc4cc(OCCCOCCOCCOCCOCC(=O)N5CCN(CCC(CSc6ccccc6)Nc6ccc(S(=O)(=O)NC(=O)c7ccc(N8CCN(CC9=C(c%10ccc(Cl)cc%10)CCC(C)(C)C9)CC8)cc7)cc6S(=O)(=O)C(F)(F)F)CC5)ccc43)N2C1=O
1091,CNC(C)C(=O)NC1CCOC2CC(C)(C)C(C(=O)NC3CCCc4cc(OCCCC(=O)N5CCN(CCC(CSc6ccccc6)Nc6ccc(S(=O)(=O)NC(=O)c7ccc(N8CCN(CC9=C(c%10ccc(Cl)cc%10)CCC(C)(C)C9)CC8)cc7)cc6S(=O)(=O)C(F)(F)F)CC5)ccc43)N2C1=O
1092,CNC(C)C(=O)NC1CCOC2CC(C)(C)C(C(=O)NC3CCCc4cc(OCCCCC(=O)N5CCN(CCC(CSc6ccccc6)Nc6ccc(S(=O)(=O)NC(=O)c7ccc(N8CCN(CC9=C(c%10ccc(Cl)cc%10)CCC(C)(C)C9)CC8)cc7)cc6S(=O)(=O)C(F)(F)F)CC5)ccc43)N2C1=O
1093,CNC(C)C(=O)NC1CCOC2CC(C)(C)C(C(=O)NC3CCCc4cc(OCCCCCC(=O)N5CCN(CCC(CSc6ccccc6)Nc6ccc(S(=O)(=O)NC(=O)c7ccc(N8CCN(CC9=C(c%10ccc(Cl)cc%10)CCC(C)(C)C9)CC8)cc7)cc6S(=O)(=O)C(F)(F)F)CC5)ccc43)N2C1=O
1094,CNC(C)C(=O)NC1CCOC2CC(C)(C)C(C(=O)NC3CCCc4cc(OCCCCCCC(=O)N5CCN(CCC(CSc6ccccc6)Nc6ccc(S(=O)(=O)NC(=O)c7ccc(N8CCN(CC9=C(c%10ccc(Cl)cc%10)CCC(C)(C)C9)CC8)cc7)cc6S(=O)(=O)C(F)(F)F)CC5)ccc43)N2C1=O
1106,O=C1CCC(N2C(=O)c3cccc(NCCn4cc(CCCC(=O)NC5CCN(c6ncc(C(=O)Nc7ccc(OC(F)(F)Cl)cc7)cc6-c6cc[nH]n6)C5)nn4)c3C2=O)C(=O)N1
1107,O=C1CCC(N2C(=O)c3cccc(NCCOCCn4cc(CCCC(=O)NC5CCN(c6ncc(C(=O)Nc7ccc(OC(F)(F)Cl)cc7)cc6-c6cc[nH]n6)C5)nn4)c3C2=O)C(=O)N1
1108,O=C1CCC(N2C(=O)c3cccc(NCCOCCOCCn4cc(CCCC(=O)NC5CCN(c6ncc(C(=O)Nc7ccc(OC(F)(F)Cl)cc7)cc6-c6cc[nH]n6)C5)nn4)c3C2=O)C(=O)N1
1109,O=C1CCC(N2C(=O)c3cccc(NCCOCCOCCOCCn4cc(CCCC(=O)NC5CCN(c6ncc(C(=O)Nc7ccc(OC(F)(F)Cl)cc7)cc6-c6cc[nH]n6)C5)nn4)c3C2=O)C(=O)N1
1110,O=C1CCC(N2C(=O)c3cccc(NCCOCCOCCOCCOCCn4cc(CCCC(=O)NC5CCN(c6ncc(C(=O)Nc7ccc(OC(F)(F)Cl)cc7)cc6-c6cc[nH]n6)C5)nn4)c3C2=O)C(=O)N1
1116,Cc1cccc(C=Cc2cnc(Nc3cc(N4CCN(C(=O)CCCc5cn(CCOCCOCCOCCOCCNc6cccc7c6C(=O)N(C6CCC(=O)NC6=O)C7=O)nn5)CC4)nc(C)n3)s2)c1
1177,CCC1NC(=O)C(C(O)C(C)CC=CCCCCC(=O)NC(C(=O)N2CC(O)CC2C(=O)NC(C)c2ccc(-c3scnc3C)cc2)C(C)(C)C)N(C)C(=O)C(C(C)C)N(C)C(=O)C(CC(C)C)N(C)C(=O)C(CC(C)C)N(C)C(=O)C(C)NC(=O)C(C)NC(=O)C(CC(C)C)N(C)C(=O)C(C(C)C)NC(=O)C(CC(C)C)N(C)C(=O)CN(C)C1=O
1183,O=C1CCC(N2C(=O)c3cccc(CCCCCNC(=O)c4ccc(NC(=O)C5NC6(CCCCC6)C6(C(=O)Nc7cc(Cl)ccc76)C5c5cccc(Cl)c5F)cc4)c3C2=O)C(=O)N1
1184,O=C1CCC(N2Cc3c(NCCCCNC(=O)c4ccc(NC(=O)C5NC6(CCCCC6)C6(C(=O)Nc7cc(Cl)ccc76)C5c5cccc(Cl)c5F)cc4)cccc3C2=O)C(=O)N1
1185,O=C1CCC(N2Cc3c(C#CCCNC(=O)c4ccc(NC(=O)C5NC6(CCCCC6)C6(C(=O)Nc7cc(Cl)ccc76)C5c5cccc(Cl)c5F)cc4)cccc3C2=O)C(=O)N1
1186,Cc1ncsc1-c1ccc(C(C)NC(=O)C2CC(O)CN2C(=O)C(NC(=O)CCCCNC(=O)c2ccc(NC(=O)C3NC4(CCCCC4)C4(C(=O)Nc5cc(Cl)ccc54)C3c3cccc(Cl)c3F)cc2)C(C)(C)C)cc1
1187,Cc1ncsc1-c1ccc(C(C)NC(=O)C2CC(O)CN2C(=O)C(NC(=O)CCOCCOCCNC(=O)c2ccc(NC(=O)C3NC4(CCCCC4)C4(C(=O)Nc5cc(Cl)ccc54)C3c3cccc(Cl)c3F)cc2)C(C)(C)C)cc1
1188,Cc1ncsc1-c1ccc(C(C)NC(=O)C2CC(O)CN2C(=O)C(NC(=O)CCOCCOCCOCCNC(=O)c2ccc(NC(=O)C3NC4(CCCCC4)C4(C(=O)Nc5cc(Cl)ccc54)C3c3cccc(Cl)c3F)cc2)C(C)(C)C)cc1
1191,CC1(C)C(NC(=O)c2ccc(C(=O)NCCCCCCCCCCNc3cccc4c3C(=O)N(C3CCC(=O)NC3=O)C4=O)cc2)C(C)(C)C1Oc1ccc(C#N)c(Cl)c1
1211,COc1cc2c(Oc3ccc(NC(=O)C4(C(=O)Nc5ccc(F)cc5)CC4)cc3F)ccnc2cc1OCCOCCOCCC(=O)NC(C(=O)N1CC(O)CC1C(=O)NCc1ccc(-c2scnc2C)cc1)C(C)(C)C
1212,COc1cc2c(Oc3ccc(NC(=O)C4(C(=O)Nc5ccc(F)cc5)CC4)cc3F)ccnc2cc1OCCCOCCOCCC(=O)NC(C(=O)N1CC(O)CC1C(=O)NCc1ccc(-c2scnc2C)cc1)C(C)(C)C
1213,COc1cc2c(Oc3ccc(NC(=O)C4(C(=O)Nc5ccc(F)cc5)CC4)cc3F)ccnc2cc1OCCCCOCCCCOc1cc(-c2scnc2C)ccc1CNC(=O)C1CC(O)CN1C(=O)C(C(C)C)N1Cc2ccccc2C1=O
1214,COc1cc2c(Oc3ccc(NC(=O)C4(C(=O)Nc5ccc(F)cc5)CC4)cc3F)ccnc2cc1OCCCOCCOCCCOc1cc(-c2scnc2C)ccc1CNC(=O)C1CC(O)CN1C(=O)C(C(C)C)N1Cc2ccccc2C1=O
1215,COc1cc2c(Oc3ccc(NC(=O)C4(C(=O)Nc5ccc(F)cc5)CC4)cc3F)ccnc2cc1OCCCOCCCOCCCOc1cc(-c2scnc2C)ccc1CNC(=O)C1CC(O)CN1C(=O)C(C(C)C)N1Cc2ccccc2C1=O
1219,Cc1sc2c(c1C)C(c1ccc(Cl)cc1)=NC(CC(=O)NCCCCCNc1cccc3c1CN(C1CCC(=O)NC1=O)C3=O)c1nnc(C)n1-2
1220,COc1cc(C=C(C#N)C(=O)NCCC(=O)NC(C(=O)N2CC(O)CC2C(=O)NCc2ccc(-c3scnc3C)cc2)C(C)(C)C)ccc1OCc1ccc(C(F)(F)F)cc1C(F)(F)F
1221,COc1cc(C=C(C#N)C(=O)NCCCC(=O)NC(C(=O)N2CC(O)CC2C(=O)NCc2ccc(-c3scnc3C)cc2)C(C)(C)C)ccc1OCc1ccc(C(F)(F)F)cc1C(F)(F)F
1222,COc1cc(C=C(C#N)C(=O)NCCCCC(=O)NC(C(=O)N2CC(O)CC2C(=O)NCc2ccc(-c3scnc3C)cc2)C(C)(C)C)ccc1OCc1ccc(C(F)(F)F)cc1C(F)(F)F
1223,COc1cc(C=C(C#N)C(=O)NCCCCCC(=O)NC(C(=O)N2CC(O)CC2C(=O)NCc2ccc(-c3scnc3C)cc2)C(C)(C)C)ccc1OCc1ccc(C(F)(F)F)cc1C(F)(F)F
1224,COc1cc(C=C(C#N)C(=O)NCCCCCCC(=O)NC(C(=O)N2CC(O)CC2C(=O)NCc2ccc(-c3scnc3C)cc2)C(C)(C)C)ccc1OCc1ccc(C(F)(F)F)cc1C(F)(F)F
1225,COc1cc(C=C(C#N)C(=O)NCCCCCCCC(=O)NC(C(=O)N2CC(O)CC2C(=O)NCc2ccc(-c3scnc3C)cc2)C(C)(C)C)ccc1OCc1ccc(C(F)(F)F)cc1C(F)(F)F
1226,COc1cc(C=C(C#N)C(=O)NCCOCC(=O)NC(C(=O)N2CC(O)CC2C(=O)NCc2ccc(-c3scnc3C)cc2)C(C)(C)C)ccc1OCc1ccc(C(F)(F)F)cc1C(F)(F)F
1227,COc1cc(C=C(C#N)C(=O)NCCOCCC(=O)NC(C(=O)N2CC(O)CC2C(=O)NCc2ccc(-c3scnc3C)cc2)C(C)(C)C)ccc1OCc1ccc(C(F)(F)F)cc1C(F)(F)F
1228,COc1cc(C=C(C#N)C(=O)NCCOCCOCCC(=O)NC(C(=O)N2CC(O)CC2C(=O)NCc2ccc(-c3scnc3C)cc2)C(C)(C)C)ccc1OCc1ccc(C(F)(F)F)cc1C(F)(F)F
1229,COc1cc(C=C(C#N)C(=O)NCCOCCOCCOCCC(=O)NC(C(=O)N2CC(O)CC2C(=O)NCc2ccc(-c3scnc3C)cc2)C(C)(C)C)ccc1OCc1ccc(C(F)(F)F)cc1C(F)(F)F
1230,Nc1ncnc2c1c(-c1ccc(Oc3ccccc3)cc1)nn2C1CCCN(CC(=O)NCCOCCOCC(=O)NCCOCCOCC(=O)NCCOCCOc2cccc3c2C(=O)N(C2CCC(=O)NC2=O)C3=O)C1
1231,Cc1ncsc1-c1ccc(CNC(=O)C2CC(O)CN2C(=O)C(NC(=O)COCCCCOCCCOc2ccc(NC(=O)CC3N=C(c4ccc(Cl)cc4)c4c(sc(C)c4C)-n4c(C)nnc43)cc2)C(C)(C)C)cc1
1243,CNC(C)C(=O)NC(C(=O)N1Cc2cc(OCCOCCOCCOCCOCCOC(=O)N3CCCC(n4nc(-c5ccc(Oc6ccc(F)cc6F)cc5)c(C(N)=O)c4N)C3)ccc2CC1C(=O)NC1CCCc2ccccc21)C(C)(C)C
1244,CNC(C)C(=O)NC(C(=O)N1Cc2cc(OCCOCCOCCOCCOCCOCCOC(=O)N3CCCC(n4nc(-c5ccc(Oc6ccc(F)cc6F)cc5)c(C(N)=O)c4N)C3)ccc2CC1C(=O)NC1CCCc2ccccc21)C(C)(C)C
1245,COc1cc(OC)c(C=CS(=O)(=O)Cc2ccc(OC)c(NCC(=O)Nc3cccc4c3C(=O)N(C3CCC(=O)NC3=O)C4=O)c2)c(OC)c1
1246,COc1cc(OC)c(C=CS(=O)(=O)Cc2ccc(OC)c(NCC(=O)NCC(=O)Nc3cccc4c3C(=O)N(C3CCC(=O)NC3=O)C4=O)c2)c(OC)c1
1247,COc1cc(OC)c(C=CS(=O)(=O)Cc2ccc(OC)c(NC(=O)CCC(=O)NCC(=O)Nc3cccc4c3C(=O)N(C3CCC(=O)NC3=O)C4=O)c2)c(OC)c1
1248,COc1cc(OC)c(C=CS(=O)(=O)Cc2ccc(OC)c(NC(=O)CCCC(=O)NCC(=O)Nc3cccc4c3C(=O)N(C3CCC(=O)NC3=O)C4=O)c2)c(OC)c1
1249,Nc1ncnc2c1c(-c1ccc(Oc3ccccc3)cc1)nn2C1CCCN(C(=O)c2cn(CCOCCOCCNc3cccc4c3C(=O)N(C3CCC(=O)NC3=O)C4=O)nn2)C1
1250,Nc1ncnc2c1c(-c1ccc(Oc3ccccc3)cc1)nn2C1CCCN(C(=O)c2cn(CCOCCOCCOCCOCCNc3cccc4c3C(=O)N(C3CCC(=O)NC3=O)C4=O)nn2)C1
1252,Nc1ncnc2c1c(-c1ccc(Oc3ccccc3)cc1)nn2C1CCCN(C(=O)c2cnnn2CCOCCOCCOCCNc2cccc3c2C(=O)N(C2CCC(=O)NC2=O)C3=O)C1
1253,Nc1ncnc2c1c(-c1ccc(Oc3ccccc3)cc1)nn2C1CCCN(C(=O)c2cnnn2CCOCCOCCOCCOCCNc2cccc3c2C(=O)N(C2CCC(=O)NC2=O)C3=O)C1
1254,COc1ccc(C2=NC(c3ccc(Cl)cc3)C(c3ccc(Cl)cc3)N2C(=O)N2CCN(CC(=O)NCCOCCOCCn3cc(CCCC(=O)N4CCCC(n5nc(-c6ccc(Oc7ccccc7)cc6)c6c(N)ncnc65)C4)nn3)C(=O)C2)c(OC(C)C)c1
1255,COCCOc1ccc(Nc2ncc(F)c(Nc3cccc(NC(=O)c4cn(CCOCCOCCOCCNC(=O)CN5CCN(C(=O)N6C(c7ccc(OC)cc7OC(C)C)=NC(c7ccc(Cl)cc7)C6c6ccc(Cl)cc6)CC5=O)nn4)c3)n2)cc1
1256,CCOc1cc(C(C)(C)C)ccc1C1=NC(C)(c2ccc(Cl)cc2)C(C)(c2ccc(Cl)cc2)N1C(=O)N1CCN(CC(=O)NCCOCCOCCOCCn2cc(C(=O)N3CCCC(n4nc(-c5ccc(Oc6ccccc6)cc5)c5c(N)ncnc54)C3)nn2)CC1
1257,CCOc1cc(C(C)(C)C)ccc1C1=NC(C)(c2ccc(Cl)cc2)C(C)(c2ccc(Cl)cc2)N1C(=O)N1CCN(CC(=O)NCCOCCOCCOCCOCCn2cc(C(=O)N3CCCC(n4nc(-c5ccc(Oc6ccccc6)cc5)c5c(N)ncnc54)C3)nn2)CC1
1258,Nc1ncnc2c1c(-c1ccc(Oc3ccccc3)cc1)nn2C1CCCN(C(=O)c2cn(CCCCCCCCCCCNc3cccc4c3C(=O)N(C3CCC(=O)NC3=O)C4=O)nn2)C1
1259,Nc1ncnc2c1c(-c1ccc(Oc3ccccc3)cc1)nn2C1CCCN(C(=O)CCCc2cn(CCCCCNc3cccc4c3C(=O)N(C3CCC(=O)NC3=O)C4=O)nn2)C1
1260,Nc1ncnc2c1c(-c1ccc(Oc3ccccc3)cc1)nn2C1CCCN(C(=O)c2cn(CCCCCNc3cccc4c3C(=O)N(C3CCC(=O)NC3=O)C4=O)nn2)C1
1261,Nc1ncnc2c1c(-c1ccc(Oc3ccccc3)cc1)nn2C1CCCN(C(=O)CCCCCCCNc2cccc3c2C(=O)N(C2CCC(=O)NC2=O)C3=O)C1
1280,Cc1ncsc1-c1ccc(C(C)NC(=O)C2CC(O)CN2C(=O)C(NC(=O)COCCCOCCNC(=O)CC2N=C(c3ccc(Cl)cc3)c3c(sc(C)c3C)-n3c(C)nnc32)C(C)(C)C)cc1
1286,Cc1sc2c(c1C)C(c1ccc(Cl)cc1)=NC(CC(=O)NCCCCCCCCNC(=O)COc1cccc3c1C(=O)N(C1CCC(=O)NC1=O)C3=O)c1nnc(C)n1-2
1287,COC(=O)CC1N=C(c2ccc(Cl)cc2)c2c(sc(C(=O)NCCCCCCCCNC(=O)COc3cccc4c3C(=O)N(C3CCC(=O)NC3=O)C4=O)c2C)-n2c(C)nnc21
1288,Cc1sc2c(c1C)C(c1ccc(Cl)cc1)=NC(CC(=O)NCCOCCOCCOCCOCCOCCOCCOCCOCCOCCNC(=O)COc1cccc3c1C(=O)N(C1CCC(=O)NC1=O)C3=O)c1nnc(C)n1-2
1289,Cc1sc2c(c1C)C(c1ccc(Cl)cc1)=NC(CC(=O)NCCNc1cccc3c1C(=O)N(C1CCC(=O)NC1=O)C3=O)c1nnc(C)n1-2
1290,COC(=O)CC1N=C(c2ccc(Cl)cc2)c2c(sc(C(=O)NCCCCCCCCNc3cccc4c3C(=O)N(C3CCC(=O)NC3=O)C4=O)c2C)-n2c(C)nnc21
1291,COC(=O)CC1N=C(c2ccc(Cl)cc2)c2c(sc(C(=O)NCCCCCCCCNc3ccc4c(c3)C(=O)N(C3CCC(=O)NC3=O)C4=O)c2C)-n2c(C)nnc21
1292,Cc1sc2c(c1C)C(c1ccc(Cl)cc1)=NC(CC(=O)NCCOc1cccc3c1C(=O)N(C1CCC(=O)NC1=O)C3=O)c1nnc(C)n1-2
1293,COC(=O)CC1N=C(c2ccc(Cl)cc2)c2c(sc(C(=O)NCCCCCCCCOc3cccc4c3C(=O)N(C3CCC(=O)NC3=O)C4=O)c2C)-n2c(C)nnc21
1294,COC(=O)CC1N=C(c2ccc(Cl)cc2)c2c(sc(C(=O)NCCCCCCCCOc3ccc4c(c3)C(=O)N(C3CCC(=O)NC3=O)C4=O)c2C)-n2c(C)nnc21
1295,COC(=O)CC1N=C(c2ccc(Cl)cc2)c2c(sc(C(=O)NCCCNc3cccc4c3C(=O)N(C3CCC(=O)NC3=O)C4=O)c2C)-n2c(C)nnc21
1296,COC(=O)CC1N=C(c2ccc(Cl)cc2)c2c(sc(C(=O)NCCCCNc3cccc4c3C(=O)N(C3CCC(=O)NC3=O)C4=O)c2C)-n2c(C)nnc21
1297,COC(=O)CC1N=C(c2ccc(Cl)cc2)c2c(sc(C(=O)NCCCCCNc3cccc4c3C(=O)N(C3CCC(=O)NC3=O)C4=O)c2C)-n2c(C)nnc21
1305,CC(=O)NC(C(=O)N1CC(O)CC1C(=O)NC(CC(=O)N1CCC(N2CCC(C#Cc3ccc(C(=O)NC4C(C)(C)C(Oc5ccc(C#N)c(Cl)c5)C4(C)C)cc3)CC2)CC1)c1ccccc1)C(C)C
1330,Cc1ncsc1-c1ccc(CNC(=O)C2CC(O)CN2C(=O)C(NC(=O)CCOCCOCCOCCOCCOCCC(=O)N2CCCC(n3nc(-c4ccc(Oc5ccc(F)cc5F)cc4)c(C(N)=O)c3N)C2)C(C)(C)C)cc1
1331,Cc1ncsc1-c1ccc(CNC(=O)C2CC(O)CN2C(=O)C(NC(=O)CCOCCOCCOCCOCCOCCOCCC(=O)N2CCCC(n3nc(-c4ccc(Oc5ccc(F)cc5F)cc4)c(C(N)=O)c3N)C2)C(C)(C)C)cc1
1332,COC(=O)CC1N=C(c2ccc(Cl)cc2)c2c(sc(C(=O)NCCNc3cccc4c3C(=O)N(C3CCC(=O)NC3=O)C4=O)c2C)-n2c(C)nnc21
1337,CC(=O)c1c(C)c2cnc(Nc3ccc(N4CCN(Cc5cn(CCOCCNC(=O)C(CC(C)C)NC(=O)C(O)C(N)Cc6ccccc6)nn5)CC4)cn3)nc2n(C2CCCC2)c1=O
1338,CC(=O)c1c(C)c2cnc(Nc3ccc(N4CCN(Cc5cn(CCOCCOCCNC(=O)C(CC(C)C)NC(=O)C(O)C(N)Cc6ccccc6)nn5)CC4)cn3)nc2n(C2CCCC2)c1=O
1339,CC(=O)c1c(C)c2cnc(Nc3ccc(N4CCN(Cc5cn(CCOCCOCCOCCNC(=O)C(CC(C)C)NC(=O)C(O)C(N)Cc6ccccc6)nn5)CC4)cn3)nc2n(C2CCCC2)c1=O
1340,CC(=O)c1c(C)c2cnc(Nc3ccc(N4CCN(Cc5cn(CCOCCOCCOCCOCCNC(=O)C(CC(C)C)NC(=O)C(O)C(N)Cc6ccccc6)nn5)CC4)cn3)nc2n(C2CCCC2)c1=O
1341,Cc1ncsc1-c1ccc(C(C)NC(=O)C2CC(O)CN2C(=O)C(NC(=O)COCCOCCOCCNC(=O)CCc2ccc(S(=O)(=O)Nc3cc(C)c(=O)n(C)c3Nc3ccc(I)cc3F)cc2)C(C)(C)C)cc1
1342,Cc1ncsc1-c1ccc(C(C)NC(=O)C2CC(O)CN2C(=O)C(NC(=O)COCCOCCOCCOCCNC(=O)CCc2ccc(S(=O)(=O)Nc3cc(C)c(=O)n(C)c3Nc3ccc(I)cc3F)cc2)C(C)(C)C)cc1
1343,Cc1ncsc1-c1ccc(C(C)NC(=O)C2CC(O)CN2C(=O)C(NC(=O)COCCOCCOCCNC(=O)COc2ccc(S(=O)(=O)Nc3cc(C)c(=O)n(C)c3Nc3ccc(I)cc3F)cc2)C(C)(C)C)cc1
1344,Cc1ncsc1-c1ccc(C(C)NC(=O)C2CC(O)CN2C(=O)C(NC(=O)COCCOCCOCCOCCNC(=O)COc2ccc(S(=O)(=O)Nc3cc(C)c(=O)n(C)c3Nc3ccc(I)cc3F)cc2)C(C)(C)C)cc1
1345,Cc1ncsc1-c1ccc(C(C)NC(=O)C2CC(O)CN2C(=O)C(NC(=O)COCCOCCOCCNC(=O)c2ccc(S(=O)(=O)Nc3cc(C)c(=O)n(C)c3Nc3ccc(I)cc3F)cc2)C(C)(C)C)cc1
1346,Cc1ncsc1-c1ccc(C(C)NC(=O)C2CC(O)CN2C(=O)C(NC(=O)COCCOCCOCCOCCNC(=O)c2ccc(S(=O)(=O)Nc3cc(C)c(=O)n(C)c3Nc3ccc(I)cc3F)cc2)C(C)(C)C)cc1
1347,Cc1ncsc1-c1ccc(C(C)NC(=O)C2CC(O)CN2C(=O)C(NC(=O)COCCOCCOCCNCc2ccc(S(=O)(=O)Nc3cc(C)c(=O)n(C)c3Nc3ccc(I)cc3F)cc2)C(C)(C)C)cc1
1348,Cc1ncsc1-c1ccc(C(C)NC(=O)C2CC(O)CN2C(=O)C(NC(=O)COCCOCCOCCOCCNCc2ccc(S(=O)(=O)Nc3cc(C)c(=O)n(C)c3Nc3ccc(I)cc3F)cc2)C(C)(C)C)cc1
1349,Cc1ncsc1-c1ccc(C(C)NC(=O)C2CC(O)CN2C(=O)C(NC(=O)COCCOCCOCCNC(=O)Cc2ccc(S(=O)(=O)Nc3cc(C)c(=O)n(C)c3Nc3ccc(I)cc3F)cc2)C(C)(C)C)cc1
1350,Cc1ncsc1-c1ccc(C(C)NC(=O)C2CC(O)CN2C(=O)C(NC(=O)COCCOCCOCCOCCNC(=O)Cc2ccc(S(=O)(=O)Nc3cc(C)c(=O)n(C)c3Nc3ccc(I)cc3F)cc2)C(C)(C)C)cc1
1371,COc1cc(N2CCN(C(=O)CCC(=O)NC(C(=O)N3CC(O)CC3C(=O)NCc3ccc(-c4scnc4C)cc3)C(C)(C)C)CC2)ccc1Nc1ncc(Cl)c(Nc2ccccc2P(C)(C)=O)n1
1372,COc1cc(N2CCN(C(=O)CCCC(=O)NC(C(=O)N3CC(O)CC3C(=O)NCc3ccc(-c4scnc4C)cc3)C(C)(C)C)CC2)ccc1Nc1ncc(Cl)c(Nc2ccccc2P(C)(C)=O)n1
1373,COc1cc(N2CCN(C(=O)CCCCC(=O)NC(C(=O)N3CC(O)CC3C(=O)NCc3ccc(-c4scnc4C)cc3)C(C)(C)C)CC2)ccc1Nc1ncc(Cl)c(Nc2ccccc2P(C)(C)=O)n1
1374,COc1cc(N2CCN(C(=O)CCCCCC(=O)NC(C(=O)N3CC(O)CC3C(=O)NCc3ccc(-c4scnc4C)cc3)C(C)(C)C)CC2)ccc1Nc1ncc(Cl)c(Nc2ccccc2P(C)(C)=O)n1
1375,COc1cc(N2CCC(NC(=O)CCC(=O)NC(C(=O)N3CC(O)CC3C(=O)NCc3ccc(-c4scnc4C)cc3)C(C)(C)C)CC2)ccc1Nc1ncc(Cl)c(Nc2ccccc2P(C)(C)=O)n1
1376,COc1cc(N2CCC(NC(=O)CCCC(=O)NC(C(=O)N3CC(O)CC3C(=O)NCc3ccc(-c4scnc4C)cc3)C(C)(C)C)CC2)ccc1Nc1ncc(Cl)c(Nc2ccccc2P(C)(C)=O)n1
1377,COc1cc(N2CCC(NC(=O)CCCCC(=O)NC(C(=O)N3CC(O)CC3C(=O)NCc3ccc(-c4scnc4C)cc3)C(C)(C)C)CC2)ccc1Nc1ncc(Cl)c(Nc2ccccc2P(C)(C)=O)n1
1378,COc1cc(N2CCC(NC(=O)CCCCCC(=O)NC(C(=O)N3CC(O)CC3C(=O)NCc3ccc(-c4scnc4C)cc3)C(C)(C)C)CC2)ccc1Nc1ncc(Cl)c(Nc2ccccc2P(C)(C)=O)n1
1379,COc1cc(N2CCC(N3CCN(C(=O)CCC(=O)NC(C(=O)N4CC(O)CC4C(=O)NCc4ccc(-c5scnc5C)cc4)C(C)(C)C)CC3)CC2)ccc1Nc1ncc(Cl)c(Nc2ccccc2P(C)(C)=O)n1
1380,COc1cc(N2CCC(N3CCN(C(=O)CCCC(=O)NC(C(=O)N4CC(O)CC4C(=O)NCc4ccc(-c5scnc5C)cc4)C(C)(C)C)CC3)CC2)ccc1Nc1ncc(Cl)c(Nc2ccccc2P(C)(C)=O)n1
1381,COc1cc(N2CCC(N3CCN(C(=O)CCCCC(=O)NC(C(=O)N4CC(O)CC4C(=O)NCc4ccc(-c5scnc5C)cc4)C(C)(C)C)CC3)CC2)ccc1Nc1ncc(Cl)c(Nc2ccccc2P(C)(C)=O)n1
1382,COc1cc(N2CCC(N3CCN(C(=O)CCCCCC(=O)NC(C(=O)N4CC(O)CC4C(=O)NCc4ccc(-c5scnc5C)cc4)C(C)(C)C)CC3)CC2)ccc1Nc1ncc(Cl)c(Nc2ccccc2P(C)(C)=O)n1
1383,COc1cc(N2CCN(C(=O)CCOCCOCCC(=O)NC(C(=O)N3CC(O)CC3C(=O)NCc3ccc(-c4scnc4C)cc3)C(C)(C)C)CC2)ccc1Nc1ncc(Cl)c(Nc2ccccc2P(C)(C)=O)n1
1384,COc1cc(N2CCN(C(=O)CCOCCOCCOCCC(=O)NC(C(=O)N3CC(O)CC3C(=O)NCc3ccc(-c4scnc4C)cc3)C(C)(C)C)CC2)ccc1Nc1ncc(Cl)c(Nc2ccccc2P(C)(C)=O)n1
1385,COc1cc(N2CCN(C(=O)CCOCCOCCOCCOCCC(=O)NC(C(=O)N3CC(O)CC3C(=O)NCc3ccc(-c4scnc4C)cc3)C(C)(C)C)CC2)ccc1Nc1ncc(Cl)c(Nc2ccccc2P(C)(C)=O)n1
1386,COc1cc(N2CCN(C(=O)CCOCCOCCOCCOCCOCCC(=O)NC(C(=O)N3CC(O)CC3C(=O)NCc3ccc(-c4scnc4C)cc3)C(C)(C)C)CC2)ccc1Nc1ncc(Cl)c(Nc2ccccc2P(C)(C)=O)n1
1387,COc1cc(N2CCC(NC(=O)CCOCCOCCC(=O)NC(C(=O)N3CC(O)CC3C(=O)NCc3ccc(-c4scnc4C)cc3)C(C)(C)C)CC2)ccc1Nc1ncc(Cl)c(Nc2ccccc2P(C)(C)=O)n1
1388,COc1cc(N2CCC(NC(=O)CCOCCOCCOCCC(=O)NC(C(=O)N3CC(O)CC3C(=O)NCc3ccc(-c4scnc4C)cc3)C(C)(C)C)CC2)ccc1Nc1ncc(Cl)c(Nc2ccccc2P(C)(C)=O)n1
1389,COc1cc(N2CCC(NC(=O)CCOCCOCCOCCOCCC(=O)NC(C(=O)N3CC(O)CC3C(=O)NCc3ccc(-c4scnc4C)cc3)C(C)(C)C)CC2)ccc1Nc1ncc(Cl)c(Nc2ccccc2P(C)(C)=O)n1
1390,COc1cc(N2CCC(NC(=O)CCOCCOCCOCCOCCOCCC(=O)NC(C(=O)N3CC(O)CC3C(=O)NCc3ccc(-c4scnc4C)cc3)C(C)(C)C)CC2)ccc1Nc1ncc(Cl)c(Nc2ccccc2P(C)(C)=O)n1
1391,COc1cc(N2CCC(N3CCN(C(=O)CCOCCOCCC(=O)NC(C(=O)N4CC(O)CC4C(=O)NCc4ccc(-c5scnc5C)cc4)C(C)(C)C)CC3)CC2)ccc1Nc1ncc(Cl)c(Nc2ccccc2P(C)(C)=O)n1
1392,COc1cc(N2CCC(N3CCN(C(=O)CCOCCOCCOCCC(=O)NC(C(=O)N4CC(O)CC4C(=O)NCc4ccc(-c5scnc5C)cc4)C(C)(C)C)CC3)CC2)ccc1Nc1ncc(Cl)c(Nc2ccccc2P(C)(C)=O)n1
1393,COc1cc(N2CCC(N3CCN(C(=O)CCOCCOCCOCCOCCC(=O)NC(C(=O)N4CC(O)CC4C(=O)NCc4ccc(-c5scnc5C)cc4)C(C)(C)C)CC3)CC2)ccc1Nc1ncc(Cl)c(Nc2ccccc2P(C)(C)=O)n1
1394,COc1cc(N2CCC(N3CCN(C(=O)CCOCCOCCOCCOCCOCCC(=O)NC(C(=O)N4CC(O)CC4C(=O)NCc4ccc(-c5scnc5C)cc4)C(C)(C)C)CC3)CC2)ccc1Nc1ncc(Cl)c(Nc2ccccc2P(C)(C)=O)n1
1399,COc1cc2ncnc(Nc3ccc(F)c(Cl)c3)c2cc1OCCCN1CCN(C(=O)CCOCCC(=O)NC(C(=O)N2CC(O)CC2C(=O)NCc2ccc(-c3scnc3C)cc2)C(C)(C)C)CC1
1400,COc1cc2ncnc(Nc3ccc(F)c(Cl)c3)c2cc1OCCCN1CCN(C(=O)CCOCCOCCOCCC(=O)NC(C(=O)N2CC(O)CC2C(=O)NCc2ccc(-c3scnc3C)cc2)C(C)(C)C)CC1
1401,COc1cc2ncnc(Nc3ccc(F)c(Cl)c3)c2cc1OCCCN1CCN(C(=O)CCOCCOCCOCCOCCOCCC(=O)NC(C(=O)N2CC(O)CC2C(=O)NCc2ccc(-c3scnc3C)cc2)C(C)(C)C)CC1
1402,COc1cc2ncnc(Nc3ccc(F)c(Cl)c3)c2cc1OCCCN1CCN(C(=O)CCC(=O)NC(C(=O)N2CC(O)CC2C(=O)NCc2ccc(-c3scnc3C)cc2)C(C)(C)C)CC1
1403,COc1cc2ncnc(Nc3ccc(F)c(Cl)c3)c2cc1OCCCN1CCN(C(=O)CCCCCC(=O)NC(C(=O)N2CC(O)CC2C(=O)NCc2ccc(-c3scnc3C)cc2)C(C)(C)C)CC1
1404,COc1cc2ncnc(Nc3ccc(F)c(Cl)c3)c2cc1OCCCN1CCN(C(=O)CCCCCCCCCC(=O)NC(C(=O)N2CC(O)CC2C(=O)NCc2ccc(-c3scnc3C)cc2)C(C)(C)C)CC1
1429,Cc1ncsc1-c1ccc(C(C)NC(=O)C2CC(O)CN2C(=O)C(NC(=O)CCOCCN2CCN(CCC(CSc3ccccc3)Nc3ccc(S(=O)(=O)NC(=O)c4ccc(N5CCN(CC6=C(c7ccc(Cl)cc7)CCC(C)(C)C6)CC5)cc4)cc3S(=O)(=O)C(F)(F)F)CC2)C(C)(C)C)cc1
1430,Cc1ncsc1-c1ccc(C(C)NC(=O)C2CC(O)CN2C(=O)C(NC(=O)CCOCCOCCN2CCN(CCC(CSc3ccccc3)Nc3ccc(S(=O)(=O)NC(=O)c4ccc(N5CCN(CC6=C(c7ccc(Cl)cc7)CCC(C)(C)C6)CC5)cc4)cc3S(=O)(=O)C(F)(F)F)CC2)C(C)(C)C)cc1
1461,Nc1nc2c(ncn2C2OC(COP(=O)(O)NCCCCCC(=O)Nc3cccc4c3CN(C3CCC(=O)NC3=O)C4=O)C(O)C2O)c(=O)[nH]1
1462,Nc1nc2c(c(=O)[nH]1)[n+](Cc1ccccc1)cn2C1OC(COP(=O)(O)NCCCCCC(=O)Nc2cccc3c2CN(C2CCC(=O)NC2=O)C3=O)C(O)C1O
1463,Nc1nc2c(c(=O)[nH]1)[n+](Cc1ccc(F)cc1)cn2C1OC(COP(=O)(O)NCCCCCC(=O)Nc2cccc3c2CN(C2CCC(=O)NC2=O)C3=O)C(O)C1O
1474,CC(C=CC1=C(C)C(=NOCC(=O)NCCOCCOC(=O)C(CC(C)C)NC(=O)C(O)C(N)Cc2ccccc2)CCC1(C)C)=CC=CC(C)=CC(=O)O
1475,CC(C=CC1=C(C)C(=NOCC(=O)NCCOCCOCCOCCOC(=O)C(CC(C)C)NC(=O)C(O)C(N)Cc2ccccc2)CCC1(C)C)=CC=CC(C)=CC(=O)O
1480,Cc1ncsc1-c1ccc(CNC(=O)C2CC(O)CN2C(=O)C(NC(=O)COCCOCCOCCOCCNC(=O)c2ccc(CN(CC3CCNCC3)S(=O)(=O)c3ccc(S(=O)(=O)N(Cc4ccc(Cl)cc4)C4CCCC4)cc3)cc2)C(C)(C)C)cc1
1490,CNC(C)C(=O)NC(C(=O)N1CC(NC(=O)CCCCCCCN2CCN(c3ccc(Nc4ncc5c(C)c(C(C)=O)c(=O)n(C6CCCC6)c5n4)nc3)CC2)CC1C(=O)Nc1c(F)cccc1F)C(C)(C)C
1491,CNC(C)C(=O)NC(C(=O)N1CC(NC(=O)CCOCCOCCOCCNC(=O)CN2CCN(c3ccc(Nc4ncc5c(C)c(C(C)=O)c(=O)n(C6CCCC6)c5n4)nc3)CC2)CC1C(=O)Nc1c(F)cccc1F)C(C)(C)C
1492,Cc1ccc(NC(=O)c2ccc(CNC(=O)CCCCNC(=O)C(CC(C)C)NC(=O)C(O)C(N)Cc3ccccc3)cc2)cc1Nc1nccc(-c2cccnc2)n1
1494,Cc1ccc(NC(=O)c2ccc(CNC(=O)CCCCCCCCCCNC(=O)C(CC(C)C)NC(=O)C(O)C(N)Cc3ccccc3)cc2)cc1Nc1nccc(-c2cccnc2)n1
1495,Cc1ncsc1-c1ccc(CNC(=O)C2CC(O)CN2C(=O)C(NC(=O)COCCOCCN2CCC(n3nc(-c4ccc(Oc5ccccc5)cc4)c4c(N)ncnc43)CC2)C(C)(C)C)cc1
1496,Cc1ncsc1-c1ccc(CNC(=O)C2CC(O)CN2C(=O)C(C(C)C)N2Cc3ccccc3C2=O)c(OCCCCOCCCCN2CCC(n3nc(-c4ccc(Oc5ccccc5)cc4)c4c(N)ncnc43)CC2)c1
1497,Cc1ncsc1-c1ccc(CNC(=O)C2CC(O)CN2C(=O)C(C(C)C)N2Cc3ccccc3C2=O)c(OCCCOCCC(=O)N2CCC(n3nc(-c4ccc(Oc5ccccc5)cc4)c4c(N)ncnc43)CC2)c1
1512,N#CC1(CNc2cccc(-c3cc(NC4CCC(NCC(=O)NCCOCCOCCOCCNc5cccc6c5C(=O)N(C5CCC(=O)NC5=O)C6=O)CC4)ncc3Cl)n2)CCOCC1
1513,N#CC1(CNc2cccc(-c3cc(NC4CCC(NCCCCCCNc5cccc6c5C(=O)N(C5CCC(=O)NC5=O)C6=O)CC4)ncc3Cl)n2)CCOCC1
1514,CCC(C)(C)C(=O)C(=O)N1CCCCC1C(=O)OC(CCc1ccc(OC)c(OC)c1)c1cccc(NC(=O)CCOCCOCCNC(=O)COc2ccc3c(c2)CCCN3C(=O)CCl)c1
1515,CCC(C)(C)C(=O)C(=O)N1CCCCC1C(=O)OC(CCc1ccc(OC)c(OC)c1)c1cccc(NC(=O)CCCC(=O)NCCCCC(=O)Nc2cccc3c2CN(C2CCC(=O)NC2=O)C3=O)c1
1516,CCC(C)(C)C(=O)C(=O)N1CCCCC1C(=O)OC(CCc1ccc(OC)c(OC)c1)c1cccc(NC(=O)COc2ccc3c(c2)CCCN3C(=O)CCl)c1
1517,CCC(C)(C)C(=O)C(=O)N1CCCCC1C(=O)OC(CCc1ccc(OC)c(OC)c1)c1cccc(NC(=O)CCOCCOCCOCCOCCNC(=O)COc2ccc3c(c2)CCCN3C(=O)CCl)c1
1518,Cc1sc2c(c1C)C(c1ccc(Cl)cc1)=NC(CC(=O)NCCOCCOCCNC(=O)COc1ccc3c(c1)CCCN3C(=O)CCl)c1nnc(C)n1-2
1519,CCC1C(=O)N(C)c2cnc(Nc3ccc(C(=O)NCCOCCOCCOCCOCCNc4cccc5c4C(=O)N(C4CCC(=O)NC4=O)C5=O)cc3OC)nc2N1C1CCCC1
1520,CC(C=CC1=C(C)C(=NOCC(=O)NCCOCCOCCOCc2ccc(-c3cc(=O)c4c(ccc5ccccc54)o3)cc2)CCC1(C)C)=CC=CC(C)=CC(=O)O
1521,CC(C=CC1=C(C)C(=NOCC(=O)NCCOCCOCCOCc2ccc(-c3cc(=O)c4ccc5ccccc5c4o3)cc2)CCC1(C)C)=CC=CC(C)=CC(=O)O
1522,CC(C=CC1=C(C)C(=NOCC(=O)NCCOCCOCCNC(=O)c2csc(C(=O)c3c[nH]c4ccccc34)n2)CCC1(C)C)=CC=CC(C)=CC(=O)O
1523,Cc1sc2c(c1C)C(c1ccc(Cl)cc1)=NC(CC(=O)NCCOCCOCCOCc1ccc(-c3cc(=O)c4c(ccc5ccccc54)o3)cc1)c1nnc(C)n1-2
1524,Cc1ncsc1-c1ccc(C(C)NC(=O)C2CC(O)CN2C(=O)C(NC(=O)COc2ccc(C=NNC(=O)c3ccc(C(=O)c4c(-c5ccc(O)cc5)sc5cc(O)ccc45)cc3)cc2)C(C)(C)C)cc1
1525,Cc1ncsc1-c1ccc(C(C)NC(=O)C2CC(O)CN2C(=O)C(NC(=O)CCCOc2ccc(C=NNC(=O)c3ccc(C(=O)c4c(-c5ccc(O)cc5)sc5cc(O)ccc45)cc3)cc2)C(C)(C)C)cc1
1526,Cc1ncsc1-c1ccc(C(C)NC(=O)C2CC(O)CN2C(=O)C(NC(=O)CCCCOc2ccc(C=NNC(=O)c3ccc(C(=O)c4c(-c5ccc(O)cc5)sc5cc(O)ccc45)cc3)cc2)C(C)(C)C)cc1
1527,Cc1ncsc1-c1ccc(C(C)NC(=O)C2CC(O)CN2C(=O)C(NC(=O)CCCCCOc2ccc(C=NNC(=O)c3ccc(C(=O)c4c(-c5ccc(O)cc5)sc5cc(O)ccc45)cc3)cc2)C(C)(C)C)cc1
1528,Cc1ncsc1-c1ccc(C(C)NC(=O)C2CC(O)CN2C(=O)C(NC(=O)CCCCCCOc2ccc(C=NNC(=O)c3ccc(C(=O)c4c(-c5ccc(O)cc5)sc5cc(O)ccc45)cc3)cc2)C(C)(C)C)cc1
1529,Cc1ncsc1-c1ccc(C(C)NC(=O)C2CC(O)CN2C(=O)C(NC(=O)CCCCCCCOc2ccc(C=NNC(=O)c3ccc(C(=O)c4c(-c5ccc(O)cc5)sc5cc(O)ccc45)cc3)cc2)C(C)(C)C)cc1
1530,Cc1ncsc1-c1ccc(C(C)NC(=O)C2CC(O)CN2C(=O)C(NC(=O)COCCOc2ccc(C=NNC(=O)c3ccc(C(=O)c4c(-c5ccc(O)cc5)sc5cc(O)ccc45)cc3)cc2)C(C)(C)C)cc1
1531,Cc1ncsc1-c1ccc(C(C)NC(=O)C2CC(O)CN2C(=O)C(NC(=O)COCCOCCOc2ccc(C=NNC(=O)c3ccc(C(=O)c4c(-c5ccc(O)cc5)sc5cc(O)ccc45)cc3)cc2)C(C)(C)C)cc1
1532,Cc1ncsc1-c1ccc(C(C)NC(=O)C2CC(O)CN2C(=O)C(NC(=O)COCCOCCOCCOc2ccc(C=NNC(=O)c3ccc(C(=O)c4c(-c5ccc(O)cc5)sc5cc(O)ccc45)cc3)cc2)C(C)(C)C)cc1
1533,Cc1ncsc1-c1ccc(C(C)NC(=O)C2CC(O)CN2C(=O)C(NC(=O)COCCOCCOCCOCCOc2ccc(C=NNC(=O)c3ccc(C(=O)c4c(-c5ccc(O)cc5)sc5cc(O)ccc45)cc3)cc2)C(C)(C)C)cc1
1534,Cc1ncsc1-c1ccc(C(C)NC(=O)C2CC(O)CN2C(=O)C(NC(=O)COCCOCCOCCOCCOCCOc2ccc(C=NNC(=O)c3ccc(C(=O)c4c(-c5ccc(O)cc5)sc5cc(O)ccc45)cc3)cc2)C(C)(C)C)cc1
1535,Cc1ncsc1-c1ccc(C(C)NC(=O)C2CC(O)CN2C(=O)C(NC(=O)COCCOCCOCCOCCOCCOCCOc2ccc(C=NNC(=O)c3ccc(C(=O)c4c(-c5ccc(O)cc5)sc5cc(O)ccc45)cc3)cc2)C(C)(C)C)cc1
1536,O=C(COc1ccc(C=NNC(=O)c2ccc(C(=O)c3c(-c4ccc(O)cc4)sc4cc(O)ccc34)cc2)cc1)NCC#Cc1cccc2c1CN(C1CCC(=O)NC1=O)C2=O
1537,O=C(CCCOc1ccc(C=NNC(=O)c2ccc(C(=O)c3c(-c4ccc(O)cc4)sc4cc(O)ccc34)cc2)cc1)NCC#Cc1cccc2c1CN(C1CCC(=O)NC1=O)C2=O
1538,O=C(CCCCOc1ccc(C=NNC(=O)c2ccc(C(=O)c3c(-c4ccc(O)cc4)sc4cc(O)ccc34)cc2)cc1)NCC#Cc1cccc2c1CN(C1CCC(=O)NC1=O)C2=O
1539,O=C(CCCCCOc1ccc(C=NNC(=O)c2ccc(C(=O)c3c(-c4ccc(O)cc4)sc4cc(O)ccc34)cc2)cc1)NCC#Cc1cccc2c1CN(C1CCC(=O)NC1=O)C2=O
1540,O=C(CCCCCCOc1ccc(C=NNC(=O)c2ccc(C(=O)c3c(-c4ccc(O)cc4)sc4cc(O)ccc34)cc2)cc1)NCC#Cc1cccc2c1CN(C1CCC(=O)NC1=O)C2=O
1541,O=C(CCCCCCCOc1ccc(C=NNC(=O)c2ccc(C(=O)c3c(-c4ccc(O)cc4)sc4cc(O)ccc34)cc2)cc1)NCC#Cc1cccc2c1CN(C1CCC(=O)NC1=O)C2=O
1542,O=C(COCCOc1ccc(C=NNC(=O)c2ccc(C(=O)c3c(-c4ccc(O)cc4)sc4cc(O)ccc34)cc2)cc1)NCC#Cc1cccc2c1CN(C1CCC(=O)NC1=O)C2=O
1543,O=C(COCCOCCOc1ccc(C=NNC(=O)c2ccc(C(=O)c3c(-c4ccc(O)cc4)sc4cc(O)ccc34)cc2)cc1)NCC#Cc1cccc2c1CN(C1CCC(=O)NC1=O)C2=O
1544,O=C(COCCOCCOCCOc1ccc(C=NNC(=O)c2ccc(C(=O)c3c(-c4ccc(O)cc4)sc4cc(O)ccc34)cc2)cc1)NCC#Cc1cccc2c1CN(C1CCC(=O)NC1=O)C2=O
1545,O=C(COCCOCCOCCOCCOc1ccc(C=NNC(=O)c2ccc(C(=O)c3c(-c4ccc(O)cc4)sc4cc(O)ccc34)cc2)cc1)NCC#Cc1cccc2c1CN(C1CCC(=O)NC1=O)C2=O
1546,O=C(COCCOCCOCCOCCOCCOc1ccc(C=NNC(=O)c2ccc(C(=O)c3c(-c4ccc(O)cc4)sc4cc(O)ccc34)cc2)cc1)NCC#Cc1cccc2c1CN(C1CCC(=O)NC1=O)C2=O
1547,O=C(COCCOCCOCCOCCOCCOCCOc1ccc(C=NNC(=O)c2ccc(C(=O)c3c(-c4ccc(O)cc4)sc4cc(O)ccc34)cc2)cc1)NCC#Cc1cccc2c1CN(C1CCC(=O)NC1=O)C2=O
1548,Cc1ncsc1-c1ccc(C(C)NC(=O)C2CC(O)CN2C(=O)C(NC(=O)COc2ccc(C=NNC(=O)c3ccc(-c4c(-c5ccc(O)cc5)sc5cc(O)ccc45)cc3)cc2)C(C)(C)C)cc1
1549,Cc1ncsc1-c1ccc(C(C)NC(=O)C2CC(O)CN2C(=O)C(NC(=O)CCCOc2ccc(C=NNC(=O)c3ccc(-c4c(-c5ccc(O)cc5)sc5cc(O)ccc45)cc3)cc2)C(C)(C)C)cc1
1550,Cc1ncsc1-c1ccc(C(C)NC(=O)C2CC(O)CN2C(=O)C(NC(=O)CCCCOc2ccc(C=NNC(=O)c3ccc(-c4c(-c5ccc(O)cc5)sc5cc(O)ccc45)cc3)cc2)C(C)(C)C)cc1
1551,Cc1ncsc1-c1ccc(C(C)NC(=O)C2CC(O)CN2C(=O)C(NC(=O)CCCCCOc2ccc(C=NNC(=O)c3ccc(-c4c(-c5ccc(O)cc5)sc5cc(O)ccc45)cc3)cc2)C(C)(C)C)cc1
1552,Cc1ncsc1-c1ccc(C(C)NC(=O)C2CC(O)CN2C(=O)C(NC(=O)CCCCCCOc2ccc(C=NNC(=O)c3ccc(-c4c(-c5ccc(O)cc5)sc5cc(O)ccc45)cc3)cc2)C(C)(C)C)cc1
1553,Cc1ncsc1-c1ccc(C(C)NC(=O)C2CC(O)CN2C(=O)C(NC(=O)CCCCCCCOc2ccc(C=NNC(=O)c3ccc(-c4c(-c5ccc(O)cc5)sc5cc(O)ccc45)cc3)cc2)C(C)(C)C)cc1
1554,Cc1ncsc1-c1ccc(C(C)NC(=O)C2CC(O)CN2C(=O)C(NC(=O)COCCOc2ccc(C=NNC(=O)c3ccc(-c4c(-c5ccc(O)cc5)sc5cc(O)ccc45)cc3)cc2)C(C)(C)C)cc1
1555,Cc1ncsc1-c1ccc(C(C)NC(=O)C2CC(O)CN2C(=O)C(NC(=O)COCCOCCOc2ccc(C=NNC(=O)c3ccc(-c4c(-c5ccc(O)cc5)sc5cc(O)ccc45)cc3)cc2)C(C)(C)C)cc1
1556,Cc1ncsc1-c1ccc(C(C)NC(=O)C2CC(O)CN2C(=O)C(NC(=O)COCCOCCOCCOc2ccc(C=NNC(=O)c3ccc(-c4c(-c5ccc(O)cc5)sc5cc(O)ccc45)cc3)cc2)C(C)(C)C)cc1
1557,Cc1ncsc1-c1ccc(C(C)NC(=O)C2CC(O)CN2C(=O)C(NC(=O)COCCOCCOCCOCCOc2ccc(C=NNC(=O)c3ccc(-c4c(-c5ccc(O)cc5)sc5cc(O)ccc45)cc3)cc2)C(C)(C)C)cc1
1558,Cc1ncsc1-c1ccc(C(C)NC(=O)C2CC(O)CN2C(=O)C(NC(=O)COCCOCCOCCOCCOCCOc2ccc(C=NNC(=O)c3ccc(-c4c(-c5ccc(O)cc5)sc5cc(O)ccc45)cc3)cc2)C(C)(C)C)cc1
1559,Cc1ncsc1-c1ccc(C(C)NC(=O)C2CC(O)CN2C(=O)C(NC(=O)COCCOCCOCCOCCOCCOCCOc2ccc(C=NNC(=O)c3ccc(-c4c(-c5ccc(O)cc5)sc5cc(O)ccc45)cc3)cc2)C(C)(C)C)cc1
1560,Cc1ncsc1-c1ccc(C(C)NC(=O)C2CC(O)CN2C(=O)C(NC(=O)COc2ccc(C=NNC(=O)c3ccc(Oc4c(-c5ccc(O)cc5)sc5cc(O)ccc45)cc3)cc2)C(C)(C)C)cc1
1561,Cc1ncsc1-c1ccc(C(C)NC(=O)C2CC(O)CN2C(=O)C(NC(=O)CCCOc2ccc(C=NNC(=O)c3ccc(Oc4c(-c5ccc(O)cc5)sc5cc(O)ccc45)cc3)cc2)C(C)(C)C)cc1
1562,Cc1ncsc1-c1ccc(C(C)NC(=O)C2CC(O)CN2C(=O)C(NC(=O)CCCCOc2ccc(C=NNC(=O)c3ccc(Oc4c(-c5ccc(O)cc5)sc5cc(O)ccc45)cc3)cc2)C(C)(C)C)cc1
1563,Cc1ncsc1-c1ccc(C(C)NC(=O)C2CC(O)CN2C(=O)C(NC(=O)CCCCCOc2ccc(C=NNC(=O)c3ccc(Oc4c(-c5ccc(O)cc5)sc5cc(O)ccc45)cc3)cc2)C(C)(C)C)cc1
1564,Cc1ncsc1-c1ccc(C(C)NC(=O)C2CC(O)CN2C(=O)C(NC(=O)CCCCCCOc2ccc(C=NNC(=O)c3ccc(Oc4c(-c5ccc(O)cc5)sc5cc(O)ccc45)cc3)cc2)C(C)(C)C)cc1
1565,Cc1ncsc1-c1ccc(C(C)NC(=O)C2CC(O)CN2C(=O)C(NC(=O)CCCCCCCOc2ccc(C=NNC(=O)c3ccc(Oc4c(-c5ccc(O)cc5)sc5cc(O)ccc45)cc3)cc2)C(C)(C)C)cc1
1566,Cc1ncsc1-c1ccc(C(C)NC(=O)C2CC(O)CN2C(=O)C(NC(=O)COCCOc2ccc(C=NNC(=O)c3ccc(Oc4c(-c5ccc(O)cc5)sc5cc(O)ccc45)cc3)cc2)C(C)(C)C)cc1
1567,Cc1ncsc1-c1ccc(C(C)NC(=O)C2CC(O)CN2C(=O)C(NC(=O)COCCOCCOc2ccc(C=NNC(=O)c3ccc(Oc4c(-c5ccc(O)cc5)sc5cc(O)ccc45)cc3)cc2)C(C)(C)C)cc1
1568,Cc1ncsc1-c1ccc(C(C)NC(=O)C2CC(O)CN2C(=O)C(NC(=O)COCCOCCOCCOc2ccc(C=NNC(=O)c3ccc(Oc4c(-c5ccc(O)cc5)sc5cc(O)ccc45)cc3)cc2)C(C)(C)C)cc1
1569,Cc1ncsc1-c1ccc(C(C)NC(=O)C2CC(O)CN2C(=O)C(NC(=O)COCCOCCOCCOCCOc2ccc(C=NNC(=O)c3ccc(Oc4c(-c5ccc(O)cc5)sc5cc(O)ccc45)cc3)cc2)C(C)(C)C)cc1
1570,Cc1ncsc1-c1ccc(C(C)NC(=O)C2CC(O)CN2C(=O)C(NC(=O)COCCOCCOCCOCCOCCOc2ccc(C=NNC(=O)c3ccc(Oc4c(-c5ccc(O)cc5)sc5cc(O)ccc45)cc3)cc2)C(C)(C)C)cc1
1571,Cc1ncsc1-c1ccc(C(C)NC(=O)C2CC(O)CN2C(=O)C(NC(=O)COCCOCCOCCOCCOCCOCCOc2ccc(C=NNC(=O)c3ccc(Oc4c(-c5ccc(O)cc5)sc5cc(O)ccc45)cc3)cc2)C(C)(C)C)cc1
1572,Cc1ncsc1-c1ccc(C(C)NC(=O)C2CC(O)CN2C(=O)C(NC(=O)COc2ccc(C=NNC(=O)c3cccc(C(=O)c4c(-c5ccc(O)cc5)sc5cc(O)ccc45)c3)cc2)C(C)(C)C)cc1
1573,Cc1ncsc1-c1ccc(C(C)NC(=O)C2CC(O)CN2C(=O)C(NC(=O)CCCOc2ccc(C=NNC(=O)c3cccc(C(=O)c4c(-c5ccc(O)cc5)sc5cc(O)ccc45)c3)cc2)C(C)(C)C)cc1
1574,Cc1ncsc1-c1ccc(C(C)NC(=O)C2CC(O)CN2C(=O)C(NC(=O)CCCCOc2ccc(C=NNC(=O)c3cccc(C(=O)c4c(-c5ccc(O)cc5)sc5cc(O)ccc45)c3)cc2)C(C)(C)C)cc1
1575,Cc1ncsc1-c1ccc(C(C)NC(=O)C2CC(O)CN2C(=O)C(NC(=O)CCCCCOc2ccc(C=NNC(=O)c3cccc(C(=O)c4c(-c5ccc(O)cc5)sc5cc(O)ccc45)c3)cc2)C(C)(C)C)cc1
1576,Cc1ncsc1-c1ccc(C(C)NC(=O)C2CC(O)CN2C(=O)C(NC(=O)CCCCCCOc2ccc(C=NNC(=O)c3cccc(C(=O)c4c(-c5ccc(O)cc5)sc5cc(O)ccc45)c3)cc2)C(C)(C)C)cc1
1577,Cc1ncsc1-c1ccc(C(C)NC(=O)C2CC(O)CN2C(=O)C(NC(=O)CCCCCCCOc2ccc(C=NNC(=O)c3cccc(C(=O)c4c(-c5ccc(O)cc5)sc5cc(O)ccc45)c3)cc2)C(C)(C)C)cc1
1578,Cc1ncsc1-c1ccc(C(C)NC(=O)C2CC(O)CN2C(=O)C(NC(=O)COCCOc2ccc(C=NNC(=O)c3cccc(C(=O)c4c(-c5ccc(O)cc5)sc5cc(O)ccc45)c3)cc2)C(C)(C)C)cc1
1579,Cc1ncsc1-c1ccc(C(C)NC(=O)C2CC(O)CN2C(=O)C(NC(=O)COCCOCCOc2ccc(C=NNC(=O)c3cccc(C(=O)c4c(-c5ccc(O)cc5)sc5cc(O)ccc45)c3)cc2)C(C)(C)C)cc1
1580,Cc1ncsc1-c1ccc(C(C)NC(=O)C2CC(O)CN2C(=O)C(NC(=O)COCCOCCOCCOc2ccc(C=NNC(=O)c3cccc(C(=O)c4c(-c5ccc(O)cc5)sc5cc(O)ccc45)c3)cc2)C(C)(C)C)cc1
1581,Cc1ncsc1-c1ccc(C(C)NC(=O)C2CC(O)CN2C(=O)C(NC(=O)COCCOCCOCCOCCOc2ccc(C=NNC(=O)c3cccc(C(=O)c4c(-c5ccc(O)cc5)sc5cc(O)ccc45)c3)cc2)C(C)(C)C)cc1
1582,Cc1ncsc1-c1ccc(C(C)NC(=O)C2CC(O)CN2C(=O)C(NC(=O)COCCOCCOCCOCCOCCOc2ccc(C=NNC(=O)c3cccc(C(=O)c4c(-c5ccc(O)cc5)sc5cc(O)ccc45)c3)cc2)C(C)(C)C)cc1
1583,Cc1ncsc1-c1ccc(C(C)NC(=O)C2CC(O)CN2C(=O)C(NC(=O)COCCOCCOCCOCCOCCOCCOc2ccc(C=NNC(=O)c3cccc(C(=O)c4c(-c5ccc(O)cc5)sc5cc(O)ccc45)c3)cc2)C(C)(C)C)cc1
1584,Cc1ncsc1-c1ccc(C(C)NC(=O)C2CC(O)CN2C(=O)C(NC(=O)COc2ccc(C=NNC(=O)c3cccc(-c4c(-c5ccc(O)cc5)sc5cc(O)ccc45)c3)cc2)C(C)(C)C)cc1
1585,Cc1ncsc1-c1ccc(C(C)NC(=O)C2CC(O)CN2C(=O)C(NC(=O)CCCOc2ccc(C=NNC(=O)c3cccc(-c4c(-c5ccc(O)cc5)sc5cc(O)ccc45)c3)cc2)C(C)(C)C)cc1
1586,Cc1ncsc1-c1ccc(C(C)NC(=O)C2CC(O)CN2C(=O)C(NC(=O)CCCCOc2ccc(C=NNC(=O)c3cccc(-c4c(-c5ccc(O)cc5)sc5cc(O)ccc45)c3)cc2)C(C)(C)C)cc1
1587,Cc1ncsc1-c1ccc(C(C)NC(=O)C2CC(O)CN2C(=O)C(NC(=O)CCCCCOc2ccc(C=NNC(=O)c3cccc(-c4c(-c5ccc(O)cc5)sc5cc(O)ccc45)c3)cc2)C(C)(C)C)cc1
1588,Cc1ncsc1-c1ccc(C(C)NC(=O)C2CC(O)CN2C(=O)C(NC(=O)CCCCCCOc2ccc(C=NNC(=O)c3cccc(-c4c(-c5ccc(O)cc5)sc5cc(O)ccc45)c3)cc2)C(C)(C)C)cc1
1589,Cc1ncsc1-c1ccc(C(C)NC(=O)C2CC(O)CN2C(=O)C(NC(=O)CCCCCCCOc2ccc(C=NNC(=O)c3cccc(-c4c(-c5ccc(O)cc5)sc5cc(O)ccc45)c3)cc2)C(C)(C)C)cc1
1590,Cc1ncsc1-c1ccc(C(C)NC(=O)C2CC(O)CN2C(=O)C(NC(=O)COCCOc2ccc(C=NNC(=O)c3cccc(-c4c(-c5ccc(O)cc5)sc5cc(O)ccc45)c3)cc2)C(C)(C)C)cc1
1591,Cc1ncsc1-c1ccc(C(C)NC(=O)C2CC(O)CN2C(=O)C(NC(=O)COCCOCCOc2ccc(C=NNC(=O)c3cccc(-c4c(-c5ccc(O)cc5)sc5cc(O)ccc45)c3)cc2)C(C)(C)C)cc1
1592,Cc1ncsc1-c1ccc(C(C)NC(=O)C2CC(O)CN2C(=O)C(NC(=O)COCCOCCOCCOc2ccc(C=NNC(=O)c3cccc(-c4c(-c5ccc(O)cc5)sc5cc(O)ccc45)c3)cc2)C(C)(C)C)cc1
1593,Cc1ncsc1-c1ccc(C(C)NC(=O)C2CC(O)CN2C(=O)C(NC(=O)COCCOCCOCCOCCOc2ccc(C=NNC(=O)c3cccc(-c4c(-c5ccc(O)cc5)sc5cc(O)ccc45)c3)cc2)C(C)(C)C)cc1
1594,Cc1ncsc1-c1ccc(C(C)NC(=O)C2CC(O)CN2C(=O)C(NC(=O)COCCOCCOCCOCCOCCOc2ccc(C=NNC(=O)c3cccc(-c4c(-c5ccc(O)cc5)sc5cc(O)ccc45)c3)cc2)C(C)(C)C)cc1
1595,Cc1ncsc1-c1ccc(C(C)NC(=O)C2CC(O)CN2C(=O)C(NC(=O)COCCOCCOCCOCCOCCOCCOc2ccc(C=NNC(=O)c3cccc(-c4c(-c5ccc(O)cc5)sc5cc(O)ccc45)c3)cc2)C(C)(C)C)cc1
1596,Cc1ncsc1-c1ccc(C(C)NC(=O)C2CC(O)CN2C(=O)C(NC(=O)COc2ccc(C=NNC(=O)c3cccc(Oc4c(-c5ccc(O)cc5)sc5cc(O)ccc45)c3)cc2)C(C)(C)C)cc1
1597,Cc1ncsc1-c1ccc(C(C)NC(=O)C2CC(O)CN2C(=O)C(NC(=O)CCCOc2ccc(C=NNC(=O)c3cccc(Oc4c(-c5ccc(O)cc5)sc5cc(O)ccc45)c3)cc2)C(C)(C)C)cc1
1598,Cc1ncsc1-c1ccc(C(C)NC(=O)C2CC(O)CN2C(=O)C(NC(=O)CCCCOc2ccc(C=NNC(=O)c3cccc(Oc4c(-c5ccc(O)cc5)sc5cc(O)ccc45)c3)cc2)C(C)(C)C)cc1
1599,Cc1ncsc1-c1ccc(C(C)NC(=O)C2CC(O)CN2C(=O)C(NC(=O)CCCCCOc2ccc(C=NNC(=O)c3cccc(Oc4c(-c5ccc(O)cc5)sc5cc(O)ccc45)c3)cc2)C(C)(C)C)cc1
1600,Cc1ncsc1-c1ccc(C(C)NC(=O)C2CC(O)CN2C(=O)C(NC(=O)CCCCCCOc2ccc(C=NNC(=O)c3cccc(Oc4c(-c5ccc(O)cc5)sc5cc(O)ccc45)c3)cc2)C(C)(C)C)cc1
1601,Cc1ncsc1-c1ccc(C(C)NC(=O)C2CC(O)CN2C(=O)C(NC(=O)CCCCCCCOc2ccc(C=NNC(=O)c3cccc(Oc4c(-c5ccc(O)cc5)sc5cc(O)ccc45)c3)cc2)C(C)(C)C)cc1
1602,Cc1ncsc1-c1ccc(C(C)NC(=O)C2CC(O)CN2C(=O)C(NC(=O)COCCOc2ccc(C=NNC(=O)c3cccc(Oc4c(-c5ccc(O)cc5)sc5cc(O)ccc45)c3)cc2)C(C)(C)C)cc1
1603,Cc1ncsc1-c1ccc(C(C)NC(=O)C2CC(O)CN2C(=O)C(NC(=O)COCCOCCOc2ccc(C=NNC(=O)c3cccc(Oc4c(-c5ccc(O)cc5)sc5cc(O)ccc45)c3)cc2)C(C)(C)C)cc1
1604,Cc1ncsc1-c1ccc(C(C)NC(=O)C2CC(O)CN2C(=O)C(NC(=O)COCCOCCOCCOc2ccc(C=NNC(=O)c3cccc(Oc4c(-c5ccc(O)cc5)sc5cc(O)ccc45)c3)cc2)C(C)(C)C)cc1
1605,Cc1ncsc1-c1ccc(C(C)NC(=O)C2CC(O)CN2C(=O)C(NC(=O)COCCOCCOCCOCCOc2ccc(C=NNC(=O)c3cccc(Oc4c(-c5ccc(O)cc5)sc5cc(O)ccc45)c3)cc2)C(C)(C)C)cc1
1606,Cc1ncsc1-c1ccc(C(C)NC(=O)C2CC(O)CN2C(=O)C(NC(=O)COCCOCCOCCOCCOCCOc2ccc(C=NNC(=O)c3cccc(Oc4c(-c5ccc(O)cc5)sc5cc(O)ccc45)c3)cc2)C(C)(C)C)cc1
1607,Cc1ncsc1-c1ccc(C(C)NC(=O)C2CC(O)CN2C(=O)C(NC(=O)COCCOCCOCCOCCOCCOCCOc2ccc(C=NNC(=O)c3cccc(Oc4c(-c5ccc(O)cc5)sc5cc(O)ccc45)c3)cc2)C(C)(C)C)cc1
1608,Cc1ncsc1-c1ccc(C(C)NC(=O)C2CC(O)CN2C(=O)C(NC(=O)COc2ccc(C=NNC(=O)c3c(-c4ccc(O)cc4)sc4cc(O)ccc34)cc2)C(C)(C)C)cc1
1609,Cc1ncsc1-c1ccc(C(C)NC(=O)C2CC(O)CN2C(=O)C(NC(=O)CCCOc2ccc(C=NNC(=O)c3c(-c4ccc(O)cc4)sc4cc(O)ccc34)cc2)C(C)(C)C)cc1
1610,Cc1ncsc1-c1ccc(C(C)NC(=O)C2CC(O)CN2C(=O)C(NC(=O)CCCCOc2ccc(C=NNC(=O)c3c(-c4ccc(O)cc4)sc4cc(O)ccc34)cc2)C(C)(C)C)cc1
1611,Cc1ncsc1-c1ccc(C(C)NC(=O)C2CC(O)CN2C(=O)C(NC(=O)CCCCCOc2ccc(C=NNC(=O)c3c(-c4ccc(O)cc4)sc4cc(O)ccc34)cc2)C(C)(C)C)cc1
1612,Cc1ncsc1-c1ccc(C(C)NC(=O)C2CC(O)CN2C(=O)C(NC(=O)CCCCCCOc2ccc(C=NNC(=O)c3c(-c4ccc(O)cc4)sc4cc(O)ccc34)cc2)C(C)(C)C)cc1
1613,Cc1ncsc1-c1ccc(C(C)NC(=O)C2CC(O)CN2C(=O)C(NC(=O)CCCCCCCOc2ccc(C=NNC(=O)c3c(-c4ccc(O)cc4)sc4cc(O)ccc34)cc2)C(C)(C)C)cc1
1614,Cc1ncsc1-c1ccc(C(C)NC(=O)C2CC(O)CN2C(=O)C(NC(=O)COCCOc2ccc(C=NNC(=O)c3c(-c4ccc(O)cc4)sc4cc(O)ccc34)cc2)C(C)(C)C)cc1
1615,Cc1ncsc1-c1ccc(C(C)NC(=O)C2CC(O)CN2C(=O)C(NC(=O)COCCOCCOc2ccc(C=NNC(=O)c3c(-c4ccc(O)cc4)sc4cc(O)ccc34)cc2)C(C)(C)C)cc1
1616,Cc1ncsc1-c1ccc(C(C)NC(=O)C2CC(O)CN2C(=O)C(NC(=O)COCCOCCOCCOc2ccc(C=NNC(=O)c3c(-c4ccc(O)cc4)sc4cc(O)ccc34)cc2)C(C)(C)C)cc1
1617,Cc1ncsc1-c1ccc(C(C)NC(=O)C2CC(O)CN2C(=O)C(NC(=O)COCCOCCOCCOCCOc2ccc(C=NNC(=O)c3c(-c4ccc(O)cc4)sc4cc(O)ccc34)cc2)C(C)(C)C)cc1
1618,Cc1ncsc1-c1ccc(C(C)NC(=O)C2CC(O)CN2C(=O)C(NC(=O)COCCOCCOCCOCCOCCOc2ccc(C=NNC(=O)c3c(-c4ccc(O)cc4)sc4cc(O)ccc34)cc2)C(C)(C)C)cc1
1619,Cc1ncsc1-c1ccc(C(C)NC(=O)C2CC(O)CN2C(=O)C(NC(=O)COCCOCCOCCOCCOCCOCCOc2ccc(C=NNC(=O)c3c(-c4ccc(O)cc4)sc4cc(O)ccc34)cc2)C(C)(C)C)cc1
1620,Cc1ncsc1-c1ccc(C(C)NC(=O)C2CC(O)CN2C(=O)C(NC(=O)CCCOc2ccc(CCNC(=O)c3ccc(C(=O)c4c(-c5ccc(O)cc5)sc5cc(O)ccc45)cc3)cc2)C(C)(C)C)cc1
1621,Cc1ncsc1-c1ccc(C(C)NC(=O)C2CC(O)CN2C(=O)C(NC(=O)CCCCOc2ccc(CCNC(=O)c3ccc(C(=O)c4c(-c5ccc(O)cc5)sc5cc(O)ccc45)cc3)cc2)C(C)(C)C)cc1
1622,Cc1ncsc1-c1ccc(C(C)NC(=O)C2CC(O)CN2C(=O)C(NC(=O)CCCCCOc2ccc(CCNC(=O)c3ccc(C(=O)c4c(-c5ccc(O)cc5)sc5cc(O)ccc45)cc3)cc2)C(C)(C)C)cc1
1623,COc1ccc(Cl)c(S(=O)(=O)Nc2ccc(-c3nc(OCC4CN(CCCCCCOCCCCCCOCC(=O)NC(C(=O)N5CC(O)CC5C(=O)NCc5ccc(-c6scnc6C)cc5)C(C)(C)C)CCO4)c4c(C)n[nH]c4n3)cc2)c1
1624,CC1CC(O)c2ncnc(N3CCN(C(=O)C(CNCCCCCCCCCCc4cccc5c4CN(C4CCC(=O)NC4=O)C5=O)c4ccc(Cl)cc4)CC3)c21
1628,Cc1ncsc1-c1ccc(CNC(=O)C2CC(O)CN2C(=O)C(NC(=O)COCCOc2ccc(-c3cc(Nc4ccc(OC(F)(F)F)cc4)ncn3)cc2)C(C)(C)C)cc1
1629,COC1CC2CCC(C)C(O)(O2)C(=O)C(=O)N2CCCCC2C(=O)OC(C(C)CC2CCC(OCCOCc3cn(CCOCCOCCNc4cccc5c4C(=O)N(C4CCC(=O)NC4=O)C5=O)nn3)C(OC)C2)CC(=O)C(C)C=C(C)C(O)C(OC)C(=O)C(C)CC(C)C=CC=CC=C1C
1630,Nc1ncnc2c1c(-c1ccc(Oc3ccccc3)cc1)nn2C1CCCN(C(=O)CCCc2cn(CCOCCOCCNc3cccc4c3C(=O)N(C3CCC(=O)NC3=O)C4=O)nn2)C1
1633,CNC(C)C(=O)NC(C(=O)N1CCCC1c1nc(C(=O)c2ccc(F)cc2)cs1)C1CCN(C(=O)c2cnc(N3CCN(CCOc4cc5ncnc(Nc6n[nH]c(C)c6C)c5cc4S(=O)(=O)C(C)(C)C)CC3)nc2)CC1
1634,CNC(C)C(=O)NC(C(=O)N1CC(NC(=O)c2cnc(N3CCN(CCCOc4cc5ncnc(Nc6n[nH]c(C)c6C)c5cc4S(=O)(=O)C(C)(C)C)CC3)cn2)CC1C(=O)Nc1c(F)cccc1F)C(C)(C)C
1635,Cc1ncsc1-c1ccc(CNC(=O)C2CC(O)CN2C(=O)C(NC(=O)CCOCCOCCC(=O)NCCCOC(=O)NC(Nc2ncccn2)C(Cl)(Cl)Cl)C(C)(C)C)cc1
1636,Cc1ncsc1-c1ccc(CNC(=O)C2CC(O)CN2C(=O)C(NC(=O)CCOCCOCCOCCC(=O)NCCCOC(=O)NC(Nc2ncccn2)C(Cl)(Cl)Cl)C(C)(C)C)cc1
1637,Cc1ncsc1-c1ccc(CNC(=O)C2CC(O)CN2C(=O)C(NC(=O)CCOCCOCCOCCOCCC(=O)NCCCOC(=O)NC(Nc2ncccn2)C(Cl)(Cl)Cl)C(C)(C)C)cc1
1638,Cc1ncsc1-c1ccc(CNC(=O)C2CC(O)CN2C(=O)C(NC(=O)CCOCCOCCOCCOCCOCCOCCC(=O)NCCCOC(=O)NC(Nc2ncccn2)C(Cl)(Cl)Cl)C(C)(C)C)cc1
1639,Cc1ncsc1-c1ccc(CNC(=O)C2CC(O)CN2C(=O)C(NC(=O)CCOCCOCCOCCOCCOCCOCCOCCC(=O)NCCCOC(=O)NC(Nc2ncccn2)C(Cl)(Cl)Cl)C(C)(C)C)cc1
1640,Cc1ncsc1-c1ccc(CNC(=O)C2CC(O)CN2C(=O)C(NC(=O)CCOCCOCCOCCOCCOCCOCCOCCOCCOCCC(=O)NCCCOC(=O)NC(Nc2ncccn2)C(Cl)(Cl)Cl)C(C)(C)C)cc1
1656,CCC(C)C(N)c1cn(C(Cc2ccc(O)cc2)C(=O)N2CCN(c3nc(NCCOCCOCCOCc4cn(CCOCCOCCOCCNC(=O)CN5CCN(C(=O)N6C(c7ccc(OC)cc7OC(C)C)=NC(c7ccc(Cl)cc7)C6c6ccc(Cl)cc6)CC5=O)nn4)nc(N4CCN(C(=O)C(Cc5ccc(O)cc5)n5cc(C(N)C(C)CC)nn5)CC4)n3)CC2)nn1
1657,Cc1ccc(NC(=O)c2ccc(CN3CCN(C(=O)COCCOCCOCCNC(=O)C(CC(C)C)NC(=O)C(O)C(N)Cc4ccccc4)CC3)cc2)cc1Nc1nccc(-c2cccnc2)n1
1658,CC(C)CC(NC(=O)C(O)C(N)Cc1ccccc1)C(=O)NCCOCCOCCOCCNC(=O)c1cccc(-c2cc(Nc3ccc(OC(F)(F)F)cc3)ncn2)c1
1659,CCN1CCN(Cc2ccc(NC(=O)c3cccc(-c4ccc5nc(NC(=O)COCCOCCOCCNC(=O)C(CC(C)C)NC(=O)C(O)C(N)Cc6ccccc6)sc5n4)c3)cc2C(F)(F)F)CC1
1660,Cc1nc(Nc2ncc(C(=O)Nc3c(C)cccc3Cl)s2)cc(N2CCN(C(=O)COCCOCCOCCNC(=O)C(CC(C)C)NC(=O)C(O)C(N)Cc3ccccc3)CC2)n1
1661,CNC(C)C(=O)NC(C(=O)N1CCCC1C(=O)NC(C(=O)NCCOCCOCCOCC(=O)N1CCN(Cc2ccc(C(=O)Nc3ccc(C)c(Nc4nccc(-c5cccnc5)n4)c3)cc2)CC1)C(c1ccccc1)c1ccccc1)C1CCCCC1
1662,CNC(C)C(=O)NC(C(=O)N1CCCC1C(=O)NC(C(=O)NCCOCCOCCOCCNC(=O)c1cccc(-c2cc(Nc3ccc(OC(F)(F)F)cc3)ncn2)c1)C(c1ccccc1)c1ccccc1)C1CCCCC1
1663,CCN1CCN(Cc2ccc(NC(=O)c3cccc(-c4ccc5nc(NC(=O)COCCOCCOCCNC(=O)C(NC(=O)C6CCCN6C(=O)C(NC(=O)C(C)NC)C6CCCCC6)C(c6ccccc6)c6ccccc6)sc5n4)c3)cc2C(F)(F)F)CC1
1664,CNC(C)C(=O)NC(C(=O)N1CCCC1C(=O)NC(C(=O)NCCOCCOCCOCC(=O)N1CCN(c2cc(Nc3ncc(C(=O)Nc4c(C)cccc4Cl)s3)nc(C)n2)CC1)C(c1ccccc1)c1ccccc1)C1CCCCC1
1665,CNC(C)C(=O)NC(C(=O)N1CCCC1c1nc(C(=O)c2cccc(OCCOCCOCCOCC(=O)N3CCN(Cc4ccc(C(=O)Nc5ccc(C)c(Nc6nccc(-c7cccnc7)n6)c5)cc4)CC3)c2)cs1)C1CCCCC1
1666,CNC(C)C(=O)NC(C(=O)N1CCCC1c1nc(C(=O)c2cccc(OCCOCCOCCOCCNC(=O)c3cccc(-c4cc(Nc5ccc(OC(F)(F)F)cc5)ncn4)c3)c2)cs1)C1CCCCC1
1667,CCN1CCN(Cc2ccc(NC(=O)c3cccc(-c4ccc5nc(NC(=O)COCCOCCOCCOc6cccc(C(=O)c7csc(C8CCCN8C(=O)C(NC(=O)C(C)NC)C8CCCCC8)n7)c6)sc5n4)c3)cc2C(F)(F)F)CC1
1668,CNC(C)C(=O)NC(C(=O)N1CCCC1c1nc(C(=O)c2cccc(OCCOCCOCCOCC(=O)N3CCN(c4cc(Nc5ncc(C(=O)Nc6c(C)cccc6Cl)s5)nc(C)n4)CC3)c2)cs1)C1CCCCC1
1669,CNC(C)C(=O)NC(C(=O)N1CCCC1c1nc(C(=O)c2cccc(OCCOCC(=O)N3CCN(c4cc(Nc5ncc(C(=O)Nc6c(C)cccc6Cl)s5)nc(C)n4)CC3)c2)cs1)C1CCCCC1
1670,CNC(C)C(=O)NC(C(=O)N1CCCC1c1nc(C(=O)c2cccc(OCCOCCOCC(=O)N3CCN(c4cc(Nc5ncc(C(=O)Nc6c(C)cccc6Cl)s5)nc(C)n4)CC3)c2)cs1)C1CCCCC1
1671,CNC(C)C(=O)NC(C(=O)N1CCCC1c1nc(C(=O)c2cccc(OCCOCCOCCOCCOCC(=O)N3CCN(c4cc(Nc5ncc(C(=O)Nc6c(C)cccc6Cl)s5)nc(C)n4)CC3)c2)cs1)C1CCCCC1
1672,CNC(C)C(=O)NC(C(=O)N1CCCC1c1nc(C(=O)c2ccc(OCCOCCOCCNC(=O)c3cccc(-c4cc(Nc5ccc(OC(F)(F)F)cc5)ncn4)c3)cc2)cs1)C1CCCCC1
1673,CNC(C)C(=O)NC(C(=O)N1CCCC1c1nc(C(=O)c2cccc(OCCOCCOCCNC(=O)C3CCN(c4ncc(C(=O)Nc5ccc(OC(F)(F)Cl)cc5)cc4-c4ccn[nH]4)C3)c2)cs1)C1CCCCC1
1674,CCC(=C(c1ccc(O)cc1)c1ccc(OCCN(C)C(=O)CCNC(=O)C(CC(C)C)NC(=O)C(O)C(N)Cc2ccccc2)cc1)c1ccccc1
1675,CCC(=C(c1ccc(O)cc1)c1ccc(OCCN(C)C(=O)CCCCNC(=O)C(CC(C)C)NC(=O)C(O)C(N)Cc2ccccc2)cc1)c1ccccc1
1676,CCC(=C(c1ccc(O)cc1)c1ccc(OCCN(C)C(=O)CCCCCCNC(=O)C(CC(C)C)NC(=O)C(O)C(N)Cc2ccccc2)cc1)c1ccccc1
1677,CCC(=C(c1ccc(O)cc1)c1ccc(OCCN(C)C(=O)COCCOCCOc2cccc(C(=O)c3csc(C4CCCN4C(=O)C(NC(=O)C(C)NC)C4CCCCC4)n3)c2)cc1)c1ccccc1
1678,CCC(=C(c1ccc(O)cc1)c1ccc(OCCN(C)C(=O)COCCOCCOCCOc2cccc(C(=O)c3csc(C4CCCN4C(=O)C(NC(=O)C(C)NC)C4CCCCC4)n3)c2)cc1)c1ccccc1
1679,CCC(=C(c1ccc(O)cc1)c1ccc(OCCN(C)C(=O)COCCOCCOCCOCCOc2cccc(C(=O)c3csc(C4CCCN4C(=O)C(NC(=O)C(C)NC)C4CCCCC4)n3)c2)cc1)c1ccccc1
1680,CNC(C)C(=O)NC(C(=O)N1CCCC1c1nc(C(=O)c2cccc(OCCOCCOCCOCCNC(=O)CC3N=C(c4ccc(Cl)cc4)c4c(sc(C)c4C)-n4c(C)nnc43)c2)cs1)C1CCCCC1
1681,CNC(C)C(=O)NC(C(=O)N1CCCC1c1nc(C(=O)c2cccc(OCCOCCOCCOCCNC(=O)CCCCCCOc3c(OC)ccc4c(Nc5c(Cl)cncc5Cl)cc(=O)oc34)c2)cs1)C1CCCCC1
1682,CCC(=C(c1ccc(O)cc1)c1ccc(OCCN(C)C(=O)COCCOCCOCCNC(=O)C(CC(C)C)NC(=O)C(O)C(N)Cc2ccccc2)cc1)c1ccccc1
1683,CCC(=C(c1ccc(O)cc1)c1ccc(OCCN(C)C(=O)COCCNC(=O)C(NC(=O)C2CCCN2C(=O)C(NC(=O)C(C)NC)C2CCCCC2)C(c2ccccc2)c2ccccc2)cc1)c1ccccc1
1684,CCC(=C(c1ccc(O)cc1)c1ccc(OCCN(C)C(=O)COCCOCCNC(=O)C(NC(=O)C2CCCN2C(=O)C(NC(=O)C(C)NC)C2CCCCC2)C(c2ccccc2)c2ccccc2)cc1)c1ccccc1
1685,CCC(=C(c1ccc(O)cc1)c1ccc(OCCN(C)C(=O)COCCOCCOCCNC(=O)C(NC(=O)C2CCCN2C(=O)C(NC(=O)C(C)NC)C2CCCCC2)C(c2ccccc2)c2ccccc2)cc1)c1ccccc1
1686,CCC(=C(c1ccc(O)cc1)c1ccc(OCCN(C)C(=O)COCCOCCOCCOCCNC(=O)C(NC(=O)C2CCCN2C(=O)C(NC(=O)C(C)NC)C2CCCCC2)C(c2ccccc2)c2ccccc2)cc1)c1ccccc1
1687,CNC(C)C(=O)NC(C(=O)N1CCCC1C(=O)NC(C(=O)NCCOCCOCCOCC(=O)N(C)CCOc1ccc(C(=O)c2c(-c3ccc(O)cc3)sc3cc(O)ccc23)cc1)C(c1ccccc1)c1ccccc1)C1CCCCC1
1688,CNC(C)C(=O)NC(C(=O)N1CCCC1C(=O)NC(C(=O)NCCOCCOCCOCCOCCCCC1Cc2cc(O)ccc2C2CCC3(C)C(O)CCC3C12)C(c1ccccc1)c1ccccc1)C1CCCCC1
1689,CNC(C)C(=O)NC(C(=O)N1CCCC1C(=O)NC(C(=O)NCCOCCOCCOCC(=O)N(C)CCOc1ccc(C2c3ccc(O)cc3CCC2c2ccccc2)cc1)C(c1ccccc1)c1ccccc1)C1CCCCC1
1690,CNC(C)C(=O)NC(C(=O)N1CCCC1c1nc(C(=O)c2cccc(OCCOCCOCCOCCOCCNC(=O)CC3N=C(c4ccc(Cl)cc4)c4c(sc(C)c4C)-n4c(C)nnc43)c2)cs1)C1CCCCC1
1691,CCC(=C(c1ccc(O)cc1)c1ccc(OCCN(C)C(=O)COCCOCCOCCNC(=O)c2cc(-c3cncc(C4CCCN4C(=O)C(NC(=O)C(C)NC)C4CCCCC4)c3)ccc2F)cc1)c1ccccc1
1692,CCC(=C(c1ccc(O)cc1)c1ccc(OCCN(C)C(=O)COCCOCCOCCNC(=O)c2cccc3c2ccn3-c2cncc(C3CCCN3C(=O)C(NC(=O)C(C)NC)C(C)C)c2)cc1)c1ccccc1
1693,CCC(=C(c1ccc(O)cc1)c1ccc(OCCN(C)C(=O)COCCOCCOCCOc2cccc(OC3CC(C(=O)NC4CCCc5ccccc54)N(C(=O)C(NC(=O)C(C)NC)C4CCCCC4)C3)c2)cc1)c1ccccc1
1694,CCC(=C(c1ccc(O)cc1)c1ccc(OCCN(C)C(=O)COCCOCCOCCOc2ccc(OC3CC(C(=O)NC4CCCc5ccccc54)N(C(=O)C(NC(=O)C(C)NC)C4CCCCC4)C3)cc2)cc1)c1ccccc1
1695,CCC(=C(c1ccc(O)cc1)c1ccc(OCCN(C)C(=O)COCCOCCOCCOc2cccc(CCN3CC4CCC3C(NC(=O)C(NC(=O)C(C)NC)C3CCCCC3)C4)c2)cc1)c1ccccc1
1696,CCC(=C(c1ccc(O)cc1)c1ccc(OCCN(C)C(=O)COCCOCCOCCOc2ccccc2OC2CC(C(=O)NC3CCCc4ccccc43)N(C(=O)C(NC(=O)C(C)NC)C3CCCCC3)C2)cc1)c1ccccc1
1697,CCC(=C(c1ccc(O)cc1)c1ccc(OCCN(C)C(=O)COCCOCCOCCOc2ccc(CCN3CC4CCC3C(NC(=O)C(NC(=O)C(C)NC)C3CCCCC3)C4)cc2)cc1)c1ccccc1
1698,CCC(=C(c1ccc(O)cc1)c1ccc(OCCN(C)C(=O)COCCOCCOCCOc2cccc(C(=O)c3cncc(C4CCCN4C(=O)C(NC(=O)C(C)NC)C4CCCCC4)c3)c2)cc1)c1ccccc1
1699,CCC(=C(c1ccc(O)cc1)c1ccc(OCCN(C)C(=O)COCCOCCOCCOCC(=O)N2CCC(C(NC(=O)C(C)NC)C(=O)N3CCCC3c3nc4c(-c5ccccc5)nccc4s3)CC2)cc1)c1ccccc1
1700,CCC(=C(c1ccc(O)cc1)c1ccc(OCCN(C)C(=O)COCCOCCOCCOCC(=O)NCCCCC(NC(=O)C(C)NC)C(=O)N2CCCC2C(=O)Nc2snnc2-c2ccccc2)cc1)c1ccccc1
1702,CCC(=C(c1ccc(O)cc1)c1ccc(OCCN(C)C(=O)COCCOCCOCCOc2ccc(OC3CC(c4nc(-c5ccc(F)c6ccccc56)cs4)N(C(=O)C(NC(=O)C(C)NC)C4CCCCC4)C3)cc2)cc1)c1ccccc1
1703,Cc1c(C#N)c(-c2ccc(C#N)cc2)c(C)n1Cc1ccc(C(=O)NCCOCCOCCOCCNC(=O)C(CC(C)C)NC(=O)C(O)C(N)Cc2ccccc2)cc1
1704,CC(C)CC(NC(=O)C(O)C(N)Cc1ccccc1)C(=O)NCCOCCOCCOCCNC(=O)c1ccc(S(=O)(=O)CC(C)(O)C(=O)Nc2ccc(C#N)c(C(F)(F)F)c2)cc1
1705,Cc1nn(-c2ccc(C#N)c(C(F)(F)F)c2)c(C)c1Cc1ccc(C(=O)NCCOCCOCCOCCNC(=O)C(CC(C)C)NC(=O)C(O)C(N)Cc2ccccc2)cc1
1706,Cc1nn(-c2ccc(C#N)c(Cl)c2)c(C)c1CCc1ccc(C(=O)NCCOCCOCCOCCNC(=O)C(CC(C)C)NC(=O)C(O)C(N)Cc2ccccc2)cc1
1707,Cc1nn(-c2ccc(C#N)cc2Cl)c(C)c1Cc1ccc(C(=O)NCCOCCOCCOCCNC(=O)C(CC(C)C)NC(=O)C(O)C(N)Cc2ccccc2)cc1
1708,CNC(C)C(=O)NC(C(=O)N1CCCC1C(=O)NC(C(=O)NCCOCCOCCOCCNC(=O)c1ccc(Cn2c(C)c(C#N)c(-c3ccc(C#N)cc3)c2C)cc1)C(c1ccccc1)c1ccccc1)C1CCCCC1
1709,CNC(C)C(=O)NC(C(=O)N1CCCC1c1nc(C(=O)c2cccc(OCCOCCOCCNC(=O)c3ccc(Cn4c(C)c(C#N)c(-c5ccc(C#N)cc5)c4C)cc3)c2)cs1)C1CCCCC1
1710,CNC(C)C(=O)NC(C(=O)N1CCCC1c1nc(C(=O)c2cccc(OCCOCCOCCOCC#Cc3ccc(Cn4c(C)c(C#N)c(-c5ccc(C#N)cc5)c4C)cc3)c2)cs1)C1CCCCC1
1711,CNC(C)C(=O)NC(C(=O)N1CCCC1c1nc(C(=O)c2cccc(OCCOCCOCCOCCCc3ccc(Cn4c(C)c(C#N)c(-c5ccc(C#N)cc5)c4C)cc3)c2)cs1)C1CCCCC1
1712,CNC(C)C(=O)NC(C(=O)N1CCCC1c1nc(C(=O)c2cccc(OCCOCCOCCOCCOc3ccc(Cn4c(C)c(C#N)c(-c5ccc(C#N)cc5)c4C)cc3)c2)cs1)C1CCCCC1
1713,CNC(C)C(=O)NC(C(=O)N1CCCC1c1nc(C(=O)c2cccc(OCCOCCOCCOCCOc3cccc(Cn4c(C)c(C#N)c(-c5ccc(C#N)cc5)c4C)c3)c2)cs1)C1CCCCC1
1714,CNC(C)C(=O)NC(C(=O)N1CCCC1c1nc(C(=O)c2cccc(OCCOCCOCCOc3ccc(Cn4c(C)c(C#N)c(-c5ccc(C#N)cc5)c4C)cc3)c2)cs1)C1CCCCC1
1715,CNC(C)C(=O)NC(C(=O)N1CCCC1c1nc(C(=O)c2cccc(OCCOCCOCCOCCOCCOc3ccc(Cn4c(C)c(C#N)c(-c5ccc(C#N)cc5)c4C)cc3)c2)cs1)C1CCCCC1
1716,CNC(C)C(=O)NC(C(=O)N1CCCC1c1nc(C(=O)c2cccc(OCCOCCOCCOCCOc3ccccc3Cn3c(C)c(C#N)c(-c4ccc(C#N)cc4)c3C)c2)cs1)C1CCCCC1
1717,CNC(C)C(=O)NC(C(=O)N1CCCC1c1nc(C(=O)c2cccc(OCCOc3ccc(OCCOc4ccc(Cn5c(C)c(C#N)c(-c6ccc(C#N)cc6)c5C)cc4)cc3)c2)cs1)C1CCCCC1
1718,CNC(C)C(=O)NC(C(=O)N1CCCC1c1nc(C(=O)c2cccc(OCCOc3cccc(OCCOc4ccc(Cn5c(C)c(C#N)c(-c6ccc(C#N)cc6)c5C)cc4)c3)c2)cs1)C1CCCCC1
1719,CNC(C)C(=O)NC(C(=O)N1CCCC1c1nc(C(=O)c2cccc(OCCOc3ccccc3OCCOc3ccc(Cn4c(C)c(C#N)c(-c5ccc(C#N)cc5)c4C)cc3)c2)cs1)C1CCCCC1
1740,CCCS(=O)(=O)Nc1ccc(F)c(C(=O)c2c[nH]c3ncc(-c4ccc(CNC(=O)CCCC(=O)NC(C(=O)N5CC(O)CC5C(=O)NCc5ccc(-c6scnc6C)cc5)C(C)(C)C)cc4)cc23)c1F
1741,CCCS(=O)(=O)Nc1ccc(F)c(C(=O)c2c[nH]c3ncc(-c4ccc(CNC(=O)CCCCC(=O)NC(C(=O)N5CC(O)CC5C(=O)NCc5ccc(-c6scnc6C)cc5)C(C)(C)C)cc4)cc23)c1F
1742,CCCS(=O)(=O)Nc1ccc(F)c(C(=O)c2c[nH]c3ncc(-c4ccc(CNC(=O)CCOCCC(=O)NC(C(=O)N5CC(O)CC5C(=O)NCc5ccc(-c6scnc6C)cc5)C(C)(C)C)cc4)cc23)c1F
1743,CCCS(=O)(=O)Nc1ccc(F)c(-n2cc(-c3cncnc3)c3nc(N(C)C4CCN(C(=O)CCOCCC(=O)NC(C(=O)N5CC(O)CC5C(=O)NCc5ccc(-c6scnc6C)cc5)C(C)(C)C)CC4)ccc32)c1F
1744,CCCS(=O)(=O)Nc1ccc(F)c(-n2cc(-c3cncnc3)c3nc(N(C)C4CCN(C(=O)CCOCCOCCC(=O)NC(C(=O)N5CC(O)CC5C(=O)NCc5ccc(-c6scnc6C)cc5)C(C)(C)C)CC4)ccc32)c1F
1745,CCCS(=O)(=O)Nc1ccc(F)c(-n2cc(-c3cncnc3)c3nc(N(C)C4CCN(C(=O)CCOCCOCCOCCC(=O)NC(C(=O)N5CC(O)CC5C(=O)NCc5ccc(-c6scnc6C)cc5)C(C)(C)C)CC4)ccc32)c1F
1746,CCCS(=O)(=O)Nc1ccc(F)c(-n2cc(-c3cncnc3)c3nc(N(C)C4CCN(C(=O)CCOCCOCCOCCOCCC(=O)NC(C(=O)N5CC(O)CC5C(=O)NCc5ccc(-c6scnc6C)cc5)C(C)(C)C)CC4)ccc32)c1F
1747,CCCS(=O)(=O)Nc1ccc(F)c(-n2cc(-c3cncnc3)c3nc(N(C)C4CCN(C(=O)CCOCCOCCOCCOCCOCCC(=O)NC(C(=O)N5CC(O)CC5C(=O)NCc5ccc(-c6scnc6C)cc5)C(C)(C)C)CC4)ccc32)c1F
1748,CC(C)c1c(C(=O)Nc2ccccc2)c(-c2cccc(OCCCCc3cn(CCOCCOCCOCCOCCOCCNc4cccc5c4C(=O)N(C4CCC(=O)NC4=O)C5=O)nn3)c2)c(-c2ccc(F)cc2)n1CCC(O)CC(O)CC(=O)O
1749,Cc1ncsc1-c1ccc(CNC(=O)C2CC(O)CN2C(=O)C(NC(=O)CCCCCCNCCCONC(=O)c2ccc(F)c(F)c2Nc2ccc(I)cc2F)C(C)(C)C)cc1
1750,Cc1ncsc1-c1ccc(CNC(=O)C2CC(O)CN2C(=O)C(NC(=O)CCCCCCCCCCNCCCONC(=O)c2ccc(F)c(F)c2Nc2ccc(I)cc2F)C(C)(C)C)cc1
1751,Cc1ncsc1-c1ccc(CNC(=O)C2CC(O)CN2C(=O)C(NC(=O)COCCOCCOCCNCCCONC(=O)c2ccc(F)c(F)c2Nc2ccc(I)cc2F)C(C)(C)C)cc1
1754,Cc1ncsc1-c1ccc(C(C)NC(=O)C2CC(O)CN2C(=O)C(NC(=O)CCCCCCCCCCNCCCONC(=O)c2ccc(F)c(F)c2Nc2ccc(I)cc2F)C(C)(C)C)cc1
1777,COc1cc(-c2cn(C)c(=O)c3cc(C(=N)NC4CCS(=O)(=O)CC4)sc23)ccc1OCC(=O)NCCOCCOCCOCC(=O)NC(C(=O)N1CC(O)CC1C(=O)NCc1ccc(-c2scnc2C)cc1)C(C)(C)C
1778,COc1cc(-c2cn(C)c(=O)c3cc(C(=N)NC4CCS(=O)(=O)CC4)sc23)ccc1OCC(=O)NCCOCCOCC(=O)NC(C(=O)N1CC(O)CC1C(=O)NCc1ccc(-c2scnc2C)cc1)C(C)(C)C
1812,CNC(C)C(=O)NC1CCOC2CC(C)(C)C(C(=O)NC3CCCc4cc(OCCOCCOCCOCCOCC(=O)N5CCN(CCC(CSc6ccccc6)Nc6ccc(S(=O)(=O)NC(=O)c7ccc(N8CCN(CC9=C(c%10ccc(Cl)cc%10)CCC(C)(C)C9)CC8)cc7)cc6S(=O)(=O)C(F)(F)F)CC5)ccc43)N2C1=O
1830,Cc1ncsc1-c1ccc(CNC(=O)C2CC(O)CN2C(=O)C(NC(=O)CCOCCOCCOCCn2cc(CCCCN(C)Cc3ccc(-c4[nH]c5cc(F)cc6c5c4CCNC6=O)cc3)nn2)C(C)(C)C)cc1
1831,Cc1ncsc1-c1ccc(CNC(=O)C2CC(O)CN2C(=O)C(NC(=O)CCOCCOCCOCCOCCn2cc(CCCCN(C)Cc3ccc(-c4[nH]c5cc(F)cc6c5c4CCNC6=O)cc3)nn2)C(C)(C)C)cc1
1832,CC1(c2nc3c(C(N)=O)cccc3[nH]2)CCCN1CCOCCOCCOCCOCCNc1cccc2c1C(=O)N(C1CCC(=O)NC1=O)C2=O
1833,CC1(c2nc3c(C(N)=O)cccc3[nH]2)CCCN1CCOCCOCCOCCOCCOCCNc1cccc2c1C(=O)N(C1CCC(=O)NC1=O)C2=O
1834,CC1(c2nc3c(C(N)=O)cccc3[nH]2)CCCN1CCOCCOCCOCCOCCOCCOCCNc1cccc2c1C(=O)N(C1CCC(=O)NC1=O)C2=O
1835,CC1(c2nc3c(C(N)=O)cccc3[nH]2)CCCN1CCOCCOCCOCCOCCOCCOCCOCCNc1cccc2c1C(=O)N(C1CCC(=O)NC1=O)C2=O
1836,NC(=O)c1cccc2cn(-c3ccc(C4CCCN(CCOCCOCCOCCOCCNc5cccc6c5C(=O)N(C5CCC(=O)NC5=O)C6=O)C4)cc3)nc12
1837,NC(=O)c1cccc2cn(-c3ccc(C4CCCN(CCOCCOCCOCCOCCOCCNc5cccc6c5C(=O)N(C5CCC(=O)NC5=O)C6=O)C4)cc3)nc12
1838,NC(=O)c1cccc2cn(-c3ccc(C4CCCN(CCOCCOCCOCCOCCOCCOCCNc5cccc6c5C(=O)N(C5CCC(=O)NC5=O)C6=O)C4)cc3)nc12
1839,NC(=O)c1cccc2cn(-c3ccc(C4CCCN(CCOCCOCCOCCOCCOCCOCCOCCNc5cccc6c5C(=O)N(C5CCC(=O)NC5=O)C6=O)C4)cc3)nc12
1844,CCCOc1cccc(Oc2cc3c(cc2NS(=O)(=O)c2cccc(C(=O)NCCOCCOCCOCC(=O)NC(C(=O)N4CC(O)CC4C(=O)NCc4ccc(-c5scnc5C)cc4)C(C)(C)C)c2)n(C)c(=O)n3C)c1
1845,CCCOc1cc(OCCCCN(C)C)cc(Oc2cc3c(cc2NS(=O)(=O)c2cccc(C(=O)NCCOCCOCCOCC(=O)NC(C(=O)N4CC(O)CC4C(=O)NCc4ccc(-c5scnc5C)cc4)C(C)(C)C)c2)n(C)c(=O)n3C)c1
1846,CCC(C(=O)N1CCCCC1C(=O)OC(CCc1ccc(OC)c(OC)c1)c1ccccc1OCC(=O)NCCCOCCOCCOCCCNC(=O)COc1cccc2c1C(=O)N(C1CCC(=O)NC1=O)C2=O)c1cc(OC)c(OC)c(OC)c1
1847,CCC(C(=O)N1CCCCC1C(=O)OC(CCc1ccc(OC)c(OC)c1)c1ccccc1OCC(=O)NCCCCCCOc1cccc2c1C(=O)N(C1CCC(=O)NC1=O)C2=O)c1cc(OC)c(OC)c(OC)c1
1848,CCC(C(=O)N1CCCCC1C(=O)OC(CCc1ccc(OC)c(OC)c1)c1cccc(OCC(=O)NCCCOCCOCCOCCCNC(=O)COc2cccc3c2C(=O)N(C2CCC(=O)NC2=O)C3=O)c1)c1cc(OC)c(OC)c(OC)c1
1849,CCC(C(=O)N1CCCCC1C(=O)OC(CCc1ccc(OC)c(OC)c1)c1cccc(OCC(=O)NCCCCCCCCNc2cccc3c2C(=O)N(C2CCC(=O)NC2=O)C3=O)c1)c1cc(OC)c(OC)c(OC)c1
1850,O=C(CCCCCCC(=O)NN=Cc1ccc(OCC#Cc2cccc3c2CN(C2CCC(=O)NC2=O)C3=O)cc1)NO
1851,O=C(CCCCCCC(=O)NN=Cc1ccc(OCCCC#Cc2cccc3c2CN(C2CCC(=O)NC2=O)C3=O)cc1)NO
1852,O=C(CCCCCCC(=O)NN=Cc1ccc(-c2cccc3c2CN(C2CCC(=O)NC2=O)C3=O)cc1)NO
1859,CCC(C)C(C(CC(=O)N1CCCC1C(OC)C(C)C(=O)NC(C)C(O)c1ccccc1)OC)N(C)C(=O)C(NC(=O)C(C(C)C)N(C)CCOCCOCCOCCOCCNc1cccc2c1C(=O)N(C1CCC(=O)NC1=O)C2=O)C(C)C
1860,CCC(C)C(C(CC(=O)N1CCCC1C(OC)C(C)C(=O)NC(C)C(O)c1ccccc1)OC)N(C)C(=O)C(NC(=O)C(C(C)C)N(C)CCCCCCCCCCCCNc1cccc2c1C(=O)N(C1CCC(=O)NC1=O)C2=O)C(C)C
1861,CCC(C)C(C(CC(=O)N1CCCC1C(OC)C(C)C(=O)NC(C)C(O)c1ccccc1)OC)N(C)C(=O)C(NC(=O)C(C(C)C)N(C)C(=O)CCCCCCCCCCCNc1cccc2c1C(=O)N(C1CCC(=O)NC1=O)C2=O)C(C)C
1862,CCC(C)C(C(CC(=O)N1CCCC1C(OC)C(C)C(=O)NC(C)C(O)c1ccccc1)OC)N(C)C(=O)C(NC(=O)C(C(C)C)N(C)CCOCCOCCNc1cccc2c1C(=O)N(C1CCC(=O)NC1=O)C2=O)C(C)C
1863,CCC(C)C(C(CC(=O)N1CCCC1C(OC)C(C)C(=O)NC(C)C(O)c1ccccc1)OC)N(C)C(=O)C(NC(=O)C(C(C)C)N(C)CCOCCOCCOCCNc1cccc2c1C(=O)N(C1CCC(=O)NC1=O)C2=O)C(C)C
1864,CCC(C)C(C(CC(=O)N1CCCC1C(OC)C(C)C(=O)NC(C)C(O)c1ccccc1)OC)N(C)C(=O)C(NC(=O)C(C(C)C)N(C)CCOCCOCCOCCOCCOCCNc1cccc2c1C(=O)N(C1CCC(=O)NC1=O)C2=O)C(C)C
1865,CCC(C)C(C(CC(=O)N1CCCC1C(OC)C(C)C(=O)NC(C)C(O)c1ccccc1)OC)N(C)C(=O)C(NC(=O)C(C(C)C)N(C)CCCOCCOCCOCCOCCOCCOCCOCCOCCNc1cccc2c1C(=O)N(C1CCC(=O)NC1=O)C2=O)C(C)C
1866,CCC(C)C(C(CC(=O)N1CCCC1C(OC)C(C)C(=O)NC(C)C(O)c1ccccc1)OC)N(C)C(=O)C(NC(=O)C(C(C)C)N(C)C(=O)CCCCCCCCCNc1cccc2c1C(=O)N(C1CCC(=O)NC1=O)C2=O)C(C)C
1867,COc1ccc(C=Cc2cc(OC)c(OC)c(OC)c2)cc1OCCOCCOCCNc1cccc2c1C(=O)N(C1CCC(=O)NC1=O)C2=O
1868,COc1ccc(C=Cc2cc(OC)c(OC)c(OC)c2)cc1OCCOCCOCCOCCNc1cccc2c1C(=O)N(C1CCC(=O)NC1=O)C2=O
1869,COc1ccc(C=Cc2cc(OC)c(OC)c(OC)c2)cc1OCCOCCOCCOCCOCCNc1cccc2c1C(=O)N(C1CCC(=O)NC1=O)C2=O
1870,COc1ccc(C=Cc2cc(OC)c(OC)c(OC)c2)cc1OCCOCCOCCOCCOCCOCCNc1cccc2c1C(=O)N(C1CCC(=O)NC1=O)C2=O
1871,COc1ccc(C=Cc2cc(OC)c(OC)c(OC)c2)cc1NCCOCCOCCOCCOCCNc1cccc2c1C(=O)N(C1CCC(=O)NC1=O)C2=O
1873,O=C1CCC(N2C(=O)c3cccc(NCCOCCOCCOCCC(=O)NC(Cc4ccccc4)C(=O)N4CC(=Cc5ccc(Cl)c(Cl)c5)C(=O)C(=Cc5ccc(Cl)c(Cl)c5)C4)c3C2=O)C(=O)N1
1877,CCCC(NC(=O)C1C2CCCC2CN1C(=O)C(NC(=O)C(NC(=O)c1cnc(C(=O)NCCCCCCNc2cccc3c2CN(C2CCC(=O)NC2=O)C3=O)cn1)C1CCCCC1)C(C)(C)C)C(=O)C(=O)NC1CC1
1878,CCCC(NC(=O)C1C2CCCC2CN1C(=O)C(NC(=O)C(NC(=O)c1cnc(C(=O)NCCOCCOCCNc2cccc3c2C(=O)N(C2CCC(=O)NC2=O)C3=O)cn1)C1CCCCC1)C(C)(C)C)C(=O)C(=O)NC1CC1
1879,CCCC(NC(=O)C1C2CCCC2CN1C(=O)C(NC(=O)C(NC(=O)c1cnc(C(=O)NCCOCCOCCOc2cc3c4c(cccc4c2)C(=O)N(C2CCC(=O)NC2=O)C3=O)cn1)C1CCCCC1)C(C)(C)C)C(=O)C(=O)NC1CC1
1889,C=CC(=O)NC(CCC(=O)OCCOCCOCC(=O)Nc1cccc2c1C(=O)N(C1CCC(=O)NC1=O)C2=O)C(=O)Nc1cccc(Nc2ncc(NC(=O)c3cc(NC(=O)c4cccc(C(F)(F)F)c4)ccc3C)cn2)c1
1890,C=CC(=O)NC(CCC(=O)OCCOCCOCCOCCOCC(=O)Nc1cccc2c1C(=O)N(C1CCC(=O)NC1=O)C2=O)C(=O)Nc1cccc(Nc2ncc(NC(=O)c3cc(NC(=O)c4cccc(C(F)(F)F)c4)ccc3C)cn2)c1
1891,C=CC(=O)NC(CCC(=O)NCCCCNc1cccc2c1C(=O)N(C1CCC(=O)NC1=O)C2=O)C(=O)Nc1cccc(Nc2ncc(NC(=O)c3cc(NC(=O)c4cccc(C(F)(F)F)c4)ccc3C)cn2)c1
1892,C=CC(=O)NC(CCC(=O)NCCCCCCCCNc1cccc2c1C(=O)N(C1CCC(=O)NC1=O)C2=O)C(=O)Nc1cccc(Nc2ncc(NC(=O)c3cc(NC(=O)c4cccc(C(F)(F)F)c4)ccc3C)cn2)c1
1893,C=CC(=O)NC(CCC(=O)NCCCCCCCC(=O)NC(C(=O)N1CC(O)CC1C(=O)NCc1ccc(-c2scnc2C)cc1)C(C)(C)C)C(=O)Nc1cccc(Nc2ncc(NC(=O)c3cc(NC(=O)c4cccc(C(F)(F)F)c4)ccc3C)cn2)c1
1895,CCC(=O)NC(CCC(=O)NCCCCCCCCNc1cccc2c1C(=O)N(C1CCC(=O)NC1=O)C2=O)C(=O)Nc1cccc(Nc2ncc(NC(=O)c3cc(NC(=O)c4cccc(C(F)(F)F)c4)ccc3C)cn2)c1
1896,CN(CCCCCCOCCOCCNc1cccc2c1C(=O)N(C1CCC(=O)NC1=O)C2=O)C1CCC2(C)C(CCC3C2CCC2(C)C(c4ccc5ccncc5c4)CCC32)C1
1897,CN(C(=O)CCOCCOCCOCCOCCNc1cccc2c1C(=O)N(C1CCC(=O)NC1=O)C2=O)C1CCC2(C)C(CCC3C2CCC2(C)C(c4ccc5ccncc5c4)CCC32)C1
1898,CN(C(=O)CCOCCOCCNc1cccc2c1C(=O)N(C1CCC(=O)NC1=O)C2=O)C1CCC2(C)C(CCC3C2CCC2(C)C(c4ccc5ccncc5c4)CCC32)C1
1904,N#CC(=CCOCCOCCOCCOCCOc1cccc2c1C(=O)N(C1CCC(=O)NC1=O)C2=O)C(=O)N1CCCC(n2nc(-c3ccc(Oc4ccccc4)cc3)c3c(N)ncnc32)C1
1905,N#CC(=CCOCCOCCOCCOc1cccc2c1C(=O)N(C1CCC(=O)NC1=O)C2=O)C(=O)N1CCCC(n2nc(-c3ccc(Oc4ccccc4)cc3)c3c(N)ncnc32)C1
1906,Cc1ncsc1-c1ccc(CNC(=O)C2CC(O)CN2C(=O)C(NC(=O)OCCOCCOCCOCCOCCOCCn2cc(CCC=C(C#N)C(=O)N3CCCC(n4nc(-c5ccc(Oc6ccccc6)cc5)c5c(N)ncnc54)C3)nn2)C(C)(C)C)cc1
1907,Cc1ncsc1-c1ccc(CNC(=O)C2CC(O)CN2C(=O)C(NC(=O)OCCOCCOCCOCCn2cc(CCC=C(C#N)C(=O)N3CCCC(n4nc(-c5ccc(Oc6ccccc6)cc5)c5c(N)ncnc54)C3)nn2)C(C)(C)C)cc1
1908,Cc1ncsc1-c1ccc(CNC(=O)C2CC(O)CN2C(=O)C(NC(=O)OCCOCCOCCn2cc(CCC=C(C#N)C(=O)N3CCCC(n4nc(-c5ccc(Oc6ccccc6)cc5)c5c(N)ncnc54)C3)nn2)C(C)(C)C)cc1
1909,Cc1ncsc1-c1ccc(CNC(=O)C2CC(O)CN2C(=O)C(NC(=O)OCCOCCn2cc(CCC=C(C#N)C(=O)N3CCCC(n4nc(-c5ccc(Oc6ccccc6)cc5)c5c(N)ncnc54)C3)nn2)C(C)(C)C)cc1
1910,N#CC(=CCCc1cn(CCOCCOCCOCCOC(=O)NCCOc2cccc3c2C(=O)N(C2CCC(=O)NC2=O)C3=O)nn1)C(=O)N1CCCC(n2nc(-c3ccc(Oc4ccccc4)cc3)c3c(N)ncnc32)C1
1911,N#CC(=CCCc1cn(CCOCCOCCOC(=O)NCCOc2cccc3c2C(=O)N(C2CCC(=O)NC2=O)C3=O)nn1)C(=O)N1CCCC(n2nc(-c3ccc(Oc4ccccc4)cc3)c3c(N)ncnc32)C1
1912,N#CC(=CCCc1cn(CCOCCOC(=O)NCCOc2cccc3c2C(=O)N(C2CCC(=O)NC2=O)C3=O)nn1)C(=O)N1CCCC(n2nc(-c3ccc(Oc4ccccc4)cc3)c3c(N)ncnc32)C1
1913,N#CC(=CCCc1cn(CCOCCOCCOCCOCCOCCOC(=O)NCCOc2cccc3c2C(=O)N(C2CCC(=O)NC2=O)C3=O)nn1)C(=O)N1CCCC(n2nc(-c3ccc(Oc4ccccc4)cc3)c3c(N)ncnc32)C1
1914,Cc1[nH]c(C=C2C(=O)Nc3ccc(S(=O)(=O)Cc4c(Cl)cccc4Cl)cc32)c(C)c1C(=O)NCCCCNc1cccc2c1C(=O)N(C1CCC(=O)NC1=O)C2=O
1915,Cc1[nH]c(C=C2C(=O)Nc3ccc(S(=O)(=O)Cc4c(Cl)cccc4Cl)cc32)c(C)c1C(=O)NCCCCCNc1cccc2c1C(=O)N(C1CCC(=O)NC1=O)C2=O
1916,Cc1[nH]c(C=C2C(=O)Nc3ccc(S(=O)(=O)Cc4c(Cl)cccc4Cl)cc32)c(C)c1C(=O)NCCCCCCNc1cccc2c1C(=O)N(C1CCC(=O)NC1=O)C2=O
1917,Cc1[nH]c(C=C2C(=O)Nc3ccc(S(=O)(=O)Cc4c(Cl)cccc4Cl)cc32)c(C)c1C(=O)NCCOCCNc1cccc2c1C(=O)N(C1CCC(=O)NC1=O)C2=O
1918,Cc1[nH]c(C=C2C(=O)Nc3ccc(S(=O)(=O)Cc4c(Cl)cccc4Cl)cc32)c(C)c1C(=O)NCCOCCOCCNc1cccc2c1C(=O)N(C1CCC(=O)NC1=O)C2=O
1919,Cc1[nH]c(C=C2C(=O)Nc3ccc(S(=O)(=O)Cc4c(Cl)cccc4Cl)cc32)c(C)c1C(=O)NCCCCNc1ccc2c(c1)C(=O)N(C1CCC(=O)NC1=O)C2=O
1920,Cc1[nH]c(C=C2C(=O)Nc3ccc(S(=O)(=O)Cc4c(Cl)cccc4Cl)cc32)c(C)c1C(=O)NCCCCCNc1ccc2c(c1)C(=O)N(C1CCC(=O)NC1=O)C2=O
1921,Cc1[nH]c(C=C2C(=O)Nc3ccc(S(=O)(=O)Cc4c(Cl)cccc4Cl)cc32)c(C)c1C(=O)NCCCCCCNc1ccc2c(c1)C(=O)N(C1CCC(=O)NC1=O)C2=O
1922,Cc1[nH]c(C=C2C(=O)Nc3ccc(S(=O)(=O)Cc4c(Cl)cccc4Cl)cc32)c(C)c1C(=O)NCCCCCCCCNc1ccc2c(c1)C(=O)N(C1CCC(=O)NC1=O)C2=O
1923,Cc1[nH]c(C=C2C(=O)Nc3ccc(S(=O)(=O)Cc4c(Cl)cccc4Cl)cc32)c(C)c1C(=O)NCCOCCNc1ccc2c(c1)C(=O)N(C1CCC(=O)NC1=O)C2=O
1924,Cc1[nH]c(C=C2C(=O)Nc3ccc(S(=O)(=O)Cc4c(Cl)cccc4Cl)cc32)c(C)c1C(=O)NCCOCCOCCNc1ccc2c(c1)C(=O)N(C1CCC(=O)NC1=O)C2=O
1925,Cc1[nH]c(C=C2C(=O)Nc3ccc(F)cc32)c(C)c1C(=O)NCCCCNC(=O)COc1cccc2c1C(=O)N(C1CCC(=O)NC1=O)C2=O
1926,Cc1[nH]c(C=C2C(=O)Nc3ccc(F)cc32)c(C)c1C(=O)NCCCCCCCCNC(=O)COc1cccc2c1C(=O)N(C1CCC(=O)NC1=O)C2=O
1927,Cc1[nH]c(C=C2C(=O)Nc3ccc(F)cc32)c(C)c1C(=O)NCCCOCCOCCOCCCNC(=O)COc1cccc2c1C(=O)N(C1CCC(=O)NC1=O)C2=O
1928,Cc1[nH]c(C=C2C(=O)Nc3ccc(F)cc32)c(C)c1C(=O)NCCCCCCNc1cccc2c1C(=O)N(C1CCC(=O)NC1=O)C2=O
1929,Cc1[nH]c(C=C2C(=O)Nc3ccc(F)cc32)c(C)c1C(=O)NCCCCCCCCNc1cccc2c1C(=O)N(C1CCC(=O)NC1=O)C2=O
1930,CCN(CCCCCCCCNc1cccc2c1C(=O)N(C1CCC(=O)NC1=O)C2=O)CCNC(=O)c1c(C)[nH]c(C=C2C(=O)Nc3ccc(F)cc32)c1C
1931,Cc1[nH]c(C=C2C(=O)Nc3ccc(F)cc32)c(C)c1C(=O)NCCCCCCCCNC(=O)c1ccc(CNc2cccc3c2C(=O)N(C2CCC(=O)NC2=O)C3=O)cc1
1932,Cc1[nH]c(C=C2C(=O)Nc3ccc(F)cc32)c(C)c1C(=O)NCCCCCCNC(=O)c1ccc2c(c1)C(=O)N(C1CCC(=O)NC1=O)C2=O
1933,Cc1[nH]c(C=C2C(=O)Nc3ccc(F)cc32)c(C)c1C(=O)NCCCCCCCCNC(=O)c1ccc2c(c1)C(=O)N(C1CCC(=O)NC1=O)C2=O
1934,Cc1[nH]c(C=C2C(=O)Nc3ccc(F)cc32)c(C)c1C(=O)NCCCCCNc1ccc2c(c1)C(=O)N(C1CCC(=O)NC1=O)C2=O
1935,Cc1[nH]c(C=C2C(=O)Nc3ccc(F)cc32)c(C)c1C(=O)NCCCCCCNc1ccc2c(c1)C(=O)N(C1CCC(=O)NC1=O)C2=O
1936,Cc1[nH]c(C=C2C(=O)Nc3ccc(F)cc32)c(C)c1C(=O)NCCCCCCCCNc1ccc2c(c1)C(=O)N(C1CCC(=O)NC1=O)C2=O
1937,Cc1[nH]c(C=C2C(=O)Nc3ccc(F)cc32)c(C)c1C(=O)NCCCCCCCCNC(=O)c1ccc(CNc2ccc3c(c2)C(=O)N(C2CCC(=O)NC2=O)C3=O)cc1
1938,Cc1[nH]c(C=C2C(=O)Nc3ccc(F)cc32)c(C)c1C(=O)NCCOCCNc1ccc2c(c1)C(=O)N(C1CCC(=O)NC1=O)C2=O
1939,Cc1[nH]c(C=C2C(=O)Nc3ccc(F)cc32)c(C)c1C(=O)NCCOCCOCCNc1ccc2c(c1)C(=O)N(C1CCC(=O)NC1=O)C2=O
1940,CC(=O)c1c(C)c2cnc(Nc3ccc(N4CCN(C(=O)Cc5cn(CCOCCOCCOCC(=O)NC(C(=O)N6CC(O)CC6C(=O)NCc6ccc(-c7scnc7C)cc6)C(C)(C)C)nn5)CC4)cn3)nc2n(C2CCCC2)c1=O
1944,CCOc1cc(C(C)(C)C)ccc1C1=NC(C)(c2ccc(Cl)cc2)C(C)(c2ccc(Cl)cc2)N1C(=O)N1CCN(CC(=O)NCCN(C)CC(=O)N2CCN(c3ccc(Nc4ncc5c(C)c(C(C)=O)c(=O)n(C6CCCC6)c5n4)nc3)CC2)CC1
1946,Cc1ncsc1-c1ccc(CNC(=O)C2CC(O)CN2C(=O)C(NC(=O)COCCCOCCCCCOc2ccc(N3C(=O)N(c4ccc(C#N)c(C(F)(F)F)c4)C(=O)C3(C)C)cc2)C(C)(C)C)cc1
1947,Cc1ncsc1-c1ccc(CNC(=O)C2CC(O)CN2C(=O)C(NC(=O)COCCCOCCN2CCC(c3ccc(N4C(=S)N(c5ccc(C#N)c(C(F)(F)F)c5)C(=O)C4(C)C)cc3)CC2)C(C)(C)C)cc1
1948,CC(C)(C)C(NC(=O)COCCCCCOc1ccc(C(=O)NC2C(C)(C)C(Oc3ccc(C#N)c(Cl)c3)C2(C)C)cc1)C(=O)N1CC(O)CC1C(=O)NCc1ccc(-c2cncs2)cc1
1949,Cc1ncsc1-c1ccc(C(C)NC(=O)C2CC(O)CN2C(=O)C(NC(=O)COCCCCCNc2ccc(C(=O)NC3C(C)(C)C(Oc4ccc(C#N)c(Cl)c4)C3(C)C)cc2)C(C)(C)C)cc1
1950,Cc1ncsc1-c1ccc(CNC(=O)C2CC(O)CN2C(=O)C(NC(=O)COCCc2ccc(-c3ccc(C(=O)NC4C(C)(C)C(Oc5ccc(C#N)c(Cl)c5)C4(C)C)cc3)cc2)C(C)(C)C)cc1
1951,Cc1ncoc1-c1ccc(CNC(=O)C2CC(O)CN2C(=O)C(NC(=O)COCc2ccc(OC(=O)NC3C(C)(C)C(Oc4ccc(C#N)c(Cl)c4)C3(C)C)cc2)C(C)(C)C)cc1
1955,Cc1ncsc1-c1ccc(C(C)NC(=O)C2CC(O)CN2C(=O)C(NC(=O)CCOCCOCCOCCNC(=O)CCc2ccc3c(c2)[nH]c2ccncc23)C(C)(C)C)cc1
1956,Cc1ncsc1-c1ccc(C(C)NC(=O)C2CC(O)CN2C(=O)C(NC(=O)CCOCCOCCOCCOCCOCCNC(=O)CCc2ccc3c(c2)[nH]c2ccncc23)C(C)(C)C)cc1
1957,Cc1sc2c(c1C)C(c1ccc(Cl)cc1)=NC(CC(=O)NCCCCCCCCN1CCN(c3ccc(NC4CCC(=O)NC4=O)cc3)CC1)c1nnc(C)n1-2
1959,CC1(C)C(NC(=O)c2ccc(OCCCCCOCCCNc3cccc4c3C(=O)N(C3CCC(=O)NC3=O)C4=O)cc2)C(C)(C)C1Oc1ccc(C#N)c(Cl)c1
1961,Cc1sc2c(c1C)C(c1ccc(Cl)cc1)=NC(CC(=O)Nc1ccc(OCCOCCOCCOCCOCCNc3cccc4c3C(=O)N(C3CCC(=O)NC3=O)C4=O)cc1)c1nnc(C)n1-2
1962,Cc1sc2c(c1C)C(c1ccc(Cl)cc1)=NC(CC(=O)Nc1ccc(OCCOCCOCCNc3cccc4c3C(=O)N(C3CCC(=O)NC3=O)C4=O)cc1)c1nnc(C)n1-2
1965,COc1cc(C=C2SC(=O)N(CCCOCCNc3cccc4c3C(=O)N(C3CCC(=O)NC3=O)C4=O)C2=O)ccc1Oc1ccc(C#N)cc1C(F)(F)F
1966,Cc1sc2c(c1C)C(c1ccc(Cl)cc1)=NC(CC(=O)NC(C)c1ccc(OCCOCCNc3cccc4c3C(=O)N(C3CCC(=O)NC3=O)C4=O)cc1)c1nnc(C)n1-2
1967,Cc1sc2c(c1C)C(c1ccc(Cl)cc1)=NC(CC(=O)NCCOCCNc1cccc3c1C(=O)N(C1CCC(=O)NC1=O)C3=O)c1nnc(C)n1-2
1978,O=C1CCC(N2C(=O)c3ccc(OCCOCCOCCN4CCN(Cc5ccc6nc(NC(=O)c7cccc(C(F)(F)F)c7)n(C7CCC(CO)CC7)c6c5)CC4)cc3C2=O)C(=O)N1
1979,O=C1CCC(N2C(=O)c3ccc(OCCOCCOCCOCCN4CCN(Cc5ccc6nc(NC(=O)c7cccc(C(F)(F)F)c7)n(C7CCC(CO)CC7)c6c5)CC4)cc3C2=O)C(=O)N1
1980,O=C1CCC(N2C(=O)c3ccc(N4CCC(CN5CCN(Cc6ccc7nc(NC(=O)c8cccc(C(F)(F)F)c8)n(C8CCC(CO)CC8)c7c6)CC5)CC4)cc3C2=O)C(=O)N1
1983,O=C1CCC(N2C(=O)c3ccc(OC4CCC(CN5CCN(Cc6ccc7nc(NC(=O)c8cccc(C(F)(F)F)c8)n(C8CCC(CO)CC8)c7c6)CC5)CC4)cc3C2=O)C(=O)N1
1984,Cc1ncsc1-c1ccc(C(C)NC(=O)C2CC(O)CN2C(=O)C(NC(=O)COCCOCCOCCOc2cc(F)c(C3c4[nH]c5ccccc5c4CC(C)N3CC(C)(C)F)c(F)c2)C(C)(C)C)cc1
1985,Cc1ncsc1-c1ccc(CNC(=O)C2CC(O)CN2C(=O)C(NC(=O)COCCCOCCOc2cc(F)c(C3c4[nH]c5ccccc5c4CC(C)N3CC(C)(C)F)c(F)c2)C(C)(C)C)cc1
1986,Cc1ncsc1-c1ccc(CNC(=O)C2CC(O)CN2C(=O)C(NC(=O)COCCOCCOCCOc2cc(F)c(C3c4[nH]c5ccccc5c4CC(C)N3CC(C)(C)F)c(F)c2)C(C)(C)C)cc1
1987,Cc1ncsc1-c1ccc(CNC(=O)C2CC(O)CN2C(=O)C(NC(=O)COCCCOCCCOc2cc(F)c(C3c4[nH]c5ccccc5c4CC(C)N3CC(C)(C)F)c(F)c2)C(C)(C)C)cc1
1988,Cc1ncsc1-c1ccc(CNC(=O)C2CC(O)CN2C(=O)C(NC(=O)COCCOCCC(F)(F)CCOc2cc(F)c(C3c4[nH]c5ccccc5c4CC(C)N3CC(C)(C)F)c(F)c2)C(C)(C)C)cc1
1989,Cc1ncsc1-c1ccc(C(C)NC(=O)C2CC(O)CN2C(=O)C(NC(=O)COCCOCCCCCOc2cc(F)c(C3c4[nH]c5ccccc5c4CC(C)N3CC(C)(C)F)c(F)c2)C(C)(C)C)cc1
1992,Cc1cc(Nc2ncc(Cl)c(Nc3ccccc3S(=O)(=O)C(C)C)n2)c(OC(C)C)cc1C1CCN(C(=O)COCCOCC(=O)NC(C(=O)N2CC(O)CC2C(=O)NC(C)c2ccc(-c3scnc3C)cc2)C(C)(C)C)CC1
1993,Cc1cc(Nc2ncc(Cl)c(Nc3ccccc3S(=O)(=O)C(C)C)n2)c(OC(C)C)cc1C1CCN(C(=O)CCCC(=O)NC(C(=O)N2CC(O)CC2C(=O)NC(C)c2ccc(-c3scnc3C)cc2)C(C)(C)C)CC1
1994,C=CC(=O)N1CCN(c2nc(NCCC(=O)N(C)CCOCCOCCOCCOCC(=O)NC(C(=O)N3CC(O)CC3C(=O)NC(C)c3ccc(-c4scnc4C)cc3)C(C)(C)C)nc3c(F)c(-c4cc(O)cc5ccccc45)c(Cl)cc23)CC1
1995,C=CC(=O)N1CCN(c2nc(NCCC(=O)N(C)CCOCCOCCOCCOCCOCC(=O)NC(C(=O)N3CC(O)CC3C(=O)NC(C)c3ccc(-c4scnc4C)cc3)C(C)(C)C)nc3c(F)c(-c4cc(O)cc5ccccc45)c(Cl)cc23)CC1
1997,C=CC(=O)N1CCN(c2nc(NCCC(=O)N(C)CCOCCOCCOCCC(=O)NC(C(=O)N3CC(O)CC3C(=O)NC(C)c3ccc(-c4scnc4C)cc3)C(C)(C)C)nc3c(F)c(-c4cc(O)cc5ccccc45)c(Cl)cc23)CC1
1999,CCC(=O)N1CCN(c2nc(NCCC(=O)N(C)CCOCCOCCOCCOCC(=O)NC(C(=O)N3CC(O)CC3C(=O)NC(C)c3ccc(-c4scnc4C)cc3)C(C)(C)C)nc3c(F)c(-c4cc(O)cc5ccccc45)c(Cl)cc23)CC1
2013,Cc1ncsc1-c1ccc(C(C)NC(=O)C2CC(O)CN2C(=O)C(NC(=O)COCCOCCOCCNC(=O)CCC(=O)Nc2cccc(Sc3ncc(N4CCC(C)(N)CC4)nc3N)c2Cl)C(C)(C)C)cc1
2014,Cc1ncsc1-c1ccc(C(C)NC(=O)C2CC(O)CN2C(=O)C(NC(=O)CCOCCOCCOCCNC(=O)CCC(=O)Nc2cccc(Sc3ncc(N4CCC(C)(N)CC4)nc3N)c2Cl)C(C)(C)C)cc1
2015,Cc1ncsc1-c1ccc(C(C)NC(=O)C2CC(O)CN2C(=O)C(NC(=O)CCOCCOCCOCCOCCNC(=O)CCC(=O)Nc2cccc(Sc3ncc(N4CCC(C)(N)CC4)nc3N)c2Cl)C(C)(C)C)cc1
2021,Cc1ncsc1-c1ccc(C(C)NC(=O)C2CC(O)CN2C(=O)C(NC(=O)CCCCCCCOc2ccc(NC(=O)CCC(=O)Nc3cccc(Sc4ncc(N5CCC(C)(N)CC5)nc4N)c3Cl)cc2)C(C)(C)C)cc1
2027,Cc1ncsc1-c1ccc2c(c1)OCCOCC(NC(=O)CC1N=C(c3ccc(Cl)cc3)c3c(sc(C)c3C)-n3c(C)nnc31)COCCOCCOCC(=O)NC(C(C)(C)C)C(=O)N1CC(O)CC1C(=O)NC2
2029,Cc1ncsc1-c1ccc(CNC(=O)C2CC(O)CN2C(=O)C(NC(=O)CCOCCOCCN2CCN(c3ccc(-c4ccc5c(c4)C(=O)N(C(C(=O)Nc4nccs4)c4ccccc4)C5)cn3)CC2)C(C)(C)C)cc1
2030,Cc1ncsc1-c1ccc(CNC(=O)C2CC(O)CN2C(=O)C(NC(=O)CCOCCOCCOCCN2CCN(c3ccc(-c4ccc5c(c4)C(=O)N(C(C(=O)Nc4nccs4)c4ccccc4)C5)cn3)CC2)C(C)(C)C)cc1
2032,CC(O)(COc1ccc(OCCOCCOCCOCCOc2cccc3c2CN(C2CCC(=O)NC2=O)C3=O)cc1)C(=O)Nc1ccc(C#N)c(C(F)(F)F)c1
2034,CN1C(=O)N(c2ccc(C#N)c(C(F)(F)F)c2)C(=O)C1(C)c1ccc(OCCOCCOCCOCCOc2cccc3c2CN(C2CCC(=O)NC2=O)C3=O)cc1
2036,CC1(C)C(=O)N(c2ccc(C#N)c(C(F)(F)F)c2)C(=S)N1c1ccc(OCCOCCOCCOCCOc2cccc3c2CN(C2CCC(=O)NC2=O)C3=O)cc1
2037,Cc1ncsc1-c1ccc(CNC(=O)C2CC(O)CN2C(=O)C(NC(=O)COCCCOCCCCOc2ccc(N3C(=S)N(c4ccc(C#N)c(C(F)(F)F)c4)C(=O)C3(C)C)cc2)C(C)(C)C)cc1
2038,Cc1ncsc1-c1ccc(CNC(=O)C2CC(O)CN2C(=O)C(NC(=O)COCC(F)(F)C(F)(F)C(F)(F)COCCCOc2ccc(N3C(=S)N(c4ccc(C#N)c(C(F)(F)F)c4)C(=O)C3(C)C)cc2)C(C)(C)C)cc1
2039,Cc1ncsc1-c1ccc(CNC(=O)C2CC(O)CN2C(=O)C(NC(=O)CCOCCOCCOCCOc2ccc(N3C(=S)N(c4ccc(C#N)c(C(F)(F)F)c4)C(=O)C3(C)C)cc2)C(C)(C)C)cc1
2040,Cc1ncsc1-c1ccc(CNC(=O)C2CC(O)CN2C(=O)C(NC(=O)COCCCOc2ccc(-c3ccc(N4C(=S)N(c5ccc(C#N)c(C(F)(F)F)c5)C(=O)C4(C)C)cc3)cc2)C(C)(C)C)cc1
2041,Cc1ncsc1-c1ccc(CNC(=O)C2CC(O)CN2C(=O)C(NC(=O)COCC(F)(F)COc2ccc(-c3ccc(N4C(=S)N(c5ccc(C#N)c(C(F)(F)F)c5)C(=O)C4(C)C)cc3)cc2)C(C)(C)C)cc1
2042,Cc1ncsc1-c1ccc(CNC(=O)C2CC(O)CN2C(=O)C(NC(=O)COCCCOCC(F)(F)C(F)(F)COc2ccc(N3C(=S)N(c4ccc(C#N)c(C(F)(F)F)c4)C(=O)C3(C)C)cc2)C(C)(C)C)cc1
2043,Cc1ncsc1-c1ccc(CNC(=O)C2CC(O)CN2C(=O)C(NC(=O)CCOCCOCCOc2ccc(C(=O)NC3C(C)(C)C(Oc4ccc(C#N)c(C(F)(F)F)c4)C3(C)C)cc2)C(C)(C)C)cc1
2044,Cc1ncsc1-c1ccc(CNC(=O)C2CC(O)CN2C(=O)C(NC(=O)COCCCCCOc2ccc(C(=O)NC3C(C)(C)C(Oc4ccc(C#N)c(C(F)(F)F)c4)C3(C)C)cc2)C(C)(C)C)cc1
2045,CNc1ccc(-c2nc3ccc(OCCOCCOCC(=O)NC(C(=O)N4CC(O)CC4C(=O)NC(C)c4ccc(-c5scnc5C)cc4)C(C)(C)C)cc3s2)cc1
2046,CNc1ccc(-c2nc3ccc(OCCOCCOCCOCCOCCOCC(=O)NC(C(=O)N4CC(O)CC4C(=O)NC(C)c4ccc(-c5scnc5C)cc4)C(C)(C)C)cc3s2)cc1
2047,CNc1ccc(-c2nc3ccc(OCCOCCOCCOCCOCCOCCOCC(=O)NC(C(=O)N4CC(O)CC4C(=O)NC(C)c4ccc(-c5scnc5C)cc4)C(C)(C)C)cc3s2)cc1
2048,Cc1ncsc1-c1ccc(C(C)NC(=O)C2CC(O)CN2C(=O)C(NC(=O)COCCOCCOc2ccc(CN3C(=O)C(=CC=Cc4ccc([N+](=O)[O-])cc4)c4ccccc43)cc2)C(C)(C)C)cc1
2049,O=C1CCC(N2C(=O)c3ccc(N4CCN(CCCOC5CC(Oc6ccc7c(c6)Sc6cc([N+](=O)[O-])ccc6N7)C5)CC4)cc3C2=O)C(=O)N1
2050,Cc1ncsc1-c1ccc(C(C)NC(=O)C2CC(O)CN2C(=O)C(NC(=O)CN2CCN(CCN3CCC(OC4CC(Oc5ccc6c(c5)Sc5cc([N+](=O)[O-])ccc5N6)C4)CC3)CC2)C(C)(C)C)cc1
2053,O=C(CN1CCN(c2cccc(-c3cnc4ccc(N5CCCC5c5cccc(F)c5)nn34)n2)CC1)NCCNc1ccc2c(c1)C(=O)N(C1CCC(=O)NC1=O)C2=O
2054,O=C1CCC(N2C(=O)c3ccc(NCCN4CCN(c5cccc(-c6cnc7ccc(N8CCCC8c8cccc(F)c8)nn67)n5)CC4)cc3C2=O)C(=O)N1
2055,O=C(CN1CCN(c2cccc(-c3cnc4ccc(N5CCCC5c5cccc(F)c5)nn34)n2)CC1)NCCOCCNc1cccc2c1C(=O)N(C1CCC(=O)NC1=O)C2=O
2056,O=C(CN1CCN(c2cccc(-c3cnc4ccc(N5CCCC5c5cccc(F)c5)nn34)n2)CC1)NCCOCCNc1ccc2c(c1)C(=O)N(C1CCC(=O)NC1=O)C2=O
2057,O=C1CCC(N2C(=O)c3ccc(NCCCCC(=O)N4CCN(c5cccc(-c6cnc7ccc(N8CCCC8c8cccc(F)c8)nn67)n5)CC4)cc3C2=O)C(=O)N1
2058,O=C1CCC(N2C(=O)c3ccc(N4CC(C(=O)N5CCN(c6cccc(-c7cnc8ccc(N9CCCC9c9cccc(F)c9)nn78)n6)CC5)C4)cc3C2=O)C(=O)N1
2059,Cc1ncsc1-c1ccc(CNC(=O)C2CC(O)CN2C(=O)C(NC(=O)COCCCOCCCCCOc2ccc(N3C(=S)N(c4cnc(C#N)c(C(F)(F)F)c4)C(=O)C3(C)C)cc2)C(C)(C)C)cc1
2060,Cc1ncsc1-c1ccc(C(C)NC(=O)C2CC(O)CN2C(=O)C(NC(=O)COCCCOCCCCCOc2ccc(N3C(=S)N(c4ccc(C#N)c(C(F)(F)F)c4)C(=O)C3(C)C)cc2F)C(C)(C)C)cc1
2061,Cc1ncsc1-c1ccc(C(C)NC(=O)C2CC(O)CN2C(=O)C(NC(=O)COCCCOCCCCCOc2c(F)cc(N3C(=S)N(c4ccc(C#N)c(C(F)(F)F)c4)C(=O)C3(C)C)cc2F)C(C)(C)C)cc1
2062,Cc1ncsc1-c1ccc(CNC(=O)C2CC(O)CN2C(=O)C(NC(=O)COCCCOCCCCOc2ccc(N3C(=S)N(c4ccc(C#N)c(C(F)(F)F)c4)C(=O)C3(C)C)cc2F)C(C)(C)C)cc1
2063,Cc1ncsc1-c1ccc(CNC(=O)C2CC(O)CN2C(=O)C(NC(=O)COCCCOCCCCOc2ccc(N3C(=S)N(c4cnc(C#N)c(C(F)(F)F)c4)C(=O)C3(C)C)cc2)C(C)(C)C)cc1
2064,Cc1ncsc1-c1ccc(CNC(=O)C2CC(O)CN2C(=O)C(NC(=O)COCCCOCCCCOc2ccc(N3C(=S)N(c4ccc(C#N)c(Cl)c4)C(=O)C3(C)C)cc2)C(C)(C)C)cc1
2065,Cc1ncsc1-c1ccc(CNC(=O)C2CC(O)CN2C(=O)C(NC(=O)COCCCOCCCCOc2ccc(-c3ccc(N4C(=S)N(c5ccc(C#N)c(C(F)(F)F)c5)C(=O)C4(C)C)cc3)cc2)C(C)(C)C)cc1
2066,COC(=O)CC1C2(C)C3=C(C)C(c4ccoc4-c4ccc(C(=O)NCCOCCOCCOCCNC(=O)CC5N=C(c6ccc(Cl)cc6)c6c(sc(C)c6C)-n6c(C)nnc65)cc4)CC3OC2C2OC(=O)C3(C)C=CC(=O)C1(C)C23
2069,COC(=O)CC1C2(C)C3=C(C)C(c4ccoc4-c4ccc(C(=O)NCCOCCOCCOCCN5CCN(c6cc(Nc7ncc(C(=O)Nc8c(C)cccc8Cl)s7)nc(C)n6)CC5)cc4)CC3OC2C2OC(=O)C3(C)C=CC(=O)C1(C)C23
2070,COC(=O)CC1C2(C)C3=C(C)C(c4ccoc4-c4ccc(C(=O)NCCCN5CCN(c6cc(Nc7ncc(C(=O)Nc8c(C)cccc8Cl)s7)nc(C)n6)CC5)cc4)CC3OC2C2OC(=O)C3(C)C=CC(=O)C1(C)C23
2071,Cc1ccc(C(=O)NCCCCc2cn(CCC(NC(=O)OC(C)(C)C)C(=O)NCCCCNc3cccc4c3C(=O)N(C3CCC(=O)NC3=O)C4=O)nn2)cc1-n1c(C)cc(OCc2ccc(F)cc2F)c(Br)c1=O
2073,Cc1ncsc1-c1ccc(CNC(=O)C2CC(O)CN2C(=O)C(NC(=O)COCCNc2ncc(C(=O)Nc3ccc(OC(F)(F)Cl)cc3)cc2-c2ccn[nH]2)C(C)(C)C)cc1
2074,Cc1ncsc1-c1ccc(CNC(=O)C2CC(O)CN2C(=O)C(NC(=O)CCOCCOCCOCCOCCOCCOCC#Cc2ccc(OCCCc3sc(N4CCc5cccc(C(=O)Nc6nc7ccccc7s6)c5C4)nc3C(=O)O)cc2)C(C)(C)C)cc1
2075,NC(=O)c1c(-c2ccc(Oc3ccc(F)cc3F)cc2)nn(C2CCCN(C(=O)OCCOCCOCCOCCOCCOCCOCCOCCOCCNc3cccc4c3C(=O)N(C3CCC(=O)NC3=O)C4=O)C2)c1N
2077,COc1cc(C(=O)NCCOCCOCCOCC(=O)NC(C(=O)N2CC(O)CC2C(=O)NCc2ccc(-c3scnc3C)cc2)C(C)(C)C)ccc1Nc1ncc(C(F)(F)F)c(Oc2cccc3c2C(=O)CC3)n1
2100,Cc1ncsc1-c1ccc(CNC(=O)C2CC(O)CN2C(=O)C(NC(=O)CCCCCCCCCCC(=O)N2CCN(C(=O)c3cc(Cc4n[nH]c(=O)c5ccccc45)ccc3F)CC2)C(C)(C)C)cc1
2101,Cc1ncsc1-c1ccc(CNC(=O)C2CC(O)CN2C(=O)C(NC(=O)CNC(=O)CCCCCCCCCCC(=O)N2CCN(C(=O)c3cc(Cc4n[nH]c(=O)c5ccccc45)ccc3F)CC2)C(C)(C)C)cc1
2102,Cc1ncsc1-c1ccc(CNC(=O)C2CC(O)CN2C(=O)C(NC(=O)CCCNC(=O)CCCCCCCCCCC(=O)N2CCN(C(=O)c3cc(Cc4n[nH]c(=O)c5ccccc45)ccc3F)CC2)C(C)(C)C)cc1
2103,Cc1ncsc1-c1ccc(CNC(=O)C2CC(O)CN2C(=O)C(NC(=O)CCCCCNC(=O)CCCCCCCCCCC(=O)N2CCN(C(=O)c3cc(Cc4n[nH]c(=O)c5ccccc45)ccc3F)CC2)C(C)(C)C)cc1
2104,O=C1CCC(N2C(=O)c3cccc(NCC(=O)N4CCN(c5cccc(-c6cnc7ccc(N8CCCC8c8cccc(F)c8)nn67)n5)CC4)c3C2=O)C(=O)N1
2105,O=C1CCC(N2C(=O)c3cccc(NCCC(=O)N4CCN(c5cccc(-c6cnc7ccc(N8CCCC8c8cccc(F)c8)nn67)n5)CC4)c3C2=O)C(=O)N1
2106,O=C1CCC(N2C(=O)c3cccc(NCCCC(=O)N4CCN(c5cccc(-c6cnc7ccc(N8CCCC8c8cccc(F)c8)nn67)n5)CC4)c3C2=O)C(=O)N1
2107,O=C1CCC(N2C(=O)c3cccc(NCCCCC(=O)N4CCN(c5cccc(-c6cnc7ccc(N8CCCC8c8cccc(F)c8)nn67)n5)CC4)c3C2=O)C(=O)N1
2108,O=C1CCC(N2C(=O)c3cccc(NCCCCCC(=O)N4CCN(c5cccc(-c6cnc7ccc(N8CCCC8c8cccc(F)c8)nn67)n5)CC4)c3C2=O)C(=O)N1
2109,O=C1CCC(N2C(=O)c3cccc(NCCCCCCC(=O)N4CCN(c5cccc(-c6cnc7ccc(N8CCCC8c8cccc(F)c8)nn67)n5)CC4)c3C2=O)C(=O)N1
2110,O=C1CCC(N2C(=O)c3cccc(NCCCCCCCC(=O)N4CCN(c5cccc(-c6cnc7ccc(N8CCCC8c8cccc(F)c8)nn67)n5)CC4)c3C2=O)C(=O)N1
2111,O=C1CCC(N2C(=O)c3cccc(NCCOCCC(=O)N4CCN(c5cccc(-c6cnc7ccc(N8CCCC8c8cccc(F)c8)nn67)n5)CC4)c3C2=O)C(=O)N1
2112,O=C1CCC(N2C(=O)c3cccc(NCCOCCOCCC(=O)N4CCN(c5cccc(-c6cnc7ccc(N8CCCC8c8cccc(F)c8)nn67)n5)CC4)c3C2=O)C(=O)N1
2113,O=C1CCC(N2C(=O)c3cccc(NCCOCCOCCOCCC(=O)N4CCN(c5cccc(-c6cnc7ccc(N8CCCC8c8cccc(F)c8)nn67)n5)CC4)c3C2=O)C(=O)N1
2114,O=C1CCC(N2C(=O)c3cccc(NCCOCCOCCOCCOCCC(=O)N4CCN(c5cccc(-c6cnc7ccc(N8CCCC8c8cccc(F)c8)nn67)n5)CC4)c3C2=O)C(=O)N1
2115,Cc1ncsc1-c1ccc(CNC(=O)C2CC(O)CN2C(=O)C(NC(=O)COCCOCCOCCOCC(=O)N2CCN(C3CCC(Nc4ncnn5ccc(C(C)C)c45)CC3)CC2)C(C)(C)C)cc1
2116,Cc1ncsc1-c1ccc(CNC(=O)C2CC(O)CN2C(=O)C(NC(=O)COCCOCCOCCOCCOCC(=O)N2CCN(C3CCC(Nc4ncnn5ccc(C(C)C)c45)CC3)CC2)C(C)(C)C)cc1
2117,Cc1ncsc1-c1ccc(CNC(=O)C2CC(O)CN2C(=O)C(NC(=O)COCCOCCOCCOCCOCCOCC(=O)N2CCN(C3CCC(Nc4ncnn5ccc(C(C)C)c45)CC3)CC2)C(C)(C)C)cc1
2118,CC(C)c1ccn2ncnc(NC3CCC(N4CCN(C(=O)CCOCCOCCOCCNc5cccc6c5C(=O)N(C5CCC(=O)NC5=O)C6=O)CC4)CC3)c12
2119,CC(C)c1ccn2ncnc(NC3CCC(N4CCN(C(=O)CCOCCOCCOCCOCCNc5cccc6c5C(=O)N(C5CCC(=O)NC5=O)C6=O)CC4)CC3)c12
2120,CC(C)c1ccn2ncnc(NC3CCC(N4CCN(C(=O)CCOCCOCCOCCOCCOCCNc5cccc6c5C(=O)N(C5CCC(=O)NC5=O)C6=O)CC4)CC3)c12
2121,Cc1ncsc1-c1ccc(CNC(=O)C2CC(O)CN2C(=O)C(NC(=O)COCCOCCNC(=O)CCC(=O)N2CCN(C3CCC(Nc4ncnn5ccc(C(C)C)c45)CC3)CC2)C(C)(C)C)cc1
2122,Cc1ncsc1-c1ccc(CNC(=O)C2CC(O)CN2C(=O)C(NC(=O)COCCOCCOCCNC(=O)CCC(=O)N2CCN(C3CCC(Nc4ncnn5ccc(C(C)C)c45)CC3)CC2)C(C)(C)C)cc1
2123,Cc1ncsc1-c1ccc(CNC(=O)C2CC(O)CN2C(=O)C(NC(=O)COCCOCCOCCOCCNC(=O)CCC(=O)N2CCN(C3CCC(Nc4ncnn5ccc(C(C)C)c45)CC3)CC2)C(C)(C)C)cc1
2124,Cc1ncsc1-c1ccc(CNC(=O)C2CC(O)CN2C(=O)C(NC(=O)CCCNC(=O)CCC(=O)N2CCN(C3CCC(Nc4ncnn5ccc(C(C)C)c45)CC3)CC2)C(C)(C)C)cc1
2125,Cc1ncsc1-c1ccc(CNC(=O)C2CC(O)CN2C(=O)C(NC(=O)CCCCCCNC(=O)CCC(=O)N2CCN(C3CCC(Nc4ncnn5ccc(C(C)C)c45)CC3)CC2)C(C)(C)C)cc1
2126,CC(C)c1ccn2ncnc(NC3CCC(N4CCN(C(=O)CCC(=O)NCCOCCOCCNc5cccc6c5C(=O)N(C5CCC(=O)NC5=O)C6=O)CC4)CC3)c12
2127,CC(C)c1ccn2ncnc(NC3CCC(N4CCN(C(=O)CCC(=O)NCCOCCOCCOCCNc5cccc6c5C(=O)N(C5CCC(=O)NC5=O)C6=O)CC4)CC3)c12
2128,CC(C)c1ccn2ncnc(NC3CCC(N4CCN(C(=O)CCC(=O)NCCOCCOCCOCCOCCNc5cccc6c5C(=O)N(C5CCC(=O)NC5=O)C6=O)CC4)CC3)c12
2129,CC(C)c1ccn2ncnc(NC3CCC(N4CCN(C(=O)CCC(=O)NCCCCNc5cccc6c5C(=O)N(C5CCC(=O)NC5=O)C6=O)CC4)CC3)c12
2130,CC(C)c1ccn2ncnc(NC3CCC(N4CCN(C(=O)CCC(=O)NCCCCCCNc5cccc6c5C(=O)N(C5CCC(=O)NC5=O)C6=O)CC4)CC3)c12
2131,CC(C)c1ccn2ncnc(NC3CCC(N4CCN(C(=O)CCC(=O)N5CCC(CN6CCN(c7ccc8c(c7)C(=O)N(C7CCC(=O)NC7=O)C8=O)CC6)CC5)CC4)CC3)c12
2132,CC(C)c1ccn2ncnc(NC3CCC(N4CCN(C(=O)CCC(=O)N5CCC(CCN6CCN(c7ccc8c(c7)C(=O)N(C7CCC(=O)NC7=O)C8=O)CC6)CC5)CC4)CC3)c12
2133,Cc1ncsc1-c1ccc(CNC(=O)C2CC(O)CN2C(=O)C(NC(=O)CNCCCONC(=O)c2ccc(F)c(F)c2Nc2ccc(I)cc2F)C(C)(C)C)cc1
2134,Cc1ncsc1-c1ccc(CNC(=O)C2CC(O)CN2C(=O)C(NC(=O)CCNCCCONC(=O)c2ccc(F)c(F)c2Nc2ccc(I)cc2F)C(C)(C)C)cc1
2135,Cc1ncsc1-c1ccc(CNC(=O)C2CC(O)CN2C(=O)C(NC(=O)CCCNCCCONC(=O)c2ccc(F)c(F)c2Nc2ccc(I)cc2F)C(C)(C)C)cc1
2136,Cc1ncsc1-c1ccc(CNC(=O)C2CC(O)CN2C(=O)C(NC(=O)CCCCNCCCONC(=O)c2ccc(F)c(F)c2Nc2ccc(I)cc2F)C(C)(C)C)cc1
2137,Cc1ncsc1-c1ccc(CNC(=O)C2CC(O)CN2C(=O)C(NC(=O)CCCCCNCCCONC(=O)c2ccc(F)c(F)c2Nc2ccc(I)cc2F)C(C)(C)C)cc1
2138,Cc1ncsc1-c1ccc(CNC(=O)C2CC(O)CN2C(=O)C(NC(=O)CCCCCCCNCCCONC(=O)c2ccc(F)c(F)c2Nc2ccc(I)cc2F)C(C)(C)C)cc1
2139,Cc1ncsc1-c1ccc(CNC(=O)C2CC(O)CN2C(=O)C(NC(=O)CCCCCCCCNCCCONC(=O)c2ccc(F)c(F)c2Nc2ccc(I)cc2F)C(C)(C)C)cc1
2140,Cc1ncsc1-c1ccc(CNC(=O)C2CC(O)CN2C(=O)C(NC(=O)CCCCCCCCCNCCCONC(=O)c2ccc(F)c(F)c2Nc2ccc(I)cc2F)C(C)(C)C)cc1
2141,Cc1ncsc1-c1ccc(CNC(=O)C2CC(O)CN2C(=O)C(NC(=O)COCCNCCCONC(=O)c2ccc(F)c(F)c2Nc2ccc(I)cc2F)C(C)(C)C)cc1
2142,Cc1ncsc1-c1ccc(CNC(=O)C2CC(O)CN2C(=O)C(NC(=O)CCOCCNCCCONC(=O)c2ccc(F)c(F)c2Nc2ccc(I)cc2F)C(C)(C)C)cc1
2143,Cc1ncsc1-c1ccc(CNC(=O)C2CC(O)CN2C(=O)C(NC(=O)COCCOCCNCCCONC(=O)c2ccc(F)c(F)c2Nc2ccc(I)cc2F)C(C)(C)C)cc1
2144,Cc1ncsc1-c1ccc(CNC(=O)C2CC(O)CN2C(=O)C(NC(=O)CCOCCOCCNCCCONC(=O)c2ccc(F)c(F)c2Nc2ccc(I)cc2F)C(C)(C)C)cc1
2145,Cc1ncsc1-c1ccc(CNC(=O)C2CC(O)CN2C(=O)C(NC(=O)CCOCCOCCOCCNCCCONC(=O)c2ccc(F)c(F)c2Nc2ccc(I)cc2F)C(C)(C)C)cc1
2146,Cc1ncsc1-c1ccc(CNC(=O)C2CC(O)CN2C(=O)C(NC(=O)CCOCCOCCOCCOCCNCCCONC(=O)c2ccc(F)c(F)c2Nc2ccc(I)cc2F)C(C)(C)C)cc1
2147,Cc1ncsc1-c1ccc(C(C)NC(=O)C2CC(O)CN2C(=O)C(NC(=O)CCCCCCCCCNCCCONC(=O)c2ccc(F)c(F)c2Nc2ccc(I)cc2F)C(C)(C)C)cc1
2148,Cc1ncsc1-c1ccc(C(C)NC(=O)C2CC(O)CN2C(=O)C(NC(=O)CCCCCCCCCCCNCCCONC(=O)c2ccc(F)c(F)c2Nc2ccc(I)cc2F)C(C)(C)C)cc1
2149,Cc1ncsc1-c1ccc(C(C)NC(=O)C2CC(O)CN2C(=O)C(NC(=O)CCCCCCCCCCN(C)CCCONC(=O)c2ccc(F)c(F)c2Nc2ccc(I)cc2F)C(C)(C)C)cc1
2150,Cc1ncsc1-c1ccc(C(C)NC(=O)C2CC(O)CN2C(=O)C(NC(=O)CCCCCCCCCNCCCCONC(=O)c2ccc(F)c(F)c2Nc2ccc(I)cc2F)C(C)(C)C)cc1
2151,Cc1ncsc1-c1ccc(C(C)NC(=O)C2CC(O)CN2C(=O)C(NC(=O)CCCCCCCCCCNCCCCONC(=O)c2ccc(F)c(F)c2Nc2ccc(I)cc2F)C(C)(C)C)cc1
2152,Cc1ncsc1-c1ccc(C(C)NC(=O)C2CC(O)CN2C(=O)C(NC(=O)CCCCCCCCCCCNCCCCONC(=O)c2ccc(F)c(F)c2Nc2ccc(I)cc2F)C(C)(C)C)cc1
2174,CCC(C)n1cc(C)c2c(C(=O)NCc3c(C)cc(C)[nH]c3=O)cc(-c3ccc(N4CCN(CCCCOc5cccc6c5C(=O)N(C5CCC(=O)NC5=O)C6=O)CC4)nc3)cc21
2175,CCC(C)n1cc(C)c2c(C(=O)NCc3c(C)cc(C)[nH]c3=O)cc(-c3ccc(N4CCN(CCCCCOc5cccc6c5C(=O)N(C5CCC(=O)NC5=O)C6=O)CC4)nc3)cc21
2176,CCC(C)n1cc(C)c2c(C(=O)NCc3c(C)cc(C)[nH]c3=O)cc(-c3ccc(N4CCN(CCCCCCOc5cccc6c5C(=O)N(C5CCC(=O)NC5=O)C6=O)CC4)nc3)cc21
2177,CCC(C)n1cc(C)c2c(C(=O)NCc3c(C)cc(C)[nH]c3=O)cc(-c3ccc(N4CCN(CCCCCCCOc5cccc6c5C(=O)N(C5CCC(=O)NC5=O)C6=O)CC4)nc3)cc21
2178,CCC(C)n1cc(C)c2c(C(=O)NCc3c(C)cc(C)[nH]c3=O)cc(-c3ccc(N4CCN(CCCCCCCCOc5cccc6c5C(=O)N(C5CCC(=O)NC5=O)C6=O)CC4)nc3)cc21
2179,CCC(C)n1cc(C)c2c(C(=O)NCc3c(C)cc(C)[nH]c3=O)cc(-c3ccc(N4CCN(CCCCCCCCCOc5cccc6c5C(=O)N(C5CCC(=O)NC5=O)C6=O)CC4)nc3)cc21
2180,CCC(C)n1cc(C)c2c(C(=O)NCc3c(C)cc(C)[nH]c3=O)cc(-c3ccc(N4CCN(CCCCCCCCCCOc5cccc6c5C(=O)N(C5CCC(=O)NC5=O)C6=O)CC4)nc3)cc21
2181,CCC(C)n1cc(C)c2c(C(=O)NCc3c(C)cc(C)[nH]c3=O)cc(-c3ccc(N4CCN(CCCCCCCCCCCOc5cccc6c5C(=O)N(C5CCC(=O)NC5=O)C6=O)CC4)nc3)cc21
2182,CCC(C)n1cc(C)c2c(C(=O)NCc3c(C)cc(C)[nH]c3=O)cc(-c3ccc(N4CCN(CCCCCCCCCCCCOc5cccc6c5C(=O)N(C5CCC(=O)NC5=O)C6=O)CC4)nc3)cc21
2192,Cc1ncsc1-c1ccc(CNC(=O)C2CC(O)CN2C(=O)C(NC(=O)COCC(=O)N2CC(Nc3cc(C(=O)NCC(O)CN4CCc5ccccc5C4)ncn3)C2)C(C)(C)C)cc1
2193,Cc1ncsc1-c1ccc(CNC(=O)C2CC(O)CN2C(=O)C(NC(=O)CCOCCOCCC(=O)N2CC(Nc3cc(C(=O)NCC(O)CN4CCc5ccccc5C4)ncn3)C2)C(C)(C)C)cc1
2194,Cc1ncsc1-c1ccc(CNC(=O)C2CC(O)CN2C(=O)C(NC(=O)CCOCCOCCOCCC(=O)N2CC(Nc3cc(C(=O)NCC(O)CN4CCc5ccccc5C4)ncn3)C2)C(C)(C)C)cc1
2195,Cc1ncsc1-c1ccc(CNC(=O)C2CC(O)CN2C(=O)C(NC(=O)CCCCCCCCCC(=O)N2CC(Nc3cc(C(=O)NCC(O)CN4CCc5ccccc5C4)ncn3)C2)C(C)(C)C)cc1
2196,Cc1ncsc1-c1ccc(CNC(=O)C2CC(O)CN2C(=O)C(NC(=O)COCCOCCOCCOCCOCC(=O)N2CC(Nc3cc(C(=O)NCC(O)CN4CCc5ccccc5C4)ncn3)C2)C(C)(C)C)cc1
2197,Cc1ncsc1-c1ccc(C(C)NC(=O)C2CC(O)CN2C(=O)C(NC(=O)COCCOCCOCCOCCOCC(=O)N2CC(Nc3cc(C(=O)NCC(O)CN4CCc5ccccc5C4)ncn3)C2)C(C)(C)C)cc1
2198,Cc1ncsc1-c1ccc(CNC(=O)C2CC(O)CN2C(=O)C(NC(=O)COCCOCCOCCNC(=O)c2cc3c(cc2CS(C)(=O)=O)-c2cn(C)c(=O)c4[nH]cc(c24)CN3c2ncc(F)cc2F)C(C)(C)C)cc1
2199,Cc1ncsc1-c1ccc(CNC(=O)C2CC(O)CN2C(=O)C(NC(=O)CCCCCCCCCCNC(=O)c2cc3c(cc2CS(C)(=O)=O)-c2cn(C)c(=O)c4[nH]cc(c24)CN3c2ncc(F)cc2F)C(C)(C)C)cc1
2200,Cc1ncsc1-c1ccc(CNC(=O)C2CC(O)CN2C(=O)C(NC(=O)COCCOCCOCCNC(=O)c2cc3c(cc2CS(C)(=O)=O)-c2cn(C)c(=O)c4[nH]cc(c24)CN3c2ncc(F)cc2F)C(C)(C)C)c(OC2CCNCC2)c1
2201,Cc1ncsc1-c1ccc(CNC(=O)C2CC(O)CN2C(=O)C(NC(=O)CCCCCCCCCCNC(=O)c2cc3c(cc2CS(C)(=O)=O)-c2cn(C)c(=O)c4[nH]cc(c24)CN3c2ncc(F)cc2F)C(C)(C)C)c(OC2CCNCC2)c1
2202,Cc1ncsc1-c1ccc(CNC(=O)C2CC(O)CN2C(=O)C(NC(=O)COCCc2cc(N)cc(OCCNC(=O)c3cc4c(cc3CS(C)(=O)=O)-c3cn(C)c(=O)c5[nH]cc(c35)CN4c3ncc(F)cc3F)c2)C(C)(C)C)cc1
2203,Cc1ncsc1-c1ccc(CNC(=O)C2CC(O)CN2C(=O)C(NC(=O)COCCc2cc(O)cc(OCCNC(=O)c3cc4c(cc3CS(C)(=O)=O)-c3cn(C)c(=O)c5[nH]cc(c35)CN4c3ncc(F)cc3F)c2)C(C)(C)C)cc1
2204,Cc1ncsc1-c1ccc(CNC(=O)C2CC(O)CN2C(=O)C(NC(=O)COCCOCCOCCNC(=O)CC2N=C(c3ccc(N)cc3)c3c(sc(C)c3C)-n3c(C)nnc32)C(C)(C)C)cc1
2205,Cc1ncsc1-c1ccc(CNC(=O)C2CC(O)CN2C(=O)C(NC(=O)COCCOCCOCCNC(=O)CC2N=C(c3ccc(C#CCN)cc3)c3c(sc(C)c3C)-n3c(C)nnc32)C(C)(C)C)cc1
2206,CNCCOc1cc(-c2scnc2C)ccc1CNC(=O)C1CC(O)CN1C(=O)C(NC(=O)COCCOCCOCCNC(=O)CC1N=C(c2ccc(Cl)cc2)c2c(sc(C)c2C)-n2c(C)nnc21)C(C)(C)C
2207,Cc1ncsc1-c1ccc(CNC(=O)C2CC(O)CN2C(=O)C(NC(=O)COCCOCCOCCNC(=O)CC2N=C(c3ccc(Cl)cc3)c3c(sc(C)c3C)-n3c(C)nnc32)C(C)(C)C)c(OC2CCNCC2)c1
2208,Cc1ncsc1-c1ccc(CNC(=O)C2CC(O)CN2C(=O)C(NC(=O)COCCc2cc(N)cc(OCCNC(=O)CC3N=C(c4ccc(Cl)cc4)c4c(sc(C)c4C)-n4c(C)nnc43)c2)C(C)(C)C)cc1
2209,Cc1ncsc1-c1ccc(CNC(=O)C2CC(O)CN2C(=O)C(NC(=O)COCC2CNCC(COCCNC(=O)CC3N=C(c4ccc(Cl)cc4)c4c(sc(C)c4C)-n4c(C)nnc43)C2)C(C)(C)C)cc1
2210,Cc1ncsc1-c1ccc(CNC(=O)C2CC(O)CN2C(=O)C(NC(=O)CCc2cc(N)cc(CCOCCOCC#Cc3ccc(C4=NC(Cc5nccs5)c5nnc(C)n5-c5sc(C)c(C)c54)cc3)c2)C(C)(C)C)cc1
2211,Cc1ncsc1-c1ccc(CNC(=O)C2CC(O)CN2C(=O)C(NC(=O)CCc2cc(N)cc(CCOCCOCC#Cc3ccc(C4=NC(CC(=O)NCCS(=O)(=O)O)c5nnc(C)n5-c5sc(C)c(C)c54)cc3)c2)C(C)(C)C)cc1
2212,Cc1ncsc1-c1ccc(CNC(=O)C2CC(O)CN2C(=O)C(NC(=O)COCC#CC#CCNC(=O)CC2N=C(c3ccc(Cl)cc3)c3c(sc(C)c3C)-n3c(C)nnc32)C(C)(C)C)cc1
2221,CCCCCCCCCCCCCC(=S)NCCCCC(NC(=O)CCOCCOCNc1cccc2c1C(=O)N(C1CCC(=O)NC1=O)C2=O)C(=O)Nc1ccccc1
2222,CCCCCCCCCCCCCC(=S)NCCCCC(NC(=O)CCOCCOCCOCCOCNc1cccc2c1C(=O)N(C1CCC(=O)NC1=O)C2=O)C(=O)Nc1ccccc1
2224,CNC(C)C(=O)NC(C(=O)N1CCCC1c1nc(C(=O)c2cccc(OCCOCCOCC(=O)N3CCN(C(=O)C4CCN(c5ccc(NC(=O)c6cnc(Oc7ccccc7)nc6)cc5)CC4)CC3)c2)cs1)C1CCCCC1
2228,O=C1CCC(N2C(=O)c3cccc(NCCOCCOCCOCCNCCNc4nonc4C(=NO)Nc4ccc(F)c(Br)c4)c3C2=O)C(=O)N1
2229,O=C1CCC(N2C(=O)c3cccc(NCCOCCOCCOCCOCCOCCNCCNc4nonc4C(=NO)Nc4ccc(F)c(Br)c4)c3C2=O)C(=O)N1
2230,O=C1CCC(N2C(=O)c3cccc(NCCOCCOCCOCCOCCOCCOCCOCCNCCNc4nonc4C(=NO)Nc4ccc(F)c(Br)c4)c3C2=O)C(=O)N1
2231,O=C1CCC(N2C(=O)c3cccc(NCCOCCOCCOCCOCCOCCOCCOCCOCCOCCNCCNc4nonc4C(=NO)Nc4ccc(F)c(Br)c4)c3C2=O)C(=O)N1
2240,COC(=O)C1=CCC23CCC(C(C)(C=CC=C(C)C(=O)Oc4cccc5c4C(=O)N(C4CCC(=O)NC4=O)C5=O)OC2=O)C3(OC(C)=O)CC1
2241,COC(=O)C1=CCC23CCC(C(C)(C=CC=C(C)C(=O)OCOc4cccc5c4C(=O)N(C4CCC(=O)NC4=O)C5=O)OC2=O)C3(OC(C)=O)CC1
2242,COC(=O)C1=CCC23CCC(C(C)(C=CC=C(C)C(=O)OCCOc4cccc5c4C(=O)N(C4CCC(=O)NC4=O)C5=O)OC2=O)C3(OC(C)=O)CC1
2243,COC(=O)C1=CCC23CCC(C(C)(C=CC=C(C)C(=O)OCCCOc4cccc5c4C(=O)N(C4CCC(=O)NC4=O)C5=O)OC2=O)C3(OC(C)=O)CC1
2244,COC(=O)C1=CCC23CCC(C(C)(C=CC=C(C)C(=O)OCCCCCOc4cccc5c4C(=O)N(C4CCC(=O)NC4=O)C5=O)OC2=O)C3(OC(C)=O)CC1
2245,COC(=O)C1=CCC23CCC(C(C)(C=CC=C(C)C(=O)OCCCCCCCOc4cccc5c4C(=O)N(C4CCC(=O)NC4=O)C5=O)OC2=O)C3(OC(C)=O)CC1
2246,COC(=O)C1=CCC23CCC(C(C)(C=CC=C(C)C(=O)OCCOCCOCCOc4cccc5c4C(=O)N(C4CCC(=O)NC4=O)C5=O)OC2=O)C3(OC(C)=O)CC1
2247,COC(=O)C1=CCC23CCC(C(C)(C=CC=C(C)C(=O)OCCOCCOCCOCCOc4cccc5c4C(=O)N(C4CCC(=O)NC4=O)C5=O)OC2=O)C3(OC(C)=O)CC1
2248,COC(=O)C1=CCC23CCC(C(C)(C=CC=C(C)C(=O)NCCNc4cccc5c4C(=O)N(C4CCC(=O)NC4=O)C5=O)OC2=O)C3(OC(C)=O)CC1
2249,COC(=O)C1=CCC23CCC(C(C)(C=CC=C(C)C(=O)NCCCNc4cccc5c4C(=O)N(C4CCC(=O)NC4=O)C5=O)OC2=O)C3(OC(C)=O)CC1
2250,COC(=O)C1=CCC23CCC(C(C)(C=CC=C(C)C(=O)NCCCCNc4cccc5c4C(=O)N(C4CCC(=O)NC4=O)C5=O)OC2=O)C3(OC(C)=O)CC1
2251,COC(=O)C1=CCC23CCC(C(C)(C=CC=C(C)C(=O)NCCCCCCNc4cccc5c4C(=O)N(C4CCC(=O)NC4=O)C5=O)OC2=O)C3(OC(C)=O)CC1
2252,COC(=O)C1=CCC23CCC(C(C)(C=CC=C(C)C(=O)N4CCN(c5cccc6c5C(=O)N(C5CCC(=O)NC5=O)C6=O)CC4)OC2=O)C3(OC(C)=O)CC1
2253,COC(=O)C1=CCC23CCC(C(C)(C=CC=C(C)C(=O)NC4CCN(c5cccc6c5C(=O)N(C5CCC(=O)NC5=O)C6=O)CC4)OC2=O)C3(OC(C)=O)CC1
2254,COC(=O)C1=CCC23CCC(C(C)(C=CC=C(C)C(=O)N4CCC(Nc5cccc6c5C(=O)N(C5CCC(=O)NC5=O)C6=O)CC4)OC2=O)C3(OC(C)=O)CC1
2262,N#Cc1ccc(OC2CC3CCC(C2)N3C(=O)c2ccc(N3CCN(CCCCCCCCCOc4cccc5c4C(=O)N(C4CCC(=O)NC4=O)C5=O)CC3)cc2)cc1Cl
2263,N#Cc1ccc(OC2CC3CCC(C2)N3C(=O)c2ccc(N3CCN(CCCCCCCCCNc4cccc5c4C(=O)N(C4CCC(=O)NC4=O)C5=O)CC3)cc2)cc1Cl
2264,N#Cc1ccc(OC2CC3CCC(C2)N3C(=O)c2ccc(N3CCN(CCCCCCCCNc4cccc5c4C(=O)N(C4CCC(=O)NC4=O)C5=O)CC3)cc2)cc1Cl
2265,N#Cc1ccc(OC2CC3CCC(C2)N3C(=O)c2ccc(N3CCN(CCCCCCCNc4cccc5c4C(=O)N(C4CCC(=O)NC4=O)C5=O)CC3)cc2)cc1Cl
2266,N#Cc1ccc(OC2CC3CCC(C2)N3C(=O)c2cnc(N3CCN(CCCCNc4cccc5c4C(=O)N(C4CCC(=O)NC4=O)C5=O)CC3)nc2)cc1Cl
2267,N#Cc1ccc(OC2CC3CCC(C2)N3C(=O)c2cnc(N3CCN(CCCNc4cccc5c4C(=O)N(C4CCC(=O)NC4=O)C5=O)CC3)nc2)cc1Cl
2268,N#Cc1ccc(OC2CC3CCC(C2)N3C(=O)c2cnc(N3CCN(CCCCCNc4cccc5c4C(=O)N(C4CCC(=O)NC4=O)C5=O)CC3)nc2)cc1Cl
2269,N#Cc1ccc(OC2CC3CCC(C2)N3C(=O)c2cnc(N3CCN(CCCCCCNc4cccc5c4C(=O)N(C4CCC(=O)NC4=O)C5=O)CC3)nc2)cc1Cl
2270,N#Cc1ccc(OC2CC3CCC(C2)N3C(=O)c2cnc(N3CCN(CCCCCCCNc4cccc5c4C(=O)N(C4CCC(=O)NC4=O)C5=O)CC3)nc2)cc1Cl
2271,N#Cc1ccc(OC2CC3CCC(C2)N3C(=O)c2cnc(N3CCN(CCCCCCNc4ccc5c(c4)C(=O)N(C4CCC(=O)NC4=O)C5=O)CC3)nc2)cc1Cl
2272,N#Cc1ccc(OC2CC3CCC(C2)N3C(=O)c2cnc(N3CCN(CCCCCNc4ccc5c(c4)C(=O)N(C4CCC(=O)NC4=O)C5=O)CC3)nc2)cc1Cl
2273,N#Cc1ccc(OC2CC3CCC(C2)N3C(=O)c2cnc(N3CCN(CCCCNc4ccc5c(c4)C(=O)N(C4CCC(=O)NC4=O)C5=O)CC3)nc2)cc1Cl
2274,N#Cc1ccc(OC2CC3CCC(C2)N3C(=O)c2cnc(N3CCN(CCCNc4ccc5c(c4)C(=O)N(C4CCC(=O)NC4=O)C5=O)CC3)nc2)cc1Cl
2275,N#Cc1ccc(OC2CC3CCC(C2)N3C(=O)c2cnc(N3CCN(CCCCCCCNc4ccc5c(c4)C(=O)N(C4CCC(=O)NC4=O)C5=O)CC3)nc2)cc1Cl
2276,N#Cc1ccc(OC2CC3CCC(C2)N3C(=O)c2ccc(C#CC3CCN(C4CCN(c5ccc6c(c5)C(=O)N(C5CCC(=O)NC5=O)C6=O)CC4)CC3)cc2)cc1Cl
2277,CC12CC(NC(=O)c3ccc(N4CCN(CCCCCCCCNc5ccc6c(c5)C(=O)N(C5CCC(=O)NC5=O)C6=O)CC4)cc3)CC1(C)CC(Oc1ccc(C#N)c(Cl)c1)C2
2278,CC12CC(NC(=O)c3ccc(N4CCN(CCCCCCCCCNc5ccc6c(c5)C(=O)N(C5CCC(=O)NC5=O)C6=O)CC4)cc3)CC1(C)CC(Oc1ccc(C#N)c(Cl)c1)C2
2279,CC12CC(NC(=O)c3ccc(N4CCN(CCCCCNc5ccc6c(c5)C(=O)N(C5CCC(=O)NC5=O)C6=O)CC4)cc3)CC1(C)CC(Oc1ccc(C#N)c(Cl)c1)C2
2280,CC12CC(NC(=O)c3ccc(N4CCN(CCCCCCNc5ccc6c(c5)C(=O)N(C5CCC(=O)NC5=O)C6=O)CC4)cc3)CC1(C)CC(Oc1ccc(C#N)c(Cl)c1)C2
2281,CC12CC(NC(=O)c3ccc(N4CCN(CCCCCCCNc5ccc6c(c5)C(=O)N(C5CCC(=O)NC5=O)C6=O)CC4)cc3)CC1(C)CC(Oc1ccc(C#N)c(Cl)c1)C2
2282,Cc1ncsc1-c1ccc(C(CC(=O)NCCCCCCCCCN2CCN(c3ccc(C(=O)N4C5CCC4CC(Oc4ccc(C#N)c(Cl)c4)C5)cc3)CC2)NC(=O)C2CC(O)CN2C(=O)C(NC(=O)C2(F)CC2)C(C)(C)C)cc1
2283,Cc1ncsc1-c1ccc(C(CC(=O)NCCCCCCCCN2CCN(c3ccc(C(=O)N4C5CCC4CC(Oc4ccc(C#N)c(Cl)c4)C5)cc3)CC2)NC(=O)C2CC(O)CN2C(=O)C(NC(=O)C2(F)CC2)C(C)(C)C)cc1
2284,Cc1ncsc1-c1ccc(C(CC(=O)NCCCCCCCN2CCN(c3ccc(C(=O)N4C5CCC4CC(Oc4ccc(C#N)c(Cl)c4)C5)cc3)CC2)NC(=O)C2CC(O)CN2C(=O)C(NC(=O)C2(F)CC2)C(C)(C)C)cc1
2285,Cc1ncsc1-c1ccc(CNC(=O)C2CC(O)CN2C(=O)C(NC(=O)COCCN2CCN(c3ccc(C(=O)N4C5CCC4CC(Oc4ccc(C#N)c(Cl)c4)C5)cc3)CC2)C(C)(C)C)cc1
2286,Cc1ncsc1-c1ccc(CNC(=O)C2CC(O)CN2C(=O)C(NC(=O)CN2CCN(c3ccc(C(=O)N4C5CCC4CC(Oc4ccc(C#N)c(Cl)c4)C5)cc3)CC2)C(C)(C)C)cc1
2287,Cc1ncsc1-c1ccc(CNC(=O)C2CC(O)CN2C(=O)C(NC(=O)CCN2CCN(c3ccc(C(=O)N4C5CCC4CC(Oc4ccc(C#N)c(Cl)c4)C5)cc3)CC2)C(C)(C)C)cc1
2288,Cc1ncsc1-c1ccc(C(C)NC(=O)C2CC(O)CN2C(=O)C(NC(=O)COCCN2CCN(c3ccc(C(=O)N4C5CCC4CC(Oc4ccc(C#N)c(Cl)c4)C5)nn3)CC2)C(C)(C)C)cc1
2289,Cc1ncsc1-c1ccc(C(C)NC(=O)C2CC(O)CN2C(=O)C(NC(=O)COCCN2CCN(c3ccc(C(=O)N4C5CCC4CC(Oc4ccc(C#N)c(Cl)c4)C5)cc3)CC2)C(C)(C)C)cc1
2290,Cc1ncsc1-c1ccc(C(C)NC(=O)C2CC(O)CN2C(=O)C(NC(=O)COCCN2CCN(c3ccc(C(=O)N4C5CCC4CC(Oc4ccc(C#N)c(Cl)c4)C5)cn3)CC2)C(C)(C)C)cc1
2291,Cc1ncsc1-c1ccc(C(C)NC(=O)C2CC(O)CN2C(=O)C(NC(=O)COCCN2CCN(c3cnc(C(=O)N4C5CCC4CC(Oc4ccc(C#N)c(Cl)c4)C5)cn3)CC2)C(C)(C)C)cc1
2292,Cc1ncsc1-c1ccc(C(C)NC(=O)C2CC(O)CN2C(=O)C(NC(=O)COCCN2CCN(c3ncc(C(=O)N4C5CCC4CC(Oc4ccc(C#N)c(Cl)c4)C5)cn3)CC2)C(C)(C)C)cc1
2293,Cc1ncsc1-c1ccc(C(C)NC(=O)C2CC(O)CN2C(=O)C(NC(=O)COCCN2CCN(c3ccc(C(=O)N4C5CCC4CC(Oc4ccc(C#N)c(Cl)c4)C5)nc3)CC2)C(C)(C)C)cc1
2315,Cc1ncsc1-c1ccc(CNC(=O)C2CC(O)CN2C(=O)C(NC(=O)CCCCCC(=O)n2nc(N)c3c(-c4cccc(NC(=O)Nc5cccc(C(C)C)c5)c4)cccc32)C(C)(C)C)cc1
2316,Cc1ncsc1-c1ccc(CNC(=O)C2CC(O)CN2C(=O)C(NC(=O)CCCCCCCCCCC(=O)n2nc(N)c3c(-c4cccc(NC(=O)Nc5cccc(C(C)C)c5)c4)cccc32)C(C)(C)C)cc1
2317,Cc1ncsc1-c1ccc(CNC(=O)C2CC(O)CN2C(=O)C(NC(=O)CCCCCCCCCCCCCCC(=O)n2nc(N)c3c(-c4cccc(NC(=O)Nc5cccc(C(C)C)c5)c4)cccc32)C(C)(C)C)cc1
2318,Cc1ccc(F)c(NC(=O)Nc2ccc(-c3cccc4c3c(N)nn4C(=O)CCCCCC(=O)NC(C(=O)N3CC(O)CC3C(=O)NCc3ccc(-c4scnc4C)cc3)C(C)(C)C)cc2)c1
2319,Cc1ccc(F)c(NC(=O)Nc2ccc(-c3cccc4c3c(N)nn4C(=O)CCCCCCCCCCC(=O)NC(C(=O)N3CC(O)CC3C(=O)NCc3ccc(-c4scnc4C)cc3)C(C)(C)C)cc2)c1
2320,Cc1ccc(F)c(NC(=O)Nc2ccc(-c3cccc4c3c(N)nn4C(=O)CCCCCCCCCCCCCCC(=O)NC(C(=O)N3CC(O)CC3C(=O)NCc3ccc(-c4scnc4C)cc3)C(C)(C)C)cc2)c1
2367,Cc1ncsc1-c1ccc(CNC(=O)C2CC(O)CN2C(=O)C(NC(=O)CCCCCCN2CCN(c3ccc(Nc4ncc5nc(Nc6ccccc6)n(C6CCCC6)c5n4)cc3)CC2)C(C)(C)C)cc1
2368,Cc1ncsc1-c1ccc(CNC(=O)C2CC(O)CN2C(=O)C(NC(=O)CCCCCCCN2CCN(c3ccc(Nc4ncc5nc(Nc6ccccc6)n(C6CCCC6)c5n4)cc3)CC2)C(C)(C)C)cc1
2372,Cc1ncsc1-c1ccc(CNC(=O)C2CC(O)CN2C(=O)C(NCCOCCOCCN2CCN(c3ccc(Nc4ncc5nc(Nc6ccccc6)n(C6CCCC6)c5n4)cc3)CC2)C(C)(C)C)cc1
2373,Cc1ncsc1-c1ccc(CNC(=O)C2CC(O)CN2C(=O)C(NCCOCCOCCOCCN2CCN(c3ccc(Nc4ncc5nc(Nc6ccccc6)n(C6CCCC6)c5n4)cc3)CC2)C(C)(C)C)cc1
2374,Cc1ncsc1-c1ccc(CNC(=O)C2CC(O)CN2C(=O)C(NCCOCCOCCOCCOCCN2CCN(c3ccc(Nc4ncc5nc(Nc6ccccc6)n(C6CCCC6)c5n4)cc3)CC2)C(C)(C)C)cc1
2376,CC(C)Nc1cc(-n2ccc3cc(C#N)cnc32)ncc1C(=O)NC1CCC(C(=O)NCCNC(=O)COc2cccc3c2C(=O)N(C2CCC(=O)NC2=O)C3=O)CC1
2377,CC(C)Nc1cc(-n2ccc3cc(C#N)cnc32)ncc1C(=O)NC1CCC(C(=O)NCCCNC(=O)COc2cccc3c2C(=O)N(C2CCC(=O)NC2=O)C3=O)CC1
2378,CC(C)Nc1cc(-n2ccc3cc(C#N)cnc32)ncc1C(=O)NC1CCC(C(=O)NCCCCNC(=O)COc2cccc3c2C(=O)N(C2CCC(=O)NC2=O)C3=O)CC1
2379,CC(C)Nc1cc(-n2ccc3cc(C#N)cnc32)ncc1C(=O)NC1CCC(C(=O)NCCCCCNC(=O)COc2cccc3c2C(=O)N(C2CCC(=O)NC2=O)C3=O)CC1
2380,CC(C)Nc1cc(-n2ccc3cc(C#N)cnc32)ncc1C(=O)NC1CCC(C(=O)NCCOCCNC(=O)COc2cccc3c2C(=O)N(C2CCC(=O)NC2=O)C3=O)CC1
2381,CC(C)Nc1cc(-n2ccc3cc(C#N)cnc32)ncc1C(=O)NC1CCC(C(=O)NCCOCCOCCNC(=O)COc2cccc3c2C(=O)N(C2CCC(=O)NC2=O)C3=O)CC1
2382,CC(C)Nc1cc(-n2ccc3cc(C#N)cnc32)ncc1C(=O)NC1CCC(C(=O)NCCOCCOCCOCCNC(=O)COc2cccc3c2C(=O)N(C2CCC(=O)NC2=O)C3=O)CC1
2383,CC(C)Nc1cc(-n2ccc3cc(C#N)cnc32)ncc1C(=O)NC1CCC(C(=O)NCCOCCOCCOCCOCCNC(=O)COc2cccc3c2C(=O)N(C2CCC(=O)NC2=O)C3=O)CC1
2387,CCCNNC(=O)c1ccc(-c2ccc(NC(=O)CCC(=O)NC(C(=O)N3CC(O)CC3C(=O)NC(C)c3ccc(-c4scnc4C)cc3)C(C)(C)C)cc2)cc1
2388,CCCNNC(=O)c1ccc(-c2ccc(NC(=O)CCCCC(=O)NC(C(=O)N3CC(O)CC3C(=O)NC(C)c3ccc(-c4scnc4C)cc3)C(C)(C)C)cc2)cc1
2389,CCCNNC(=O)c1ccc(-c2ccc(NC(=O)CCCCCCC(=O)NC(C(=O)N3CC(O)CC3C(=O)NC(C)c3ccc(-c4scnc4C)cc3)C(C)(C)C)cc2)cc1
2390,CCCNNC(=O)c1ccc(-c2ccc(NC(=O)CCCCCCCCC(=O)NC(C(=O)N3CC(O)CC3C(=O)NC(C)c3ccc(-c4scnc4C)cc3)C(C)(C)C)cc2)cc1
2401,CC(=O)c1c(C)c2cnc(Nc3ccc(N4CCN(CCCCCCCC(=O)NC(C(=O)N5CC(O)CC5C(=O)NCc5ccc(-c6scnc6C)cc5)C(C)(C)C)CC4)cn3)nc2n(C2CCCC2)c1=O
2402,CC(=O)c1c(C)c2cnc(Nc3ccc(N4CCN(CCOCCOCC(=O)NC(C(=O)N5CC(O)CC5C(=O)NCc5ccc(-c6scnc6C)cc5)C(C)(C)C)CC4)cn3)nc2n(C2CCCC2)c1=O
2403,CC(=O)c1c(C)c2cnc(Nc3ccc(N4CCN(CCOCCOCCOCC(=O)NC(C(=O)N5CC(O)CC5C(=O)NCc5ccc(-c6scnc6C)cc5)C(C)(C)C)CC4)cn3)nc2n(C2CCCC2)c1=O
2404,CC(=O)c1c(C)c2cnc(Nc3ccc(N4CCN(CCCCCCOCCCCCOCCCCC(=O)NC(C(=O)N5CC(O)CC5C(=O)NCc5ccc(-c6scnc6C)cc5)C(C)(C)C)CC4)cn3)nc2n(C2CCCC2)c1=O
2405,CC(=O)c1c(C)c2cnc(Nc3ccc(N4CCN(CCCCCCCCOc5cc(-c6scnc6C)ccc5CNC(=O)C5CC(O)CN5C(=O)C(C(C)C)N5Cc6ccccc6C5=O)CC4)cn3)nc2n(C2CCCC2)c1=O
2406,CC(=O)c1c(C)c2cnc(Nc3ccc(N4CCN(CCOCCOCCOc5cc(-c6scnc6C)ccc5CNC(=O)C5CC(O)CN5C(=O)C(C(C)C)N5Cc6ccccc6C5=O)CC4)cn3)nc2n(C2CCCC2)c1=O
2407,CC(=O)c1c(C)c2cnc(Nc3ccc(N4CCN(CCOCCOCCOCCOc5cc(-c6scnc6C)ccc5CNC(=O)C5CC(O)CN5C(=O)C(C(C)C)N5Cc6ccccc6C5=O)CC4)cn3)nc2n(C2CCCC2)c1=O
2408,CC(=O)c1c(C)c2cnc(Nc3ccc(N4CCN(CCCCCCOCCCCCOCCCCCOc5cc(-c6scnc6C)ccc5CNC(=O)C5CC(O)CN5C(=O)C(C(C)C)N5Cc6ccccc6C5=O)CC4)cn3)nc2n(C2CCCC2)c1=O
2409,CC(=O)c1c(C)c2cnc(Nc3ccc(N4CCN(CCOCCOCCOc5cc(-c6scnc6C)ccc5CNC(=O)C5CC(O)CN5C(=O)C(NC(=O)C5(C#N)CC5)C(C)(C)C)CC4)cn3)nc2n(C2CCCC2)c1=O
2410,CC(=O)c1c(C)c2cnc(Nc3ccc(N4CCN(CCOCCOCCOc5cc(-c6scnc6C)ccc5CNC(=O)C5CC(O)CN5C(=O)C(NC(=O)C5(F)CC5)C(C)(C)C)CC4)cn3)nc2n(C2CCCC2)c1=O
2411,CNC(C)C(=O)NC(C(=O)N1CC(Oc2cccc(OCCOCCOCCOCCN3CCN(c4ccc(Nc5ncc6c(C)c(C(C)=O)c(=O)n(C7CCCC7)c6n5)nc4)CC3)c2)CC1C(=O)NC1CCCc2ccccc21)C1CCCCC1
2412,COc1cc(C(=O)NCCOCCOCCOCCN2CCN(c3ccc(Nc4ncc5c(C)c(C(C)=O)c(=O)n(C6CCCC6)c5n4)nc3)CC2)ccc1NC(=O)C1NC(CC(C)(C)C)C(C#N)(c2ccc(Cl)cc2F)C1c1cccc(Cl)c1F
2418,COc1cc(Nc2ncc3c(n2)-c2ccc(Cl)cc2C(c2c(F)cccc2OC)=NC3)ccc1C(=O)NCCOCCOCCC(=O)NC(C(=O)N1CC(O)CC1C(=O)NCc1ccc(-c2scnc2C)cc1)C(C)(C)C
2419,COc1cc(Nc2ncc3c(n2)-c2ccc(Cl)cc2C(c2c(F)cccc2OC)=NC3)ccc1C(=O)NCCOCCOCCOCCOCCC(=O)NC(C(=O)N1CC(O)CC1C(=O)NCc1ccc(-c2scnc2C)cc1)C(C)(C)C
2429,Cc1ncsc1-c1ccc(CNC(=O)C2CC(O)CN2C(=O)C(NC(=O)CCC(=O)NCCCCCCNc2nccc(-c3sc(C(C)(C)C)nc3-c3cccc(NS(=O)(=O)c4c(F)cccc4F)c3F)n2)C(C)(C)C)cc1
2430,Cc1ncsc1-c1ccc(CNC(=O)C2CC(O)CN2C(=O)C(NC(=O)CCOCCOCCOCCOCCC(=O)N2CCC(c3nc(-c4cccc(NS(=O)(=O)c5c(F)cccc5F)c4F)c(-c4ccnc(N)n4)s3)CC2)C(C)(C)C)cc1
2438,CNC(C)C(=O)NC(C(=O)N1Cc2cc(OCCOCCOC(=O)N3CCCC(n4nc(-c5ccc(Oc6ccc(F)cc6F)cc5)c(C(N)=O)c4N)C3)ccc2CC1C(=O)NC1CCCc2ccccc21)C(C)(C)C
2439,CNC(C)C(=O)NC(C(=O)N1Cc2cc(OCc3cnc(COC(=O)N4CCCC(n5nc(-c6ccc(Oc7ccc(F)cc7F)cc6)c(C(N)=O)c5N)C4)cn3)ccc2CC1C(=O)NC1CCCc2ccccc21)C(C)(C)C
2440,CNC(C)C(=O)NC(C(=O)N1CCCC1c1nc(C(=O)c2ccc(F)cc2)cs1)C1CCN(CCCC(=O)N2CCCC(n3nc(-c4ccc(Oc5ccc(F)cc5F)cc4)c(C(N)=O)c3N)C2)CC1
2445,CCCS(=O)(=O)Nc1ccc(F)c(C(=O)c2c[nH]c3ncc(-c4ccc(N5CCN(CC(=O)NC(C(=O)N6CC(O)CC6C(=O)NCc6ccc(-c7scnc7C)cc6)C(C)(C)C)CC5)cc4)cc23)c1F
2446,CCCS(=O)(=O)Nc1ccc(F)c(C(=O)c2c[nH]c3ncc(-c4ccc(OCCCC(=O)NC(C(=O)N5CC(O)CC5C(=O)NCc5ccc(-c6scnc6C)cc5)C(C)(C)C)cc4)cc23)c1F
2447,CCCS(=O)(=O)Nc1ccc(F)c(C(=O)c2c[nH]c3ncc(-c4ccc(OCCOCC(=O)NC(C(=O)N5CC(O)CC5C(=O)NCc5ccc(-c6scnc6C)cc5)C(C)(C)C)cc4)cc23)c1F
2448,CN(CCCNC(=O)CNc1cccc2c1C(=O)N(C1CCC(=O)NC1=O)C2=O)C(C)(C)C=C(C#N)C(=O)N1CCCC(n2nc(-c3ccc(Oc4ccccc4)cc3)c3c(N)ncnc32)C1
2449,CN(CCCCNC(=O)CNc1cccc2c1C(=O)N(C1CCC(=O)NC1=O)C2=O)C(C)(C)C=C(C#N)C(=O)N1CCCC(n2nc(-c3ccc(Oc4ccccc4)cc3)c3c(N)ncnc32)C1
2450,CN(CCOCCNC(=O)CNc1cccc2c1C(=O)N(C1CCC(=O)NC1=O)C2=O)C(C)(C)C=C(C#N)C(=O)N1CCCC(n2nc(-c3ccc(Oc4ccccc4)cc3)c3c(N)ncnc32)C1
2451,CN(CCOCCOCCNC(=O)CNc1cccc2c1C(=O)N(C1CCC(=O)NC1=O)C2=O)C(C)(C)C=C(C#N)C(=O)N1CCCC(n2nc(-c3ccc(Oc4ccccc4)cc3)c3c(N)ncnc32)C1
2452,CN(CCOCCOCCOCCNC(=O)CNc1cccc2c1C(=O)N(C1CCC(=O)NC1=O)C2=O)C(C)(C)C=C(C#N)C(=O)N1CCCC(n2nc(-c3ccc(Oc4ccccc4)cc3)c3c(N)ncnc32)C1
2453,CN(CCNC(=O)CNc1cccc2c1C(=O)N(C1CCC(=O)NC1=O)C2=O)C(C)(C)C=C(C#N)C(=O)N1CCCC(n2nc(-c3ccc(Oc4ccccc4)cc3)c3c(N)ncnc32)C1
2454,CN(CCCCNc1cccc2c1C(=O)N(C1CCC(=O)NC1=O)C2=O)C(C)(C)C=C(C#N)C(=O)N1CCCC(n2nc(-c3ccc(Oc4ccccc4)cc3)c3c(N)ncnc32)C1
2455,CN(CCCNc1cccc2c1C(=O)N(C1CCC(=O)NC1=O)C2=O)C(C)(C)C=C(C#N)C(=O)N1CCCC(n2nc(-c3ccc(Oc4ccccc4)cc3)c3c(N)ncnc32)C1
2456,CN(CCCNC(=O)COc1cccc2c1C(=O)N(C1CCC(=O)NC1=O)C2=O)C(C)(C)C=C(C#N)C(=O)N1CCCC(n2nc(-c3ccc(Oc4ccccc4)cc3)c3c(N)ncnc32)C1
2457,CN(CC=CC(=O)N1CCCC(n2nc(-c3ccc(Oc4ccccc4)cc3)c3c(N)ncnc32)C1)CCCNC(=O)CNc1cccc2c1C(=O)N(C1CCC(=O)NC1=O)C2=O
2458,CN(CCCNC(=O)CNc1cccc2c1C(=O)N(C1CCC(=O)NC1=O)C2=O)CCCC(=O)N1CCCC(n2nc(-c3ccc(Oc4ccccc4)cc3)c3c(N)ncnc32)C1
2459,CN(CC=CC(=O)N1CCCC(n2nc(-c3ccc(Oc4ccccc4)cc3)c3c(N)ncnc32)C1)CCOCCNC(=O)CNc1cccc2c1C(=O)N(C1CCC(=O)NC1=O)C2=O
2460,CN(CCCC(=O)N1CCCC(n2nc(-c3ccc(Oc4ccccc4)cc3)c3c(N)ncnc32)C1)CCOCCNC(=O)CNc1cccc2c1C(=O)N(C1CCC(=O)NC1=O)C2=O
2461,CN(CCCNC(=O)CNc1cccc2c1C(=O)N(C1CCC(=O)NC1=O)C2=O)C(C)(C)CC(C#N)C(=O)N1CCCC(n2nc(-c3ccc(Oc4ccccc4)cc3)c3c(N)ncnc32)C1
2462,CN(CCCNC(=O)CNc1cccc2c1C(=O)N(C1CCC(=O)NC1=O)C2=O)C(C)(C)C=CC(=O)N1CCCC(n2nc(-c3ccc(Oc4ccccc4)cc3)c3c(N)ncnc32)C1
2463,CN(CC=CC(=O)N1CCCC(n2nc(-c3ccc(Oc4ccccc4)cc3)c3c(N)ncnc32)C1)CCOCCNC(=O)CNc1ccc2c(c1)C(=O)N(C1CCC(=O)NC1=O)C2=O
2464,CN(CCCC(=O)N1CCCC(n2nc(-c3ccc(Oc4ccccc4)cc3)c3c(N)ncnc32)C1)CCOCCNC(=O)CNc1ccc2c(c1)C(=O)N(C1CCC(=O)NC1=O)C2=O
2465,CN(CCOCCNC(=O)CNc1ccc2c(c1)C(=O)N(C1CCC(=O)NC1=O)C2=O)C(C)(C)C=C(C#N)C(=O)N1CCCC(n2nc(-c3ccc(Oc4ccccc4)cc3)c3c(N)ncnc32)C1
2466,CCCNc1nc(Nc2ccc(C#N)cc2)ncc1C#CCCCNC(=O)C(C)N(C)C(=O)C=CCN(C)CCCNC(=O)CCNc1cccc2c1C(=O)N(C1CCC(=O)NC1=O)C2=O
2467,CCCNc1nc(Nc2ccc(C#N)cc2)ncc1C#CCCCNC(=O)C(C)N(C)C(=O)CCCN(C)CCCNC(=O)CCNc1cccc2c1C(=O)N(C1CCC(=O)NC1=O)C2=O
2468,CCCNc1nc(Nc2ccc(C#N)cc2)ncc1C#CCCCNC(=O)C(C)N(C)C(=O)C(C#N)=CC(C)(C)N(C)CCCNC(=O)CCNc1cccc2c1C(=O)N(C1CCC(=O)NC1=O)C2=O
2469,CCC(C(=O)N1CCCCC1C(=O)OC(CCc1ccc(OC)c(OC)c1)c1ccccc1OCC(=O)NCCCCCCC(=O)NC(C(=O)N1CC(O)CC1C(=O)NC(C)c1ccc(-c2scnc2C)cc1)C(C)(C)C)c1cc(OC)c(OC)c(OC)c1
2470,CCC(C(=O)N1CCCCC1C(=O)OC(CCc1ccc(OC)c(OC)c1)c1ccccc1OCC(=O)NCCOCCOCCOCC(=O)NC(C(=O)N1CC(O)CC1C(=O)NC(C)c1ccc(-c2scnc2C)cc1)C(C)(C)C)c1cc(OC)c(OC)c(OC)c1
2474,Cc1ncsc1-c1ccc(C(C)NC(=O)C2CC(O)CN2C(=O)C(NC(=O)CCCCNC(=O)COc2c(-c3csc(N4CCOCC4)n3)ccc(F)c2F)C(C)(C)C)cc1
2482,CC(C)CC(NC(=O)C(O)C(N)Cc1ccccc1)C(=O)NCCCCCC(=O)Nc1ccc(NC(=O)CCCCCCC(=O)NO)cc1
2483,CC(C)CC(NC(=O)C(O)C(N)Cc1ccccc1)C(=O)NCCOCCOCCNC(=O)c1cccc(C(=O)NO)c1
2484,CC(C)CC(NC(=O)C(O)C(N)Cc1ccccc1)C(=O)NCCOCCOCC(=O)Nc1cccc(C(=O)NO)c1
2491,CC1Cc2c([nH]c3ccccc23)C(c2cnc(N3CCC(CCN4CCN(c5ccc6c(c5)CN(C5CCC(=O)NC5=O)C6=O)CC4)CC3)nc2)N1CC(C)(C)F
2492,CC1Cc2c([nH]c3ccccc23)C(c2cnc(N3CCC(OCCN4CCN(c5ccc6c(c5)CN(C5CCC(=O)NC5=O)C6=O)CC4)CC3)nc2)N1CC(C)(C)F
2493,CC1Cc2c([nH]c3ccccc23)C(c2c(F)cc(OCCCCCN3CCN(c4ccc5c(c4)CN(C4CCC(=O)NC4=O)C5=O)CC3)cc2F)N1CC(C)(C)F
2494,CC1Cc2c([nH]c3ccccc23)C(c2cnc(N3CCC(CN4CCN(CC5CCN(c6ccc7c(c6)CN(C6CCC(=O)NC6=O)C7=O)CC5)CC4)CC3)nc2)N1CC(C)(C)F
2495,CC1Cc2c([nH]c3ccccc23)C(c2cnc(N3CCC4(CCN(CCC5CCN(c6ccc7c(c6)CN(C6CCC(=O)NC6=O)C7=O)CC5)CC4)CC3)nc2)N1CC(C)(C)F
2496,CC1Cc2c([nH]c3ccccc23)C(c2cnc(N3CCC(CCN4CCC5(CC4)CCN(c4ccc6c(c4)CN(C4CCC(=O)NC4=O)C6=O)CC5)CC3)nc2)N1CC(C)(C)F
2497,COc1cc(N2CCN(CCC3CCN(c4ncc(C5c6[nH]c7ccccc7c6CC(C)N5CC(C)(C)F)cn4)CC3)CC2)cc2c1C(=O)N(C1CCC(=O)NC1=O)C2
2498,CC1Cc2c([nH]c3ccccc23)C(c2cnc(N3CCC(CN4CCOC5(CC4)CCN(c4ccc6c(c4)CN(C4CCC(=O)NC4=O)C6=O)CC5)CC3)nc2)N1CC(C)(C)F
2499,CC1Cc2c([nH]c3ccccc23)C(c2cnc(N3CCC(CCN4CCOC5(CC4)CCN(c4ccc6c(c4)CN(C4CCC(=O)NC4=O)C6=O)CC5)CC3)nc2)N1CC(C)(C)F
2500,CC1Cc2c([nH]c3ccccc23)C(c2cnc(N3CCC4(CC3)CC(CN3CC5(CCN(c6ccc7c(c6)CN(C6CCC(=O)NC6=O)C7=O)CC5)C3)C4)nc2)N1CC(C)(C)F
2501,COc1cc(N2CCN(CC3CCN(c4ncc(C5c6[nH]c7ccccc7c6CC(C)N5CC(C)(C)F)cn4)CC3)CC2)cc2c1C(=O)N(C1CCC(=O)NC1=O)C2
2502,CC1Cc2c([nH]c3ccccc23)C(c2cnc(OC3CCC4(CC3)CCN(CC3CCN(c5ccc6c(c5)CN(C5CCC(=O)NC5=O)C6=O)CC3)CC4)nc2)N1CC(C)(C)F
2503,Cc1ncsc1-c1ccc(CNC(=O)C2CC(O)CN2C(=O)C(NC(=O)C2(F)CC2)C(C)(C)C)c(OCCc2ccc(OCCN3CCN(c4cc(-c5ccccc5O)nnc4N)CC3)cc2)c1
2504,Cc1ncsc1-c1ccc(CNC(=O)C2CC(O)CN2C(=O)C(NC(=O)C2(F)CC2)C(C)(C)C)c(OCCCOc2ccc(CN3CCN(c4cc(-c5ccccc5O)nnc4N)CC3)cc2)c1
2505,Cc1ncsc1-c1ccc(CNC(=O)C2CC(O)CN2C(=O)C(NC(=O)C2(F)CC2)C(C)(C)C)c(OCCCc2ccc(CN3CCN(c4cc(-c5ccccc5O)nnc4N)CC3)cc2)c1
2506,Cc1ncsc1-c1ccc(CNC(=O)C2CC(O)CN2C(=O)C(NC(=O)C2(F)CC2)C(C)(C)C)c(OCCc2ccc(CN3CCN(c4cc(-c5ccccc5O)nnc4N)CC3)c(F)c2)c1
2509,Cc1ncsc1-c1ccc(C(C)NC(=O)C2CC(O)CN2C(=O)C(NC(=O)CCCCCCCC(=O)NCCCNc2cc(Nc3cc(C4CC4)[nH]n3)nc(Nc3ccc(CC#N)cc3)n2)C(C)(C)C)cc1
2510,Cc1ncsc1-c1ccc(C(C)NC(=O)C2CC(O)CN2C(=O)C(NC(=O)CCCCCCCC(=O)N2CCC(NC3=Nc4cc(F)ccc4N(CC(F)F)c4ccc(Cl)cc43)C2)C(C)(C)C)cc1
2513,Cc1ncsc1-c1ccc(C(C)NC(=O)C2CC(O)CN2C(=O)C(NC(=O)CCCCCN2CCc3cc(Nc4ncc(C5CC5)c(NCCCNC(=O)C5CCC5)n4)ccc3C2)C(C)(C)C)cc1
2521,Cc1ccc(NC(=O)c2cccc(C(F)(F)F)c2)cc1N1Cc2cnc(Nc3ccc(N4CCN(CCCCC(=O)NC(C(=O)N5CC(O)CC5C(=O)NC(C)c5ccc(-c6scnc6C)cc5)C(C)(C)C)CC4)nc3)nc2N(C)C1=O
2522,Cc1ccc(NC(=O)c2cccc(C(F)(F)F)c2)cc1N1Cc2cnc(Nc3ccc(N4CCN(CCCCCC(=O)NC(C(=O)N5CC(O)CC5C(=O)NC(C)c5ccc(-c6scnc6C)cc5)C(C)(C)C)CC4)nc3)nc2N(C)C1=O
2523,CNC(C)C(=O)NC(C(=O)N1CCCC1c1nc(C(=O)c2cccc(OCCCCCn3cc(CN4CCN(c5ccc(Nc6ncc7c(n6)N(C)C(=O)N(c6cc(NC(=O)c8cccc(C(F)(F)F)c8)ccc6C)C7)cn5)CC4)nn3)c2)cs1)C1CCCCC1
2524,Cc1ccc(NC(=O)c2cccc(C(C)(C)C#N)c2)cc1Nc1ccc2ncn(CCOCCOCCC(=O)NC(C(=O)N3CC(O)CC3C(=O)NCc3ccc(-c4scnc4C)cc3)C(C)(C)C)c(=O)c2c1
2527,Nc1ncnc2c1c(-c1ccc(Oc3ccccc3)cc1)nn2C1CCCN(C(=O)CCCN2CCN(CCNC(=O)CCOCCOCCNc3cccc4c3C(=O)N(C3CCC(=O)NC3=O)C4=O)CC2)C1
2528,Cc1ncsc1-c1ccc(C(C)NC(=O)C2CC(O)CN2C(=O)C(NC(=O)CCOCCOCCNc2nccc(-c3sc(C(C)(C)C)nc3-c3cccc(NS(=O)(=O)c4c(F)cccc4F)c3F)n2)C(C)(C)C)cc1
2529,Cc1ncsc1-c1ccc(C(C)NC(=O)C2CC(O)CN2C(=O)C(NC(=O)COCCOCCOCCNC(=O)c2ccc(NC(=O)C3(C(=O)Nc4cc(F)c(Oc5ccnc(-c6cnn(C)c6)c5)cc4F)CC3)cc2)C(C)(C)C)cc1
2532,COc1cc(N2CCN(CCOCCOCCC(=O)NC(C(=O)N3CC(O)CC3C(=O)NC(C)c3ccc(-c4scnc4C)cc3)C(C)(C)C)CC2)ccc1Nc1ncc2c(n1)N(C)c1ccccc1C(=O)N2CC(F)(F)F
2533,Cc1ncsc1-c1ccc(C(C)NC(=O)C2CC(O)CN2C(=O)C(NC(=O)CCOCCOCCN2CCN(c3ccc(Nc4ncc(Cl)c(Nc5ccccc5S(=O)(=O)C(C)C)n4)cc3)CC2)C(C)(C)C)cc1
2537,Cc1ncsc1-c1ccc(C(C)NC(=O)C2CC(O)CN2C(=O)C(NC(=O)CCCCCCCCCOc2cccc(-c3ccc4nc(-c5cccnc5N)n(-c5ccc(CN)cc5)c4n3)c2)C(C)(C)C)cc1
2538,Cc1ncsc1-c1ccc(C(C)NC(=O)C2CC(O)CN2C(=O)C(NC(=O)CCOCCCNCC(C(=O)N2CCN(c3ncnc4c3C(C)CC4)CC2)c2ccc(Cl)cc2)C(C)(C)C)cc1
2539,CC1CC(O)c2ncnc(N3CCN(C(=O)C(CNCCCCCCCCNC(=O)COc4cccc5c4C(=O)N(C4CCC(=O)NC4=O)C5=O)c4ccc(Cl)cc4)CC3)c21
2540,CNc1cc(Nc2cc(C)cc(OCCOCCOCCOCCC(=O)NC(C(=O)N3CC(O)CC3C(=O)NC(C)c3ccc(-c4scnc4C)cc3)C(C)(C)C)c2)nn2c(C(N)=O)cnc12
2541,Cc1ncsc1-c1ccc(C(C)NC(=O)C2CC(O)CN2C(=O)C(NC(=O)CCOCCOCCNCC(Cc2cccc(F)c2)NC(=O)c2cc(-c3c(Cl)cnn3C)c(Cl)s2)C(C)(C)C)cc1
2542,Cc1ncsc1-c1ccc(C(C)NC(=O)C2CC(O)CN2C(=O)C(NC(=O)CCCCOc2ccccc2-c2ccc3nc(-c4cccnc4N)n(-c4ccc(C5(N)CCC5)cc4)c3n2)C(C)(C)C)cc1
2545,Cc1cnc(Nc2ccc(N3CCN(CCOCCOCCC(=O)NC(C(=O)N4CC(O)CC4C(=O)NC(C)c4ccc(-c5scnc5C)cc4)C(C)(C)C)CC3)cc2)nc1Nc1cccc(S(=O)(=O)NC(C)(C)C)c1
2546,Cc1cnc(Nc2ccc(N3CCN(CCCCCCC(=O)NC(C(=O)N4CC(O)CC4C(=O)NC(C)c4ccc(-c5scnc5C)cc4)C(C)(C)C)CC3)cc2)nc1Nc1cccc(S(=O)(=O)NC(C)(C)C)c1
2547,Cc1ncsc1-c1ccc(C(C)NC(=O)C2CC(O)CN2C(=O)C(NC(=O)CCCCCCN2CCN(c3cccc(Nc4nc5c(-c6ccc(S(C)(=O)=O)cc6)cccn5n4)c3)CC2)C(C)(C)C)cc1
2548,Cc1ncsc1-c1ccc(C(C)NC(=O)C2CC(O)CN2C(=O)C(NC(=O)CCCCCCc2ccc(Nc3ncc4c(n3)-c3ccccc3NC(=O)N4)cc2)C(C)(C)C)cc1
2550,CCc1cnn2c(N(Cc3ccc(N)nc3)C(=O)CCOCCOCCOCCNC(=O)CNc3cccc4c3C(=O)N(C3CCC(=O)NC3=O)C4=O)cc(N3CCCCC3CCO)nc12
2553,Cc1ncsc1-c1ccc(C(C)NC(=O)C2CC(O)CN2C(=O)C(NC(=O)CCCCCN2CCN(c3ccc(Nc4ncc5scc(-c6cccc(NS(C)(=O)=O)c6)c5n4)cc3)CC2)C(C)(C)C)cc1
2554,Nc1ncnc2c1c(-c1ccc(Oc3ccccc3)cc1)nn2C1CCC(N2CCN(CCOCCNC(=O)CNc3cccc4c3C(=O)N(C3CCC(=O)NC3=O)C4=O)CC2)CC1
2559,Nc1ncnc2c1c(-c1ccc(Oc3ccccc3)cc1)nn2C1CCC(N2CCN(CCCCCCNC(=O)COc3cccc4c3C(=O)N(C3CCC(=O)NC3=O)C4=O)CC2)CC1
2570,Cc1ncsc1-c1ccc(CNC(=O)C2CC(O)CN2C(=O)C(NC(=O)CCOCCOCCOCCN2CCC(C(=O)Nc3ncc(SCc4ncc(C(C)(C)C)o4)s3)CC2)C(C)(C)C)cc1
2574,CCc1cc2c(cc1N1CCC(N3CCN(C(=O)CCCCC(=O)NC(C(=O)N4CC(O)CC4C(=O)NCc4ccc(-c5scnc5C)cc4)C(C)(C)C)CC3)CC1)C(C)(C)c1[nH]c3cc(C#N)ccc3c1C2=O
2575,CCc1cc2c(cc1N1CCC(N3CCN(C(=O)CCCCCCCCC(=O)NC(C(=O)N4CC(O)CC4C(=O)NCc4ccc(-c5scnc5C)cc4)C(C)(C)C)CC3)CC1)C(C)(C)c1[nH]c3cc(C#N)ccc3c1C2=O
2604,CC1OCC2(CCN(c3cnc(Sc4cccc(NC(=O)CCC(=O)NCCOCCNc5cccc6c5C(=O)N(C5CCC(=O)NC5=O)C6=O)c4Cl)c(N)n3)CC2)C1N
2605,CC1OCC2(CCN(c3cnc(Sc4cccc(NC(=O)CCC(=O)NCCOCCOCCNc5cccc6c5C(=O)N(C5CCC(=O)NC5=O)C6=O)c4Cl)c(N)n3)CC2)C1N
2606,CC1OCC2(CCN(c3cnc(Sc4cccc(NC(=O)CCC(=O)NCCOCCOCCOCCNc5cccc6c5C(=O)N(C5CCC(=O)NC5=O)C6=O)c4Cl)c(N)n3)CC2)C1N
2607,CC1OCC2(CCN(c3cnc(Sc4cccc(NC(=O)CCC(=O)NCCCOCCOCCOCCCNc5cccc6c5C(=O)N(C5CCC(=O)NC5=O)C6=O)c4Cl)c(N)n3)CC2)C1N
2608,CC1CCC2(CCN(c3cnc(Sc4cccc(NC(=O)CCC(=O)NCCOCCNc5ccc6c(c5)C(=O)N(C5CCC(=O)NC5=O)C6=O)c4Cl)c(N)n3)CC2)C1N
2609,CC1CCC2(CCN(c3cnc(Sc4cccc(NC(=O)CCC(=O)NCCOCCOCCNc5ccc6c(c5)C(=O)N(C5CCC(=O)NC5=O)C6=O)c4Cl)c(N)n3)CC2)C1N
2610,CC1CCC2(CCN(c3cnc(Sc4cccc(NC(=O)CCC(=O)NCCOCCOCCOCCNc5ccc6c(c5)C(=O)N(C5CCC(=O)NC5=O)C6=O)c4Cl)c(N)n3)CC2)C1N
2611,CC1CCC2(CCN(c3cnc(Sc4cccc(NC(=O)CCC(=O)NCCCOCCOCCOCCCNc5ccc6c(c5)C(=O)N(C5CCC(=O)NC5=O)C6=O)c4Cl)c(N)n3)CC2)C1N
2612,CC1CCC2(CCN(c3cnc(Sc4cccc(NC(=O)CCC(=O)NCCCCCCCCNc5cccc6c5C(=O)N(C5CCC(=O)NC5=O)C6=O)c4Cl)c(N)n3)CC2)C1N
2613,CC1CCC2(CCN(c3cnc(Sc4cccc(NC(=O)CCC(=O)NCCCCCCCCCNc5cccc6c5C(=O)N(C5CCC(=O)NC5=O)C6=O)c4Cl)c(N)n3)CC2)C1N
2614,CC1CCC2(CCN(c3cnc(Sc4cccc(NC(=O)CCC(=O)NCCCCCCCCCCNc5cccc6c5C(=O)N(C5CCC(=O)NC5=O)C6=O)c4Cl)c(N)n3)CC2)C1N
2615,CC1CCC2(CCN(c3cnc(Sc4cccc(NC(=O)CCC(=O)NCCCCCCCCCCCNc5cccc6c5C(=O)N(C5CCC(=O)NC5=O)C6=O)c4Cl)c(N)n3)CC2)C1N
2616,CC1CCC2(CCN(c3cnc(Sc4cccc(NC(=O)CCC(=O)NCCCCCCCCCCCCNc5cccc6c5C(=O)N(C5CCC(=O)NC5=O)C6=O)c4Cl)c(N)n3)CC2)C1N
2617,CC1CCC2(CCN(c3cnc(Sc4cccc(NC(=O)CCC(=O)NCCCCCCCCCCCCCNc5cccc6c5C(=O)N(C5CCC(=O)NC5=O)C6=O)c4Cl)c(N)n3)CC2)C1N
2619,O=C(COc1cccc2c1C(=O)N(C1CCC(=O)NC1=O)C2=O)NCCCCN1CCCC(Nc2ncc(Cl)c(-c3c[nH]c4ccccc34)n2)C1
2620,O=C(COc1cccc2c1C(=O)N(C1CCC(=O)NC1=O)C2=O)NCCCCCN1CCCC(Nc2ncc(Cl)c(-c3c[nH]c4ccccc34)n2)C1
2621,O=C(COc1cccc2c1C(=O)N(C1CCC(=O)NC1=O)C2=O)NCCCCCCN1CCCC(Nc2ncc(Cl)c(-c3c[nH]c4ccccc34)n2)C1
2622,O=C(COc1cccc2c1C(=O)N(C1CCC(=O)NC1=O)C2=O)NCCCCCCCN1CCCC(Nc2ncc(Cl)c(-c3c[nH]c4ccccc34)n2)C1
2623,O=C(COc1cccc2c1C(=O)N(C1CCC(=O)NC1=O)C2=O)NCCOCCOCCN1CCCC(Nc2ncc(Cl)c(-c3c[nH]c4ccccc34)n2)C1
2624,O=C(COc1cccc2c1C(=O)N(C1CCC(=O)NC1=O)C2=O)NCCOCCOCCOCCN1CCCC(Nc2ncc(Cl)c(-c3c[nH]c4ccccc34)n2)C1
2625,O=C(COc1cccc2c1C(=O)N(C1CCC(=O)NC1=O)C2=O)NCCCCCC(=O)N1CCCC(Nc2ncc(Cl)c(-c3c[nH]c4ccccc34)n2)C1
2626,CC(C)S(=O)(=O)c1ccccc1Nc1nc(NC2CCCN(CCCCCCCNC(=O)COc3cccc4c3C(=O)N(C3CCC(=O)NC3=O)C4=O)C2)ncc1Cl
2627,CCC(C)(C)C(=O)C(=O)N1CCCCC1C(=O)OC(CCc1ccc(OC)c(OC)c1)c1cccc(OCC(=O)NCCCOCCOCCOCCCN(C(=O)CCl)C(C(=O)NCc2ccccc2)c2ccc(Cl)c(Cl)c2)c1
2628,CCC(C)(C)C(=O)C(=O)N1CCCCC1C(=O)OC(CCc1ccc(OC)c(OC)c1)c1cccc(OCC(=O)NCCCOCCOCCOCCCN(C(=O)CCl)C(C(=O)NCc2ccccc2)c2ccc(Cl)cc2)c1
2629,CC1(C)C(NC(=O)c2ccc(OCC(=O)NCCCOCCOCCOCCCN(C(=O)CCl)C(C(=O)NCc3ccccc3)c3ccc(Cl)c(Cl)c3)cc2)C(C)(C)C1Oc1ccc(C#N)c(Cl)c1
2645,Cc1ncsc1-c1ccc(CNC(=O)C2CC(O)CN2C(=O)C(NC(=O)CCCCC(=O)N2CCN(c3ccc4[nH]c(-c5c(N)c6c(F)cccc6[nH]c5=O)nc4c3)CC2)C(C)(C)C)cc1
2651,Cc1ncsc1-c1ccc(CNC(=O)C2CC(O)CN2C(=O)C(NC(=O)CCOCCNC(=O)c2ccc(-c3ccc(N4CCN(C)CC4)c(NC(=O)c4c[nH]c(=O)cc4C(F)(F)F)c3)cc2)C(C)(C)C)cc1
2652,Cc1ncsc1-c1ccc(CNC(=O)C2CC(O)CN2C(=O)C(NC(=O)CCOCCOCCNC(=O)c2ccc(-c3ccc(N4CCN(C)CC4)c(NC(=O)c4c[nH]c(=O)cc4C(F)(F)F)c3)cc2)C(C)(C)C)cc1
2653,Cc1ncsc1-c1ccc(CNC(=O)C2CC(O)CN2C(=O)C(NC(=O)CCOCCOCCOCCOCCNC(=O)c2ccc(-c3ccc(N4CCN(C)CC4)c(NC(=O)c4c[nH]c(=O)cc4C(F)(F)F)c3)cc2)C(C)(C)C)cc1
2654,Cc1ncsc1-c1ccc(CNC(=O)C2CC(O)CN2C(=O)C(NC(=O)c2ccc(-c3ccc(N4CCN(C)CC4)c(NC(=O)c4c[nH]c(=O)cc4C(F)(F)F)c3)cc2)C(C)(C)C)cc1
2655,Cc1ncsc1-c1ccc(CNC(=O)C2CC(O)CN2C(=O)C(NC(=O)CCNC(=O)c2ccc(-c3ccc(N4CCN(C)CC4)c(NC(=O)c4c[nH]c(=O)cc4C(F)(F)F)c3)cc2)C(C)(C)C)cc1
2656,Cc1ncsc1-c1ccc(CNC(=O)C2CC(O)CN2C(=O)C(NC(=O)CCCNC(=O)c2ccc(-c3ccc(N4CCN(C)CC4)c(NC(=O)c4c[nH]c(=O)cc4C(F)(F)F)c3)cc2)C(C)(C)C)cc1
2657,Cc1ncsc1-c1ccc(CNC(=O)C2CC(O)CN2C(=O)C(NC(=O)CCCCNC(=O)c2ccc(-c3ccc(N4CCN(C)CC4)c(NC(=O)c4c[nH]c(=O)cc4C(F)(F)F)c3)cc2)C(C)(C)C)cc1
2658,Cc1ncsc1-c1ccc(CNC(=O)C2CC(O)CN2C(=O)C(NC(=O)CCCCCNC(=O)c2ccc(-c3ccc(N4CCN(C)CC4)c(NC(=O)c4c[nH]c(=O)cc4C(F)(F)F)c3)cc2)C(C)(C)C)cc1
2659,Cc1ncsc1-c1ccc(CNC(=O)C2CC(O)CN2C(=O)C(NC(=O)CCCCCCNC(=O)c2ccc(-c3ccc(N4CCN(C)CC4)c(NC(=O)c4c[nH]c(=O)cc4C(F)(F)F)c3)cc2)C(C)(C)C)cc1
2660,Cc1ncsc1-c1ccc(CNC(=O)C2CC(O)CN2C(=O)C(NC(=O)Cc2ccc(CNC(=O)c3ccc(-c4ccc(N5CCN(C)CC5)c(NC(=O)c5c[nH]c(=O)cc5C(F)(F)F)c4)cc3)cc2)C(C)(C)C)cc1
2661,COc1cc(C(=O)NCCOCCNC(=O)c2ccc(-c3ccc(N4CCN(C)CC4)c(NC(=O)c4c[nH]c(=O)cc4C(F)(F)F)c3)cc2)ccc1NC(=O)C1NC(CC(C)(C)C)C(C#N)(c2ccc(Cl)cc2F)C1c1cccc(Cl)c1F
2662,COc1cc(C(=O)NCCOCCOCCOCCOCCOCCOCCOCCNC(=O)c2ccc(-c3ccc(N4CCN(C)CC4)c(NC(=O)c4c[nH]c(=O)cc4C(F)(F)F)c3)cc2)ccc1NC(=O)C1NC(CC(C)(C)C)C(C#N)(c2ccc(Cl)cc2F)C1c1cccc(Cl)c1F
2663,COc1cc(C(=O)NCc2ccc(CNC(=O)c3ccc(-c4ccc(N5CCN(C)CC5)c(NC(=O)c5c[nH]c(=O)cc5C(F)(F)F)c4)cc3)cc2)ccc1NC(=O)C1NC(CC(C)(C)C)C(C#N)(c2ccc(Cl)cc2F)C1c1cccc(Cl)c1F
2664,Cc1ncsc1-c1ccc(CNC(=O)C2CC(O)CN2C(=O)C(NC(=O)CCOCCOc2ccc(-c3cn4c(n3)CCC4)cc2CNC(=O)Cc2ccc(Cl)c(Cl)c2)C(C)(C)C)cc1
2665,Cc1ncsc1-c1ccc(CNC(=O)C2CC(O)CN2C(=O)C(NC(=O)CCOCCOCCOc2ccc(-c3cn4c(n3)CCC4)cc2CNC(=O)Cc2ccc(Cl)c(Cl)c2)C(C)(C)C)cc1
2666,Cc1ncsc1-c1ccc(CNC(=O)C2CC(O)CN2C(=O)C(NC(=O)CCOCCOCCOCCOc2ccc(-c3cn4c(n3)CCC4)cc2CNC(=O)Cc2ccc(Cl)c(Cl)c2)C(C)(C)C)cc1
2667,Cc1ncsc1-c1ccc(CNC(=O)C2CC(O)CN2C(=O)C(NC(=O)CCOCCOCCOCCOCCOc2ccc(-c3cn4c(n3)CCC4)cc2CNC(=O)Cc2ccc(Cl)c(Cl)c2)C(C)(C)C)cc1
2668,Cc1ncsc1-c1ccc(CNC(=O)C2CC(O)CN2C(=O)C(NC(=O)CCOCCOCCOCCOCCOCCOc2ccc(-c3cn4c(n3)CCC4)cc2CNC(=O)Cc2ccc(Cl)c(Cl)c2)C(C)(C)C)cc1
2669,Cc1ncsc1-c1ccc(CNC(=O)C2CC(O)CN2C(=O)C(NC(=O)CCOCCOCCOCCOCCOCCOCCOc2ccc(-c3cn4c(n3)CCC4)cc2CNC(=O)Cc2ccc(Cl)c(Cl)c2)C(C)(C)C)cc1
2670,Cc1ncsc1-c1ccc(CNC(=O)C2CC(O)CN2C(=O)C(NC(=O)CCOCCOCCOCCOCCOCCOCCOCCOc2ccc(-c3cn4c(n3)CCC4)cc2CNC(=O)Cc2ccc(Cl)c(Cl)c2)C(C)(C)C)cc1
2671,CC1(C)C(NC(=O)c2ccc(NCCCNc3ccc4c(c3)C(=O)N(C3CCC(=O)NC3=O)C4=O)cc2)C(C)(C)C1Oc1ccc(C#N)c(Cl)c1
2672,CC1(C)C(NC(=O)c2ccc(NCCCCNc3ccc4c(c3)C(=O)N(C3CCC(=O)NC3=O)C4=O)cc2)C(C)(C)C1Oc1ccc(C#N)c(Cl)c1
2673,CC1(C)C(NC(=O)c2ccc(NCCCCCNc3ccc4c(c3)C(=O)N(C3CCC(=O)NC3=O)C4=O)cc2)C(C)(C)C1Oc1ccc(C#N)c(Cl)c1
2674,CC1(C)C(NC(=O)c2ccc(NCCCCCCNc3ccc4c(c3)C(=O)N(C3CCC(=O)NC3=O)C4=O)cc2)C(C)(C)C1Oc1ccc(C#N)c(Cl)c1
2675,CC1(C)C(NC(=O)c2ccc(NCCCCCCCNc3ccc4c(c3)C(=O)N(C3CCC(=O)NC3=O)C4=O)cc2)C(C)(C)C1Oc1ccc(C#N)c(Cl)c1
2676,CC1(C)C(NC(=O)c2ccc(NCCCCCCCCNc3ccc4c(c3)C(=O)N(C3CCC(=O)NC3=O)C4=O)cc2)C(C)(C)C1Oc1ccc(C#N)c(Cl)c1
2677,CC1(C)C(NC(=O)c2ccc(N3CCN(CCNc4ccc5c(c4)C(=O)N(C4CCC(=O)NC4=O)C5=O)CC3)cc2)C(C)(C)C1Oc1ccc(C#N)c(Cl)c1
2678,CC1(C)C(NC(=O)c2ccc(N3CCN(CCCNc4ccc5c(c4)C(=O)N(C4CCC(=O)NC4=O)C5=O)CC3)cc2)C(C)(C)C1Oc1ccc(C#N)c(Cl)c1
2679,CC1(C)C(NC(=O)c2ccc(N3CCN(CCCCNc4ccc5c(c4)C(=O)N(C4CCC(=O)NC4=O)C5=O)CC3)cc2)C(C)(C)C1Oc1ccc(C#N)c(Cl)c1
2680,CC1(C)C(NC(=O)c2ccc(N3CCN(CCCCCNc4ccc5c(c4)C(=O)N(C4CCC(=O)NC4=O)C5=O)CC3)cc2)C(C)(C)C1Oc1ccc(C#N)c(Cl)c1
2681,CC1(C)C(NC(=O)c2ccc(NCCCCCNc3cccc4c3C(=O)N(C3CCC(=O)NC3=O)C4=O)cc2)C(C)(C)C1Oc1ccc(C#N)c(Cl)c1
2682,CC1(C)C(NC(=O)c2ccc(NCCCCCCNc3cccc4c3C(=O)N(C3CCC(=O)NC3=O)C4=O)cc2)C(C)(C)C1Oc1ccc(C#N)c(Cl)c1
2683,CC1(C)C(NC(=O)c2ccc(N3CCN(CCNc4cccc5c4C(=O)N(C4CCC(=O)NC4=O)C5=O)CC3)cc2)C(C)(C)C1Oc1ccc(C#N)c(Cl)c1
2684,CC1(C)C(NC(=O)c2ccc(N3CCN(CCCNc4cccc5c4C(=O)N(C4CCC(=O)NC4=O)C5=O)CC3)cc2)C(C)(C)C1Oc1ccc(C#N)c(Cl)c1
2685,CC1(C)C(NC(=O)c2ccc(N3CCN(CCCCCNc4cccc5c4C(=O)N(C4CCC(=O)NC4=O)C5=O)CC3)cc2)C(C)(C)C1Oc1ccc(C#N)c(Cl)c1
2686,CC1(C)C(NC(=O)c2ccc(N3CCN(C4CN(c5ccc6c(c5)C(=O)N(C5CCC(=O)NC5=O)C6=O)C4)CC3)cc2)C(C)(C)C1Oc1ccc(C#N)c(Cl)c1
2687,CC1(C)C(NC(=O)c2ccc(N3CCN(CC4CN(c5ccc6c(c5)C(=O)N(C5CCC(=O)NC5=O)C6=O)C4)CC3)cc2)C(C)(C)C1Oc1ccc(C#N)c(Cl)c1
2688,CC1(C)C(NC(=O)c2ccc(N3CCN(C4CCN(c5ccc6c(c5)C(=O)N(C5CCC(=O)NC5=O)C6=O)CC4)CC3)cc2)C(C)(C)C1Oc1ccc(C#N)c(Cl)c1
2689,CC1(C)C(NC(=O)c2ccc(N3CCN(CC4CCN(c5ccc6c(c5)C(=O)N(C5CCC(=O)NC5=O)C6=O)CC4)CC3)cc2)C(C)(C)C1Oc1ccc(C#N)c(Cl)c1
2690,CC1(C)C(NC(=O)c2ccc(C(=O)N3CCN(C4CN(c5ccc6c(c5)C(=O)N(C5CCC(=O)NC5=O)C6=O)C4)CC3)cc2)C(C)(C)C1Oc1ccc(C#N)c(Cl)c1
2691,CC1(C)C(NC(=O)c2ccc(C(=O)N3CCN(CC4CN(c5ccc6c(c5)C(=O)N(C5CCC(=O)NC5=O)C6=O)C4)CC3)cc2)C(C)(C)C1Oc1ccc(C#N)c(Cl)c1
2692,CC1(C)C(NC(=O)c2ccc(C(=O)N3CCN(C4CCN(c5ccc6c(c5)C(=O)N(C5CCC(=O)NC5=O)C6=O)CC4)CC3)cc2)C(C)(C)C1Oc1ccc(C#N)c(Cl)c1
2693,CC1(C)C(NC(=O)c2ccc(C(=O)N3CCN(CC4CCN(c5ccc6c(c5)C(=O)N(C5CCC(=O)NC5=O)C6=O)CC4)CC3)cc2)C(C)(C)C1Oc1ccc(C#N)c(Cl)c1
2694,CC1(C)C(NC(=O)c2ccc(N3CCC(N4CCN(c5ccc6c(c5)C(=O)N(C5CCC(=O)NC5=O)C6=O)CC4)CC3)cc2)C(C)(C)C1Oc1ccc(C#N)c(Cl)c1
2695,CC1(C)C(NC(=O)c2ccc(N3CCC(CN4CCN(c5ccc6c(c5)C(=O)N(C5CCC(=O)NC5=O)C6=O)CC4)CC3)cc2)C(C)(C)C1Oc1ccc(C#N)c(Cl)c1
2696,CC1(C)C(NC(=O)c2ccc(N3CCN(C4CC5(C4)CN(c4ccc6c(c4)C(=O)N(C4CCC(=O)NC4=O)C6=O)C5)CC3)cc2)C(C)(C)C1Oc1ccc(C#N)c(Cl)c1
2697,CC1(C)C(NC(=O)c2ccc(N3CCN(CC4CC5(C4)CN(c4ccc6c(c4)C(=O)N(C4CCC(=O)NC4=O)C6=O)C5)CC3)cc2)C(C)(C)C1Oc1ccc(C#N)c(Cl)c1
2698,CC1(C)C(NC(=O)c2ccc(N3CCN(C4CC5(CCN(c6ccc7c(c6)C(=O)N(C6CCC(=O)NC6=O)C7=O)C5)C4)CC3)cc2)C(C)(C)C1Oc1ccc(C#N)c(Cl)c1
2699,CC1(C)C(NC(=O)c2ccc(N3CCN(CC4CC5(CCN(c6ccc7c(c6)C(=O)N(C6CCC(=O)NC6=O)C7=O)C5)C4)CC3)cc2)C(C)(C)C1Oc1ccc(C#N)c(Cl)c1
2700,CC1(C)C(NC(=O)c2ccc(N3CCN(C4CCC5(CC4)CCN(c4ccc6c(c4)C(=O)N(C4CCC(=O)NC4=O)C6=O)CC5)CC3)cc2)C(C)(C)C1Oc1ccc(C#N)c(Cl)c1
2701,CC1(C)C(NC(=O)c2ccc(N3CCN(C4CCC5(CC4)CN(c4ccc6c(c4)C(=O)N(C4CCC(=O)NC4=O)C6=O)C5)CC3)cc2)C(C)(C)C1Oc1ccc(C#N)c(Cl)c1
2702,CC1(C)C(NC(=O)c2ccc(N3CCC4(CC3)CC(Nc3ccc5c(c3)C(=O)N(C3CCC(=O)NC3=O)C5=O)C4)cc2)C(C)(C)C1Oc1ccc(C#N)c(Cl)c1
2703,CC1(C)C(NC(=O)c2ccc(N3CCC4(CCC(Nc5ccc6c(c5)C(=O)N(C5CCC(=O)NC5=O)C6=O)CC4)CC3)cc2)C(C)(C)C1Oc1ccc(C#N)c(Cl)c1
2704,CC1(C)C(NC(=O)c2ccc(N3CCN(CC4CCN(c5ccc6c(c5)C(=O)N(C5CCC(=O)NC5=O)C6=O)CC4)CC3)cc2)CC1Oc1ccc(C#N)c(Cl)c1
2705,N#Cc1ccc(OC2CC(NC(=O)c3ccc(N4CCN(CC5CCN(c6ccc7c(c6)C(=O)N(C6CCC(=O)NC6=O)C7=O)CC5)CC4)cc3)C2)cc1Cl
2706,CC1(C)C(NC(=O)c2ccc(N3CCN(CC4CCN(c5ccc6c(c5)C(=O)N(C5CCC(=O)NC5=O)C6=O)CC4)CC3)cc2)C(C)(C)C1Oc1ccc(C#N)c(F)c1
2707,CC1(C)C(NC(=O)c2ccc(N3CCN(CC4CCN(c5ccc6c(c5)C(=O)N(C5CCC(=O)NC5=O)C6=O)CC4)CC3)cc2)C(C)(C)C1Oc1ccc(C#N)c(C(F)(F)F)c1
2708,CC1(C)C(NC(=O)c2ccc(N3CCN(CC4CCN(c5ccc6c(c5)C(=O)N(C5CCC(=O)NC5=O)C6=O)CC4)CC3)cc2)C(C)(C)C1Oc1cnc(C#N)c(C(F)(F)F)c1
2709,Cc1ncsc1-c1ccc(CNC(=O)C2CC(O)CN2C(=O)C(NC(=O)COCCCCCOCCNC(=O)CC2N=C(c3ccc(Cl)cc3)c3c(sc(C)c3C)-n3c(C)nnc32)C(C)(C)C)cc1
2710,Cc1ncsc1-c1ccc(CNC(=O)C2CC(O)CN2C(=O)C(NC(=O)COCCCOCCNC(=O)CC2N=C(c3ccc(Cl)cc3)c3c(sc(C)c3C)-n3c(C)nnc32)C(C)(C)C)cc1
2711,Cc1ncsc1-c1ccc(CNC(=O)C2CC(O)CN2C(=O)C(NC(=O)COCCOCCOCCOC(=O)CC2N=C(c3ccc(Cl)cc3)c3c(sc(C)c3C)-n3c(C)nnc32)C(C)(C)C)cc1
2712,Cc1ncsc1-c1ccc(C(C)NC(=O)C2CC(O)CN2C(=O)C(NC(=O)COCCCOCCOC(=O)CC2N=C(c3ccc(Cl)cc3)c3c(sc(C)c3C)-n3c(C)nnc32)C(C)(C)C)cc1
2713,Cc1ncsc1-c1ccc(CNC(=O)C2CC(O)CN2C(=O)C(NC(=O)COCCCCCOCCOC(=O)CC2N=C(c3ccc(Cl)cc3)c3c(sc(C)c3C)-n3c(C)nnc32)C(C)(C)C)cc1
2714,Cc1ncsc1-c1ccc(CNC(=O)C2CC(O)CN2C(=O)C(NC(=O)COCCCOCCOC(=O)CC2N=C(c3ccc(Cl)cc3)c3c(sc(C)c3C)-n3c(C)nnc32)C(C)(C)C)cc1
2715,CCC(=O)NC1CCC(n2c(=O)cc(C)c3cnc(Nc4ccc(N5CCN(CCOCCC(=O)NC(C(=O)N6CC(O)CC6C(=O)NCc6ccc(-c7scnc7C)cc6)C(C)(C)C)CC5)cc4OC)nc32)CC1
2716,CCC(=O)NC1CCC(n2c(=O)cc(C)c3cnc(Nc4ccc(N5CCN(CCCCOCCC(=O)NC(C(=O)N6CC(O)CC6C(=O)NCc6ccc(-c7scnc7C)cc6)C(C)(C)C)CC5)cc4OC)nc32)CC1
2717,CCC(=O)NC1CCC(n2c(=O)cc(C)c3cnc(Nc4ccc(N5CCN(CCCCCCOCCC(=O)NC(C(=O)N6CC(O)CC6C(=O)NCc6ccc(-c7scnc7C)cc6)C(C)(C)C)CC5)cc4OC)nc32)CC1
2718,CCC(=O)NC1CCC(n2c(=O)cc(C)c3cnc(Nc4ccc(N5CCN(CCCCCCCCOCCC(=O)NC(C(=O)N6CC(O)CC6C(=O)NCc6ccc(-c7scnc7C)cc6)C(C)(C)C)CC5)cc4OC)nc32)CC1
2719,CCC(=O)NC1CCC(n2c(=O)cc(C)c3cnc(Nc4ccc(N5CCN(C(=O)CCCC#Cc6cccc7c6CN(C6CCC(=O)NC6=O)C7=O)CC5)cc4OC)nc32)CC1
2720,CCC(=O)NC1CCC(n2c(=O)cc(C)c3cnc(Nc4ccc(N5CCN(C(=O)CCCCCC#Cc6cccc7c6CN(C6CCC(=O)NC6=O)C7=O)CC5)cc4OC)nc32)CC1
2721,CCC(=O)NC1CCC(n2c(=O)cc(C)c3cnc(Nc4ccc(N5CCN(C(=O)CCCCCCCC#Cc6cccc7c6CN(C6CCC(=O)NC6=O)C7=O)CC5)cc4OC)nc32)CC1
2722,CCC(=O)NC1CCC(n2c(=O)cc(C)c3cnc(Nc4ccc(N5CCN(C(=O)CCCCCCCCCC#Cc6cccc7c6CN(C6CCC(=O)NC6=O)C7=O)CC5)cc4OC)nc32)CC1
2723,CCC(=O)NC1CCC(n2c(=O)cc(C)c3cnc(Nc4ccc(N5CCN(C(=O)CCCC#Cc6ccc7c(c6)CN(C6CCC(=O)NC6=O)C7=O)CC5)cc4OC)nc32)CC1
2724,CCC(=O)NC1CCC(n2c(=O)cc(C)c3cnc(Nc4ccc(N5CCN(C(=O)CCCCCC#Cc6ccc7c(c6)CN(C6CCC(=O)NC6=O)C7=O)CC5)cc4OC)nc32)CC1
2725,CCC(=O)NC1CCC(n2c(=O)cc(C)c3cnc(Nc4ccc(N5CCN(C(=O)CCCCCCCC#Cc6ccc7c(c6)CN(C6CCC(=O)NC6=O)C7=O)CC5)cc4OC)nc32)CC1
2726,CCC(=O)NC1CCC(n2c(=O)cc(C)c3cnc(Nc4ccc(N5CCN(C(=O)CCCCCCCCCC#Cc6ccc7c(c6)CN(C6CCC(=O)NC6=O)C7=O)CC5)cc4OC)nc32)CC1
2727,CCC(=O)NC1CCC(n2c(=O)cc(C)c3cnc(Nc4ccc(N5CCN(C(=O)CCCC#Cc6ccc7c(c6)C(=O)N(C6CCC(=O)NC6=O)C7)CC5)cc4OC)nc32)CC1
2728,CCC(=O)NC1CCC(n2c(=O)cc(C)c3cnc(Nc4ccc(N5CCN(C(=O)CCCCCC#Cc6ccc7c(c6)C(=O)N(C6CCC(=O)NC6=O)C7)CC5)cc4OC)nc32)CC1
2729,CCC(=O)NC1CCC(n2c(=O)cc(C)c3cnc(Nc4ccc(N5CCN(C(=O)CCCCCCCC#Cc6ccc7c(c6)C(=O)N(C6CCC(=O)NC6=O)C7)CC5)cc4OC)nc32)CC1
2730,CCC(=O)NC1CCC(n2c(=O)cc(C)c3cnc(Nc4ccc(N5CCN(C(=O)CCCCCCCCCC#Cc6ccc7c(c6)C(=O)N(C6CCC(=O)NC6=O)C7)CC5)cc4OC)nc32)CC1
2731,CCC(=O)NC1CCC(n2c(=O)cc(C)c3cnc(Nc4ccc(N5CCN(C(=O)CCCC#Cc6cccc7c6C(=O)N(C6CCC(=O)NC6=O)C7)CC5)cc4OC)nc32)CC1
2732,CCC(=O)NC1CCC(n2c(=O)cc(C)c3cnc(Nc4ccc(N5CCN(C(=O)CCCCCC#Cc6cccc7c6C(=O)N(C6CCC(=O)NC6=O)C7)CC5)cc4OC)nc32)CC1
2733,CCC(=O)NC1CCC(n2c(=O)cc(C)c3cnc(Nc4ccc(N5CCN(C(=O)CCCCCCCC#Cc6cccc7c6C(=O)N(C6CCC(=O)NC6=O)C7)CC5)cc4OC)nc32)CC1
2734,CCC(=O)NC1CCC(n2c(=O)cc(C)c3cnc(Nc4ccc(N5CCN(C(=O)CCCCCCCCCC#Cc6cccc7c6C(=O)N(C6CCC(=O)NC6=O)C7)CC5)cc4OC)nc32)CC1
2735,CCC(NC(=O)C1CC(NC(=O)COCCOCCOCCOCCOc2cc3nccc(Nc4ccc5scnc5c4)c3cc2S(=O)(=O)C(C)(C)C)CN1C(=O)C(NC(=O)C(C)NC)C(C)(C)C)c1ccccc1
2736,CNC(C)C(=O)NC(C(=O)N1CCCC1c1nc(C(=O)c2ccc(F)cc2)cs1)C1CCN(C(=O)COCCOCCOCCOCCOc2cc3nccc(Nc4ccc5scnc5c4)c3cc2S(=O)(=O)C(C)(C)C)CC1
2737,CNC(C)C(=O)NC(C(=O)N1Cc2cc(OCCOCCOCCOCCOc3cc4ncnc(Nc5n[nH]c(C)c5C)c4cc3S(=O)(=O)C(C)(C)C)ccc2CC1C(=O)NC1CCCc2ccccc21)C(C)(C)C
2738,CNC(C)C(=O)NC(C(=O)N1CCCC1c1nc(C(=O)c2ccc(F)cc2)cs1)C1CCN(C(=O)COCCOCCOCCOCCOc2cc3ncnc(Nc4n[nH]c(C)c4C)c3cc2S(=O)(=O)C(C)(C)C)CC1
2739,CNC(C)C(=O)NC(C(=O)N1CCCC1c1nc(C(=O)c2ccc(F)cc2)cs1)C1CCN(C(=O)c2cnc(N3CCC(COc4cc5ncnc(Nc6n[nH]c(C)c6C)c5cc4S(=O)(=O)C(C)(C)C)CC3)nc2)CC1
2740,CNC(C)C(=O)NC(C(=O)N1CCCC1c1nc(C(=O)c2ccc(F)cc2)cs1)C1CCN(C(=O)c2cnc(N3CCC(CCOc4cc5ncnc(Nc6n[nH]c(C)c6C)c5cc4S(=O)(=O)C(C)(C)C)CC3)nc2)CC1
2741,CNC(C)C(=O)NC(C(=O)N1CCCC1c1nc(C(=O)c2ccc(F)cc2)cs1)C1CCN(C(=O)c2cnc(N3CCC(CCCOc4cc5ncnc(Nc6n[nH]c(C)c6C)c5cc4S(=O)(=O)C(C)(C)C)CC3)nc2)CC1
2742,CNC(C)C(=O)NC(C(=O)N1CCCC1c1nc(C(=O)c2ccc(F)cc2)cs1)C1CCN(C(=O)c2cnc(N3CCN(CCCOc4cc5ncnc(Nc6n[nH]c(C)c6C)c5cc4S(=O)(=O)C(C)(C)C)CC3)nc2)CC1
2743,CNC(C)C(=O)NC(C(=O)N1CCCC1c1nc(C(=O)c2ccc(F)cc2)cs1)C1CCN(C(=O)c2ccc(N3CCN(CCCOc4cc5ncnc(Nc6n[nH]c(C)c6C)c5cc4S(=O)(=O)C(C)(C)C)CC3)cc2)CC1
2744,CNC(C)C(=O)NC(C(=O)N1CCCC1c1nc(C(=O)c2ccc(F)cc2)cs1)C1CCN(C(=O)c2ccc(N3CCN(CCOc4cc5ncnc(Nc6n[nH]c(C)c6C)c5cc4S(=O)(=O)C(C)(C)C)CC3)nc2)CC1
2745,CNC(C)C(=O)NC(C(=O)N1CCCC1c1nc(C(=O)c2ccc(F)cc2)cs1)C1CCN(C(=O)c2ccc(N3CCN(CCCOc4cc5ncnc(Nc6n[nH]c(C)c6C)c5cc4S(=O)(=O)C(C)(C)C)CC3)nc2)CC1
2746,CNC(C)C(=O)NC(C(=O)N1CCCC1c1nc(C(=O)c2ccc(F)cc2)cs1)C1CCN(C(=O)c2cnc(N3CCN(CCOc4cc5ncnc(Nc6n[nH]c(C)c6C)c5cc4S(=O)(=O)C(C)(C)C)CC3)cn2)CC1
2747,CNC(C)C(=O)NC(C(=O)N1CCCC1c1nc(C(=O)c2ccc(F)cc2)cs1)C1CCN(C(=O)c2cnc(N3CCN(CCCOc4cc5ncnc(Nc6n[nH]c(C)c6C)c5cc4S(=O)(=O)C(C)(C)C)CC3)cn2)CC1
2748,CNC(C)C(=O)NC(C(=O)N1CC(NC(=O)c2cnc(N3CCN(CCCOc4cc5ncnc(Nc6n[nH]c(C)c6C)c5cc4S(=O)(=O)C(C)(C)C)CC3)cn2)CC1C(=O)NC1CCCc2ccccc21)C(C)(C)C
2749,CNC(C)C(=O)NC1CN(C(=O)c2cnc(N3CCN(CCCOc4cc5ncnc(Nc6n[nH]c(C)c6C)c5cc4S(=O)(=O)C(C)(C)C)CC3)cn2)CCC2CCC(C(=O)NC3CCCc4ccccc43)N2C1=O
2750,Cc1n[nH]c(Nc2ncnc3cc(OCCCN4CCN(C(=O)c5cnc(N6CCN(CC7CNC(C)CN7CC(=O)N7CC(C)(C)c8c7cc(Cc7ccc(F)cc7)c(=O)n8C)C(C)C6)nc5)CC4)c(S(=O)(=O)C(C)(C)C)cc23)c1C
2751,Cc1n[nH]c(Nc2ncnc3cc(OCCCN4CCN(C(=O)c5cnc(N6CCN(CC7CNC(C)CN7CC(=O)N7CC(C)(C)c8ncc(Cc9ccc(F)cc9)cc87)C(C)C6)nc5)CC4)c(S(=O)(=O)C(C)(C)C)cc23)c1C
2752,Cc1ncsc1-c1ccc(C(C)NC(=O)C2CC(O)CN2C(=O)C(NC(=O)CCCCC(=O)NCC2(C)CCC(c3ccc(Cl)cc3)=C(CN3CCN(c4ccc(C(=O)NS(=O)(=O)c5ccc(NC(CCN6CCOCC6)CSc6ccccc6)c(S(=O)(=O)C(F)(F)F)c5)cc4)CC3)C2)C(C)(C)C)cc1
2753,Cc1ncsc1-c1ccc(C(C)NC(=O)C2CC(O)CN2C(=O)C(NC(=O)CCCCCC(=O)NCC2(C)CCC(c3ccc(Cl)cc3)=C(CN3CCN(c4ccc(C(=O)NS(=O)(=O)c5ccc(NC(CCN6CCOCC6)CSc6ccccc6)c(S(=O)(=O)C(F)(F)F)c5)cc4)CC3)C2)C(C)(C)C)cc1
2754,Cc1ncsc1-c1ccc(C(C)NC(=O)C2CC(O)CN2C(=O)C(NC(=O)CCCCCCC(=O)NCC2(C)CCC(c3ccc(Cl)cc3)=C(CN3CCN(c4ccc(C(=O)NS(=O)(=O)c5ccc(NC(CCN6CCOCC6)CSc6ccccc6)c(S(=O)(=O)C(F)(F)F)c5)cc4)CC3)C2)C(C)(C)C)cc1
2755,Cc1ncsc1-c1ccc(C(C)NC(=O)C2CC(O)CN2C(=O)C(NC(=O)CCCCCCCC(=O)NCC2(C)CCC(c3ccc(Cl)cc3)=C(CN3CCN(c4ccc(C(=O)NS(=O)(=O)c5ccc(NC(CCN6CCOCC6)CSc6ccccc6)c(S(=O)(=O)C(F)(F)F)c5)cc4)CC3)C2)C(C)(C)C)cc1
2756,Cc1ncsc1-c1ccc(C(C)NC(=O)C2CC(O)CN2C(=O)C(NC(=O)CCCCCCCCC(=O)NCC2(C)CCC(c3ccc(Cl)cc3)=C(CN3CCN(c4ccc(C(=O)NS(=O)(=O)c5ccc(NC(CCN6CCOCC6)CSc6ccccc6)c(S(=O)(=O)C(F)(F)F)c5)cc4)CC3)C2)C(C)(C)C)cc1
2757,Cc1ncsc1-c1ccc(C(C)NC(=O)C2CC(O)CN2C(=O)C(NC(=O)CCCCCCCCCC(=O)NCC2(C)CCC(c3ccc(Cl)cc3)=C(CN3CCN(c4ccc(C(=O)NS(=O)(=O)c5ccc(NC(CCN6CCOCC6)CSc6ccccc6)c(S(=O)(=O)C(F)(F)F)c5)cc4)CC3)C2)C(C)(C)C)cc1
2758,Cc1ncsc1-c1ccc(C(C)NC(=O)C2CC(O)CN2C(=O)C(NC(=O)CCCCCCCCCCC(=O)NCC2(C)CCC(c3ccc(Cl)cc3)=C(CN3CCN(c4ccc(C(=O)NS(=O)(=O)c5ccc(NC(CCN6CCOCC6)CSc6ccccc6)c(S(=O)(=O)C(F)(F)F)c5)cc4)CC3)C2)C(C)(C)C)cc1
2759,Cc1ncsc1-c1ccc(C(C)NC(=O)C2CC(O)CN2C(=O)C(NC(=O)CCCCCCCCCCCC(=O)NCC2(C)CCC(c3ccc(Cl)cc3)=C(CN3CCN(c4ccc(C(=O)NS(=O)(=O)c5ccc(NC(CCN6CCOCC6)CSc6ccccc6)c(S(=O)(=O)C(F)(F)F)c5)cc4)CC3)C2)C(C)(C)C)cc1
2773,O=C(C=CCN1CCCCC1)Nc1cc2c(Nc3ccc(F)c(Cl)c3)ncnc2cc1OCc1cn(CCCCC(=O)Nc2cccc3c2C(=O)N(C2CCC(=O)NC2=O)C3=O)nn1
2774,O=C(C=CCN1CCCCC1)Nc1cc2c(Nc3ccc(F)c(Cl)c3)ncnc2cc1OCc1cn(CCCCCCCC(=O)Nc2cccc3c2C(=O)N(C2CCC(=O)NC2=O)C3=O)nn1
2775,O=C(C=CCN1CCCCC1)Nc1cc2c(Nc3ccc(F)c(Cl)c3)ncnc2cc1OCc1cn(CCCCCCCCC(=O)Nc2cccc3c2C(=O)N(C2CCC(=O)NC2=O)C3=O)nn1
2776,O=C(C=CCN1CCCCC1)Nc1cc2c(Nc3ccc(F)c(Cl)c3)ncnc2cc1OCc1cn(CCCCCCCCCC(=O)Nc2cccc3c2C(=O)N(C2CCC(=O)NC2=O)C3=O)nn1
2777,O=C(C=CCN1CCCCC1)Nc1cc2c(Nc3ccc(F)c(Cl)c3)ncnc2cc1OCc1cn(CCCCCCCCCCC(=O)Nc2cccc3c2C(=O)N(C2CCC(=O)NC2=O)C3=O)nn1
2778,O=C(C=CCN1CCCCC1)Nc1cc2c(Nc3ccc(F)c(Cl)c3)ncnc2cc1OCc1cn(CCOCCOCC(=O)Nc2cccc3c2C(=O)N(C2CCC(=O)NC2=O)C3=O)nn1
2779,O=C(C=CCN1CCCCC1)Nc1cc2c(Nc3ccc(F)c(Cl)c3)ncnc2cc1OCc1cn(CCOCCOCCOCC(=O)Nc2cccc3c2C(=O)N(C2CCC(=O)NC2=O)C3=O)nn1
2780,O=C(C=CCN1CCCCC1)Nc1cc2c(Nc3ccc(F)c(Cl)c3)ncnc2cc1OCc1cn(CCOCCOCCOCCOCCOCC(=O)Nc2cccc3c2C(=O)N(C2CCC(=O)NC2=O)C3=O)nn1
2781,Cc1ncsc1-c1ccc(CNC(=O)C2CC(O)CN2C(=O)C(NC(=O)CCCCn2cc(COc3cc4ncnc(Nc5ccc(F)c(Cl)c5)c4cc3NC(=O)C=CCN3CCCCC3)nn2)C(C)(C)C)cc1
2782,Cc1ncsc1-c1ccc(CNC(=O)C2CC(O)CN2C(=O)C(NC(=O)CCCCCCCn2cc(COc3cc4ncnc(Nc5ccc(F)c(Cl)c5)c4cc3NC(=O)C=CCN3CCCCC3)nn2)C(C)(C)C)cc1
2783,Cc1ncsc1-c1ccc(CNC(=O)C2CC(O)CN2C(=O)C(NC(=O)CCCCCCCCn2cc(COc3cc4ncnc(Nc5ccc(F)c(Cl)c5)c4cc3NC(=O)C=CCN3CCCCC3)nn2)C(C)(C)C)cc1
2784,Cc1ncsc1-c1ccc(CNC(=O)C2CC(O)CN2C(=O)C(NC(=O)CCCCCCCCCn2cc(COc3cc4ncnc(Nc5ccc(F)c(Cl)c5)c4cc3NC(=O)C=CCN3CCCCC3)nn2)C(C)(C)C)cc1
2785,Cc1ncsc1-c1ccc(CNC(=O)C2CC(O)CN2C(=O)C(NC(=O)CCCCCCCCCCn2cc(COc3cc4ncnc(Nc5ccc(F)c(Cl)c5)c4cc3NC(=O)C=CCN3CCCCC3)nn2)C(C)(C)C)cc1
2786,Cc1ncsc1-c1ccc(CNC(=O)C2CC(O)CN2C(=O)C(NC(=O)COCCOCCn2cc(COc3cc4ncnc(Nc5ccc(F)c(Cl)c5)c4cc3NC(=O)C=CCN3CCCCC3)nn2)C(C)(C)C)cc1
2787,Cc1ncsc1-c1ccc(CNC(=O)C2CC(O)CN2C(=O)C(NC(=O)COCCOCCOCCOCCOCCn2cc(COc3cc4ncnc(Nc5ccc(F)c(Cl)c5)c4cc3NC(=O)C=CCN3CCCCC3)nn2)C(C)(C)C)cc1
2788,Cc1ncsc1-c1ccc(CNC(=O)C2CC(O)CN2C(=O)C(NC(=O)COCCOCCOCCn2cc(COc3cc4ncnc(Nc5ccc(F)c(Cl)c5)c4cc3NC(=O)C=CCN3CCCCC3)nn2)C(C)(C)C)cc1
2789,Cc1ncsc1-c1ccc(CNC(=O)C2CC(O)CN2C(=O)C(NC(=O)COCCOCCn2cc(CCCCCOc3cc4ncnc(Nc5ccc(F)c(Cl)c5)c4cc3NC(=O)C=CCN3CCCCC3)nn2)C(C)(C)C)cc1
2790,Cc1ncsc1-c1ccc(CNC(=O)C2CC(O)CN2C(=O)C(NC(=O)CCCCCCCC(=O)Nc2ccc(C(=O)Nc3ccccc3N)cc2)C(C)(C)C)cc1
2791,Cc1ncsc1-c1ccc(CNC(=O)C2CC(O)CN2C(=O)C(NC(=O)CCCCCCCCC(=O)Nc2ccc(C(=O)Nc3ccccc3N)cc2)C(C)(C)C)cc1
2792,Cc1ncsc1-c1ccc(CNC(=O)C2CC(O)CN2C(=O)C(NC(=O)CCCCCCCCCC(=O)Nc2ccc(C(=O)Nc3ccccc3N)cc2)C(C)(C)C)cc1
2793,Cc1ncsc1-c1ccc(CNC(=O)C2CC(O)CN2C(=O)C(NC(=O)CCCCCCCCCCCCC(=O)Nc2ccc(C(=O)Nc3ccccc3N)cc2)C(C)(C)C)cc1
2794,Cc1ncsc1-c1ccc(CNC(=O)C2CC(O)CN2C(=O)C(NC(=O)COCCCCCCCCC(=O)Nc2ccc(C(=O)Nc3ccccc3N)cc2)C(C)(C)C)cc1
2795,Cc1ncsc1-c1ccc(CNC(=O)C2CC(O)CN2C(=O)C(NC(=O)CCCCCCCCOCC(=O)Nc2ccc(C(=O)Nc3ccccc3N)cc2)C(C)(C)C)cc1
2796,Cc1ncsc1-c1ccc(CNC(=O)C2CC(O)CN2C(=O)C(NC(=O)COCCCCCCOCC(=O)Nc2ccc(C(=O)Nc3ccccc3N)cc2)C(C)(C)C)cc1
2797,Cc1ncsc1-c1ccc(CNC(=O)C2CC(O)CN2C(=O)C(NC(=O)COCCCCCCCCCOCC(=O)Nc2ccc(C(=O)Nc3ccccc3N)cc2)C(C)(C)C)cc1
2798,Cc1ncsc1-c1ccc(CNC(=O)C2CC(O)CN2C(=O)C(NC(=O)COCCOCC(=O)Nc2ccc(C(=O)Nc3ccccc3N)cc2)C(C)(C)C)cc1
2799,Cc1ncsc1-c1ccc(CNC(=O)C2CC(O)CN2C(=O)C(NC(=O)COCCOCCOCC(=O)Nc2ccc(C(=O)Nc3ccccc3N)cc2)C(C)(C)C)cc1
2800,Cc1ncsc1-c1ccc(CNC(=O)C2CC(O)CN2C(=O)C(NC(=O)COCCOCCOCCOCC(=O)Nc2ccc(C(=O)Nc3ccccc3N)cc2)C(C)(C)C)cc1
2801,Cc1ncsc1-c1ccc(CNC(=O)C2CC(O)CN2C(=O)C(NC(=O)CCCN2CCN(CCCC(=O)Nc3ccc(C(=O)Nc4ccccc4N)cc3)CC2)C(C)(C)C)cc1
2802,Cc1ncsc1-c1ccc(CNC(=O)C2CC(O)CN2C(=O)C(NC(=O)CCCCCCCC(=O)Nc2ccc(C(=O)Nc3ccc(F)cc3N)cc2)C(C)(C)C)cc1
2803,Cc1ncsc1-c1ccc(CNC(=O)C2CC(O)CN2C(=O)C(NC(=O)CCCCCCCCCCC(=O)Nc2ccc(C(=O)Nc3ccc(F)cc3N)cc2)C(C)(C)C)cc1
2804,Cc1ncsc1-c1ccc(CNC(=O)C2CC(O)CN2C(=O)C(NC(=O)COCCOCCOCC(=O)Nc2ccc(C(=O)Nc3ccc(F)cc3N)cc2)C(C)(C)C)cc1
2805,Cc1ncsc1-c1ccc(CNC(=O)C2CC(O)CN2C(=O)C(NC(=O)COCCCCCCCCCOCC(=O)Nc2ccc(C(=O)Nc3ccc(F)cc3N)cc2)C(C)(C)C)cc1
2806,Cc1ncsc1-c1ccc(CNC(=O)C2CC(O)CN2C(=O)C(NC(=O)CCCCCCCC(=O)Nc2ccc(C(=O)Nc3cc(-c4cccs4)ccc3N)cc2)C(C)(C)C)cc1
2807,Cc1ncsc1-c1ccc(CNC(=O)C2CC(O)CN2C(=O)C(NC(=O)CCCCCCCCCCC(=O)Nc2ccc(C(=O)Nc3cc(-c4cccs4)ccc3N)cc2)C(C)(C)C)cc1
2808,Cc1ncsc1-c1ccc(CNC(=O)C2CC(O)CN2C(=O)C(NC(=O)COCCOCCOCC(=O)Nc2ccc(C(=O)Nc3cc(-c4cccs4)ccc3N)cc2)C(C)(C)C)cc1
2809,CC(=O)NC(C(=O)N1CC(O)CC1C(=O)NCc1ccc(-c2scnc2C)cc1OCCCCCCCCCCCC(=O)Nc1ccc(C(=O)Nc2ccccc2N)cc1)C(C)(C)C
2810,Cc1ncsc1-c1ccc(CNC(=O)C2CC(O)CN2C(=O)C(NC(=O)C2(F)CC2)C(C)(C)C)c(OCCCCCCCCCCCC(=O)Nc2ccc(C(=O)Nc3ccccc3N)cc2)c1
2811,CC(=O)NC(C(=O)N1CC(O)CC1C(=O)NCc1ccc(-c2scnc2C)cc1OCCCCNC(=O)CCCCC(=O)Nc1ccc(C(=O)Nc2ccccc2N)cc1)C(C)(C)C
2812,CC(=O)NC(C(=O)N1CC(O)CC1C(=O)NCc1ccc(-c2scnc2C)cc1OCCCCNC(=O)CCCCCCCC(=O)Nc1ccc(C(=O)Nc2ccccc2N)cc1)C(C)(C)C
2819,CCN(c1cc(-c2ccc(OCCOCC(=O)NC(C(=O)N3CC(O)CC3C(=O)NCc3ccc(-c4scnc4C)cc3)C(C)(C)C)cc2)cc(C(=O)NCc2c(C)cc(C)[nH]c2=O)c1C)C1CCOCC1
2820,CCN(c1cc(-c2ccc(OCCCOCC(=O)NC(C(=O)N3CC(O)CC3C(=O)NCc3ccc(-c4scnc4C)cc3)C(C)(C)C)cc2)cc(C(=O)NCc2c(C)cc(C)[nH]c2=O)c1C)C1CCOCC1
2821,CCN(c1cc(-c2ccc(OCCOCCOCC(=O)NC(C(=O)N3CC(O)CC3C(=O)NCc3ccc(-c4scnc4C)cc3)C(C)(C)C)cc2)cc(C(=O)NCc2c(C)cc(C)[nH]c2=O)c1C)C1CCOCC1
2822,CCN(c1cc(-c2ccc(C(=O)NCCOCCOCC(=O)NC(C(=O)N3CC(O)CC3C(=O)NCc3ccc(-c4scnc4C)cc3)C(C)(C)C)cc2)cc(C(=O)NCc2c(C)cc(C)[nH]c2=O)c1C)C1CCOCC1
2823,CCN(c1cc(-c2ccc(OCCOCCOCCOCC(=O)NC(C(=O)N3CC(O)CC3C(=O)NCc3ccc(-c4scnc4C)cc3)C(C)(C)C)cc2)cc(C(=O)NCc2c(C)cc(C)[nH]c2=O)c1C)C1CCOCC1
2824,CCN(c1cc(-c2ccc(C(=O)NCCOCCOCCOCCC(=O)NC(C(=O)N3CC(O)CC3C(=O)NCc3ccc(-c4scnc4C)cc3)C(C)(C)C)cc2)cc(C(=O)NCc2c(C)cc(C)[nH]c2=O)c1C)C1CCOCC1
2825,CCN(c1cc(-c2ccc(C(=O)NCCOCCOCCOCCOCCC(=O)NC(C(=O)N3CC(O)CC3C(=O)NCc3ccc(-c4scnc4C)cc3)C(C)(C)C)cc2)cc(C(=O)NCc2c(C)cc(C)[nH]c2=O)c1C)C1CCOCC1
2865,CCC(CO)Nc1cc(NCc2ccc(NC(=O)N3CCN(CCCCCc4cccc5c4CN(C4CCC(=O)NC4=O)C5=O)CC3)cc2)n2ncc(C(C)C)c2n1
2866,N#Cc1ccc(OC2CCC(NC(=O)c3ccc(NCCCNc4ccc5c(c4)C(=O)N(C4CCC(=O)NC4=O)C5=O)cc3)CC2)cc1Cl
2867,N#Cc1ccc(OC2CCC(NC(=O)c3ccc(NCCCCNc4ccc5c(c4)C(=O)N(C4CCC(=O)NC4=O)C5=O)cc3)CC2)cc1Cl
2868,N#Cc1ccc(OC2CCC(NC(=O)c3ccc(NCCCCCNc4ccc5c(c4)C(=O)N(C4CCC(=O)NC4=O)C5=O)cc3)CC2)cc1Cl
2869,N#Cc1ccc(OC2CCC(NC(=O)c3ccc(NCCCCCCNc4ccc5c(c4)C(=O)N(C4CCC(=O)NC4=O)C5=O)cc3)CC2)cc1Cl
2870,N#Cc1ccc(OC2CCC(NC(=O)c3ccc(NCCCCCCCNc4ccc5c(c4)C(=O)N(C4CCC(=O)NC4=O)C5=O)cc3)CC2)cc1Cl
2871,N#Cc1ccc(OC2CCC(NC(=O)c3ccc(NCCCCCCCCNc4ccc5c(c4)C(=O)N(C4CCC(=O)NC4=O)C5=O)cc3)CC2)cc1Cl
2872,N#Cc1ccc(OC2CCC(NC(=O)c3ccc(NCCCCCCCCCNc4ccc5c(c4)C(=O)N(C4CCC(=O)NC4=O)C5=O)cc3)CC2)cc1Cl
2873,N#Cc1ccc(OC2CCC(NC(=O)c3ccc(NCCCCCCCCCCNc4ccc5c(c4)C(=O)N(C4CCC(=O)NC4=O)C5=O)cc3)CC2)cc1Cl
2874,N#Cc1ccc(OC2CCC(NC(=O)c3ccc(NCCCCCCCCCCCNc4ccc5c(c4)C(=O)N(C4CCC(=O)NC4=O)C5=O)cc3)CC2)cc1Cl
2875,N#Cc1ccc(OC2CCC(NC(=O)c3ccc(N4CCN(CCNc5ccc6c(c5)C(=O)N(C5CCC(=O)NC5=O)C6=O)CC4)cc3)CC2)cc1Cl
2876,N#Cc1ccc(OC2CCC(NC(=O)c3ccc(N4CCN(CCCNc5ccc6c(c5)C(=O)N(C5CCC(=O)NC5=O)C6=O)CC4)cc3)CC2)cc1Cl
2877,N#Cc1ccc(OC2CCC(NC(=O)c3ccc(N4CCN(CCCCNc5ccc6c(c5)C(=O)N(C5CCC(=O)NC5=O)C6=O)CC4)cc3)CC2)cc1Cl
2878,N#Cc1ccc(OC2CCC(NC(=O)c3ccc(N4CCN(CCCCCNc5ccc6c(c5)C(=O)N(C5CCC(=O)NC5=O)C6=O)CC4)cc3)CC2)cc1Cl
2879,N#Cc1ccc(OC2CCC(NC(=O)c3ccc(N4CCN(CC5CCN(c6ccc7c(c6)C(=O)N(C6CCC(=O)NC6=O)C7=O)CC5)CC4)cc3)CC2)cc1Cl
2880,N#Cc1ccc(OC2CCC(NC(=O)c3ccc(N4CCN(C5CCN(c6ccc7c(c6)C(=O)N(C6CCC(=O)NC6=O)C7=O)CC5)CC4)cc3)CC2)cc1Cl
2881,N#Cc1ccc(OC2CCC(NC(=O)c3ccc(N4CCC(N5CCN(c6ccc7c(c6)C(=O)N(C6CCC(=O)NC6=O)C7=O)CC5)CC4)cc3)CC2)cc1Cl
2882,N#Cc1ccc(OC2CCC(NC(=O)c3ccc(N4CCN(CC5CN(c6ccc7c(c6)C(=O)N(C6CCC(=O)NC6=O)C7=O)C5)CC4)cc3)CC2)cc1Cl
2883,N#Cc1ccc(OC2CCC(NC(=O)c3ccc(N4CCN(C5CN(c6ccc7c(c6)C(=O)N(C6CCC(=O)NC6=O)C7=O)C5)CC4)cc3)CC2)cc1Cl
2884,N#Cc1ccc(OC2CCC(NC(=O)c3ccc(N4CCC(N5CCN(c6ccc7c(c6)C(=O)N(C6CCC(=O)NC6=O)C7=O)CC5)CC4)cc3)C2)cc1Cl
2885,N#Cc1ccc(OC2CCCC(NC(=O)c3ccc(N4CCC(N5CCN(c6ccc7c(c6)C(=O)N(C6CCC(=O)NC6=O)C7=O)CC5)CC4)cc3)CC2)cc1Cl
2886,N#Cc1ccc(OC2CCCC(NC(=O)c3ccc(N4CCC(N5CCN(c6ccc7c(c6)C(=O)N(C6CCC(=O)NC6=O)C7=O)CC5)CC4)cc3)CCC2)cc1Cl
2889,N#Cc1ccc(NC2CCC(NC(=O)c3ccc(N4CCC(N5CCN(c6ccc7c(c6)C(=O)N(C6CCC(=O)NC6=O)C7=O)CC5)CC4)cc3)CC2)cc1Cl
2890,CN(c1ccc(C#N)c(Cl)c1)C1CCC(NC(=O)c2ccc(N3CCC(N4CCN(c5ccc6c(c5)C(=O)N(C5CCC(=O)NC5=O)C6=O)CC4)CC3)cc2)CC1
2891,CCN(c1ccc(C#N)c(Cl)c1)C1CCC(NC(=O)c2ccc(N3CCC(N4CCN(c5ccc6c(c5)C(=O)N(C5CCC(=O)NC5=O)C6=O)CC4)CC3)cc2)CC1
2892,CCCN(c1ccc(C#N)c(Cl)c1)C1CCC(NC(=O)c2ccc(N3CCC(N4CCN(c5ccc6c(c5)C(=O)N(C5CCC(=O)NC5=O)C6=O)CC4)CC3)cc2)CC1
2893,CN(c1ccc(C#N)c(Cl)c1)C1CCC(NC(=O)c2ccc(N3CCN(CC4CCN(c5ccc6c(c5)C(=O)N(C5CCC(=O)NC5=O)C6=O)CC4)CC3)cc2)CC1
2894,CN(c1ccc(C#N)c(Cl)c1)C1CCC(NC(=O)c2ccc(N3CCC(CN4CCN(c5ccc6c(c5)C(=O)N(C5CCC(=O)NC5=O)C6=O)CC4)CC3)cc2)CC1
2895,CN(c1ccc(C#N)c(Cl)c1)C1CCC(NC(=O)c2ccc(N3CCN(C4CCN(c5ccc6c(c5)C(=O)N(C5CCC(=O)NC5=O)C6=O)CC4)CC3)cc2)CC1
2896,CN(c1ccc(C#N)c(Cl)c1)C1CCC(NC(=O)c2ccc(N3CCN(CC4CN(c5ccc6c(c5)C(=O)N(C5CCC(=O)NC5=O)C6=O)C4)CC3)cc2)CC1
2897,CN(c1ccc(C#N)c(Cl)c1)C1CCC(NC(=O)c2ccc(N3CCN(C4CN(c5ccc6c(c5)C(=O)N(C5CCC(=O)NC5=O)C6=O)C4)CC3)cc2)CC1
2898,CN(c1ccc(C#N)c(Cl)c1)C1CCC(NC(=O)c2ccc(N3CC(CN4CCN(c5ccc6c(c5)C(=O)N(C5CCC(=O)NC5=O)C6=O)CC4)C3)cc2)CC1
2899,CN(c1ccc(C#N)c(Cl)c1)C1CCC(NC(=O)c2ccc(N3CC(N4CCN(c5ccc6c(c5)C(=O)N(C5CCC(=O)NC5=O)C6=O)CC4)C3)cc2)CC1
2918,Cc1ncsc1-c1ccc(CNC(=O)C2CC(O)CN2C(=O)C(NC(=O)CNC(=O)C2CCN(c3ccc(NC(=O)c4cnc(Oc5ccccc5)nc4)cc3)CC2)C(C)(C)C)cc1
2919,Cc1ncsc1-c1ccc(CNC(=O)C2CC(O)CN2C(=O)C(NC(=O)COCCNC(=O)CCNCC(C(=O)N2CCN(c3ncnc4c3C(C)CC4O)CC2)c2ccc(Cl)cc2)C(C)(C)C)cc1
2920,Cc1ncsc1-c1ccc(CNC(=O)C2CC(O)CN2C(=O)C(NC(=O)COCCOCCNC(=O)CCNCC(C(=O)N2CCN(c3ncnc4c3C(C)CC4O)CC2)c2ccc(Cl)cc2)C(C)(C)C)cc1
2921,Cc1ncsc1-c1ccc(CNC(=O)C2CC(O)CN2C(=O)C(NC(=O)CCOCCOCCOCCOCCNC(=O)CCNCC(C(=O)N2CCN(c3ncnc4c3C(C)CC4O)CC2)c2ccc(Cl)cc2)C(C)(C)C)cc1
2922,Cc1ncsc1-c1ccc(CNC(=O)C2CC(O)CN2C(=O)C(NC(=O)CCCCNC(=O)CCNCC(C(=O)N2CCN(c3ncnc4c3C(C)CC4O)CC2)c2ccc(Cl)cc2)C(C)(C)C)cc1
2923,Cc1ncsc1-c1ccc(CNC(=O)C2CC(O)CN2C(=O)C(NC(=O)CCCCCNC(=O)CCNCC(C(=O)N2CCN(c3ncnc4c3C(C)CC4O)CC2)c2ccc(Cl)cc2)C(C)(C)C)cc1
2924,Cc1ncsc1-c1ccc(CNC(=O)C2CC(O)CN2C(=O)C(NC(=O)CCCCCCNC(=O)CCNCC(C(=O)N2CCN(c3ncnc4c3C(C)CC4O)CC2)c2ccc(Cl)cc2)C(C)(C)C)cc1
2925,Cc1ncsc1-c1ccc(CNC(=O)C2CC(O)CN2C(=O)C(NC(=O)CCCCCCCCNC(=O)CCNCC(C(=O)N2CCN(c3ncnc4c3C(C)CC4O)CC2)c2ccc(Cl)cc2)C(C)(C)C)cc1
2926,Cc1ncsc1-c1ccc(CNC(=O)C2CC(O)CN2C(=O)C(NC(=O)CCCCCCCCCNC(=O)CCNCC(C(=O)N2CCN(c3ncnc4c3C(C)CC4O)CC2)c2ccc(Cl)cc2)C(C)(C)C)cc1
2927,Cc1ncsc1-c1ccc(CNC(=O)C2CC(O)CN2C(=O)C(NC(=O)CCCCCCCCCCNC(=O)CCNCC(C(=O)N2CCN(c3ncnc4c3C(C)CC4O)CC2)c2ccc(Cl)cc2)C(C)(C)C)cc1
2928,Cc1ncsc1-c1ccc(C(C)NC(=O)C2CC(O)CN2C(=O)C(NC(=O)CCCCCCCCCCNC(=O)CCNCC(C(=O)N2CCN(c3ncnc4c3C(C)CC4O)CC2)c2ccc(Cl)cc2)C(C)(C)C)cc1
2929,Cc1ncsc1-c1ccc(C(C)NC(=O)C2CC(O)CN2C(=O)C(NC(=O)CCCCCCCCCCC(=O)NCCNCC(C(=O)N2CCN(c3ncnc4c3C(C)CC4O)CC2)c2ccc(Cl)cc2)C(C)(C)C)cc1
2930,CC1CC(O)c2ncnc(N3CCN(C(=O)C(CNCCC(=O)NCCOCCNc4cccc5c4C(=O)N(C4CCC(=O)NC4=O)C5=O)c4ccc(Cl)cc4)CC3)c21
2931,CC1CC(O)c2ncnc(N3CCN(C(=O)C(CNCCC(=O)NCCOCCOCCNc4cccc5c4C(=O)N(C4CCC(=O)NC4=O)C5=O)c4ccc(Cl)cc4)CC3)c21
2932,CC1CC(O)c2ncnc(N3CCN(C(=O)C(CNCCC(=O)NCCOCCOCCOCCNc4cccc5c4C(=O)N(C4CCC(=O)NC4=O)C5=O)c4ccc(Cl)cc4)CC3)c21
2933,CC1CC(O)c2ncnc(N3CCN(C(=O)C(CNCCC(=O)NCCOCCOCCOCCOCCNc4cccc5c4C(=O)N(C4CCC(=O)NC4=O)C5=O)c4ccc(Cl)cc4)CC3)c21
2934,CC1CC(O)c2ncnc(N3CCN(C(=O)C(CNCCC(=O)NCCOCCOCCOCCOCCOCCNc4cccc5c4C(=O)N(C4CCC(=O)NC4=O)C5=O)c4ccc(Cl)cc4)CC3)c21
2935,CC1CC(O)c2ncnc(N3CCN(C(=O)C(CNCCC(=O)NCCNc4cccc5c4C(=O)N(C4CCC(=O)NC4=O)C5=O)c4ccc(Cl)cc4)CC3)c21
2936,CC1CC(O)c2ncnc(N3CCN(C(=O)C(CNCCC(=O)NCCCNc4cccc5c4C(=O)N(C4CCC(=O)NC4=O)C5=O)c4ccc(Cl)cc4)CC3)c21
2937,CC1CC(O)c2ncnc(N3CCN(C(=O)C(CNCCC(=O)NCCCCNc4cccc5c4C(=O)N(C4CCC(=O)NC4=O)C5=O)c4ccc(Cl)cc4)CC3)c21
2938,CC1CC(O)c2ncnc(N3CCN(C(=O)C(CNCCC(=O)NCCCCCNc4cccc5c4C(=O)N(C4CCC(=O)NC4=O)C5=O)c4ccc(Cl)cc4)CC3)c21
2939,CC1CC(O)c2ncnc(N3CCN(C(=O)C(CNCCC(=O)NCCCCCCNc4cccc5c4C(=O)N(C4CCC(=O)NC4=O)C5=O)c4ccc(Cl)cc4)CC3)c21
2940,CC1CC(O)c2ncnc(N3CCN(C(=O)C(CNCCC(=O)NCCCCCCCNc4cccc5c4C(=O)N(C4CCC(=O)NC4=O)C5=O)c4ccc(Cl)cc4)CC3)c21
2941,CC1CC(O)c2ncnc(N3CCN(C(=O)C(CNCCC(=O)NCCCCCCCCNc4cccc5c4C(=O)N(C4CCC(=O)NC4=O)C5=O)c4ccc(Cl)cc4)CC3)c21
2942,CC1CC(O)c2ncnc(N3CCN(C(=O)C(CNCCNC(=O)CCCCCCCCNc4cccc5c4C(=O)N(C4CCC(=O)NC4=O)C5=O)c4ccc(Cl)cc4)CC3)c21
2943,CC1CC(O)c2ncnc(N3CCN(C(=O)C(CNCCC(=O)NCCCCCCCCCc4cccc5c4C(=O)N(C4CCC(=O)NC4=O)C5=O)c4ccc(Cl)cc4)CC3)c21
2944,CC1CC(O)c2ncnc(N3CCN(C(=O)C(CNCCC(=O)NCCCCCCCCNc4cccc5c4CN(C4CCC(=O)NC4=O)C5=O)c4ccc(Cl)cc4)CC3)c21
2945,CC1CC(O)c2ncnc(N3CCN(C(=O)C(CNCCC(=O)NCCCCCCCCOc4cccc5c4C(=O)N(C4CCC(=O)NC4=O)C5=O)c4ccc(Cl)cc4)CC3)c21
2946,CCn1c(-c2nonc2N)nc2c(C#CC(C)(C)O)ncc(OCCCNCCCC(=O)NCCOCC(=O)NC(C(=O)N3CC(O)CC3C(=O)NCc3ccc(-c4scnc4C)cc3)C(C)(C)C)c21
2947,CCn1c(-c2nonc2N)nc2c(C#CC(C)(C)O)ncc(OCCCNCCCC(=O)NCCOCCC(=O)NC(C(=O)N3CC(O)CC3C(=O)NCc3ccc(-c4scnc4C)cc3)C(C)(C)C)c21
2948,CCn1c(-c2nonc2N)nc2c(C#CC(C)(C)O)ncc(OCCCNCCCC(=O)NCCOCCOCC(=O)NC(C(=O)N3CC(O)CC3C(=O)NCc3ccc(-c4scnc4C)cc3)C(C)(C)C)c21
2949,CCn1c(-c2nonc2N)nc2c(C#CC(C)(C)O)ncc(OCCCNCCCC(=O)NCCOCCOCCC(=O)NC(C(=O)N3CC(O)CC3C(=O)NCc3ccc(-c4scnc4C)cc3)C(C)(C)C)c21
2950,CCn1c(-c2nonc2N)nc2c(C#CC(C)(C)O)ncc(OCCCNCCCC(=O)NCCOCCOCCOCC(=O)NC(C(=O)N3CC(O)CC3C(=O)NCc3ccc(-c4scnc4C)cc3)C(C)(C)C)c21
2951,CCn1c(-c2nonc2N)nc2c(C#CC(C)(C)O)ncc(OCCCNCCCC(=O)NCCOCCOCCOCCC(=O)NC(C(=O)N3CC(O)CC3C(=O)NCc3ccc(-c4scnc4C)cc3)C(C)(C)C)c21
2952,CCn1c(-c2nonc2N)nc2c(C#CC(C)(C)O)ncc(OCCCNCCCC(=O)NCCOCCOCCOCCOCCC(=O)NC(C(=O)N3CC(O)CC3C(=O)NCc3ccc(-c4scnc4C)cc3)C(C)(C)C)c21
2953,CCn1c(-c2nonc2N)nc2c(C#CC(C)(C)O)ncc(OCCCNCCCC(=O)NCCOCCOCCOCCOCCOCCC(=O)NC(C(=O)N3CC(O)CC3C(=O)NCc3ccc(-c4scnc4C)cc3)C(C)(C)C)c21
2954,CCn1c(-c2nonc2N)nc2c(C#CC(C)(C)O)ncc(OCCCNCCCC(=O)NCC(=O)NC(C(=O)N3CC(O)CC3C(=O)NCc3ccc(-c4scnc4C)cc3)C(C)(C)C)c21
2955,CCn1c(-c2nonc2N)nc2c(C#CC(C)(C)O)ncc(OCCCNCCCC(=O)NCCC(=O)NC(C(=O)N3CC(O)CC3C(=O)NCc3ccc(-c4scnc4C)cc3)C(C)(C)C)c21
2956,CCn1c(-c2nonc2N)nc2c(C#CC(C)(C)O)ncc(OCCCNCCCC(=O)NCCCC(=O)NC(C(=O)N3CC(O)CC3C(=O)NCc3ccc(-c4scnc4C)cc3)C(C)(C)C)c21
2957,CCn1c(-c2nonc2N)nc2c(C#CC(C)(C)O)ncc(OCCCNCCCC(=O)NCCCCC(=O)NC(C(=O)N3CC(O)CC3C(=O)NCc3ccc(-c4scnc4C)cc3)C(C)(C)C)c21
2958,CCn1c(-c2nonc2N)nc2c(C#CC(C)(C)O)ncc(OCCCNCCCC(=O)NCCCCCC(=O)NC(C(=O)N3CC(O)CC3C(=O)NCc3ccc(-c4scnc4C)cc3)C(C)(C)C)c21
2959,CCn1c(-c2nonc2N)nc2c(C#CC(C)(C)O)ncc(OCCCNCCCC(=O)NCCCCCCC(=O)NC(C(=O)N3CC(O)CC3C(=O)NCc3ccc(-c4scnc4C)cc3)C(C)(C)C)c21
2960,CCn1c(-c2nonc2N)nc2c(C#CC(C)(C)O)ncc(OCCCNCCCC(=O)NCCCCCCCC(=O)NC(C(=O)N3CC(O)CC3C(=O)NCc3ccc(-c4scnc4C)cc3)C(C)(C)C)c21
2961,CCn1c(-c2nonc2N)nc2c(C#CC(C)(C)O)ncc(OCCCNCCCC(=O)NCCCCCCCCC(=O)NC(C(=O)N3CC(O)CC3C(=O)NCc3ccc(-c4scnc4C)cc3)C(C)(C)C)c21
2962,CCn1c(-c2nonc2N)nc2c(C#CC(C)(C)O)ncc(OCCCNCCCC(=O)NCCCCCCCCCC(=O)NC(C(=O)N3CC(O)CC3C(=O)NCc3ccc(-c4scnc4C)cc3)C(C)(C)C)c21
2963,CCn1c(-c2nonc2N)nc2c(C#CC(C)(C)O)ncc(OCCCNCCCC(=O)NCCCCCCCCCCC(=O)NC(C(=O)N3CC(O)CC3C(=O)NCc3ccc(-c4scnc4C)cc3)C(C)(C)C)c21
2976,COc1cc(N(C)CCN(C)C)c(NC(=O)C=CCN(C)CCN(C)C(=O)CCCC(=O)NC(C(=O)N2CC(O)CC2C(=O)NCc2ccc(-c3scnc3C)cc2)C(C)(C)C)cc1Nc1nccc(-c2cn(C)c3ccccc23)n1
2977,COc1cc(N(C)CCN(C)C)c(NC(=O)C=CCN(C)CCN(C)C(=O)CCCCCC(=O)NC(C(=O)N2CC(O)CC2C(=O)NCc2ccc(-c3scnc3C)cc2)C(C)(C)C)cc1Nc1nccc(-c2cn(C)c3ccccc23)n1
2978,COc1cc(N(C)CCN(C)C)c(NC(=O)C=CCN(C)CCN(C)C(=O)CCCCCCC(=O)NC(C(=O)N2CC(O)CC2C(=O)NCc2ccc(-c3scnc3C)cc2)C(C)(C)C)cc1Nc1nccc(-c2cn(C)c3ccccc23)n1
2979,COc1cc(N(C)CCN(C)C)c(NC(=O)C=CCN(C)CCCCCCCC(=O)NC(C(=O)N2CC(O)CC2C(=O)NCc2ccc(-c3scnc3C)cc2)C(C)(C)C)cc1Nc1nccc(-c2cn(C)c3ccccc23)n1
2980,COc1cc(N(C)CCN(C)C)c(NC(=O)C=CCN(C)CCCCCCCCCC(=O)NC(C(=O)N2CC(O)CC2C(=O)NCc2ccc(-c3scnc3C)cc2)C(C)(C)C)cc1Nc1nccc(-c2cn(C)c3ccccc23)n1
2981,C=CC(=O)Nc1cc(Nc2nccc(-c3cn(C)c4ccccc34)n2)c(OC)cc1N(CCCCCCC(=O)NC(C(=O)N1CC(O)CC1C(=O)NCc1ccc(-c2scnc2C)cc1)C(C)(C)C)CCN(C)C
2982,C=CC(=O)Nc1cc(Nc2nccc(-c3cn(C)c4ccccc34)n2)c(OC)cc1N(CCCCCCC(=O)NCCOCCOCC(=O)NC(C(=O)N1CC(O)CC1C(=O)NCc1ccc(-c2scnc2C)cc1)C(C)(C)C)CCN(C)C
2983,C=CC(=O)Nc1cc(Nc2nccc(-c3cn(C)c4ccccc34)n2)c(OC)cc1N(CCCCCCC(=O)NCCCCCCC(=O)NC(C(=O)N1CC(O)CC1C(=O)NCc1ccc(-c2scnc2C)cc1)C(C)(C)C)CCN(C)C
2984,C=CC(=O)Nc1cc(Nc2nccc(-c3cn(C)c4ccccc34)n2)c(OC)cc1N(C)CCN(C)CCCCCCCC(=O)NC(C(=O)N1CC(O)CC1C(=O)NCc1ccc(-c2scnc2C)cc1)C(C)(C)C
2985,C=CC(=O)Nc1cc(Nc2nccc(-c3cn(C)c4ccccc34)n2)c(OC)cc1N(C)CCN(C)CC(=O)NCCOCCOCC(=O)NC(C(=O)N1CC(O)CC1C(=O)NCc1ccc(-c2scnc2C)cc1)C(C)(C)C
2986,COc1cc(N2CCN(CC(=O)NCCCCCCC(=O)NC(C(=O)N3CC(O)CC3C(=O)NCc3ccc(-c4scnc4C)cc3)C(C)(C)C)CC2)c(NC(=O)C(C#N)=CC2CC2)cc1Nc1nccc(-c2cn(C)c3ccccc23)n1
2987,COc1cc(N2CCN(CC(=O)NCCCCCCC(=O)NC(C(=O)N3CC(O)CC3C(=O)NCc3ccc(-c4scnc4C)cc3)C(C)(C)C)CC2)c(NC(=O)C(C#N)=Cc2ccncc2)cc1Nc1nccc(-c2cn(C)c3ccccc23)n1
2988,COc1cc(N2CCN(C)CC2)c(NC(=O)C(C#N)=CC(C)(C)NC(=O)CCCCCC(=O)NC(C(=O)N2CC(O)CC2C(=O)NCc2ccc(-c3scnc3C)cc2)C(C)(C)C)cc1Nc1nccc(-c2cn(C)c3ccccc23)n1
2989,COc1cc(N(C)CCN(C)C)c(NC(=O)C(C#N)=CC(C)(C)NC(=O)CCCCCCC(=O)NC(C(=O)N2CC(O)CC2C(=O)NCc2ccc(-c3scnc3C)cc2)C(C)(C)C)cc1Nc1nccc(-c2cn(C)c3ccccc23)n1
2990,C=CC(=O)N1CCC(n2c(Nc3ccccc3)nc3cnc(Nc4ccc(N5CCN(CCCCCCC(=O)NC(C(=O)N6CC(O)CC6C(=O)NCc6ccc(-c7scnc7C)cc6)C(C)(C)C)CC5)cc4)nc32)C1
2991,C=CC(=O)N1CCCC(n2c(Nc3ccccc3)nc3cnc(Nc4ccc(N5CCN(CCCCCCC(=O)NC(C(=O)N6CC(O)CC6C(=O)NCc6ccc(-c7scnc7C)cc6)C(C)(C)C)CC5)cc4)nc32)C1
2992,C=CC(=O)N1CCCC(n2c(Nc3ccccc3)nc3cnc(Nc4ccc(N5CCN(CCCCCCCC(=O)NC(C(=O)N6CC(O)CC6C(=O)NCc6ccc(-c7scnc7C)cc6)C(C)(C)C)CC5)cc4)nc32)C1
2993,C=CC(=O)N1CCCC(n2c(Nc3ccccc3)nc3cnc(Nc4ccc(N5CCN(CC(=O)NCCCCCC(=O)NC(C(=O)N6CC(O)CC6C(=O)NCc6ccc(-c7scnc7C)cc6)C(C)(C)C)CC5)cc4)nc32)C1
2994,C=CC(=O)N1CCCC(n2c(Nc3ccccc3)nc3cnc(Nc4ccc(N5CCN(CC(=O)NCCCCCCC(=O)NC(C(=O)N6CC(O)CC6C(=O)NCc6ccc(-c7scnc7C)cc6)C(C)(C)C)CC5)cc4)nc32)C1
2995,C=CC(=O)N1CCCC(n2c(Nc3ccccc3)nc3cnc(Nc4ccc(N5CCN(CC(=O)NCCOCCOCC(=O)NC(C(=O)N6CC(O)CC6C(=O)NCc6ccc(-c7scnc7C)cc6)C(C)(C)C)CC5)cc4)nc32)C1
2996,C=CC(=O)N1CCCC(n2c(Nc3ccccc3)nc3cnc(Nc4ccc(N5CCN(CCCCCCCC(=O)NC(C(=O)N6CC(O)CC6C(=O)NC(C)c6ccc(-c7scnc7C)cc6)C(C)(C)C)CC5)cc4)nc32)C1
2997,CCC(=O)N1CCCC(n2c(Nc3ccccc3)nc3cnc(Nc4ccc(N5CCN(CCCCCCCC(=O)NC(C(=O)N6CC(O)CC6C(=O)NC(C)c6ccc(-c7scnc7C)cc6)C(C)(C)C)CC5)cc4)nc32)C1
2998,Cc1cc(Cn2c(N3CC4(CNC4)C3)nc3c(N4CCN(CCCCCC(=O)NC(C(=O)N5CC(O)CC5C(=O)NC(C)c5ccc(-c6scnc6C)cc5)C(C)(C)C)CC4)cc(Cl)cc32)cc(C)c1F
2999,Cc1cc(Cn2c(N3CC4(CNC4)C3)nc3c(N4CCN(CCCCCCC(=O)NC(C(=O)N5CC(O)CC5C(=O)NC(C)c5ccc(-c6scnc6C)cc5)C(C)(C)C)CC4)cc(Cl)cc32)cc(C)c1F
3000,Cc1cc(Cn2c(N3CC4(CNC4)C3)nc3c(N4CCN(CCCCCCCC(=O)NC(C(=O)N5CC(O)CC5C(=O)NC(C)c5ccc(-c6scnc6C)cc5)C(C)(C)C)CC4)cc(Cl)cc32)cc(C)c1F
3001,Cc1cc(Cn2c(N3CC4(CNC4)C3)nc3c(N4CCN(CCCCCCCCC(=O)NC(C(=O)N5CC(O)CC5C(=O)NC(C)c5ccc(-c6scnc6C)cc5)C(C)(C)C)CC4)cc(Cl)cc32)cc(C)c1F
3002,Cc1cc(Cn2c(N3CC4(CNC4)C3)nc3c(N4CCN(CCCCCCCCCC(=O)NC(C(=O)N5CC(O)CC5C(=O)NC(C)c5ccc(-c6scnc6C)cc5)C(C)(C)C)CC4)cc(Cl)cc32)cc(C)c1F
3003,Cc1cc(Cn2c(N3CC4(CNC4)C3)nc3c(N4CCN(CCCCCCCCCCC(=O)NC(C(=O)N5CC(O)CC5C(=O)NC(C)c5ccc(-c6scnc6C)cc5)C(C)(C)C)CC4)cc(Cl)cc32)cc(C)c1F
3004,Cc1cc(Cn2c(N3CC4(CNC4)C3)nc3c(N4CCN(CCCCCCCCCCCC(=O)NC(C(=O)N5CC(O)CC5C(=O)NC(C)c5ccc(-c6scnc6C)cc5)C(C)(C)C)CC4)cc(Cl)cc32)cc(C)c1F
3005,Cc1cc(Cn2c(N3CC4(CNC4)C3)nc3c(N4CCN(CCOCCOCC(=O)NC(C(=O)N5CC(O)CC5C(=O)NC(C)c5ccc(-c6scnc6C)cc5)C(C)(C)C)CC4)cc(Cl)cc32)cc(C)c1F
3006,Cc1cc(Cn2c(N3CC4(CNC4)C3)nc3c(N4CCN(CCOCCOCCC(=O)NC(C(=O)N5CC(O)CC5C(=O)NC(C)c5ccc(-c6scnc6C)cc5)C(C)(C)C)CC4)cc(Cl)cc32)cc(C)c1F
3007,Cc1cc(Cn2c(N3CC4(CNC4)C3)nc3c(N4CCN(CCOCCOCCOCCC(=O)NC(C(=O)N5CC(O)CC5C(=O)NC(C)c5ccc(-c6scnc6C)cc5)C(C)(C)C)CC4)cc(Cl)cc32)cc(C)c1F
3008,Cc1cc(Cn2c(N3CC4(CNC4)C3)nc3c(N4CCN(CCC(=O)NCCCC(=O)NC(C(=O)N5CC(O)CC5C(=O)NC(C)c5ccc(-c6scnc6C)cc5)C(C)(C)C)CC4)cc(Cl)cc32)cc(C)c1F
3009,Cc1cc(Cn2c(N3CC4(CNC4)C3)nc3c(N4CCN(CCCC(=O)NCCCC(=O)NC(C(=O)N5CC(O)CC5C(=O)NC(C)c5ccc(-c6scnc6C)cc5)C(C)(C)C)CC4)cc(Cl)cc32)cc(C)c1F
3010,Cc1cc(Cn2c(N3CC4(CNC4)C3)nc3c(N4CCN(CCCCC(=O)NCCCC(=O)NC(C(=O)N5CC(O)CC5C(=O)NC(C)c5ccc(-c6scnc6C)cc5)C(C)(C)C)CC4)cc(Cl)cc32)cc(C)c1F
3011,Cc1cc(Cn2c(N3CC4(CNC4)C3)nc3c(N4CCN(CC5CCN(CC(=O)NC(C(=O)N6CC(O)CC6C(=O)NC(C)c6ccc(-c7scnc7C)cc6)C(C)(C)C)CC5)CC4)cc(Cl)cc32)cc(C)c1F
3012,Cc1cc(Cn2c(N3CC4(CNC4)C3)nc3c(N4CCN(CC5CCN(CCC(=O)NC(C(=O)N6CC(O)CC6C(=O)NC(C)c6ccc(-c7scnc7C)cc6)C(C)(C)C)CC5)CC4)cc(Cl)cc32)cc(C)c1F
3013,Cc1cc(Cn2c(N3CC4(CNC4)C3)nc3c(N4CCN(CC5CCN(CCCC(=O)NC(C(=O)N6CC(O)CC6C(=O)NC(C)c6ccc(-c7scnc7C)cc6)C(C)(C)C)CC5)CC4)cc(Cl)cc32)cc(C)c1F
3029,O=C(COc1cccc2c1C(=O)N(C1CCC(=O)NC1=O)C2=O)NCCCCNC(=O)Cc1sc(NN=C(Cc2ccccc2[N+](=O)[O-])C(=O)O)nc1-c1ccc(Cl)c(Cl)c1
3030,CC(=NNc1nc(-c2ccc(-c3ccccc3)cc2)cs1)C(=O)NCCCCNc1cccc2c1C(=O)N(C1CCC(=O)NC1=O)C2=O
3031,O=C1CCC(N2C(=O)c3cccc(NCCCCNC(=O)C(Cc4ccccc4[N+](=O)[O-])=NNc4nc(-c5ccc(-c6ccccc6)cc5)cs4)c3C2=O)C(=O)N1
3032,CC(=NNc1nc(-c2ccc(-c3ccccc3)cc2)cs1)C(=O)NCCNc1cccc2c1C(=O)N(C1CCC(=O)NC1=O)C2=O
3033,CC(=NNc1nc(-c2ccc(-c3ccccc3)cc2)cs1)C(=O)NCCCNc1cccc2c1C(=O)N(C1CCC(=O)NC1=O)C2=O
3034,CC(=NNc1nc(-c2ccc(Cl)c(Cl)c2)c(CC(=O)NCCNc2cccc3c2C(=O)N(C2CCC(=O)NC2=O)C3=O)s1)C(=O)OCOC(=O)C(C)(C)C
3039,NC(Cc1ccc(O)c(O)c1)C(=O)NCCCCCCNc1cccc2c1C(=O)N(C1CCC(=O)NC1=O)C2=O
3040,NC(Cc1ccc(O)c(O)c1)C(=O)NCCNc1cccc2c1C(=O)N(C1CCC(=O)NC1=O)C2=O
3041,NC(Cc1ccc(O)c(O)c1)C(=O)NCCCNc1cccc2c1C(=O)N(C1CCC(=O)NC1=O)C2=O
3042,NC(Cc1ccc(O)c(O)c1)C(=O)NCCCCNc1cccc2c1C(=O)N(C1CCC(=O)NC1=O)C2=O
3043,NC(Cc1ccc(O)c(O)c1)C(=O)NCCCCCNc1cccc2c1C(=O)N(C1CCC(=O)NC1=O)C2=O
3044,NC(Cc1ccc(O)c(O)c1)C(=O)NCCCCCCCNc1cccc2c1C(=O)N(C1CCC(=O)NC1=O)C2=O
3045,NC(Cc1ccc(O)c(O)c1)C(=O)NCCCCCCCCNc1cccc2c1C(=O)N(C1CCC(=O)NC1=O)C2=O
3046,NC(Cc1ccc(O)c(O)c1)C(=O)NCCCCCCCCCCNc1cccc2c1C(=O)N(C1CCC(=O)NC1=O)C2=O
3047,NC(Cc1ccc(O)c(O)c1)C(=O)NCCOCCNc1cccc2c1C(=O)N(C1CCC(=O)NC1=O)C2=O
3048,NC(Cc1ccc(O)c(O)c1)C(=O)NCCOCCOCCNc1cccc2c1C(=O)N(C1CCC(=O)NC1=O)C2=O
3050,Cc1ncsc1-c1ccc(CNC(=O)C2CC(O)CN2C(=O)C(NC(=O)COCCn2cc(CCCS(=O)(=O)c3ccc(Nc4nccc(-c5cnc(C)n5C(C)C)n4)cc3)nn2)C(C)(C)C)cc1
3051,O=C1CCC(N2C(=O)c3cccc(NCCOCCOCCOCCn4cc(COC5CCC(NC(=O)c6n[nH]cc6NC(=O)c6c(F)cccc6F)CC5)nn4)c3C2=O)C(=O)N1
3052,Cc1ncsc1-c1ccc(CNC(=O)C2CC(O)CN2C(=O)C(NC(=O)COCCn2cc(COC3CCC(NC(=O)c4n[nH]cc4NC(=O)c4c(F)cccc4F)CC3)nn2)C(C)(C)C)cc1
3053,CCC1c2nnc(C)n2-c2cnc(Nc3ccc(C(=O)NC4CCN(CCCCCOc5cccc6c5C(=O)N(C5CCC(=O)NC5=O)C6=O)CC4)cc3OC)nc2N1CC1CCCCC1
3054,CCC1c2nnc(C)n2-c2cnc(Nc3ccc(C(=O)NC4CCN(CCCCCCOc5cccc6c5C(=O)N(C5CCC(=O)NC5=O)C6=O)CC4)cc3OC)nc2N1CC1CCCCC1
3055,CCC1c2nnc(C)n2-c2cnc(Nc3ccc(C(=O)NC4CCN(CCCCCCCOc5cccc6c5C(=O)N(C5CCC(=O)NC5=O)C6=O)CC4)cc3OC)nc2N1CC1CCCCC1
3056,CCC1c2nnc(C)n2-c2cnc(Nc3ccc(C(=O)NC4CCN(CCCCCCCCOc5cccc6c5C(=O)N(C5CCC(=O)NC5=O)C6=O)CC4)cc3OC)nc2N1CC1CCCCC1
3057,CCC1c2nnc(C)n2-c2cnc(Nc3ccc(C(=O)NC4CCN(CCCCCCCCCOc5cccc6c5C(=O)N(C5CCC(=O)NC5=O)C6=O)CC4)cc3OC)nc2N1CC1CCCCC1
3058,CCC1c2nnc(C)n2-c2cnc(Nc3ccc(C(=O)NC4CCN(CCCCCCCCCCOc5cccc6c5C(=O)N(C5CCC(=O)NC5=O)C6=O)CC4)cc3OC)nc2N1CC1CCCCC1
3059,CCC1c2nnc(C)n2-c2cnc(Nc3ccc(C(=O)NC4CCN(CCCCCCCCCCCOc5cccc6c5C(=O)N(C5CCC(=O)NC5=O)C6=O)CC4)cc3OC)nc2N1CC1CCCCC1
3060,CCC1c2nnc(C)n2-c2cnc(Nc3ccc(C(=O)NC4CCN(CCCCNC(=O)COc5cccc6c5C(=O)N(C5CCC(=O)NC5=O)C6=O)CC4)cc3OC)nc2N1CC1CCCCC1
3061,CCC1c2nnc(C)n2-c2cnc(Nc3ccc(C(=O)NC4CCN(C(=O)COc5cccc6c5C(=O)N(C5CCC(=O)NC5=O)C6=O)CC4)cc3OC)nc2N1CC1CCCCC1
3062,CCC1c2nnc(C)n2-c2cnc(Nc3ccc(C(=O)NC4CCN(C(=O)CCCOc5cccc6c5C(=O)N(C5CCC(=O)NC5=O)C6=O)CC4)cc3OC)nc2N1CC1CCCCC1
3063,CCC1c2nnc(C)n2-c2cnc(Nc3ccc(C(=O)NC4CCN(C(=O)CCCCOc5cccc6c5C(=O)N(C5CCC(=O)NC5=O)C6=O)CC4)cc3OC)nc2N1CC1CCCCC1
3064,CCC1c2nnc(C)n2-c2cnc(Nc3ccc(C(=O)NC4CCN(C(=O)CCCCCOc5cccc6c5C(=O)N(C5CCC(=O)NC5=O)C6=O)CC4)cc3OC)nc2N1CC1CCCCC1
3065,CCC1c2nnc(C)n2-c2cnc(Nc3ccc(C(=O)NC4CCN(C(=O)CCCCCCOc5cccc6c5C(=O)N(C5CCC(=O)NC5=O)C6=O)CC4)cc3OC)nc2N1CC1CCCCC1
3066,CCC1c2nnc(C)n2-c2cnc(Nc3ccc(C(=O)NC4CCN(C(=O)CNc5cccc6c5CN(C5CCC(=O)NC5=O)C6=O)CC4)cc3OC)nc2N1CC1CCCCC1
3067,CCC1c2nnc(C)n2-c2cnc(Nc3ccc(C(=O)NC4CCN(C(=O)CCCCNc5cccc6c5CN(C5CCC(=O)NC5=O)C6=O)CC4)cc3OC)nc2N1CC1CCCCC1
3068,CCC1c2nnc(C)n2-c2cnc(Nc3ccc(C(=O)NC4CCN(C(=O)CCCCCNc5cccc6c5CN(C5CCC(=O)NC5=O)C6=O)CC4)cc3OC)nc2N1CC1CCCCC1
3069,CCC1c2nnc(C)n2-c2cnc(Nc3ccc(C(=O)NC4CCN(C(=O)CCCCCCC(=O)Nc5cccc6c5CN(C5CCC(=O)NC5=O)C6=O)CC4)cc3OC)nc2N1CC1CCCCC1
3100,COc1cc(C(=O)NCC#Cc2cn(Cc3ncc(C)c(OC)c3C)c3nc(N)nc(Cl)c23)ccc1NC(=O)C1NC(CC(C)(C)C)C(C#N)(c2ccc(Cl)cc2F)C1c1cccc(Cl)c1F
3101,COc1cc(C(=O)NCCC#Cc2cn(Cc3ncc(C)c(OC)c3C)c3nc(N)nc(Cl)c23)ccc1NC(=O)C1NC(CC(C)(C)C)C(C#N)(c2ccc(Cl)cc2F)C1c1cccc(Cl)c1F
3102,COc1cc(C(=O)NCCCC#Cc2cn(Cc3ncc(C)c(OC)c3C)c3nc(N)nc(Cl)c23)ccc1NC(=O)C1NC(CC(C)(C)C)C(C#N)(c2ccc(Cl)cc2F)C1c1cccc(Cl)c1F
3103,COc1cc(C(=O)NCCCCC#Cc2cn(Cc3ncc(C)c(OC)c3C)c3nc(N)nc(Cl)c23)ccc1NC(=O)C1NC(CC(C)(C)C)C(C#N)(c2ccc(Cl)cc2F)C1c1cccc(Cl)c1F
3104,COc1cc(C(=O)NCCOCC#Cc2cn(Cc3ncc(C)c(OC)c3C)c3nc(N)nc(Cl)c23)ccc1NC(=O)C1NC(CC(C)(C)C)C(C#N)(c2ccc(Cl)cc2F)C1c1cccc(Cl)c1F
3105,COc1cc(C(=O)NCCOCCOCC#Cc2cn(Cc3ncc(C)c(OC)c3C)c3nc(N)nc(Cl)c23)ccc1NC(=O)C1NC(CC(C)(C)C)C(C#N)(c2ccc(Cl)cc2F)C1c1cccc(Cl)c1F
3106,COc1cc(C(=O)NCCOCCOCCOCC#Cc2cn(Cc3ncc(C)c(OC)c3C)c3nc(N)nc(Cl)c23)ccc1NC(=O)C1NC(CC(C)(C)C)C(C#N)(c2ccc(Cl)cc2F)C1c1cccc(Cl)c1F
3107,COc1cc(C(=O)NCCOCCOCCOCCOCC#Cc2cn(Cc3ncc(C)c(OC)c3C)c3nc(N)nc(Cl)c23)ccc1NC(=O)C1NC(CC(C)(C)C)C(C#N)(c2ccc(Cl)cc2F)C1c1cccc(Cl)c1F
3108,COc1cc(C(=O)NCCOCCOCCOCCOCCOCC#Cc2cn(Cc3ncc(C)c(OC)c3C)c3nc(N)nc(Cl)c23)ccc1NC(=O)C1NC(CC(C)(C)C)C(C#N)(c2ccc(Cl)cc2F)C1c1cccc(Cl)c1F
3109,COc1cc(C(=O)NCCOCCOCCOCCOCCOCCOCC#Cc2cn(Cc3ncc(C)c(OC)c3C)c3nc(N)nc(Cl)c23)ccc1NC(=O)C1NC(CC(C)(C)C)C(C#N)(c2ccc(Cl)cc2F)C1c1cccc(Cl)c1F
3117,COc1ccc(-c2ocnc2C(=O)NCCCn2cc(CCCCC(=O)NC(C(=O)N3CC(O)CC3C(=O)NCc3ccc(-c4scnc4C)cc3)C(C)(C)C)nn2)cc1Cl
3118,COc1ccc(-c2ocnc2C(=O)NCCCn2cc(COCCOCCOCCOCC(=O)NC(C(=O)N3CC(O)CC3C(=O)NCc3ccc(-c4scnc4C)cc3)C(C)(C)C)nn2)cc1Cl
3200,Cc1ncsc1-c1ccc(CNC(=O)C2CC(O)CN2C(=O)C(NC(=O)CCOCCCN2CCCC2COc2nc3c(c(N4CCN(C(=O)C(C#N)=CC5CC5)C(CC#N)C4)n2)CCN(c2cccc4cccc(Cl)c24)C3)C(C)(C)C)cc1
3209,O=C1CCC(N2C(=O)c3cccc(NCCCCNC(=O)NC4CCC(Nc5ncnc6[nH]cc(C(=O)c7ccc(Oc8ccccc8)cc7Cl)c56)CC4)c3C2=O)C(=O)N1
3210,O=C1CCC(N2C(=O)c3cccc(NCCOCCOCCNC(=O)NC4CCC(Nc5ncnc6[nH]cc(C(=O)c7ccc(Oc8ccccc8)cc7Cl)c56)CC4)c3C2=O)C(=O)N1
3211,O=C1CCC(N2C(=O)c3cccc(NCCOCCOCCOCCNC(=O)NC4CCC(Nc5ncnc6[nH]cc(C(=O)c7ccc(Oc8ccccc8)cc7Cl)c56)CC4)c3C2=O)C(=O)N1
3212,O=C1CCC(N2C(=O)c3cccc(NCCOCCOCCOCCOCCNC(=O)NC4CCC(Nc5ncnc6[nH]cc(C(=O)c7ccc(Oc8ccccc8)cc7Cl)c56)CC4)c3C2=O)C(=O)N1
3213,O=C1CCC(N2C(=O)c3cccc(NCCOCCOCCOCCOCCOCCNC(=O)NC4CCC(Nc5ncnc6[nH]cc(C(=O)c7ccc(Oc8ccccc8)cc7Cl)c56)CC4)c3C2=O)C(=O)N1
3214,O=C(CCCON=C1C(=C2C(=O)N(Cc3cn(CCOCCNc4cccc5c4C(=O)N(C4CCC(=O)NC4=O)C5=O)nn3)c3ccccc32)Nc2ccccc21)NO
3215,O=C(CCCON=C1C(=C2C(=O)N(Cc3cn(CCOCCOCCNc4cccc5c4C(=O)N(C4CCC(=O)NC4=O)C5=O)nn3)c3ccccc32)Nc2ccccc21)NO
3216,O=C(CCCON=C1C(=C2C(=O)N(Cc3cn(CCOCCOCCOCCNc4cccc5c4C(=O)N(C4CCC(=O)NC4=O)C5=O)nn3)c3ccccc32)Nc2ccccc21)NO
3217,O=C(CCCON=C1C(=C2C(=O)N(Cc3cn(CCOCCOCCOCCOCCNc4cccc5c4C(=O)N(C4CCC(=O)NC4=O)C5=O)nn3)c3ccccc32)Nc2ccccc21)NO
3218,O=C(CCCON=C1C(=C2C(=O)N(Cc3cn(CCOCCOCCOCCOCCOCCNc4cccc5c4C(=O)N(C4CCC(=O)NC4=O)C5=O)nn3)c3ccccc32)Nc2ccccc21)NO
3231,COc1cc(C2CCN(CCCCCC(=O)NC(C(=O)N3CC(O)CC3C(=O)NC(C)c3ccc(-c4scnc4C)cc3)C(C)(C)C)CC2)ccc1Nc1ncc(Cl)c(Nc2ccccc2NS(C)(=O)=O)n1
3232,COc1cc(C2CCN(CCCCCC(=O)NC(C(=O)N3CC(O)CC3C(=O)NC(C)c3ccc(-c4scnc4C)cc3)C(C)(C)C)CC2)ccc1Nc1ncc(Cl)c(Nc2ccccc2N(C)S(C)(=O)=O)n1
3233,COc1cc(N2CCN(CCCCCC(=O)NC(C(=O)N3CC(O)CC3C(=O)NC(C)c3ccc(-c4scnc4C)cc3)C(C)(C)C)CC2)ccc1Nc1ncc(Cl)c(Nc2ccccc2P(C)(C)=O)n1
3234,COc1cc(N2CCN(CCCCCC(=O)NC(C(=O)N3CC(O)CC3C(=O)NC(C)c3ccc(-c4scnc4C)cc3)C(C)(C)C)CC2)ccc1Nc1ncc(Cl)c(Nc2ccccc2S(=O)(=O)C(C)C)n1
3235,COc1cc(N2CCN(CCCC(=O)NC(C(=O)N3CC(O)CC3C(=O)NC(C)c3ccc(-c4scnc4C)cc3)C(C)(C)C)CC2)ccc1Nc1ncc(Cl)c(Nc2ccccc2P(C)(C)=O)n1
3236,COc1cc(N2CCN(CCCCC(=O)NC(C(=O)N3CC(O)CC3C(=O)NC(C)c3ccc(-c4scnc4C)cc3)C(C)(C)C)CC2)ccc1Nc1ncc(Cl)c(Nc2ccccc2P(C)(C)=O)n1
3237,COc1cc(N2CCN(CCCCCCC(=O)NC(C(=O)N3CC(O)CC3C(=O)NC(C)c3ccc(-c4scnc4C)cc3)C(C)(C)C)CC2)ccc1Nc1ncc(Cl)c(Nc2ccccc2P(C)(C)=O)n1
3238,COc1cc(N2CCN(CCCCCCCC(=O)NC(C(=O)N3CC(O)CC3C(=O)NC(C)c3ccc(-c4scnc4C)cc3)C(C)(C)C)CC2)ccc1Nc1ncc(Cl)c(Nc2ccccc2P(C)(C)=O)n1
3239,COc1cc(N2CCN(CCCCCCCCC(=O)NC(C(=O)N3CC(O)CC3C(=O)NC(C)c3ccc(-c4scnc4C)cc3)C(C)(C)C)CC2)ccc1Nc1ncc(Cl)c(Nc2ccccc2P(C)(C)=O)n1
3240,NC(=O)CCC(NC(=O)C1CCC2CCN(C(=O)CCCCCC#Cc3cccc4c3CN(C3CCC(=O)NC3=O)C4=O)CC(NC(=O)c3cc4cc(C(=O)P(=O)(O)O)ccc4[nH]3)C(=O)N21)C(=O)NC(c1ccccc1)c1ccccc1
3249,COc1cc(OC)c(Cl)c(NC(=O)N(C)c2cc(Nc3ccc(N4CCN(CC(=O)NC(C(=O)N5CC(O)CC5C(=O)NC(C)c5ccc(-c6scnc6C)cc5)C(C)(C)C)CC4)cc3)ncn2)c1Cl
3250,COc1cc(OC)c(Cl)c(NC(=O)N(C)c2cc(Nc3ccc(N4CCN(CCC(=O)NC(C(=O)N5CC(O)CC5C(=O)NC(C)c5ccc(-c6scnc6C)cc5)C(C)(C)C)CC4)cc3)ncn2)c1Cl
3251,COc1cc(OC)c(Cl)c(NC(=O)N(C)c2cc(Nc3ccc(N4CCN(CCCC(=O)NC(C(=O)N5CC(O)CC5C(=O)NC(C)c5ccc(-c6scnc6C)cc5)C(C)(C)C)CC4)cc3)ncn2)c1Cl
3252,COc1cc(OC)c(Cl)c(NC(=O)N(C)c2cc(Nc3ccc(N4CCN(CCCCCC(=O)NC(C(=O)N5CC(O)CC5C(=O)NC(C)c5ccc(-c6scnc6C)cc5)C(C)(C)C)CC4)cc3)ncn2)c1Cl
3253,COc1cc(OC)c(Cl)c(NC(=O)N(C)c2cc(Nc3ccc(N4CCN(CC(=O)NCCC(=O)NC(C(=O)N5CC(O)CC5C(=O)NC(C)c5ccc(-c6scnc6C)cc5)C(C)(C)C)CC4)cc3)ncn2)c1Cl
3254,COc1cc(OC)c(Cl)c(NC(=O)N(C)c2cc(Nc3ccc(N4CCN(C(=O)NCCOCCC(=O)NC(C(=O)N5CC(O)CC5C(=O)NC(C)c5ccc(-c6scnc6C)cc5)C(C)(C)C)CC4)cc3)ncn2)c1Cl
3255,COc1cc(OC)c(Cl)c(NC(=O)N(C)c2cc(Nc3ccc(N4CCN(CC(=O)NCCCCCOc5cc(-c6scnc6C)ccc5C(C)NC(=O)C5CC(O)CN5C(=O)C(NC(C)=O)C(C)(C)C)CC4)cc3)ncn2)c1Cl
3256,COc1cc(OC)c(Cl)c(NC(=O)N(C)c2cc(Nc3ccc(N4CCN(CC(=O)NCCCCCSC(C)(C)C(NC(C)=O)C(=O)N5CC(O)CC5C(=O)NC(C)c5ccc(-c6scnc6C)cc5)CC4)cc3)ncn2)c1Cl
3257,Cc1ncsc1-c1ccc(CNC(=O)C2CC(O)CN2C(=O)C(NC(=O)COCc2cn(CCOCCOCCOc3cc(C(=O)c4cc(Cl)ccc4NS(=O)(=O)c4ccc(C(C)(C)C)cc4)cc[n+]3[O-])nn2)C(C)(C)C)cc1
3258,CNC(=O)c1ccccc1Nc1cc(Nc2ccc(N3CCN(CCOCCOCCOCCOCC(=O)NC(C(=O)N4CC(O)CC4C(=O)NC(C)c4ccc(-c5scnc5C)cc4)C(C)(C)C)CC3)cc2OC)ncc1C(F)(F)F
3259,CNC(=O)c1ccccc1Nc1cc(Nc2ccc(N3CCN(CCCCCCCCCCC(=O)NC(C(=O)N4CC(O)CC4C(=O)NC(C)c4ccc(-c5scnc5C)cc4)C(C)(C)C)CC3)cc2OC)ncc1C(F)(F)F
3260,CNC(=O)c1ccccc1Nc1cc(Nc2ccc(N3CCN(CCOCCOCC(=O)NC(C(=O)N4CC(O)CC4C(=O)NC(C)c4ccc(-c5scnc5C)cc4)C(C)(C)C)CC3)cc2OC)ncc1C(F)(F)F
3261,CNC(=O)c1ccccc1Nc1cc(Nc2ccc(N3CCN(CCOCC(=O)NC(C(=O)N4CC(O)CC4C(=O)NC(C)c4ccc(-c5scnc5C)cc4)C(C)(C)C)CC3)cc2OC)ncc1C(F)(F)F
3262,CNC(=O)c1ccccc1Nc1cc(Nc2ccc(N3CCN(CCC(=O)NC(C(=O)N4CC(O)CC4C(=O)NC(C)c4ccc(-c5scnc5C)cc4)C(C)(C)C)CC3)cc2OC)ncc1C(F)(F)F
3263,CNC(=O)c1ccccc1Nc1cc(Nc2ccc(N3CCN(CC(=O)NC(C(=O)N4CC(O)CC4C(=O)NC(C)c4ccc(-c5scnc5C)cc4)C(C)(C)C)CC3)cc2OC)ncc1C(F)(F)F
3264,Cc1sc2c(c1C)C(c1ccc(Cl)cc1)=NC(CC(=O)NCc1cn(CCCCNC(=O)COc3cccc4c3C(=O)N(C3CCC(=O)NC3=O)C4=O)nn1)c1nnc(C)n1-2
3265,Cc1sc2c(c1C)C(c1ccc(Cl)cc1)=NC(CC(=O)NCc1cn(CCCCNC(=O)CNc3cccc4c3C(=O)N(C3CCC(=O)NC3=O)C4=O)nn1)c1nnc(C)n1-2
3266,Cc1sc2c(c1C)C(c1ccc(Cl)cc1)=NC(CC(=O)NCc1cn(CCCCNC(=O)COc3ccc(C4CCC(=O)NC4=O)cc3)nn1)c1nnc(C)n1-2
3267,Cc1sc2c(c1C)C(c1ccc(Cl)cc1)=NC(CC(=O)NCc1cn(CCCCNC(=O)CNc3ccc(C4CCC(=O)NC4=O)cc3)nn1)c1nnc(C)n1-2
3268,Cc1sc2c(c1C)C(c1ccc(Cl)cc1)=NC(CC(=O)NCCCCNC(=O)COc1ccc(C3CCC(=O)NC3=O)cc1)c1nnc(C)n1-2
3269,Cc1sc2c(c1C)C(c1ccc(Cl)cc1)=NC(CC(=O)NCCCCCNC(=O)COc1ccc(C3CCC(=O)NC3=O)cc1)c1nnc(C)n1-2
3270,Cc1sc2c(c1C)C(c1ccc(Cl)cc1)=NC(CC(=O)NCCCCNC(=O)COc1cccc(C3CCC(=O)NC3=O)c1)c1nnc(C)n1-2
3271,Cc1sc2c(c1C)C(c1ccc(Cl)cc1)=NC(CC(=O)NCCCCCNC(=O)COc1cccc(C3CCC(=O)NC3=O)c1)c1nnc(C)n1-2
3285,COc1ncc(-c2ccc3ncc(-c4nnc(-c5ccccc5C(=O)NC(C(=O)N5CC(O)CC5C(=O)NCc5ccc(-c6scnc6C)cc5)C(C)(C)C)o4)n3c2)cc1NS(=O)(=O)c1ccc(F)cc1F
3286,COc1ncc(-c2ccc3ncc(-c4nnc(-c5ccccc5C(=O)NCCC(=O)NC(C(=O)N5CC(O)CC5C(=O)NCc5ccc(-c6scnc6C)cc5)C(C)(C)C)o4)n3c2)cc1NS(=O)(=O)c1ccc(F)cc1F
3287,COc1ncc(-c2ccc3ncc(-c4nnc(-c5ccccc5C(=O)NCCCC(=O)NC(C(=O)N5CC(O)CC5C(=O)NCc5ccc(-c6scnc6C)cc5)C(C)(C)C)o4)n3c2)cc1NS(=O)(=O)c1ccc(F)cc1F
3288,COc1ncc(-c2ccc3ncc(-c4nnc(-c5ccccc5C(=O)NCCCCC(=O)NC(C(=O)N5CC(O)CC5C(=O)NCc5ccc(-c6scnc6C)cc5)C(C)(C)C)o4)n3c2)cc1NS(=O)(=O)c1ccc(F)cc1F
3289,COc1ncc(-c2ccc3ncc(-c4nnc(-c5ccccc5C(=O)NCCCCCC(=O)NC(C(=O)N5CC(O)CC5C(=O)NCc5ccc(-c6scnc6C)cc5)C(C)(C)C)o4)n3c2)cc1NS(=O)(=O)c1ccc(F)cc1F
3290,COc1ncc(-c2ccc3ncc(-c4nnc(-c5ccccc5C(=O)NCCCCCCC(=O)NC(C(=O)N5CC(O)CC5C(=O)NCc5ccc(-c6scnc6C)cc5)C(C)(C)C)o4)n3c2)cc1NS(=O)(=O)c1ccc(F)cc1F
3291,COc1ncc(-c2ccc3ncc(-c4nnc(-c5ccccc5C(=O)NCCCCCCCC(=O)NC(C(=O)N5CC(O)CC5C(=O)NCc5ccc(-c6scnc6C)cc5)C(C)(C)C)o4)n3c2)cc1NS(=O)(=O)c1ccc(F)cc1F
3292,COc1ncc(-c2ccc3ncc(-c4nnc(-c5ccccc5C(=O)NCCOCC(=O)NC(C(=O)N5CC(O)CC5C(=O)NCc5ccc(-c6scnc6C)cc5)C(C)(C)C)o4)n3c2)cc1NS(=O)(=O)c1ccc(F)cc1F
3293,COc1ncc(-c2ccc3ncc(-c4nnc(-c5ccccc5C(=O)NCCOCCOCC(=O)NC(C(=O)N5CC(O)CC5C(=O)NCc5ccc(-c6scnc6C)cc5)C(C)(C)C)o4)n3c2)cc1NS(=O)(=O)c1ccc(F)cc1F
3294,COc1ncc(-c2ccc3ncc(-c4nnc(-c5ccccc5C(=O)NCCOCCOCCOCC(=O)NC(C(=O)N5CC(O)CC5C(=O)NCc5ccc(-c6scnc6C)cc5)C(C)(C)C)o4)n3c2)cc1NS(=O)(=O)c1ccc(F)cc1F
3295,COc1ncc(-c2ccc3ncc(-c4nnc(-c5ccccc5C(=O)NCCOCCOCCOCCOCC(=O)NC(C(=O)N5CC(O)CC5C(=O)NCc5ccc(-c6scnc6C)cc5)C(C)(C)C)o4)n3c2)cc1NS(=O)(=O)c1ccc(F)cc1F
3296,COc1ncc(-c2ccc3ncc(-c4nnc(-c5ccccc5C(=O)NCCOCCOCCOCCOCCOCC(=O)NC(C(=O)N5CC(O)CC5C(=O)NCc5ccc(-c6scnc6C)cc5)C(C)(C)C)o4)n3c2)cc1NS(=O)(=O)c1ccc(F)cc1F
3297,COc1ncc(-c2ccc3ncc(-c4nnc(-c5ccccc5C(=O)NCCOCCOCCOCCOCCOCCOCC(=O)NC(C(=O)N5CC(O)CC5C(=O)NCc5ccc(-c6scnc6C)cc5)C(C)(C)C)o4)n3c2)cc1NS(=O)(=O)c1ccc(F)cc1F
3316,CC(C)c1ccc(C=C2SC(=S)N(CCCCCCCCNC(=O)c3ccc4c(c3)C(=O)N(C3CCC(=O)NC3=O)C4=O)C2=O)cc1
3317,CC1CCC2(C(=O)NCCOCCOCCNc3cccc4c3C(=O)N(C3CCC(=O)NC3=O)C4=O)CCC3(C)C(=CCC4C5(C)CCC(O)C(C)(C)C5CCC43C)C2C1C
3318,CC1CCC2(C(=O)NCCOCCOCCOCCNc3cccc4c3C(=O)N(C3CCC(=O)NC3=O)C4=O)CCC3(C)C(=CCC4C5(C)CCC(O)C(C)(C)C5CCC43C)C2C1C
3319,CC1CCC2(C(=O)NCCOCCOCCOCCOCCNc3cccc4c3C(=O)N(C3CCC(=O)NC3=O)C4=O)CCC3(C)C(=CCC4C5(C)CCC(O)C(C)(C)C5CCC43C)C2C1C
3320,CC1CCC2(C(=O)OCCOC(=O)CCOCCOCCOCCNc3cccc4c3C(=O)N(C3CCC(=O)NC3=O)C4=O)CCC3(C)C(=CCC4C5(C)CCC(O)C(C)(C)C5CCC43C)C2C1C
3321,CC1CCC2(C(=O)OCCOC(=O)CCOCCOCCn3cc(CNc4cccc5c4C(=O)N(C4CCC(=O)NC4=O)C5=O)nn3)CCC3(C)C(=CCC4C5(C)CCC(O)C(C)(C)C5CCC43C)C2C1C
3322,CC1CCC2(C(=O)NCCCCCCCCNc3cccc4c3C(=O)N(C3CCC(=O)NC3=O)C4=O)CCC3(C)C(=CCC4C5(C)CCC(O)C(C)(C)C5CCC43C)C2C1C
3352,COc1cc(Cl)c(-c2cc(Cl)ccc2Cl)cc1C(=O)N1CCN(C(=O)C=CC(=O)NCCNc2cccc3c2C(=O)N(C2CCC(=O)NC2=O)C3=O)CC1
3353,COc1cc(Cl)c(-c2cc(Cl)ccc2Cl)cc1C(=O)N1CCN(C(=O)C=CC(=O)NCCCNc2cccc3c2C(=O)N(C2CCC(=O)NC2=O)C3=O)CC1
3354,COc1cc(Cl)c(-c2cc(Cl)ccc2Cl)cc1C(=O)N1CCN(C(=O)C=CC(=O)NCCCCNc2cccc3c2C(=O)N(C2CCC(=O)NC2=O)C3=O)CC1
3355,COc1cc(Cl)c(-c2cc(Cl)ccc2Cl)cc1C(=O)N1CCN(C(=O)C=CC(=O)NCCCCCCNc2cccc3c2C(=O)N(C2CCC(=O)NC2=O)C3=O)CC1
3356,COc1cc(Cl)c(-c2cc(Cl)ccc2Cl)cc1C(=O)N1CCN(C(=O)C=CC(=O)N2CCN(CC(=O)NCCNc3cccc4c3C(=O)N(C3CCC(=O)NC3=O)C4=O)CC2)CC1
3357,COc1cc(Cl)c(-c2cc(Cl)ccc2Cl)cc1C(=O)N1CCN(C(=O)C=CC(=O)N2CCN(CC(=O)NCCCNc3cccc4c3C(=O)N(C3CCC(=O)NC3=O)C4=O)CC2)CC1
3358,COc1cc(Cl)c(-c2cc(Cl)ccc2Cl)cc1C(=O)N1CCN(C(=O)C=CC(=O)N2CCN(CC(=O)NCCCCNc3cccc4c3C(=O)N(C3CCC(=O)NC3=O)C4=O)CC2)CC1
3359,COc1cc(Cl)c(-c2cc(Cl)ccc2Cl)cc1C(=O)N1CCN(C(=O)C=CC(=O)N2CCN(CC(=O)NCCCCCCNc3cccc4c3C(=O)N(C3CCC(=O)NC3=O)C4=O)CC2)CC1
3364,Cc1nc(N2CCC3(CC2)COC(C)C3N)c(CO)nc1-c1ccc(OCCOCCOCCOCCNC(=O)COc2cccc3c2C(=O)N(C2CCC(=O)NC2=O)C3=O)c(Cl)c1Cl
3365,Cc1nc(N2CCC3(CC2)COC(C)C3N)c(CO)nc1-c1ccc(OCCOCCOCCOCCOCCOCCNC(=O)COc2cccc3c2C(=O)N(C2CCC(=O)NC2=O)C3=O)c(Cl)c1Cl
3366,Cc1nc(N2CCC3(CC2)COC(C)C3N)c(CO)nc1-c1ccc(OCCOCCOCCOCCOCCOCCOCCOCCNC(=O)COc2cccc3c2C(=O)N(C2CCC(=O)NC2=O)C3=O)c(Cl)c1Cl
3367,C=CCn1c(=O)c2cnc(Nc3ccc(N4CCN(CCCC(=O)NC(C(=O)N5CC(O)CC5C(=O)NCc5ccc(-c6scnc6C)cc5)C(C)(C)C)CC4)cc3)nc2n1-c1cccc(C(C)(C)O)n1
3368,C=CCn1c(=O)c2cnc(Nc3ccc(N4CCN(CCCC(=O)NCCCC(=O)NC(C(=O)N5CC(O)CC5C(=O)NCc5ccc(-c6scnc6C)cc5)C(C)(C)C)CC4)cc3)nc2n1-c1cccc(C(C)(C)O)n1
3369,C=CCn1c(=O)c2cnc(Nc3ccc(N4CCN(CCCC(=O)NCCCCCC(=O)NC(C(=O)N5CC(O)CC5C(=O)NCc5ccc(-c6scnc6C)cc5)C(C)(C)C)CC4)cc3)nc2n1-c1cccc(C(C)(C)O)n1
3370,C=CCn1c(=O)c2cnc(Nc3ccc(N4CCN(CCCC(=O)NCCCCCCCC(=O)NC(C(=O)N5CC(O)CC5C(=O)NCc5ccc(-c6scnc6C)cc5)C(C)(C)C)CC4)cc3)nc2n1-c1cccc(C(C)(C)O)n1
3371,C=CCn1c(=O)c2cnc(Nc3ccc(N4CCN(CCCC(=O)NCCCCCCCCCCC(=O)NC(C(=O)N5CC(O)CC5C(=O)NCc5ccc(-c6scnc6C)cc5)C(C)(C)C)CC4)cc3)nc2n1-c1cccc(C(C)(C)O)n1
3372,C=CCn1c(=O)c2cnc(Nc3ccc(N4CCN(CCCC(=O)NCCOCCOCCOCC(=O)NC(C(=O)N5CC(O)CC5C(=O)NCc5ccc(-c6scnc6C)cc5)C(C)(C)C)CC4)cc3)nc2n1-c1cccc(C(C)(C)O)n1
3373,C=CCn1c(=O)c2cnc(Nc3ccc(N4CCN(CCCC(=O)NCCOCCOCCOCCOCCC(=O)NC(C(=O)N5CC(O)CC5C(=O)NCc5ccc(-c6scnc6C)cc5)C(C)(C)C)CC4)cc3)nc2n1-c1cccc(C(C)(C)O)n1
3387,Cc1ncsc1-c1ccc(C(C)NC(=O)C2CC(O)CN2C(=O)C(NC(=O)CCOc2ccc(-c3csc(N4CCOCC4)n3)cc2)C(C)(C)C)cc1
3388,Cc1ncsc1-c1ccc(C(C)NC(=O)C2CC(O)CN2C(=O)C(NC(=O)CCCOc2ccc(-c3csc(N4CCOCC4)n3)cc2)C(C)(C)C)cc1
3389,Cc1ncsc1-c1ccc(C(C)NC(=O)C2CC(O)CN2C(=O)C(NC(=O)COc2ccc(-c3csc(N4CCOCC4)n3)cc2)C(C)(C)C)cc1
3390,Cc1ncsc1-c1ccc(C(C)NC(=O)C2CC(O)CN2C(=O)C(NC(=O)c2ccc(-c3csc(N4CCOCC4)n3)cc2)C(C)(C)C)cc1
3391,Cc1ncsc1-c1ccc(C(C)NC(=O)C2CC(O)CN2C(=O)C(NC(=O)CCCCOc2ccc(-c3csc(N4CCOCC4)n3)cc2)C(C)(C)C)cc1
3392,Cc1ncsc1-c1ccc(C(C)NC(=O)C2CC(O)CN2C(=O)C(NC(=O)CCCCCOc2ccc(-c3csc(N4CCOCC4)n3)cc2)C(C)(C)C)cc1
3393,Cc1ncsc1-c1ccc(C(C)NC(=O)C2CC(O)CN2C(=O)C(NC(=O)CCCCOc2ccc(-c3csc(N4CCOC(C)C4)n3)cc2)C(C)(C)C)cc1
3394,Cc1ncsc1-c1ccc(C(C)NC(=O)C2CC(O)CN2C(=O)C(NC(=O)CCCCOc2ccc(-c3csc(N4CCOCC4C)n3)cc2)C(C)(C)C)cc1
3395,Cc1ncsc1-c1ccc(C(C)NC(=O)C2CC(O)CN2C(=O)C(NC(=O)CCCCOc2ccc(-c3csc(N4CC(C)OC(C)C4)n3)cc2)C(C)(C)C)cc1
3396,Cc1ncsc1-c1ccc(C(C)NC(=O)C2CC(O)CN2C(=O)C(NC(=O)CCCCOc2ccc(-c3csc(N4CC(C)OCC4C)n3)cc2)C(C)(C)C)cc1
3397,Cc1ncsc1-c1ccc(C(C)NC(=O)C2CC(O)CN2C(=O)C(NC(=O)CCCCOc2ccc(-c3csc(N4CCOC(C)(C)C4)n3)cc2)C(C)(C)C)cc1
3398,CCC1COCCN1c1nc(-c2ccc(OCCCCC(=O)NC(C(=O)N3CC(O)CC3C(=O)NC(C)c3ccc(-c4scnc4C)cc3)C(C)(C)C)cc2)cs1
3399,Cc1ncsc1-c1ccc(C(C)NC(=O)C2CC(O)CN2C(=O)C(NC(=O)CCCCOc2ccc(-c3csc(N4CC5CCC(C4)O5)n3)cc2)C(C)(C)C)cc1
3400,Cc1ncsc1-c1ccc(C(C)NC(=O)C2CC(O)CN2C(=O)C(NC(=O)CCCCOc2ccc(-c3csc(N4CC5(COC5)C4)n3)cc2)C(C)(C)C)cc1
3401,Cc1ncsc1-c1ccc(C(C)NC(=O)C2CC(O)CN2C(=O)C(NC(=O)CCCCOc2ccc(-c3csc(N4CCC5(COC5)C4)n3)cc2)C(C)(C)C)cc1
3402,Cc1ncsc1-c1ccc(C(C)NC(=O)C2CC(O)CN2C(=O)C(NC(=O)CCCCOc2ccc(-c3csc(N4CC5(CCOCC5)C4)n3)cc2)C(C)(C)C)cc1
3403,Cc1ncsc1-c1ccc(C(C)NC(=O)C2CC(O)CN2C(=O)C(NC(=O)CCCCOc2ccc(-c3csc(N4CCOCC4)n3)cc2F)C(C)(C)C)cc1
3404,Cc1ncsc1-c1ccc(C(C)NC(=O)C2CC(O)CN2C(=O)C(NC(=O)CCCCOc2ccc(-c3csc(N4CCOCC4)n3)c(F)c2)C(C)(C)C)cc1
3405,COc1c(-c2csc(N3CCOCC3)n2)ccc(OCCCCC(=O)NC(C(=O)N2CC(O)CC2C(=O)NC(C)c2ccc(-c3scnc3C)cc2)C(C)(C)C)c1F
3406,Cc1cc(OCCCCC(=O)NC(C(=O)N2CC(O)CC2C(=O)NC(C)c2ccc(-c3scnc3C)cc2)C(C)(C)C)ccc1-c1csc(N2CCOCC2)n1
3407,Cc1ncsc1-c1ccc(C(C)NC(=O)C2CC(O)CN2C(=O)C(NC(=O)CCCCOc2ccc(-c3csc(N4CCOCC4)n3)cc2[N+](=O)[O-])C(C)(C)C)cc1
3408,Cc1ncsc1-c1ccc(C(C)NC(=O)C2CC(O)CN2C(=O)C(NC(=O)CCCCOc2ccc(-c3csc(N4CCOCC4)n3)cc2N)C(C)(C)C)cc1
3409,Cc1ncsc1-c1ccc(CNC(=O)C2CC(O)CN2C(=O)C(NC(=O)C2(F)CC2)C(C)(C)C)c(OCCOc2ccc(-c3csc(N4CCOCC4)n3)cc2)c1
3410,Cc1ncsc1-c1ccc(CNC(=O)C2CC(O)CN2C(=O)C(NC(=O)C2(F)CC2)C(C)(C)C)c(OCCCOc2ccc(-c3csc(N4CCOCC4)n3)cc2)c1
3411,Cc1ncsc1-c1ccc(CNC(=O)C2CC(O)CN2C(=O)C(NC(=O)C2(F)CC2)C(C)(C)C)c(OCCCCOc2ccc(-c3csc(N4CCOCC4)n3)cc2)c1
3412,Cc1ncsc1-c1ccc(CNC(=O)C2CC(O)CN2C(=O)C(NC(=O)C2(F)CC2)C(C)(C)C)c(OCCCCCCOc2ccc(-c3csc(N4CCOCC4)n3)cc2)c1
3413,Cc1ncsc1-c1ccc(CNC(=O)C2CC(O)CN2C(=O)C(NC(=O)C2(F)CC2)C(C)(C)C)c(OCCCCCCCCOc2ccc(-c3csc(N4CCOCC4)n3)cc2)c1
3414,CC(C)CNc1ccnc(NCc2csc(-c3ccc(C(=O)NCCOCCOCCNC(=O)C(CC(C)C)NC(=O)C(O)C(N)Cc4ccccc4)cc3)n2)n1
3415,CC(C)CNc1ccnc(NCc2csc(-c3ccc(C(=O)NCCOCCOCCOCCNC(=O)C(CC(C)C)NC(=O)C(O)C(N)Cc4ccccc4)cc3)n2)n1
3416,CNC(C)C(=O)NC(C(=O)N1CCCC1C(=O)NC(C(=O)NCCOCCOCCNC(=O)c1ccc(-c2nc(CNc3nccc(NCC(C)C)n3)cs2)cc1)C(c1ccccc1)c1ccccc1)C1CCCCC1
3417,CNC(C)C(=O)NC(C(=O)N1CCCC1c1nc(C(=O)c2cccc(OCCOCCOCCNC(=O)c3ccc(-c4nc(CNc5nccc(NCC(C)C)n5)cs4)cc3)c2)cs1)C1CCCCC1
3418,CNC(C)C(=O)NC(C(=O)N1CCCC1c1nc(C(=O)c2cccc(OCCOCCOCCOCCNC(=O)c3ccc(-c4nc(CNc5nccc(NCC(C)C)n5)cs4)cc3)c2)cs1)C1CCCCC1
3419,CNC(C)C(=O)NC(C(=O)N1CCCC1c1nc(C(=O)c2cccc(OCCOCCOCCOCCOCCNC(=O)c3ccc(-c4nc(CNc5nccc(NCC(C)C)n5)cs4)cc3)c2)cs1)C1CCCCC1
3420,CNC(C)C(=O)NC(C(=O)N1CC(Oc2cccc(OCCOCCOCCNC(=O)c3ccc(-c4nc(CNc5nccc(NCC(C)C)n5)cs4)cc3)c2)CC1C(=O)NC1CCCc2ccccc21)C1CCCCC1
3421,CNC(C)C(=O)NC(C(=O)N1CC(Oc2cccc(OCCOCCOCCOCCNC(=O)c3ccc(-c4nc(CNc5nccc(NCC(C)C)n5)cs4)cc3)c2)CC1C(=O)NC1CCCc2ccccc21)C1CCCCC1
3422,CNC(C)C(=O)NC(C(=O)N1CC(Oc2cccc(OCCOCCOCCOCCOCCNC(=O)c3ccc(-c4nc(CNc5nccc(NCC(C)C)n5)cs4)cc3)c2)CC1C(=O)NC1CCCc2ccccc21)C1CCCCC1
3423,CC1CC2(CCN(c3ccc(C(=O)N4CCC(CN5Cc6cc7c(cc6C5)C(=O)N(C5CCC(=O)NC5=O)C7=O)CC4)cc3)CC2)CN1c1ccc(C#N)c(Cl)c1
3426,COC1(CN2Cc3cc4c(cc3C2)C(=O)N(C2CCC(=O)NC2=O)C4=O)CCN(C(=O)c2ccc(N3CCC4(CC3)CC(C)N(c3ccc(C#N)c(Cl)c3)C4)cc2)CC1
3427,CCC1CC2(CCN(c3ccc(C(=O)N4CCC(N5Cc6cc7c(cc6C5)C(=O)N(C5CCC(=O)NC5=O)C7=O)CC4)cc3)CC2)CN1c1ccc(C#N)c(Cl)c1
3428,CCC1CC2(CCN(c3ccc(C(=O)N4CCN(C5CN(c6ccc7c(c6)C(=O)N(C6CCC(=O)NC6=O)C7=O)C5)CC4)cc3)CC2)CN1c1ccc(C#N)c(Cl)c1
3429,CC1CC2(CCN(c3ccc(C(=O)N4CC(CN5Cc6cc7c(cc6C5)C(=O)N(C5CCC(=O)NC5=O)C7=O)C4)cc3)CC2)CN1c1ccc(C#N)c(Cl)c1
3430,CC1CC2(CCN(c3ccc(C(=O)N4CCC(F)(CN5Cc6cc7c(cc6C5)C(=O)N(C5CCC(=O)NC5=O)C7)CC4)cc3)CC2)CN1c1ccc(C#N)c(Cl)c1
3431,CC1CC2(CCN(c3ccc(C(=O)N4CCC5(CC4)CC(N4Cc6cc7c(cc6C4)C(=O)N(C4CCC(=O)NC4=O)C7=O)C5)cc3)CC2)CN1c1ccc(C#N)c(Cl)c1
3432,CC1CC2(CCN(c3ccc(C(=O)N4CCN(CC(=O)N5Cc6cc7c(cc6C5)C(=O)N(C5CCC(=O)NC5=O)C7=O)CC4)cc3)CC2)CN1c1ccc(C#N)c(Cl)c1
3433,CC1CC2(CCN(c3ccc(C(=O)N4CCN(C(=O)CN5Cc6cc7c(cc6C5)C(=O)N(C5CCC(=O)NC5=O)C7=O)CC4)cc3)CC2)CN1c1ccc(C#N)c(Cl)c1
3434,CC1CC2(CCN(c3ccc(C(=O)N4CCN(C(=O)CN5Cc6cc7c(cc6C5)C(=O)N(C5CCC(=O)NC5=O)C7)CC4)cc3)CC2)CN1c1ccc(C#N)c(Cl)c1
3435,COc1cc(N2CCC(OCC(=O)NC(C(=O)N3CC(O)CC3C(=O)NCc3ccc(-c4scnc4C)cc3)C(C)(C)C)CC2)ccc1NC(=O)c1cccc(-c2ccn[nH]2)n1
3436,COc1cc(N2CCC(OCC(=O)NC(C(=O)N3CC(O)CC3C(=O)NC(C)c3ccc(-c4scnc4C)cc3)C(C)(C)C)CC2)ccc1NC(=O)c1cccc(-c2ccn[nH]2)n1
3437,COc1cc(N2CCN(C(=O)OCC(=O)NC(C(=O)N3CC(O)CC3C(=O)NCc3ccc(-c4scnc4C)cc3)C(C)(C)C)CC2)ccc1NC(=O)c1cccc(-c2ccn[nH]2)n1
3438,COc1cc(N2CCN(C(=O)OCC(=O)NC(C(=O)N3CC(O)CC3C(=O)NC(C)c3ccc(-c4scnc4C)cc3)C(C)(C)C)CC2)ccc1NC(=O)c1cccc(-c2ccn[nH]2)n1
3439,COc1cc(N2CCC(OCC(=O)NC(C(=O)N3CC(O)CC3C(=O)NCc3ccc(-c4scnc4C)cc3F)C(C)(C)C)CC2)ccc1NC(=O)c1cccc(-c2ccn[nH]2)n1
3440,COc1cc(N2CCC(OCC(=O)NC(C(=O)N3CC(O)CC3C(=O)NC(C)c3ccc(-c4scnc4C)cc3)C(C)(C)C)CC2C)ccc1NC(=O)c1cccc(-c2ccn[nH]2)n1
3441,COc1cc(N2CCC(OCC(=O)NC(C(=O)N3CC(O)CC3C(=O)NC(C)c3ccc(-c4scnc4C)cc3)C(C)(C)C)C(C)C2)ccc1NC(=O)c1cccc(-c2ccn[nH]2)n1
3452,N#CCC(C1CCCC1)n1cc(-c2nc(Nc3ccc(C(=O)NCCCCNc4cccc5c4C(=O)N(C4CCC(=O)NC4=O)C5=O)cc3)nc3[nH]ccc23)cn1
3453,NC(=O)c1c(-c2ccc(Oc3ccccc3)cc2)nn2c1NCCC2C1CCN(C(=O)c2cn(CCOCCOCCOCCOCCNc3cccc4c3C(=O)N(C3CCC(=O)NC3=O)C4=O)nn2)CC1
3454,NC(=O)c1c(-c2ccc(Oc3ccccc3)cc2)nn2c1NCCC2C1CCN(C(=O)c2cn(CCOCCOCCOCCOCCOCCNc3ccc4c(c3)C(=O)N(C3CCC(=O)NC3=O)C4=O)nn2)CC1
3455,NC(=O)c1c(-c2ccc(Oc3ccccc3)cc2)nn2c1NCCC2C1CCN(C(=O)c2cn(CCOCCOCCOCCOCCOCCNc3cccc4c3C(=O)N(C3CCC(=O)NC3=O)C4=O)nn2)CC1
3456,NC(=O)c1c(-c2ccc(Oc3ccccc3)cc2)nn2c1NCCC2C1CCN(C(=O)c2cn(CCOCCOCCOCCOCCOCCOCCNc3cccc4c3C(=O)N(C3CCC(=O)NC3=O)C4=O)nn2)CC1
3457,NC(=O)c1c(-c2ccc(Oc3ccccc3)cc2)nn2c1NCCC2C1CCN(C(=O)c2cn(CCOCCOCC(=O)Nc3ccc4c(c3)C(=O)N(C3CCC(=O)NC3=O)C4=O)nn2)CC1
3458,NC(=O)c1c(-c2ccc(Oc3ccccc3)cc2)nn2c1NCCC2C1CCN(C(=O)CCc2ccc(N3CCN(c4ccc5c(c4)C(=O)N(C4CCC(=O)NC4=O)C5=O)CC3)cc2)CC1
3459,NC(=O)c1c(-c2ccc(Oc3ccccc3)cc2)nn2c1NCCC2C1CCN(C(=O)CCCc2ccc(NC(=O)CNc3ccc4c(c3)C(=O)N(C3CCC(=O)NC3=O)C4=O)cc2)CC1
3460,NC(=O)c1c(-c2ccc(Oc3ccccc3)cc2)nn2c1NCCC2C1CCN(C(=O)CCN2CCN(C(=O)CNc3ccc4c(c3)C(=O)N(C3CCC(=O)NC3=O)C4=O)CC2)CC1
3461,CN(CCC(=O)N1CCC(C2CCNc3c(C(N)=O)c(-c4ccc(Oc5ccccc5)cc4)nn32)CC1)CC1CCN(c2ccc3c(c2)C(=O)N(C2CCC(=O)NC2=O)C3=O)CC1
3462,NC(=O)c1c(-c2ccc(Oc3ccccc3)cc2)nn2c1NCCC2C1CCN(C(=O)CCC2CCC(N3CCN(c4ccc5c(c4)C(=O)N(C4CCC(=O)NC4=O)C5=O)CC3)CC2)CC1
3463,NC(=O)c1c(-c2ccc(Oc3ccccc3)cc2)nn2c1NCCC2C1CCN(C(=O)CCCN2CCN(C(=O)CNc3ccc4c(c3)C(=O)N(C3CCC(=O)NC3=O)C4=O)CC2)CC1
3464,CN(CC1CCN(C(=O)c2ccc(N3CCC(=O)NC3=O)cc2)CC1)C1CC(C(=O)N2CCC(C3CCNc4c(C(N)=O)c(-c5ccc(Oc6ccccc6)cc5)nn43)CC2)C1
3469,CCCCn1cc(-c2ccc(OC3CCN(CC4CCN(C(=O)c5ccc(OC)c(N6CCC(=O)NC6=O)c5)CC4)CC3F)c(OC)c2)c2ccncc2c1=O
3470,CCCCn1cc(-c2cc(F)c(OC3CCN(CC4CCN(C(=O)c5ccc(OC)c(N6CCC(=O)NC6=O)c5)CC4)CC3F)c(F)c2)c2ccncc2c1=O
3478,CCN(C)S(=O)(=O)Nc1ccc(F)c(C(=O)c2c[nH]c3ncc(-c4ccc(N5CCN(C(=O)C6CC(Nc7cccc8c7C(=O)N(C7CCC(=O)NC7=O)C8=O)C6)CC5)nc4)cc23)c1F
3481,CCN(C)S(=O)(=O)Nc1ccc(F)c(C(=O)c2c[nH]c3ncc(-c4ccc(N5CCN(C(=O)C6CC(Nc7cccc8c7C(=O)N(C7CCC(=O)NC7=O)C8=O)C6)CC5)cc4)cc23)c1F
3499,Cc1ccc(C(=O)Nc2ccc(CN3CCN(CCOCCOCCC(=O)NC(C(=O)C4CC(O)CC4C(=O)NCc4ccc(-c5scnc5C)cc4)C(C)(C)C)CC3)c(C(F)(F)F)c2)cc1C#Cc1cnc2[nH]ncc2c1
3500,Cc1ccc(C(=O)Nc2ccc(CN3CCN(CCOCCOCCNC(=O)C(CC(C)C)NC(=O)C(O)C(N)Cc4ccccc4)CC3)c(C(F)(F)F)c2)cc1C#Cc1cnc2[nH]ncc2c1
3514,CC1C=C2C=CC(C)C(CCC3CC(O)CC(=O)O3)C2C(OC(=O)NCCCOCCOCCOCCCNc2cccc3c2C(=O)N(C2CCC(=O)NC2=O)C3=O)C1
3515,CC1C=C2C=CC(C)C(CCC3CC(O)CC(=O)O3)C2C(OC(=O)NCCOCCOCCNc2cccc3c2C(=O)N(C2CCC(=O)NC2=O)C3=O)C1
3516,CC1C=C2C=CC(C)C(CCC3CC(O)CC(=O)O3)C2C(OC(=O)NCCCNc2cccc3c2C(=O)N(C2CCC(=O)NC2=O)C3=O)C1
3517,Cc1ncsc1-c1ccc(CNC(=O)C2CC(O)CN2C(=O)C(NC(=O)CCCCCCCNC(=O)OC2CC(C)C=C3C=CC(C)C(CCC4CC(O)CC(=O)O4)C32)C(C)(C)C)cc1
3518,Cc1ncsc1-c1ccc(CNC(=O)C2CC(O)CN2C(=O)C(NC(=O)CCCCCCCCCCNC(=O)OC2CC(C)C=C3C=CC(C)C(CCC4CC(O)CC(=O)O4)C32)C(C)(C)C)cc1
3519,Cc1ncsc1-c1ccc(CNC(=O)C2CC(O)CN2C(=O)C(NC(=O)CCCCCCCCCCNC(=O)OC2CC(C)C=C3C=CC(C)C(CCC(O)CC(O)CC(=O)O)C32)C(C)(C)C)cc1
3541,CC1(C)C(=O)N(c2ccc(C#N)c(C(F)(F)F)c2)C(=S)N1c1ccc(-c2ccc(OC3CCN(C(=O)C4CCN(c5ccc6c(c5)C(=O)N(C5CCC(=O)NC5=O)C6=O)CC4)C3)cc2)cc1
3544,Nc1ncnc2c1c(-c1ccc(Oc3ccccc3)cc1)nn2C1CCCN(C(=O)c2cn(CCOCCOCCOCCCc3cccc4c3CN(C3CCC(=O)NC3=O)C4=O)nn2)C1
3545,Nc1ncnc2c1c(-c1ccc(Oc3ccccc3)cc1)nn2C1CCCN(C(=O)CCCCCNc2cccc3c2C(=O)N(C2CCC(=O)NC2=O)C3=O)C1
3546,Nc1ncnc2c1c(-c1ccc(Oc3ccccc3)cc1)nn2C1CCCN(C(=O)CCCCCNc2ccc3c(c2)C(=O)N(C2CCC(=O)NC2=O)C3=O)C1
3547,Nc1ncnc2c1c(-c1ccc(Oc3ccccc3)cc1)nn2C1CCCN(C(=O)CCCCCCNc2cccc3c2C(=O)N(C2CCC(=O)NC2=O)C3=O)C1
3548,Nc1ncnc2c1c(-c1ccc(Oc3ccccc3)cc1)nn2C1CCCN(C(=O)CCCCCCNc2ccc3c(c2)C(=O)N(C2CCC(=O)NC2=O)C3=O)C1
3549,Nc1ncnc2c1c(-c1ccc(Oc3ccccc3)cc1)nn2C1CCCN(C(=O)CCCCCCCNc2ccc3c(c2)C(=O)N(C2CCC(=O)NC2=O)C3=O)C1
3550,Nc1ncnc2c1c(-c1ccc(Oc3ccccc3)cc1)nn2C1CCCN(C(=O)CCCCCCCCNc2cccc3c2C(=O)N(C2CCC(=O)NC2=O)C3=O)C1
3551,Nc1ncnc2c1c(-c1ccc(Oc3ccccc3)cc1)nn2C1CCCN(C(=O)CCCCCCCCNc2ccc3c(c2)C(=O)N(C2CCC(=O)NC2=O)C3=O)C1
3552,Nc1ncnc2c1c(-c1ccc(Oc3ccccc3)cc1)nn2C1CCCN(C(=O)CCCCCCCCCNc2cccc3c2C(=O)N(C2CCC(=O)NC2=O)C3=O)C1
3553,Nc1ncnc2c1c(-c1ccc(Oc3ccccc3)cc1)nn2C1CCCN(C(=O)CCCCCCCCCNc2ccc3c(c2)C(=O)N(C2CCC(=O)NC2=O)C3=O)C1
3554,Nc1ncnc2c1c(-c1ccc(Oc3ccccc3)cc1)nn2C1CCCN(C(=O)CCCCCCCCCCNc2cccc3c2C(=O)N(C2CCC(=O)NC2=O)C3=O)C1
3555,Nc1ncnc2c1c(-c1ccc(Oc3ccccc3)cc1)nn2C1CCCN(C(=O)CCCCCCCCCCNc2ccc3c(c2)C(=O)N(C2CCC(=O)NC2=O)C3=O)C1
3556,Nc1ncnc2c1c(-c1ccc(Oc3ccccc3)cc1)nn2C1CCCN(C(=O)CCCCCCCCCCCNc2cccc3c2C(=O)N(C2CCC(=O)NC2=O)C3=O)C1
3557,Nc1ncnc2c1c(-c1ccc(Oc3ccccc3)cc1)nn2C1CCCN(C(=O)CCCCCCCCCCCNc2ccc3c(c2)C(=O)N(C2CCC(=O)NC2=O)C3=O)C1
3558,Nc1ncnc2c1c(-c1ccc(Oc3ccccc3)cc1)nn2C1CCCN(C(=O)CCOCCOCCNc2ccc3c(c2)C(=O)N(C2CCC(=O)NC2=O)C3=O)C1
3572,Cc1ncsc1-c1ccc(C(C)NC(=O)C2CC(O)CN2C(=O)C(NC(=O)CCOCCOCCNC(=O)CCc2ccc3c(c2)[nH]c2ccncc23)C(C)(C)C)cc1
3573,Cc1ncsc1-c1ccc(C(C)NC(=O)C2CC(O)CN2C(=O)C(NC(=O)CCOCCOCCOCCOCCNC(=O)CCc2ccc3c(c2)[nH]c2ccncc23)C(C)(C)C)cc1
3574,Cc1ncsc1-c1ccc(C(C)NC(=O)C2CC(O)CN2C(=O)C(NC(=O)CCOCCOCCOCCOCCOCCOCCNC(=O)CCc2ccc3c(c2)[nH]c2ccncc23)C(C)(C)C)cc1
3575,Cc1ncsc1-c1ccc(C(C)NC(=O)C2CC(O)CN2C(=O)C(NC(=O)CCCCCCCNC(=O)CCc2ccc3c(c2)[nH]c2ccncc23)C(C)(C)C)cc1
3576,Cc1ncsc1-c1ccc(CNC(=O)C2CC(O)CN2C(=O)C(NC(=O)COCCOCCOCCNC(=O)Cc2cccc(OCCCN(Cc3cccc(C(F)(F)F)c3Cl)CC(c3ccccc3)c3ccccc3)c2)C(C)(C)C)cc1
3577,Cc1ncsc1-c1ccc(CNC(=O)C2CC(O)CN2C(=O)C(NC(=O)COCCOCCOCCOCCNC(=O)Cc2cccc(OCCCN(Cc3cccc(C(F)(F)F)c3Cl)CC(c3ccccc3)c3ccccc3)c2)C(C)(C)C)cc1
3578,Cc1ncsc1-c1ccc(CNC(=O)C2CC(O)CN2C(=O)C(NC(=O)COCCOCCOCCOCCOCCNC(=O)Cc2cccc(OCCCN(Cc3cccc(C(F)(F)F)c3Cl)CC(c3ccccc3)c3ccccc3)c2)C(C)(C)C)cc1
3579,Cc1ncsc1-c1ccc(CNC(=O)C2CC(O)CN2C(=O)C(NC(=O)COCCOCCOCCOCCOCCOCCNC(=O)Cc2cccc(OCCCN(Cc3cccc(C(F)(F)F)c3Cl)CC(c3ccccc3)c3ccccc3)c2)C(C)(C)C)cc1
3583,Cc1ncsc1-c1ccc(C(C)NC(=O)C2CC(O)CN2C(=O)C(NC(=O)CCCC(=O)N2CCN(CC3(C)CCC(c4ccc(Cl)cc4)=C(CN4CCN(c5ccc(C(=O)NS(=O)(=O)c6ccc(NC(CCN7CCOCC7)CSc7ccccc7)c(S(=O)(=O)C(F)(F)F)c6)cc5)CC4)C3)CC2)C(C)(C)C)cc1
3584,Cc1ncsc1-c1ccc(C(C)NC(=O)C2CC(O)CN2C(=O)C(NC(=O)CCCCC(=O)N2CCN(CC3(C)CCC(c4ccc(Cl)cc4)=C(CN4CCN(c5ccc(C(=O)NS(=O)(=O)c6ccc(NC(CCN7CCOCC7)CSc7ccccc7)c(S(=O)(=O)C(F)(F)F)c6)cc5)CC4)C3)CC2)C(C)(C)C)cc1
3585,Cc1ncsc1-c1ccc(C(C)NC(=O)C2CC(O)CN2C(=O)C(NC(=O)CCCCCC(=O)N2CCN(CC3(C)CCC(c4ccc(Cl)cc4)=C(CN4CCN(c5ccc(C(=O)NS(=O)(=O)c6ccc(NC(CCN7CCOCC7)CSc7ccccc7)c(S(=O)(=O)C(F)(F)F)c6)cc5)CC4)C3)CC2)C(C)(C)C)cc1
3586,Cc1ncsc1-c1ccc(C(C)NC(=O)C2CC(O)CN2C(=O)C(NC(=O)CCCCCCC(=O)N2CCN(CC3(C)CCC(c4ccc(Cl)cc4)=C(CN4CCN(c5ccc(C(=O)NS(=O)(=O)c6ccc(NC(CCN7CCOCC7)CSc7ccccc7)c(S(=O)(=O)C(F)(F)F)c6)cc5)CC4)C3)CC2)C(C)(C)C)cc1
3587,Cc1ncsc1-c1ccc(C(C)NC(=O)C2CC(O)CN2C(=O)C(NC(=O)CCCCCCCC(=O)N2CCN(CC3(C)CCC(c4ccc(Cl)cc4)=C(CN4CCN(c5ccc(C(=O)NS(=O)(=O)c6ccc(NC(CCN7CCOCC7)CSc7ccccc7)c(S(=O)(=O)C(F)(F)F)c6)cc5)CC4)C3)CC2)C(C)(C)C)cc1
3588,Cc1ncsc1-c1ccc(C(C)NC(=O)C2CC(O)CN2C(=O)C(NC(=O)CCCCCCCCC(=O)N2CCN(CC3(C)CCC(c4ccc(Cl)cc4)=C(CN4CCN(c5ccc(C(=O)NS(=O)(=O)c6ccc(NC(CCN7CCOCC7)CSc7ccccc7)c(S(=O)(=O)C(F)(F)F)c6)cc5)CC4)C3)CC2)C(C)(C)C)cc1
3589,Cc1ncsc1-c1ccc(C(C)NC(=O)C2CC(O)CN2C(=O)C(NC(=O)CCCCCCCCCC(=O)N2CCN(CC3(C)CCC(c4ccc(Cl)cc4)=C(CN4CCN(c5ccc(C(=O)NS(=O)(=O)c6ccc(NC(CCN7CCOCC7)CSc7ccccc7)c(S(=O)(=O)C(F)(F)F)c6)cc5)CC4)C3)CC2)C(C)(C)C)cc1
3608,Cc1ncsc1-c1ccc(CNC(=O)C2CC(O)CN2C(=O)C(NC(=O)CCOCCOCCC(=O)NCCN2CCN(Cc3cccc(-c4ccc(N5CCN(C)CC5)c(NC(=O)c5c[nH]c(=O)cc5C(F)(F)F)c4)c3)CC2)C(C)(C)C)cc1
3609,Cc1ncsc1-c1ccc(CNC(=O)C2CC(O)CN2C(=O)C(NC(=O)CCOCCOCCOCCC(=O)NCCN2CCN(Cc3cccc(-c4ccc(N5CCN(C)CC5)c(NC(=O)c5c[nH]c(=O)cc5C(F)(F)F)c4)c3)CC2)C(C)(C)C)cc1
3610,Cc1ncsc1-c1ccc(CNC(=O)C2CC(O)CN2C(=O)C(NC(=O)CCOCCOCCOCCOCCC(=O)NCCN2CCN(Cc3cccc(-c4ccc(N5CCN(C)CC5)c(NC(=O)c5c[nH]c(=O)cc5C(F)(F)F)c4)c3)CC2)C(C)(C)C)cc1
3611,Cc1ncsc1-c1ccc(CNC(=O)C2CC(O)CN2C(=O)C(NC(=O)CCOCCOCCOCCOCCOCCC(=O)NCCN2CCN(Cc3cccc(-c4ccc(N5CCN(C)CC5)c(NC(=O)c5c[nH]c(=O)cc5C(F)(F)F)c4)c3)CC2)C(C)(C)C)cc1
3612,Cc1ncsc1-c1ccc(CNC(=O)C2CC(O)CN2C(=O)C(NC(=O)CCCCCCC(=O)NCCN2CCN(Cc3cccc(-c4ccc(N5CCN(C)CC5)c(NC(=O)c5c[nH]c(=O)cc5C(F)(F)F)c4)c3)CC2)C(C)(C)C)cc1
3613,Cc1ncsc1-c1ccc(CNC(=O)C2CC(O)CN2C(=O)C(NC(=O)CCCCCCCC(=O)NCCN2CCN(Cc3cccc(-c4ccc(N5CCN(C)CC5)c(NC(=O)c5c[nH]c(=O)cc5C(F)(F)F)c4)c3)CC2)C(C)(C)C)cc1
3614,Cc1ncsc1-c1ccc(CNC(=O)C2CC(O)CN2C(=O)C(NC(=O)CCCCCCCCC(=O)NCCN2CCN(Cc3cccc(-c4ccc(N5CCN(C)CC5)c(NC(=O)c5c[nH]c(=O)cc5C(F)(F)F)c4)c3)CC2)C(C)(C)C)cc1
3615,Cc1ncsc1-c1ccc(CNC(=O)C2CC(O)CN2C(=O)C(NC(=O)CCCCCCCCCC(=O)NCCN2CCN(Cc3cccc(-c4ccc(N5CCN(C)CC5)c(NC(=O)c5c[nH]c(=O)cc5C(F)(F)F)c4)c3)CC2)C(C)(C)C)cc1
3616,Cc1ncsc1-c1ccc(CNC(=O)C2CC(O)CN2C(=O)C(NC(=O)CCCCCCCCCCC(=O)NCCN2CCN(Cc3cccc(-c4ccc(N5CCN(C)CC5)c(NC(=O)c5c[nH]c(=O)cc5C(F)(F)F)c4)c3)CC2)C(C)(C)C)cc1
3619,Cc1ncsc1-c1ccc(CNC(=O)C2CC(O)CN2C(=O)C(NC(=O)CCC(=O)N2CCN(Cc3cccc(-c4ccc(N5CCN(C)CC5)c(NC(=O)c5c[nH]c(=O)cc5C(F)(F)F)c4)c3)CC2)C(C)(C)C)cc1
3620,Cc1ncsc1-c1ccc(CNC(=O)C2CC(O)CN2C(=O)C(NC(=O)CNC(=O)c2cccc(-c3ccc(N4CCN(C)CC4)c(NC(=O)c4c[nH]c(=O)cc4C(F)(F)F)c3)c2)C(C)(C)C)cc1
3621,Cc1ncsc1-c1ccc(C(C)NC(=O)C2CC(O)CN2C(=O)C(NC(=O)CNC(=O)c2cccc(-c3ccc(N4CCN(C)CC4)c(NC(=O)c4c[nH]c(=O)cc4C(F)(F)F)c3)c2)C(C)(C)C)cc1
3622,Cc1ncsc1-c1ccc(CNC(=O)C2CC(O)CN2C(=O)C(NC(=O)CNC(=O)c2ccc(F)c(-c3ccc(N4CCN(C)CC4)c(NC(=O)c4c[nH]c(=O)cc4C(F)(F)F)c3)c2)C(C)(C)C)cc1
3623,Cc1ncsc1-c1ccc(CNC(=O)C2CC(O)CN2C(=O)C(NC(=O)CNC(=O)c2cccc(-c3ccc(N4CC(C)N(C)C(C)C4)c(NC(=O)c4c[nH]c(=O)cc4C(F)(F)F)c3)c2)C(C)(C)C)cc1
3624,Cc1ncsc1-c1ccc(CNC(=O)C2CC(O)CN2C(=O)C(NC(=O)CNC(=O)c2ccc(F)c(-c3ccc(N4CC(C)N(C)C(C)C4)c(NC(=O)c4c[nH]c(=O)cc4C(F)(F)F)c3)c2)C(C)(C)C)cc1
3625,Cc1ncsc1-c1ccc(C(C)NC(=O)C2CC(O)CN2C(=O)C(NC(=O)CNC(=O)c2ccc(F)c(-c3ccc(N4CC(C)N(C)C(C)C4)c(NC(=O)c4c[nH]c(=O)cc4C(F)(F)F)c3)c2)C(C)(C)C)cc1
3626,CC(=O)N1CCCN(c2nc(NCCc3cccs3)nc(N(C)CC(=O)NCCOCCOCCOCC(=O)NC(C(=O)N3CC(O)CC3C(=O)NCc3ccc(-c4scnc4C)cc3)C(C)(C)C)n2)CC1
3628,Cc1ncsc1-c1ccc(C(C)NC(=O)C2CC(O)CN2C(=O)C(NC(=O)CN2CCN(c3cc(-c4ccccc4O)nnc3N)CC2)C(C)(C)C)cc1
3629,CC1CCCN1Cc1nc2ccc(NC(=O)c3ccc4c(cnn4CCCCCCCCNc4cccc5c4C(=O)N(C4CCC(=O)NC4=O)C5=O)c3)cc2[nH]1
3630,CC1CCCN1Cc1nc2ccc(NC(=O)c3ccc4c(cnn4CCCCCCNc4cccc5c4C(=O)N(C4CCC(=O)NC4=O)C5=O)c3)cc2[nH]1
3631,CC1CCCN1Cc1nc2ccc(NC(=O)c3ccc4c(cnn4CCCCNc4cccc5c4C(=O)N(C4CCC(=O)NC4=O)C5=O)c3)cc2[nH]1
3632,Cc1sc2c(c1C)C(c1ccc(Cl)cc1)=NC(CC(=O)NCCOCCNC(=O)CN1CCOc3cc(N(CCC#N)C(=O)CCl)ccc31)c1nnc(C)n1-2
3633,Cc1sc2c(c1C)C(c1ccc(Cl)cc1)=NC(CC(=O)NCCCCCNC(=O)CN1CCOc3cc(N(CCC#N)C(=O)CCl)ccc31)c1nnc(C)n1-2
3634,Cc1sc2c(c1C)C(c1ccc(Cl)cc1)=NC(CC(=O)NCCOCCOCCNC(=O)CN1CCOc3cc(N(CCC#N)C(=O)CCl)ccc31)c1nnc(C)n1-2
3635,Cc1sc2c(c1C)C(c1ccc(Cl)cc1)=NC(CC(=O)NCCOCCOCCOCCNC(=O)CN1CCOc3cc(N(CCC#N)C(=O)CCl)ccc31)c1nnc(C)n1-2
3636,Cc1sc2c(c1C)C(c1ccc(Cl)cc1)=NC(CC(=O)NCCOCCOCCOCCOCCNC(=O)CN1CCOc3cc(N(CCC#N)C(=O)CCl)ccc31)c1nnc(C)n1-2
3639,O=C1CCC(N2Cc3cc(N4CCN(CC5CCN(c6ccc(C7c8ccc(O)cc8CCC7c7ccccc7)cc6)CC5)CC4)ccc3C2=O)C(=O)N1
3640,N#Cc1ccc(OC2CCC(NC(=O)c3ccc(N4CCC(CN5CCN(c6cc7c(cc6F)C(=O)N(C6CCC(=O)NC6=O)C7=O)CC5)CC4)nn3)CC2)cc1Cl
