PROTAC SMILES,POI Ligand SMILES with direction,E3 Binder SMILES with direction,Linker SMILES with direction
Cc1ncsc1-c1ccc([C@H](C)NC(=O)[C@@H]2C[C@@H](O)CN2C(=O)[C@@H](NC(=O)CC(=O)N2CCN(CC[C@H](CSc3ccccc3)Nc3ccc(S(=O)(=O)NC(=O)c4ccc(N5CCN(CC6=C(c7ccc(Cl)cc7)CCC(C)(C)C6)CC5)cc4)cc3S(=O)(=O)C(F)(F)F)CC2)C(C)(C)C)cc1,[*:1]N1CCN(CC[C@H](CSc2ccccc2)Nc2ccc(S(=O)(=O)NC(=O)c3ccc(N4CCN(CC5=C(c6ccc(Cl)cc6)CCC(C)(C)C5)CC4)cc3)cc2S(=O)(=O)C(F)(F)F)CC1,[*:2]CC(=O)N[C@H](C(=O)N1C[C@H](O)C[C@H]1C(=O)N[C@@H](C)c1ccc(-c2scnc2C)cc1)C(C)(C)C,[*:1]C([*:2])=O
Cc1ncsc1-c1ccc([C@H](C)NC(=O)[C@@H]2C[C@@H](O)CN2C(=O)[C@@H](NC(=O)CCC(=O)N2CCN(CC[C@H](CSc3ccccc3)Nc3ccc(S(=O)(=O)NC(=O)c4ccc(N5CCN(CC6=C(c7ccc(Cl)cc7)CCC(C)(C)C6)CC5)cc4)cc3S(=O)(=O)C(F)(F)F)CC2)C(C)(C)C)cc1,[*:1]N1CCN(CC[C@H](CSc2ccccc2)Nc2ccc(S(=O)(=O)NC(=O)c3ccc(N4CCN(CC5=C(c6ccc(Cl)cc6)CCC(C)(C)C5)CC4)cc3)cc2S(=O)(=O)C(F)(F)F)CC1,[*:2]CC(=O)N[C@H](C(=O)N1C[C@H](O)C[C@H]1C(=O)N[C@@H](C)c1ccc(-c2scnc2C)cc1)C(C)(C)C,[*:1]C(=O)C[*:2]
Cc1ncsc1-c1ccc([C@H](C)NC(=O)[C@@H]2C[C@@H](O)CN2C(=O)[C@@H](NC(=O)CCCC(=O)N2CCN(CC[C@H](CSc3ccccc3)Nc3ccc(S(=O)(=O)NC(=O)c4ccc(N5CCN(CC6=C(c7ccc(Cl)cc7)CCC(C)(C)C6)CC5)cc4)cc3S(=O)(=O)C(F)(F)F)CC2)C(C)(C)C)cc1,[*:1]N1CCN(CC[C@H](CSc2ccccc2)Nc2ccc(S(=O)(=O)NC(=O)c3ccc(N4CCN(CC5=C(c6ccc(Cl)cc6)CCC(C)(C)C5)CC4)cc3)cc2S(=O)(=O)C(F)(F)F)CC1,[*:2]CC(=O)N[C@H](C(=O)N1C[C@H](O)C[C@H]1C(=O)N[C@@H](C)c1ccc(-c2scnc2C)cc1)C(C)(C)C,[*:1]C(=O)CC[*:2]
Cc1ncsc1-c1ccc([C@H](C)NC(=O)[C@@H]2C[C@@H](O)CN2C(=O)[C@@H](NC(=O)CCCCC(=O)N2CCN(CC[C@H](CSc3ccccc3)Nc3ccc(S(=O)(=O)NC(=O)c4ccc(N5CCN(CC6=C(c7ccc(Cl)cc7)CCC(C)(C)C6)CC5)cc4)cc3S(=O)(=O)C(F)(F)F)CC2)C(C)(C)C)cc1,[*:1]N1CCN(CC[C@H](CSc2ccccc2)Nc2ccc(S(=O)(=O)NC(=O)c3ccc(N4CCN(CC5=C(c6ccc(Cl)cc6)CCC(C)(C)C5)CC4)cc3)cc2S(=O)(=O)C(F)(F)F)CC1,[*:2]CC(=O)N[C@H](C(=O)N1C[C@H](O)C[C@H]1C(=O)N[C@@H](C)c1ccc(-c2scnc2C)cc1)C(C)(C)C,[*:1]C(=O)CCC[*:2]
Cc1ncsc1-c1ccc([C@H](C)NC(=O)[C@@H]2C[C@@H](O)CN2C(=O)[C@@H](NC(=O)CCCCCC(=O)N2CCN(CC[C@H](CSc3ccccc3)Nc3ccc(S(=O)(=O)NC(=O)c4ccc(N5CCN(CC6=C(c7ccc(Cl)cc7)CCC(C)(C)C6)CC5)cc4)cc3S(=O)(=O)C(F)(F)F)CC2)C(C)(C)C)cc1,[*:1]N1CCN(CC[C@H](CSc2ccccc2)Nc2ccc(S(=O)(=O)NC(=O)c3ccc(N4CCN(CC5=C(c6ccc(Cl)cc6)CCC(C)(C)C5)CC4)cc3)cc2S(=O)(=O)C(F)(F)F)CC1,[*:2]CC(=O)N[C@H](C(=O)N1C[C@H](O)C[C@H]1C(=O)N[C@@H](C)c1ccc(-c2scnc2C)cc1)C(C)(C)C,[*:1]C(=O)CCCC[*:2]
Cc1ncsc1-c1ccc([C@H](C)NC(=O)[C@@H]2C[C@@H](O)CN2C(=O)[C@@H](NC(=O)CCCCCCC(=O)N2CCN(CC[C@H](CSc3ccccc3)Nc3ccc(S(=O)(=O)NC(=O)c4ccc(N5CCN(CC6=C(c7ccc(Cl)cc7)CCC(C)(C)C6)CC5)cc4)cc3S(=O)(=O)C(F)(F)F)CC2)C(C)(C)C)cc1,[*:1]N1CCN(CC[C@H](CSc2ccccc2)Nc2ccc(S(=O)(=O)NC(=O)c3ccc(N4CCN(CC5=C(c6ccc(Cl)cc6)CCC(C)(C)C5)CC4)cc3)cc2S(=O)(=O)C(F)(F)F)CC1,[*:2]CC(=O)N[C@H](C(=O)N1C[C@H](O)C[C@H]1C(=O)N[C@@H](C)c1ccc(-c2scnc2C)cc1)C(C)(C)C,[*:1]C(=O)CCCCC[*:2]
Cc1ncsc1-c1ccc([C@H](C)NC(=O)[C@@H]2C[C@@H](O)CN2C(=O)[C@@H](NC(=O)CCCCN2CCN(CC[C@H](CSc3ccccc3)Nc3ccc(S(=O)(=O)NC(=O)c4ccc(N5CCN(CC6=C(c7ccc(Cl)cc7)CCC(C)(C)C6)CC5)cc4)cc3S(=O)(=O)C(F)(F)F)CC2)C(C)(C)C)cc1,[*:1]N1CCN(CC[C@H](CSc2ccccc2)Nc2ccc(S(=O)(=O)NC(=O)c3ccc(N4CCN(CC5=C(c6ccc(Cl)cc6)CCC(C)(C)C5)CC4)cc3)cc2S(=O)(=O)C(F)(F)F)CC1,[*:2]CC(=O)N[C@H](C(=O)N1C[C@H](O)C[C@H]1C(=O)N[C@@H](C)c1ccc(-c2scnc2C)cc1)C(C)(C)C,[*:1]CCC[*:2]
Cc1ncsc1-c1ccc([C@H](C)NC(=O)[C@@H]2C[C@@H](O)CN2C(=O)[C@@H](NC(=O)CCCCCN2CCN(CC[C@H](CSc3ccccc3)Nc3ccc(S(=O)(=O)NC(=O)c4ccc(N5CCN(CC6=C(c7ccc(Cl)cc7)CCC(C)(C)C6)CC5)cc4)cc3S(=O)(=O)C(F)(F)F)CC2)C(C)(C)C)cc1,[*:1]N1CCN(CC[C@H](CSc2ccccc2)Nc2ccc(S(=O)(=O)NC(=O)c3ccc(N4CCN(CC5=C(c6ccc(Cl)cc6)CCC(C)(C)C5)CC4)cc3)cc2S(=O)(=O)C(F)(F)F)CC1,[*:2]CC(=O)N[C@H](C(=O)N1C[C@H](O)C[C@H]1C(=O)N[C@@H](C)c1ccc(-c2scnc2C)cc1)C(C)(C)C,[*:1]CCCC[*:2]
Cc1ncsc1-c1ccc([C@H](C)NC(=O)[C@@H]2C[C@@H](O)CN2C(=O)[C@@H](NC(=O)CCCCCCN2CCN(CC[C@H](CSc3ccccc3)Nc3ccc(S(=O)(=O)NC(=O)c4ccc(N5CCN(CC6=C(c7ccc(Cl)cc7)CCC(C)(C)C6)CC5)cc4)cc3S(=O)(=O)C(F)(F)F)CC2)C(C)(C)C)cc1,[*:1]N1CCN(CC[C@H](CSc2ccccc2)Nc2ccc(S(=O)(=O)NC(=O)c3ccc(N4CCN(CC5=C(c6ccc(Cl)cc6)CCC(C)(C)C5)CC4)cc3)cc2S(=O)(=O)C(F)(F)F)CC1,[*:2]CC(=O)N[C@H](C(=O)N1C[C@H](O)C[C@H]1C(=O)N[C@@H](C)c1ccc(-c2scnc2C)cc1)C(C)(C)C,[*:1]CCCCC[*:2]
Cc1ncsc1-c1ccc([C@H](C)NC(=O)[C@@H]2C[C@@H](O)CN2C(=O)[C@@H](NC(=O)CCCCCCCN2CCN(CC[C@H](CSc3ccccc3)Nc3ccc(S(=O)(=O)NC(=O)c4ccc(N5CCN(CC6=C(c7ccc(Cl)cc7)CCC(C)(C)C6)CC5)cc4)cc3S(=O)(=O)C(F)(F)F)CC2)C(C)(C)C)cc1,[*:1]N1CCN(CC[C@H](CSc2ccccc2)Nc2ccc(S(=O)(=O)NC(=O)c3ccc(N4CCN(CC5=C(c6ccc(Cl)cc6)CCC(C)(C)C5)CC4)cc3)cc2S(=O)(=O)C(F)(F)F)CC1,[*:2]CC(=O)N[C@H](C(=O)N1C[C@H](O)C[C@H]1C(=O)N[C@@H](C)c1ccc(-c2scnc2C)cc1)C(C)(C)C,[*:1]CCCCCC[*:2]
Cc1ncsc1-c1ccc([C@H](C)NC(=O)[C@@H]2C[C@@H](O)CN2C(=O)[C@@H](NC(=O)CCOCCC(=O)N2CCN(CC[C@H](CSc3ccccc3)Nc3ccc(S(=O)(=O)NC(=O)c4ccc(N5CCN(CC6=C(c7ccc(Cl)cc7)CCC(C)(C)C6)CC5)cc4)cc3S(=O)(=O)C(F)(F)F)CC2)C(C)(C)C)cc1,[*:1]N1CCN(CC[C@H](CSc2ccccc2)Nc2ccc(S(=O)(=O)NC(=O)c3ccc(N4CCN(CC5=C(c6ccc(Cl)cc6)CCC(C)(C)C5)CC4)cc3)cc2S(=O)(=O)C(F)(F)F)CC1,[*:2]CC(=O)N[C@H](C(=O)N1C[C@H](O)C[C@H]1C(=O)N[C@@H](C)c1ccc(-c2scnc2C)cc1)C(C)(C)C,[*:1]C(=O)CCOC[*:2]
Cc1ncsc1-c1ccc([C@H](C)NC(=O)[C@@H]2C[C@@H](O)CN2C(=O)[C@@H](NC(=O)COCCOCC(=O)N2CCN(CC[C@H](CSc3ccccc3)Nc3ccc(S(=O)(=O)NC(=O)c4ccc(N5CCN(CC6=C(c7ccc(Cl)cc7)CCC(C)(C)C6)CC5)cc4)cc3S(=O)(=O)C(F)(F)F)CC2)C(C)(C)C)cc1,[*:1]N1CCN(CC[C@H](CSc2ccccc2)Nc2ccc(S(=O)(=O)NC(=O)c3ccc(N4CCN(CC5=C(c6ccc(Cl)cc6)CCC(C)(C)C5)CC4)cc3)cc2S(=O)(=O)C(F)(F)F)CC1,[*:2]CC(=O)N[C@H](C(=O)N1C[C@H](O)C[C@H]1C(=O)N[C@@H](C)c1ccc(-c2scnc2C)cc1)C(C)(C)C,[*:1]C(=O)COCCO[*:2]
Cc1ncsc1-c1ccc([C@H](C)NC(=O)[C@@H]2C[C@@H](O)CN2C(=O)[C@@H](NC(=O)COCCCOCC(=O)N2CCN(CC[C@H](CSc3ccccc3)Nc3ccc(S(=O)(=O)NC(=O)c4ccc(N5CCN(CC6=C(c7ccc(Cl)cc7)CCC(C)(C)C6)CC5)cc4)cc3S(=O)(=O)C(F)(F)F)CC2)C(C)(C)C)cc1,[*:1]N1CCN(CC[C@H](CSc2ccccc2)Nc2ccc(S(=O)(=O)NC(=O)c3ccc(N4CCN(CC5=C(c6ccc(Cl)cc6)CCC(C)(C)C5)CC4)cc3)cc2S(=O)(=O)C(F)(F)F)CC1,[*:2]CC(=O)N[C@H](C(=O)N1C[C@H](O)C[C@H]1C(=O)N[C@@H](C)c1ccc(-c2scnc2C)cc1)C(C)(C)C,[*:1]C(=O)COCCCO[*:2]
Cc1ncsc1-c1ccc([C@H](C)NC(=O)[C@@H]2C[C@@H](O)CN2C(=O)[C@@H](NC(=O)COCCN2CCN(CC[C@H](CSc3ccccc3)Nc3ccc(S(=O)(=O)NC(=O)c4ccc(N5CCN(CC6=C(c7ccc(Cl)cc7)CCC(C)(C)C6)CC5)cc4)cc3S(=O)(=O)C(F)(F)F)CC2)C(C)(C)C)cc1,[*:1]N1CCN(CC[C@H](CSc2ccccc2)Nc2ccc(S(=O)(=O)NC(=O)c3ccc(N4CCN(CC5=C(c6ccc(Cl)cc6)CCC(C)(C)C5)CC4)cc3)cc2S(=O)(=O)C(F)(F)F)CC1,[*:2]CC(=O)N[C@H](C(=O)N1C[C@H](O)C[C@H]1C(=O)N[C@@H](C)c1ccc(-c2scnc2C)cc1)C(C)(C)C,[*:1]CCO[*:2]
Cc1ncsc1-c1ccc([C@H](C)NC(=O)[C@@H]2C[C@@H](O)CN2C(=O)[C@@H](NC(=O)COCCOCCN2CCN(CC[C@H](CSc3ccccc3)Nc3ccc(S(=O)(=O)NC(=O)c4ccc(N5CCN(CC6=C(c7ccc(Cl)cc7)CCC(C)(C)C6)CC5)cc4)cc3S(=O)(=O)C(F)(F)F)CC2)C(C)(C)C)cc1,[*:1]N1CCN(CC[C@H](CSc2ccccc2)Nc2ccc(S(=O)(=O)NC(=O)c3ccc(N4CCN(CC5=C(c6ccc(Cl)cc6)CCC(C)(C)C5)CC4)cc3)cc2S(=O)(=O)C(F)(F)F)CC1,[*:2]CC(=O)N[C@H](C(=O)N1C[C@H](O)C[C@H]1C(=O)N[C@@H](C)c1ccc(-c2scnc2C)cc1)C(C)(C)C,[*:1]CCOCCO[*:2]
Cc1ncsc1-c1ccc([C@H](C)NC(=O)[C@@H]2C[C@@H](O)CN2C(=O)[C@@H](NC(=O)CCCCN(C)CC[C@H](CSc2ccccc2)Nc2ccc(S(=O)(=O)NC(=O)c3ccc(N4CCN(CC5=C(c6ccc(Cl)cc6)CCC(C)(C)C5)CC4)cc3)cc2S(=O)(=O)C(F)(F)F)C(C)(C)C)cc1,[*:1]CN(C)CC[C@H](CSc1ccccc1)Nc1ccc(S(=O)(=O)NC(=O)c2ccc(N3CCN(CC4=C(c5ccc(Cl)cc5)CCC(C)(C)C4)CC3)cc2)cc1S(=O)(=O)C(F)(F)F,[*:2]CC(=O)N[C@H](C(=O)N1C[C@H](O)C[C@H]1C(=O)N[C@@H](C)c1ccc(-c2scnc2C)cc1)C(C)(C)C,[*:1]CC[*:2]
Cc1ncsc1-c1ccc([C@H](C)NC(=O)[C@@H]2C[C@@H](O)CN2C(=O)[C@@H](NC(=O)CCCCCN(C)CC[C@H](CSc2ccccc2)Nc2ccc(S(=O)(=O)NC(=O)c3ccc(N4CCN(CC5=C(c6ccc(Cl)cc6)CCC(C)(C)C5)CC4)cc3)cc2S(=O)(=O)C(F)(F)F)C(C)(C)C)cc1,[*:1]CN(C)CC[C@H](CSc1ccccc1)Nc1ccc(S(=O)(=O)NC(=O)c2ccc(N3CCN(CC4=C(c5ccc(Cl)cc5)CCC(C)(C)C4)CC3)cc2)cc1S(=O)(=O)C(F)(F)F,[*:2]CC(=O)N[C@H](C(=O)N1C[C@H](O)C[C@H]1C(=O)N[C@@H](C)c1ccc(-c2scnc2C)cc1)C(C)(C)C,[*:1]CCC[*:2]
Cc1ncsc1-c1ccc([C@H](C)NC(=O)[C@@H]2C[C@@H](O)CN2C(=O)[C@@H](NC(=O)CCCCCCN(C)CC[C@H](CSc2ccccc2)Nc2ccc(S(=O)(=O)NC(=O)c3ccc(N4CCN(CC5=C(c6ccc(Cl)cc6)CCC(C)(C)C5)CC4)cc3)cc2S(=O)(=O)C(F)(F)F)C(C)(C)C)cc1,[*:1]CN(C)CC[C@H](CSc1ccccc1)Nc1ccc(S(=O)(=O)NC(=O)c2ccc(N3CCN(CC4=C(c5ccc(Cl)cc5)CCC(C)(C)C4)CC3)cc2)cc1S(=O)(=O)C(F)(F)F,[*:2]CC(=O)N[C@H](C(=O)N1C[C@H](O)C[C@H]1C(=O)N[C@@H](C)c1ccc(-c2scnc2C)cc1)C(C)(C)C,[*:1]CCCC[*:2]
Cc1ncsc1-c1ccc([C@H](C)NC(=O)[C@@H]2C[C@@H](O)CN2C(=O)[C@@H](NC(=O)CCCCCCCN(C)CC[C@H](CSc2ccccc2)Nc2ccc(S(=O)(=O)NC(=O)c3ccc(N4CCN(CC5=C(c6ccc(Cl)cc6)CCC(C)(C)C5)CC4)cc3)cc2S(=O)(=O)C(F)(F)F)C(C)(C)C)cc1,[*:1]CN(C)CC[C@H](CSc1ccccc1)Nc1ccc(S(=O)(=O)NC(=O)c2ccc(N3CCN(CC4=C(c5ccc(Cl)cc5)CCC(C)(C)C4)CC3)cc2)cc1S(=O)(=O)C(F)(F)F,[*:2]CC(=O)N[C@H](C(=O)N1C[C@H](O)C[C@H]1C(=O)N[C@@H](C)c1ccc(-c2scnc2C)cc1)C(C)(C)C,[*:1]CCCCC[*:2]
Cc1ncsc1-c1ccc([C@H](C)NC(=O)[C@@H]2C[C@@H](O)CN2C(=O)[C@@H](NC(=O)CCCCCCCCN(C)CC[C@H](CSc2ccccc2)Nc2ccc(S(=O)(=O)NC(=O)c3ccc(N4CCN(CC5=C(c6ccc(Cl)cc6)CCC(C)(C)C5)CC4)cc3)cc2S(=O)(=O)C(F)(F)F)C(C)(C)C)cc1,[*:1]CN(C)CC[C@H](CSc1ccccc1)Nc1ccc(S(=O)(=O)NC(=O)c2ccc(N3CCN(CC4=C(c5ccc(Cl)cc5)CCC(C)(C)C4)CC3)cc2)cc1S(=O)(=O)C(F)(F)F,[*:2]CC(=O)N[C@H](C(=O)N1C[C@H](O)C[C@H]1C(=O)N[C@@H](C)c1ccc(-c2scnc2C)cc1)C(C)(C)C,[*:1]CCCCCC[*:2]
Cc1ncsc1-c1ccc([C@H](C)NC(=O)[C@@H]2C[C@@H](O)CN2C(=O)[C@@H](NC(=O)CCCCCCCCCN(C)CC[C@H](CSc2ccccc2)Nc2ccc(S(=O)(=O)NC(=O)c3ccc(N4CCN(CC5=C(c6ccc(Cl)cc6)CCC(C)(C)C5)CC4)cc3)cc2S(=O)(=O)C(F)(F)F)C(C)(C)C)cc1,[*:1]CN(C)CC[C@H](CSc1ccccc1)Nc1ccc(S(=O)(=O)NC(=O)c2ccc(N3CCN(CC4=C(c5ccc(Cl)cc5)CCC(C)(C)C4)CC3)cc2)cc1S(=O)(=O)C(F)(F)F,[*:2]CC(=O)N[C@H](C(=O)N1C[C@H](O)C[C@H]1C(=O)N[C@@H](C)c1ccc(-c2scnc2C)cc1)C(C)(C)C,[*:1]CCCCCCC[*:2]
Cc1ncsc1-c1ccc([C@H](C)NC(=O)[C@@H]2C[C@@H](O)CN2C(=O)[C@@H](NC(=O)COCCOCCN(C)CC[C@H](CSc2ccccc2)Nc2ccc(S(=O)(=O)NC(=O)c3ccc(N4CCN(CC5=C(c6ccc(Cl)cc6)CCC(C)(C)C5)CC4)cc3)cc2S(=O)(=O)C(F)(F)F)C(C)(C)C)cc1,[*:1]CN(C)CC[C@H](CSc1ccccc1)Nc1ccc(S(=O)(=O)NC(=O)c2ccc(N3CCN(CC4=C(c5ccc(Cl)cc5)CCC(C)(C)C4)CC3)cc2)cc1S(=O)(=O)C(F)(F)F,[*:2]CC(=O)N[C@H](C(=O)N1C[C@H](O)C[C@H]1C(=O)N[C@@H](C)c1ccc(-c2scnc2C)cc1)C(C)(C)C,[*:1]COCCO[*:2]
Cc1ncsc1-c1ccc([C@H](C)NC(=O)[C@@H]2C[C@@H](O)CN2C(=O)[C@@H](NC(=O)COCCOCCOCCN(C)CC[C@H](CSc2ccccc2)Nc2ccc(S(=O)(=O)NC(=O)c3ccc(N4CCN(CC5=C(c6ccc(Cl)cc6)CCC(C)(C)C5)CC4)cc3)cc2S(=O)(=O)C(F)(F)F)C(C)(C)C)cc1,[*:1]CN(C)CC[C@H](CSc1ccccc1)Nc1ccc(S(=O)(=O)NC(=O)c2ccc(N3CCN(CC4=C(c5ccc(Cl)cc5)CCC(C)(C)C4)CC3)cc2)cc1S(=O)(=O)C(F)(F)F,[*:2]CC(=O)N[C@H](C(=O)N1C[C@H](O)C[C@H]1C(=O)N[C@@H](C)c1ccc(-c2scnc2C)cc1)C(C)(C)C,[*:1]COCCOCCO[*:2]
Cc1ncsc1-c1ccc([C@H](C)NC(=O)[C@@H]2C[C@@H](O)CN2C(=O)[C@@H](NC(=O)COCCOCCOCCOCCN(C)CC[C@H](CSc2ccccc2)Nc2ccc(S(=O)(=O)NC(=O)c3ccc(N4CCN(CC5=C(c6ccc(Cl)cc6)CCC(C)(C)C5)CC4)cc3)cc2S(=O)(=O)C(F)(F)F)C(C)(C)C)cc1,[*:1]CN(C)CC[C@H](CSc1ccccc1)Nc1ccc(S(=O)(=O)NC(=O)c2ccc(N3CCN(CC4=C(c5ccc(Cl)cc5)CCC(C)(C)C4)CC3)cc2)cc1S(=O)(=O)C(F)(F)F,[*:2]CC(=O)N[C@H](C(=O)N1C[C@H](O)C[C@H]1C(=O)N[C@@H](C)c1ccc(-c2scnc2C)cc1)C(C)(C)C,[*:1]COCCOCCOCCO[*:2]
CC1(C)CCC(c2ccc(Cl)cc2)=C(CN2CCN(c3ccc(C(=O)NS(=O)(=O)c4ccc(N[C@@H](CCN5CCN(C(=O)CCCNc6cccc7c6C(=O)N(C6CCC(=O)NC6=O)C7=O)CC5)CSc5ccccc5)c(S(=O)(=O)C(F)(F)F)c4)cc3)CC2)C1,[*:1]N1CCN(CC[C@@H](CSc2ccccc2)Nc2ccc(S(=O)(=O)NC(=O)c3ccc(N4CCN(CC5=C(c6ccc(Cl)cc6)CCC(C)(C)C5)CC4)cc3)cc2S(=O)(=O)C(F)(F)F)CC1,[*:2]Nc1cccc2c1C(=O)N(C1CCC(=O)NC1=O)C2=O,[*:1]C(=O)CCC[*:2]
CC1(C)CCC(c2ccc(Cl)cc2)=C(CN2CCN(c3ccc(C(=O)NS(=O)(=O)c4ccc(N[C@@H](CCN5CCN(C(=O)CCCCNc6cccc7c6C(=O)N(C6CCC(=O)NC6=O)C7=O)CC5)CSc5ccccc5)c(S(=O)(=O)C(F)(F)F)c4)cc3)CC2)C1,[*:1]N1CCN(CC[C@@H](CSc2ccccc2)Nc2ccc(S(=O)(=O)NC(=O)c3ccc(N4CCN(CC5=C(c6ccc(Cl)cc6)CCC(C)(C)C5)CC4)cc3)cc2S(=O)(=O)C(F)(F)F)CC1,[*:2]Nc1cccc2c1C(=O)N(C1CCC(=O)NC1=O)C2=O,[*:1]C(=O)CCCC[*:2]
CC1(C)CCC(c2ccc(Cl)cc2)=C(CN2CCN(c3ccc(C(=O)NS(=O)(=O)c4ccc(N[C@@H](CCN5CCN(C(=O)CCCCCNc6cccc7c6C(=O)N(C6CCC(=O)NC6=O)C7=O)CC5)CSc5ccccc5)c(S(=O)(=O)C(F)(F)F)c4)cc3)CC2)C1,[*:1]N1CCN(CC[C@@H](CSc2ccccc2)Nc2ccc(S(=O)(=O)NC(=O)c3ccc(N4CCN(CC5=C(c6ccc(Cl)cc6)CCC(C)(C)C5)CC4)cc3)cc2S(=O)(=O)C(F)(F)F)CC1,[*:2]Nc1cccc2c1C(=O)N(C1CCC(=O)NC1=O)C2=O,[*:1]C(=O)CCCCC[*:2]
CC1(C)CCC(c2ccc(Cl)cc2)=C(CN2CCN(c3ccc(C(=O)NS(=O)(=O)c4ccc(N[C@@H](CCN5CCN(C(=O)CCCCCCNc6cccc7c6C(=O)N(C6CCC(=O)NC6=O)C7=O)CC5)CSc5ccccc5)c(S(=O)(=O)C(F)(F)F)c4)cc3)CC2)C1,[*:1]N1CCN(CC[C@@H](CSc2ccccc2)Nc2ccc(S(=O)(=O)NC(=O)c3ccc(N4CCN(CC5=C(c6ccc(Cl)cc6)CCC(C)(C)C5)CC4)cc3)cc2S(=O)(=O)C(F)(F)F)CC1,[*:2]Nc1cccc2c1C(=O)N(C1CCC(=O)NC1=O)C2=O,[*:1]C(=O)CCCCCC[*:2]
CC1(C)CCC(c2ccc(Cl)cc2)=C(CN2CCN(c3ccc(C(=O)NS(=O)(=O)c4ccc(N[C@@H](CCN5CCN(C(=O)CCCCCCCNc6cccc7c6C(=O)N(C6CCC(=O)NC6=O)C7=O)CC5)CSc5ccccc5)c(S(=O)(=O)C(F)(F)F)c4)cc3)CC2)C1,[*:1]N1CCN(CC[C@@H](CSc2ccccc2)Nc2ccc(S(=O)(=O)NC(=O)c3ccc(N4CCN(CC5=C(c6ccc(Cl)cc6)CCC(C)(C)C5)CC4)cc3)cc2S(=O)(=O)C(F)(F)F)CC1,[*:2]Nc1cccc2c1C(=O)N(C1CCC(=O)NC1=O)C2=O,[*:1]C(=O)CCCCCCC[*:2]
CC1(C)CCC(c2ccc(Cl)cc2)=C(CN2CCN(c3ccc(C(=O)NS(=O)(=O)c4ccc(N[C@@H](CCN5CCN(CCCNc6cccc7c6C(=O)N(C6CCC(=O)NC6=O)C7=O)CC5)CSc5ccccc5)c(S(=O)(=O)C(F)(F)F)c4)cc3)CC2)C1,[*:1]N1CCN(CC[C@@H](CSc2ccccc2)Nc2ccc(S(=O)(=O)NC(=O)c3ccc(N4CCN(CC5=C(c6ccc(Cl)cc6)CCC(C)(C)C5)CC4)cc3)cc2S(=O)(=O)C(F)(F)F)CC1,[*:2]Nc1cccc2c1C(=O)N(C1CCC(=O)NC1=O)C2=O,[*:1]CCC[*:2]
CC1(C)CCC(c2ccc(Cl)cc2)=C(CN2CCN(c3ccc(C(=O)NS(=O)(=O)c4ccc(N[C@@H](CCN5CCN(CCCCNc6cccc7c6C(=O)N(C6CCC(=O)NC6=O)C7=O)CC5)CSc5ccccc5)c(S(=O)(=O)C(F)(F)F)c4)cc3)CC2)C1,[*:1]N1CCN(CC[C@@H](CSc2ccccc2)Nc2ccc(S(=O)(=O)NC(=O)c3ccc(N4CCN(CC5=C(c6ccc(Cl)cc6)CCC(C)(C)C5)CC4)cc3)cc2S(=O)(=O)C(F)(F)F)CC1,[*:2]Nc1cccc2c1C(=O)N(C1CCC(=O)NC1=O)C2=O,[*:1]CCCC[*:2]
CC1(C)CCC(c2ccc(Cl)cc2)=C(CN2CCN(c3ccc(C(=O)NS(=O)(=O)c4ccc(N[C@@H](CCN5CCN(CCCCCNc6cccc7c6C(=O)N(C6CCC(=O)NC6=O)C7=O)CC5)CSc5ccccc5)c(S(=O)(=O)C(F)(F)F)c4)cc3)CC2)C1,[*:1]N1CCN(CC[C@@H](CSc2ccccc2)Nc2ccc(S(=O)(=O)NC(=O)c3ccc(N4CCN(CC5=C(c6ccc(Cl)cc6)CCC(C)(C)C5)CC4)cc3)cc2S(=O)(=O)C(F)(F)F)CC1,[*:2]Nc1cccc2c1C(=O)N(C1CCC(=O)NC1=O)C2=O,[*:1]CCCCC[*:2]
CC1(C)CCC(c2ccc(Cl)cc2)=C(CN2CCN(c3ccc(C(=O)NS(=O)(=O)c4ccc(N[C@@H](CCN5CCN(C(=O)COCCOCCNc6cccc7c6C(=O)N(C6CCC(=O)NC6=O)C7=O)CC5)CSc5ccccc5)c(S(=O)(=O)C(F)(F)F)c4)cc3)CC2)C1,[*:1]N1CCN(CC[C@@H](CSc2ccccc2)Nc2ccc(S(=O)(=O)NC(=O)c3ccc(N4CCN(CC5=C(c6ccc(Cl)cc6)CCC(C)(C)C5)CC4)cc3)cc2S(=O)(=O)C(F)(F)F)CC1,[*:2]Nc1cccc2c1C(=O)N(C1CCC(=O)NC1=O)C2=O,[*:1]C(=O)COCCOCC[*:2]
CC1(C)CCC(c2ccc(Cl)cc2)=C(CN2CCN(c3ccc(C(=O)NS(=O)(=O)c4ccc(N[C@@H](CCN5CCN(C(=O)COCCOCCOCCNc6cccc7c6C(=O)N(C6CCC(=O)NC6=O)C7=O)CC5)CSc5ccccc5)c(S(=O)(=O)C(F)(F)F)c4)cc3)CC2)C1,[*:1]N1CCN(CC[C@@H](CSc2ccccc2)Nc2ccc(S(=O)(=O)NC(=O)c3ccc(N4CCN(CC5=C(c6ccc(Cl)cc6)CCC(C)(C)C5)CC4)cc3)cc2S(=O)(=O)C(F)(F)F)CC1,[*:2]Nc1cccc2c1C(=O)N(C1CCC(=O)NC1=O)C2=O,[*:1]C(=O)COCCOCCOCC[*:2]
CC1(C)CCC(c2ccc(Cl)cc2)=C(CN2CCN(c3ccc(C(=O)NS(=O)(=O)c4ccc(N[C@@H](CCN5CCN(C(=O)COCCOCCOCCOCCNc6cccc7c6C(=O)N(C6CCC(=O)NC6=O)C7=O)CC5)CSc5ccccc5)c(S(=O)(=O)C(F)(F)F)c4)cc3)CC2)C1,[*:1]N1CCN(CC[C@@H](CSc2ccccc2)Nc2ccc(S(=O)(=O)NC(=O)c3ccc(N4CCN(CC5=C(c6ccc(Cl)cc6)CCC(C)(C)C5)CC4)cc3)cc2S(=O)(=O)C(F)(F)F)CC1,[*:2]Nc1cccc2c1C(=O)N(C1CCC(=O)NC1=O)C2=O,[*:1]C(=O)COCCOCCOCCOCC[*:2]
CC1(C)CCC(c2ccc(Cl)cc2)=C(CN2CCN(c3ccc(C(=O)NS(=O)(=O)c4ccc(N[C@@H](CCN5CCN(C(=O)NCCOCCOCCNc6cccc7c6C(=O)N(C6CCC(=O)NC6=O)C7=O)CC5)CSc5ccccc5)c(S(=O)(=O)C(F)(F)F)c4)cc3)CC2)C1,[*:1]N1CCN(CC[C@@H](CSc2ccccc2)Nc2ccc(S(=O)(=O)NC(=O)c3ccc(N4CCN(CC5=C(c6ccc(Cl)cc6)CCC(C)(C)C5)CC4)cc3)cc2S(=O)(=O)C(F)(F)F)CC1,[*:2]Nc1cccc2c1C(=O)N(C1CCC(=O)NC1=O)C2=O,[*:1]C(=O)NCCOCCOCC[*:2]
CC1(C)CCC(c2ccc(Cl)cc2)=C(CN2CCN(c3ccc(C(=O)NS(=O)(=O)c4ccc(N[C@@H](CCN5CCN(C(=S)NCCOCCOCCNc6cccc7c6C(=O)N(C6CCC(=O)NC6=O)C7=O)CC5)CSc5ccccc5)c(S(=O)(=O)C(F)(F)F)c4)cc3)CC2)C1,[*:1]N1CCN(CC[C@@H](CSc2ccccc2)Nc2ccc(S(=O)(=O)NC(=O)c3ccc(N4CCN(CC5=C(c6ccc(Cl)cc6)CCC(C)(C)C5)CC4)cc3)cc2S(=O)(=O)C(F)(F)F)CC1,[*:2]Nc1cccc2c1C(=O)N(C1CCC(=O)NC1=O)C2=O,[*:1]C(=S)NCCOCCOCC[*:2]
CC1(C)CCC(c2ccc(Cl)cc2)=C(CN2CCN(c3ccc(C(=O)NS(=O)(=O)c4ccc(N[C@@H](CCN5CCN(CCOCCNc6cccc7c6C(=O)N(C6CCC(=O)NC6=O)C7=O)CC5)CSc5ccccc5)c(S(=O)(=O)C(F)(F)F)c4)cc3)CC2)C1,[*:1]N1CCN(CC[C@@H](CSc2ccccc2)Nc2ccc(S(=O)(=O)NC(=O)c3ccc(N4CCN(CC5=C(c6ccc(Cl)cc6)CCC(C)(C)C5)CC4)cc3)cc2S(=O)(=O)C(F)(F)F)CC1,[*:2]Nc1cccc2c1C(=O)N(C1CCC(=O)NC1=O)C2=O,[*:1]CCOCC[*:2]
CC1(C)CCC(c2ccc(Cl)cc2)=C(CN2CCN(c3ccc(C(=O)NS(=O)(=O)c4ccc(N[C@@H](CCN5CCN(CCOCCOCCNc6cccc7c6C(=O)N(C6CCC(=O)NC6=O)C7=O)CC5)CSc5ccccc5)c(S(=O)(=O)C(F)(F)F)c4)cc3)CC2)C1,[*:1]N1CCN(CC[C@@H](CSc2ccccc2)Nc2ccc(S(=O)(=O)NC(=O)c3ccc(N4CCN(CC5=C(c6ccc(Cl)cc6)CCC(C)(C)C5)CC4)cc3)cc2S(=O)(=O)C(F)(F)F)CC1,[*:2]Nc1cccc2c1C(=O)N(C1CCC(=O)NC1=O)C2=O,[*:1]CCOCCOCC[*:2]
CC1(C)CCC(c2ccc(Cl)cc2)=C(CN2CCN(c3ccc(C(=O)NS(=O)(=O)c4ccc(N[C@@H](CCN5CCN(CCOCCOCCOCCNc6cccc7c6C(=O)N(C6CCC(=O)NC6=O)C7=O)CC5)CSc5ccccc5)c(S(=O)(=O)C(F)(F)F)c4)cc3)CC2)C1,[*:1]N1CCN(CC[C@@H](CSc2ccccc2)Nc2ccc(S(=O)(=O)NC(=O)c3ccc(N4CCN(CC5=C(c6ccc(Cl)cc6)CCC(C)(C)C5)CC4)cc3)cc2S(=O)(=O)C(F)(F)F)CC1,[*:2]Nc1cccc2c1C(=O)N(C1CCC(=O)NC1=O)C2=O,[*:1]CCOCCOCCOCC[*:2]
CN(CC[C@@H](CSc1ccccc1)Nc1ccc(S(=O)(=O)NC(=O)c2ccc(N3CCN(CC4=C(c5ccc(Cl)cc5)CCC(C)(C)C4)CC3)cc2)cc1S(=O)(=O)C(F)(F)F)C(=O)CCCn1cc(COCCOCCNc2cccc3c2C(=O)N(C2CCC(=O)NC2=O)C3=O)nn1,[*:1]N(C)CC[C@@H](CSc1ccccc1)Nc1ccc(S(=O)(=O)NC(=O)c2ccc(N3CCN(CC4=C(c5ccc(Cl)cc5)CCC(C)(C)C4)CC3)cc2)cc1S(=O)(=O)C(F)(F)F,[*:2]Nc1cccc2c1C(=O)N(C1CCC(=O)NC1=O)C2=O,[*:1]C(=O)CCCn1cc(COCCOCC[*:2])nn1
CN(CC[C@@H](CSc1ccccc1)Nc1ccc(S(=O)(=O)NC(=O)c2ccc(N3CCN(CC4=C(c5ccc(Cl)cc5)CCC(C)(C)C4)CC3)cc2)cc1S(=O)(=O)C(F)(F)F)C(=O)CCCn1cc(COCCOCCOCCNc2cccc3c2C(=O)N(C2CCC(=O)NC2=O)C3=O)nn1,[*:1]N(C)CC[C@@H](CSc1ccccc1)Nc1ccc(S(=O)(=O)NC(=O)c2ccc(N3CCN(CC4=C(c5ccc(Cl)cc5)CCC(C)(C)C4)CC3)cc2)cc1S(=O)(=O)C(F)(F)F,[*:2]Nc1cccc2c1C(=O)N(C1CCC(=O)NC1=O)C2=O,[*:1]C(=O)CCCn1cc(COCCOCCOCC[*:2])nn1
CN(CC[C@@H](CSc1ccccc1)Nc1ccc(S(=O)(=O)NC(=O)c2ccc(N3CCN(CC4=C(c5ccc(Cl)cc5)CCC(C)(C)C4)CC3)cc2)cc1S(=O)(=O)C(F)(F)F)C(=O)CCCCCCn1cc(COCCOCCNc2cccc3c2C(=O)N(C2CCC(=O)NC2=O)C3=O)nn1,[*:1]N(C)CC[C@@H](CSc1ccccc1)Nc1ccc(S(=O)(=O)NC(=O)c2ccc(N3CCN(CC4=C(c5ccc(Cl)cc5)CCC(C)(C)C4)CC3)cc2)cc1S(=O)(=O)C(F)(F)F,[*:2]Nc1cccc2c1C(=O)N(C1CCC(=O)NC1=O)C2=O,[*:1]C(=O)CCCCCCn1cc(COCCOCC[*:2])nn1
CN(CC[C@@H](CSc1ccccc1)Nc1ccc(S(=O)(=O)NC(=O)c2ccc(N3CCN(CC4=C(c5ccc(Cl)cc5)CCC(C)(C)C4)CC3)cc2)cc1S(=O)(=O)C(F)(F)F)C(=O)CCCCCCn1cc(COCCOCCOCCNc2cccc3c2C(=O)N(C2CCC(=O)NC2=O)C3=O)nn1,[*:1]N(C)CC[C@@H](CSc1ccccc1)Nc1ccc(S(=O)(=O)NC(=O)c2ccc(N3CCN(CC4=C(c5ccc(Cl)cc5)CCC(C)(C)C4)CC3)cc2)cc1S(=O)(=O)C(F)(F)F,[*:2]Nc1cccc2c1C(=O)N(C1CCC(=O)NC1=O)C2=O,[*:1]C(=O)CCCCCCn1cc(COCCOCCOCC[*:2])nn1
CN(CCCCCCCn1cc(COCCOCCNc2cccc3c2C(=O)N(C2CCC(=O)NC2=O)C3=O)nn1)CC[C@@H](CSc1ccccc1)Nc1ccc(S(=O)(=O)NC(=O)c2ccc(N3CCN(CC4=C(c5ccc(Cl)cc5)CCC(C)(C)C4)CC3)cc2)cc1S(=O)(=O)C(F)(F)F,[*:1]CN(C)CC[C@@H](CSc1ccccc1)Nc1ccc(S(=O)(=O)NC(=O)c2ccc(N3CCN(CC4=C(c5ccc(Cl)cc5)CCC(C)(C)C4)CC3)cc2)cc1S(=O)(=O)C(F)(F)F,[*:2]Nc1cccc2c1C(=O)N(C1CCC(=O)NC1=O)C2=O,[*:1]CCCCCCn1cc(COCCOCC[*:2])nn1
CN(CCCCCCCn1cc(COCCOCCOCCNc2cccc3c2C(=O)N(C2CCC(=O)NC2=O)C3=O)nn1)CC[C@@H](CSc1ccccc1)Nc1ccc(S(=O)(=O)NC(=O)c2ccc(N3CCN(CC4=C(c5ccc(Cl)cc5)CCC(C)(C)C4)CC3)cc2)cc1S(=O)(=O)C(F)(F)F,[*:1]CN(C)CC[C@@H](CSc1ccccc1)Nc1ccc(S(=O)(=O)NC(=O)c2ccc(N3CCN(CC4=C(c5ccc(Cl)cc5)CCC(C)(C)C4)CC3)cc2)cc1S(=O)(=O)C(F)(F)F,[*:2]Nc1cccc2c1C(=O)N(C1CCC(=O)NC1=O)C2=O,[*:1]CCCCCCn1cc(COCCOCCOCC[*:2])nn1
CN(CCCNc1cccc2c1C(=O)N(C1CCC(=O)NC1=O)C2=O)CC[C@@H](CSc1ccccc1)Nc1ccc(S(=O)(=O)NC(=O)c2ccc(N3CCN(CC4=C(c5ccc(Cl)cc5)CCC(C)(C)C4)CC3)cc2)cc1S(=O)(=O)C(F)(F)F,[*:1]CN(C)CC[C@@H](CSc1ccccc1)Nc1ccc(S(=O)(=O)NC(=O)c2ccc(N3CCN(CC4=C(c5ccc(Cl)cc5)CCC(C)(C)C4)CC3)cc2)cc1S(=O)(=O)C(F)(F)F,[*:2]Nc1cccc2c1C(=O)N(C1CCC(=O)NC1=O)C2=O,[*:1]CC[*:2]
CN(CCCCNc1cccc2c1C(=O)N(C1CCC(=O)NC1=O)C2=O)CC[C@@H](CSc1ccccc1)Nc1ccc(S(=O)(=O)NC(=O)c2ccc(N3CCN(CC4=C(c5ccc(Cl)cc5)CCC(C)(C)C4)CC3)cc2)cc1S(=O)(=O)C(F)(F)F,[*:1]CN(C)CC[C@@H](CSc1ccccc1)Nc1ccc(S(=O)(=O)NC(=O)c2ccc(N3CCN(CC4=C(c5ccc(Cl)cc5)CCC(C)(C)C4)CC3)cc2)cc1S(=O)(=O)C(F)(F)F,[*:2]Nc1cccc2c1C(=O)N(C1CCC(=O)NC1=O)C2=O,[*:1]CCC[*:2]
CN(CCCCCNc1cccc2c1C(=O)N(C1CCC(=O)NC1=O)C2=O)CC[C@@H](CSc1ccccc1)Nc1ccc(S(=O)(=O)NC(=O)c2ccc(N3CCN(CC4=C(c5ccc(Cl)cc5)CCC(C)(C)C4)CC3)cc2)cc1S(=O)(=O)C(F)(F)F,[*:1]CN(C)CC[C@@H](CSc1ccccc1)Nc1ccc(S(=O)(=O)NC(=O)c2ccc(N3CCN(CC4=C(c5ccc(Cl)cc5)CCC(C)(C)C4)CC3)cc2)cc1S(=O)(=O)C(F)(F)F,[*:2]Nc1cccc2c1C(=O)N(C1CCC(=O)NC1=O)C2=O,[*:1]CCCC[*:2]
CN(CCCCCCNc1cccc2c1C(=O)N(C1CCC(=O)NC1=O)C2=O)CC[C@@H](CSc1ccccc1)Nc1ccc(S(=O)(=O)NC(=O)c2ccc(N3CCN(CC4=C(c5ccc(Cl)cc5)CCC(C)(C)C4)CC3)cc2)cc1S(=O)(=O)C(F)(F)F,[*:1]CN(C)CC[C@@H](CSc1ccccc1)Nc1ccc(S(=O)(=O)NC(=O)c2ccc(N3CCN(CC4=C(c5ccc(Cl)cc5)CCC(C)(C)C4)CC3)cc2)cc1S(=O)(=O)C(F)(F)F,[*:2]Nc1cccc2c1C(=O)N(C1CCC(=O)NC1=O)C2=O,[*:1]CCCCC[*:2]
CN(CCCCCCCCNc1cccc2c1C(=O)N(C1CCC(=O)NC1=O)C2=O)CC[C@@H](CSc1ccccc1)Nc1ccc(S(=O)(=O)NC(=O)c2ccc(N3CCN(CC4=C(c5ccc(Cl)cc5)CCC(C)(C)C4)CC3)cc2)cc1S(=O)(=O)C(F)(F)F,[*:1]CN(C)CC[C@@H](CSc1ccccc1)Nc1ccc(S(=O)(=O)NC(=O)c2ccc(N3CCN(CC4=C(c5ccc(Cl)cc5)CCC(C)(C)C4)CC3)cc2)cc1S(=O)(=O)C(F)(F)F,[*:2]Nc1cccc2c1C(=O)N(C1CCC(=O)NC1=O)C2=O,[*:1]CCCCCCC[*:2]
CN(CCOCCOCCNc1cccc2c1C(=O)N(C1CCC(=O)NC1=O)C2=O)CC[C@@H](CSc1ccccc1)Nc1ccc(S(=O)(=O)NC(=O)c2ccc(N3CCN(CC4=C(c5ccc(Cl)cc5)CCC(C)(C)C4)CC3)cc2)cc1S(=O)(=O)C(F)(F)F,[*:1]CN(C)CC[C@@H](CSc1ccccc1)Nc1ccc(S(=O)(=O)NC(=O)c2ccc(N3CCN(CC4=C(c5ccc(Cl)cc5)CCC(C)(C)C4)CC3)cc2)cc1S(=O)(=O)C(F)(F)F,[*:2]Nc1cccc2c1C(=O)N(C1CCC(=O)NC1=O)C2=O,[*:1]COCCOCC[*:2]
CN(CCOCCOCCOCCNc1cccc2c1C(=O)N(C1CCC(=O)NC1=O)C2=O)CC[C@@H](CSc1ccccc1)Nc1ccc(S(=O)(=O)NC(=O)c2ccc(N3CCN(CC4=C(c5ccc(Cl)cc5)CCC(C)(C)C4)CC3)cc2)cc1S(=O)(=O)C(F)(F)F,[*:1]CN(C)CC[C@@H](CSc1ccccc1)Nc1ccc(S(=O)(=O)NC(=O)c2ccc(N3CCN(CC4=C(c5ccc(Cl)cc5)CCC(C)(C)C4)CC3)cc2)cc1S(=O)(=O)C(F)(F)F,[*:2]Nc1cccc2c1C(=O)N(C1CCC(=O)NC1=O)C2=O,[*:1]COCCOCCOCC[*:2]
CN(CCOCCOCCOCCOCCNc1cccc2c1C(=O)N(C1CCC(=O)NC1=O)C2=O)CC[C@@H](CSc1ccccc1)Nc1ccc(S(=O)(=O)NC(=O)c2ccc(N3CCN(CC4=C(c5ccc(Cl)cc5)CCC(C)(C)C4)CC3)cc2)cc1S(=O)(=O)C(F)(F)F,[*:1]CN(C)CC[C@@H](CSc1ccccc1)Nc1ccc(S(=O)(=O)NC(=O)c2ccc(N3CCN(CC4=C(c5ccc(Cl)cc5)CCC(C)(C)C4)CC3)cc2)cc1S(=O)(=O)C(F)(F)F,[*:2]Nc1cccc2c1C(=O)N(C1CCC(=O)NC1=O)C2=O,[*:1]COCCOCCOCCOCC[*:2]
C=CC(=O)Nc1cccc(-n2c(=O)cc(C)c3cnc(Nc4ccc(N5CCN(CCCCCCCCCCCCNC(=O)c6ccc(NC(=O)[C@@H]7N[C@@H](CC(C)(C)C)[C@](C#N)(c8ccc(Cl)cc8F)[C@H]7c7cccc(Cl)c7F)c(OC)c6)CC5)cc4OC)nc32)c1,[*:1]CN1CCN(c2ccc(Nc3ncc4c(C)cc(=O)n(-c5cccc(NC(=O)C=C)c5)c4n3)c(OC)c2)CC1,[*:2]NC(=O)c1ccc(NC(=O)[C@@H]2N[C@@H](CC(C)(C)C)[C@](C#N)(c3ccc(Cl)cc3F)[C@H]2c2cccc(Cl)c2F)c(OC)c1,[*:1]CCCCCCCCCCC[*:2]
C=CC(=O)Nc1cccc(-n2c(=O)cc(C)c3cnc(Nc4ccc(N5CCN(CCCCCCCCCCCC(=O)N[C@H](C(=O)N6C[C@H](O)C[C@H]6C(=O)NCc6ccc(-c7scnc7C)cc6)C(C)(C)C)CC5)cc4OC)nc32)c1,[*:1]CN1CCN(c2ccc(Nc3ncc4c(C)cc(=O)n(-c5cccc(NC(=O)C=C)c5)c4n3)c(OC)c2)CC1,[*:2]CC(=O)N[C@H](C(=O)N1C[C@H](O)C[C@H]1C(=O)NCc1ccc(-c2scnc2C)cc1)C(C)(C)C,[*:1]CCCCCCCCC[*:2]
C=CC(=O)Nc1cccc(-n2c(=O)cc(C)c3cnc(Nc4ccc(N5CCN(CCCCCCCCCC(=O)N[C@H](C(=O)N6C[C@H](O)C[C@H]6C(=O)NCc6ccc(-c7scnc7C)cc6)C(C)(C)C)CC5)cc4OC)nc32)c1,[*:1]CN1CCN(c2ccc(Nc3ncc4c(C)cc(=O)n(-c5cccc(NC(=O)C=C)c5)c4n3)c(OC)c2)CC1,[*:2]CC(=O)N[C@H](C(=O)N1C[C@H](O)C[C@H]1C(=O)NCc1ccc(-c2scnc2C)cc1)C(C)(C)C,[*:1]CCCCCCC[*:2]
C=CC(=O)Nc1cccc(-n2c(=O)cc(C)c3cnc(Nc4ccc(N5CCN(CCCCCCCC(=O)N[C@H](C(=O)N6C[C@H](O)C[C@H]6C(=O)NCc6ccc(-c7scnc7C)cc6)C(C)(C)C)CC5)cc4OC)nc32)c1,[*:1]CN1CCN(c2ccc(Nc3ncc4c(C)cc(=O)n(-c5cccc(NC(=O)C=C)c5)c4n3)c(OC)c2)CC1,[*:2]CC(=O)N[C@H](C(=O)N1C[C@H](O)C[C@H]1C(=O)NCc1ccc(-c2scnc2C)cc1)C(C)(C)C,[*:1]CCCCC[*:2]
C=CC(=O)Nc1cccc(-n2c(=O)cc(C)c3cnc(Nc4ccc(N5CCN(CCCCCC(=O)N[C@H](C(=O)N6C[C@H](O)C[C@H]6C(=O)NCc6ccc(-c7scnc7C)cc6)C(C)(C)C)CC5)cc4OC)nc32)c1,[*:1]CN1CCN(c2ccc(Nc3ncc4c(C)cc(=O)n(-c5cccc(NC(=O)C=C)c5)c4n3)c(OC)c2)CC1,[*:2]CC(=O)N[C@H](C(=O)N1C[C@H](O)C[C@H]1C(=O)NCc1ccc(-c2scnc2C)cc1)C(C)(C)C,[*:1]CCC[*:2]
C=CC(=O)Nc1cccc(-n2c(=O)cc(C)c3cnc(Nc4ccc(N5CCN(CCCC(=O)N[C@H](C(=O)N6C[C@H](O)C[C@H]6C(=O)NCc6ccc(-c7scnc7C)cc6)C(C)(C)C)CC5)cc4OC)nc32)c1,[*:1]CN1CCN(c2ccc(Nc3ncc4c(C)cc(=O)n(-c5cccc(NC(=O)C=C)c5)c4n3)c(OC)c2)CC1,[*:2]CC(=O)N[C@H](C(=O)N1C[C@H](O)C[C@H]1C(=O)NCc1ccc(-c2scnc2C)cc1)C(C)(C)C,[*:1]C[*:2]
COc1cc2c(OC[C@@H]3CCC(=O)N3)ncc(C#CCOCCOCCOCCC(=O)N[C@H](C(=O)N3C[C@H](O)C[C@H]3C(=O)NCc3ccc(-c4scnc4C)cc3)C(C)(C)C)c2cc1C(N)=O,[*:1]c1cnc(OC[C@@H]2CCC(=O)N2)c2cc(OC)c(C(N)=O)cc12,[*:2]CC(=O)N[C@H](C(=O)N1C[C@H](O)C[C@H]1C(=O)NCc1ccc(-c2scnc2C)cc1)C(C)(C)C,[*:1]C#CCOCCOCCOC[*:2]
COc1cc2c(OC[C@@H]3CCC(=O)N3)ncc(C#CCCCCCCCCCCC(=O)N[C@H](C(=O)N3C[C@H](O)C[C@H]3C(=O)NCc3ccc(-c4scnc4C)cc3)C(C)(C)C)c2cc1C(N)=O,[*:1]c1cnc(OC[C@@H]2CCC(=O)N2)c2cc(OC)c(C(N)=O)cc12,[*:2]CC(=O)N[C@H](C(=O)N1C[C@H](O)C[C@H]1C(=O)NCc1ccc(-c2scnc2C)cc1)C(C)(C)C,[*:1]C#CCCCCCCCCC[*:2]
COc1cc2c(OC[C@@H]3CCC(=O)N3)ncc(C#CCOCCOCCOCCOc3cccc4c3C(=O)N(C3CCC(=O)NC3=O)C4=O)c2cc1C(N)=O,[*:1]c1cnc(OC[C@@H]2CCC(=O)N2)c2cc(OC)c(C(N)=O)cc12,[*:2]c1cccc2c1C(=O)N(C1CCC(=O)NC1=O)C2=O,[*:1]C#CCOCCOCCOCCO[*:2]
COc1cc2c(OC[C@@H]3CCC(=O)N3)ncc(C#CCCCCCCCCCCOc3cccc4c3C(=O)N(C3CCC(=O)NC3=O)C4=O)c2cc1C(N)=O,[*:1]c1cnc(OC[C@@H]2CCC(=O)N2)c2cc(OC)c(C(N)=O)cc12,[*:2]c1cccc2c1C(=O)N(C1CCC(=O)NC1=O)C2=O,[*:1]C#CCCCCCCCCCCO[*:2]
CN[C@@H](C)C(=O)N[C@H](C(=O)N1C[C@@H](NC(=O)CCOCCOCCOCC#Cc2cnc(OC[C@@H]3CCC(=O)N3)c3cc(OC)c(C(N)=O)cc23)C[C@H]1C(=O)N[C@@H]1CCCc2ccccc21)C1CCCCC1,[*:1]c1cnc(OC[C@@H]2CCC(=O)N2)c2cc(OC)c(C(N)=O)cc12,[*:2]N[C@H]1C[C@@H](C(=O)N[C@@H]2CCCc3ccccc32)N(C(=O)[C@@H](NC(=O)[C@H](C)NC)C2CCCCC2)C1,[*:1]C#CCOCCOCCOCCC([*:2])=O
CN[C@@H](C)C(=O)N[C@H](C(=O)N1C[C@@H](NC(=O)CCCCCCCCCCC#Cc2cnc(OC[C@@H]3CCC(=O)N3)c3cc(OC)c(C(N)=O)cc23)C[C@H]1C(=O)N[C@@H]1CCCc2ccccc21)C1CCCCC1,[*:1]c1cnc(OC[C@@H]2CCC(=O)N2)c2cc(OC)c(C(N)=O)cc12,[*:2]N[C@H]1C[C@@H](C(=O)N[C@@H]2CCCc3ccccc32)N(C(=O)[C@@H](NC(=O)[C@H](C)NC)C2CCCCC2)C1,[*:1]C#CCCCCCCCCCCC([*:2])=O
COc1cc2c(OC[C@@H]3CCC(=O)N3)ncc(C#CCCC(=O)N[C@H](C(=O)N3C[C@H](O)C[C@H]3C(=O)NCc3ccc(-c4scnc4C)cc3)C(C)(C)C)c2cc1C(N)=O,[*:1]c1cnc(OC[C@@H]2CCC(=O)N2)c2cc(OC)c(C(N)=O)cc12,[*:2]CC(=O)N[C@H](C(=O)N1C[C@H](O)C[C@H]1C(=O)NCc1ccc(-c2scnc2C)cc1)C(C)(C)C,[*:1]C#CC[*:2]
COc1cc2c(OC[C@@H]3CCC(=O)N3)ncc(C#CCCCC(=O)N[C@H](C(=O)N3C[C@H](O)C[C@H]3C(=O)NCc3ccc(-c4scnc4C)cc3)C(C)(C)C)c2cc1C(N)=O,[*:1]c1cnc(OC[C@@H]2CCC(=O)N2)c2cc(OC)c(C(N)=O)cc12,[*:2]CC(=O)N[C@H](C(=O)N1C[C@H](O)C[C@H]1C(=O)NCc1ccc(-c2scnc2C)cc1)C(C)(C)C,[*:1]C#CCC[*:2]
CC[C@@H]1[C@H](F)C(=O)N[C@@H]1COc1ncc(C#CCCCCCCCCCCC(=O)N[C@H](C(=O)N2C[C@H](O)C[C@H]2C(=O)NCc2ccc(-c3scnc3C)cc2)C(C)(C)C)c2cc(C(N)=O)c(OC)cc12,[*:1]c1cnc(OC[C@H]2NC(=O)[C@@H](F)[C@H]2CC)c2cc(OC)c(C(N)=O)cc12,[*:2]CC(=O)N[C@H](C(=O)N1C[C@H](O)C[C@H]1C(=O)NCc1ccc(-c2scnc2C)cc1)C(C)(C)C,[*:1]C#CCCCCCCCCC[*:2]
CC[C@@H]1[C@H](F)C(=O)N[C@@H]1COc1ncc(C#CCN2CCC3(CC2)CCN(c2ncc(C(=O)N[C@H](C(=O)N4C[C@H](O)C[C@H]4C(=O)NCc4ccc(-c5scnc5C)cc4)C(C)(C)C)cn2)CC3)c2cc(C(N)=O)c(OC)cc12,[*:1]c1cnc(OC[C@H]2NC(=O)[C@@H](F)[C@H]2CC)c2cc(OC)c(C(N)=O)cc12,[*:2]N[C@H](C(=O)N1C[C@H](O)C[C@H]1C(=O)NCc1ccc(-c2scnc2C)cc1)C(C)(C)C,[*:1]C#CCN1CCC2(CC1)CCN(c1ncc(C([*:2])=O)cn1)CC2
COc1cc(/C=C2\SC(=O)N(Cc3cn(CCCNC(=O)[C@@H](N)CCCNC(=N)N)nn3)C2=O)ccc1Oc1ccc(C#N)cc1C(F)(F)F,[*:1]CN1C(=O)S/C(=C\c2ccc(Oc3ccc(C#N)cc3C(F)(F)F)c(OC)c2)C1=O,[*:2]NC(=O)[C@@H](N)CCCNC(=N)N,[*:1]c1cn(CCC[*:2])nn1
COc1cc(/C=C2\SC(=O)N(Cc3cn(CCCNC(=O)[C@@H](N)Cc4c[nH]cn4)nn3)C2=O)ccc1Oc1ccc(C#N)cc1C(F)(F)F,[*:1]CN1C(=O)S/C(=C\c2ccc(Oc3ccc(C#N)cc3C(F)(F)F)c(OC)c2)C1=O,[*:2]NC(=O)[C@@H](N)Cc1c[nH]cn1,[*:1]c1cn(CCC[*:2])nn1
CC[C@H](C)[C@H](N)c1cn([C@@H](Cc2ccc(O)cc2)C(=O)N2CCN(c3nc(NCCOCCOCCOCc4cn(CCOCCOCCOCCOCCOCCNC(=O)CN5CCN(C(=O)N6C(c7ccc(OC)cc7OC(C)C)=N[C@@H](c7ccc(Cl)cc7)[C@H]6c6ccc(Cl)cc6)CC5=O)nn4)nc(N4CCN(C(=O)[C@H](Cc5ccc(O)cc5)n5cc([C@@H](N)[C@@H](C)CC)nn5)CC4)n3)CC2)nn1,[*:1]Nc1nc(N2CCN(C(=O)[C@H](Cc3ccc(O)cc3)n3cc([C@@H](N)[C@@H](C)CC)nn3)CC2)nc(N2CCN(C(=O)[C@H](Cc3ccc(O)cc3)n3cc([C@@H](N)[C@@H](C)CC)nn3)CC2)n1,[*:2]N1CCN(C(=O)N2C(c3ccc(OC)cc3OC(C)C)=N[C@@H](c3ccc(Cl)cc3)[C@H]2c2ccc(Cl)cc2)CC1=O,[*:1]CCOCCOCCOCc1cn(CCOCCOCCOCCOCCOCCNC(=O)C[*:2])nn1
CC[C@H](C)[C@H](N)c1cn([C@@H](Cc2ccc(O)cc2)C(=O)N2CCN(c3nc(NCCOCCOCCOCc4cn(CCCCCC(=O)Nc5cccc6c5C(=O)N(C5CCC(=O)NC5=O)C6=O)nn4)nc(N4CCN(C(=O)[C@H](Cc5ccc(O)cc5)n5cc([C@@H](N)[C@@H](C)CC)nn5)CC4)n3)CC2)nn1,[*:1]Nc1nc(N2CCN(C(=O)[C@H](Cc3ccc(O)cc3)n3cc([C@@H](N)[C@@H](C)CC)nn3)CC2)nc(N2CCN(C(=O)[C@H](Cc3ccc(O)cc3)n3cc([C@@H](N)[C@@H](C)CC)nn3)CC2)n1,[*:2]Nc1cccc2c1C(=O)N(C1CCC(=O)NC1=O)C2=O,[*:1]CCOCCOCCOCc1cn(CCCCCC([*:2])=O)nn1
CCn1nc(C2CC2)cc1Nc1nc(C(=O)NCCCCNC(=O)COc2cccc3c2C(=O)N(C2CCC(=O)NC2=O)C3=O)nc2[nH]c3cc(-c4c(C)noc4C)c(OC)cc3c12,[*:1]CNC(=O)c1nc(Nc2cc(C3CC3)nn2CC)c2c(n1)[nH]c1cc(-c3c(C)noc3C)c(OC)cc12,[*:2]c1cccc2c1C(=O)N(C1CCC(=O)NC1=O)C2=O,[*:1]CCCNC(=O)CO[*:2]
CCn1nc(C2CC2)cc1Nc1nc(C(=O)NCCCCCCc2cccc3c2CN(C2CCC(=O)NC2=O)C3=O)nc2[nH]c3cc(-c4c(C)noc4C)c(OC)cc3c12,[*:1]CNC(=O)c1nc(Nc2cc(C3CC3)nn2CC)c2c(n1)[nH]c1cc(-c3c(C)noc3C)c(OC)cc12,[*:2]Cc1cccc2c1CN(C1CCC(=O)NC1=O)C2=O,[*:1]CCCC[*:2]
CCn1nc(C2CC2)cc1Nc1nc(C(=O)NCCCCCc2cccc3c2CN(C2CCC(=O)NC2=O)C3=O)nc2[nH]c3cc(-c4c(C)noc4C)c(OC)cc3c12,[*:1]CNC(=O)c1nc(Nc2cc(C3CC3)nn2CC)c2c(n1)[nH]c1cc(-c3c(C)noc3C)c(OC)cc12,[*:2]Cc1cccc2c1CN(C1CCC(=O)NC1=O)C2=O,[*:1]CCC[*:2]
CCn1nc(C2CC2)cc1Nc1nc(C(=O)NCCCCc2cccc3c2CN(C2CCC(=O)NC2=O)C3=O)nc2[nH]c3cc(-c4c(C)noc4C)c(OC)cc3c12,[*:1]CNC(=O)c1nc(Nc2cc(C3CC3)nn2CC)c2c(n1)[nH]c1cc(-c3c(C)noc3C)c(OC)cc12,[*:2]Cc1cccc2c1CN(C1CCC(=O)NC1=O)C2=O,[*:1]CC[*:2]
CCn1nc(C2CC2)cc1Nc1nc(C(=O)NCCCc2cccc3c2CN(C2CCC(=O)NC2=O)C3=O)nc2[nH]c3cc(-c4c(C)noc4C)c(OC)cc3c12,[*:1]CNC(=O)c1nc(Nc2cc(C3CC3)nn2CC)c2c(n1)[nH]c1cc(-c3c(C)noc3C)c(OC)cc12,[*:2]Cc1cccc2c1CN(C1CCC(=O)NC1=O)C2=O,[*:1]C[*:2]
CC[C@@H]1C(=O)N(C)c2cnc(Nc3ccc(C(=O)NCCOCCOCCNc4cccc5c4C(=O)N(C4CCC(=O)NC4=O)C5=O)cc3OC)nc2N1C1CCCC1,[*:1]c1ccc(Nc2ncc3c(n2)N(C2CCCC2)[C@H](CC)C(=O)N3C)c(OC)c1,[*:2]Nc1cccc2c1C(=O)N(C1CCC(=O)NC1=O)C2=O,[*:1]C(=O)NCCOCCOCC[*:2]
CN[C@@H](C)C(=O)N[C@H](C(=O)N1C[C@@H](NC(=O)CCCCCCCCCn2cc(Nc3ncc(Cl)c(NCc4cc(F)ccc4F)n3)cn2)C[C@H]1C(=O)N[C@@H]1CCCc2ccccc21)C1CCCCC1,[*:1]Cn1cc(Nc2ncc(Cl)c(NCc3cc(F)ccc3F)n2)cn1,[*:2]N[C@H]1C[C@@H](C(=O)N[C@@H]2CCCc3ccccc32)N(C(=O)[C@@H](NC(=O)[C@H](C)NC)C2CCCCC2)C1,[*:1]CCCCCCCCC([*:2])=O
Cc1ncsc1-c1ccc(CNC(=O)[C@H]2C[C@H](O)CN2C(=O)[C@H](NC(=O)CCCCCCCCCn2cc(Nc3ncc(Cl)c(NCc4cc(F)ccc4F)n3)cn2)C(C)(C)C)cc1,[*:1]Cn1cc(Nc2ncc(Cl)c(NCc3cc(F)ccc3F)n2)cn1,[*:2]CC(=O)N[C@@H](C(=O)N1C[C@@H](O)C[C@@H]1C(=O)NCc1ccc(-c2scnc2C)cc1)C(C)(C)C,[*:1]CCCCCCC[*:2]
O=C1CCC(N2Cc3c(NC(=O)CCCCCCCCCn4cc(Nc5ncc(Cl)c(NCc6cc(F)ccc6F)n5)cn4)cccc3C2=O)C(=O)N1,[*:1]Cn1cc(Nc2ncc(Cl)c(NCc3cc(F)ccc3F)n2)cn1,[*:2]Nc1cccc2c1CN(C1CCC(=O)NC1=O)C2=O,[*:1]CCCCCCCCC([*:2])=O
CN[C@@H](C)C(=O)N[C@H](C(=O)N1C[C@@H](NC(=O)COCCOCCOCCOCCn2cc(Nc3ncc(Cl)c(NCc4cc(F)ccc4F)n3)cn2)C[C@H]1C(=O)N[C@@H]1CCCc2ccccc21)C1CCCCC1,[*:1]OCCn1cc(Nc2ncc(Cl)c(NCc3cc(F)ccc3F)n2)cn1,[*:2]N[C@H]1C[C@@H](C(=O)N[C@@H]2CCCc3ccccc32)N(C(=O)[C@@H](NC(=O)[C@H](C)NC)C2CCCCC2)C1,[*:1]CCOCCOCCOCC([*:2])=O
Cc1ncsc1-c1ccc(CNC(=O)[C@@H]2C[C@@H](O)CN2C(=O)[C@@H](NC(=O)COCCOCCOCCOCCn2cc(Nc3ncc(Cl)c(NCc4cc(F)ccc4F)n3)cn2)C(C)(C)C)cc1,[*:1]OCCn1cc(Nc2ncc(Cl)c(NCc3cc(F)ccc3F)n2)cn1,[*:2]CC(=O)N[C@H](C(=O)N1C[C@H](O)C[C@H]1C(=O)NCc1ccc(-c2scnc2C)cc1)C(C)(C)C,[*:1]CCOCCOCCO[*:2]
O=C1CCC(N2Cc3c(NC(=O)COCCOCCOCCOCCn4cc(Nc5ncc(Cl)c(NCc6cc(F)ccc6F)n5)cn4)cccc3C2=O)C(=O)N1,[*:1]OCCn1cc(Nc2ncc(Cl)c(NCc3cc(F)ccc3F)n2)cn1,[*:2]Nc1cccc2c1CN(C1CCC(=O)NC1=O)C2=O,[*:1]CCOCCOCCOCC([*:2])=O
CN[C@@H](C)C(=O)N[C@H](C(=O)N1C[C@@H](NC(=O)CCCCCCCCCOc2cc(F)cc(CNc3nc(Nc4cnn(C)c4)ncc3Cl)c2F)C[C@H]1C(=O)N[C@@H]1CCCc2ccccc21)C1CCCCC1,[*:1]c1cc(F)cc(CNc2nc(Nc3cnn(C)c3)ncc2Cl)c1F,[*:2]N[C@H]1C[C@@H](C(=O)N[C@@H]2CCCc3ccccc32)N(C(=O)[C@@H](NC(=O)[C@H](C)NC)C2CCCCC2)C1,[*:1]OCCCCCCCCCC([*:2])=O
Cc1ncsc1-c1ccc(CNC(=O)[C@H]2C[C@H](O)CN2C(=O)[C@H](NC(=O)CCCCCCCCCOc2cc(F)cc(CNc3nc(Nc4cnn(C)c4)ncc3Cl)c2F)C(C)(C)C)cc1,[*:1]c1cc(F)cc(CNc2nc(Nc3cnn(C)c3)ncc2Cl)c1F,[*:2]CC(=O)N[C@@H](C(=O)N1C[C@@H](O)C[C@@H]1C(=O)NCc1ccc(-c2scnc2C)cc1)C(C)(C)C,[*:1]OCCCCCCCC[*:2]
Cn1cc(Nc2ncc(Cl)c(NCc3cc(F)cc(OCCCCCCCCCC(=O)Nc4cccc5c4CN(C4CCC(=O)NC4=O)C5=O)c3F)n2)cn1,[*:1]c1cc(F)cc(CNc2nc(Nc3cnn(C)c3)ncc2Cl)c1F,[*:2]Nc1cccc2c1CN(C1CCC(=O)NC1=O)C2=O,[*:1]OCCCCCCCCCC([*:2])=O
CN[C@@H](C)C(=O)N[C@H](C(=O)N1C[C@@H](NC(=O)COCCOCCOCCOCCOc2cc(F)cc(CNc3nc(Nc4cnn(C)c4)ncc3Cl)c2F)C[C@H]1C(=O)N[C@@H]1CCCc2ccccc21)C1CCCCC1,[*:1]c1cc(F)cc(CNc2nc(Nc3cnn(C)c3)ncc2Cl)c1F,[*:2]N[C@H]1C[C@@H](C(=O)N[C@@H]2CCCc3ccccc32)N(C(=O)[C@@H](NC(=O)[C@H](C)NC)C2CCCCC2)C1,[*:1]OCCOCCOCCOCCOCC([*:2])=O
Cc1ncsc1-c1ccc(CNC(=O)[C@@H]2C[C@@H](O)CN2C(=O)[C@@H](NC(=O)COCCOCCOCCOCCOc2cc(F)cc(CNc3nc(Nc4cnn(C)c4)ncc3Cl)c2F)C(C)(C)C)cc1,[*:1]c1cc(F)cc(CNc2nc(Nc3cnn(C)c3)ncc2Cl)c1F,[*:2]CC(=O)N[C@H](C(=O)N1C[C@H](O)C[C@H]1C(=O)NCc1ccc(-c2scnc2C)cc1)C(C)(C)C,[*:1]OCCOCCOCCOCCO[*:2]
Cn1cc(Nc2ncc(Cl)c(NCc3cc(F)cc(OCCOCCOCCOCCOCC(=O)Nc4cccc5c4CN(C4CCC(=O)NC4=O)C5=O)c3F)n2)cn1,[*:1]c1cc(F)cc(CNc2nc(Nc3cnn(C)c3)ncc2Cl)c1F,[*:2]Nc1cccc2c1CN(C1CCC(=O)NC1=O)C2=O,[*:1]OCCOCCOCCOCCOCC([*:2])=O
CN[C@@H](C)C(=O)N[C@H](C(=O)N1C[C@@H](NC(=O)COCCOCCOCCOCCOCCOCCOc2cc(F)cc(CNc3nc(Nc4cnn(C)c4)ncc3Cl)c2F)C[C@H]1C(=O)N[C@@H]1CCCc2ccccc21)C1CCCCC1,[*:1]c1cc(F)cc(CNc2nc(Nc3cnn(C)c3)ncc2Cl)c1F,[*:2]N[C@H]1C[C@@H](C(=O)N[C@@H]2CCCc3ccccc32)N(C(=O)[C@@H](NC(=O)[C@H](C)NC)C2CCCCC2)C1,[*:1]OCCOCCOCCOCCOCCOCCOCC([*:2])=O
Cc1ncsc1-c1ccc(CNC(=O)[C@@H]2C[C@@H](O)CN2C(=O)[C@@H](NC(=O)COCCOCCOCCOCCOCCOCCOc2cc(F)cc(CNc3nc(Nc4cnn(C)c4)ncc3Cl)c2F)C(C)(C)C)cc1,[*:1]c1cc(F)cc(CNc2nc(Nc3cnn(C)c3)ncc2Cl)c1F,[*:2]CC(=O)N[C@H](C(=O)N1C[C@H](O)C[C@H]1C(=O)NCc1ccc(-c2scnc2C)cc1)C(C)(C)C,[*:1]OCCOCCOCCOCCOCCOCCO[*:2]
Cn1cc(Nc2ncc(Cl)c(NCc3cc(F)cc(OCCOCCOCCOCCOCCOCCOCC(=O)Nc4cccc5c4CN(C4CCC(=O)NC4=O)C5=O)c3F)n2)cn1,[*:1]c1cc(F)cc(CNc2nc(Nc3cnn(C)c3)ncc2Cl)c1F,[*:2]Nc1cccc2c1CN(C1CCC(=O)NC1=O)C2=O,[*:1]OCCOCCOCCOCCOCCOCCOCC([*:2])=O
CC(C)S(=O)(=O)c1ccccc1Nc1nc(Nc2ccc(N3CCN(CCOCCOCCNC(=O)CNc4cccc5c4C(=O)N(C4CCC(=O)NC4=O)C5=O)CC3)cc2)ncc1Cl,[*:1]CN1CCN(c2ccc(Nc3ncc(Cl)c(Nc4ccccc4S(=O)(=O)C(C)C)n3)cc2)CC1,[*:2]Nc1cccc2c1C(=O)N(C1CCC(=O)NC1=O)C2=O,[*:1]COCCOCCNC(=O)C[*:2]
CC(C)(C)c1cc(NC(=O)Nc2ccc(-c3cn4c(n3)sc3cc(OCCN5CCN(C(=O)CCC(=O)NCCCOCCOCCOCCCNC(=O)COc6cccc7c6C(=O)N(C6CCC(=O)NC6=O)C7=O)CC5)ccc34)cc2)no1,[*:1]CCOc1ccc2c(c1)sc1nc(-c3ccc(NC(=O)Nc4cc(C(C)(C)C)on4)cc3)cn12,[*:2]c1cccc2c1C(=O)N(C1CCC(=O)NC1=O)C2=O,[*:1]N1CCN(C(=O)CCC(=O)NCCCOCCOCCOCCCNC(=O)CO[*:2])CC1
CC(C)(C)c1cc(NC(=O)Nc2ccc(-c3cn4c(n3)sc3cc(OCCN5CCN(CC(=O)NCCCCCCCCNC(=O)COc6cccc7c6C(=O)N(C6CCC(=O)NC6=O)C7=O)CC5)ccc34)cc2)no1,[*:1]CCOc1ccc2c(c1)sc1nc(-c3ccc(NC(=O)Nc4cc(C(C)(C)C)on4)cc3)cn12,[*:2]c1cccc2c1C(=O)N(C1CCC(=O)NC1=O)C2=O,[*:1]N1CCN(CC(=O)NCCCCCCCCNC(=O)CO[*:2])CC1
CC(C)(C)c1cc(NC(=O)Nc2ccc(-c3cn4c(n3)sc3cc(OCCOCCOCCNC(=O)CNc5cccc6c5C(=O)N(C5CCC(=O)NC5=O)C6=O)ccc34)cc2)no1,[*:1]CCOc1ccc2c(c1)sc1nc(-c3ccc(NC(=O)Nc4cc(C(C)(C)C)on4)cc3)cn12,[*:2]Nc1cccc2c1C(=O)N(C1CCC(=O)NC1=O)C2=O,[*:1]OCCOCCNC(=O)C[*:2]
CC(C)(C)c1cc(NC(=O)Nc2ccc(-c3cn4c(n3)sc3cc(OCCN5CCN(C(=O)CCC(=O)NCCCCCCCCNC(=O)COc6cccc7c6C(=O)N(C6CCC(=O)NC6=O)C7=O)CC5)ccc34)cc2)no1,[*:1]CCOc1ccc2c(c1)sc1nc(-c3ccc(NC(=O)Nc4cc(C(C)(C)C)on4)cc3)cn12,[*:2]c1cccc2c1C(=O)N(C1CCC(=O)NC1=O)C2=O,[*:1]N1CCN(C(=O)CCC(=O)NCCCCCCCCNC(=O)CO[*:2])CC1
CC(C)(C)c1cc(NC(=O)Nc2ccc(-c3cn4c(n3)sc3cc(OCCN5CCN(CC(=O)NCCCCNC(=O)COc6cccc7c6C(=O)N(C6CCC(=O)NC6=O)C7=O)CC5)ccc34)cc2)no1,[*:1]CCOc1ccc2c(c1)sc1nc(-c3ccc(NC(=O)Nc4cc(C(C)(C)C)on4)cc3)cn12,[*:2]c1cccc2c1C(=O)N(C1CCC(=O)NC1=O)C2=O,[*:1]N1CCN(CC(=O)NCCCCNC(=O)CO[*:2])CC1
CC(C)(C)c1cc(NC(=O)Nc2ccc(-c3cn4c(n3)sc3cc(OCCN5CCN(CC(=O)NCCCOCCOCCOCCCNC(=O)COc6cccc7c6C(=O)N(C6CCC(=O)NC6=O)C7=O)CC5)ccc34)cc2)no1,[*:1]CCOc1ccc2c(c1)sc1nc(-c3ccc(NC(=O)Nc4cc(C(C)(C)C)on4)cc3)cn12,[*:2]c1cccc2c1C(=O)N(C1CCC(=O)NC1=O)C2=O,[*:1]N1CCN(CC(=O)NCCCOCCOCCOCCCNC(=O)CO[*:2])CC1
CC(C)(C)c1cc(NC(=O)Nc2ccc(-c3cn4c(n3)sc3cc(OCCN5CCN(CCOCCOCCNC(=O)CNc6cccc7c6C(=O)N(C6CCC(=O)NC6=O)C7=O)CC5)ccc34)cc2)no1,[*:1]CCOc1ccc2c(c1)sc1nc(-c3ccc(NC(=O)Nc4cc(C(C)(C)C)on4)cc3)cn12,[*:2]Nc1cccc2c1C(=O)N(C1CCC(=O)NC1=O)C2=O,[*:1]N1CCN(CCOCCOCCNC(=O)C[*:2])CC1
CC(C)(C)c1cc(NC(=O)Nc2ccc(-c3cn4c(n3)sc3cc(OCCOCCOCCOCCNC(=O)CNc5cccc6c5C(=O)N(C5CCC(=O)NC5=O)C6=O)ccc34)cc2)no1,[*:1]CCOc1ccc2c(c1)sc1nc(-c3ccc(NC(=O)Nc4cc(C(C)(C)C)on4)cc3)cn12,[*:2]Nc1cccc2c1C(=O)N(C1CCC(=O)NC1=O)C2=O,[*:1]OCCOCCOCCNC(=O)C[*:2]
COc1cc(Nc2c(C#N)cnc3cc(OCCCN4CCN(CCOCCOCCNc5cccc6c5C(=O)N(C5CCC(=O)NC5=O)C6=O)CC4)c(OC)cc23)c(Cl)cc1Cl,[*:1]CN1CCN(CCCOc2cc3ncc(C#N)c(Nc4cc(OC)c(Cl)cc4Cl)c3cc2OC)CC1,[*:2]Nc1cccc2c1C(=O)N(C1CCC(=O)NC1=O)C2=O,[*:1]COCCOCC[*:2]
Cc1ncsc1-c1ccc(CNC(=O)[C@@H]2C[C@@H](O)CN2C(=O)[C@@H](NC(=O)COCCCCOc2ccc(Nc3ncc(Br)c(NCCCN(C)C(=O)C4CCC4)n3)cc2)C(C)(C)C)cc1,[*:1]c1ccc(Nc2ncc(Br)c(NCCCN(C)C(=O)C3CCC3)n2)cc1,[*:2]CC(=O)N[C@H](C(=O)N1C[C@H](O)C[C@H]1C(=O)NCc1ccc(-c2scnc2C)cc1)C(C)(C)C,[*:1]OCCCCO[*:2]
Cc1ncsc1-c1ccc(CNC(=O)[C@@H]2C[C@@H](O)CN2C(=O)[C@@H](NC(=O)COCCOCCOc2ccc(Nc3ncc(Br)c(NCCCN(C)C(=O)C4CCC4)n3)cc2)C(C)(C)C)cc1,[*:1]c1ccc(Nc2ncc(Br)c(NCCCN(C)C(=O)C3CCC3)n2)cc1,[*:2]CC(=O)N[C@H](C(=O)N1C[C@H](O)C[C@H]1C(=O)NCc1ccc(-c2scnc2C)cc1)C(C)(C)C,[*:1]OCCOCCO[*:2]
Cc1ncsc1-c1ccc(CNC(=O)[C@@H]2C[C@@H](O)CN2C(=O)[C@@H](NC(=O)CCCCCOCCOc2ccc(Nc3ncc(Br)c(NCCCN(C)C(=O)C4CCC4)n3)cc2)C(C)(C)C)cc1,[*:1]c1ccc(Nc2ncc(Br)c(NCCCN(C)C(=O)C3CCC3)n2)cc1,[*:2]CC(=O)N[C@H](C(=O)N1C[C@H](O)C[C@H]1C(=O)NCc1ccc(-c2scnc2C)cc1)C(C)(C)C,[*:1]OCCOCCCC[*:2]
Cc1ncsc1-c1ccc(CNC(=O)[C@@H]2C[C@@H](O)CN2C(=O)[C@@H](NC(=O)COCCCOCCCOc2ccc(Nc3ncc(Br)c(NCCCN(C)C(=O)C4CCC4)n3)cc2)C(C)(C)C)cc1,[*:1]c1ccc(Nc2ncc(Br)c(NCCCN(C)C(=O)C3CCC3)n2)cc1,[*:2]CC(=O)N[C@H](C(=O)N1C[C@H](O)C[C@H]1C(=O)NCc1ccc(-c2scnc2C)cc1)C(C)(C)C,[*:1]OCCCOCCCO[*:2]
Cc1ncsc1-c1ccc(CNC(=O)[C@@H]2C[C@@H](O)CN2C(=O)[C@@H](NC(=O)COCCOCCOCCOc2ccc(Nc3ncc(Br)c(NCCCN(C)C(=O)C4CCC4)n3)cc2)C(C)(C)C)cc1,[*:1]c1ccc(Nc2ncc(Br)c(NCCCN(C)C(=O)C3CCC3)n2)cc1,[*:2]CC(=O)N[C@H](C(=O)N1C[C@H](O)C[C@H]1C(=O)NCc1ccc(-c2scnc2C)cc1)C(C)(C)C,[*:1]OCCOCCOCCO[*:2]
Cc1ncsc1-c1ccc(CNC(=O)[C@@H]2C[C@@H](O)CN2C(=O)[C@@H](NC(=O)COCCCOCCCCCOc2ccc(Nc3ncc(Br)c(NCCCN(C)C(=O)C4CCC4)n3)cc2)C(C)(C)C)cc1,[*:1]c1ccc(Nc2ncc(Br)c(NCCCN(C)C(=O)C3CCC3)n2)cc1,[*:2]CC(=O)N[C@H](C(=O)N1C[C@H](O)C[C@H]1C(=O)NCc1ccc(-c2scnc2C)cc1)C(C)(C)C,[*:1]OCCCCCOCCCO[*:2]
Cc1ncsc1-c1ccc(CNC(=O)[C@@H]2C[C@@H](O)CN2C(=O)[C@@H](NC(=O)COCCOCCOCCCCOc2ccc(Nc3ncc(Br)c(NCCCN(C)C(=O)C4CCC4)n3)cc2)C(C)(C)C)cc1,[*:1]c1ccc(Nc2ncc(Br)c(NCCCN(C)C(=O)C3CCC3)n2)cc1,[*:2]CC(=O)N[C@H](C(=O)N1C[C@H](O)C[C@H]1C(=O)NCc1ccc(-c2scnc2C)cc1)C(C)(C)C,[*:1]OCCCCOCCOCCO[*:2]
Cc1ncsc1-c1ccc(CNC(=O)[C@@H]2C[C@@H](O)CN2C(=O)[C@@H](NC(=O)COCCOCCOCCOCCOc2ccc(Nc3ncc(Br)c(NCCCN(C)C(=O)C4CCC4)n3)cc2)C(C)(C)C)cc1,[*:1]c1ccc(Nc2ncc(Br)c(NCCCN(C)C(=O)C3CCC3)n2)cc1,[*:2]CC(=O)N[C@H](C(=O)N1C[C@H](O)C[C@H]1C(=O)NCc1ccc(-c2scnc2C)cc1)C(C)(C)C,[*:1]OCCOCCOCCOCCO[*:2]
Cc1ncsc1-c1ccc(CNC(=O)[C@@H]2C[C@@H](O)CN2C(=O)[C@@H](NC(=O)COCCCOCCCCOCCCOc2ccc(Nc3ncc(Br)c(NCCCN(C)C(=O)C4CCC4)n3)cc2)C(C)(C)C)cc1,[*:1]c1ccc(Nc2ncc(Br)c(NCCCN(C)C(=O)C3CCC3)n2)cc1,[*:2]CC(=O)N[C@H](C(=O)N1C[C@H](O)C[C@H]1C(=O)NCc1ccc(-c2scnc2C)cc1)C(C)(C)C,[*:1]OCCCOCCCCOCCCO[*:2]
Cc1ncsc1-c1ccc(CNC(=O)[C@@H]2C[C@@H](O)CN2C(=O)[C@@H](NC(=O)CCCCCOCCCCOCCCCOc2ccc(Nc3ncc(Br)c(NCCCN(C)C(=O)C4CCC4)n3)cc2)C(C)(C)C)cc1,[*:1]c1ccc(Nc2ncc(Br)c(NCCCN(C)C(=O)C3CCC3)n2)cc1,[*:2]CC(=O)N[C@H](C(=O)N1C[C@H](O)C[C@H]1C(=O)NCc1ccc(-c2scnc2C)cc1)C(C)(C)C,[*:1]OCCCCOCCCCOCCCC[*:2]
Cc1ncsc1-c1ccc(CNC(=O)[C@@H]2C[C@@H](O)CN2C(=O)[C@@H](NC(=O)COCCOCCOCCOCCOCCOc2ccc(Nc3ncc(Br)c(NCCCN(C)C(=O)C4CCC4)n3)cc2)C(C)(C)C)cc1,[*:1]c1ccc(Nc2ncc(Br)c(NCCCN(C)C(=O)C3CCC3)n2)cc1,[*:2]CC(=O)N[C@H](C(=O)N1C[C@H](O)C[C@H]1C(=O)NCc1ccc(-c2scnc2C)cc1)C(C)(C)C,[*:1]OCCOCCOCCOCCOCCO[*:2]
Cc1ncsc1-c1ccc(CNC(=O)[C@@H]2C[C@@H](O)CN2C(=O)[C@@H](NC(=O)COCCOCCCCOCCCCOCCOc2ccc(Nc3ncc(Br)c(NCCCN(C)C(=O)C4CCC4)n3)cc2)C(C)(C)C)cc1,[*:1]c1ccc(Nc2ncc(Br)c(NCCCN(C)C(=O)C3CCC3)n2)cc1,[*:2]CC(=O)N[C@H](C(=O)N1C[C@H](O)C[C@H]1C(=O)NCc1ccc(-c2scnc2C)cc1)C(C)(C)C,[*:1]OCCOCCCCOCCCCOCCO[*:2]
Cc1ncsc1-c1ccc(CNC(=O)[C@@H]2C[C@@H](O)CN2C(=O)[C@@H](NC(=O)CCOCCCOCCCOCCCOCCCOc2ccc(Nc3ncc(Br)c(NCCCN(C)C(=O)C4CCC4)n3)cc2)C(C)(C)C)cc1,[*:1]c1ccc(Nc2ncc(Br)c(NCCCN(C)C(=O)C3CCC3)n2)cc1,[*:2]CC(=O)N[C@H](C(=O)N1C[C@H](O)C[C@H]1C(=O)NCc1ccc(-c2scnc2C)cc1)C(C)(C)C,[*:1]OCCCOCCCOCCCOCCCOC[*:2]
Cc1ncsc1-c1ccc(CNC(=O)[C@@H]2C[C@@H](O)CN2C(=O)[C@@H](NC(=O)COCCOCCOCCOCCOCCOCCOc2ccc(Nc3ncc(Br)c(NCCCN(C)C(=O)C4CCC4)n3)cc2)C(C)(C)C)cc1,[*:1]c1ccc(Nc2ncc(Br)c(NCCCN(C)C(=O)C3CCC3)n2)cc1,[*:2]CC(=O)N[C@H](C(=O)N1C[C@H](O)C[C@H]1C(=O)NCc1ccc(-c2scnc2C)cc1)C(C)(C)C,[*:1]OCCOCCOCCOCCOCCOCCO[*:2]
Cc1ncsc1-c1ccc(CNC(=O)[C@@H]2C[C@@H](O)CN2C(=O)[C@@H](NC(=O)COCCOCCCCOCCCCOCCOCCOc2ccc(Nc3ncc(Br)c(NCCCN(C)C(=O)C4CCC4)n3)cc2)C(C)(C)C)cc1,[*:1]c1ccc(Nc2ncc(Br)c(NCCCN(C)C(=O)C3CCC3)n2)cc1,[*:2]CC(=O)N[C@H](C(=O)N1C[C@H](O)C[C@H]1C(=O)NCc1ccc(-c2scnc2C)cc1)C(C)(C)C,[*:1]OCCOCCOCCCCOCCCCOCCO[*:2]
Cc1ncsc1-c1ccc(CNC(=O)[C@@H]2C[C@@H](O)CN2C(=O)[C@@H](NC(=O)COCCCCCOCCCCOCCCCOCCCCOCCCCCOc2ccc(Nc3ncc(Br)c(NCCCN(C)C(=O)C4CCC4)n3)cc2)C(C)(C)C)cc1,[*:1]c1ccc(Nc2ncc(Br)c(NCCCN(C)C(=O)C3CCC3)n2)cc1,[*:2]CC(=O)N[C@H](C(=O)N1C[C@H](O)C[C@H]1C(=O)NCc1ccc(-c2scnc2C)cc1)C(C)(C)C,[*:1]OCCCCCOCCCCOCCCCOCCCCOCCCCCO[*:2]
Cc1ncsc1-c1ccc(CNC(=O)[C@@H]2C[C@@H](O)CN2C(=O)[C@@H](NC(=O)COCCCOCCCCOCCCOc2ccc(Nc3nccc(NCCCN(C)C(=O)C4CCC4)n3)cc2)C(C)(C)C)cc1,[*:1]c1ccc(Nc2nccc(NCCCN(C)C(=O)C3CCC3)n2)cc1,[*:2]CC(=O)N[C@H](C(=O)N1C[C@H](O)C[C@H]1C(=O)NCc1ccc(-c2scnc2C)cc1)C(C)(C)C,[*:1]OCCCOCCCCOCCCO[*:2]
Cc1ncsc1-c1ccc(CNC(=O)[C@@H]2C[C@@H](O)CN2C(=O)[C@@H](NC(=O)COCCCOCCCCOCCCOc2ccc(Nc3ncc(F)c(NCCCN(C)C(=O)C4CCC4)n3)cc2)C(C)(C)C)cc1,[*:1]c1ccc(Nc2ncc(F)c(NCCCN(C)C(=O)C3CCC3)n2)cc1,[*:2]CC(=O)N[C@H](C(=O)N1C[C@H](O)C[C@H]1C(=O)NCc1ccc(-c2scnc2C)cc1)C(C)(C)C,[*:1]OCCCOCCCCOCCCO[*:2]
Cc1ncsc1-c1ccc(CNC(=O)[C@@H]2C[C@@H](O)CN2C(=O)[C@@H](NC(=O)COCCCOCCCCOCCCOc2ccc(Nc3ncc(Cl)c(NCCCN(C)C(=O)C4CCC4)n3)cc2)C(C)(C)C)cc1,[*:1]c1ccc(Nc2ncc(Cl)c(NCCCN(C)C(=O)C3CCC3)n2)cc1,[*:2]CC(=O)N[C@H](C(=O)N1C[C@H](O)C[C@H]1C(=O)NCc1ccc(-c2scnc2C)cc1)C(C)(C)C,[*:1]OCCCOCCCCOCCCO[*:2]
Cc1ncsc1-c1ccc(CNC(=O)[C@@H]2C[C@@H](O)CN2C(=O)[C@@H](NC(=O)COCCCOCCCCOCCCOc2ccc(Nc3ncc(I)c(NCCCN(C)C(=O)C4CCC4)n3)cc2)C(C)(C)C)cc1,[*:1]c1ccc(Nc2ncc(I)c(NCCCN(C)C(=O)C3CCC3)n2)cc1,[*:2]CC(=O)N[C@H](C(=O)N1C[C@H](O)C[C@H]1C(=O)NCc1ccc(-c2scnc2C)cc1)C(C)(C)C,[*:1]OCCCOCCCCOCCCO[*:2]
Cc1ncsc1-c1ccc(CNC(=O)[C@@H]2C[C@@H](O)CN2C(=O)[C@@H](NC(=O)COCCCOCCCCOCCCOc2ccc(Nc3ncc(C(F)(F)F)c(NCCCN(C)C(=O)C4CCC4)n3)cc2)C(C)(C)C)cc1,[*:1]c1ccc(Nc2ncc(C(F)(F)F)c(NCCCN(C)C(=O)C3CCC3)n2)cc1,[*:2]CC(=O)N[C@H](C(=O)N1C[C@H](O)C[C@H]1C(=O)NCc1ccc(-c2scnc2C)cc1)C(C)(C)C,[*:1]OCCCOCCCCOCCCO[*:2]
Cc1cnc(Nc2ccc(OCCCOCCCCOCCCOCC(=O)N[C@H](C(=O)N3C[C@H](O)C[C@H]3C(=O)NCc3ccc(-c4scnc4C)cc3)C(C)(C)C)cc2)nc1NCCCN(C)C(=O)C1CCC1,[*:1]c1ccc(Nc2ncc(C)c(NCCCN(C)C(=O)C3CCC3)n2)cc1,[*:2]CC(=O)N[C@H](C(=O)N1C[C@H](O)C[C@H]1C(=O)NCc1ccc(-c2scnc2C)cc1)C(C)(C)C,[*:1]OCCCOCCCCOCCCO[*:2]
CCc1cnc(Nc2ccc(OCCCOCCCCOCCCOCC(=O)N[C@H](C(=O)N3C[C@H](O)C[C@H]3C(=O)NCc3ccc(-c4scnc4C)cc3)C(C)(C)C)cc2)nc1NCCCN(C)C(=O)C1CCC1,[*:1]c1ccc(Nc2ncc(CC)c(NCCCN(C)C(=O)C3CCC3)n2)cc1,[*:2]CC(=O)N[C@H](C(=O)N1C[C@H](O)C[C@H]1C(=O)NCc1ccc(-c2scnc2C)cc1)C(C)(C)C,[*:1]OCCCOCCCCOCCCO[*:2]
Cc1ncsc1-c1ccc(CNC(=O)[C@@H]2C[C@@H](O)CN2C(=O)[C@@H](NC(=O)COCCCOCCCCOCCCOc2ccc(Nc3ncc(C4CCC4)c(NCCCN(C)C(=O)C4CCC4)n3)cc2)C(C)(C)C)cc1,[*:1]c1ccc(Nc2ncc(C3CCC3)c(NCCCN(C)C(=O)C3CCC3)n2)cc1,[*:2]CC(=O)N[C@H](C(=O)N1C[C@H](O)C[C@H]1C(=O)NCc1ccc(-c2scnc2C)cc1)C(C)(C)C,[*:1]OCCCOCCCCOCCCO[*:2]
C=Cc1cnc(Nc2ccc(OCCCOCCCCOCCCOCC(=O)N[C@H](C(=O)N3C[C@H](O)C[C@H]3C(=O)NCc3ccc(-c4scnc4C)cc3)C(C)(C)C)cc2)nc1NCCCN(C)C(=O)C1CCC1,[*:1]c1ccc(Nc2ncc(C=C)c(NCCCN(C)C(=O)C3CCC3)n2)cc1,[*:2]CC(=O)N[C@H](C(=O)N1C[C@H](O)C[C@H]1C(=O)NCc1ccc(-c2scnc2C)cc1)C(C)(C)C,[*:1]OCCCOCCCCOCCCO[*:2]
Cc1ncsc1-c1ccc(CNC(=O)[C@@H]2C[C@@H](O)CN2C(=O)[C@@H](NC(=O)COCCCOCCCCOCCCOc2ccc(Nc3ncc(C4CC4)c(NCCCN(C)C(=O)C4CCC4)n3)cc2)C(C)(C)C)cc1,[*:1]c1ccc(Nc2ncc(C3CC3)c(NCCCN(C)C(=O)C3CCC3)n2)cc1,[*:2]CC(=O)N[C@H](C(=O)N1C[C@H](O)C[C@H]1C(=O)NCc1ccc(-c2scnc2C)cc1)C(C)(C)C,[*:1]OCCCOCCCCOCCCO[*:2]
Cc1ncsc1-c1ccc(CNC(=O)[C@@H]2C[C@@H](O)CN2C(=O)CNC(=O)COCCCOCCCCOCCCOc2ccc(Nc3ncc(Br)c(NCCCN(C)C(=O)C4CCC4)n3)cc2)cc1,[*:1]c1ccc(Nc2ncc(Br)c(NCCCN(C)C(=O)C3CCC3)n2)cc1,[*:2]NCC(=O)N1C[C@H](O)C[C@H]1C(=O)NCc1ccc(-c2scnc2C)cc1,[*:1]OCCCOCCCCOCCCOCC([*:2])=O
Cc1ncsc1-c1ccc(CNC(=O)[C@@H]2C[C@@H](O)CN2C(=O)[C@H](C)NC(=O)COCCCOCCCCOCCCOc2ccc(Nc3ncc(Br)c(NCCCN(C)C(=O)C4CCC4)n3)cc2)cc1,[*:1]c1ccc(Nc2ncc(Br)c(NCCCN(C)C(=O)C3CCC3)n2)cc1,[*:2]N[C@@H](C)C(=O)N1C[C@H](O)C[C@H]1C(=O)NCc1ccc(-c2scnc2C)cc1,[*:1]OCCCOCCCCOCCCOCC([*:2])=O
CC[C@H](NC(=O)COCCCOCCCCOCCCOc1ccc(Nc2ncc(Br)c(NCCCN(C)C(=O)C3CCC3)n2)cc1)C(=O)N1C[C@H](O)C[C@H]1C(=O)NCc1ccc(-c2scnc2C)cc1,[*:1]c1ccc(Nc2ncc(Br)c(NCCCN(C)C(=O)C3CCC3)n2)cc1,[*:2]N[C@@H](CC)C(=O)N1C[C@H](O)C[C@H]1C(=O)NCc1ccc(-c2scnc2C)cc1,[*:1]OCCCOCCCCOCCCOCC([*:2])=O
CCC[C@H](NC(=O)COCCCOCCCCOCCCOc1ccc(Nc2ncc(Br)c(NCCCN(C)C(=O)C3CCC3)n2)cc1)C(=O)N1C[C@H](O)C[C@H]1C(=O)NCc1ccc(-c2scnc2C)cc1,[*:1]c1ccc(Nc2ncc(Br)c(NCCCN(C)C(=O)C3CCC3)n2)cc1,[*:2]N[C@@H](CCC)C(=O)N1C[C@H](O)C[C@H]1C(=O)NCc1ccc(-c2scnc2C)cc1,[*:1]OCCCOCCCCOCCCOCC([*:2])=O
Cc1ncsc1-c1ccc(CNC(=O)[C@@H]2C[C@@H](O)CN2C(=O)[C@@H](NC(=O)COCCCOCCCCOCCCOc2ccc(Nc3ncc(Br)c(NCCCN(C)C(=O)C4CCC4)n3)cc2)C(C)C)cc1,[*:1]c1ccc(Nc2ncc(Br)c(NCCCN(C)C(=O)C3CCC3)n2)cc1,[*:2]CC(=O)N[C@H](C(=O)N1C[C@H](O)C[C@H]1C(=O)NCc1ccc(-c2scnc2C)cc1)C(C)C,[*:1]OCCCOCCCCOCCCO[*:2]
Cc1cc(C)nc(SCC(=O)Nc2ncc(Cc3cccc(OCc4cn(CCCCNC(=O)COc5cccc6c5C(=O)N(C5CCC(=O)NC5=O)C6=O)nn4)c3)s2)n1,[*:1]COc1cccc(Cc2cnc(NC(=O)CSc3nc(C)cc(C)n3)s2)c1,[*:2]c1cccc2c1C(=O)N(C1CCC(=O)NC1=O)C2=O,[*:1]c1cn(CCCCNC(=O)CO[*:2])nn1
O=C1CCC(N2C(=O)c3cccc(OCCCCCOc4ccc(CC(=O)Nc5cc(C6CCC6)[nH]n5)cc4)c3C2=O)C(=O)N1,[*:1]COc1ccc(CC(=O)Nc2cc(C3CCC3)[nH]n2)cc1,[*:2]c1cccc2c1C(=O)N(C1CCC(=O)NC1=O)C2=O,[*:1]CCCCO[*:2]
Cc1ncsc1-c1ccc(CNC(=O)[C@@H]2C[C@@H](O)CN2C(=O)[C@@H](NC(=O)COCCOCCOCCOCCOc2cc3nccc(Nc4ccc5scnc5c4)c3cc2S(=O)(=O)C(C)(C)C)C(C)(C)C)cc1,[*:1]COc1cc2nccc(Nc3ccc4scnc4c3)c2cc1S(=O)(=O)C(C)(C)C,[*:2]CC(=O)N[C@H](C(=O)N1C[C@H](O)C[C@H]1C(=O)NCc1ccc(-c2scnc2C)cc1)C(C)(C)C,[*:1]COCCOCCOCCO[*:2]
COc1cc(C=C2SC(=O)N(CCOCCC(=O)N[C@H](C(=O)N3C[C@H](O)C[C@H]3C(=O)NCc3ccc(-c4scnc4C)cc3)C(C)(C)C)C2=O)ccc1Oc1ccc(C#N)cc1C(F)(F)F,[*:1]CN1C(=O)SC(=Cc2ccc(Oc3ccc(C#N)cc3C(F)(F)F)c(OC)c2)C1=O,[*:2]CC(=O)N[C@H](C(=O)N1C[C@H](O)C[C@H]1C(=O)NCc1ccc(-c2scnc2C)cc1)C(C)(C)C,[*:1]COC[*:2]
Nc1ncnc2c1c(-c1ccc(Oc3ccccc3)cc1)nn2C1CCN(CCOCCOCC(=O)Nc2ccc3c(c2)CN(C2CCC(=O)NC2=O)C3=O)CC1,[*:1]N1CCC(n2nc(-c3ccc(Oc4ccccc4)cc3)c3c(N)ncnc32)CC1,[*:2]Nc1ccc2c(c1)CN(C1CCC(=O)NC1=O)C2=O,[*:1]CCOCCOCC([*:2])=O
Nc1ncnc2c1c(-c1ccc(Oc3ccccc3)cc1)nn2C1CCN(CCCCCCOCCOCC(=O)Nc2cccc3c2C(=O)N(C2CCC(=O)NC2=O)C3=O)CC1,[*:1]N1CCC(n2nc(-c3ccc(Oc4ccccc4)cc3)c3c(N)ncnc32)CC1,[*:2]Nc1cccc2c1C(=O)N(C1CCC(=O)NC1=O)C2=O,[*:1]CCCCCCOCCOCC([*:2])=O
Nc1ncnc2c1c(-c1ccc(Oc3ccccc3)cc1)nn2C1CCN(CCCCOCCCCOCC(=O)Nc2cccc3c2C(=O)N(C2CCC(=O)NC2=O)C3=O)CC1,[*:1]N1CCC(n2nc(-c3ccc(Oc4ccccc4)cc3)c3c(N)ncnc32)CC1,[*:2]Nc1cccc2c1C(=O)N(C1CCC(=O)NC1=O)C2=O,[*:1]CCCCOCCCCOCC([*:2])=O
Nc1ncnc2c1c(-c1ccc(Oc3ccccc3)cc1)nn2C1CCN(CCCOCCCOCCC(=O)Nc2cccc3c2C(=O)N(C2CCC(=O)NC2=O)C3=O)CC1,[*:1]N1CCC(n2nc(-c3ccc(Oc4ccccc4)cc3)c3c(N)ncnc32)CC1,[*:2]Nc1cccc2c1C(=O)N(C1CCC(=O)NC1=O)C2=O,[*:1]CCCOCCCOCCC([*:2])=O
Nc1ncnc2c1c(-c1ccc(Oc3ccccc3)cc1)nn2C1CCN(CCOCCOCC(=O)Nc2cccc3c2C(=O)N(C2CCC(=O)NC2=O)C3=O)CC1,[*:1]N1CCC(n2nc(-c3ccc(Oc4ccccc4)cc3)c3c(N)ncnc32)CC1,[*:2]Nc1cccc2c1C(=O)N(C1CCC(=O)NC1=O)C2=O,[*:1]CCOCCOCC([*:2])=O
Nc1ncnc2c1c(-c1ccc(Oc3ccccc3)cc1)nn2C1CCN(CCOCC(=O)Nc2cccc3c2C(=O)N(C2CCC(=O)NC2=O)C3=O)CC1,[*:1]N1CCC(n2nc(-c3ccc(Oc4ccccc4)cc3)c3c(N)ncnc32)CC1,[*:2]Nc1cccc2c1C(=O)N(C1CCC(=O)NC1=O)C2=O,[*:1]CCOCC([*:2])=O
Nc1ncnc2c1c(-c1ccc(Oc3ccccc3)cc1)nn2C1CCN(CCOCCOCC(=O)Nc2ccc3c(c2)C(=O)N(C2CCC(=O)NC2=O)C3=O)CC1,[*:1]N1CCC(n2nc(-c3ccc(Oc4ccccc4)cc3)c3c(N)ncnc32)CC1,[*:2]Nc1ccc2c(c1)C(=O)N(C1CCC(=O)NC1=O)C2=O,[*:1]CCOCCOCC([*:2])=O
Nc1ncnc2c1c(-c1ccc(Oc3ccccc3)cc1)nn2C1CCN(CCCCOCCCCOCC(=O)Nc2ccc3c(c2)C(=O)N(C2CCC(=O)NC2=O)C3=O)CC1,[*:1]N1CCC(n2nc(-c3ccc(Oc4ccccc4)cc3)c3c(N)ncnc32)CC1,[*:2]Nc1ccc2c(c1)C(=O)N(C1CCC(=O)NC1=O)C2=O,[*:1]CCCCOCCCCOCC([*:2])=O
Cc1sc2c(c1C)C(c1ccc(Cl)cc1)=N[C@@H](CC(=O)NCCCCNC(=O)COc1cccc3c1C(=O)N(C1CCC(=O)NC1=O)C3=O)c1nnc(C)n1-2,[*:1]NC(=O)C[C@@H]1N=C(c2ccc(Cl)cc2)c2c(sc(C)c2C)-n2c(C)nnc21,[*:2]c1cccc2c1C(=O)N(C1CCC(=O)NC1=O)C2=O,[*:1]CCCCNC(=O)CO[*:2]
CCC(C)(C)C(=O)C(=O)N1CCCC[C@H]1C(=O)OC(CCc1ccc(OC)c(OC)c1)c1cccc(NC(=O)CCC(=O)NCCCCNC(=O)COc2cccc3c2C(=O)N(C2CCC(=O)NC2=O)C3=O)c1,[*:1]Nc1cccc(C(CCc2ccc(OC)c(OC)c2)OC(=O)[C@@H]2CCCCN2C(=O)C(=O)C(C)(C)CC)c1,[*:2]c1cccc2c1C(=O)N(C1CCC(=O)NC1=O)C2=O,[*:1]C(=O)CCC(=O)NCCCCNC(=O)CO[*:2]
CCC(C)(C)C(=O)C(=O)N1CCCC[C@H]1C(=O)OC(CCc1ccc(OC)c(OC)c1)c1cccc(NC(=O)CCC(=O)NCCCOCCOCCOCCCNC(=O)COc2cccc3c2C(=O)N(C2CCC(=O)NC2=O)C3=O)c1,[*:1]Nc1cccc(C(CCc2ccc(OC)c(OC)c2)OC(=O)[C@@H]2CCCCN2C(=O)C(=O)C(C)(C)CC)c1,[*:2]c1cccc2c1C(=O)N(C1CCC(=O)NC1=O)C2=O,[*:1]C(=O)CCC(=O)NCCCOCCOCCOCCCNC(=O)CO[*:2]
Cc1ccc(NC(=O)c2ccc(CN3CCN(CCCCCCOCCOCCOCCCCCC(=O)N[C@H](C(=O)N4C[C@H](O)C[C@H]4C(=O)NCc4ccc(-c5scnc5C)cc4)C(C)(C)C)CC3)cc2)cc1Nc1nccc(-c2cccnc2)n1,[*:1]CN1CCN(Cc2ccc(C(=O)Nc3ccc(C)c(Nc4nccc(-c5cccnc5)n4)c3)cc2)CC1,[*:2]CC(=O)N[C@H](C(=O)N1C[C@H](O)C[C@H]1C(=O)NCc1ccc(-c2scnc2C)cc1)C(C)(C)C,[*:1]CCCCCOCCOCCOCCCC[*:2]
Cc1ccc(NC(=O)c2ccc(CN3CCN(CCCCCCOCCOCC(=O)N[C@H](C(=O)N4C[C@H](O)C[C@H]4C(=O)NCc4ccc(-c5scnc5C)cc4)C(C)(C)C)CC3)cc2)cc1Nc1nccc(-c2cccnc2)n1,[*:1]CN1CCN(Cc2ccc(C(=O)Nc3ccc(C)c(Nc4nccc(-c5cccnc5)n4)c3)cc2)CC1,[*:2]CC(=O)N[C@H](C(=O)N1C[C@H](O)C[C@H]1C(=O)NCc1ccc(-c2scnc2C)cc1)C(C)(C)C,[*:1]CCCCCOCCO[*:2]
Cc1ccc(NC(=O)c2ccc(CN3CCN(CCCCCCOCCOCCOCCOCCOCCOCC(=O)N[C@H](C(=O)N4C[C@H](O)C[C@H]4C(=O)NCc4ccc(-c5scnc5C)cc4)C(C)(C)C)CC3)cc2)cc1Nc1nccc(-c2cccnc2)n1,[*:1]CN1CCN(Cc2ccc(C(=O)Nc3ccc(C)c(Nc4nccc(-c5cccnc5)n4)c3)cc2)CC1,[*:2]CC(=O)N[C@H](C(=O)N1C[C@H](O)C[C@H]1C(=O)NCc1ccc(-c2scnc2C)cc1)C(C)(C)C,[*:1]CCCCCOCCOCCOCCOCCOCCO[*:2]
Cc1ccc(NC(=O)c2ccc(CN3CCN(CCCCCCOCCCCCOCCCCCC(=O)N[C@H](C(=O)N4C[C@H](O)C[C@H]4C(=O)NCc4ccc(-c5scnc5C)cc4)C(C)(C)C)CC3)cc2)cc1Nc1nccc(-c2cccnc2)n1,[*:1]CN1CCN(Cc2ccc(C(=O)Nc3ccc(C)c(Nc4nccc(-c5cccnc5)n4)c3)cc2)CC1,[*:2]CC(=O)N[C@H](C(=O)N1C[C@H](O)C[C@H]1C(=O)NCc1ccc(-c2scnc2C)cc1)C(C)(C)C,[*:1]CCCCCOCCCCCOCCCC[*:2]
Cc1ccc(NC(=O)c2ccc(CN3CCN(CCCCCCOCCOCCOCCCCCC(=O)Nc4cccc5c4C(=O)N(C4CCC(=O)NC4=O)C5=O)CC3)cc2)cc1Nc1nccc(-c2cccnc2)n1,[*:1]CN1CCN(Cc2ccc(C(=O)Nc3ccc(C)c(Nc4nccc(-c5cccnc5)n4)c3)cc2)CC1,[*:2]Nc1cccc2c1C(=O)N(C1CCC(=O)NC1=O)C2=O,[*:1]CCCCCOCCOCCOCCCCCC([*:2])=O
Cc1ccc(NC(=O)c2ccc(CN3CCN(CCCCCCOCCOCC(=O)Nc4cccc5c4C(=O)N(C4CCC(=O)NC4=O)C5=O)CC3)cc2)cc1Nc1nccc(-c2cccnc2)n1,[*:1]CN1CCN(Cc2ccc(C(=O)Nc3ccc(C)c(Nc4nccc(-c5cccnc5)n4)c3)cc2)CC1,[*:2]Nc1cccc2c1C(=O)N(C1CCC(=O)NC1=O)C2=O,[*:1]CCCCCOCCOCC([*:2])=O
Cc1ccc(NC(=O)c2ccc(CN3CCN(CCCCCCOCCOCCOCCOCCOCCOCC(=O)Nc4cccc5c4C(=O)N(C4CCC(=O)NC4=O)C5=O)CC3)cc2)cc1Nc1nccc(-c2cccnc2)n1,[*:1]CN1CCN(Cc2ccc(C(=O)Nc3ccc(C)c(Nc4nccc(-c5cccnc5)n4)c3)cc2)CC1,[*:2]Nc1cccc2c1C(=O)N(C1CCC(=O)NC1=O)C2=O,[*:1]CCCCCOCCOCCOCCOCCOCCOCC([*:2])=O
Cc1ccc(NC(=O)c2ccc(CN3CCN(CCCCCCOCCCCCOCCCCCC(=O)Nc4cccc5c4C(=O)N(C4CCC(=O)NC4=O)C5=O)CC3)cc2)cc1Nc1nccc(-c2cccnc2)n1,[*:1]CN1CCN(Cc2ccc(C(=O)Nc3ccc(C)c(Nc4nccc(-c5cccnc5)n4)c3)cc2)CC1,[*:2]Nc1cccc2c1C(=O)N(C1CCC(=O)NC1=O)C2=O,[*:1]CCCCCOCCCCCOCCCCCC([*:2])=O
COc1cc(Nc2c(C#N)cnc3cc(OCCCN4CCN(CCCCCCOCCOCCOCCCCCC(=O)N[C@H](C(=O)N5C[C@H](O)C[C@H]5C(=O)NCc5ccc(-c6scnc6C)cc5)C(C)(C)C)CC4)c(OC)cc23)c(Cl)cc1Cl,[*:1]CN1CCN(CCCOc2cc3ncc(C#N)c(Nc4cc(OC)c(Cl)cc4Cl)c3cc2OC)CC1,[*:2]CC(=O)N[C@H](C(=O)N1C[C@H](O)C[C@H]1C(=O)NCc1ccc(-c2scnc2C)cc1)C(C)(C)C,[*:1]CCCCCOCCOCCOCCCC[*:2]
COc1cc(Nc2c(C#N)cnc3cc(OCCCN4CCN(CCCCCCOCCOCC(=O)N[C@H](C(=O)N5C[C@H](O)C[C@H]5C(=O)NCc5ccc(-c6scnc6C)cc5)C(C)(C)C)CC4)c(OC)cc23)c(Cl)cc1Cl,[*:1]CN1CCN(CCCOc2cc3ncc(C#N)c(Nc4cc(OC)c(Cl)cc4Cl)c3cc2OC)CC1,[*:2]CC(=O)N[C@H](C(=O)N1C[C@H](O)C[C@H]1C(=O)NCc1ccc(-c2scnc2C)cc1)C(C)(C)C,[*:1]CCCCCOCCO[*:2]
COc1cc(Nc2c(C#N)cnc3cc(OCCCN4CCN(CCCCCCOCCOCCOCCOCCOCCOCC(=O)N[C@H](C(=O)N5C[C@H](O)C[C@H]5C(=O)NCc5ccc(-c6scnc6C)cc5)C(C)(C)C)CC4)c(OC)cc23)c(Cl)cc1Cl,[*:1]CN1CCN(CCCOc2cc3ncc(C#N)c(Nc4cc(OC)c(Cl)cc4Cl)c3cc2OC)CC1,[*:2]CC(=O)N[C@H](C(=O)N1C[C@H](O)C[C@H]1C(=O)NCc1ccc(-c2scnc2C)cc1)C(C)(C)C,[*:1]CCCCCOCCOCCOCCOCCOCCO[*:2]
COc1cc(Nc2c(C#N)cnc3cc(OCCCN4CCN(CCCCCCOCCCCCOCCCCCC(=O)N[C@H](C(=O)N5C[C@H](O)C[C@H]5C(=O)NCc5ccc(-c6scnc6C)cc5)C(C)(C)C)CC4)c(OC)cc23)c(Cl)cc1Cl,[*:1]CN1CCN(CCCOc2cc3ncc(C#N)c(Nc4cc(OC)c(Cl)cc4Cl)c3cc2OC)CC1,[*:2]CC(=O)N[C@H](C(=O)N1C[C@H](O)C[C@H]1C(=O)NCc1ccc(-c2scnc2C)cc1)C(C)(C)C,[*:1]CCCCCOCCCCCOCCCC[*:2]
COc1cc(Nc2c(C#N)cnc3cc(OCCCN4CCN(CCCCCCOCCOCCOCCCCCC(=O)Nc5cccc6c5C(=O)N(C5CCC(=O)NC5=O)C6=O)CC4)c(OC)cc23)c(Cl)cc1Cl,[*:1]CN1CCN(CCCOc2cc3ncc(C#N)c(Nc4cc(OC)c(Cl)cc4Cl)c3cc2OC)CC1,[*:2]Nc1cccc2c1C(=O)N(C1CCC(=O)NC1=O)C2=O,[*:1]CCCCCOCCOCCOCCCCCC([*:2])=O
COc1cc(Nc2c(C#N)cnc3cc(OCCCN4CCN(CCCCCCOCCOCC(=O)Nc5cccc6c5C(=O)N(C5CCC(=O)NC5=O)C6=O)CC4)c(OC)cc23)c(Cl)cc1Cl,[*:1]CN1CCN(CCCOc2cc3ncc(C#N)c(Nc4cc(OC)c(Cl)cc4Cl)c3cc2OC)CC1,[*:2]Nc1cccc2c1C(=O)N(C1CCC(=O)NC1=O)C2=O,[*:1]CCCCCOCCOCC([*:2])=O
COc1cc(Nc2c(C#N)cnc3cc(OCCCN4CCN(CCCCCCOCCOCCOCCOCCOCCOCC(=O)Nc5cccc6c5C(=O)N(C5CCC(=O)NC5=O)C6=O)CC4)c(OC)cc23)c(Cl)cc1Cl,[*:1]CN1CCN(CCCOc2cc3ncc(C#N)c(Nc4cc(OC)c(Cl)cc4Cl)c3cc2OC)CC1,[*:2]Nc1cccc2c1C(=O)N(C1CCC(=O)NC1=O)C2=O,[*:1]CCCCCOCCOCCOCCOCCOCCOCC([*:2])=O
COc1cc(Nc2c(C#N)cnc3cc(OCCCN4CCN(CCCCCCOCCCCCOCCCCCC(=O)Nc5cccc6c5C(=O)N(C5CCC(=O)NC5=O)C6=O)CC4)c(OC)cc23)c(Cl)cc1Cl,[*:1]CN1CCN(CCCOc2cc3ncc(C#N)c(Nc4cc(OC)c(Cl)cc4Cl)c3cc2OC)CC1,[*:2]Nc1cccc2c1C(=O)N(C1CCC(=O)NC1=O)C2=O,[*:1]CCCCCOCCCCCOCCCCCC([*:2])=O
COc1ccc(-c2cn(C)c(=O)c3cc(C(=N)NC4CCS(=O)(=O)CC4)sc23)cc1OCC(=O)NCCCOCCOCCOCCCNC(=O)COc1cccc2c1C(=O)N(C1CCC(=O)NC1=O)C2=O,[*:1]COc1cc(-c2cn(C)c(=O)c3cc(C(=N)NC4CCS(=O)(=O)CC4)sc23)ccc1OC,[*:2]c1cccc2c1C(=O)N(C1CCC(=O)NC1=O)C2=O,[*:1]C(=O)NCCCOCCOCCOCCCNC(=O)CO[*:2]
COc1ccc(-c2cn(C)c(=O)c3cc(C(=N)NC4CCS(=O)(=O)CC4)sc23)cc1OCC(=O)NCCCCCCOc1cccc2c1C(=O)N(C1CCC(=O)NC1=O)C2=O,[*:1]COc1cc(-c2cn(C)c(=O)c3cc(C(=N)NC4CCS(=O)(=O)CC4)sc23)ccc1OC,[*:2]c1cccc2c1C(=O)N(C1CCC(=O)NC1=O)C2=O,[*:1]C(=O)NCCCCCCO[*:2]
COc1ccc(-c2cn(C)c(=O)c3cc(C(=N)NC4CCS(=O)(=O)CC4)sc23)cc1OCC(=O)N1CCC(C2CCN(C(=O)Oc3cccc4c3C(=O)N(C3CCC(=O)NC3=O)C4=O)CC2)CC1,[*:1]COc1cc(-c2cn(C)c(=O)c3cc(C(=N)NC4CCS(=O)(=O)CC4)sc23)ccc1OC,[*:2]c1cccc2c1C(=O)N(C1CCC(=O)NC1=O)C2=O,[*:1]C(=O)N1CCC(C2CCN(C(=O)O[*:2])CC2)CC1
COc1ccc(-c2cn(C)c(=O)c3cc(C(=N)NC4CCS(=O)(=O)CC4)sc23)cc1OCC(=O)NCCOCCOCCOCCN[C@H](C(=O)N1C[C@H](O)C[C@H]1C(=O)NCc1ccc(-c2scnc2C)cc1)C(C)(C)C,[*:1]COc1cc(-c2cn(C)c(=O)c3cc(C(=N)NC4CCS(=O)(=O)CC4)sc23)ccc1OC,[*:2]N[C@H](C(=O)N1C[C@H](O)C[C@H]1C(=O)NCc1ccc(-c2scnc2C)cc1)C(C)(C)C,[*:1]C(=O)NCCOCCOCCOCC[*:2]
COc1ccc(-c2cn(C)c(=O)c3cc(C(=N)NC4CCS(=O)(=O)CC4)sc23)cc1OCC(=O)NCCOCCOCCN[C@H](C(=O)N1C[C@H](O)C[C@H]1C(=O)NCc1ccc(-c2scnc2C)cc1)C(C)(C)C,[*:1]COc1cc(-c2cn(C)c(=O)c3cc(C(=N)NC4CCS(=O)(=O)CC4)sc23)ccc1OC,[*:2]N[C@H](C(=O)N1C[C@H](O)C[C@H]1C(=O)NCc1ccc(-c2scnc2C)cc1)C(C)(C)C,[*:1]C(=O)NCCOCCOCC[*:2]
COc1ccc(-c2cn(C)c(=O)c3cc(C(=N)NC4CCS(=O)(=O)CC4)sc23)cc1OCC(=O)NCCCCCCCCNc1ccc2c(c1)C(=O)N(C1CCC(=O)NC1=O)C2=O,[*:1]COc1cc(-c2cn(C)c(=O)c3cc(C(=N)NC4CCS(=O)(=O)CC4)sc23)ccc1OC,[*:2]Nc1ccc2c(c1)C(=O)N(C1CCC(=O)NC1=O)C2=O,[*:1]C(=O)NCCCCCCCC[*:2]
COc1ccc(-c2cn(C)c(=O)c3cc(C(=N)NC4CCS(=O)(=O)CC4)sc23)cc1OCC(=O)NCCCCCCCCNc1cccc2c1C(=O)N(C1CCC(=O)NC1=O)C2=O,[*:1]COc1cc(-c2cn(C)c(=O)c3cc(C(=N)NC4CCS(=O)(=O)CC4)sc23)ccc1OC,[*:2]Nc1cccc2c1C(=O)N(C1CCC(=O)NC1=O)C2=O,[*:1]C(=O)NCCCCCCCC[*:2]
COc1ccc(-c2cn(C)c(=O)c3cc(C(=N)NC4CCS(=O)(=O)CC4)sc23)cc1OCC(=O)NCCCCCCCCNc1cccc2c1CN(C1CCC(=O)NC1=O)C2=O,[*:1]COc1cc(-c2cn(C)c(=O)c3cc(C(=N)NC4CCS(=O)(=O)CC4)sc23)ccc1OC,[*:2]Nc1cccc2c1CN(C1CCC(=O)NC1=O)C2=O,[*:1]C(=O)NCCCCCCCC[*:2]
COc1cc(-c2cn(C)c(=O)c3cnccc23)cc(OC)c1CN(C)CC(=O)NCCCCCCNc1ccc2c(c1)C(=O)N(C1CCC(=O)NC1=O)C2=O,[*:1]CN(C)Cc1c(OC)cc(-c2cn(C)c(=O)c3cnccc23)cc1OC,[*:2]Nc1ccc2c(c1)C(=O)N(C1CCC(=O)NC1=O)C2=O,[*:1]C(=O)NCCCCCC[*:2]
COc1cc(-c2cn(C)c(=O)c3cnccc23)cc(OC)c1CN(C)CC(=O)NCCCCCCCCNc1cccc2c1C(=O)N(C1CCC(=O)NC1=O)C2=O,[*:1]CN(C)Cc1c(OC)cc(-c2cn(C)c(=O)c3cnccc23)cc1OC,[*:2]Nc1cccc2c1C(=O)N(C1CCC(=O)NC1=O)C2=O,[*:1]C(=O)NCCCCCCCC[*:2]
COc1cc(-c2cn(C)c(=O)c3cnccc23)cc(OC)c1CN(C)CC(=O)NCCOCCOCCOCC(=O)N[C@H](C(=O)N1C[C@H](O)C[C@H]1C(=O)NCc1ccc(-c2scnc2C)cc1)C(C)(C)C,[*:1]CN(C)Cc1c(OC)cc(-c2cn(C)c(=O)c3cnccc23)cc1OC,[*:2]CC(=O)N[C@H](C(=O)N1C[C@H](O)C[C@H]1C(=O)NCc1ccc(-c2scnc2C)cc1)C(C)(C)C,[*:1]C(=O)NCCOCCOCCO[*:2]
COc1cc(-c2cn(C)c(=O)c3cnccc23)cc(OC)c1CN(C)CC(=O)NCCCCCCCCNC(=O)COc1cccc2c1C(=O)N(C1CCC(=O)NC1=O)C2=O,[*:1]CN(C)Cc1c(OC)cc(-c2cn(C)c(=O)c3cnccc23)cc1OC,[*:2]c1cccc2c1C(=O)N(C1CCC(=O)NC1=O)C2=O,[*:1]C(=O)NCCCCCCCCNC(=O)CO[*:2]
COc1cc(-c2cn(C)c(=O)c3cnccc23)cc(OC)c1CN(C)CC(=O)NCCOCCOCCNc1cccc2c1C(=O)N(C1CCC(=O)NC1=O)C2=O,[*:1]CN(C)Cc1c(OC)cc(-c2cn(C)c(=O)c3cnccc23)cc1OC,[*:2]Nc1cccc2c1C(=O)N(C1CCC(=O)NC1=O)C2=O,[*:1]C(=O)NCCOCCOCC[*:2]
CC(C)(C)c1cnc(CSc2cnc(NC(=O)C3CCN(CC(=O)NCCOCCOCCOCCNc4cccc5c4C(=O)N(C4CCC(=O)NC4=O)C5=O)CC3)s2)o1,[*:1]N1CCC(C(=O)Nc2ncc(SCc3ncc(C(C)(C)C)o3)s2)CC1,[*:2]Nc1cccc2c1C(=O)N(C1CCC(=O)NC1=O)C2=O,[*:1]CC(=O)NCCOCCOCCOCC[*:2]
Cc1ncsc1-c1ccc(CNC(=O)[C@@H]2C[C@@H](O)CN2C(=O)[C@@H](NC(=O)C2(F)CC2)C(C)(C)C)c(OCCOCCOCCN2CCN(c3cc(-c4ccccc4O)nnc3N)CC2)c1,[*:1]N1CCN(c2cc(-c3ccccc3O)nnc2N)CC1,[*:2]Oc1cc(-c2scnc2C)ccc1CNC(=O)[C@@H]1C[C@@H](O)CN1C(=O)[C@@H](NC(=O)C1(F)CC1)C(C)(C)C,[*:1]CCOCCOCC[*:2]
Cc1ncsc1-c1ccc(CNC(=O)[C@@H]2C[C@@H](O)CN2C(=O)[C@@H](NC(=O)C2(F)CC2)C(C)(C)C)c(OCCc2ccc(CN3CCN(c4cc(-c5ccccc5O)nnc4N)CC3)cc2)c1,[*:1]N1CCN(c2cc(-c3ccccc3O)nnc2N)CC1,[*:2]Oc1cc(-c2scnc2C)ccc1CNC(=O)[C@@H]1C[C@@H](O)CN1C(=O)[C@@H](NC(=O)C1(F)CC1)C(C)(C)C,[*:1]Cc1ccc(CC[*:2])cc1
Cc1ncsc1-c1ccc(CNC(=O)[C@@H]2C[C@@H](O)CN2C(=O)[C@@H](NC(=O)C2(F)CC2)C(C)(C)C)c(OCCOc2ccc(CN3CCN(c4cc(-c5ccccc5O)nnc4N)CC3)cc2)c1,[*:1]N1CCN(c2cc(-c3ccccc3O)nnc2N)CC1,[*:2]Oc1cc(-c2scnc2C)ccc1CNC(=O)[C@@H]1C[C@@H](O)CN1C(=O)[C@@H](NC(=O)C1(F)CC1)C(C)(C)C,[*:1]Cc1ccc(OCC[*:2])cc1
O=C(COc1cccc2c1C(=O)N(C1CCC(=O)NC1=O)C2=O)NCCCCCC(=O)N1CCC(NC(=O)c2n[nH]cc2NC(=O)c2c(Cl)cccc2Cl)CC1,[*:1]N1CCC(NC(=O)c2n[nH]cc2NC(=O)c2c(Cl)cccc2Cl)CC1,[*:2]c1cccc2c1C(=O)N(C1CCC(=O)NC1=O)C2=O,[*:1]C(=O)CCCCCNC(=O)CO[*:2]
O=C(CCC(=O)N1CCC(NC(=O)c2n[nH]cc2NC(=O)c2c(Cl)cccc2Cl)CC1)NCCNc1cccc2c1C(=O)N(C1CCC(=O)NC1=O)C2=O,[*:1]N1CCC(NC(=O)c2n[nH]cc2NC(=O)c2c(Cl)cccc2Cl)CC1,[*:2]Nc1cccc2c1C(=O)N(C1CCC(=O)NC1=O)C2=O,[*:1]C(=O)CCC(=O)NCC[*:2]
O=C(CCC(=O)N1CCC(NC(=O)c2n[nH]cc2NC(=O)c2c(Cl)cccc2Cl)CC1)NCCCCNc1cccc2c1C(=O)N(C1CCC(=O)NC1=O)C2=O,[*:1]N1CCC(NC(=O)c2n[nH]cc2NC(=O)c2c(Cl)cccc2Cl)CC1,[*:2]Nc1cccc2c1C(=O)N(C1CCC(=O)NC1=O)C2=O,[*:1]C(=O)CCC(=O)NCCCC[*:2]
O=C(CCC(=O)N1CCC(NC(=O)c2n[nH]cc2NC(=O)c2c(Cl)cccc2Cl)CC1)NCCCCCCNc1cccc2c1C(=O)N(C1CCC(=O)NC1=O)C2=O,[*:1]N1CCC(NC(=O)c2n[nH]cc2NC(=O)c2c(Cl)cccc2Cl)CC1,[*:2]Nc1cccc2c1C(=O)N(C1CCC(=O)NC1=O)C2=O,[*:1]C(=O)CCC(=O)NCCCCCC[*:2]
O=C(CCC(=O)N1CCC(NC(=O)c2n[nH]cc2NC(=O)c2c(Cl)cccc2Cl)CC1)NCCNC(=O)COc1cccc2c1C(=O)N(C1CCC(=O)NC1=O)C2=O,[*:1]N1CCC(NC(=O)c2n[nH]cc2NC(=O)c2c(Cl)cccc2Cl)CC1,[*:2]c1cccc2c1C(=O)N(C1CCC(=O)NC1=O)C2=O,[*:1]C(=O)CCC(=O)NCCNC(=O)CO[*:2]
O=C(CCC(=O)N1CCC(NC(=O)c2n[nH]cc2NC(=O)c2c(Cl)cccc2Cl)CC1)NCCCCNC(=O)COc1cccc2c1C(=O)N(C1CCC(=O)NC1=O)C2=O,[*:1]N1CCC(NC(=O)c2n[nH]cc2NC(=O)c2c(Cl)cccc2Cl)CC1,[*:2]c1cccc2c1C(=O)N(C1CCC(=O)NC1=O)C2=O,[*:1]C(=O)CCC(=O)NCCCCNC(=O)CO[*:2]
O=C(CCC(=O)N1CCC(NC(=O)c2n[nH]cc2NC(=O)c2c(Cl)cccc2Cl)CC1)NCCCCCCNC(=O)COc1cccc2c1C(=O)N(C1CCC(=O)NC1=O)C2=O,[*:1]N1CCC(NC(=O)c2n[nH]cc2NC(=O)c2c(Cl)cccc2Cl)CC1,[*:2]c1cccc2c1C(=O)N(C1CCC(=O)NC1=O)C2=O,[*:1]C(=O)CCC(=O)NCCCCCCNC(=O)CO[*:2]
O=C(COc1cccc2c1C(=O)N(C1CCC(=O)NC1=O)C2=O)NCCOCCOCC(=O)N1CCC(NC(=O)c2n[nH]cc2NC(=O)c2c(Cl)cccc2Cl)CC1,[*:1]N1CCC(NC(=O)c2n[nH]cc2NC(=O)c2c(Cl)cccc2Cl)CC1,[*:2]c1cccc2c1C(=O)N(C1CCC(=O)NC1=O)C2=O,[*:1]C(=O)COCCOCCNC(=O)CO[*:2]
O=C(CCC(=O)N1CCC(NC(=O)c2n[nH]cc2NC(=O)c2c(Cl)cccc2Cl)CC1)NCCCOCCOCCOCCNC(=O)COc1cccc2c1C(=O)N(C1CCC(=O)NC1=O)C2=O,[*:1]N1CCC(NC(=O)c2n[nH]cc2NC(=O)c2c(Cl)cccc2Cl)CC1,[*:2]c1cccc2c1C(=O)N(C1CCC(=O)NC1=O)C2=O,[*:1]C(=O)CCC(=O)NCCCOCCOCCOCCNC(=O)CO[*:2]
O=C(COc1cccc2c1C(=O)N(C1CCC(=O)NC1=O)C2=O)NCCCC(=O)N1CCN(Cc2ccc(NC(=O)c3n[nH]cc3Nc3ncnc4[nH]ccc34)cc2)CC1,[*:1]N1CCN(Cc2ccc(NC(=O)c3n[nH]cc3Nc3ncnc4[nH]ccc34)cc2)CC1,[*:2]c1cccc2c1C(=O)N(C1CCC(=O)NC1=O)C2=O,[*:1]C(=O)CCCNC(=O)CO[*:2]
O=C(COc1cccc2c1C(=O)N(C1CCC(=O)NC1=O)C2=O)NCCCCCC(=O)N1CCN(Cc2ccc(NC(=O)c3n[nH]cc3Nc3ncnc4[nH]ccc34)cc2)CC1,[*:1]N1CCN(Cc2ccc(NC(=O)c3n[nH]cc3Nc3ncnc4[nH]ccc34)cc2)CC1,[*:2]c1cccc2c1C(=O)N(C1CCC(=O)NC1=O)C2=O,[*:1]C(=O)CCCCCNC(=O)CO[*:2]
O=C(CCC(=O)N1CCN(Cc2ccc(NC(=O)c3n[nH]cc3Nc3ncnc4[nH]ccc34)cc2)CC1)NCCNc1cccc2c1C(=O)N(C1CCC(=O)NC1=O)C2=O,[*:1]N1CCN(Cc2ccc(NC(=O)c3n[nH]cc3Nc3ncnc4[nH]ccc34)cc2)CC1,[*:2]Nc1cccc2c1C(=O)N(C1CCC(=O)NC1=O)C2=O,[*:1]C(=O)CCC(=O)NCC[*:2]
O=C(CCC(=O)N1CCN(Cc2ccc(NC(=O)c3n[nH]cc3Nc3ncnc4[nH]ccc34)cc2)CC1)NCCCCNc1cccc2c1C(=O)N(C1CCC(=O)NC1=O)C2=O,[*:1]N1CCN(Cc2ccc(NC(=O)c3n[nH]cc3Nc3ncnc4[nH]ccc34)cc2)CC1,[*:2]Nc1cccc2c1C(=O)N(C1CCC(=O)NC1=O)C2=O,[*:1]C(=O)CCC(=O)NCCCC[*:2]
O=C(CCC(=O)N1CCN(Cc2ccc(NC(=O)c3n[nH]cc3Nc3ncnc4[nH]ccc34)cc2)CC1)NCCCCCCNc1cccc2c1C(=O)N(C1CCC(=O)NC1=O)C2=O,[*:1]N1CCN(Cc2ccc(NC(=O)c3n[nH]cc3Nc3ncnc4[nH]ccc34)cc2)CC1,[*:2]Nc1cccc2c1C(=O)N(C1CCC(=O)NC1=O)C2=O,[*:1]C(=O)CCC(=O)NCCCCCC[*:2]
O=C(CCC(=O)N1CCN(Cc2ccc(NC(=O)c3n[nH]cc3Nc3ncnc4[nH]ccc34)cc2)CC1)NCCNC(=O)COc1cccc2c1C(=O)N(C1CCC(=O)NC1=O)C2=O,[*:1]N1CCN(Cc2ccc(NC(=O)c3n[nH]cc3Nc3ncnc4[nH]ccc34)cc2)CC1,[*:2]c1cccc2c1C(=O)N(C1CCC(=O)NC1=O)C2=O,[*:1]C(=O)CCC(=O)NCCNC(=O)CO[*:2]
O=C(CCC(=O)N1CCN(Cc2ccc(NC(=O)c3n[nH]cc3Nc3ncnc4[nH]ccc34)cc2)CC1)NCCCCNC(=O)COc1cccc2c1C(=O)N(C1CCC(=O)NC1=O)C2=O,[*:1]N1CCN(Cc2ccc(NC(=O)c3n[nH]cc3Nc3ncnc4[nH]ccc34)cc2)CC1,[*:2]c1cccc2c1C(=O)N(C1CCC(=O)NC1=O)C2=O,[*:1]C(=O)CCC(=O)NCCCCNC(=O)CO[*:2]
O=C(CCC(=O)N1CCN(Cc2ccc(NC(=O)c3n[nH]cc3Nc3ncnc4[nH]ccc34)cc2)CC1)NCCCCCCNC(=O)COc1cccc2c1C(=O)N(C1CCC(=O)NC1=O)C2=O,[*:1]N1CCN(Cc2ccc(NC(=O)c3n[nH]cc3Nc3ncnc4[nH]ccc34)cc2)CC1,[*:2]c1cccc2c1C(=O)N(C1CCC(=O)NC1=O)C2=O,[*:1]C(=O)CCC(=O)NCCCCCCNC(=O)CO[*:2]
O=C(COc1cccc2c1C(=O)N(C1CCC(=O)NC1=O)C2=O)NCCOCCOCC(=O)N1CCN(Cc2ccc(NC(=O)c3n[nH]cc3Nc3ncnc4[nH]ccc34)cc2)CC1,[*:1]N1CCN(Cc2ccc(NC(=O)c3n[nH]cc3Nc3ncnc4[nH]ccc34)cc2)CC1,[*:2]c1cccc2c1C(=O)N(C1CCC(=O)NC1=O)C2=O,[*:1]C(=O)COCCOCCNC(=O)CO[*:2]
O=C(CCC(=O)N1CCN(Cc2ccc(NC(=O)c3n[nH]cc3Nc3ncnc4[nH]ccc34)cc2)CC1)NCCCOCCOCCOCCNC(=O)COc1cccc2c1C(=O)N(C1CCC(=O)NC1=O)C2=O,[*:1]N1CCN(Cc2ccc(NC(=O)c3n[nH]cc3Nc3ncnc4[nH]ccc34)cc2)CC1,[*:2]c1cccc2c1C(=O)N(C1CCC(=O)NC1=O)C2=O,[*:1]C(=O)CCC(=O)NCCCOCCOCCOCCNC(=O)CO[*:2]
O=C(CCC(=O)N1CCN(Cc2ccc(NC(=O)c3n[nH]cc3Nc3ncnc4[nH]ccc34)cc2)CC1)NCCNc1cccc2c1CN(C1CCC(=O)NC1=O)C2=O,[*:1]N1CCN(Cc2ccc(NC(=O)c3n[nH]cc3Nc3ncnc4[nH]ccc34)cc2)CC1,[*:2]Nc1cccc2c1CN(C1CCC(=O)NC1=O)C2=O,[*:1]C(=O)CCC(=O)NCC[*:2]
O=C(CCC(=O)N1CCN(Cc2ccc(NC(=O)c3n[nH]cc3Nc3ncnc4[nH]ccc34)cc2)CC1)NCCNc1ccc2c(c1)C(=O)N(C1CCC(=O)NC1=O)C2=O,[*:1]N1CCN(Cc2ccc(NC(=O)c3n[nH]cc3Nc3ncnc4[nH]ccc34)cc2)CC1,[*:2]Nc1ccc2c(c1)C(=O)N(C1CCC(=O)NC1=O)C2=O,[*:1]C(=O)CCC(=O)NCC[*:2]
Cc1cc([C@H](C(=O)N2C[C@@H](O)C[C@@H]2C(=O)N[C@@H](CC(=O)N2CCC(N3CCC(C#Cc4ccc(C(=O)N[C@H]5C(C)(C)[C@H](Oc6ccc(C#N)c(Cl)c6)C5(C)C)cc4)CC3)CC2)c2ccc(-c3scnc3C)cc2)C(C)C)on1,[*:1]#Cc1ccc(C(=O)N[C@H]2C(C)(C)[C@H](Oc3ccc(C#N)c(Cl)c3)C2(C)C)cc1,[*:2][C@H](NC(=O)[C@H]1C[C@H](O)CN1C(=O)[C@@H](c1cc(C)no1)C(C)C)c1ccc(-c2scnc2C)cc1,[*:1]#CC1CCN(C2CCN(C(=O)C[*:2])CC2)CC1
Cc1cc([C@H](C(=O)N2C[C@@H](O)C[C@@H]2C(=O)N[C@@H](CC(=O)N2CCC(C#Cc3ccc(C(=O)N[C@H]4C(C)(C)[C@H](Oc5ccc(C#N)c(Cl)c5)C4(C)C)cc3)CC2)c2ccc(-c3scnc3C)cc2)C(C)C)on1,[*:1]#Cc1ccc(C(=O)N[C@H]2C(C)(C)[C@H](Oc3ccc(C#N)c(Cl)c3)C2(C)C)cc1,[*:2][C@H](NC(=O)[C@H]1C[C@H](O)CN1C(=O)[C@@H](c1cc(C)no1)C(C)C)c1ccc(-c2scnc2C)cc1,[*:1]#CC1CCN(C(=O)C[*:2])CC1
CC(=O)N[C@H](C(=O)N1C[C@@H](O)C[C@@H]1C(=O)N[C@@H](CC(=O)N1CCC(C#Cc2ccc(C(=O)N[C@H]3C(C)(C)[C@H](Oc4ccc(C#N)c(Cl)c4)C3(C)C)cc2)CC1)c1ccccc1)C(C)C,[*:1]#Cc1ccc(C(=O)N[C@H]2C(C)(C)[C@H](Oc3ccc(C#N)c(Cl)c3)C2(C)C)cc1,[*:2]C(=O)C[C@H](NC(=O)[C@H]1C[C@H](O)CN1C(=O)[C@@H](NC(C)=O)C(C)C)c1ccccc1,[*:1]#CC1CCN([*:2])CC1
CCCCN(Cc1ccc(C(=O)NO)cc1)C(=O)Nc1ccc(NC(=O)CCCc2cn(CCOCCNc3cccc4c3C(=O)N(C3CCC(=O)NC3=O)C4=O)nn2)cc1,[*:1]c1ccc(NC(=O)N(CCCC)Cc2ccc(C(=O)NO)cc2)cc1,[*:2]Nc1cccc2c1C(=O)N(C1CCC(=O)NC1=O)C2=O,[*:1]NC(=O)CCCc1cn(CCOCC[*:2])nn1
O=C1CCC(N2C(=O)c3cccc(NCCOCCOCCn4cc(CCCCN(Cc5ccc(C(=O)NO)cc5)C(=O)Nc5ccccc5)nn4)c3C2=O)C(=O)N1,[*:1]CCCCN(Cc1ccc(C(=O)NO)cc1)C(=O)Nc1ccccc1,[*:2]Nc1cccc2c1C(=O)N(C1CCC(=O)NC1=O)C2=O,[*:1]c1cn(CCOCCOCC[*:2])nn1
Cc1sc2c(c1C)C(c1ccc(Cl)cc1)=N[C@@H](CC(=O)NCCOCCOCCNc1cccc3nnn(C4CCC(=O)NC4=O)c(=O)c13)c1nnc(C)n1-2,[*:1]NC(=O)C[C@@H]1N=C(c2ccc(Cl)cc2)c2c(sc(C)c2C)-n2c(C)nnc21,[*:2]Nc1cccc2nnn(C3CCC(=O)NC3=O)c(=O)c12,[*:1]CCOCCOCC[*:2]
Cc1sc2c(c1C)C(c1ccc(Cl)cc1)=N[C@@H](CC(=O)NCCCCCCCCNc1cccc3nnn(C4CCC(=O)NC4=O)c(=O)c13)c1nnc(C)n1-2,[*:1]NC(=O)C[C@@H]1N=C(c2ccc(Cl)cc2)c2c(sc(C)c2C)-n2c(C)nnc21,[*:2]Nc1cccc2nnn(C3CCC(=O)NC3=O)c(=O)c12,[*:1]CCCCCCCC[*:2]
Cc1sc2c(c1C)C(c1ccc(Cl)cc1)=N[C@@H](CC(=O)Nc1ccc(OCCOCCOCCNc3cccc4nnn(C5CCC(=O)NC5=O)c(=O)c34)cc1)c1nnc(C)n1-2,[*:1]Oc1ccc(NC(=O)C[C@@H]2N=C(c3ccc(Cl)cc3)c3c(sc(C)c3C)-n3c(C)nnc32)cc1,[*:2]Nc1cccc2nnn(C3CCC(=O)NC3=O)c(=O)c12,[*:1]CCOCCOCC[*:2]
Cc1sc2c(c1C)C(c1ccc(Cl)cc1)=N[C@@H](CC(=O)Nc1cccc(OCCOCCOCCNc3cccc4nnn(C5CCC(=O)NC5=O)c(=O)c34)c1)c1nnc(C)n1-2,[*:1]NC(=O)C[C@@H]1N=C(c2ccc(Cl)cc2)c2c(sc(C)c2C)-n2c(C)nnc21,[*:2]Nc1cccc2nnn(C3CCC(=O)NC3=O)c(=O)c12,[*:1]c1cccc(OCCOCCOCC[*:2])c1
COc1ccc(C2=NC(c3ccc(Cl)cc3)C(c3ccc(Cl)cc3)N2C(=O)N2CCN(CC(=O)NCCOCCOCCOCC(=O)Nc3ccc(OCC(C)(O)C(=O)Nc4ccc([N+](=O)[O-])c(C(F)(F)F)c4)cc3)C(=O)C2)c(OC(C)C)c1,[*:1]CC(=O)Nc1ccc(OCC(C)(O)C(=O)Nc2ccc([N+](=O)[O-])c(C(F)(F)F)c2)cc1,[*:2]N1CCN(C(=O)N2C(c3ccc(OC)cc3OC(C)C)=NC(c3ccc(Cl)cc3)C2c2ccc(Cl)cc2)CC1=O,[*:1]OCCOCCOCCNC(=O)C[*:2]
Cc1ncsc1-c1ccc(CNC(=O)[C@@H]2[C@@H](F)[C@@H](O)CN2C(=O)[C@@H](NC(=O)COCCOCCOCCNC(=O)C[C@@H]2N=C(c3ccc(Cl)cc3)c3c(sc(C)c3C)-n3c(C)nnc32)C(C)(C)C)cc1,[*:1]NC(=O)C[C@@H]1N=C(c2ccc(Cl)cc2)c2c(sc(C)c2C)-n2c(C)nnc21,[*:2]CC(=O)N[C@H](C(=O)N1C[C@H](O)[C@H](F)[C@H]1C(=O)NCc1ccc(-c2scnc2C)cc1)C(C)(C)C,[*:1]CCOCCOCCO[*:2]
Cc1ncsc1-c1ccc(CNC(=O)[C@@H]2[C@H](F)[C@@H](O)CN2C(=O)[C@@H](NC(=O)COCCOCCOCCNC(=O)C[C@@H]2N=C(c3ccc(Cl)cc3)c3c(sc(C)c3C)-n3c(C)nnc32)C(C)(C)C)cc1,[*:1]NC(=O)C[C@@H]1N=C(c2ccc(Cl)cc2)c2c(sc(C)c2C)-n2c(C)nnc21,[*:2]CC(=O)N[C@H](C(=O)N1C[C@H](O)[C@@H](F)[C@H]1C(=O)NCc1ccc(-c2scnc2C)cc1)C(C)(C)C,[*:1]CCOCCOCCO[*:2]
CC(=O)c1c(C)c2cnc(Nc3ccc(N4CCN(CC(=O)NCCOCCOCCOCCNc5cccc6c5C(=O)N(C5CCC(=O)NC5=O)C6=O)CC4)cn3)nc2n(C2CCCC2)c1=O,[*:1]N1CCN(c2ccc(Nc3ncc4c(C)c(C(C)=O)c(=O)n(C5CCCC5)c4n3)nc2)CC1,[*:2]Nc1cccc2c1C(=O)N(C1CCC(=O)NC1=O)C2=O,[*:1]CC(=O)NCCOCCOCCOCC[*:2]
CC(=O)c1c(C)c2cnc(Nc3ccc(N4CCN(CCOCCOCCOCCNC(=O)COc5cccc6c5C(=O)N(C5CCC(=O)NC5=O)C6=O)CC4)cn3)nc2n(C2CCCC2)c1=O,[*:1]N1CCN(c2ccc(Nc3ncc4c(C)c(C(C)=O)c(=O)n(C5CCCC5)c4n3)nc2)CC1,[*:2]c1cccc2c1C(=O)N(C1CCC(=O)NC1=O)C2=O,[*:1]CCOCCOCCOCCNC(=O)CO[*:2]
Cc1cc(Nc2ncc(Cl)c(Nc3ccccc3S(=O)(=O)C(C)C)n2)c(OC(C)C)cc1C1CCN(CC(=O)NCCOCCOCCOCCOCCOCCNc2cccc3c2C(=O)N(C2CCC(=O)NC2=O)C3=O)CC1,[*:1]N1CCC(c2cc(OC(C)C)c(Nc3ncc(Cl)c(Nc4ccccc4S(=O)(=O)C(C)C)n3)cc2C)CC1,[*:2]Nc1cccc2c1C(=O)N(C1CCC(=O)NC1=O)C2=O,[*:1]CC(=O)NCCOCCOCCOCCOCCOCC[*:2]
Cc1cc(Nc2ncc(Cl)c(Nc3ccccc3S(=O)(=O)C(C)C)n2)c(OC(C)C)cc1C1CCN(CC(=O)NCCNc2cccc3c2C(=O)N(C2CCC(=O)NC2=O)C3=O)CC1,[*:1]N1CCC(c2cc(OC(C)C)c(Nc3ncc(Cl)c(Nc4ccccc4S(=O)(=O)C(C)C)n3)cc2C)CC1,[*:2]Nc1cccc2c1C(=O)N(C1CCC(=O)NC1=O)C2=O,[*:1]CC(=O)NCC[*:2]
O=C(CCCCCCC(=O)N/N=C/c1ccc(OCCn2cc(CNc3cccc4c3C(=O)N(C3CCC(=O)NC3=O)C4=O)nn2)cc1)NO,[*:1]COc1ccc(/C=N/NC(=O)CCCCCCC(=O)NO)cc1,[*:2]Nc1cccc2c1C(=O)N(C1CCC(=O)NC1=O)C2=O,[*:1]Cn1cc(C[*:2])nn1
O=C(CCCCCCC(=O)N/N=C/c1ccc(OCCOCCn2cc(CNc3cccc4c3C(=O)N(C3CCC(=O)NC3=O)C4=O)nn2)cc1)NO,[*:1]COc1ccc(/C=N/NC(=O)CCCCCCC(=O)NO)cc1,[*:2]Nc1cccc2c1C(=O)N(C1CCC(=O)NC1=O)C2=O,[*:1]COCCn1cc(C[*:2])nn1
O=C(CCCCCCC(=O)N/N=C/c1ccc(OCCOCCOCCn2cc(CNc3cccc4c3C(=O)N(C3CCC(=O)NC3=O)C4=O)nn2)cc1)NO,[*:1]COc1ccc(/C=N/NC(=O)CCCCCCC(=O)NO)cc1,[*:2]Nc1cccc2c1C(=O)N(C1CCC(=O)NC1=O)C2=O,[*:1]COCCOCCn1cc(C[*:2])nn1
O=C(CCCCCCC(=O)N/N=C/c1ccc(OCCOCCOCCOCCn2cc(CNc3cccc4c3C(=O)N(C3CCC(=O)NC3=O)C4=O)nn2)cc1)NO,[*:1]COc1ccc(/C=N/NC(=O)CCCCCCC(=O)NO)cc1,[*:2]Nc1cccc2c1C(=O)N(C1CCC(=O)NC1=O)C2=O,[*:1]COCCOCCOCCn1cc(C[*:2])nn1
Cc1sc2c(c1C)C(c1ccc(Cl)cc1)=N[C@@H](CC(=O)NCCn1cc(COc3cccc4c3C(=O)N(C3CCC(=O)NC3=O)C4=O)nn1)c1nnc(C)n1-2,[*:1]NC(=O)C[C@@H]1N=C(c2ccc(Cl)cc2)c2c(sc(C)c2C)-n2c(C)nnc21,[*:2]c1cccc2c1C(=O)N(C1CCC(=O)NC1=O)C2=O,[*:1]CCn1cc(CO[*:2])nn1
Cc1sc2c(c1C)C(c1ccc(Cl)cc1)=N[C@@H](CC(=O)NCCn1cc(COCCOc3cccc4c3C(=O)N(C3CCC(=O)NC3=O)C4=O)nn1)c1nnc(C)n1-2,[*:1]NC(=O)C[C@@H]1N=C(c2ccc(Cl)cc2)c2c(sc(C)c2C)-n2c(C)nnc21,[*:2]c1cccc2c1C(=O)N(C1CCC(=O)NC1=O)C2=O,[*:1]CCn1cc(COCCO[*:2])nn1
Cc1sc2c(c1C)C(c1ccc(Cl)cc1)=N[C@@H](CC(=O)NCCn1cc(COCCOCCOc3cccc4c3C(=O)N(C3CCC(=O)NC3=O)C4=O)nn1)c1nnc(C)n1-2,[*:1]NC(=O)C[C@@H]1N=C(c2ccc(Cl)cc2)c2c(sc(C)c2C)-n2c(C)nnc21,[*:2]c1cccc2c1C(=O)N(C1CCC(=O)NC1=O)C2=O,[*:1]CCn1cc(COCCOCCO[*:2])nn1
Cc1sc2c(c1C)C(c1ccc(Cl)cc1)=N[C@@H](CC(=O)NCCn1cc(COCCOCCOCCOc3cccc4c3C(=O)N(C3CCC(=O)NC3=O)C4=O)nn1)c1nnc(C)n1-2,[*:1]NC(=O)C[C@@H]1N=C(c2ccc(Cl)cc2)c2c(sc(C)c2C)-n2c(C)nnc21,[*:2]c1cccc2c1C(=O)N(C1CCC(=O)NC1=O)C2=O,[*:1]CCn1cc(COCCOCCOCCO[*:2])nn1
Cc1sc2c(c1C)C(c1ccc(Cl)cc1)=N[C@@H](CC(=O)NCCn1cc(COCCOCCOCCOCCOc3cccc4c3C(=O)N(C3CCC(=O)NC3=O)C4=O)nn1)c1nnc(C)n1-2,[*:1]NC(=O)C[C@@H]1N=C(c2ccc(Cl)cc2)c2c(sc(C)c2C)-n2c(C)nnc21,[*:2]c1cccc2c1C(=O)N(C1CCC(=O)NC1=O)C2=O,[*:1]CCn1cc(COCCOCCOCCOCCO[*:2])nn1
Cc1ncsc1-c1ccc(CNC(=O)[C@@H]2C[C@@H](O)CN2C(=O)[C@@H](NC(=O)COCc2cn(CCNC(=O)C[C@@H]3N=C(c4ccc(Cl)cc4)c4c(sc(C)c4C)-n4c(C)nnc43)nn2)C(C)(C)C)cc1,[*:1]NC(=O)C[C@@H]1N=C(c2ccc(Cl)cc2)c2c(sc(C)c2C)-n2c(C)nnc21,[*:2]CC(=O)N[C@H](C(=O)N1C[C@H](O)C[C@H]1C(=O)NCc1ccc(-c2scnc2C)cc1)C(C)(C)C,[*:1]CCn1cc(CO[*:2])nn1
Cc1ncsc1-c1ccc(CNC(=O)[C@@H]2C[C@@H](O)CN2C(=O)[C@@H](NC(=O)COCCOCc2cn(CCNC(=O)C[C@@H]3N=C(c4ccc(Cl)cc4)c4c(sc(C)c4C)-n4c(C)nnc43)nn2)C(C)(C)C)cc1,[*:1]NC(=O)C[C@@H]1N=C(c2ccc(Cl)cc2)c2c(sc(C)c2C)-n2c(C)nnc21,[*:2]CC(=O)N[C@H](C(=O)N1C[C@H](O)C[C@H]1C(=O)NCc1ccc(-c2scnc2C)cc1)C(C)(C)C,[*:1]CCn1cc(COCCO[*:2])nn1
Cc1ncsc1-c1ccc(CNC(=O)[C@@H]2C[C@@H](O)CN2C(=O)[C@@H](NC(=O)COCCOCCOCc2cn(CCNC(=O)C[C@@H]3N=C(c4ccc(Cl)cc4)c4c(sc(C)c4C)-n4c(C)nnc43)nn2)C(C)(C)C)cc1,[*:1]NC(=O)C[C@@H]1N=C(c2ccc(Cl)cc2)c2c(sc(C)c2C)-n2c(C)nnc21,[*:2]CC(=O)N[C@H](C(=O)N1C[C@H](O)C[C@H]1C(=O)NCc1ccc(-c2scnc2C)cc1)C(C)(C)C,[*:1]CCn1cc(COCCOCCO[*:2])nn1
Cc1ncsc1-c1ccc(CNC(=O)[C@@H]2C[C@@H](O)CN2C(=O)[C@@H](NC(=O)COCCOCCOCCOCc2cn(CCNC(=O)C[C@@H]3N=C(c4ccc(Cl)cc4)c4c(sc(C)c4C)-n4c(C)nnc43)nn2)C(C)(C)C)cc1,[*:1]NC(=O)C[C@@H]1N=C(c2ccc(Cl)cc2)c2c(sc(C)c2C)-n2c(C)nnc21,[*:2]CC(=O)N[C@H](C(=O)N1C[C@H](O)C[C@H]1C(=O)NCc1ccc(-c2scnc2C)cc1)C(C)(C)C,[*:1]CCn1cc(COCCOCCOCCO[*:2])nn1
Cc1ncsc1-c1ccc(CNC(=O)[C@@H]2C[C@@H](O)CN2C(=O)[C@@H](NC(=O)COCCOCCOCCOCCOCc2cn(CCNC(=O)C[C@@H]3N=C(c4ccc(Cl)cc4)c4c(sc(C)c4C)-n4c(C)nnc43)nn2)C(C)(C)C)cc1,[*:1]NC(=O)C[C@@H]1N=C(c2ccc(Cl)cc2)c2c(sc(C)c2C)-n2c(C)nnc21,[*:2]CC(=O)N[C@H](C(=O)N1C[C@H](O)C[C@H]1C(=O)NCc1ccc(-c2scnc2C)cc1)C(C)(C)C,[*:1]CCn1cc(COCCOCCOCCOCCO[*:2])nn1
COc1ccc(OC)c2c1c(OC)cc1c(=O)cc(-c3ccc(-c4cn(CCOc5cccc6c5C(=O)N(C5CCC(=O)NC5=O)C6=O)nn4)cc3)oc12,[*:1]c1ccc(-c2cc(=O)c3cc(OC)c4c(OC)ccc(OC)c4c3o2)cc1,[*:2]c1cccc2c1C(=O)N(C1CCC(=O)NC1=O)C2=O,[*:1]c1cn(CCO[*:2])nn1
COc1ccc(OC)c2c1c(OC)cc1c(=O)cc(-c3ccc(-c4cn(CCCCCOc5cccc6c5C(=O)N(C5CCC(=O)NC5=O)C6=O)nn4)cc3)oc12,[*:1]c1ccc(-c2cc(=O)c3cc(OC)c4c(OC)ccc(OC)c4c3o2)cc1,[*:2]c1cccc2c1C(=O)N(C1CCC(=O)NC1=O)C2=O,[*:1]c1cn(CCCCCO[*:2])nn1
COc1ccc(OC)c2c1c(OC)cc1c(=O)cc(-c3ccc(-c4cn(CCCCCCOc5cccc6c5C(=O)N(C5CCC(=O)NC5=O)C6=O)nn4)cc3)oc12,[*:1]c1ccc(-c2cc(=O)c3cc(OC)c4c(OC)ccc(OC)c4c3o2)cc1,[*:2]c1cccc2c1C(=O)N(C1CCC(=O)NC1=O)C2=O,[*:1]c1cn(CCCCCCO[*:2])nn1
COc1ccc(OC)c2c1c(OC)cc1c(=O)cc(-c3ccc(-c4cn(CCCCCCCCOc5cccc6c5C(=O)N(C5CCC(=O)NC5=O)C6=O)nn4)cc3)oc12,[*:1]c1ccc(-c2cc(=O)c3cc(OC)c4c(OC)ccc(OC)c4c3o2)cc1,[*:2]c1cccc2c1C(=O)N(C1CCC(=O)NC1=O)C2=O,[*:1]c1cn(CCCCCCCCO[*:2])nn1
Cc1ncsc1-c1ccc(CNC(=O)[C@@H]2C[C@@H](O)CN2C(=O)[C@@H](NC(=O)COCCOCCOCCNC(=O)C[C@@H]2N=C(c3ccc(Cl)cc3)c3c(sc(C)c3C)-n3c(C)nnc32)C(C)(C)C)cc1,[*:1]NC(=O)C[C@@H]1N=C(c2ccc(Cl)cc2)c2c(sc(C)c2C)-n2c(C)nnc21,[*:2]CC(=O)N[C@H](C(=O)N1C[C@H](O)C[C@H]1C(=O)NCc1ccc(-c2scnc2C)cc1)C(C)(C)C,[*:1]CCOCCOCCO[*:2]
Cc1ncsc1-c1ccc(CNC(=O)[C@@H]2C[C@@H](O)CN2C(=O)[C@@H](NC(=O)COCCOCCOCCOCCNC(=O)C[C@@H]2N=C(c3ccc(Cl)cc3)c3c(sc(C)c3C)-n3c(C)nnc32)C(C)(C)C)cc1,[*:1]NC(=O)C[C@@H]1N=C(c2ccc(Cl)cc2)c2c(sc(C)c2C)-n2c(C)nnc21,[*:2]CC(=O)N[C@H](C(=O)N1C[C@H](O)C[C@H]1C(=O)NCc1ccc(-c2scnc2C)cc1)C(C)(C)C,[*:1]CCOCCOCCOCCO[*:2]
Cc1ncsc1-c1ccc(CNC(=O)[C@@H]2C[C@@H](O)CN2C(=O)[C@@H](NC(=O)[C@@H](Cc2ccccc2)NC(=O)COCCOCCOCCNC(=O)C[C@@H]2N=C(c3ccc(Cl)cc3)c3c(sc(C)c3C)-n3c(C)nnc32)C(C)(C)C)cc1,[*:1]NC(=O)C[C@@H]1N=C(c2ccc(Cl)cc2)c2c(sc(C)c2C)-n2c(C)nnc21,[*:2]CC(=O)N[C@H](Cc1ccccc1)C(=O)N[C@H](C(=O)N1C[C@H](O)C[C@H]1C(=O)NCc1ccc(-c2scnc2C)cc1)C(C)(C)C,[*:1]CCOCCOCCO[*:2]
Cc1ncsc1-c1ccc(CNC(=O)[C@@H]2C[C@@H](O)CN2C(=O)[C@@H](NC(=O)COCCOCCNC(=O)C[C@@H]2N=C(c3ccc(Cl)cc3)c3c(sc(C)c3C)-n3c(C)nnc32)C(C)(C)C)cc1,[*:1]NC(=O)C[C@@H]1N=C(c2ccc(Cl)cc2)c2c(sc(C)c2C)-n2c(C)nnc21,[*:2]CC(=O)N[C@H](C(=O)N1C[C@H](O)C[C@H]1C(=O)NCc1ccc(-c2scnc2C)cc1)C(C)(C)C,[*:1]CCOCCO[*:2]
CC(=O)N[C@H](C(=O)N1C[C@H](O)C[C@H]1C(=O)NCc1ccc(-c2scnc2C)cc1)C(C)(C)SCCCCCCNC(=O)C[C@@H]1N=C(c2ccc(Cl)cc2)c2c(sc(C)c2C)-n2c(C)nnc21,[*:1]NC(=O)C[C@@H]1N=C(c2ccc(Cl)cc2)c2c(sc(C)c2C)-n2c(C)nnc21,[*:2]C(C)(C)[C@H](NC(C)=O)C(=O)N1C[C@H](O)C[C@H]1C(=O)NCc1ccc(-c2scnc2C)cc1,[*:1]CCCCCCS[*:2]
CC(=O)N[C@H](C(=O)N1C[C@H](O)C[C@H]1C(=O)NCc1ccc(-c2scnc2C)cc1)C(C)(C)SCCCCNC(=O)C[C@@H]1N=C(c2ccc(Cl)cc2)c2c(sc(C)c2C)-n2c(C)nnc21,[*:1]NC(=O)C[C@@H]1N=C(c2ccc(Cl)cc2)c2c(sc(C)c2C)-n2c(C)nnc21,[*:2]C(C)(C)[C@H](NC(C)=O)C(=O)N1C[C@H](O)C[C@H]1C(=O)NCc1ccc(-c2scnc2C)cc1,[*:1]CCCCS[*:2]
CC(=O)N[C@H](C(=O)N1C[C@H](O)C[C@H]1C(=O)NCc1ccc(-c2scnc2C)cc1)C(C)(C)SCCOCCNC(=O)C[C@@H]1N=C(c2ccc(Cl)cc2)c2c(sc(C)c2C)-n2c(C)nnc21,[*:1]NC(=O)C[C@@H]1N=C(c2ccc(Cl)cc2)c2c(sc(C)c2C)-n2c(C)nnc21,[*:2]C(C)(C)[C@H](NC(C)=O)C(=O)N1C[C@H](O)C[C@H]1C(=O)NCc1ccc(-c2scnc2C)cc1,[*:1]CCOCCS[*:2]
CC(=O)N[C@H](C(=O)N1C[C@H](O)C[C@H]1C(=O)NCc1ccc(-c2scnc2C)cc1)C(C)(C)SCCCOCCCNC(=O)C[C@@H]1N=C(c2ccc(Cl)cc2)c2c(sc(C)c2C)-n2c(C)nnc21,[*:1]NC(=O)C[C@@H]1N=C(c2ccc(Cl)cc2)c2c(sc(C)c2C)-n2c(C)nnc21,[*:2]C(C)(C)[C@H](NC(C)=O)C(=O)N1C[C@H](O)C[C@H]1C(=O)NCc1ccc(-c2scnc2C)cc1,[*:1]CCCOCCCS[*:2]
CC(=O)N[C@H](C(=O)N1C[C@H](O)C[C@H]1C(=O)NCc1ccc(-c2scnc2C)cc1)C(C)(C)SCCCCOCCNC(=O)C[C@@H]1N=C(c2ccc(Cl)cc2)c2c(sc(C)c2C)-n2c(C)nnc21,[*:1]NC(=O)C[C@@H]1N=C(c2ccc(Cl)cc2)c2c(sc(C)c2C)-n2c(C)nnc21,[*:2]C(C)(C)[C@H](NC(C)=O)C(=O)N1C[C@H](O)C[C@H]1C(=O)NCc1ccc(-c2scnc2C)cc1,[*:1]CCOCCCCS[*:2]
CC(=O)N[C@H](C(=O)N1C[C@H](O)C[C@H]1C(=O)NCc1ccc(-c2scnc2C)cc1)C(C)(C)SCCOCCOCCNC(=O)C[C@@H]1N=C(c2ccc(Cl)cc2)c2c(sc(C)c2C)-n2c(C)nnc21,[*:1]NC(=O)C[C@@H]1N=C(c2ccc(Cl)cc2)c2c(sc(C)c2C)-n2c(C)nnc21,[*:2]C(C)(C)[C@H](NC(C)=O)C(=O)N1C[C@H](O)C[C@H]1C(=O)NCc1ccc(-c2scnc2C)cc1,[*:1]CCOCCOCCS[*:2]
CN1CC(Nc2cnn(C)c(=O)c2Br)CC(c2ccc(C(=O)N(C)CCCN(C)c3ccc(CCCOc4cccc5c4C(=O)N(C4CCC(=O)NC4=O)C5=O)cc3)cc2)C1,[*:1]c1ccc(C2CC(Nc3cnn(C)c(=O)c3Br)CN(C)C2)cc1,[*:2]c1cccc2c1C(=O)N(C1CCC(=O)NC1=O)C2=O,[*:1]C(=O)N(C)CCCN(C)c1ccc(CCCO[*:2])cc1
CN1C[C@H](Nc2cnn(C)c(=O)c2Br)C[C@H](c2ccc(C(=O)N(C)CCCN(C)c3ccc(CCCOc4cccc5c4C(=O)N(C4CCC(=O)NC4=O)C5=O)cc3)cc2)C1,[*:1]c1ccc([C@H]2C[C@@H](Nc3cnn(C)c(=O)c3Br)CN(C)C2)cc1,[*:2]c1cccc2c1C(=O)N(C1CCC(=O)NC1=O)C2=O,[*:1]C(=O)N(C)CCCN(C)c1ccc(CCCO[*:2])cc1
CN1C[C@@H](Nc2cnn(C)c(=O)c2Br)C[C@@H](c2ccc(C(=O)N(C)CCCN(C)c3ccc(CCCOc4cccc5c4C(=O)N(C4CCC(=O)NC4=O)C5=O)cc3)cc2)C1,[*:1]c1ccc([C@@H]2C[C@H](Nc3cnn(C)c(=O)c3Br)CN(C)C2)cc1,[*:2]c1cccc2c1C(=O)N(C1CCC(=O)NC1=O)C2=O,[*:1]C(=O)N(C)CCCN(C)c1ccc(CCCO[*:2])cc1
Cc1nc(CCC(=O)NCCCCC(=O)N[C@H](C(=O)N2C[C@H](O)C[C@H]2C(=O)NCc2ccc(-c3scnc3C)cc2)C(C)(C)C)ccc1-c1cnc(NCc2c(F)ccc3c2CCO3)n2cnnc12,[*:1]CNC(=O)CCc1ccc(-c2cnc(NCc3c(F)ccc4c3CCO4)n3cnnc23)c(C)n1,[*:2]CC(=O)N[C@H](C(=O)N1C[C@H](O)C[C@H]1C(=O)NCc1ccc(-c2scnc2C)cc1)C(C)(C)C,[*:1]CC[*:2]
Cc1nc(CCC(=O)NCCOc2ccc(OCC(=O)N[C@H](C(=O)N3C[C@H](O)C[C@H]3C(=O)NCc3ccc(-c4scnc4C)cc3)C(C)(C)C)cc2)ccc1-c1cnc(NCc2c(F)ccc3c2CCO3)n2cnnc12,[*:1]CNC(=O)CCc1ccc(-c2cnc(NCc3c(F)ccc4c3CCO4)n3cnnc23)c(C)n1,[*:2]CC(=O)N[C@H](C(=O)N1C[C@H](O)C[C@H]1C(=O)NCc1ccc(-c2scnc2C)cc1)C(C)(C)C,[*:1]COc1ccc(O[*:2])cc1
Cc1sc2c(c1C)C(c1ccc(Cl)cc1)=N[C@@H](CC(=O)Nc1ccc(OCCOCCOCCOCCNc3cccc4c3C(=O)N(C3CCC(=O)NC3=O)C4=O)cc1)c1nnc(C)n1-2,[*:1]Oc1ccc(NC(=O)C[C@@H]2N=C(c3ccc(Cl)cc3)c3c(sc(C)c3C)-n3c(C)nnc32)cc1,[*:2]Nc1cccc2c1C(=O)N(C1CCC(=O)NC1=O)C2=O,[*:1]CCOCCOCCOCC[*:2]
Nc1ncnc2c1c(-c1ccc(Oc3ccccc3)cc1)nn2[C@@H]1CCCN(C(=O)c2cn(CCOCCOCCOCCNc3cccc4c3C(=O)N(C3CCC(=O)NC3=O)C4=O)nn2)C1,[*:1]N1CCC[C@@H](n2nc(-c3ccc(Oc4ccccc4)cc3)c3c(N)ncnc32)C1,[*:2]Nc1cccc2c1C(=O)N(C1CCC(=O)NC1=O)C2=O,[*:1]C(=O)c1cn(CCOCCOCCOCC[*:2])nn1
NC(=O)c1c(-c2ccc(Oc3ccc(F)cc3F)cc2)nn([C@H]2CCCN(C(=O)COCCNc3cccc4c3C(=O)N(C3CCC(=O)NC3=O)C4=O)C2)c1N,[*:1]CC(=O)N1CCC[C@H](n2nc(-c3ccc(Oc4ccc(F)cc4F)cc3)c(C(N)=O)c2N)C1,[*:2]Nc1cccc2c1C(=O)N(C1CCC(=O)NC1=O)C2=O,[*:1]OCC[*:2]
NC(=O)c1c(-c2ccc(Oc3ccc(F)cc3F)cc2)nn([C@H]2CCCN(C(=O)COCCOCCNc3cccc4c3C(=O)N(C3CCC(=O)NC3=O)C4=O)C2)c1N,[*:1]CC(=O)N1CCC[C@H](n2nc(-c3ccc(Oc4ccc(F)cc4F)cc3)c(C(N)=O)c2N)C1,[*:2]Nc1cccc2c1C(=O)N(C1CCC(=O)NC1=O)C2=O,[*:1]OCCOCC[*:2]
NC(=O)c1c(-c2ccc(Oc3ccc(F)cc3F)cc2)nn([C@H]2CCCN(C(=O)COCCOCCOCCOCCNc3cccc4c3C(=O)N(C3CCC(=O)NC3=O)C4=O)C2)c1N,[*:1]CC(=O)N1CCC[C@H](n2nc(-c3ccc(Oc4ccc(F)cc4F)cc3)c(C(N)=O)c2N)C1,[*:2]Nc1cccc2c1C(=O)N(C1CCC(=O)NC1=O)C2=O,[*:1]OCCOCCOCCOCC[*:2]
NC(=O)c1c(-c2ccc(Oc3ccc(F)cc3F)cc2)nn([C@H]2CCCN(C(=O)COCCOCCOCCOCCOCCNc3cccc4c3C(=O)N(C3CCC(=O)NC3=O)C4=O)C2)c1N,[*:1]CC(=O)N1CCC[C@H](n2nc(-c3ccc(Oc4ccc(F)cc4F)cc3)c(C(N)=O)c2N)C1,[*:2]Nc1cccc2c1C(=O)N(C1CCC(=O)NC1=O)C2=O,[*:1]OCCOCCOCCOCCOCC[*:2]
NC(=O)c1c(-c2ccc(Oc3ccc(F)cc3F)cc2)nn([C@H]2CCCN(C(=O)COCCOCCOCCOCCOCCOCCNc3cccc4c3C(=O)N(C3CCC(=O)NC3=O)C4=O)C2)c1N,[*:1]CC(=O)N1CCC[C@H](n2nc(-c3ccc(Oc4ccc(F)cc4F)cc3)c(C(N)=O)c2N)C1,[*:2]Nc1cccc2c1C(=O)N(C1CCC(=O)NC1=O)C2=O,[*:1]OCCOCCOCCOCCOCCOCC[*:2]
Cc1nc[nH]c1-c1ccc(CNC(=O)[C@@H]2C[C@@H](O)CN2C(=O)[C@@H](NC(=O)CCOCCOCCOCCOCCOCCC(=O)N2CCC[C@@H](n3nc(-c4ccc(Oc5ccc(F)cc5F)cc4)c(C(N)=O)c3N)C2)C(C)(C)C)cc1,[*:1]CC(=O)N1CCC[C@@H](n2nc(-c3ccc(Oc4ccc(F)cc4F)cc3)c(C(N)=O)c2N)C1,[*:2]CC(=O)N[C@H](C(=O)N1C[C@H](O)C[C@H]1C(=O)NCc1ccc(-c2[nH]cnc2C)cc1)C(C)(C)C,[*:1]COCCOCCOCCOCCOC[*:2]
Cc1nc[nH]c1-c1ccc(CNC(=O)[C@@H]2C[C@@H](O)CN2C(=O)[C@@H](NC(=O)CCOCCOCCOCCOCCOCCOCCC(=O)N2CCC[C@@H](n3nc(-c4ccc(Oc5ccc(F)cc5F)cc4)c(C(N)=O)c3N)C2)C(C)(C)C)cc1,[*:1]CC(=O)N1CCC[C@@H](n2nc(-c3ccc(Oc4ccc(F)cc4F)cc3)c(C(N)=O)c2N)C1,[*:2]CC(=O)N[C@H](C(=O)N1C[C@H](O)C[C@H]1C(=O)NCc1ccc(-c2[nH]cnc2C)cc1)C(C)(C)C,[*:1]COCCOCCOCCOCCOCCOC[*:2]
C=CC(=O)N1C[C@H](n2nc(-c3ccc(Oc4ccccc4)cc3)c3c(N)ncnc32)C[C@H]1C(=O)OCCOCCOCC(=O)Nc1cccc2c1C(=O)N(C1CCC(=O)NC1=O)C2=O,[*:1]OC(=O)[C@@H]1C[C@@H](n2nc(-c3ccc(Oc4ccccc4)cc3)c3c(N)ncnc32)CN1C(=O)C=C,[*:2]Nc1cccc2c1C(=O)N(C1CCC(=O)NC1=O)C2=O,[*:1]CCOCCOCC([*:2])=O
C=CC(=O)N1C[C@H](n2nc(-c3ccc(Oc4ccccc4)cc3)c3c(N)ncnc32)C[C@H]1C(=O)OCCOCCOCCOCC(=O)Nc1cccc2c1C(=O)N(C1CCC(=O)NC1=O)C2=O,[*:1]OC(=O)[C@@H]1C[C@@H](n2nc(-c3ccc(Oc4ccccc4)cc3)c3c(N)ncnc32)CN1C(=O)C=C,[*:2]Nc1cccc2c1C(=O)N(C1CCC(=O)NC1=O)C2=O,[*:1]CCOCCOCCOCC([*:2])=O
C=CC(=O)N1C[C@H](n2nc(-c3ccc(Oc4ccccc4)cc3)c3c(N)ncnc32)C[C@H]1C(=O)OCCOCCOCCOCCOCC(=O)Nc1cccc2c1C(=O)N(C1CCC(=O)NC1=O)C2=O,[*:1]OC(=O)[C@@H]1C[C@@H](n2nc(-c3ccc(Oc4ccccc4)cc3)c3c(N)ncnc32)CN1C(=O)C=C,[*:2]Nc1cccc2c1C(=O)N(C1CCC(=O)NC1=O)C2=O,[*:1]CCOCCOCCOCCOCC([*:2])=O
C=CC(=O)N1C[C@H](n2nc(-c3ccc(Oc4ccccc4)cc3)c3c(N)ncnc32)C[C@H]1C(=O)OCCOCCOCCOCCOCCOCC(=O)Nc1cccc2c1C(=O)N(C1CCC(=O)NC1=O)C2=O,[*:1]OC(=O)[C@@H]1C[C@@H](n2nc(-c3ccc(Oc4ccccc4)cc3)c3c(N)ncnc32)CN1C(=O)C=C,[*:2]Nc1cccc2c1C(=O)N(C1CCC(=O)NC1=O)C2=O,[*:1]CCOCCOCCOCCOCCOCC([*:2])=O
C=CC(=O)N[C@@H](CCC(=O)OCCOCCOCC(=O)Nc1cccc2c1C(=O)N(C1CCC(=O)NC1=O)C2=O)C(=O)Nc1cccc(Nc2ncc(NC(=O)c3cc(NC(=O)c4cccc(C)c4)ccc3C)cn2)c1,[*:1]OC(=O)CC[C@H](NC(=O)C=C)C(=O)Nc1cccc(Nc2ncc(NC(=O)c3cc(NC(=O)c4cccc(C)c4)ccc3C)cn2)c1,[*:2]Nc1cccc2c1C(=O)N(C1CCC(=O)NC1=O)C2=O,[*:1]CCOCCOCC([*:2])=O
C=CC(=O)N[C@@H](CCC(=O)OCCOCCOCCOCCOCC(=O)Nc1cccc2c1C(=O)N(C1CCC(=O)NC1=O)C2=O)C(=O)Nc1cccc(Nc2ncc(NC(=O)c3cc(NC(=O)c4cccc(C)c4)ccc3C)cn2)c1,[*:1]OC(=O)CC[C@H](NC(=O)C=C)C(=O)Nc1cccc(Nc2ncc(NC(=O)c3cc(NC(=O)c4cccc(C)c4)ccc3C)cn2)c1,[*:2]Nc1cccc2c1C(=O)N(C1CCC(=O)NC1=O)C2=O,[*:1]CCOCCOCCOCCOCC([*:2])=O
C=CC(=O)N1C[C@@H](n2nc(-c3ccc(Oc4ccccc4)cc3)c3c(N)ncnc32)C[C@H]1C(=O)OCCOCCOCC(=O)N[C@H](C(=O)N1C[C@H](O)C[C@H]1C(=O)NCc1ccc(-c2scnc2C)cc1)C(C)(C)C,[*:1]OC(=O)[C@@H]1C[C@H](n2nc(-c3ccc(Oc4ccccc4)cc3)c3c(N)ncnc32)CN1C(=O)C=C,[*:2]CC(=O)N[C@H](C(=O)N1C[C@H](O)C[C@H]1C(=O)NCc1ccc(-c2scnc2C)cc1)C(C)(C)C,[*:1]CCOCCO[*:2]
CCC(=O)N1C[C@H](n2nc(-c3ccc(Oc4ccccc4)cc3)c3c(N)ncnc32)C[C@H]1C(=O)OCCOCCOCC(=O)N[C@H](C(=O)N1C[C@H](O)CC1C(=O)NCc1ccc(-c2scnc2C)cc1)C(C)(C)C,[*:1]OC(=O)[C@@H]1C[C@@H](n2nc(-c3ccc(Oc4ccccc4)cc3)c3c(N)ncnc32)CN1C(=O)CC,[*:2]CC(=O)N[C@H](C(=O)N1C[C@H](O)CC1C(=O)NCc1ccc(-c2scnc2C)cc1)C(C)(C)C,[*:1]CCOCCO[*:2]
CC(=O)c1c(C)c2cnc(Nc3ccc(N4CCN(Cc5cn(CCOCCOCCNc6cccc7c6C(=O)N(C6CCC(=O)NC6=O)C7=O)nn5)CC4)cn3)nc2n(C2CCCC2)c1=O,[*:1]N1CCN(c2ccc(Nc3ncc4c(C)c(C(C)=O)c(=O)n(C5CCCC5)c4n3)nc2)CC1,[*:2]Nc1cccc2c1C(=O)N(C1CCC(=O)NC1=O)C2=O,[*:1]Cc1cn(CCOCCOCC[*:2])nn1
CC(=O)c1c(C)c2cnc(Nc3ccc(N4CCN(Cc5cn(CCOCCOCCOCCNc6cccc7c6C(=O)N(C6CCC(=O)NC6=O)C7=O)nn5)CC4)cn3)nc2n(C2CCCC2)c1=O,[*:1]N1CCN(c2ccc(Nc3ncc4c(C)c(C(C)=O)c(=O)n(C5CCCC5)c4n3)nc2)CC1,[*:2]Nc1cccc2c1C(=O)N(C1CCC(=O)NC1=O)C2=O,[*:1]Cc1cn(CCOCCOCCOCC[*:2])nn1
CC(=O)c1c(C)c2cnc(Nc3ccc(N4CCN(Cc5cn(CCOCCOCCOCCOCCNc6cccc7c6C(=O)N(C6CCC(=O)NC6=O)C7=O)nn5)CC4)cn3)nc2n(C2CCCC2)c1=O,[*:1]N1CCN(c2ccc(Nc3ncc4c(C)c(C(C)=O)c(=O)n(C5CCCC5)c4n3)nc2)CC1,[*:2]Nc1cccc2c1C(=O)N(C1CCC(=O)NC1=O)C2=O,[*:1]Cc1cn(CCOCCOCCOCCOCC[*:2])nn1
CC(=O)c1c(C)c2cnc(Nc3ccc(N4CCN(CC(=O)NCCOCCNc5cccc6c5C(=O)N(C5CCC(=O)NC5=O)C6=O)CC4)cn3)nc2n(C2CCCC2)c1=O,[*:1]N1CCN(c2ccc(Nc3ncc4c(C)c(C(C)=O)c(=O)n(C5CCCC5)c4n3)nc2)CC1,[*:2]Nc1cccc2c1C(=O)N(C1CCC(=O)NC1=O)C2=O,[*:1]CC(=O)NCCOCC[*:2]
CC(=O)c1c(C)c2cnc(Nc3ccc(N4CCN(CC(=O)NCCOCCOCCNc5cccc6c5C(=O)N(C5CCC(=O)NC5=O)C6=O)CC4)cn3)nc2n(C2CCCC2)c1=O,[*:1]N1CCN(c2ccc(Nc3ncc4c(C)c(C(C)=O)c(=O)n(C5CCCC5)c4n3)nc2)CC1,[*:2]Nc1cccc2c1C(=O)N(C1CCC(=O)NC1=O)C2=O,[*:1]CC(=O)NCCOCCOCC[*:2]
CC(=O)c1c(C)c2cnc(Nc3ccc(N4CCN(CC(=O)NCCOCCOCCOCCOCCNc5cccc6c5C(=O)N(C5CCC(=O)NC5=O)C6=O)CC4)cn3)nc2n(C2CCCC2)c1=O,[*:1]N1CCN(c2ccc(Nc3ncc4c(C)c(C(C)=O)c(=O)n(C5CCCC5)c4n3)nc2)CC1,[*:2]Nc1cccc2c1C(=O)N(C1CCC(=O)NC1=O)C2=O,[*:1]CC(=O)NCCOCCOCCOCCOCC[*:2]
CC(=O)c1c(C)c2cnc(Nc3ccc(N4CCN(Cc5cn(CCOCCNc6cccc7c6C(=O)N(C6CCC(=O)NC6=O)C7=O)nn5)CC4)cn3)nc2n(C2CCCC2)c1=O,[*:1]N1CCN(c2ccc(Nc3ncc4c(C)c(C(C)=O)c(=O)n(C5CCCC5)c4n3)nc2)CC1,[*:2]Nc1cccc2c1C(=O)N(C1CCC(=O)NC1=O)C2=O,[*:1]Cc1cn(CCOCC[*:2])nn1
CC(=O)c1c(C)c2cnc(Nc3ccc(N4CCN(Cc5cn(CCCCCNc6cccc7c6C(=O)N(C6CCC(=O)NC6=O)C7=O)nn5)CC4)cn3)nc2n(C2CCCC2)c1=O,[*:1]N1CCN(c2ccc(Nc3ncc4c(C)c(C(C)=O)c(=O)n(C5CCCC5)c4n3)nc2)CC1,[*:2]Nc1cccc2c1C(=O)N(C1CCC(=O)NC1=O)C2=O,[*:1]Cc1cn(CCCCC[*:2])nn1
CC(=O)c1c(C)c2cnc(Nc3ccc(N4CCN(Cc5cn(CCCCCCNc6cccc7c6C(=O)N(C6CCC(=O)NC6=O)C7=O)nn5)CC4)cn3)nc2n(C2CCCC2)c1=O,[*:1]N1CCN(c2ccc(Nc3ncc4c(C)c(C(C)=O)c(=O)n(C5CCCC5)c4n3)nc2)CC1,[*:2]Nc1cccc2c1C(=O)N(C1CCC(=O)NC1=O)C2=O,[*:1]Cc1cn(CCCCCC[*:2])nn1
CC(=O)c1c(C)c2cnc(Nc3ccc(N4CCN(CCOCCOCCNc5cccc6c5C(=O)N(C5CCC(=O)NC5=O)C6=O)CC4)cn3)nc2n(C2CCCC2)c1=O,[*:1]N1CCN(c2ccc(Nc3ncc4c(C)c(C(C)=O)c(=O)n(C5CCCC5)c4n3)nc2)CC1,[*:2]Nc1cccc2c1C(=O)N(C1CCC(=O)NC1=O)C2=O,[*:1]CCOCCOCC[*:2]
CC(=O)c1c(C)c2cnc(Nc3ccc(N4CCN(Cc5cn(CCCCCCc6cccc7c6CN(C6CCC(=O)NC6=O)C7=O)nn5)CC4)cn3)nc2n(C2CCCC2)c1=O,[*:1]N1CCN(c2ccc(Nc3ncc4c(C)c(C(C)=O)c(=O)n(C5CCCC5)c4n3)nc2)CC1,[*:2]Cc1cccc2c1CN(C1CCC(=O)NC1=O)C2=O,[*:1]Cc1cn(CCCCC[*:2])nn1
CC(=O)c1c(C)c2cnc(Nc3ccc(N4CCN(Cc5cn(CCCCC#Cc6cccc7c6C(=O)N(C6CCC(=O)NC6=O)C7=O)nn5)CC4)cn3)nc2n(C2CCCC2)c1=O,[*:1]N1CCN(c2ccc(Nc3ncc4c(C)c(C(C)=O)c(=O)n(C5CCCC5)c4n3)nc2)CC1,[*:2]c1cccc2c1C(=O)N(C1CCC(=O)NC1=O)C2=O,[*:1]Cc1cn(CCCCC#C[*:2])nn1
CC(=O)c1c(C)c2cnc(Nc3ccc(N4CCN(Cc5cn(CCCCCC#Cc6cccc7c6C(=O)N(C6CCC(=O)NC6=O)C7=O)nn5)CC4)cn3)nc2n(C2CCCC2)c1=O,[*:1]N1CCN(c2ccc(Nc3ncc4c(C)c(C(C)=O)c(=O)n(C5CCCC5)c4n3)nc2)CC1,[*:2]c1cccc2c1C(=O)N(C1CCC(=O)NC1=O)C2=O,[*:1]Cc1cn(CCCCCC#C[*:2])nn1
COc1ccc(C2=N[C@H](c3ccc(Cl)cc3)[C@H](c3ccc(Cl)cc3)N2C(=O)N2CCN(CC(=O)NCCOCCn3cc(CN4CCN(c5ccc(Nc6ncc7c(C)c(C(C)=O)c(=O)n(C8CCCC8)c7n6)nc5)CC4)nn3)C(=O)C2)c(OC(C)C)c1,[*:1]N1CCN(c2ccc(Nc3ncc4c(C)c(C(C)=O)c(=O)n(C5CCCC5)c4n3)nc2)CC1,[*:2]N1CCN(C(=O)N2C(c3ccc(OC)cc3OC(C)C)=N[C@H](c3ccc(Cl)cc3)[C@@H]2c2ccc(Cl)cc2)CC1=O,[*:1]Cc1cn(CCOCCNC(=O)C[*:2])nn1
COc1ccc(C2=N[C@H](c3ccc(Cl)cc3)[C@H](c3ccc(Cl)cc3)N2C(=O)N2CCN(CC(=O)NCCOCCOCCn3cc(CN4CCN(c5ccc(Nc6ncc7c(C)c(C(C)=O)c(=O)n(C8CCCC8)c7n6)nc5)CC4)nn3)C(=O)C2)c(OC(C)C)c1,[*:1]N1CCN(c2ccc(Nc3ncc4c(C)c(C(C)=O)c(=O)n(C5CCCC5)c4n3)nc2)CC1,[*:2]N1CCN(C(=O)N2C(c3ccc(OC)cc3OC(C)C)=N[C@H](c3ccc(Cl)cc3)[C@@H]2c2ccc(Cl)cc2)CC1=O,[*:1]Cc1cn(CCOCCOCCNC(=O)C[*:2])nn1
COc1ccc(C2=N[C@H](c3ccc(Cl)cc3)[C@H](c3ccc(Cl)cc3)N2C(=O)N2CCN(CC(=O)NCCOCCOCCOCCn3cc(CN4CCN(c5ccc(Nc6ncc7c(C)c(C(C)=O)c(=O)n(C8CCCC8)c7n6)nc5)CC4)nn3)C(=O)C2)c(OC(C)C)c1,[*:1]N1CCN(c2ccc(Nc3ncc4c(C)c(C(C)=O)c(=O)n(C5CCCC5)c4n3)nc2)CC1,[*:2]N1CCN(C(=O)N2C(c3ccc(OC)cc3OC(C)C)=N[C@H](c3ccc(Cl)cc3)[C@@H]2c2ccc(Cl)cc2)CC1=O,[*:1]Cc1cn(CCOCCOCCOCCNC(=O)C[*:2])nn1
CC(=O)c1c(C)c2cnc(Nc3ccc(N4CCN(Cc5cn(CCOCCNC(=O)CCC(=O)NC(C(=O)N6C[C@H](O)C[C@H]6C(=O)NCc6ccc(-c7scnc7C)cc6)C(C)(C)C)nn5)CC4)cn3)nc2n(C2CCCC2)c1=O,[*:1]N1CCN(c2ccc(Nc3ncc4c(C)c(C(C)=O)c(=O)n(C5CCCC5)c4n3)nc2)CC1,[*:2]CC(=O)NC(C(=O)N1C[C@H](O)C[C@H]1C(=O)NCc1ccc(-c2scnc2C)cc1)C(C)(C)C,[*:1]Cc1cn(CCOCCNC(=O)C[*:2])nn1
CC(=O)c1c(C)c2cnc(Nc3ccc(N4CCN(Cc5cn(CCOCCOCCNC(=O)CCC(=O)NC(C(=O)N6C[C@H](O)C[C@H]6C(=O)NCc6ccc(-c7scnc7C)cc6)C(C)(C)C)nn5)CC4)cn3)nc2n(C2CCCC2)c1=O,[*:1]N1CCN(c2ccc(Nc3ncc4c(C)c(C(C)=O)c(=O)n(C5CCCC5)c4n3)nc2)CC1,[*:2]CC(=O)NC(C(=O)N1C[C@H](O)C[C@H]1C(=O)NCc1ccc(-c2scnc2C)cc1)C(C)(C)C,[*:1]Cc1cn(CCOCCOCCNC(=O)C[*:2])nn1
CC(=O)c1c(C)c2cnc(Nc3ccc(N4CCN(Cc5cn(CCOCCOCCOCCNC(=O)CCC(=O)NC(C(=O)N6C[C@H](O)C[C@H]6C(=O)NCc6ccc(-c7scnc7C)cc6)C(C)(C)C)nn5)CC4)cn3)nc2n(C2CCCC2)c1=O,[*:1]N1CCN(c2ccc(Nc3ncc4c(C)c(C(C)=O)c(=O)n(C5CCCC5)c4n3)nc2)CC1,[*:2]CC(=O)NC(C(=O)N1C[C@H](O)C[C@H]1C(=O)NCc1ccc(-c2scnc2C)cc1)C(C)(C)C,[*:1]Cc1cn(CCOCCOCCOCCNC(=O)C[*:2])nn1
CC(=O)c1c(C)c2cnc(Nc3ccc(N4CCN(Cc5cn(CCOCCOCCOCCOCCNC(=O)CCC(=O)NC(C(=O)N6C[C@H](O)C[C@H]6C(=O)NCc6ccc(-c7scnc7C)cc6)C(C)(C)C)nn5)CC4)cn3)nc2n(C2CCCC2)c1=O,[*:1]N1CCN(c2ccc(Nc3ncc4c(C)c(C(C)=O)c(=O)n(C5CCCC5)c4n3)nc2)CC1,[*:2]CC(=O)NC(C(=O)N1C[C@H](O)C[C@H]1C(=O)NCc1ccc(-c2scnc2C)cc1)C(C)(C)C,[*:1]Cc1cn(CCOCCOCCOCCOCCNC(=O)C[*:2])nn1
CN(C)C(=O)c1cc2cnc(Nc3ccc(N4CCN(Cc5cn(CCOCCNc6cccc7c6C(=O)N(C6CCC(=O)NC6=O)C7=O)nn5)CC4)cn3)nc2n1C1CCCC1,[*:1]N1CCN(c2ccc(Nc3ncc4cc(C(=O)N(C)C)n(C5CCCC5)c4n3)nc2)CC1,[*:2]Nc1cccc2c1C(=O)N(C1CCC(=O)NC1=O)C2=O,[*:1]Cc1cn(CCOCC[*:2])nn1
CN(C)C(=O)c1cc2cnc(Nc3ccc(N4CCN(Cc5cn(CCOCCOCCNc6cccc7c6C(=O)N(C6CCC(=O)NC6=O)C7=O)nn5)CC4)cn3)nc2n1C1CCCC1,[*:1]N1CCN(c2ccc(Nc3ncc4cc(C(=O)N(C)C)n(C5CCCC5)c4n3)nc2)CC1,[*:2]Nc1cccc2c1C(=O)N(C1CCC(=O)NC1=O)C2=O,[*:1]Cc1cn(CCOCCOCC[*:2])nn1
CN(C)C(=O)c1cc2cnc(Nc3ccc(N4CCN(Cc5cn(CCOCCOCCOCCNc6cccc7c6C(=O)N(C6CCC(=O)NC6=O)C7=O)nn5)CC4)cn3)nc2n1C1CCCC1,[*:1]N1CCN(c2ccc(Nc3ncc4cc(C(=O)N(C)C)n(C5CCCC5)c4n3)nc2)CC1,[*:2]Nc1cccc2c1C(=O)N(C1CCC(=O)NC1=O)C2=O,[*:1]Cc1cn(CCOCCOCCOCC[*:2])nn1
Cc1ncsc1-c1ccc(CNC(=O)[C@@H]2C[C@@H](O)CN2C(=O)[C@@H](NC(=O)COCCOCCNc2cccc3c2C(=O)N(C2CCC(=O)NC2=O)C3=O)C(C)(C)C)cc1,[*:1]CC(=O)N[C@H](C(=O)N1C[C@H](O)C[C@H]1C(=O)NCc1ccc(-c2scnc2C)cc1)C(C)(C)C,[*:2]Nc1cccc2c1C(=O)N(C1CCC(=O)NC1=O)C2=O,[*:1]OCCOCC[*:2]
Cc1ncsc1-c1ccc(CNC(=O)[C@@H]2C[C@@H](O)CN2C(=O)[C@@H](NC(=O)COCCOCCOCCNc2cccc3c2C(=O)N(C2CCC(=O)NC2=O)C3=O)C(C)(C)C)cc1,[*:1]CC(=O)N[C@H](C(=O)N1C[C@H](O)C[C@H]1C(=O)NCc1ccc(-c2scnc2C)cc1)C(C)(C)C,[*:2]Nc1cccc2c1C(=O)N(C1CCC(=O)NC1=O)C2=O,[*:1]OCCOCCOCC[*:2]
Cc1ncsc1-c1ccc(CNC(=O)[C@@H]2C[C@@H](O)CN2C(=O)[C@@H](NC(=O)CCCCOCCOCCOCCNc2cccc3c2C(=O)N(C2CCC(=O)NC2=O)C3=O)C(C)(C)C)cc1,[*:1]CC(=O)N[C@H](C(=O)N1C[C@H](O)C[C@H]1C(=O)NCc1ccc(-c2scnc2C)cc1)C(C)(C)C,[*:2]Nc1cccc2c1C(=O)N(C1CCC(=O)NC1=O)C2=O,[*:1]CCCOCCOCCOCC[*:2]
Cc1ncsc1-c1ccc(CNC(=O)[C@@H]2C[C@@H](O)CN2C(=O)[C@@H](NC(=O)CCCCOCCCCCOCCCCCCNc2cccc3c2C(=O)N(C2CCC(=O)NC2=O)C3=O)C(C)(C)C)cc1,[*:1]CC(=O)N[C@H](C(=O)N1C[C@H](O)C[C@H]1C(=O)NCc1ccc(-c2scnc2C)cc1)C(C)(C)C,[*:2]Nc1cccc2c1C(=O)N(C1CCC(=O)NC1=O)C2=O,[*:1]CCCOCCCCCOCCCCCC[*:2]
Cc1ncsc1-c1ccc(CNC(=O)[C@@H]2C[C@@H](O)CN2C(=O)[C@@H](NC(=O)CCCCCOCCCCCCOCCCCCCNc2cccc3c2C(=O)N(C2CCC(=O)NC2=O)C3=O)C(C)(C)C)cc1,[*:1]CC(=O)N[C@H](C(=O)N1C[C@H](O)C[C@H]1C(=O)NCc1ccc(-c2scnc2C)cc1)C(C)(C)C,[*:2]Nc1cccc2c1C(=O)N(C1CCC(=O)NC1=O)C2=O,[*:1]CCCCOCCCCCCOCCCCCC[*:2]
Cc1ncsc1-c1ccc(CNC(=O)[C@@H]2C[C@@H](O)CN2C(=O)[C@@H](NC(=O)CCCCCOCCCCOCCCCOCCCCNc2cccc3c2C(=O)N(C2CCC(=O)NC2=O)C3=O)C(C)(C)C)cc1,[*:1]CC(=O)N[C@H](C(=O)N1C[C@H](O)C[C@H]1C(=O)NCc1ccc(-c2scnc2C)cc1)C(C)(C)C,[*:2]Nc1cccc2c1C(=O)N(C1CCC(=O)NC1=O)C2=O,[*:1]CCCCOCCCCOCCCCOCCCC[*:2]
Cc1ncsc1-c1ccc(CNC(=O)[C@@H]2C[C@@H](O)CN2C(=O)[C@@H](NC(=O)CCCCCOCCOCCOCCOCCOCCOCCCCCCNc2cccc3c2C(=O)N(C2CCC(=O)NC2=O)C3=O)C(C)(C)C)cc1,[*:1]CC(=O)N[C@H](C(=O)N1C[C@H](O)C[C@H]1C(=O)NCc1ccc(-c2scnc2C)cc1)C(C)(C)C,[*:2]Nc1cccc2c1C(=O)N(C1CCC(=O)NC1=O)C2=O,[*:1]CCCCOCCOCCOCCOCCOCCOCCCCCC[*:2]
Cc1ncsc1-c1ccc(CNC(=O)[C@@H]2C[C@@H](O)CN2C(=O)[C@@H](NC(=O)CCCCCOCCCCOCCCCOCCCCOCCCCCCNc2cccc3c2C(=O)N(C2CCC(=O)NC2=O)C3=O)C(C)(C)C)cc1,[*:1]CC(=O)N[C@H](C(=O)N1C[C@H](O)C[C@H]1C(=O)NCc1ccc(-c2scnc2C)cc1)C(C)(C)C,[*:2]Nc1cccc2c1C(=O)N(C1CCC(=O)NC1=O)C2=O,[*:1]CCCCOCCCCOCCCCOCCCCOCCCCCC[*:2]
Nc1ncnc2c1c(-c1ccc(Oc3ccccc3)cc1)nn2[C@@H]1CCCN(CC(=O)NCCOCCOCC(=O)NCCOCCOc2cccc3c2C(=O)N(C2CCC(=O)NC2=O)C3=O)C1,[*:1]N1CCC[C@@H](n2nc(-c3ccc(Oc4ccccc4)cc3)c3c(N)ncnc32)C1,[*:2]c1cccc2c1C(=O)N(C1CCC(=O)NC1=O)C2=O,[*:1]CC(=O)NCCOCCOCC(=O)NCCOCCO[*:2]
Nc1ncnc2c1c(-c1ccc(Oc3ccccc3)cc1)nn2[C@@H]1CCCN(CC(=O)NCCOCCOc2cccc3c2C(=O)N(C2CCC(=O)NC2=O)C3=O)C1,[*:1]N1CCC[C@@H](n2nc(-c3ccc(Oc4ccccc4)cc3)c3c(N)ncnc32)C1,[*:2]c1cccc2c1C(=O)N(C1CCC(=O)NC1=O)C2=O,[*:1]CC(=O)NCCOCCO[*:2]
Nc1ncnc2c1c(-c1ccc(Oc3ccccc3)cc1)nn2[C@@H]1CCCN(CC(=O)NCCOCCOCCC(=O)NCCOCCOCC(=O)NCCOCCOc2cccc3c2C(=O)N(C2CCC(=O)NC2=O)C3=O)C1,[*:1]N1CCC[C@@H](n2nc(-c3ccc(Oc4ccccc4)cc3)c3c(N)ncnc32)C1,[*:2]c1cccc2c1C(=O)N(C1CCC(=O)NC1=O)C2=O,[*:1]CC(=O)NCCOCCOCCC(=O)NCCOCCOCC(=O)NCCOCCO[*:2]
COc1cc(C(=O)NCCOCCOCCOCCNC(=O)C[C@@H]2N=C(c3ccc(Cl)cc3)c3c(sc(C)c3C)-n3c(C)nnc32)ccc1NC(=O)[C@@H]1N[C@@H](CC(C)(C)C)[C@](C#N)(c2ccc(Cl)cc2F)[C@H]1c1cccc(Cl)c1F,[*:1]NC(=O)C[C@@H]1N=C(c2ccc(Cl)cc2)c2c(sc(C)c2C)-n2c(C)nnc21,[*:2]NC(=O)c1ccc(NC(=O)[C@@H]2N[C@@H](CC(C)(C)C)[C@](C#N)(c3ccc(Cl)cc3F)[C@H]2c2cccc(Cl)c2F)c(OC)c1,[*:1]CCOCCOCCOCC[*:2]
NC(=O)c1cccc2cn(-c3ccc(-c4cn(CCOCCOCCOCCOCCNc5cccc6c5C(=O)N(C5CCC(=O)NC5=O)C6=O)nn4)cc3)nc12,[*:1]c1ccc(-n2cc3cccc(C(N)=O)c3n2)cc1,[*:2]Nc1cccc2c1C(=O)N(C1CCC(=O)NC1=O)C2=O,[*:1]c1cn(CCOCCOCCOCCOCC[*:2])nn1
Cc1ncsc1-c1ccc(CNC(=O)[C@H]2C[C@H](O)CN2C(=O)C(NC(=O)CCC(=O)NCCOCCOCCOCCn2cc(-c3ccc(-n4cc5cccc(C(N)=O)c5n4)cc3)nn2)C(C)(C)C)cc1,[*:1]c1ccc(-n2cc3cccc(C(N)=O)c3n2)cc1,[*:2]CC(=O)NC(C(=O)N1C[C@@H](O)C[C@@H]1C(=O)NCc1ccc(-c2scnc2C)cc1)C(C)(C)C,[*:1]c1cn(CCOCCOCCOCCNC(=O)C[*:2])nn1
Cc1ncsc1-c1ccc(CNC(=O)[C@@H]2C[C@@H](O)CN2C(=O)[C@@H](NC(=O)CCOCCOCCOc2ccc3c(c2)sc2nc(-c4ccc(NC(=O)Nc5cc(C(C)(C)C)on5)cc4)cn23)C(C)(C)C)cc1,[*:1]CCOc1ccc2c(c1)sc1nc(-c3ccc(NC(=O)Nc4cc(C(C)(C)C)on4)cc3)cn12,[*:2]CC(=O)N[C@H](C(=O)N1C[C@H](O)C[C@H]1C(=O)NCc1ccc(-c2scnc2C)cc1)C(C)(C)C,[*:1]OCCOC[*:2]
Cc1cc(C(C(=O)N2C[C@H](O)CC2C(=O)NC(CC(=O)N2CCC(N3CCC(C#Cc4ccc(C(=O)NC5C(C)(C)C(Oc6ccc(C#N)c(Cl)c6)C5(C)C)cc4)CC3)CC2)c2ccc(-c3scnc3C)cc2)C(C)C)on1,[*:1]#Cc1ccc(C(=O)NC2C(C)(C)C(Oc3ccc(C#N)c(Cl)c3)C2(C)C)cc1,[*:2]C(NC(=O)C1C[C@@H](O)CN1C(=O)C(c1cc(C)no1)C(C)C)c1ccc(-c2scnc2C)cc1,[*:1]#CC1CCN(C2CCN(C(=O)C[*:2])CC2)CC1
Cc1cc(C(C(=O)N2C[C@H](O)CC2C(=O)NC(CC(=O)N2CCC(N3CCC(C#Cc4ccc(N5C(=S)N(c6cnc(C#N)c(C(F)(F)F)c6)C(=O)C56CCC6)cc4)CC3)CC2)c2ccc(-c3scnc3C)cc2)C(C)C)on1,[*:1]#Cc1ccc(N2C(=S)N(c3cnc(C#N)c(C(F)(F)F)c3)C(=O)C23CCC3)cc1,[*:2]C(NC(=O)C1C[C@@H](O)CN1C(=O)C(c1cc(C)no1)C(C)C)c1ccc(-c2scnc2C)cc1,[*:1]#CC1CCN(C2CCN(C(=O)C[*:2])CC2)CC1
COc1cc2c(Oc3ccc(NC(=O)C4(C(=O)Nc5ccc(F)cc5)CC4)cc3F)ccnc2cc1OCCCCOCCCCOCC(=O)N[C@H](C(=O)N1C[C@H](O)C[C@H]1C(=O)NCc1ccc(-c2scnc2C)cc1)C(C)(C)C,[*:1]Oc1cc2nccc(Oc3ccc(NC(=O)C4(C(=O)Nc5ccc(F)cc5)CC4)cc3F)c2cc1OC,[*:2]CC(=O)N[C@H](C(=O)N1C[C@H](O)C[C@H]1C(=O)NCc1ccc(-c2scnc2C)cc1)C(C)(C)C,[*:1]CCCCOCCCCO[*:2]
COc1cc2c(Oc3ccc(NC(=O)C4(C(=O)Nc5ccc(F)cc5)CC4)cc3F)ccnc2cc1OCCOCCOCCOc1cc(-c2scnc2C)ccc1CNC(=O)[C@@H]1C[C@@H](O)CN1C(=O)[C@H](C(C)C)N1Cc2ccccc2C1=O,[*:1]Oc1cc2nccc(Oc3ccc(NC(=O)C4(C(=O)Nc5ccc(F)cc5)CC4)cc3F)c2cc1OC,[*:2]Oc1cc(-c2scnc2C)ccc1CNC(=O)[C@@H]1C[C@@H](O)CN1C(=O)[C@H](C(C)C)N1Cc2ccccc2C1=O,[*:1]CCOCCOCC[*:2]
Cc1ncsc1-c1ccc(CNC(=O)[C@@H]2C[C@@H](O)CN2C(=O)[C@@H](NC(=O)COCCNC(=O)c2cccc(-c3cc(Nc4ccc(OC(F)(F)F)cc4)ncn3)c2)C(C)(C)C)cc1,[*:1]OCCNC(=O)c1cccc(-c2cc(Nc3ccc(OC(F)(F)F)cc3)ncn2)c1,[*:2]N[C@H](C(=O)N1C[C@H](O)C[C@H]1C(=O)NCc1ccc(-c2scnc2C)cc1)C(C)(C)C,[*:1]CC([*:2])=O
Cc1ncsc1-c1ccc(CNC(=O)[C@@H]2C[C@@H](O)CN2C(=O)[C@@H](NC(=O)COCCOc2cccc(-c3cc(Nc4ccc(OC(F)(F)F)cc4)ncn3)c2)C(C)(C)C)cc1,[*:1]Oc1cccc(-c2cc(Nc3ccc(OC(F)(F)F)cc3)ncn2)c1,[*:2]CC(=O)N[C@H](C(=O)N1C[C@H](O)C[C@H]1C(=O)NCc1ccc(-c2scnc2C)cc1)C(C)(C)C,[*:1]CCO[*:2]
COc1c(O)cc(O)c2c(=O)cc(-c3ccc(OCCCCCC(=O)Nc4cccc5c4C(=O)N(C4CCC(=O)NC4=O)C5=O)cc3)oc12,[*:1]c1ccc(-c2cc(=O)c3c(O)cc(O)c(OC)c3o2)cc1,[*:2]Nc1cccc2c1C(=O)N(C1CCC(=O)NC1=O)C2=O,[*:1]OCCCCCC([*:2])=O
COc1c(O)cc(O)c2c(=O)cc(-c3ccc(OCCCCCCC(=O)Nc4cccc5c4C(=O)N(C4CCC(=O)NC4=O)C5=O)cc3)oc12,[*:1]c1ccc(-c2cc(=O)c3c(O)cc(O)c(OC)c3o2)cc1,[*:2]Nc1cccc2c1C(=O)N(C1CCC(=O)NC1=O)C2=O,[*:1]OCCCCCCC([*:2])=O
COc1c(O)cc(O)c2c(=O)cc(-c3ccc(OCCCCCCCC(=O)Nc4cccc5c4C(=O)N(C4CCC(=O)NC4=O)C5=O)cc3)oc12,[*:1]c1ccc(-c2cc(=O)c3c(O)cc(O)c(OC)c3o2)cc1,[*:2]Nc1cccc2c1C(=O)N(C1CCC(=O)NC1=O)C2=O,[*:1]OCCCCCCCC([*:2])=O
COc1c(O)cc(O)c2c(=O)cc(-c3ccc(OCCCCCCCCCC(=O)Nc4cccc5c4C(=O)N(C4CCC(=O)NC4=O)C5=O)cc3)oc12,[*:1]c1ccc(-c2cc(=O)c3c(O)cc(O)c(OC)c3o2)cc1,[*:2]Nc1cccc2c1C(=O)N(C1CCC(=O)NC1=O)C2=O,[*:1]OCCCCCCCCCC([*:2])=O
COc1c(O)cc(O)c2c(=O)cc(-c3ccc(OCc4cn(CCCCCC(=O)Nc5cccc6c5C(=O)N(C5CCC(=O)NC5=O)C6=O)nn4)cc3)oc12,[*:1]c1ccc(-c2cc(=O)c3c(O)cc(O)c(OC)c3o2)cc1,[*:2]Nc1cccc2c1C(=O)N(C1CCC(=O)NC1=O)C2=O,[*:1]OCc1cn(CCCCCC([*:2])=O)nn1
COc1c(O)cc(O)c2c(=O)cc(-c3ccc(OCc4cn(CCCCCCC(=O)Nc5cccc6c5C(=O)N(C5CCC(=O)NC5=O)C6=O)nn4)cc3)oc12,[*:1]c1ccc(-c2cc(=O)c3c(O)cc(O)c(OC)c3o2)cc1,[*:2]Nc1cccc2c1C(=O)N(C1CCC(=O)NC1=O)C2=O,[*:1]OCc1cn(CCCCCCC([*:2])=O)nn1
COc1c(O)cc(O)c2c(=O)cc(-c3ccc(OCc4cn(CCCCCCCC(=O)Nc5cccc6c5C(=O)N(C5CCC(=O)NC5=O)C6=O)nn4)cc3)oc12,[*:1]c1ccc(-c2cc(=O)c3c(O)cc(O)c(OC)c3o2)cc1,[*:2]Nc1cccc2c1C(=O)N(C1CCC(=O)NC1=O)C2=O,[*:1]OCc1cn(CCCCCCCC([*:2])=O)nn1
COc1c(O)cc(O)c2c(=O)cc(-c3ccc(OCc4cn(CCCCCCCCCC(=O)Nc5cccc6c5C(=O)N(C5CCC(=O)NC5=O)C6=O)nn4)cc3)oc12,[*:1]c1ccc(-c2cc(=O)c3c(O)cc(O)c(OC)c3o2)cc1,[*:2]Nc1cccc2c1C(=O)N(C1CCC(=O)NC1=O)C2=O,[*:1]OCc1cn(CCCCCCCCCC([*:2])=O)nn1
Cc1ccc(F)c(S(=O)(=O)Nc2ccc(-c3nc(OC[C@H]4CN(CCOCCOCCOCC(=O)N[C@H](C(=O)N5C[C@H](O)C[C@H]5C(=O)NCc5ccc(-c6scnc6C)cc5)C(C)(C)C)CCO4)c4cn[nH]c4n3)cc2)c1,[*:1]N1CCO[C@@H](COc2nc(-c3ccc(NS(=O)(=O)c4cc(C)ccc4F)cc3)nc3[nH]ncc23)C1,[*:2]CC(=O)N[C@H](C(=O)N1C[C@H](O)C[C@H]1C(=O)NCc1ccc(-c2scnc2C)cc1)C(C)(C)C,[*:1]CCOCCOCCO[*:2]
COc1ccc(Cl)c(S(=O)(=O)Nc2ccc(-c3nc(OC[C@H]4CN(CCOCCOCCOCC(=O)N[C@H](C(=O)N5C[C@H](O)C[C@H]5C(=O)NCc5ccc(-c6scnc6C)cc5)C(C)(C)C)CCO4)c4c(C)n[nH]c4n3)cc2)c1,[*:1]N1CCO[C@@H](COc2nc(-c3ccc(NS(=O)(=O)c4cc(OC)ccc4Cl)cc3)nc3[nH]nc(C)c23)C1,[*:2]CC(=O)N[C@H](C(=O)N1C[C@H](O)C[C@H]1C(=O)NCc1ccc(-c2scnc2C)cc1)C(C)(C)C,[*:1]CCOCCOCCO[*:2]
Cc1ccc(F)c(S(=O)(=O)Nc2ccc(-c3nc(OC[C@H]4CN(CCOCCOCCOCC(=O)NCCNc5cccc6c5C(=O)N(C5CCC(=O)NC5=O)C6=O)CCO4)c4cn[nH]c4n3)cc2)c1,[*:1]N1CCO[C@@H](COc2nc(-c3ccc(NS(=O)(=O)c4cc(C)ccc4F)cc3)nc3[nH]ncc23)C1,[*:2]Nc1cccc2c1C(=O)N(C1CCC(=O)NC1=O)C2=O,[*:1]CCOCCOCCOCC(=O)NCC[*:2]
COc1ccc(Cl)c(S(=O)(=O)Nc2ccc(-c3nc(OC[C@H]4CN(CCOCCOCCOCC(=O)NCCNc5cccc6c5C(=O)N(C5CCC(=O)NC5=O)C6=O)CCO4)c4c(C)n[nH]c4n3)cc2)c1,[*:1]N1CCO[C@@H](COc2nc(-c3ccc(NS(=O)(=O)c4cc(OC)ccc4Cl)cc3)nc3[nH]nc(C)c23)C1,[*:2]Nc1cccc2c1C(=O)N(C1CCC(=O)NC1=O)C2=O,[*:1]CCOCCOCCOCC(=O)NCC[*:2]
Cc1ccc(F)c(S(=O)(=O)Nc2ccc(-c3nc(OC[C@H]4CN(CCOCCOCC(=O)N[C@H](C(=O)N5C[C@H](O)C[C@H]5C(=O)NCc5ccc(-c6scnc6C)cc5)C(C)(C)C)CCO4)c4cn[nH]c4n3)cc2)c1,[*:1]N1CCO[C@@H](COc2nc(-c3ccc(NS(=O)(=O)c4cc(C)ccc4F)cc3)nc3[nH]ncc23)C1,[*:2]CC(=O)N[C@H](C(=O)N1C[C@H](O)C[C@H]1C(=O)NCc1ccc(-c2scnc2C)cc1)C(C)(C)C,[*:1]CCOCCO[*:2]
Cc1ccc(F)c(S(=O)(=O)Nc2ccc(-c3nc(OC[C@H]4CN(CCOCCOCCOCCOCC(=O)N[C@H](C(=O)N5C[C@H](O)C[C@H]5C(=O)NCc5ccc(-c6scnc6C)cc5)C(C)(C)C)CCO4)c4cn[nH]c4n3)cc2)c1,[*:1]N1CCO[C@@H](COc2nc(-c3ccc(NS(=O)(=O)c4cc(C)ccc4F)cc3)nc3[nH]ncc23)C1,[*:2]CC(=O)N[C@H](C(=O)N1C[C@H](O)C[C@H]1C(=O)NCc1ccc(-c2scnc2C)cc1)C(C)(C)C,[*:1]CCOCCOCCOCCO[*:2]
Cc1ccc(F)c(S(=O)(=O)Nc2ccc(-c3nc(OC[C@H]4CN(CCOCCOCCOCCOCCOCC(=O)N[C@H](C(=O)N5C[C@H](O)C[C@H]5C(=O)NCc5ccc(-c6scnc6C)cc5)C(C)(C)C)CCO4)c4cn[nH]c4n3)cc2)c1,[*:1]N1CCO[C@@H](COc2nc(-c3ccc(NS(=O)(=O)c4cc(C)ccc4F)cc3)nc3[nH]ncc23)C1,[*:2]CC(=O)N[C@H](C(=O)N1C[C@H](O)C[C@H]1C(=O)NCc1ccc(-c2scnc2C)cc1)C(C)(C)C,[*:1]CCOCCOCCOCCOCCO[*:2]
Cc1ccc(F)c(S(=O)(=O)Nc2ccc(-c3nc(OC[C@H]4CN(CCCCCCOCCOCCOCC(=O)N[C@H](C(=O)N5C[C@H](O)C[C@H]5C(=O)NCc5ccc(-c6scnc6C)cc5)C(C)(C)C)CCO4)c4cn[nH]c4n3)cc2)c1,[*:1]N1CCO[C@@H](COc2nc(-c3ccc(NS(=O)(=O)c4cc(C)ccc4F)cc3)nc3[nH]ncc23)C1,[*:2]CC(=O)N[C@H](C(=O)N1C[C@H](O)C[C@H]1C(=O)NCc1ccc(-c2scnc2C)cc1)C(C)(C)C,[*:1]CCCCCCOCCOCCO[*:2]
Cc1ccc(F)c(S(=O)(=O)Nc2ccc(-c3nc(OC[C@H]4CN(CCCCCCOCCOCCOCCOCC(=O)N[C@H](C(=O)N5C[C@H](O)C[C@H]5C(=O)NCc5ccc(-c6scnc6C)cc5)C(C)(C)C)CCO4)c4cn[nH]c4n3)cc2)c1,[*:1]N1CCO[C@@H](COc2nc(-c3ccc(NS(=O)(=O)c4cc(C)ccc4F)cc3)nc3[nH]ncc23)C1,[*:2]CC(=O)N[C@H](C(=O)N1C[C@H](O)C[C@H]1C(=O)NCc1ccc(-c2scnc2C)cc1)C(C)(C)C,[*:1]CCCCCCOCCOCCOCCO[*:2]
Cc1ccc(F)c(S(=O)(=O)Nc2ccc(-c3nc(OC[C@H]4CN(CCCCCCOCCCCCCOCC(=O)N[C@H](C(=O)N5C[C@H](O)C[C@H]5C(=O)NCc5ccc(-c6scnc6C)cc5)C(C)(C)C)CCO4)c4cn[nH]c4n3)cc2)c1,[*:1]N1CCO[C@@H](COc2nc(-c3ccc(NS(=O)(=O)c4cc(C)ccc4F)cc3)nc3[nH]ncc23)C1,[*:2]CC(=O)N[C@H](C(=O)N1C[C@H](O)C[C@H]1C(=O)NCc1ccc(-c2scnc2C)cc1)C(C)(C)C,[*:1]CCCCCCOCCCCCCO[*:2]
COc1ccc(Cl)c(S(=O)(=O)Nc2ccc(-c3nc(OC[C@H]4CN(CCCCCCOCCOCCOCCOCC(=O)N[C@H](C(=O)N5C[C@H](O)C[C@H]5C(=O)NCc5ccc(-c6scnc6C)cc5)C(C)(C)C)CCO4)c4c(C)n[nH]c4n3)cc2)c1,[*:1]N1CCO[C@@H](COc2nc(-c3ccc(NS(=O)(=O)c4cc(OC)ccc4Cl)cc3)nc3[nH]nc(C)c23)C1,[*:2]CC(=O)N[C@H](C(=O)N1C[C@H](O)C[C@H]1C(=O)NCc1ccc(-c2scnc2C)cc1)C(C)(C)C,[*:1]CCCCCCOCCOCCOCCO[*:2]
O=C1CCC(N2C(=O)c3cccc(NCCOCCOCc4cn(CCCC(=O)N5CCN(CC#Cc6ccc(OCCCc7sc(N8CCc9cccc(C(=O)Nc%10nc%11ccccc%11s%10)c9C8)nc7C(=O)O)c(F)c6)CC5)nn4)c3C2=O)C(=O)N1,[*:1]N1CCN(CC#Cc2ccc(OCCCc3sc(N4CCc5cccc(C(=O)Nc6nc7ccccc7s6)c5C4)nc3C(=O)O)c(F)c2)CC1,[*:2]Nc1cccc2c1C(=O)N(C1CCC(=O)NC1=O)C2=O,[*:1]C(=O)CCCn1cc(COCCOCC[*:2])nn1
COc1cc(/C=C(\C#N)C(=O)NCCN[C@H](C(=O)N2C[C@H](O)C[C@H]2C(=O)NCc2ccc(-c3scnc3C)cc2)C(C)(C)C)ccc1OCc1ccc(C(F)(F)F)cc1C(F)(F)F,[*:1]NC(=O)/C(C#N)=C/c1ccc(OCc2ccc(C(F)(F)F)cc2C(F)(F)F)c(OC)c1,[*:2]N[C@H](C(=O)N1C[C@H](O)C[C@H]1C(=O)NCc1ccc(-c2scnc2C)cc1)C(C)(C)C,[*:1]CC[*:2]
COc1cc(/C=C(\C#N)C(=O)NCCCN[C@H](C(=O)N2C[C@H](O)C[C@H]2C(=O)NCc2ccc(-c3scnc3C)cc2)C(C)(C)C)ccc1OCc1ccc(C(F)(F)F)cc1C(F)(F)F,[*:1]NC(=O)/C(C#N)=C/c1ccc(OCc2ccc(C(F)(F)F)cc2C(F)(F)F)c(OC)c1,[*:2]N[C@H](C(=O)N1C[C@H](O)C[C@H]1C(=O)NCc1ccc(-c2scnc2C)cc1)C(C)(C)C,[*:1]CCC[*:2]
COc1cc(/C=C(\C#N)C(=O)NCCCCN[C@H](C(=O)N2C[C@H](O)C[C@H]2C(=O)NCc2ccc(-c3scnc3C)cc2)C(C)(C)C)ccc1OCc1ccc(C(F)(F)F)cc1C(F)(F)F,[*:1]NC(=O)/C(C#N)=C/c1ccc(OCc2ccc(C(F)(F)F)cc2C(F)(F)F)c(OC)c1,[*:2]N[C@H](C(=O)N1C[C@H](O)C[C@H]1C(=O)NCc1ccc(-c2scnc2C)cc1)C(C)(C)C,[*:1]CCCC[*:2]
COc1cc(/C=C(\C#N)C(=O)NCCCCCN[C@H](C(=O)N2C[C@H](O)C[C@H]2C(=O)NCc2ccc(-c3scnc3C)cc2)C(C)(C)C)ccc1OCc1ccc(C(F)(F)F)cc1C(F)(F)F,[*:1]NC(=O)/C(C#N)=C/c1ccc(OCc2ccc(C(F)(F)F)cc2C(F)(F)F)c(OC)c1,[*:2]N[C@H](C(=O)N1C[C@H](O)C[C@H]1C(=O)NCc1ccc(-c2scnc2C)cc1)C(C)(C)C,[*:1]CCCCC[*:2]
COc1cc(/C=C(\C#N)C(=O)NCCCCCCN[C@H](C(=O)N2C[C@H](O)C[C@H]2C(=O)NCc2ccc(-c3scnc3C)cc2)C(C)(C)C)ccc1OCc1ccc(C(F)(F)F)cc1C(F)(F)F,[*:1]NC(=O)/C(C#N)=C/c1ccc(OCc2ccc(C(F)(F)F)cc2C(F)(F)F)c(OC)c1,[*:2]N[C@H](C(=O)N1C[C@H](O)C[C@H]1C(=O)NCc1ccc(-c2scnc2C)cc1)C(C)(C)C,[*:1]CCCCCC[*:2]
COc1cc(/C=C(\C#N)C(=O)NCCCCCCCN[C@H](C(=O)N2C[C@H](O)C[C@H]2C(=O)NCc2ccc(-c3scnc3C)cc2)C(C)(C)C)ccc1OCc1ccc(C(F)(F)F)cc1C(F)(F)F,[*:1]NC(=O)/C(C#N)=C/c1ccc(OCc2ccc(C(F)(F)F)cc2C(F)(F)F)c(OC)c1,[*:2]N[C@H](C(=O)N1C[C@H](O)C[C@H]1C(=O)NCc1ccc(-c2scnc2C)cc1)C(C)(C)C,[*:1]CCCCCCC[*:2]
COc1cc(/C=C(\C#N)C(=O)NCCOCN[C@H](C(=O)N2C[C@H](O)C[C@H]2C(=O)NCc2ccc(-c3scnc3C)cc2)C(C)(C)C)ccc1OCc1ccc(C(F)(F)F)cc1C(F)(F)F,[*:1]NC(=O)/C(C#N)=C/c1ccc(OCc2ccc(C(F)(F)F)cc2C(F)(F)F)c(OC)c1,[*:2]N[C@H](C(=O)N1C[C@H](O)C[C@H]1C(=O)NCc1ccc(-c2scnc2C)cc1)C(C)(C)C,[*:1]CCOC[*:2]
COc1cc(/C=C(\C#N)C(=O)NCCOCCN[C@H](C(=O)N2C[C@H](O)C[C@H]2C(=O)NCc2ccc(-c3scnc3C)cc2)C(C)(C)C)ccc1OCc1ccc(C(F)(F)F)cc1C(F)(F)F,[*:1]NC(=O)/C(C#N)=C/c1ccc(OCc2ccc(C(F)(F)F)cc2C(F)(F)F)c(OC)c1,[*:2]N[C@H](C(=O)N1C[C@H](O)C[C@H]1C(=O)NCc1ccc(-c2scnc2C)cc1)C(C)(C)C,[*:1]CCOCC[*:2]
COc1cc(/C=C(\C#N)C(=O)NCCOCCOCCN[C@H](C(=O)N2C[C@H](O)C[C@H]2C(=O)NCc2ccc(-c3scnc3C)cc2)C(C)(C)C)ccc1OCc1ccc(C(F)(F)F)cc1C(F)(F)F,[*:1]NC(=O)/C(C#N)=C/c1ccc(OCc2ccc(C(F)(F)F)cc2C(F)(F)F)c(OC)c1,[*:2]N[C@H](C(=O)N1C[C@H](O)C[C@H]1C(=O)NCc1ccc(-c2scnc2C)cc1)C(C)(C)C,[*:1]CCOCCOCC[*:2]
COc1cc(/C=C(\C#N)C(=O)NCCOCCOCCOCCN[C@H](C(=O)N2C[C@H](O)C[C@H]2C(=O)NCc2ccc(-c3scnc3C)cc2)C(C)(C)C)ccc1OCc1ccc(C(F)(F)F)cc1C(F)(F)F,[*:1]NC(=O)/C(C#N)=C/c1ccc(OCc2ccc(C(F)(F)F)cc2C(F)(F)F)c(OC)c1,[*:2]N[C@H](C(=O)N1C[C@H](O)C[C@H]1C(=O)NCc1ccc(-c2scnc2C)cc1)C(C)(C)C,[*:1]CCOCCOCCOCC[*:2]
COc1cc(/C=C(\C#N)C(=O)NCCCCNc2cccc3c2C(=O)N(C2CCC(=O)NC2=O)C3=O)ccc1OCc1ccc(C(F)(F)F)cc1C(F)(F)F,[*:1]NC(=O)/C(C#N)=C/c1ccc(OCc2ccc(C(F)(F)F)cc2C(F)(F)F)c(OC)c1,[*:2]Nc1cccc2c1C(=O)N(C1CCC(=O)NC1=O)C2=O,[*:1]CCCC[*:2]
COc1cc(/C=C(\C#N)C(=O)NCCCCCCNc2cccc3c2C(=O)N(C2CCC(=O)NC2=O)C3=O)ccc1OCc1ccc(C(F)(F)F)cc1C(F)(F)F,[*:1]NC(=O)/C(C#N)=C/c1ccc(OCc2ccc(C(F)(F)F)cc2C(F)(F)F)c(OC)c1,[*:2]Nc1cccc2c1C(=O)N(C1CCC(=O)NC1=O)C2=O,[*:1]CCCCCC[*:2]
COc1cc(/C=C(\C#N)C(=O)NCCOCCOCCNc2cccc3c2C(=O)N(C2CCC(=O)NC2=O)C3=O)ccc1OCc1ccc(C(F)(F)F)cc1C(F)(F)F,[*:1]NC(=O)/C(C#N)=C/c1ccc(OCc2ccc(C(F)(F)F)cc2C(F)(F)F)c(OC)c1,[*:2]Nc1cccc2c1C(=O)N(C1CCC(=O)NC1=O)C2=O,[*:1]CCOCCOCC[*:2]
COc1cc(/C=C(\C#N)C(=O)NCCOCCOCCOCCNc2cccc3c2C(=O)N(C2CCC(=O)NC2=O)C3=O)ccc1OCc1ccc(C(F)(F)F)cc1C(F)(F)F,[*:1]NC(=O)/C(C#N)=C/c1ccc(OCc2ccc(C(F)(F)F)cc2C(F)(F)F)c(OC)c1,[*:2]Nc1cccc2c1C(=O)N(C1CCC(=O)NC1=O)C2=O,[*:1]CCOCCOCCOCC[*:2]
COc1cc(/C=C(\C#N)C(=O)NCCCOCCCCOCCCNc2cccc3c2C(=O)N(C2CCC(=O)NC2=O)C3=O)ccc1OCc1ccc(C(F)(F)F)cc1C(F)(F)F,[*:1]NC(=O)/C(C#N)=C/c1ccc(OCc2ccc(C(F)(F)F)cc2C(F)(F)F)c(OC)c1,[*:2]Nc1cccc2c1C(=O)N(C1CCC(=O)NC1=O)C2=O,[*:1]CCCOCCCCOCCC[*:2]
COc1cc(/C=C(\C#N)C(=O)NCCCOCCOCCOCCCNc2cccc3c2C(=O)N(C2CCC(=O)NC2=O)C3=O)ccc1OCc1ccc(C(F)(F)F)cc1C(F)(F)F,[*:1]NC(=O)/C(C#N)=C/c1ccc(OCc2ccc(C(F)(F)F)cc2C(F)(F)F)c(OC)c1,[*:2]Nc1cccc2c1C(=O)N(C1CCC(=O)NC1=O)C2=O,[*:1]CCCOCCOCCOCCC[*:2]
COc1cc(/C=C(\C#N)C(=O)NCCOCCOCCOCCOCCNc2cccc3c2C(=O)N(C2CCC(=O)NC2=O)C3=O)ccc1OCc1ccc(C(F)(F)F)cc1C(F)(F)F,[*:1]NC(=O)/C(C#N)=C/c1ccc(OCc2ccc(C(F)(F)F)cc2C(F)(F)F)c(OC)c1,[*:2]Nc1cccc2c1C(=O)N(C1CCC(=O)NC1=O)C2=O,[*:1]CCOCCOCCOCCOCC[*:2]
COc1cc(/C=C(\C#N)C(=O)NCCOCCOCCOCCOCCOCCNc2cccc3c2C(=O)N(C2CCC(=O)NC2=O)C3=O)ccc1OCc1ccc(C(F)(F)F)cc1C(F)(F)F,[*:1]NC(=O)/C(C#N)=C/c1ccc(OCc2ccc(C(F)(F)F)cc2C(F)(F)F)c(OC)c1,[*:2]Nc1cccc2c1C(=O)N(C1CCC(=O)NC1=O)C2=O,[*:1]CCOCCOCCOCCOCCOCC[*:2]
COc1cc(/C=C(\C#N)C(=O)NCCCCNC(=O)[C@@H](CC(C)C)NC(=O)[C@@H](O)[C@H](N)Cc2ccccc2)ccc1OCc1ccc(C(F)(F)F)cc1C(F)(F)F,[*:1]NC(=O)/C(C#N)=C/c1ccc(OCc2ccc(C(F)(F)F)cc2C(F)(F)F)c(OC)c1,[*:2]CNC(=O)[C@@H](CC(C)C)NC(=O)[C@@H](O)[C@H](N)Cc1ccccc1,[*:1]CCC[*:2]
COc1cc(/C=C(\C#N)C(=O)NCCOCCOCCNC(=O)[C@@H](CC(C)C)NC(=O)[C@@H](O)[C@H](N)Cc2ccccc2)ccc1OCc1ccc(C(F)(F)F)cc1C(F)(F)F,[*:1]NC(=O)/C(C#N)=C/c1ccc(OCc2ccc(C(F)(F)F)cc2C(F)(F)F)c(OC)c1,[*:2]CNC(=O)[C@@H](CC(C)C)NC(=O)[C@@H](O)[C@H](N)Cc1ccccc1,[*:1]CCOCCOC[*:2]
COc1ccc(C2=N[C@@H](c3ccc(Cl)cc3)[C@@H](c3ccc(Cl)cc3)N2C(=O)N2CCN(CC(=O)CCNC(=O)/C(C#N)=C/c3ccc(OCc4ccc(C(F)(F)F)cc4C(F)(F)F)c(OC)c3)C(=O)C2)c(OC(C)C)c1,[*:1]NC(=O)/C(C#N)=C/c1ccc(OCc2ccc(C(F)(F)F)cc2C(F)(F)F)c(OC)c1,[*:2]N1CCN(C(=O)N2C(c3ccc(OC)cc3OC(C)C)=N[C@@H](c3ccc(Cl)cc3)[C@H]2c2ccc(Cl)cc2)CC1=O,[*:1]CCC(=O)C[*:2]
COc1ccc(C2=N[C@@H](c3ccc(Cl)cc3)[C@@H](c3ccc(Cl)cc3)N2C(=O)N2CCN(CC(=O)NCCCCCNC(=O)/C(C#N)=C/c3ccc(OCc4ccc(C(F)(F)F)cc4C(F)(F)F)c(OC)c3)C(=O)C2)c(OC(C)C)c1,[*:1]NC(=O)/C(C#N)=C/c1ccc(OCc2ccc(C(F)(F)F)cc2C(F)(F)F)c(OC)c1,[*:2]N1CCN(C(=O)N2C(c3ccc(OC)cc3OC(C)C)=N[C@@H](c3ccc(Cl)cc3)[C@H]2c2ccc(Cl)cc2)CC1=O,[*:1]CCCCCNC(=O)C[*:2]
CC/C(=C(\c1ccc(O)cc1)c1ccc(OCCN(CC)CCCCCCCC(=O)N[C@H](C(=O)N2C[C@H](O)C[C@H]2C(=O)N[C@@H](C)c2ccc(-c3scnc3C)cc2)C(C)(C)C)cc1)c1ccccc1,[*:1]CN(CC)CCOc1ccc(/C(=C(/CC)c2ccccc2)c2ccc(O)cc2)cc1,[*:2]CC(=O)N[C@H](C(=O)N1C[C@H](O)C[C@H]1C(=O)N[C@@H](C)c1ccc(-c2scnc2C)cc1)C(C)(C)C,[*:1]CCCCC[*:2]
CC(=O)c1c(C)c2cnc(Nc3ccc(N4CCN(C(=O)NCCCCNc5cccc6c5C(=O)N(C5CCC(=O)NC5=O)C6=O)CC4)cn3)nc2n(C2CCCC2)c1=O,[*:1]N1CCN(c2ccc(Nc3ncc4c(C)c(C(C)=O)c(=O)n(C5CCCC5)c4n3)nc2)CC1,[*:2]Nc1cccc2c1C(=O)N(C1CCC(=O)NC1=O)C2=O,[*:1]C(=O)NCCCC[*:2]
CC(=O)c1c(C)c2cnc(Nc3ccc(N4CCN(C(=O)NCCCCCCCCNc5cccc6c5C(=O)N(C5CCC(=O)NC5=O)C6=O)CC4)cn3)nc2n(C2CCCC2)c1=O,[*:1]N1CCN(c2ccc(Nc3ncc4c(C)c(C(C)=O)c(=O)n(C5CCCC5)c4n3)nc2)CC1,[*:2]Nc1cccc2c1C(=O)N(C1CCC(=O)NC1=O)C2=O,[*:1]C(=O)NCCCCCCCC[*:2]
CC(=O)c1c(C)c2cnc(Nc3ccc(N4CCN(CCCCCC(=O)Nc5cccc6c5C(=O)N(C5CCC(=O)NC5=O)C6=O)CC4)cn3)nc2n(C2CCCC2)c1=O,[*:1]N1CCN(c2ccc(Nc3ncc4c(C)c(C(C)=O)c(=O)n(C5CCCC5)c4n3)nc2)CC1,[*:2]Nc1cccc2c1C(=O)N(C1CCC(=O)NC1=O)C2=O,[*:1]CCCCCC([*:2])=O
CC(=O)c1c(C)c2cnc(Nc3ccc(N4CCN(CCOCCOCCONc5cccc6c5C(=O)N(C5CCC(=O)NC5=O)C6=O)CC4)cn3)nc2n(C2CCCC2)c1=O,[*:1]N1CCN(c2ccc(Nc3ncc4c(C)c(C(C)=O)c(=O)n(C5CCCC5)c4n3)nc2)CC1,[*:2]Nc1cccc2c1C(=O)N(C1CCC(=O)NC1=O)C2=O,[*:1]CCOCCOCCO[*:2]
CC(=O)c1c(C)c2cnc(Nc3ccc(N4CCN(CC(=O)NCCCOCCOCCOCCCNc5cccc6c5C(=O)N(C5CCC(=O)NC5=O)C6=O)CC4)cn3)nc2n(C2CCCC2)c1=O,[*:1]N1CCN(c2ccc(Nc3ncc4c(C)c(C(C)=O)c(=O)n(C5CCCC5)c4n3)nc2)CC1,[*:2]Nc1cccc2c1C(=O)N(C1CCC(=O)NC1=O)C2=O,[*:1]CC(=O)NCCCOCCOCCOCCC[*:2]
COc1cc(N2CCN(C(=O)CCCCCCC(=O)N[C@H](C(=O)N3C[C@H](O)C[C@H]3C(=O)NCc3ccc(-c4scnc4C)cc3)C(C)(C)C)CC2)ccc1Nc1ncc(Cl)c(Nc2ccccc2P(C)(C)=O)n1,[*:1]N1CCN(c2ccc(Nc3ncc(Cl)c(Nc4ccccc4P(C)(C)=O)n3)c(OC)c2)CC1,[*:2]CC(=O)N[C@H](C(=O)N1C[C@H](O)C[C@H]1C(=O)NCc1ccc(-c2scnc2C)cc1)C(C)(C)C,[*:1]C(=O)CCCCC[*:2]
COc1cc(N2CCN(C(=O)CCCCCCCC(=O)N[C@H](C(=O)N3C[C@H](O)C[C@H]3C(=O)NCc3ccc(-c4scnc4C)cc3)C(C)(C)C)CC2)ccc1Nc1ncc(Cl)c(Nc2ccccc2P(C)(C)=O)n1,[*:1]N1CCN(c2ccc(Nc3ncc(Cl)c(Nc4ccccc4P(C)(C)=O)n3)c(OC)c2)CC1,[*:2]CC(=O)N[C@H](C(=O)N1C[C@H](O)C[C@H]1C(=O)NCc1ccc(-c2scnc2C)cc1)C(C)(C)C,[*:1]C(=O)CCCCCC[*:2]
COc1cc(N2CCN(C(=O)CCCCCCCCC(=O)N[C@H](C(=O)N3C[C@H](O)C[C@H]3C(=O)NCc3ccc(-c4scnc4C)cc3)C(C)(C)C)CC2)ccc1Nc1ncc(Cl)c(Nc2ccccc2P(C)(C)=O)n1,[*:1]N1CCN(c2ccc(Nc3ncc(Cl)c(Nc4ccccc4P(C)(C)=O)n3)c(OC)c2)CC1,[*:2]CC(=O)N[C@H](C(=O)N1C[C@H](O)C[C@H]1C(=O)NCc1ccc(-c2scnc2C)cc1)C(C)(C)C,[*:1]C(=O)CCCCCCC[*:2]
COc1cc(N2CCC(NC(=O)CCCCCCC(=O)N[C@H](C(=O)N3C[C@H](O)C[C@H]3C(=O)NCc3ccc(-c4scnc4C)cc3)C(C)(C)C)CC2)ccc1Nc1ncc(Cl)c(Nc2ccccc2P(C)(C)=O)n1,[*:1]NC1CCN(c2ccc(Nc3ncc(Cl)c(Nc4ccccc4P(C)(C)=O)n3)c(OC)c2)CC1,[*:2]CC(=O)N[C@H](C(=O)N1C[C@H](O)C[C@H]1C(=O)NCc1ccc(-c2scnc2C)cc1)C(C)(C)C,[*:1]C(=O)CCCCC[*:2]
COc1cc(N2CCC(NC(=O)CCCCCCCC(=O)N[C@H](C(=O)N3C[C@H](O)C[C@H]3C(=O)NCc3ccc(-c4scnc4C)cc3)C(C)(C)C)CC2)ccc1Nc1ncc(Cl)c(Nc2ccccc2P(C)(C)=O)n1,[*:1]NC1CCN(c2ccc(Nc3ncc(Cl)c(Nc4ccccc4P(C)(C)=O)n3)c(OC)c2)CC1,[*:2]CC(=O)N[C@H](C(=O)N1C[C@H](O)C[C@H]1C(=O)NCc1ccc(-c2scnc2C)cc1)C(C)(C)C,[*:1]C(=O)CCCCCC[*:2]
COc1cc(N2CCC(NC(=O)CCCCCCCCC(=O)N[C@H](C(=O)N3C[C@H](O)C[C@H]3C(=O)NCc3ccc(-c4scnc4C)cc3)C(C)(C)C)CC2)ccc1Nc1ncc(Cl)c(Nc2ccccc2P(C)(C)=O)n1,[*:1]NC1CCN(c2ccc(Nc3ncc(Cl)c(Nc4ccccc4P(C)(C)=O)n3)c(OC)c2)CC1,[*:2]CC(=O)N[C@H](C(=O)N1C[C@H](O)C[C@H]1C(=O)NCc1ccc(-c2scnc2C)cc1)C(C)(C)C,[*:1]C(=O)CCCCCCC[*:2]
COc1cc(N2CCC(N3CCN(C(=O)CCCCCCC(=O)N[C@H](C(=O)N4C[C@H](O)C[C@H]4C(=O)NCc4ccc(-c5scnc5C)cc4)C(C)(C)C)CC3)CC2)ccc1Nc1ncc(Cl)c(Nc2ccccc2P(C)(C)=O)n1,[*:1]N1CCN(C2CCN(c3ccc(Nc4ncc(Cl)c(Nc5ccccc5P(C)(C)=O)n4)c(OC)c3)CC2)CC1,[*:2]CC(=O)N[C@H](C(=O)N1C[C@H](O)C[C@H]1C(=O)NCc1ccc(-c2scnc2C)cc1)C(C)(C)C,[*:1]C(=O)CCCCC[*:2]
COc1cc(N2CCC(N3CCN(C(=O)CCCCCCCC(=O)N[C@H](C(=O)N4C[C@H](O)C[C@H]4C(=O)NCc4ccc(-c5scnc5C)cc4)C(C)(C)C)CC3)CC2)ccc1Nc1ncc(Cl)c(Nc2ccccc2P(C)(C)=O)n1,[*:1]N1CCN(C2CCN(c3ccc(Nc4ncc(Cl)c(Nc5ccccc5P(C)(C)=O)n4)c(OC)c3)CC2)CC1,[*:2]CC(=O)N[C@H](C(=O)N1C[C@H](O)C[C@H]1C(=O)NCc1ccc(-c2scnc2C)cc1)C(C)(C)C,[*:1]C(=O)CCCCCC[*:2]
COc1cc(N2CCC(N3CCN(C(=O)CCCCCCCCC(=O)N[C@H](C(=O)N4C[C@H](O)C[C@H]4C(=O)NCc4ccc(-c5scnc5C)cc4)C(C)(C)C)CC3)CC2)ccc1Nc1ncc(Cl)c(Nc2ccccc2P(C)(C)=O)n1,[*:1]N1CCN(C2CCN(c3ccc(Nc4ncc(Cl)c(Nc5ccccc5P(C)(C)=O)n4)c(OC)c3)CC2)CC1,[*:2]CC(=O)N[C@H](C(=O)N1C[C@H](O)C[C@H]1C(=O)NCc1ccc(-c2scnc2C)cc1)C(C)(C)C,[*:1]C(=O)CCCCCCC[*:2]
COc1cc(N2CCC(NC(=O)CCCCCCCCCC(=O)N[C@H](C(=O)N3C[C@H](O)C[C@H]3C(=O)NCc3ccc(-c4scnc4C)cc3)C(C)(C)C)CC2)ccc1Nc1ncc(Cl)c(Nc2ccccc2P(C)(C)=O)n1,[*:1]NC1CCN(c2ccc(Nc3ncc(Cl)c(Nc4ccccc4P(C)(C)=O)n3)c(OC)c2)CC1,[*:2]CC(=O)N[C@H](C(=O)N1C[C@H](O)C[C@H]1C(=O)NCc1ccc(-c2scnc2C)cc1)C(C)(C)C,[*:1]C(=O)CCCCCCCC[*:2]
Cc1nnc2n1-c1sc(C#Cc3cnn(COc4cccc5c4C(=O)N(C4CCC(=O)NC4=O)C5=O)c3)c(Cc3ccccc3)c1COC2,[*:1]Cn1cc(C#Cc2sc3c(c2Cc2ccccc2)COCc2nnc(C)n2-3)cn1,[*:2]c1cccc2c1C(=O)N(C1CCC(=O)NC1=O)C2=O,[*:1]O[*:2]
Cc1nnc2n1-c1sc(C#Cc3cnn(CCNc4cccc5c4C(=O)N(C4CCC(=O)NC4=O)C5=O)c3)c(Cc3ccccc3)c1COC2,[*:1]Cn1cc(C#Cc2sc3c(c2Cc2ccccc2)COCc2nnc(C)n2-3)cn1,[*:2]Nc1cccc2c1C(=O)N(C1CCC(=O)NC1=O)C2=O,[*:1]C[*:2]
Cc1nnc2n1-c1sc(C#Cc3cnn(CCCNc4cccc5c4C(=O)N(C4CCC(=O)NC4=O)C5=O)c3)c(Cc3ccccc3)c1COC2,[*:1]Cn1cc(C#Cc2sc3c(c2Cc2ccccc2)COCc2nnc(C)n2-3)cn1,[*:2]Nc1cccc2c1C(=O)N(C1CCC(=O)NC1=O)C2=O,[*:1]CC[*:2]
Cc1nnc2n1-c1sc(C#Cc3cnn(CCCCNc4cccc5c4C(=O)N(C4CCC(=O)NC4=O)C5=O)c3)c(Cc3ccccc3)c1COC2,[*:1]Cn1cc(C#Cc2sc3c(c2Cc2ccccc2)COCc2nnc(C)n2-3)cn1,[*:2]Nc1cccc2c1C(=O)N(C1CCC(=O)NC1=O)C2=O,[*:1]CCC[*:2]
Cc1nnc2n1-c1sc(C#Cc3cnn(CCCCCNc4cccc5c4C(=O)N(C4CCC(=O)NC4=O)C5=O)c3)c(Cc3ccccc3)c1COC2,[*:1]Cn1cc(C#Cc2sc3c(c2Cc2ccccc2)COCc2nnc(C)n2-3)cn1,[*:2]Nc1cccc2c1C(=O)N(C1CCC(=O)NC1=O)C2=O,[*:1]CCCC[*:2]
Cc1nnc2n1-c1sc(C#Cc3cnn(CCCC#Cc4cccc5c4CN(C4CCC(=O)NC4=O)C5=O)c3)c(Cc3ccccc3)c1COC2,[*:1]Cn1cc(C#Cc2sc3c(c2Cc2ccccc2)COCc2nnc(C)n2-3)cn1,[*:2]#Cc1cccc2c1CN(C1CCC(=O)NC1=O)C2=O,[*:1]CCC#[*:2]
Nc1ncnc2c1c(-c1ccc(Oc3ccccc3)cc1)nn2[C@@H]1CCCN(C(=O)/C=C/CN2CCN(CCNC(=O)CCCCn3cc(COCCC(=O)Nc4cccc5c4CN(C4CCC(=O)NC4=O)C5=O)nn3)CC2)C1,[*:1]/C=C/C(=O)N1CCC[C@@H](n2nc(-c3ccc(Oc4ccccc4)cc3)c3c(N)ncnc32)C1,[*:2]Nc1cccc2c1CN(C1CCC(=O)NC1=O)C2=O,[*:1]CN1CCN(CCNC(=O)CCCCn2cc(COCCC([*:2])=O)nn2)CC1
Nc1ncnc2c1c(-c1ccc(Oc3ccccc3)cc1)nn2[C@@H]1CCCN(C(=O)CCCNC(=O)CCCCn2cc(COCCC(=O)Nc3cccc4c3CN(C3CCC(=O)NC3=O)C4=O)nn2)C1,[*:1]N1CCC[C@@H](n2nc(-c3ccc(Oc4ccccc4)cc3)c3c(N)ncnc32)C1,[*:2]Nc1cccc2c1CN(C1CCC(=O)NC1=O)C2=O,[*:1]C(=O)CCCNC(=O)CCCCn1cc(COCCC([*:2])=O)nn1
Cc1ncsc1-c1ccc(CNC(=O)[C@@H]2C[C@@H](O)CN2C(=O)[C@@H](NC(=O)CCOCCOCCOCCOCCOCCC(=O)NCCCOC(=O)NC(Nc2ncccn2)C(Cl)(Cl)Cl)C(C)(C)C)cc1,[*:1]NCCCOC(=O)NC(Nc1ncccn1)C(Cl)(Cl)Cl,[*:2]CC(=O)N[C@H](C(=O)N1C[C@H](O)C[C@H]1C(=O)NCc1ccc(-c2scnc2C)cc1)C(C)(C)C,[*:1]C(=O)CCOCCOCCOCCOCCOC[*:2]
O=C1CCC(N2C(=O)c3cccc(NCCOCCOCCNc4cccc5c4C(=O)N(C4CCC(=O)NC4=O)C5=O)c3C2=O)C(=O)N1,[*:1]Nc1cccc2c1C(=O)N(C1CCC(=O)NC1=O)C2=O,[*:2]Nc1cccc2c1C(=O)N(C1CCC(=O)NC1=O)C2=O,[*:1]CCOCCOCC[*:2]
O=C1CCC(N2C(=O)c3cccc(NCCCOCCOCCCNc4cccc5c4C(=O)N(C4CCC(=O)NC4=O)C5=O)c3C2=O)C(=O)N1,[*:1]Nc1cccc2c1C(=O)N(C1CCC(=O)NC1=O)C2=O,[*:2]Nc1cccc2c1C(=O)N(C1CCC(=O)NC1=O)C2=O,[*:1]CCCOCCOCCC[*:2]
O=C1CCC(N2C(=O)c3cccc(NCCCOCCCCOCCCNc4cccc5c4C(=O)N(C4CCC(=O)NC4=O)C5=O)c3C2=O)C(=O)N1,[*:1]Nc1cccc2c1C(=O)N(C1CCC(=O)NC1=O)C2=O,[*:2]Nc1cccc2c1C(=O)N(C1CCC(=O)NC1=O)C2=O,[*:1]CCCOCCCCOCCC[*:2]
O=C1CCC(N2C(=O)c3cccc(NCCCOCCOCCOCCCNc4cccc5c4C(=O)N(C4CCC(=O)NC4=O)C5=O)c3C2=O)C(=O)N1,[*:1]Nc1cccc2c1C(=O)N(C1CCC(=O)NC1=O)C2=O,[*:2]Nc1cccc2c1C(=O)N(C1CCC(=O)NC1=O)C2=O,[*:1]CCCOCCOCCOCCC[*:2]
O=C1CCC(N2C(=O)c3cccc(NCCOCCNc4cccc5c4C(=O)N(C4CCC(=O)NC4=O)C5=O)c3C2=O)C(=O)N1,[*:1]Nc1cccc2c1C(=O)N(C1CCC(=O)NC1=O)C2=O,[*:2]Nc1cccc2c1C(=O)N(C1CCC(=O)NC1=O)C2=O,[*:1]CCOCC[*:2]
O=C1CCC(N2C(=O)c3cccc(OCCOCCOCCOc4cccc5c4C(=O)N(C4CCC(=O)NC4=O)C5=O)c3C2=O)C(=O)N1,[*:1]c1cccc2c1C(=O)N(C1CCC(=O)NC1=O)C2=O,[*:2]c1cccc2c1C(=O)N(C1CCC(=O)NC1=O)C2=O,[*:1]OCCOCCOCCO[*:2]
O=C1CCC(N2C(=O)c3ccc(C(=O)NCCOCCOCCNC(=O)c4ccc5c(c4)C(=O)N(C4CCC(=O)NC4=O)C5=O)cc3C2=O)C(=O)N1,[*:1]c1ccc2c(c1)C(=O)N(C1CCC(=O)NC1=O)C2=O,[*:2]c1ccc2c(c1)C(=O)N(C1CCC(=O)NC1=O)C2=O,[*:1]C(=O)NCCOCCOCCNC([*:2])=O
NC(=O)CC[C@H](NC(=O)[C@@H]1CC[C@@H]2CCN(C(=O)CCCC#Cc3cccc4c3CN(C3CCC(=O)NC3=O)C4=O)C[C@H](NC(=O)c3cc4cc(C(F)(F)P(=O)(O)O)ccc4[nH]3)C(=O)N21)C(=O)NC(c1ccccc1)c1ccccc1,[*:1]CC(=O)N1CC[C@H]2CC[C@@H](C(=O)N[C@@H](CCC(N)=O)C(=O)NC(c3ccccc3)c3ccccc3)N2C(=O)[C@@H](NC(=O)c2cc3cc(C(F)(F)P(=O)(O)O)ccc3[nH]2)C1,[*:2]#Cc1cccc2c1CN(C1CCC(=O)NC1=O)C2=O,[*:1]CCC#[*:2]
NC(=O)CC[C@H](NC(=O)[C@@H]1CC[C@@H]2CCN(C(=O)CCCCC#Cc3cccc4c3CN(C3CCC(=O)NC3=O)C4=O)C[C@H](NC(=O)c3cc4cc(C(F)(F)P(=O)(O)O)ccc4[nH]3)C(=O)N21)C(=O)NC(c1ccccc1)c1ccccc1,[*:1]CC(=O)N1CC[C@H]2CC[C@@H](C(=O)N[C@@H](CCC(N)=O)C(=O)NC(c3ccccc3)c3ccccc3)N2C(=O)[C@@H](NC(=O)c2cc3cc(C(F)(F)P(=O)(O)O)ccc3[nH]2)C1,[*:2]#Cc1cccc2c1CN(C1CCC(=O)NC1=O)C2=O,[*:1]CCCC#[*:2]
NC(=O)CC[C@H](NC(=O)[C@@H]1CC[C@@H]2CCN(C(=O)CCCCCC#Cc3cccc4c3CN(C3CCC(=O)NC3=O)C4=O)C[C@H](NC(=O)c3cc4cc(C(F)(F)P(=O)(O)O)ccc4[nH]3)C(=O)N21)C(=O)NC(c1ccccc1)c1ccccc1,[*:1]CC(=O)N1CC[C@H]2CC[C@@H](C(=O)N[C@@H](CCC(N)=O)C(=O)NC(c3ccccc3)c3ccccc3)N2C(=O)[C@@H](NC(=O)c2cc3cc(C(F)(F)P(=O)(O)O)ccc3[nH]2)C1,[*:2]#Cc1cccc2c1CN(C1CCC(=O)NC1=O)C2=O,[*:1]CCCCC#[*:2]
NC(=O)CC[C@H](NC(=O)[C@@H]1CC[C@@H]2CCN(C(=O)CCCCCCC#Cc3cccc4c3CN(C3CCC(=O)NC3=O)C4=O)C[C@H](NC(=O)c3cc4cc(C(F)(F)P(=O)(O)O)ccc4[nH]3)C(=O)N21)C(=O)NC(c1ccccc1)c1ccccc1,[*:1]CC(=O)N1CC[C@H]2CC[C@@H](C(=O)N[C@@H](CCC(N)=O)C(=O)NC(c3ccccc3)c3ccccc3)N2C(=O)[C@@H](NC(=O)c2cc3cc(C(F)(F)P(=O)(O)O)ccc3[nH]2)C1,[*:2]#Cc1cccc2c1CN(C1CCC(=O)NC1=O)C2=O,[*:1]CCCCCC#[*:2]
NC(=O)CC[C@H](NC(=O)[C@@H]1CC[C@@H]2CCN(C(=O)CCCCCCCCC#Cc3cccc4c3CN(C3CCC(=O)NC3=O)C4=O)C[C@H](NC(=O)c3cc4cc(C(F)(F)P(=O)(O)O)ccc4[nH]3)C(=O)N21)C(=O)NC(c1ccccc1)c1ccccc1,[*:1]CC(=O)N1CC[C@H]2CC[C@@H](C(=O)N[C@@H](CCC(N)=O)C(=O)NC(c3ccccc3)c3ccccc3)N2C(=O)[C@@H](NC(=O)c2cc3cc(C(F)(F)P(=O)(O)O)ccc3[nH]2)C1,[*:2]#Cc1cccc2c1CN(C1CCC(=O)NC1=O)C2=O,[*:1]CCCCCCCC#[*:2]
NC(=O)CC[C@H](NC(=O)[C@@H]1CC[C@@H]2CCN(C(=O)CCCn3cc(C#Cc4cccc5c4CN(C4CCC(=O)NC4=O)C5=O)cn3)C[C@H](NC(=O)c3cc4cc(C(F)(F)P(=O)(O)O)ccc4[nH]3)C(=O)N21)C(=O)NC(c1ccccc1)c1ccccc1,[*:1]CC(=O)N1CC[C@H]2CC[C@@H](C(=O)N[C@@H](CCC(N)=O)C(=O)NC(c3ccccc3)c3ccccc3)N2C(=O)[C@@H](NC(=O)c2cc3cc(C(F)(F)P(=O)(O)O)ccc3[nH]2)C1,[*:2]#Cc1cccc2c1CN(C1CCC(=O)NC1=O)C2=O,[*:1]CCn1cc(C#[*:2])cn1
NC(=O)CC[C@H](NC(=O)[C@@H]1CC[C@@H]2CCN(C(=O)CCN3CCC(C#Cc4cccc5c4CN(C4CCC(=O)NC4=O)C5=O)CC3)C[C@H](NC(=O)c3cc4cc(C(F)(F)P(=O)(O)O)ccc4[nH]3)C(=O)N21)C(=O)NC(c1ccccc1)c1ccccc1,[*:1]CC(=O)N1CC[C@H]2CC[C@@H](C(=O)N[C@@H](CCC(N)=O)C(=O)NC(c3ccccc3)c3ccccc3)N2C(=O)[C@@H](NC(=O)c2cc3cc(C(F)(F)P(=O)(O)O)ccc3[nH]2)C1,[*:2]#Cc1cccc2c1CN(C1CCC(=O)NC1=O)C2=O,[*:1]CN1CCC(C#[*:2])CC1
NC(=O)CC[C@H](NC(=O)[C@@H]1CC[C@@H]2CCN(C(=O)CC(=O)N3CCC(C#Cc4cccc5c4CN(C4CCC(=O)NC4=O)C5=O)CC3)C[C@H](NC(=O)c3cc4cc(C(F)(F)P(=O)(O)O)ccc4[nH]3)C(=O)N21)C(=O)NC(c1ccccc1)c1ccccc1,[*:1]CC(=O)N1CC[C@H]2CC[C@@H](C(=O)N[C@@H](CCC(N)=O)C(=O)NC(c3ccccc3)c3ccccc3)N2C(=O)[C@@H](NC(=O)c2cc3cc(C(F)(F)P(=O)(O)O)ccc3[nH]2)C1,[*:2]#Cc1cccc2c1CN(C1CCC(=O)NC1=O)C2=O,[*:1]C(=O)N1CCC(C#[*:2])CC1
NC(=O)CC[C@H](NC(=O)[C@@H]1CC[C@@H]2CCN(C(=O)CCCCCCCc3cccc4c3CN(C3CCC(=O)NC3=O)C4=O)C[C@H](NC(=O)c3cc4cc(C(F)(F)P(=O)(O)O)ccc4[nH]3)C(=O)N21)C(=O)NC(c1ccccc1)c1ccccc1,[*:1]CC(=O)N1CC[C@H]2CC[C@@H](C(=O)N[C@@H](CCC(N)=O)C(=O)NC(c3ccccc3)c3ccccc3)N2C(=O)[C@@H](NC(=O)c2cc3cc(C(F)(F)P(=O)(O)O)ccc3[nH]2)C1,[*:2]Cc1cccc2c1CN(C1CCC(=O)NC1=O)C2=O,[*:1]CCCCC[*:2]
NC(=O)CC[C@H](NC(=O)[C@@H]1CC[C@@H]2CCN(C(=O)CCCCCCNc3cccc4c3CN(C3CCC(=O)NC3=O)C4=O)C[C@H](NC(=O)c3cc4cc(C(F)(F)P(=O)(O)O)ccc4[nH]3)C(=O)N21)C(=O)NC(c1ccccc1)c1ccccc1,[*:1]CC(=O)N1CC[C@H]2CC[C@@H](C(=O)N[C@@H](CCC(N)=O)C(=O)NC(c3ccccc3)c3ccccc3)N2C(=O)[C@@H](NC(=O)c2cc3cc(C(F)(F)P(=O)(O)O)ccc3[nH]2)C1,[*:2]Nc1cccc2c1CN(C1CCC(=O)NC1=O)C2=O,[*:1]CCCCC[*:2]
NC(=O)CC[C@H](NC(=O)[C@@H]1CC[C@@H]2CCN(C(=O)CCCCCC#Cc3cccc4c3C(=O)N(C3CCC(=O)NC3=O)C4=O)C[C@H](NC(=O)c3cc4cc(C(F)(F)P(=O)(O)O)ccc4[nH]3)C(=O)N21)C(=O)NC(c1ccccc1)c1ccccc1,[*:1]CC(=O)N1CC[C@H]2CC[C@@H](C(=O)N[C@@H](CCC(N)=O)C(=O)NC(c3ccccc3)c3ccccc3)N2C(=O)[C@@H](NC(=O)c2cc3cc(C(F)(F)P(=O)(O)O)ccc3[nH]2)C1,[*:2]c1cccc2c1C(=O)N(C1CCC(=O)NC1=O)C2=O,[*:1]CCCCC#C[*:2]
NC(=O)CC[C@H](NC(=O)[C@@H]1CC[C@@H]2CCN(C(=O)CCCCCC#Cc3ccc4c(c3)C(=O)N(C3CCC(=O)NC3=O)C4)C[C@H](NC(=O)c3cc4cc(C(F)(F)P(=O)(O)O)ccc4[nH]3)C(=O)N21)C(=O)NC(c1ccccc1)c1ccccc1,[*:1]CC(=O)N1CC[C@H]2CC[C@@H](C(=O)N[C@@H](CCC(N)=O)C(=O)NC(c3ccccc3)c3ccccc3)N2C(=O)[C@@H](NC(=O)c2cc3cc(C(F)(F)P(=O)(O)O)ccc3[nH]2)C1,[*:2]c1ccc2c(c1)C(=O)N(C1CCC(=O)NC1=O)C2,[*:1]CCCCC#C[*:2]
NC(=O)CC[C@H](NC(=O)[C@@H]1CC[C@@H]2CCN(C(=O)CCCCCC#Cc3cccc4c3CN(C3CCC(=O)NC3=O)C4=O)C[C@H](NC(=O)c3cc4cc(C(F)(F)P(=O)(O)O)ccc4[nH]3)C(=O)N21)C(=O)NCc1ccccc1,[*:1]CC(=O)N1CC[C@H]2CC[C@@H](C(=O)N[C@@H](CCC(N)=O)C(=O)NCc3ccccc3)N2C(=O)[C@@H](NC(=O)c2cc3cc(C(F)(F)P(=O)(O)O)ccc3[nH]2)C1,[*:2]#Cc1cccc2c1CN(C1CCC(=O)NC1=O)C2=O,[*:1]CCCCC#[*:2]
CNC(=O)[C@H](CCC(N)=O)NC(=O)[C@@H]1CC[C@@H]2CCN(C(=O)CCCCCC#Cc3cccc4c3CN(C3CCC(=O)NC3=O)C4=O)C[C@H](NC(=O)c3cc4cc(C(F)(F)P(=O)(O)O)ccc4[nH]3)C(=O)N21,[*:1]CC(=O)N1CC[C@H]2CC[C@@H](C(=O)N[C@@H](CCC(N)=O)C(=O)NC)N2C(=O)[C@@H](NC(=O)c2cc3cc(C(F)(F)P(=O)(O)O)ccc3[nH]2)C1,[*:2]#Cc1cccc2c1CN(C1CCC(=O)NC1=O)C2=O,[*:1]CCCCC#[*:2]
NC(=O)CC[C@H](NC(=O)[C@@H]1CC[C@@H]2CCN(C(=O)CCCCCC#Cc3cccc4c3CN(C3CCC(=O)NC3=O)C4=O)C[C@H](NC(=O)c3cc4cc(OP(=O)(O)O)ccc4[nH]3)C(=O)N21)C(=O)NC(c1ccccc1)c1ccccc1,[*:1]CC(=O)N1CC[C@H]2CC[C@@H](C(=O)N[C@@H](CCC(N)=O)C(=O)NC(c3ccccc3)c3ccccc3)N2C(=O)[C@@H](NC(=O)c2cc3cc(OP(=O)(O)O)ccc3[nH]2)C1,[*:2]#Cc1cccc2c1CN(C1CCC(=O)NC1=O)C2=O,[*:1]CCCCC#[*:2]
NC(=O)CC[C@H](NC(=O)[C@@H]1CC[C@@H]2CCN(C(=O)CCCCCC#Cc3cccc4c3CN(C3CCC(=O)NC3=O)C4=O)C[C@H](NC(=O)c3cc4cc(CP(=O)(O)O)ccc4[nH]3)C(=O)N21)C(=O)NC(c1ccccc1)c1ccccc1,[*:1]CC(=O)N1CC[C@H]2CC[C@@H](C(=O)N[C@@H](CCC(N)=O)C(=O)NC(c3ccccc3)c3ccccc3)N2C(=O)[C@@H](NC(=O)c2cc3cc(CP(=O)(O)O)ccc3[nH]2)C1,[*:2]#Cc1cccc2c1CN(C1CCC(=O)NC1=O)C2=O,[*:1]CCCCC#[*:2]
C/C(=C\C(=O)N[C@H]1CN(C(=O)CCCCCC#Cc2cccc3c2CN(C2CCC(=O)NC2=O)C3=O)CC[C@H]2CC[C@@H](C(=O)N[C@@H](CCC(N)=O)C(=O)NC(c3ccccc3)c3ccccc3)N2C1=O)c1ccc(C(F)(F)P(=O)(O)O)cc1,[*:1]CC(=O)N1CC[C@H]2CC[C@@H](C(=O)N[C@@H](CCC(N)=O)C(=O)NC(c3ccccc3)c3ccccc3)N2C(=O)[C@@H](NC(=O)/C=C(\C)c2ccc(C(F)(F)P(=O)(O)O)cc2)C1,[*:2]#Cc1cccc2c1CN(C1CCC(=O)NC1=O)C2=O,[*:1]CCCCC#[*:2]
O=C1CCC(N2C(=O)c3cccc(NCCCCNC(=O)c4ccc(NC(=O)[C@@H]5NC6(CCCCC6)[C@@]6(C(=O)Nc7cc(Cl)ccc76)[C@H]5c5cccc(Cl)c5F)cc4)c3C2=O)C(=O)N1,[*:1]CNC(=O)c1ccc(NC(=O)[C@@H]2NC3(CCCCC3)[C@@]3(C(=O)Nc4cc(Cl)ccc43)[C@H]2c2cccc(Cl)c2F)cc1,[*:2]Nc1cccc2c1C(=O)N(C1CCC(=O)NC1=O)C2=O,[*:1]CCC[*:2]
O=C1CCC(N2C(=O)c3cccc(NCCOCCOCCNC(=O)c4ccc(NC(=O)[C@@H]5NC6(CCCCC6)[C@@]6(C(=O)Nc7cc(Cl)ccc76)[C@H]5c5cccc(Cl)c5F)cc4)c3C2=O)C(=O)N1,[*:1]CNC(=O)c1ccc(NC(=O)[C@@H]2NC3(CCCCC3)[C@@]3(C(=O)Nc4cc(Cl)ccc43)[C@H]2c2cccc(Cl)c2F)cc1,[*:2]Nc1cccc2c1C(=O)N(C1CCC(=O)NC1=O)C2=O,[*:1]COCCOCC[*:2]
O=C1CCC(N2C(=O)c3cccc(NCCNC(=O)c4ccc(NC(=O)[C@@H]5NC6(CCCCC6)[C@@]6(C(=O)Nc7cc(Cl)ccc76)[C@H]5c5cccc(Cl)c5F)cc4)c3C2=O)C(=O)N1,[*:1]CNC(=O)c1ccc(NC(=O)[C@@H]2NC3(CCCCC3)[C@@]3(C(=O)Nc4cc(Cl)ccc43)[C@H]2c2cccc(Cl)c2F)cc1,[*:2]Nc1cccc2c1C(=O)N(C1CCC(=O)NC1=O)C2=O,[*:1]C[*:2]
O=C1CCC(N2C(=O)c3cccc(NCCCNC(=O)c4ccc(NC(=O)[C@@H]5NC6(CCCCC6)[C@@]6(C(=O)Nc7cc(Cl)ccc76)[C@H]5c5cccc(Cl)c5F)cc4)c3C2=O)C(=O)N1,[*:1]CNC(=O)c1ccc(NC(=O)[C@@H]2NC3(CCCCC3)[C@@]3(C(=O)Nc4cc(Cl)ccc43)[C@H]2c2cccc(Cl)c2F)cc1,[*:2]Nc1cccc2c1C(=O)N(C1CCC(=O)NC1=O)C2=O,[*:1]CC[*:2]
O=C1CCC(N2C(=O)c3cccc(NCCCCCNC(=O)c4ccc(NC(=O)[C@@H]5NC6(CCCCC6)[C@@]6(C(=O)Nc7cc(Cl)ccc76)[C@H]5c5cccc(Cl)c5F)cc4)c3C2=O)C(=O)N1,[*:1]CNC(=O)c1ccc(NC(=O)[C@@H]2NC3(CCCCC3)[C@@]3(C(=O)Nc4cc(Cl)ccc43)[C@H]2c2cccc(Cl)c2F)cc1,[*:2]Nc1cccc2c1C(=O)N(C1CCC(=O)NC1=O)C2=O,[*:1]CCCC[*:2]
O=C1CCC(N2C(=O)c3cccc(NCCCCCCNC(=O)c4ccc(NC(=O)[C@@H]5NC6(CCCCC6)[C@@]6(C(=O)Nc7cc(Cl)ccc76)[C@H]5c5cccc(Cl)c5F)cc4)c3C2=O)C(=O)N1,[*:1]CNC(=O)c1ccc(NC(=O)[C@@H]2NC3(CCCCC3)[C@@]3(C(=O)Nc4cc(Cl)ccc43)[C@H]2c2cccc(Cl)c2F)cc1,[*:2]Nc1cccc2c1C(=O)N(C1CCC(=O)NC1=O)C2=O,[*:1]CCCCC[*:2]
O=C1CCC(N2C(=O)c3cccc(NCCCCCCCNC(=O)c4ccc(NC(=O)[C@@H]5NC6(CCCCC6)[C@@]6(C(=O)Nc7cc(Cl)ccc76)[C@H]5c5cccc(Cl)c5F)cc4)c3C2=O)C(=O)N1,[*:1]CNC(=O)c1ccc(NC(=O)[C@@H]2NC3(CCCCC3)[C@@]3(C(=O)Nc4cc(Cl)ccc43)[C@H]2c2cccc(Cl)c2F)cc1,[*:2]Nc1cccc2c1C(=O)N(C1CCC(=O)NC1=O)C2=O,[*:1]CCCCCC[*:2]
O=C1CCC(N2C(=O)c3cccc(NCCOCCNC(=O)c4ccc(NC(=O)[C@@H]5NC6(CCCCC6)[C@@]6(C(=O)Nc7cc(Cl)ccc76)[C@H]5c5cccc(Cl)c5F)cc4)c3C2=O)C(=O)N1,[*:1]CNC(=O)c1ccc(NC(=O)[C@@H]2NC3(CCCCC3)[C@@]3(C(=O)Nc4cc(Cl)ccc43)[C@H]2c2cccc(Cl)c2F)cc1,[*:2]Nc1cccc2c1C(=O)N(C1CCC(=O)NC1=O)C2=O,[*:1]COCC[*:2]
O=C1CCC(N2C(=O)c3cccc(NCCOCCOCCOCCNC(=O)c4ccc(NC(=O)[C@@H]5NC6(CCCCC6)[C@@]6(C(=O)Nc7cc(Cl)ccc76)[C@H]5c5cccc(Cl)c5F)cc4)c3C2=O)C(=O)N1,[*:1]CNC(=O)c1ccc(NC(=O)[C@@H]2NC3(CCCCC3)[C@@]3(C(=O)Nc4cc(Cl)ccc43)[C@H]2c2cccc(Cl)c2F)cc1,[*:2]Nc1cccc2c1C(=O)N(C1CCC(=O)NC1=O)C2=O,[*:1]COCCOCCOCC[*:2]
O=C1CCC(N2Cc3c(CCCCCNC(=O)c4ccc(NC(=O)[C@@H]5NC6(CCCCC6)[C@@]6(C(=O)Nc7cc(Cl)ccc76)[C@H]5c5cccc(Cl)c5F)cc4)cccc3C2=O)C(=O)N1,[*:1]CNC(=O)c1ccc(NC(=O)[C@@H]2NC3(CCCCC3)[C@@]3(C(=O)Nc4cc(Cl)ccc43)[C@H]2c2cccc(Cl)c2F)cc1,[*:2]Cc1cccc2c1CN(C1CCC(=O)NC1=O)C2=O,[*:1]CCC[*:2]
O=C1CCC(N2Cc3c(C#CCCCNC(=O)c4ccc(NC(=O)[C@@H]5NC6(CCCCC6)[C@@]6(C(=O)Nc7cc(Cl)ccc76)[C@H]5c5cccc(Cl)c5F)cc4)cccc3C2=O)C(=O)N1,[*:1]CNC(=O)c1ccc(NC(=O)[C@@H]2NC3(CCCCC3)[C@@]3(C(=O)Nc4cc(Cl)ccc43)[C@H]2c2cccc(Cl)c2F)cc1,[*:2]#Cc1cccc2c1CN(C1CCC(=O)NC1=O)C2=O,[*:1]CCC#[*:2]
Cc1ncsc1-c1ccc(CNC(=O)[C@@H]2C[C@@H](O)CN2C(=O)[C@@H](NC(=O)CCOCCOCCOCCNC(=O)c2ccc(NC(=O)[C@@H]3NC4(CCCCC4)[C@@]4(C(=O)Nc5cc(Cl)ccc54)[C@H]3c3cccc(Cl)c3F)cc2)C(C)(C)C)cc1,[*:1]CNC(=O)c1ccc(NC(=O)[C@@H]2NC3(CCCCC3)[C@@]3(C(=O)Nc4cc(Cl)ccc43)[C@H]2c2cccc(Cl)c2F)cc1,[*:2]CC(=O)N[C@H](C(=O)N1C[C@H](O)C[C@H]1C(=O)NCc1ccc(-c2scnc2C)cc1)C(C)(C)C,[*:1]COCCOCCOC[*:2]
Cc1ncsc1-c1ccc(CNC(=O)[C@@H]2C[C@@H](O)CN2C(=O)[C@@H](NC(=O)CCNC(=O)c2ccc(N3C(=S)N(c4ccc(C#N)c(C(F)(F)F)c4)C(=O)C3(C)C)cc2F)C(C)(C)C)cc1,[*:1]CNC(=O)c1ccc(N2C(=S)N(c3ccc(C#N)c(C(F)(F)F)c3)C(=O)C2(C)C)cc1F,[*:2]N[C@H](C(=O)N1C[C@H](O)C[C@H]1C(=O)NCc1ccc(-c2scnc2C)cc1)C(C)(C)C,[*:1]CC([*:2])=O
Cc1ncsc1-c1ccc(CNC(=O)[C@@H]2C[C@@H](O)CN2C(=O)[C@@H](NC(=O)CCCNC(=O)c2ccc(N3C(=S)N(c4ccc(C#N)c(C(F)(F)F)c4)C(=O)C3(C)C)cc2F)C(C)(C)C)cc1,[*:1]CNC(=O)c1ccc(N2C(=S)N(c3ccc(C#N)c(C(F)(F)F)c3)C(=O)C2(C)C)cc1F,[*:2]CC(=O)N[C@H](C(=O)N1C[C@H](O)C[C@H]1C(=O)NCc1ccc(-c2scnc2C)cc1)C(C)(C)C,[*:1]C[*:2]
Cc1ncsc1-c1ccc(CNC(=O)[C@@H]2C[C@@H](O)CN2C(=O)[C@@H](NC(=O)CCCCNC(=O)c2ccc(N3C(=S)N(c4ccc(C#N)c(C(F)(F)F)c4)C(=O)C3(C)C)cc2F)C(C)(C)C)cc1,[*:1]CNC(=O)c1ccc(N2C(=S)N(c3ccc(C#N)c(C(F)(F)F)c3)C(=O)C2(C)C)cc1F,[*:2]CC(=O)N[C@H](C(=O)N1C[C@H](O)C[C@H]1C(=O)NCc1ccc(-c2scnc2C)cc1)C(C)(C)C,[*:1]CC[*:2]
Cc1ncsc1-c1ccc(CNC(=O)[C@@H]2C[C@@H](O)CN2C(=O)[C@@H](NC(=O)CCCCCNC(=O)c2ccc(N3C(=S)N(c4ccc(C#N)c(C(F)(F)F)c4)C(=O)C3(C)C)cc2F)C(C)(C)C)cc1,[*:1]CNC(=O)c1ccc(N2C(=S)N(c3ccc(C#N)c(C(F)(F)F)c3)C(=O)C2(C)C)cc1F,[*:2]CC(=O)N[C@H](C(=O)N1C[C@H](O)C[C@H]1C(=O)NCc1ccc(-c2scnc2C)cc1)C(C)(C)C,[*:1]CCC[*:2]
Cc1ncsc1-c1ccc(CNC(=O)[C@@H]2C[C@@H](O)CN2C(=O)[C@@H](NC(=O)CCCCCCNC(=O)c2ccc(N3C(=S)N(c4ccc(C#N)c(C(F)(F)F)c4)C(=O)C3(C)C)cc2F)C(C)(C)C)cc1,[*:1]CNC(=O)c1ccc(N2C(=S)N(c3ccc(C#N)c(C(F)(F)F)c3)C(=O)C2(C)C)cc1F,[*:2]CC(=O)N[C@H](C(=O)N1C[C@H](O)C[C@H]1C(=O)NCc1ccc(-c2scnc2C)cc1)C(C)(C)C,[*:1]CCCC[*:2]
Cc1ncsc1-c1ccc(CNC(=O)[C@@H]2C[C@@H](O)CN2C(=O)[C@@H](NC(=O)CCCCCCCNC(=O)c2ccc(N3C(=S)N(c4ccc(C#N)c(C(F)(F)F)c4)C(=O)C3(C)C)cc2F)C(C)(C)C)cc1,[*:1]CNC(=O)c1ccc(N2C(=S)N(c3ccc(C#N)c(C(F)(F)F)c3)C(=O)C2(C)C)cc1F,[*:2]CC(=O)N[C@H](C(=O)N1C[C@H](O)C[C@H]1C(=O)NCc1ccc(-c2scnc2C)cc1)C(C)(C)C,[*:1]CCCCC[*:2]
Cc1ncsc1-c1ccc(CNC(=O)[C@@H]2C[C@@H](O)CN2C(=O)[C@@H](NC(=O)CCCCCCCCNC(=O)c2ccc(N3C(=S)N(c4ccc(C#N)c(C(F)(F)F)c4)C(=O)C3(C)C)cc2F)C(C)(C)C)cc1,[*:1]CNC(=O)c1ccc(N2C(=S)N(c3ccc(C#N)c(C(F)(F)F)c3)C(=O)C2(C)C)cc1F,[*:2]CC(=O)N[C@H](C(=O)N1C[C@H](O)C[C@H]1C(=O)NCc1ccc(-c2scnc2C)cc1)C(C)(C)C,[*:1]CCCCCC[*:2]
Cc1ncsc1-c1ccc(CNC(=O)[C@@H]2C[C@@H](O)CN2C(=O)[C@@H](NC(=O)CCCCCCCCCNC(=O)c2ccc(N3C(=S)N(c4ccc(C#N)c(C(F)(F)F)c4)C(=O)C3(C)C)cc2F)C(C)(C)C)cc1,[*:1]CNC(=O)c1ccc(N2C(=S)N(c3ccc(C#N)c(C(F)(F)F)c3)C(=O)C2(C)C)cc1F,[*:2]CC(=O)N[C@H](C(=O)N1C[C@H](O)C[C@H]1C(=O)NCc1ccc(-c2scnc2C)cc1)C(C)(C)C,[*:1]CCCCCCC[*:2]
Cc1ncsc1-c1ccc(CNC(=O)[C@@H]2C[C@@H](O)CN2C(=O)[C@@H](NC(=O)CCCCCCCCCCNC(=O)c2ccc(N3C(=S)N(c4ccc(C#N)c(C(F)(F)F)c4)C(=O)C3(C)C)cc2F)C(C)(C)C)cc1,[*:1]CNC(=O)c1ccc(N2C(=S)N(c3ccc(C#N)c(C(F)(F)F)c3)C(=O)C2(C)C)cc1F,[*:2]CC(=O)N[C@H](C(=O)N1C[C@H](O)C[C@H]1C(=O)NCc1ccc(-c2scnc2C)cc1)C(C)(C)C,[*:1]CCCCCCCC[*:2]
Cc1ncsc1-c1ccc(CNC(=O)[C@@H]2C[C@@H](O)CN2C(=O)[C@@H](NC(=O)CCCCCCCCCCCNC(=O)c2ccc(N3C(=S)N(c4ccc(C#N)c(C(F)(F)F)c4)C(=O)C3(C)C)cc2F)C(C)(C)C)cc1,[*:1]CNC(=O)c1ccc(N2C(=S)N(c3ccc(C#N)c(C(F)(F)F)c3)C(=O)C2(C)C)cc1F,[*:2]CC(=O)N[C@H](C(=O)N1C[C@H](O)C[C@H]1C(=O)NCc1ccc(-c2scnc2C)cc1)C(C)(C)C,[*:1]CCCCCCCCC[*:2]
Cc1ncsc1-c1ccc(CNC(=O)[C@@H]2C[C@@H](O)CN2C(=O)[C@@H](NC(=O)CCOCCOCCNC(=O)c2ccc(N3C(=S)N(c4ccc(C#N)c(C(F)(F)F)c4)C(=O)C3(C)C)cc2F)C(C)(C)C)cc1,[*:1]CNC(=O)c1ccc(N2C(=S)N(c3ccc(C#N)c(C(F)(F)F)c3)C(=O)C2(C)C)cc1F,[*:2]CC(=O)N[C@H](C(=O)N1C[C@H](O)C[C@H]1C(=O)NCc1ccc(-c2scnc2C)cc1)C(C)(C)C,[*:1]COCCOC[*:2]
Cc1cc([C@H](C(=O)N2C[C@H](O)C[C@H]2C(=O)N[C@@H](CC(=O)NCCCCCCCCCNC(=O)c2ccc(N3C(=S)N(c4ccc(C#N)c(C(F)(F)F)c4)C(=O)C3(C)C)cc2F)c2ccc(-c3scnc3C)cc2)C(C)C)on1,[*:1]CNC(=O)c1ccc(N2C(=S)N(c3ccc(C#N)c(C(F)(F)F)c3)C(=O)C2(C)C)cc1F,[*:2]CNC(=O)C[C@H](NC(=O)[C@@H]1C[C@@H](O)CN1C(=O)[C@@H](c1cc(C)no1)C(C)C)c1ccc(-c2scnc2C)cc1,[*:1]CCCCCCC[*:2]
Cc1cc([C@H](C(=O)N2C[C@H](O)C[C@H]2C(=O)N[C@@H](CC(=O)N2CCC(N3CCC(C#Cc4ccc(N5C(=S)N(c6cnc(C#N)c(C(F)(F)F)c6)C(=O)C56CCC6)cc4)CC3)CC2)c2ccc(-c3scnc3C)cc2)C(C)C)on1,[*:1]#Cc1ccc(N2C(=S)N(c3cnc(C#N)c(C(F)(F)F)c3)C(=O)C23CCC3)cc1,[*:2][C@H](NC(=O)[C@@H]1C[C@@H](O)CN1C(=O)[C@@H](c1cc(C)no1)C(C)C)c1ccc(-c2scnc2C)cc1,[*:1]#CC1CCN(C2CCN(C(=O)C[*:2])CC2)CC1
Cc1cc([C@H](C(=O)N2C[C@H](O)C[C@H]2C(=O)N[C@@H](CC(=O)N2CCC(N3CCC(C#Cc4ccc(S(=O)CC(C)(O)C(=O)Nc5ccc(C#N)c(C(F)(F)F)c5)cc4)CC3)CC2)c2ccc(-c3scnc3C)cc2)C(C)C)on1,[*:1]#Cc1ccc(S(=O)CC(C)(O)C(=O)Nc2ccc(C#N)c(C(F)(F)F)c2)cc1,[*:2][C@H](NC(=O)[C@@H]1C[C@@H](O)CN1C(=O)[C@@H](c1cc(C)no1)C(C)C)c1ccc(-c2scnc2C)cc1,[*:1]#CC1CCN(C2CCN(C(=O)C[*:2])CC2)CC1
Cc1cc([C@H](C(=O)N2C[C@H](O)C[C@H]2C(=O)N[C@@H](CC(=O)N2CCC(N3CCC(C#Cc4ccc(C(=O)N[C@H]5C(C)(C)[C@H](Oc6ccc(C#N)c(Cl)c6)C5(C)C)cc4)CC3)CC2)c2ccc(-c3scnc3C)cc2)C(C)C)on1,[*:1]#Cc1ccc(C(=O)N[C@H]2C(C)(C)[C@H](Oc3ccc(C#N)c(Cl)c3)C2(C)C)cc1,[*:2][C@H](NC(=O)[C@@H]1C[C@@H](O)CN1C(=O)[C@@H](c1cc(C)no1)C(C)C)c1ccc(-c2scnc2C)cc1,[*:1]#CC1CCN(C2CCN(C(=O)C[*:2])CC2)CC1
Cc1cc([C@H](C(=O)N2C[C@H](O)C[C@H]2C(=O)N[C@@H](CC(=O)N2CCC(N3CCC(C#Cc4ccc(Cc5c(C)nn(-c6ccc(C#N)c(Cl)c6)c5C)cc4)CC3)CC2)c2ccc(-c3scnc3C)cc2)C(C)C)on1,[*:1]#Cc1ccc(Cc2c(C)nn(-c3ccc(C#N)c(Cl)c3)c2C)cc1,[*:2][C@H](NC(=O)[C@@H]1C[C@@H](O)CN1C(=O)[C@@H](c1cc(C)no1)C(C)C)c1ccc(-c2scnc2C)cc1,[*:1]#CC1CCN(C2CCN(C(=O)C[*:2])CC2)CC1
Cc1ncsc1-c1ccc([C@H](CC(=O)N2CCC(N3CCC(C#Cc4ccc(C(=O)N[C@H]5C(C)(C)[C@H](Oc6ccc(C#N)c(Cl)c6)C5(C)C)cc4)CC3)CC2)NC(=O)[C@@H]2C[C@@H](O)CN2C(=O)[C@@H](NC(=O)C2(F)CC2)C(C)(C)C)cc1,[*:1]#Cc1ccc(C(=O)N[C@H]2C(C)(C)[C@H](Oc3ccc(C#N)c(Cl)c3)C2(C)C)cc1,[*:2]C[C@H](NC(=O)[C@@H]1C[C@@H](O)CN1C(=O)[C@@H](NC(=O)C1(F)CC1)C(C)(C)C)c1ccc(-c2scnc2C)cc1,[*:1]#CC1CCN(C2CCN(C([*:2])=O)CC2)CC1
Cc1ncsc1-c1ccc([C@H](CC(=O)N2CCC(N3CCC(C#Cc4ccc(C(=O)N[C@H]5C(C)(C)[C@H](Oc6ccc(C#N)c(Cl)c6)C5(C)C)cc4)CC3)CC2)NC(=O)[C@@H]2C[C@@H](O)CN2C(=O)[C@@H](NC(=O)C2(C#N)CC2)C(C)(C)C)cc1,[*:1]#Cc1ccc(C(=O)N[C@H]2C(C)(C)[C@H](Oc3ccc(C#N)c(Cl)c3)C2(C)C)cc1,[*:2]C[C@H](NC(=O)[C@@H]1C[C@@H](O)CN1C(=O)[C@@H](NC(=O)C1(C#N)CC1)C(C)(C)C)c1ccc(-c2scnc2C)cc1,[*:1]#CC1CCN(C2CCN(C([*:2])=O)CC2)CC1
CC(=O)N[C@H](C(=O)N1C[C@H](O)C[C@H]1C(=O)N[C@@H](CC(=O)N1CCC(N2CCC(C#Cc3ccc(C(=O)N[C@H]4C(C)(C)[C@H](Oc5ccc(C#N)c(Cl)c5)C4(C)C)cc3)CC2)CC1)c1ccc(-c2scnc2C)cc1)C(C)(C)C,[*:1]#Cc1ccc(C(=O)N[C@H]2C(C)(C)[C@H](Oc3ccc(C#N)c(Cl)c3)C2(C)C)cc1,[*:2]C[C@H](NC(=O)[C@@H]1C[C@@H](O)CN1C(=O)[C@@H](NC(C)=O)C(C)(C)C)c1ccc(-c2scnc2C)cc1,[*:1]#CC1CCN(C2CCN(C([*:2])=O)CC2)CC1
Cc1cc([C@H](C(=O)N2C[C@H](O)C[C@H]2C(=O)N[C@@H](CC(=O)NCCCCCCCCCNC(=O)c2ccc(C(=O)N[C@H]3C(C)(C)[C@H](Oc4ccc(C#N)c(Cl)c4)C3(C)C)cc2)c2ccc(-c3scnc3C)cc2)C(C)C)on1,[*:1]c1ccc(C(=O)N[C@H]2C(C)(C)[C@H](Oc3ccc(C#N)c(Cl)c3)C2(C)C)cc1,[*:2]CNC(=O)C[C@H](NC(=O)[C@@H]1C[C@@H](O)CN1C(=O)[C@@H](c1cc(C)no1)C(C)C)c1ccc(-c2scnc2C)cc1,[*:1]C(=O)NCCCCCCCC[*:2]
CC1(C)[C@H](NC(=O)c2ccc(C(=O)NCCCCCCCCCCc3cccc4c3C(=O)N(C3CCC(=O)NC3=O)C4=O)cc2)C(C)(C)[C@H]1Oc1ccc(C#N)c(Cl)c1,[*:1]c1ccc(C(=O)N[C@H]2C(C)(C)[C@H](Oc3ccc(C#N)c(Cl)c3)C2(C)C)cc1,[*:2]c1cccc2c1C(=O)N(C1CCC(=O)NC1=O)C2=O,[*:1]C(=O)NCCCCCCCCCC[*:2]
CC1(C)[C@H](NC(=O)c2ccc(C#CC3CCN(C4CCN(c5cccc6c5C(=O)N(C5CCC(=O)NC5=O)C6=O)CC4)CC3)cc2)C(C)(C)[C@H]1Oc1ccc(C#N)c(Cl)c1,[*:1]#Cc1ccc(C(=O)N[C@H]2C(C)(C)[C@H](Oc3ccc(C#N)c(Cl)c3)C2(C)C)cc1,[*:2]c1cccc2c1C(=O)N(C1CCC(=O)NC1=O)C2=O,[*:1]#CC1CCN(C2CCN([*:2])CC2)CC1
C=CC(=O)N1CCN(c2nc(NCCC(=O)NCCOCCOCCNc3cccc4c3C(=O)N(C3CCC(=O)NC3=O)C4=O)nc3c(F)c(-c4cc(O)cc5ccccc45)c(Cl)cc23)CC1,[*:1]c1nc(N2CCN(C(=O)C=C)CC2)c2cc(Cl)c(-c3cc(O)cc4ccccc34)c(F)c2n1,[*:2]Nc1cccc2c1C(=O)N(C1CCC(=O)NC1=O)C2=O,[*:1]NCCC(=O)NCCOCCOCC[*:2]
C=CC(=O)N1CCN(c2nc(NCCC(=O)NCCOCCOCCOCCOCCNc3cccc4c3C(=O)N(C3CCC(=O)NC3=O)C4=O)nc3c(F)c(-c4cc(O)cc5ccccc45)c(Cl)cc23)CC1,[*:1]c1nc(N2CCN(C(=O)C=C)CC2)c2cc(Cl)c(-c3cc(O)cc4ccccc34)c(F)c2n1,[*:2]Nc1cccc2c1C(=O)N(C1CCC(=O)NC1=O)C2=O,[*:1]NCCC(=O)NCCOCCOCCOCCOCC[*:2]
C=CC(=O)N1CCN(c2nc(NCCCc3cn(CCOCCOCCOCCC(=O)Nc4cccc5c4CN(C4CCC(=O)NC4=O)C5=O)nn3)nc3c(F)c(-c4cc(O)cc5ccccc45)c(Cl)cc23)CC1,[*:1]c1nc(N2CCN(C(=O)C=C)CC2)c2cc(Cl)c(-c3cc(O)cc4ccccc34)c(F)c2n1,[*:2]Nc1cccc2c1CN(C1CCC(=O)NC1=O)C2=O,[*:1]NCCCc1cn(CCOCCOCCOCCC([*:2])=O)nn1
C=CC(=O)N1CCN(c2nc(NCCOCCOCCOCCc3cn(CCOCCOCCOCCC(=O)Nc4cccc5c4CN(C4CCC(=O)NC4=O)C5=O)nn3)nc3c(F)c(-c4cc(O)cc5ccccc45)c(Cl)cc23)CC1,[*:1]c1nc(N2CCN(C(=O)C=C)CC2)c2cc(Cl)c(-c3cc(O)cc4ccccc34)c(F)c2n1,[*:2]Nc1cccc2c1CN(C1CCC(=O)NC1=O)C2=O,[*:1]NCCOCCOCCOCCc1cn(CCOCCOCCOCCC([*:2])=O)nn1
C=CC(=O)N1CCN(c2nc(NCCOCCOCCOCCOc3cccc4c3C(=O)N(C3CCC(=O)NC3=O)C4=O)nc3c(F)c(-c4cc(O)cc5ccccc45)c(Cl)cc23)CC1,[*:1]c1nc(N2CCN(C(=O)C=C)CC2)c2cc(Cl)c(-c3cc(O)cc4ccccc34)c(F)c2n1,[*:2]c1cccc2c1C(=O)N(C1CCC(=O)NC1=O)C2=O,[*:1]NCCOCCOCCOCCO[*:2]
C=CC(=O)N1CCN(c2nc(NCCOCCOCCOCCOCCOc3cccc4c3C(=O)N(C3CCC(=O)NC3=O)C4=O)nc3c(F)c(-c4cc(O)cc5ccccc45)c(Cl)cc23)CC1,[*:1]c1nc(N2CCN(C(=O)C=C)CC2)c2cc(Cl)c(-c3cc(O)cc4ccccc34)c(F)c2n1,[*:2]c1cccc2c1C(=O)N(C1CCC(=O)NC1=O)C2=O,[*:1]NCCOCCOCCOCCOCCO[*:2]
C=CC(=O)N1CCN(c2nc(NCCOCCOCCOCCOCCOCCOc3cccc4c3C(=O)N(C3CCC(=O)NC3=O)C4=O)nc3c(F)c(-c4cc(O)cc5ccccc45)c(Cl)cc23)CC1,[*:1]c1nc(N2CCN(C(=O)C=C)CC2)c2cc(Cl)c(-c3cc(O)cc4ccccc34)c(F)c2n1,[*:2]c1cccc2c1C(=O)N(C1CCC(=O)NC1=O)C2=O,[*:1]NCCOCCOCCOCCOCCOCCO[*:2]
C=CC(=O)N1CCN(c2nc(NCCOCCOCCOCCNc3cccc4c3C(=O)N(C3CCC(=O)NC3=O)C4=O)nc3c(F)c(-c4cc(O)cc5ccccc45)c(Cl)cc23)CC1,[*:1]c1nc(N2CCN(C(=O)C=C)CC2)c2cc(Cl)c(-c3cc(O)cc4ccccc34)c(F)c2n1,[*:2]Nc1cccc2c1C(=O)N(C1CCC(=O)NC1=O)C2=O,[*:1]NCCOCCOCCOCC[*:2]
C=CC(=O)N1CCN(c2nc(NCCCCCCCCCCCCNc3cccc4c3C(=O)N(C3CCC(=O)NC3=O)C4=O)nc3c(F)c(-c4cc(O)cc5ccccc45)c(Cl)cc23)CC1,[*:1]c1nc(N2CCN(C(=O)C=C)CC2)c2cc(Cl)c(-c3cc(O)cc4ccccc34)c(F)c2n1,[*:2]Nc1cccc2c1C(=O)N(C1CCC(=O)NC1=O)C2=O,[*:1]NCCCCCCCCCCCC[*:2]
C=CC(=O)N1CCN(c2nc(NCCCN(C)CCCNc3cccc4c3C(=O)N(C3CCC(=O)NC3=O)C4=O)nc3c(F)c(-c4cc(O)cc5ccccc45)c(Cl)cc23)CC1,[*:1]c1nc(N2CCN(C(=O)C=C)CC2)c2cc(Cl)c(-c3cc(O)cc4ccccc34)c(F)c2n1,[*:2]Nc1cccc2c1C(=O)N(C1CCC(=O)NC1=O)C2=O,[*:1]NCCCN(C)CCC[*:2]
C=CC(=O)N1CCN(c2nc(NCCN3CCN(CCNc4cccc5c4C(=O)N(C4CCC(=O)NC4=O)C5=O)CC3)nc3c(F)c(-c4cc(O)cc5ccccc45)c(Cl)cc23)CC1,[*:1]c1nc(N2CCN(C(=O)C=C)CC2)c2cc(Cl)c(-c3cc(O)cc4ccccc34)c(F)c2n1,[*:2]Nc1cccc2c1C(=O)N(C1CCC(=O)NC1=O)C2=O,[*:1]NCCN1CCN(CC[*:2])CC1
C=CC(=O)N1CCN(c2nc(NCCCN3CCN(CCCNc4cccc5c4C(=O)N(C4CCC(=O)NC4=O)C5=O)CC3)nc3c(F)c(-c4cc(O)cc5ccccc45)c(Cl)cc23)CC1,[*:1]c1nc(N2CCN(C(=O)C=C)CC2)c2cc(Cl)c(-c3cc(O)cc4ccccc34)c(F)c2n1,[*:2]Nc1cccc2c1C(=O)N(C1CCC(=O)NC1=O)C2=O,[*:1]NCCCN1CCN(CCC[*:2])CC1
C=CC(=O)N1CCN(c2nc(NCCCCN3CCN(CCCCNc4cccc5c4C(=O)N(C4CCC(=O)NC4=O)C5=O)CC3)nc3c(F)c(-c4cc(O)cc5ccccc45)c(Cl)cc23)CC1,[*:1]c1nc(N2CCN(C(=O)C=C)CC2)c2cc(Cl)c(-c3cc(O)cc4ccccc34)c(F)c2n1,[*:2]Nc1cccc2c1C(=O)N(C1CCC(=O)NC1=O)C2=O,[*:1]NCCCCN1CCN(CCCC[*:2])CC1
C=CC(=O)N1CCN(c2nc(NCCOCCCN3CCN(CCOCCNc4cccc5c4C(=O)N(C4CCC(=O)NC4=O)C5=O)CC3)nc3c(F)c(-c4cc(O)cc5ccccc45)c(Cl)cc23)CC1,[*:1]c1nc(N2CCN(C(=O)C=C)CC2)c2cc(Cl)c(-c3cc(O)cc4ccccc34)c(F)c2n1,[*:2]Nc1cccc2c1C(=O)N(C1CCC(=O)NC1=O)C2=O,[*:1]NCCOCCCN1CCN(CCOCC[*:2])CC1
C=CC(=O)N1CCN(c2nc(NCCOCCOCCNc3ccc4c(c3)C(=O)N(C3CCC(=O)NC3=O)C4=O)nc3c(F)c(-c4cc(O)cc5ccccc45)c(Cl)cc23)CC1,[*:1]c1nc(N2CCN(C(=O)C=C)CC2)c2cc(Cl)c(-c3cc(O)cc4ccccc34)c(F)c2n1,[*:2]Nc1ccc2c(c1)C(=O)N(C1CCC(=O)NC1=O)C2=O,[*:1]NCCOCCOCC[*:2]
C=CC(=O)N1CCN(c2nc(NCCCN3CCN(CCCNc4ccc5c(c4)C(=O)N(C4CCC(=O)NC4=O)C5=O)CC3)nc3c(F)c(-c4cc(O)cc5ccccc45)c(Cl)cc23)CC1,[*:1]c1nc(N2CCN(C(=O)C=C)CC2)c2cc(Cl)c(-c3cc(O)cc4ccccc34)c(F)c2n1,[*:2]Nc1ccc2c(c1)C(=O)N(C1CCC(=O)NC1=O)C2=O,[*:1]NCCCN1CCN(CCC[*:2])CC1
Cc1ncsc1-c1ccc(CNC(=O)[C@@H]2C[C@@H](O)CN2C(=O)[C@@H](NC(=O)CCCCCCCCNc2cccc3c2C(=O)N(C2CCC(=O)NC2=O)C3=O)C(C)(C)C)cc1,[*:1]CC(=O)N[C@H](C(=O)N1C[C@H](O)C[C@H]1C(=O)NCc1ccc(-c2scnc2C)cc1)C(C)(C)C,[*:2]Nc1cccc2c1C(=O)N(C1CCC(=O)NC1=O)C2=O,[*:1]CCCCCCC[*:2]
Cc1ncsc1-c1ccc(CNC(=O)[C@@H]2C[C@@H](O)CN2C(=O)[C@@H](NC(=O)CCCCCCCCCCNc2cccc3c2C(=O)N(C2CCC(=O)NC2=O)C3=O)C(C)(C)C)cc1,[*:1]CC(=O)N[C@H](C(=O)N1C[C@H](O)C[C@H]1C(=O)NCc1ccc(-c2scnc2C)cc1)C(C)(C)C,[*:2]Nc1cccc2c1C(=O)N(C1CCC(=O)NC1=O)C2=O,[*:1]CCCCCCCCC[*:2]
Cc1ncsc1-c1ccc(CNC(=O)[C@@H]2C[C@@H](O)CN2C(=O)[C@@H](NC(=O)CCCCCCNc2cccc3c2C(=O)N(C2CCC(=O)NC2=O)C3=O)C(C)(C)C)cc1,[*:1]CC(=O)N[C@H](C(=O)N1C[C@H](O)C[C@H]1C(=O)NCc1ccc(-c2scnc2C)cc1)C(C)(C)C,[*:2]Nc1cccc2c1C(=O)N(C1CCC(=O)NC1=O)C2=O,[*:1]CCCCC[*:2]
Cc1ncsc1-c1ccc(CNC(=O)[C@@H]2C[C@@H](O)CN2C(=O)[C@@H](NC(=O)CCCCCCCCCCNC(=O)CNc2cccc3c2C(=O)N(C2CCC(=O)NC2=O)C3=O)C(C)(C)C)cc1,[*:1]CC(=O)N[C@H](C(=O)N1C[C@H](O)C[C@H]1C(=O)NCc1ccc(-c2scnc2C)cc1)C(C)(C)C,[*:2]Nc1cccc2c1C(=O)N(C1CCC(=O)NC1=O)C2=O,[*:1]CCCCCCCCCNC(=O)C[*:2]
Cc1ncsc1-c1ccc(CNC(=O)[C@@H]2C[C@@H](O)CN2C(=O)[C@@H](NC(=O)CCCCCCCCCCNC(=O)COc2cccc3c2C(=O)N(C2CCC(=O)NC2=O)C3=O)C(C)(C)C)cc1,[*:1]CC(=O)N[C@H](C(=O)N1C[C@H](O)C[C@H]1C(=O)NCc1ccc(-c2scnc2C)cc1)C(C)(C)C,[*:2]c1cccc2c1C(=O)N(C1CCC(=O)NC1=O)C2=O,[*:1]CCCCCCCCCNC(=O)CO[*:2]
Cc1ncsc1-c1ccc(CNC(=O)[C@@H]2C[C@@H](O)CN2C(=O)[C@@H](NC(=O)CCCCCC(=O)Nc2cccc3c2C(=O)N(C2CCC(=O)NC2=O)C3=O)C(C)(C)C)cc1,[*:1]CC(=O)N[C@H](C(=O)N1C[C@H](O)C[C@H]1C(=O)NCc1ccc(-c2scnc2C)cc1)C(C)(C)C,[*:2]Nc1cccc2c1C(=O)N(C1CCC(=O)NC1=O)C2=O,[*:1]CCCCC([*:2])=O
CC(=O)c1c(C)c2cnc(Nc3ccc(N4CCN(CCCCCCCC(=O)N[C@H](C(=O)N5C[C@H](O)C[C@H]5C(=O)N[C@@H](C)c5ccc(-c6scnc6C)cc5)C(C)(C)C)CC4)cn3)nc2n(C2CCCC2)c1=O,[*:1]N1CCN(c2ccc(Nc3ncc4c(C)c(C(C)=O)c(=O)n(C5CCCC5)c4n3)nc2)CC1,[*:2]CC(=O)N[C@H](C(=O)N1C[C@H](O)C[C@H]1C(=O)N[C@@H](C)c1ccc(-c2scnc2C)cc1)C(C)(C)C,[*:1]CCCCCC[*:2]
CC(=O)c1c(C)c2cnc(Nc3ccc(N4CCN(CCOCCOCCOCC(=O)N[C@H](C(=O)N5C[C@H](O)C[C@H]5C(=O)N[C@@H](C)c5ccc(-c6scnc6C)cc5)C(C)(C)C)CC4)cn3)nc2n(C2CCCC2)c1=O,[*:1]N1CCN(c2ccc(Nc3ncc4c(C)c(C(C)=O)c(=O)n(C5CCCC5)c4n3)nc2)CC1,[*:2]CC(=O)N[C@H](C(=O)N1C[C@H](O)C[C@H]1C(=O)N[C@@H](C)c1ccc(-c2scnc2C)cc1)C(C)(C)C,[*:1]CCOCCOCCO[*:2]
CC(=O)c1c(C)c2cnc(Nc3ccc(N4CCN(CC(=O)NCCOCCOCCOCCC(=O)N[C@H](C(=O)N5C[C@H](O)C[C@H]5C(=O)N[C@@H](C)c5ccc(-c6scnc6C)cc5)C(C)(C)C)CC4)cn3)nc2n(C2CCCC2)c1=O,[*:1]N1CCN(c2ccc(Nc3ncc4c(C)c(C(C)=O)c(=O)n(C5CCCC5)c4n3)nc2)CC1,[*:2]CC(=O)N[C@H](C(=O)N1C[C@H](O)C[C@H]1C(=O)N[C@@H](C)c1ccc(-c2scnc2C)cc1)C(C)(C)C,[*:1]CC(=O)NCCOCCOCCOC[*:2]
CN[C@@H](C)C(=O)N[C@H](C(=O)N1C[C@@H](NC(=O)COCCOCCOCCN2CCN(c3ccc(Nc4ncc5c(C)c(C(C)=O)c(=O)n(C6CCCC6)c5n4)nc3)CC2)C[C@H]1C(=O)Nc1c(F)cccc1F)C(C)(C)C,[*:1]N1CCN(c2ccc(Nc3ncc4c(C)c(C(C)=O)c(=O)n(C5CCCC5)c4n3)nc2)CC1,[*:2]N[C@H]1C[C@@H](C(=O)Nc2c(F)cccc2F)N(C(=O)[C@@H](NC(=O)[C@H](C)NC)C(C)(C)C)C1,[*:1]CCOCCOCCOCC([*:2])=O
CC(=O)c1c(C)c2cnc(Nc3ccc(N4CCN(CCCCNC(=O)CNc5cccc6c5C(=O)N(C5CCC(=O)NC5=O)C6=O)CC4)cn3)nc2n(C2CCCC2)c1=O,[*:1]N1CCN(c2ccc(Nc3ncc4c(C)c(C(C)=O)c(=O)n(C5CCCC5)c4n3)nc2)CC1,[*:2]Nc1cccc2c1C(=O)N(C1CCC(=O)NC1=O)C2=O,[*:1]CCCCNC(=O)C[*:2]
CC(=O)c1c(C)c2cnc(Nc3ccc(N4CCN(CCOCCOCCNC(=O)CNc5cccc6c5C(=O)N(C5CCC(=O)NC5=O)C6=O)CC4)cn3)nc2n(C2CCCC2)c1=O,[*:1]N1CCN(c2ccc(Nc3ncc4c(C)c(C(C)=O)c(=O)n(C5CCCC5)c4n3)nc2)CC1,[*:2]Nc1cccc2c1C(=O)N(C1CCC(=O)NC1=O)C2=O,[*:1]CCOCCOCCNC(=O)C[*:2]
COc1ccccc1S(=O)(=O)Nc1ccc2c3c(cc(CCC(=O)NCCNc4cccc5c4C(=O)N(C4CCC(=O)NC4=O)C5=O)cc13)C(=O)N2C,[*:1]c1cc2c3c(ccc(NS(=O)(=O)c4ccccc4OC)c3c1)N(C)C2=O,[*:2]Nc1cccc2c1C(=O)N(C1CCC(=O)NC1=O)C2=O,[*:1]CCC(=O)NCC[*:2]
COc1ccccc1S(=O)(=O)Nc1ccc2c3c(cc(CCC(=O)NCCCNc4cccc5c4C(=O)N(C4CCC(=O)NC4=O)C5=O)cc13)C(=O)N2C,[*:1]c1cc2c3c(ccc(NS(=O)(=O)c4ccccc4OC)c3c1)N(C)C2=O,[*:2]Nc1cccc2c1C(=O)N(C1CCC(=O)NC1=O)C2=O,[*:1]CCC(=O)NCCC[*:2]
COc1ccccc1S(=O)(=O)Nc1ccc2c3c(cc(CCC(=O)NCCCCNc4cccc5c4C(=O)N(C4CCC(=O)NC4=O)C5=O)cc13)C(=O)N2C,[*:1]c1cc2c3c(ccc(NS(=O)(=O)c4ccccc4OC)c3c1)N(C)C2=O,[*:2]Nc1cccc2c1C(=O)N(C1CCC(=O)NC1=O)C2=O,[*:1]CCC(=O)NCCCC[*:2]
COc1ccccc1S(=O)(=O)Nc1ccc2c3c(cc(CCC(=O)NCCCCCNc4cccc5c4C(=O)N(C4CCC(=O)NC4=O)C5=O)cc13)C(=O)N2C,[*:1]c1cc2c3c(ccc(NS(=O)(=O)c4ccccc4OC)c3c1)N(C)C2=O,[*:2]Nc1cccc2c1C(=O)N(C1CCC(=O)NC1=O)C2=O,[*:1]CCC(=O)NCCCCC[*:2]
COc1ccccc1S(=O)(=O)Nc1ccc2c3c(cc(CCC(=O)NCCCCCCNc4cccc5c4C(=O)N(C4CCC(=O)NC4=O)C5=O)cc13)C(=O)N2C,[*:1]c1cc2c3c(ccc(NS(=O)(=O)c4ccccc4OC)c3c1)N(C)C2=O,[*:2]Nc1cccc2c1C(=O)N(C1CCC(=O)NC1=O)C2=O,[*:1]CCC(=O)NCCCCCC[*:2]
Cc1ncsc1-c1ccc([C@H](C)NC(=O)[C@@H]2C[C@@H](O)CN2C(=O)[C@@H](NC(=O)COCOCOCCNC(=O)CCc2ccc(S(=O)(=O)Nc3cc(C)c(=O)n(C)c3Nc3ccc(I)cc3F)cc2)C(C)(C)C)cc1,[*:1]c1ccc(S(=O)(=O)Nc2cc(C)c(=O)n(C)c2Nc2ccc(I)cc2F)cc1,[*:2]CC(=O)N[C@H](C(=O)N1C[C@H](O)C[C@H]1C(=O)N[C@@H](C)c1ccc(-c2scnc2C)cc1)C(C)(C)C,[*:1]CCC(=O)NCCOCOCO[*:2]
Cc1ncsc1-c1ccc([C@H](C)NC(=O)[C@@H]2C[C@@H](O)CN2C(=O)[C@@H](NC(=O)COCOCOCOCCNC(=O)CCc2ccc(S(=O)(=O)Nc3cc(C)c(=O)n(C)c3Nc3ccc(I)cc3F)cc2)C(C)(C)C)cc1,[*:1]c1ccc(S(=O)(=O)Nc2cc(C)c(=O)n(C)c2Nc2ccc(I)cc2F)cc1,[*:2]CC(=O)N[C@H](C(=O)N1C[C@H](O)C[C@H]1C(=O)N[C@@H](C)c1ccc(-c2scnc2C)cc1)C(C)(C)C,[*:1]CCC(=O)NCCOCOCOCO[*:2]
Cc1ncsc1-c1ccc([C@H](C)NC(=O)[C@@H]2C[C@@H](O)CN2C(=O)[C@@H](NC(=O)COCOCOCCNC(=O)COc2ccc(S(=O)(=O)Nc3cc(C)c(=O)n(C)c3Nc3ccc(I)cc3F)cc2)C(C)(C)C)cc1,[*:1]c1ccc(S(=O)(=O)Nc2cc(C)c(=O)n(C)c2Nc2ccc(I)cc2F)cc1,[*:2]CC(=O)N[C@H](C(=O)N1C[C@H](O)C[C@H]1C(=O)N[C@@H](C)c1ccc(-c2scnc2C)cc1)C(C)(C)C,[*:1]OCC(=O)NCCOCOCO[*:2]
CC(C)(/C=C(\C#N)C(=O)N1CCC[C@H](n2nc(-c3ccc(Oc4ccccc4)cc3)c3c(N)ncnc32)C1)CCCOCCOCCOCCOCCOc1cccc2c1C(=O)N(C1CCC(=O)NC1=O)C2=O,[*:1]N1CCC[C@H](n2nc(-c3ccc(Oc4ccccc4)cc3)c3c(N)ncnc32)C1,[*:2]c1cccc2c1C(=O)N(C1CCC(=O)NC1=O)C2=O,[*:1]C(=O)/C(C#N)=C/C(C)(C)CCCOCCOCCOCCOCCO[*:2]
Nc1ncnc2c1c(-c1ccc(Oc3ccccc3)cc1)nn2[C@H]1CCCN(C(=O)CCCCCCOCCOCCOCCOCCOc2cccc3c2C(=O)N(C2CCC(=O)NC2=O)C3=O)C1,[*:1]N1CCC[C@H](n2nc(-c3ccc(Oc4ccccc4)cc3)c3c(N)ncnc32)C1,[*:2]c1cccc2c1C(=O)N(C1CCC(=O)NC1=O)C2=O,[*:1]C(=O)CCCCCCOCCOCCOCCOCCO[*:2]
Nc1ncnc2c1c(-c1ccc(Oc3ccccc3)cc1)nn2[C@H]1CCCN(C(=O)/C=C/CCCCOCCOCCOCCOCCOc2cccc3c2C(=O)N(C2CCC(=O)NC2=O)C3=O)C1,[*:1]/C=C/C(=O)N1CCC[C@H](n2nc(-c3ccc(Oc4ccccc4)cc3)c3c(N)ncnc32)C1,[*:2]c1cccc2c1C(=O)N(C1CCC(=O)NC1=O)C2=O,[*:1]CCCCOCCOCCOCCOCCO[*:2]
Nc1ncnc2c1c(-c1ccc(Oc3ccccc3)cc1)nn2[C@@H]1CCCN(C(=O)/C=C/COCCOCCOCCOCCOCCOc2cccc3c2C(=O)N(C2CCC(=O)NC2=O)C3=O)C1,[*:1]/C=C/C(=O)N1CCC[C@@H](n2nc(-c3ccc(Oc4ccccc4)cc3)c3c(N)ncnc32)C1,[*:2]c1cccc2c1C(=O)N(C1CCC(=O)NC1=O)C2=O,[*:1]COCCOCCOCCOCCOCCO[*:2]
N#C/C(=C\CCCCOCCOCCOCCOCCOc1cccc2c1C(=O)N(C1CCC(=O)NC1=O)C2=O)C(=O)N1CCC[C@H](n2nc(-c3ccc(Oc4ccccc4)cc3)c3c(N)ncnc32)C1,[*:1]N1CCC[C@H](n2nc(-c3ccc(Oc4ccccc4)cc3)c3c(N)ncnc32)C1,[*:2]c1cccc2c1C(=O)N(C1CCC(=O)NC1=O)C2=O,[*:1]C(=O)/C(C#N)=C/CCCCOCCOCCOCCOCCO[*:2]
N#C/C(=C\COCCOCCOCCOCCOCCOc1cccc2c1C(=O)N(C1CCC(=O)NC1=O)C2=O)C(=O)N1CCC[C@@H](n2nc(-c3ccc(Oc4ccccc4)cc3)c3c(N)ncnc32)C1,[*:1]N1CCC[C@@H](n2nc(-c3ccc(Oc4ccccc4)cc3)c3c(N)ncnc32)C1,[*:2]c1cccc2c1C(=O)N(C1CCC(=O)NC1=O)C2=O,[*:1]C(=O)/C(C#N)=C/COCCOCCOCCOCCOCCO[*:2]
Cc1noc(C)c1-c1ccc2c(c1)C(c1ccccc1)N(CC(=O)NCCC(=O)Nc1cccc3c1CN(C1CCC(=O)NC1=O)C3=O)C(=O)N2C,[*:1]N1C(=O)N(C)c2ccc(-c3c(C)noc3C)cc2C1c1ccccc1,[*:2]Nc1cccc2c1CN(C1CCC(=O)NC1=O)C2=O,[*:1]CC(=O)NCCC([*:2])=O
Cc1noc(C)c1-c1ccc2c(c1)C(c1ccccc1)N(CC(=O)NCCCC(=O)Nc1cccc3c1CN(C1CCC(=O)NC1=O)C3=O)C(=O)N2C,[*:1]N1C(=O)N(C)c2ccc(-c3c(C)noc3C)cc2C1c1ccccc1,[*:2]Nc1cccc2c1CN(C1CCC(=O)NC1=O)C2=O,[*:1]CC(=O)NCCCC([*:2])=O
Cc1noc(C)c1-c1ccc2c(c1)C(c1ccccc1)N(CC(=O)NCCCCC(=O)Nc1cccc3c1CN(C1CCC(=O)NC1=O)C3=O)C(=O)N2C,[*:1]N1C(=O)N(C)c2ccc(-c3c(C)noc3C)cc2C1c1ccccc1,[*:2]Nc1cccc2c1CN(C1CCC(=O)NC1=O)C2=O,[*:1]CC(=O)NCCCCC([*:2])=O
Cc1noc(C)c1-c1ccc2c(c1)C(c1ccccc1)N(CC(=O)NCCCCCC(=O)Nc1cccc3c1CN(C1CCC(=O)NC1=O)C3=O)C(=O)N2C,[*:1]N1C(=O)N(C)c2ccc(-c3c(C)noc3C)cc2C1c1ccccc1,[*:2]Nc1cccc2c1CN(C1CCC(=O)NC1=O)C2=O,[*:1]CC(=O)NCCCCCC([*:2])=O
Cc1noc(C)c1-c1ccc2c(c1)C(c1ccccc1)N(CC(=O)NCCCCCCC(=O)Nc1cccc3c1CN(C1CCC(=O)NC1=O)C3=O)C(=O)N2C,[*:1]N1C(=O)N(C)c2ccc(-c3c(C)noc3C)cc2C1c1ccccc1,[*:2]Nc1cccc2c1CN(C1CCC(=O)NC1=O)C2=O,[*:1]CC(=O)NCCCCCCC([*:2])=O
CC1(C)CCC(c2ccc(Cl)cc2)=C(CN2CCN(c3ccc(C(=O)NS(=O)(=O)c4ccc(NC(CCN5CCN(C(=O)CCCn6cc(COCCOCCNc7cccc8c7C(=O)N(C7CCC(=O)NC7=O)C8=O)nn6)CC5)CSc5ccccc5)c(S(=O)(=O)C(F)(F)F)c4)cc3)CC2)C1,[*:1]N1CCN(CCC(CSc2ccccc2)Nc2ccc(S(=O)(=O)NC(=O)c3ccc(N4CCN(CC5=C(c6ccc(Cl)cc6)CCC(C)(C)C5)CC4)cc3)cc2S(=O)(=O)C(F)(F)F)CC1,[*:2]Nc1cccc2c1C(=O)N(C1CCC(=O)NC1=O)C2=O,[*:1]C(=O)CCCn1cc(COCCOCC[*:2])nn1
Cc1noc(C)c1-c1ccc2c(c1)C(c1ccccc1)N(CC(=O)NCCCCCCCC(=O)Nc1cccc3c1CN(C1CCC(=O)NC1=O)C3=O)C(=O)N2C,[*:1]N1C(=O)N(C)c2ccc(-c3c(C)noc3C)cc2C1c1ccccc1,[*:2]Nc1cccc2c1CN(C1CCC(=O)NC1=O)C2=O,[*:1]CC(=O)NCCCCCCCC([*:2])=O
Cc1noc(C)c1-c1ccc2c(c1)C(c1ccccc1)N(CCCCC(=O)Nc1cccc3c1CN(C1CCC(=O)NC1=O)C3=O)C(=O)N2C,[*:1]N1C(=O)N(C)c2ccc(-c3c(C)noc3C)cc2C1c1ccccc1,[*:2]Nc1cccc2c1CN(C1CCC(=O)NC1=O)C2=O,[*:1]CCCCC([*:2])=O
Cc1noc(C)c1-c1ccc2c(c1)C(c1ccccc1)N(CCCCCC(=O)Nc1cccc3c1CN(C1CCC(=O)NC1=O)C3=O)C(=O)N2C,[*:1]N1C(=O)N(C)c2ccc(-c3c(C)noc3C)cc2C1c1ccccc1,[*:2]Nc1cccc2c1CN(C1CCC(=O)NC1=O)C2=O,[*:1]CCCCCC([*:2])=O
Cc1noc(C)c1-c1ccc2c(c1)C(c1ccccc1)N(CCCCCCC(=O)Nc1cccc3c1CN(C1CCC(=O)NC1=O)C3=O)C(=O)N2C,[*:1]N1C(=O)N(C)c2ccc(-c3c(C)noc3C)cc2C1c1ccccc1,[*:2]Nc1cccc2c1CN(C1CCC(=O)NC1=O)C2=O,[*:1]CCCCCCC([*:2])=O
Cc1noc(C)c1-c1ccc2c(c1)C(c1ccccc1)N(Cc1cn(COCC(=O)Nc3cccc4c3CN(C3CCC(=O)NC3=O)C4=O)nn1)C(=O)N2C,[*:1]N1C(=O)N(C)c2ccc(-c3c(C)noc3C)cc2C1c1ccccc1,[*:2]Nc1cccc2c1CN(C1CCC(=O)NC1=O)C2=O,[*:1]Cc1cn(COCC([*:2])=O)nn1
Cc1noc(C)c1-c1ccc2c(c1)C(c1ccccc1)N(Cc1cn(CCOCCOCC(=O)Nc3cccc4c3CN(C3CCC(=O)NC3=O)C4=O)nn1)C(=O)N2C,[*:1]N1C(=O)N(C)c2ccc(-c3c(C)noc3C)cc2C1c1ccccc1,[*:2]Nc1cccc2c1CN(C1CCC(=O)NC1=O)C2=O,[*:1]Cc1cn(CCOCCOCC([*:2])=O)nn1
Cc1noc(C)c1-c1ccc2c(c1)C(c1ccccc1)N(Cc1cn(COCC(=O)Nc3cccc4c3C(=O)N(C3CCC(=O)NC3=O)C4=O)nn1)C(=O)N2C,[*:1]N1C(=O)N(C)c2ccc(-c3c(C)noc3C)cc2C1c1ccccc1,[*:2]Nc1cccc2c1C(=O)N(C1CCC(=O)NC1=O)C2=O,[*:1]Cc1cn(COCC([*:2])=O)nn1
Cc1noc(C)c1-c1ccc2c(c1)C(c1ccccc1)N(Cc1cn(CCOCOCCOCC(=O)Nc3cccc4c3CN(C3CCC(=O)NC3=O)C4=O)nn1)C(=O)N2C,[*:1]N1C(=O)N(C)c2ccc(-c3c(C)noc3C)cc2C1c1ccccc1,[*:2]Nc1cccc2c1CN(C1CCC(=O)NC1=O)C2=O,[*:1]Cc1cn(CCOCOCCOCC([*:2])=O)nn1
Cc1noc(C)c1-c1ccc2c(c1)C(c1ccccc1)N(Cc1cn(CCOCOCOCCOCC(=O)Nc3cccc4c3CN(C3CCC(=O)NC3=O)C4=O)nn1)C(=O)N2C,[*:1]N1C(=O)N(C)c2ccc(-c3c(C)noc3C)cc2C1c1ccccc1,[*:2]Nc1cccc2c1CN(C1CCC(=O)NC1=O)C2=O,[*:1]Cc1cn(CCOCOCOCCOCC([*:2])=O)nn1
Cc1noc(C)c1-c1ccc2c(c1)C(c1ccccc1)N(Cc1cn(CCOCCOCC(=O)Nc3cccc4c3C(=O)N(C3CCC(=O)NC3=O)C4=O)nn1)C(=O)N2C,[*:1]N1C(=O)N(C)c2ccc(-c3c(C)noc3C)cc2C1c1ccccc1,[*:2]Nc1cccc2c1C(=O)N(C1CCC(=O)NC1=O)C2=O,[*:1]Cc1cn(CCOCCOCC([*:2])=O)nn1
Cc1noc(C)c1-c1ccc2c(c1)C(c1ccccc1)N(Cc1cn(CCOCOCCOCC(=O)Nc3cccc4c3C(=O)N(C3CCC(=O)NC3=O)C4=O)nn1)C(=O)N2C,[*:1]N1C(=O)N(C)c2ccc(-c3c(C)noc3C)cc2C1c1ccccc1,[*:2]Nc1cccc2c1C(=O)N(C1CCC(=O)NC1=O)C2=O,[*:1]Cc1cn(CCOCOCCOCC([*:2])=O)nn1
Cc1noc(C)c1-c1ccc2c(c1)C(c1ccccc1)N(Cc1cn(CCOCOCOCCOCC(=O)Nc3cccc4c3C(=O)N(C3CCC(=O)NC3=O)C4=O)nn1)C(=O)N2C,[*:1]N1C(=O)N(C)c2ccc(-c3c(C)noc3C)cc2C1c1ccccc1,[*:2]Nc1cccc2c1C(=O)N(C1CCC(=O)NC1=O)C2=O,[*:1]Cc1cn(CCOCOCOCCOCC([*:2])=O)nn1
O=C1CCC(N2C(=O)c3cccc(NCCOCCOc4ccc(Nc5nccc(Nc6cc7ccccc7cn6)n5)cc4)c3C2=O)C(=O)N1,[*:1]Oc1ccc(Nc2nccc(Nc3cc4ccccc4cn3)n2)cc1,[*:2]Nc1cccc2c1C(=O)N(C1CCC(=O)NC1=O)C2=O,[*:1]CCOCC[*:2]
O=C1CCC(N2C(=O)c3cccc(NCCOCCOCCOc4ccc(Nc5nccc(Nc6cc7ccccc7cn6)n5)cc4)c3C2=O)C(=O)N1,[*:1]Oc1ccc(Nc2nccc(Nc3cc4ccccc4cn3)n2)cc1,[*:2]Nc1cccc2c1C(=O)N(C1CCC(=O)NC1=O)C2=O,[*:1]CCOCCOCC[*:2]
O=C1CCC(N2C(=O)c3cccc(NCCOCCOCCOCCOc4ccc(Nc5nccc(Nc6cc7ccccc7cn6)n5)cc4)c3C2=O)C(=O)N1,[*:1]Oc1ccc(Nc2nccc(Nc3cc4ccccc4cn3)n2)cc1,[*:2]Nc1cccc2c1C(=O)N(C1CCC(=O)NC1=O)C2=O,[*:1]CCOCCOCCOCC[*:2]
Cc1cc(Nc2ccnc(Nc3ccc(OCCOCCNc4cccc5c4C(=O)N(C4CCC(=O)NC4=O)C5=O)cc3)n2)n[nH]1,[*:1]Oc1ccc(Nc2nccc(Nc3cc(C)[nH]n3)n2)cc1,[*:2]Nc1cccc2c1C(=O)N(C1CCC(=O)NC1=O)C2=O,[*:1]CCOCC[*:2]
Cc1cc(Nc2ccnc(Nc3ccc(OCCOCCOCCNc4cccc5c4C(=O)N(C4CCC(=O)NC4=O)C5=O)cc3)n2)n[nH]1,[*:1]Oc1ccc(Nc2nccc(Nc3cc(C)[nH]n3)n2)cc1,[*:2]Nc1cccc2c1C(=O)N(C1CCC(=O)NC1=O)C2=O,[*:1]CCOCCOCC[*:2]
CN[C@@H](C)C(=O)N[C@H](C(=O)N1Cc2cc(OCCOCCOCCOCCOc3cc4nccc(Nc5ccc6scnc6c5)c4cc3S(=O)(=O)C(C)(C)C)ccc2C[C@H]1C(=O)N[C@H]1CCCc2ccccc21)C(C)(C)C,[*:1]COc1cc2nccc(Nc3ccc4scnc4c3)c2cc1S(=O)(=O)C(C)(C)C,[*:2]c1ccc2c(c1)CN(C(=O)[C@@H](NC(=O)[C@H](C)NC)C(C)(C)C)[C@H](C(=O)N[C@H]1CCCc3ccccc31)C2,[*:1]COCCOCCOCCO[*:2]
CC/C(=C(\c1ccc(O)cc1)c1ccc(OCCN(C)CCOCCOCCOCC(=O)N[C@H](C(=O)N2C[C@H](O)C[C@H]2C(=O)NCc2ccc(-c3scnc3C)cc2)C(C)(C)C)cc1)c1ccccc1,[*:1]CN(C)CCOc1ccc(/C(=C(/CC)c2ccccc2)c2ccc(O)cc2)cc1,[*:2]CC(=O)N[C@H](C(=O)N1C[C@H](O)C[C@H]1C(=O)NCc1ccc(-c2scnc2C)cc1)C(C)(C)C,[*:1]COCCOCCO[*:2]
CC/C(=C(\c1ccc(O)cc1)c1ccc(OCCN(C)CCOCCOCCOCC(=O)N[C@H](C(=O)N2C[C@H](O)C[C@H]2C(=O)NCc2ccc(-c3scnc3C)cc2)C(C)C)cc1)c1ccccc1,[*:1]CN(C)CCOc1ccc(/C(=C(/CC)c2ccccc2)c2ccc(O)cc2)cc1,[*:2]CC(=O)N[C@H](C(=O)N1C[C@H](O)C[C@H]1C(=O)NCc1ccc(-c2scnc2C)cc1)C(C)C,[*:1]COCCOCCO[*:2]
Cc1ccnc(C(C)C)c1-n1c(=O)nc(N2CCN(C(=O)/C=C\COCCOCCOCCOCCOCCOc3cccc4c3C(=O)N(C3CCC(=O)NC3=O)C4=O)C[C@H]2C)c2cc(F)c(-c3c(O)cccc3F)nc21,[*:1]/C=C\C(=O)N1CCN(c2nc(=O)n(-c3c(C)ccnc3C(C)C)c3nc(-c4c(O)cccc4F)c(F)cc23)[C@H](C)C1,[*:2]c1cccc2c1C(=O)N(C1CCC(=O)NC1=O)C2=O,[*:1]COCCOCCOCCOCCOCCO[*:2]
Nc1ccccc1NC(=O)c1ccc(NC(=O)CCCCCNC(=O)COc2cccc3c2C(=O)N(C2CCC(=O)NC2=O)C3=O)cc1,[*:1]CC(=O)Nc1ccc(C(=O)Nc2ccccc2N)cc1,[*:2]c1cccc2c1C(=O)N(C1CCC(=O)NC1=O)C2=O,[*:1]CCCCNC(=O)CO[*:2]
Nc1ccccc1NC(=O)c1ccc(NC(=O)CCCCCCCCCCCNC(=O)COc2cccc3c2C(=O)N(C2CCC(=O)NC2=O)C3=O)cc1,[*:1]CC(=O)Nc1ccc(C(=O)Nc2ccccc2N)cc1,[*:2]c1cccc2c1C(=O)N(C1CCC(=O)NC1=O)C2=O,[*:1]CCCCCCCCCCNC(=O)CO[*:2]
Cc1ncsc1-c1ccc(CNC(=O)[C@@H]2C[C@@H](O)CN2C(=O)[C@@H](NC(=O)CCCCC(=O)Nc2ccc(C(=O)Nc3ccccc3N)cc2)C(C)(C)C)cc1,[*:1]CC(=O)Nc1ccc(C(=O)Nc2ccccc2N)cc1,[*:2]CC(=O)N[C@H](C(=O)N1C[C@H](O)C[C@H]1C(=O)NCc1ccc(-c2scnc2C)cc1)C(C)(C)C,[*:1]CC[*:2]
Cc1ncsc1-c1ccc(CNC(=O)[C@@H]2C[C@@H](O)CN2C(=O)[C@@H](NC(=O)CCCCCCCCCCC(=O)Nc2ccc(C(=O)Nc3ccccc3N)cc2)C(C)(C)C)cc1,[*:1]CC(=O)Nc1ccc(C(=O)Nc2ccccc2N)cc1,[*:2]CC(=O)N[C@H](C(=O)N1C[C@H](O)C[C@H]1C(=O)NCc1ccc(-c2scnc2C)cc1)C(C)(C)C,[*:1]CCCCCCCC[*:2]
Cc1ncsc1-c1ccc([C@H](C)NC(=O)[C@@H]2C[C@@H](O)CN2C(=O)[C@H](NC(=O)CCNC(=O)CC(=O)Nc2cccc(Sc3ncc(N4CCC(C)(N)CC4)nc3N)c2Cl)C(C)(C)C)cc1,[*:1]CC(=O)Nc1cccc(Sc2ncc(N3CCC(C)(N)CC3)nc2N)c1Cl,[*:2]CC(=O)N[C@@H](C(=O)N1C[C@H](O)C[C@H]1C(=O)N[C@@H](C)c1ccc(-c2scnc2C)cc1)C(C)(C)C,[*:1]C(=O)NC[*:2]
Cc1ncsc1-c1ccc([C@H](C)NC(=O)[C@@H]2C[C@@H](O)CN2C(=O)[C@H](NC(=O)CCCNC(=O)CC(=O)Nc2cccc(Sc3ncc(N4CCC(C)(N)CC4)nc3N)c2Cl)C(C)(C)C)cc1,[*:1]CC(=O)Nc1cccc(Sc2ncc(N3CCC(C)(N)CC3)nc2N)c1Cl,[*:2]CC(=O)N[C@@H](C(=O)N1C[C@H](O)C[C@H]1C(=O)N[C@@H](C)c1ccc(-c2scnc2C)cc1)C(C)(C)C,[*:1]C(=O)NCC[*:2]
Cc1ncsc1-c1ccc([C@H](C)NC(=O)[C@@H]2C[C@@H](O)CN2C(=O)[C@H](NC(=O)CCCCNC(=O)CC(=O)Nc2cccc(Sc3ncc(N4CCC(C)(N)CC4)nc3N)c2Cl)C(C)(C)C)cc1,[*:1]CC(=O)Nc1cccc(Sc2ncc(N3CCC(C)(N)CC3)nc2N)c1Cl,[*:2]CC(=O)N[C@@H](C(=O)N1C[C@H](O)C[C@H]1C(=O)N[C@@H](C)c1ccc(-c2scnc2C)cc1)C(C)(C)C,[*:1]C(=O)NCCC[*:2]
Cc1ncsc1-c1ccc([C@H](C)NC(=O)[C@@H]2C[C@@H](O)CN2C(=O)[C@H](NC(=O)CCCCCNC(=O)CC(=O)Nc2cccc(Sc3ncc(N4CCC(C)(N)CC4)nc3N)c2Cl)C(C)(C)C)cc1,[*:1]CC(=O)Nc1cccc(Sc2ncc(N3CCC(C)(N)CC3)nc2N)c1Cl,[*:2]CC(=O)N[C@@H](C(=O)N1C[C@H](O)C[C@H]1C(=O)N[C@@H](C)c1ccc(-c2scnc2C)cc1)C(C)(C)C,[*:1]C(=O)NCCCC[*:2]
Cc1ncsc1-c1ccc([C@H](C)NC(=O)[C@@H]2C[C@@H](O)CN2C(=O)[C@H](NC(=O)CCCCCCNC(=O)CC(=O)Nc2cccc(Sc3ncc(N4CCC(C)(N)CC4)nc3N)c2Cl)C(C)(C)C)cc1,[*:1]CC(=O)Nc1cccc(Sc2ncc(N3CCC(C)(N)CC3)nc2N)c1Cl,[*:2]CC(=O)N[C@@H](C(=O)N1C[C@H](O)C[C@H]1C(=O)N[C@@H](C)c1ccc(-c2scnc2C)cc1)C(C)(C)C,[*:1]C(=O)NCCCCC[*:2]
Cc1ncsc1-c1ccc([C@H](C)NC(=O)[C@@H]2C[C@@H](O)CN2C(=O)[C@H](NC(=O)CCCCCCCNC(=O)CC(=O)Nc2cccc(Sc3ncc(N4CCC(C)(N)CC4)nc3N)c2Cl)C(C)(C)C)cc1,[*:1]CC(=O)Nc1cccc(Sc2ncc(N3CCC(C)(N)CC3)nc2N)c1Cl,[*:2]CC(=O)N[C@@H](C(=O)N1C[C@H](O)C[C@H]1C(=O)N[C@@H](C)c1ccc(-c2scnc2C)cc1)C(C)(C)C,[*:1]C(=O)NCCCCCC[*:2]
Cc1ncsc1-c1ccc([C@H](C)NC(=O)[C@@H]2C[C@@H](O)CN2C(=O)[C@H](NC(=O)CCCCCCCCNC(=O)CC(=O)Nc2cccc(Sc3ncc(N4CCC(C)(N)CC4)nc3N)c2Cl)C(C)(C)C)cc1,[*:1]CC(=O)Nc1cccc(Sc2ncc(N3CCC(C)(N)CC3)nc2N)c1Cl,[*:2]CC(=O)N[C@@H](C(=O)N1C[C@H](O)C[C@H]1C(=O)N[C@@H](C)c1ccc(-c2scnc2C)cc1)C(C)(C)C,[*:1]C(=O)NCCCCCCC[*:2]
Cc1ncsc1-c1ccc([C@H](C)NC(=O)[C@@H]2C[C@@H](O)CN2C(=O)[C@H](NC(=O)CCCCCCCCCNC(=O)CC(=O)Nc2cccc(Sc3ncc(N4CCC(C)(N)CC4)nc3N)c2Cl)C(C)(C)C)cc1,[*:1]CC(=O)Nc1cccc(Sc2ncc(N3CCC(C)(N)CC3)nc2N)c1Cl,[*:2]CC(=O)N[C@@H](C(=O)N1C[C@H](O)C[C@H]1C(=O)N[C@@H](C)c1ccc(-c2scnc2C)cc1)C(C)(C)C,[*:1]C(=O)NCCCCCCCC[*:2]
Cc1ncsc1-c1ccc([C@H](C)NC(=O)[C@@H]2C[C@@H](O)CN2C(=O)[C@H](NC(=O)CCCCCCCCCCNC(=O)CC(=O)Nc2cccc(Sc3ncc(N4CCC(C)(N)CC4)nc3N)c2Cl)C(C)(C)C)cc1,[*:1]CC(=O)Nc1cccc(Sc2ncc(N3CCC(C)(N)CC3)nc2N)c1Cl,[*:2]CC(=O)N[C@@H](C(=O)N1C[C@H](O)C[C@H]1C(=O)N[C@@H](C)c1ccc(-c2scnc2C)cc1)C(C)(C)C,[*:1]C(=O)NCCCCCCCCC[*:2]
Cc1ncsc1-c1ccc([C@H](C)NC(=O)[C@@H]2C[C@@H](O)CN2C(=O)[C@H](NC(=O)CCCCCCCCCCCNC(=O)CC(=O)Nc2cccc(Sc3ncc(N4CCC(C)(N)CC4)nc3N)c2Cl)C(C)(C)C)cc1,[*:1]CC(=O)Nc1cccc(Sc2ncc(N3CCC(C)(N)CC3)nc2N)c1Cl,[*:2]CC(=O)N[C@@H](C(=O)N1C[C@H](O)C[C@H]1C(=O)N[C@@H](C)c1ccc(-c2scnc2C)cc1)C(C)(C)C,[*:1]C(=O)NCCCCCCCCCC[*:2]
Cc1ncsc1-c1ccc([C@H](C)NC(=O)[C@@H]2C[C@@H](O)CN2C(=O)[C@H](NC(=O)CCCCCCCCCCNC(=O)CCC(=O)Nc2cccc(Sc3ncc(N4CCC(C)(N)CC4)nc3N)c2Cl)C(C)(C)C)cc1,[*:1]CC(=O)Nc1cccc(Sc2ncc(N3CCC(C)(N)CC3)nc2N)c1Cl,[*:2]CC(=O)N[C@@H](C(=O)N1C[C@H](O)C[C@H]1C(=O)N[C@@H](C)c1ccc(-c2scnc2C)cc1)C(C)(C)C,[*:1]CC(=O)NCCCCCCCCC[*:2]
Cc1ncsc1-c1ccc([C@H](C)NC(=O)[C@@H]2C[C@@H](O)CN2C(=O)[C@H](NC(=O)CCCCCCCCCCCNC(=O)CCC(=O)Nc2cccc(Sc3ncc(N4CCC(C)(N)CC4)nc3N)c2Cl)C(C)(C)C)cc1,[*:1]CC(=O)Nc1cccc(Sc2ncc(N3CCC(C)(N)CC3)nc2N)c1Cl,[*:2]CC(=O)N[C@@H](C(=O)N1C[C@H](O)C[C@H]1C(=O)N[C@@H](C)c1ccc(-c2scnc2C)cc1)C(C)(C)C,[*:1]CC(=O)NCCCCCCCCCC[*:2]
Cc1ncsc1-c1ccc([C@H](C)NC(=O)[C@@H]2C[C@@H](O)CN2C(=O)[C@H](NC(=O)CCCCCCCCCCCNC(=O)CCCC(=O)Nc2cccc(Sc3ncc(N4CCC(C)(N)CC4)nc3N)c2Cl)C(C)(C)C)cc1,[*:1]CC(=O)Nc1cccc(Sc2ncc(N3CCC(C)(N)CC3)nc2N)c1Cl,[*:2]CC(=O)N[C@@H](C(=O)N1C[C@H](O)C[C@H]1C(=O)N[C@@H](C)c1ccc(-c2scnc2C)cc1)C(C)(C)C,[*:1]CCC(=O)NCCCCCCCCCC[*:2]
Cc1ncsc1-c1ccc([C@H](C)NC(=O)[C@@H]2C[C@@H](O)CN2C(=O)[C@H](NC(=O)COCCOCCOCCNC(=O)CCC(=O)CCC(=O)Nc2cccc(Sc3ncc(N4CCC(C)(N)CC4)nc3N)c2Cl)C(C)(C)C)cc1,[*:1]CC(=O)Nc1cccc(Sc2ncc(N3CCC(C)(N)CC3)nc2N)c1Cl,[*:2]CC(=O)N[C@@H](C(=O)N1C[C@H](O)C[C@H]1C(=O)N[C@@H](C)c1ccc(-c2scnc2C)cc1)C(C)(C)C,[*:1]CC(=O)CCC(=O)NCCOCCOCCO[*:2]
Cc1ncsc1-c1ccc([C@H](C)NC(=O)[C@@H]2C[C@@H](O)CN2C(=O)[C@H](NC(=O)CCOCCOCCOCCNC(=O)CCC(=O)CCC(=O)Nc2cccc(Sc3ncc(N4CCC(C)(N)CC4)nc3N)c2Cl)C(C)(C)C)cc1,[*:1]CC(=O)Nc1cccc(Sc2ncc(N3CCC(C)(N)CC3)nc2N)c1Cl,[*:2]CC(=O)N[C@@H](C(=O)N1C[C@H](O)C[C@H]1C(=O)N[C@@H](C)c1ccc(-c2scnc2C)cc1)C(C)(C)C,[*:1]CC(=O)CCC(=O)NCCOCCOCCOC[*:2]
Cc1ncsc1-c1ccc([C@H](C)NC(=O)[C@@H]2C[C@@H](O)CN2C(=O)[C@H](NC(=O)CCOCCOCCOCCOCCNC(=O)CCC(=O)CCC(=O)Nc2cccc(Sc3ncc(N4CCC(C)(N)CC4)nc3N)c2Cl)C(C)(C)C)cc1,[*:1]CC(=O)Nc1cccc(Sc2ncc(N3CCC(C)(N)CC3)nc2N)c1Cl,[*:2]CC(=O)N[C@@H](C(=O)N1C[C@H](O)C[C@H]1C(=O)N[C@@H](C)c1ccc(-c2scnc2C)cc1)C(C)(C)C,[*:1]CC(=O)CCC(=O)NCCOCCOCCOCCOC[*:2]
Cc1ncsc1-c1ccc([C@H](C)NC(=O)[C@@H]2C[C@@H](O)CN2C(=O)[C@H](NC(=O)CCCCCCCCCCN2CCN(CC(=O)Nc3cccc(Sc4ncc(N5CCC(C)(N)CC5)nc4N)c3Cl)CC2)C(C)(C)C)cc1,[*:1]CC(=O)Nc1cccc(Sc2ncc(N3CCC(C)(N)CC3)nc2N)c1Cl,[*:2]CC(=O)N[C@@H](C(=O)N1C[C@H](O)C[C@H]1C(=O)N[C@@H](C)c1ccc(-c2scnc2C)cc1)C(C)(C)C,[*:1]N1CCN(CCCCCCCCC[*:2])CC1
Cc1ncsc1-c1ccc([C@H](C)NC(=O)[C@@H]2C[C@@H](O)CN2C(=O)[C@H](NC(=O)CCCCCCCCCCCN2CCN(CC(=O)Nc3cccc(Sc4ncc(N5CCC(C)(N)CC5)nc4N)c3Cl)CC2)C(C)(C)C)cc1,[*:1]CC(=O)Nc1cccc(Sc2ncc(N3CCC(C)(N)CC3)nc2N)c1Cl,[*:2]CC(=O)N[C@@H](C(=O)N1C[C@H](O)C[C@H]1C(=O)N[C@@H](C)c1ccc(-c2scnc2C)cc1)C(C)(C)C,[*:1]N1CCN(CCCCCCCCCC[*:2])CC1
Cc1ncsc1-c1ccc([C@H](C)NC(=O)[C@@H]2C[C@@H](O)CN2C(=O)[C@H](NC(=O)CCCCCCCCCCCCCCC(=O)Nc2cccc(Sc3ncc(N4CCC(C)(N)CC4)nc3N)c2Cl)C(C)(C)C)cc1,[*:1]CC(=O)Nc1cccc(Sc2ncc(N3CCC(C)(N)CC3)nc2N)c1Cl,[*:2]CC(=O)N[C@@H](C(=O)N1C[C@H](O)C[C@H]1C(=O)N[C@@H](C)c1ccc(-c2scnc2C)cc1)C(C)(C)C,[*:1]CCCCCCCCCCCC[*:2]
Cc1ncsc1-c1ccc([C@H](C)NC(=O)[C@@H]2C[C@@H](O)CN2C(=O)[C@H](NC(=O)CCCCCCCCN2CCN(C(=O)CCC(=O)Nc3cccc(Sc4ncc(N5CCC(C)(N)CC5)nc4N)c3Cl)CC2)C(C)(C)C)cc1,[*:1]CC(=O)Nc1cccc(Sc2ncc(N3CCC(C)(N)CC3)nc2N)c1Cl,[*:2]CC(=O)N[C@@H](C(=O)N1C[C@H](O)C[C@H]1C(=O)N[C@@H](C)c1ccc(-c2scnc2C)cc1)C(C)(C)C,[*:1]CC(=O)N1CCN(CCCCCCC[*:2])CC1
Cc1ncsc1-c1ccc([C@H](C)NC(=O)[C@@H]2C[C@@H](O)CN2C(=O)[C@H](NC(=O)CCCCCCCCCN2CCN(C(=O)CCC(=O)Nc3cccc(Sc4ncc(N5CCC(C)(N)CC5)nc4N)c3Cl)CC2)C(C)(C)C)cc1,[*:1]CC(=O)Nc1cccc(Sc2ncc(N3CCC(C)(N)CC3)nc2N)c1Cl,[*:2]CC(=O)N[C@@H](C(=O)N1C[C@H](O)C[C@H]1C(=O)N[C@@H](C)c1ccc(-c2scnc2C)cc1)C(C)(C)C,[*:1]CC(=O)N1CCN(CCCCCCCC[*:2])CC1
Cc1ncsc1-c1ccc([C@H](C)NC(=O)[C@@H]2C[C@@H](O)CN2C(=O)[C@H](NC(=O)CCCCCCCN2CCN(C(=O)CCC(=O)Nc3cccc(Sc4ncc(N5CCC(C)(N)CC5)nc4N)c3Cl)CC2)C(C)(C)C)cc1,[*:1]CC(=O)Nc1cccc(Sc2ncc(N3CCC(C)(N)CC3)nc2N)c1Cl,[*:2]CC(=O)N[C@@H](C(=O)N1C[C@H](O)C[C@H]1C(=O)N[C@@H](C)c1ccc(-c2scnc2C)cc1)C(C)(C)C,[*:1]CC(=O)N1CCN(CCCCCC[*:2])CC1
Cc1ncsc1-c1ccc([C@H](C)NC(=O)[C@@H]2C[C@@H](O)CN2C(=O)[C@H](NC(=O)CCCCN2CCN(CCCCNC(=O)CCC(=O)Nc3cccc(Sc4ncc(N5CCC(C)(N)CC5)nc4N)c3Cl)CC2)C(C)(C)C)cc1,[*:1]CC(=O)Nc1cccc(Sc2ncc(N3CCC(C)(N)CC3)nc2N)c1Cl,[*:2]CC(=O)N[C@@H](C(=O)N1C[C@H](O)C[C@H]1C(=O)N[C@@H](C)c1ccc(-c2scnc2C)cc1)C(C)(C)C,[*:1]CC(=O)NCCCCN1CCN(CCC[*:2])CC1
Cc1ncsc1-c1ccc(CNC(=O)[C@H]2C[C@H](O)CN2C(=O)[C@H](NC(=O)COCCOCCOCCOCC(=O)N[C@H](C(=O)N2C[C@H](O)C[C@H]2C(=O)NCc2ccc(-c3scnc3C)cc2)C(C)(C)C)C(C)(C)C)cc1,[*:1]OCCOCCOCCOCC(=O)N[C@@H](C(=O)N1C[C@@H](O)C[C@@H]1C(=O)NCc1ccc(-c2scnc2C)cc1)C(C)(C)C,[*:2]N[C@H](C(=O)N1C[C@H](O)C[C@H]1C(=O)NCc1ccc(-c2scnc2C)cc1)C(C)(C)C,[*:1]CC([*:2])=O
Cc1ncsc1-c1ccc(CNC(=O)[C@H]2C[C@H](O)CN2C(=O)[C@H](NC(=O)COCCOCCOCCOCCOCC(=O)N[C@H](C(=O)N2C[C@H](O)C[C@H]2C(=O)NCc2ccc(-c3scnc3C)cc2)C(C)(C)C)C(C)(C)C)cc1,[*:1]OCCOCCOCCOCCOCC(=O)N[C@@H](C(=O)N1C[C@@H](O)C[C@@H]1C(=O)NCc1ccc(-c2scnc2C)cc1)C(C)(C)C,[*:2]N[C@H](C(=O)N1C[C@H](O)C[C@H]1C(=O)NCc1ccc(-c2scnc2C)cc1)C(C)(C)C,[*:1]CC([*:2])=O
Cc1ncsc1-c1ccc(CNC(=O)[C@H]2C[C@H](O)CN2C(=O)[C@H](NC(=O)COCCOCCOCCOCCOCCOCC(=O)N[C@H](C(=O)N2C[C@H](O)C[C@H]2C(=O)NCc2ccc(-c3scnc3C)cc2)C(C)(C)C)C(C)(C)C)cc1,[*:1]OCCOCCOCCOCCOCCOCC(=O)N[C@@H](C(=O)N1C[C@@H](O)C[C@@H]1C(=O)NCc1ccc(-c2scnc2C)cc1)C(C)(C)C,[*:2]N[C@H](C(=O)N1C[C@H](O)C[C@H]1C(=O)NCc1ccc(-c2scnc2C)cc1)C(C)(C)C,[*:1]CC([*:2])=O
CC(=O)N[C@H](C(=O)N1C[C@H](O)C[C@H]1C(=O)NCc1ccc(-c2scnc2C)cc1OCCOCCOCCOCCOCCOc1cc(-c2scnc2C)ccc1CNC(=O)[C@H]1C[C@H](O)CN1C(=O)[C@H](NC(C)=O)C(C)(C)C)C(C)(C)C,[*:1]c1cc(-c2scnc2C)ccc1CNC(=O)[C@@H]1C[C@@H](O)CN1C(=O)[C@@H](NC(C)=O)C(C)(C)C,[*:2]c1cc(-c2scnc2C)ccc1CNC(=O)[C@H]1C[C@H](O)CN1C(=O)[C@H](NC(C)=O)C(C)(C)C,[*:1]OCCOCCOCCOCCOCCO[*:2]
CC(=O)N[C@H](C(=O)N1C[C@H](O)C[C@H]1C(=O)NCc1ccc(-c2scnc2C)cc1OCCOCCOCCOCCOCCOCC(=O)N[C@@H](C(=O)N1C[C@@H](O)C[C@@H]1C(=O)NCc1ccc(-c2scnc2C)cc1)C(C)(C)C)C(C)(C)C,[*:1]c1cc(-c2scnc2C)ccc1CNC(=O)[C@@H]1C[C@@H](O)CN1C(=O)[C@@H](NC(C)=O)C(C)(C)C,[*:2]CC(=O)N[C@@H](C(=O)N1C[C@@H](O)C[C@@H]1C(=O)NCc1ccc(-c2scnc2C)cc1)C(C)(C)C,[*:1]OCCOCCOCCOCCOCCO[*:2]
Cc1ncsc1-c1ccc(CNC(=O)[C@H]2C[C@H](O)CN2C(=O)[C@H](NC(=O)C2(C#N)CC2)C(C)(C)C)c(OCCOCCOCCOCCOCCOc2cc(-c3scnc3C)ccc2CNC(=O)[C@@H]2C[C@@H](O)CN2C(=O)[C@@H](NC(=O)C2(C#N)CC2)C(C)(C)C)c1,[*:1]c1cc(-c2scnc2C)ccc1CNC(=O)[C@H]1C[C@H](O)CN1C(=O)[C@H](NC(=O)C1(C#N)CC1)C(C)(C)C,[*:2]c1cc(-c2scnc2C)ccc1CNC(=O)[C@@H]1C[C@@H](O)CN1C(=O)[C@@H](NC(=O)C1(C#N)CC1)C(C)(C)C,[*:1]OCCOCCOCCOCCOCCO[*:2]
Cc1ncsc1-c1ccc(CNC(=O)[C@H]2C[C@H](O)CN2C(=O)[C@H](NC(=O)COCCOCCOCCOCCOCCOc2cc(-c3scnc3C)ccc2CNC(=O)[C@@H]2C[C@@H](O)CN2C(=O)[C@@H](NC(=O)C2(C#N)CC2)C(C)(C)C)C(C)(C)C)cc1,[*:1]c1cc(-c2scnc2C)ccc1CNC(=O)[C@@H]1C[C@@H](O)CN1C(=O)[C@@H](NC(=O)C1(C#N)CC1)C(C)(C)C,[*:2]CC(=O)N[C@@H](C(=O)N1C[C@@H](O)C[C@@H]1C(=O)NCc1ccc(-c2scnc2C)cc1)C(C)(C)C,[*:1]OCCOCCOCCOCCOCCO[*:2]
O=C1CCC(N2C(=O)c3cccc(NC(=O)Cn4cc(CCOC(=O)c5ccc6c(c5)nc(Nc5cccc(Cl)c5)c5ccncc56)nn4)c3C2=O)C(=O)N1,[*:1]OC(=O)c1ccc2c(c1)nc(Nc1cccc(Cl)c1)c1ccncc12,[*:2]Nc1cccc2c1C(=O)N(C1CCC(=O)NC1=O)C2=O,[*:1]CCc1cn(CC([*:2])=O)nn1
O=C1CCC(N2C(=O)c3cccc(NC(=O)Cn4cc(CCCOC(=O)c5ccc6c(c5)nc(Nc5cccc(Cl)c5)c5ccncc56)nn4)c3C2=O)C(=O)N1,[*:1]OC(=O)c1ccc2c(c1)nc(Nc1cccc(Cl)c1)c1ccncc12,[*:2]Nc1cccc2c1C(=O)N(C1CCC(=O)NC1=O)C2=O,[*:1]CCCc1cn(CC([*:2])=O)nn1
O=C1CCC(N2C(=O)c3cccc(NC(=O)Cn4cc(CCCCCOC(=O)c5ccc6c(c5)nc(Nc5cccc(Cl)c5)c5ccncc56)nn4)c3C2=O)C(=O)N1,[*:1]OC(=O)c1ccc2c(c1)nc(Nc1cccc(Cl)c1)c1ccncc12,[*:2]Nc1cccc2c1C(=O)N(C1CCC(=O)NC1=O)C2=O,[*:1]CCCCCc1cn(CC([*:2])=O)nn1
O=C1CCC(N2C(=O)c3cccc(NC(=O)Cn4cc(COCCOC(=O)c5ccc6c(c5)nc(Nc5cccc(Cl)c5)c5ccncc56)nn4)c3C2=O)C(=O)N1,[*:1]OC(=O)c1ccc2c(c1)nc(Nc1cccc(Cl)c1)c1ccncc12,[*:2]Nc1cccc2c1C(=O)N(C1CCC(=O)NC1=O)C2=O,[*:1]CCOCc1cn(CC([*:2])=O)nn1
Cc1ncsc1-c1ccc(CNC(=O)[C@@H]2C[C@@H](O)CN2C(=O)[C@@H](NC(=O)COCCOCCOCC(=O)NCCNc2cccc3c2C(=O)N(C2CCC(=O)NC2=O)C3=O)C(C)(C)C)cc1,[*:1]CC(=O)N[C@H](C(=O)N1C[C@H](O)C[C@H]1C(=O)NCc1ccc(-c2scnc2C)cc1)C(C)(C)C,[*:2]Nc1cccc2c1C(=O)N(C1CCC(=O)NC1=O)C2=O,[*:1]OCCOCCOCC(=O)NCC[*:2]
Cc1ncsc1-c1ccc(CNC(=O)[C@@H]2C[C@@H](O)CN2C(=O)[C@@H](NC(=O)COCCOCCOCCOCCOCC(=O)NCCNc2cccc3c2C(=O)N(C2CCC(=O)NC2=O)C3=O)C(C)(C)C)cc1,[*:1]CC(=O)N[C@H](C(=O)N1C[C@H](O)C[C@H]1C(=O)NCc1ccc(-c2scnc2C)cc1)C(C)(C)C,[*:2]Nc1cccc2c1C(=O)N(C1CCC(=O)NC1=O)C2=O,[*:1]OCCOCCOCCOCCOCC(=O)NCC[*:2]
Cc1ncsc1-c1ccc(CNC(=O)[C@@H]2C[C@@H](O)CN2C(=O)[C@@H](NC(=O)COCCCCCOCCOCCCCCOCC(=O)NCCNc2cccc3c2C(=O)N(C2CCC(=O)NC2=O)C3=O)C(C)(C)C)cc1,[*:1]CC(=O)N[C@H](C(=O)N1C[C@H](O)C[C@H]1C(=O)NCc1ccc(-c2scnc2C)cc1)C(C)(C)C,[*:2]Nc1cccc2c1C(=O)N(C1CCC(=O)NC1=O)C2=O,[*:1]OCCCCCOCCOCCCCCOCC(=O)NCC[*:2]
Cc1ncsc1-c1ccc(CNC(=O)[C@@H]2C[C@@H](O)CN2C(=O)[C@@H](NC(=O)COCCCCCCOCC(=O)NCCNc2cccc3c2C(=O)N(C2CCC(=O)NC2=O)C3=O)C(C)(C)C)cc1,[*:1]CC(=O)N[C@H](C(=O)N1C[C@H](O)C[C@H]1C(=O)NCc1ccc(-c2scnc2C)cc1)C(C)(C)C,[*:2]Nc1cccc2c1C(=O)N(C1CCC(=O)NC1=O)C2=O,[*:1]OCCCCCCOCC(=O)NCC[*:2]
Cc1ncsc1-c1ccc(CNC(=O)[C@@H]2C[C@@H](O)CN2C(=O)[C@@H](NC(=O)COCCOCCOCCOCCOCCOCC(=O)NCCNc2cccc3c2C(=O)N(C2CCC(=O)NC2=O)C3=O)C(C)(C)C)cc1,[*:1]CC(=O)N[C@H](C(=O)N1C[C@H](O)C[C@H]1C(=O)NCc1ccc(-c2scnc2C)cc1)C(C)(C)C,[*:2]Nc1cccc2c1C(=O)N(C1CCC(=O)NC1=O)C2=O,[*:1]OCCOCCOCCOCCOCCOCC(=O)NCC[*:2]
Cc1ncsc1-c1ccc(CNC(=O)[C@@H]2C[C@@H](O)CN2C(=O)[C@@H](NC(=O)COCCOCCOCCOCCOCCOCCOCCOCCOCC(=O)NCCNc2cccc3c2C(=O)N(C2CCC(=O)NC2=O)C3=O)C(C)(C)C)cc1,[*:1]CC(=O)N[C@H](C(=O)N1C[C@H](O)C[C@H]1C(=O)NCc1ccc(-c2scnc2C)cc1)C(C)(C)C,[*:2]Nc1cccc2c1C(=O)N(C1CCC(=O)NC1=O)C2=O,[*:1]OCCOCCOCCOCCOCCOCCOCCOCCOCC(=O)NCC[*:2]
Cc1ncsc1-c1ccc(CNC(=O)[C@@H]2C[C@@H](O)CN2C(=O)[C@@H](NC(=O)COCCOCCOCCOCC(=O)NCCNc2cccc3c2C(=O)N(C2CCC(=O)NC2=O)C3=O)C(C)(C)C)cc1,[*:1]CC(=O)N[C@H](C(=O)N1C[C@H](O)C[C@H]1C(=O)NCc1ccc(-c2scnc2C)cc1)C(C)(C)C,[*:2]Nc1cccc2c1C(=O)N(C1CCC(=O)NC1=O)C2=O,[*:1]OCCOCCOCCOCC(=O)NCC[*:2]
Cc1ncsc1-c1ccc(CNC(=O)[C@@H]2C[C@@H](O)CN2C(=O)[C@@H](NC(=O)C2(F)CC2)C(C)(C)C)c(OCCOCCOCCOCC(=O)NCCNc2cccc3c2C(=O)N(C2CCC(=O)NC2=O)C3=O)c1,[*:1]Oc1cc(-c2scnc2C)ccc1CNC(=O)[C@@H]1C[C@@H](O)CN1C(=O)[C@@H](NC(=O)C1(F)CC1)C(C)(C)C,[*:2]Nc1cccc2c1C(=O)N(C1CCC(=O)NC1=O)C2=O,[*:1]CCOCCOCCOCC(=O)NCC[*:2]
Cc1ncsc1-c1ccc(CNC(=O)[C@@H]2C[C@@H](O)CN2C(=O)[C@@H](NC(=O)C2(F)CC2)C(C)(C)C)c(OCCOCCOCCOCCOCCOCC(=O)NCCNc2cccc3c2C(=O)N(C2CCC(=O)NC2=O)C3=O)c1,[*:1]Oc1cc(-c2scnc2C)ccc1CNC(=O)[C@@H]1C[C@@H](O)CN1C(=O)[C@@H](NC(=O)C1(F)CC1)C(C)(C)C,[*:2]Nc1cccc2c1C(=O)N(C1CCC(=O)NC1=O)C2=O,[*:1]CCOCCOCCOCCOCCOCC(=O)NCC[*:2]
Cc1ncsc1-c1ccc(CNC(=O)[C@@H]2C[C@@H](O)CN2C(=O)[C@@H](NC(=O)C2(F)CC2)C(C)(C)C)c(OCCCCC(=O)NCCNc2cccc3c2C(=O)N(C2CCC(=O)NC2=O)C3=O)c1,[*:1]Oc1cc(-c2scnc2C)ccc1CNC(=O)[C@@H]1C[C@@H](O)CN1C(=O)[C@@H](NC(=O)C1(F)CC1)C(C)(C)C,[*:2]Nc1cccc2c1C(=O)N(C1CCC(=O)NC1=O)C2=O,[*:1]CCCCC(=O)NCC[*:2]
Cc1ncsc1-c1ccc(CNC(=O)[C@@H]2C[C@@H](O)CN2C(=O)[C@@H](NC(=O)C2(F)CC2)C(C)(C)SCCOCCOCCOCC(=O)NCCNc2cccc3c2C(=O)N(C2CCC(=O)NC2=O)C3=O)cc1,[*:1]Nc1cccc2c1C(=O)N(C1CCC(=O)NC1=O)C2=O,[*:2]C(C)(C)[C@H](NC(=O)C1(F)CC1)C(=O)N1C[C@H](O)C[C@H]1C(=O)NCc1ccc(-c2scnc2C)cc1,[*:1]CCNC(=O)COCCOCCOCCS[*:2]
Cc1ncsc1-c1ccc(CNC(=O)[C@@H]2C[C@@H](O)CN2C(=O)[C@@H](NC(=O)C2(F)CC2)C(C)(C)SCCOCCOCCOCCOCCOCC(=O)NCCNc2cccc3c2C(=O)N(C2CCC(=O)NC2=O)C3=O)cc1,[*:1]Nc1cccc2c1C(=O)N(C1CCC(=O)NC1=O)C2=O,[*:2]C(C)(C)[C@H](NC(=O)C1(F)CC1)C(=O)N1C[C@H](O)C[C@H]1C(=O)NCc1ccc(-c2scnc2C)cc1,[*:1]CCNC(=O)COCCOCCOCCOCCOCCS[*:2]
Cc1ncsc1-c1ccc(CNC(=O)[C@@H]2C[C@@H](O)CN2C(=O)[C@@H](NC(=O)C2(F)CC2)C(C)(C)SCCCCC(=O)NCCNc2cccc3c2C(=O)N(C2CCC(=O)NC2=O)C3=O)cc1,[*:1]Nc1cccc2c1C(=O)N(C1CCC(=O)NC1=O)C2=O,[*:2]C(C)(C)[C@H](NC(=O)C1(F)CC1)C(=O)N1C[C@H](O)C[C@H]1C(=O)NCc1ccc(-c2scnc2C)cc1,[*:1]CCNC(=O)CCCCS[*:2]
Cc1sc2c(c1C)C(c1ccc(Cl)cc1)=N[C@@H](CC(=O)NCCCCOc1ccc(Oc3ccc(N(Cc4ccccc4)C(=O)CCl)cc3)cc1)c1nnc(C)n1-2,[*:1]NC(=O)C[C@@H]1N=C(c2ccc(Cl)cc2)c2c(sc(C)c2C)-n2c(C)nnc21,[*:2]COc1ccc(Oc2ccc(N(Cc3ccccc3)C(=O)CCl)cc2)cc1,[*:1]CCC[*:2]
COC(=O)C[C@H]1[C@]2(C)C3=C(C)[C@H](c4ccoc4-c4ccc(C(=O)NCCCNC(=O)C[C@@H]5N=C(c6ccc(Cl)cc6)c6c(sc(C)c6C)-n6c(C)nnc65)cc4)C[C@H]3O[C@@H]2[C@@H]2OC(=O)[C@]3(C)C=CC(=O)[C@@]1(C)C23,[*:1]NC(=O)C[C@@H]1N=C(c2ccc(Cl)cc2)c2c(sc(C)c2C)-n2c(C)nnc21,[*:2]c1occc1[C@@H]1C[C@H]2O[C@@H]3[C@@H]4OC(=O)[C@]5(C)C=CC(=O)[C@@](C)(C45)[C@@H](CC(=O)OC)[C@]3(C)C2=C1C,[*:1]CCCNC(=O)c1ccc([*:2])cc1
COc1cc(/N=N/c2ccc3c(c2)C(=O)N(C2CCC(=O)NC2=O)C3=O)cc(OC)c1OCC(=O)NCCNC(=O)C[C@@H]1N=C(c2ccc(Cl)cc2)c2c(sc(C)c2C)-n2c(C)nnc21,[*:1]NC(=O)C[C@@H]1N=C(c2ccc(Cl)cc2)c2c(sc(C)c2C)-n2c(C)nnc21,[*:2]c1ccc2c(c1)C(=O)N(C1CCC(=O)NC1=O)C2=O,[*:1]CCNC(=O)COc1c(OC)cc(/N=N/[*:2])cc1OC
Cc1sc2c(c1C)C(c1ccc(Cl)cc1)=N[C@@H](CC(=O)Nc1ccc(/N=N/c3ccc(NC(=O)COc4cccc5c4C(=O)N(C4CCC(=O)NC4=O)C5=O)cc3)cc1)c1nnc(C)n1-2,[*:1]NC(=O)C[C@@H]1N=C(c2ccc(Cl)cc2)c2c(sc(C)c2C)-n2c(C)nnc21,[*:2]c1cccc2c1C(=O)N(C1CCC(=O)NC1=O)C2=O,[*:1]c1ccc(/N=N/c2ccc(NC(=O)CO[*:2])cc2)cc1
Cc1sc2c(c1C)C(c1ccc(Cl)cc1)=N[C@@H](CC(=O)NCc1ccc(/N=N/c3ccc(NC(=O)COc4cccc5c4C(=O)N(C4CCC(=O)NC4=O)C5=O)cc3)cc1)c1nnc(C)n1-2,[*:1]NC(=O)C[C@@H]1N=C(c2ccc(Cl)cc2)c2c(sc(C)c2C)-n2c(C)nnc21,[*:2]c1cccc2c1C(=O)N(C1CCC(=O)NC1=O)C2=O,[*:1]Cc1ccc(/N=N/c2ccc(NC(=O)CO[*:2])cc2)cc1
Cc1sc2c(c1C)C(c1ccc(Cl)cc1)=N[C@@H](CC(=O)NCCc1ccc(/N=N/c3ccc(NC(=O)COc4cccc5c4C(=O)N(C4CCC(=O)NC4=O)C5=O)cc3)cc1)c1nnc(C)n1-2,[*:1]NC(=O)C[C@@H]1N=C(c2ccc(Cl)cc2)c2c(sc(C)c2C)-n2c(C)nnc21,[*:2]c1cccc2c1C(=O)N(C1CCC(=O)NC1=O)C2=O,[*:1]CCc1ccc(/N=N/c2ccc(NC(=O)CO[*:2])cc2)cc1
Cc1sc2c(c1C)C(c1ccc(Cl)cc1)=N[C@@H](CC(=O)Nc1ccc3c(c1)CCc1cc(NC(=O)COc4cccc5c4C(=O)N(C4CCC(=O)NC4=O)C5=O)ccc1/N=N\3)c1nnc(C)n1-2,[*:1]NC(=O)C[C@@H]1N=C(c2ccc(Cl)cc2)c2c(sc(C)c2C)-n2c(C)nnc21,[*:2]c1cccc2c1C(=O)N(C1CCC(=O)NC1=O)C2=O,[*:1]c1ccc2c(c1)CCc1cc(NC(=O)CO[*:2])ccc1/N=N\2
Cc1nc(Nc2ncc(C(=O)Nc3c(C)cccc3Cl)s2)cc(N2CCN(CCOc3ccc(/N=N/c4ccc(C(=O)Nc5cccc6c5CN(C5CCC(=O)NC5=O)C6=O)cc4)cc3)CC2)n1,[*:1]OCCN1CCN(c2cc(Nc3ncc(C(=O)Nc4c(C)cccc4Cl)s3)nc(C)n2)CC1,[*:2]Nc1cccc2c1CN(C1CCC(=O)NC1=O)C2=O,[*:1]c1ccc(/N=N/c2ccc(C([*:2])=O)cc2)cc1
CCCCN(Cc1ccc(C(=O)NO)cc1)C(=O)Nc1ccc(OCCCCCn2cc(CNc3cccc4c3C(=O)N(C3CCC(=O)NC3=O)C4=O)nn2)cc1,[*:1]c1ccc(NC(=O)N(CCCC)Cc2ccc(C(=O)NO)cc2)cc1,[*:2]Nc1cccc2c1C(=O)N(C1CCC(=O)NC1=O)C2=O,[*:1]OCCCCCn1cc(C[*:2])nn1
CCCCN(Cc1ccc(C(=O)NO)cc1)C(=O)Nc1ccc(OCCn2cc(CCCCC(=O)N[C@H](C(=O)N3C[C@H](O)C[C@H]3C(=O)NCc3ccc(-c4scnc4C)cc3)C(C)(C)C)nn2)cc1,[*:1]c1ccc(NC(=O)N(CCCC)Cc2ccc(C(=O)NO)cc2)cc1,[*:2]CC(=O)N[C@H](C(=O)N1C[C@H](O)C[C@H]1C(=O)NCc1ccc(-c2scnc2C)cc1)C(C)(C)C,[*:1]OCCn1cc(CCC[*:2])nn1
CCCCN(Cc1ccc(C(=O)NO)cc1)C(=O)Nc1ccc(OCCCn2cc(CCCCC(=O)N[C@H](C(=O)N3C[C@H](O)C[C@H]3C(=O)NCc3ccc(-c4scnc4C)cc3)C(C)(C)C)nn2)cc1,[*:1]c1ccc(NC(=O)N(CCCC)Cc2ccc(C(=O)NO)cc2)cc1,[*:2]CC(=O)N[C@H](C(=O)N1C[C@H](O)C[C@H]1C(=O)NCc1ccc(-c2scnc2C)cc1)C(C)(C)C,[*:1]OCCCn1cc(CCC[*:2])nn1
CCCCN(Cc1ccc(C(=O)NO)cc1)C(=O)Nc1ccc(OCCCCn2cc(CCCCC(=O)N[C@H](C(=O)N3C[C@H](O)C[C@H]3C(=O)NCc3ccc(-c4scnc4C)cc3)C(C)(C)C)nn2)cc1,[*:1]c1ccc(NC(=O)N(CCCC)Cc2ccc(C(=O)NO)cc2)cc1,[*:2]CC(=O)N[C@H](C(=O)N1C[C@H](O)C[C@H]1C(=O)NCc1ccc(-c2scnc2C)cc1)C(C)(C)C,[*:1]OCCCCn1cc(CCC[*:2])nn1
CCCCN(Cc1ccc(C(=O)NO)cc1)C(=O)Nc1ccc(OCCCCCn2cc(CCCCC(=O)N[C@H](C(=O)N3C[C@H](O)C[C@H]3C(=O)NCc3ccc(-c4scnc4C)cc3)C(C)(C)C)nn2)cc1,[*:1]c1ccc(NC(=O)N(CCCC)Cc2ccc(C(=O)NO)cc2)cc1,[*:2]CC(=O)N[C@H](C(=O)N1C[C@H](O)C[C@H]1C(=O)NCc1ccc(-c2scnc2C)cc1)C(C)(C)C,[*:1]OCCCCCn1cc(CCC[*:2])nn1
CCCCN(Cc1ccc(C(=O)NO)cc1)C(=O)Nc1ccc(OCCCCCCn2cc(CCCCC(=O)N[C@H](C(=O)N3C[C@H](O)C[C@H]3C(=O)NCc3ccc(-c4scnc4C)cc3)C(C)(C)C)nn2)cc1,[*:1]c1ccc(NC(=O)N(CCCC)Cc2ccc(C(=O)NO)cc2)cc1,[*:2]CC(=O)N[C@H](C(=O)N1C[C@H](O)C[C@H]1C(=O)NCc1ccc(-c2scnc2C)cc1)C(C)(C)C,[*:1]OCCCCCCn1cc(CCC[*:2])nn1
CCCCN(Cc1ccc(C(=O)NO)cc1)C(=O)Nc1ccc(OCCCCCCCn2cc(CCCCC(=O)N[C@H](C(=O)N3C[C@H](O)C[C@H]3C(=O)NCc3ccc(-c4scnc4C)cc3)C(C)(C)C)nn2)cc1,[*:1]c1ccc(NC(=O)N(CCCC)Cc2ccc(C(=O)NO)cc2)cc1,[*:2]CC(=O)N[C@H](C(=O)N1C[C@H](O)C[C@H]1C(=O)NCc1ccc(-c2scnc2C)cc1)C(C)(C)C,[*:1]OCCCCCCCn1cc(CCC[*:2])nn1
CCCCN(Cc1ccc(C(=O)NO)cc1)C(=O)Nc1ccc(OCCCCCCCCn2cc(CCCCC(=O)N[C@H](C(=O)N3C[C@H](O)C[C@H]3C(=O)NCc3ccc(-c4scnc4C)cc3)C(C)(C)C)nn2)cc1,[*:1]c1ccc(NC(=O)N(CCCC)Cc2ccc(C(=O)NO)cc2)cc1,[*:2]CC(=O)N[C@H](C(=O)N1C[C@H](O)C[C@H]1C(=O)NCc1ccc(-c2scnc2C)cc1)C(C)(C)C,[*:1]OCCCCCCCCn1cc(CCC[*:2])nn1
CCCCN(Cc1ccc(C(=O)NO)cc1)C(=O)Nc1ccc(OCCCCCCCCCn2cc(CCCCC(=O)N[C@H](C(=O)N3C[C@H](O)C[C@H]3C(=O)NCc3ccc(-c4scnc4C)cc3)C(C)(C)C)nn2)cc1,[*:1]c1ccc(NC(=O)N(CCCC)Cc2ccc(C(=O)NO)cc2)cc1,[*:2]CC(=O)N[C@H](C(=O)N1C[C@H](O)C[C@H]1C(=O)NCc1ccc(-c2scnc2C)cc1)C(C)(C)C,[*:1]OCCCCCCCCCn1cc(CCC[*:2])nn1
CCCCN(Cc1ccc(C(=O)NO)cc1)C(=O)Nc1ccc(OCCCCCCCCCCn2cc(CCCCC(=O)N[C@H](C(=O)N3C[C@H](O)C[C@H]3C(=O)NCc3ccc(-c4scnc4C)cc3)C(C)(C)C)nn2)cc1,[*:1]c1ccc(NC(=O)N(CCCC)Cc2ccc(C(=O)NO)cc2)cc1,[*:2]CC(=O)N[C@H](C(=O)N1C[C@H](O)C[C@H]1C(=O)NCc1ccc(-c2scnc2C)cc1)C(C)(C)C,[*:1]OCCCCCCCCCCn1cc(CCC[*:2])nn1
CCCCN(Cc1ccc(C(=O)NO)cc1)C(=O)Nc1ccc(OCCCCCCCCCCCn2cc(CCCCC(=O)N[C@H](C(=O)N3C[C@H](O)C[C@H]3C(=O)NCc3ccc(-c4scnc4C)cc3)C(C)(C)C)nn2)cc1,[*:1]c1ccc(NC(=O)N(CCCC)Cc2ccc(C(=O)NO)cc2)cc1,[*:2]CC(=O)N[C@H](C(=O)N1C[C@H](O)C[C@H]1C(=O)NCc1ccc(-c2scnc2C)cc1)C(C)(C)C,[*:1]OCCCCCCCCCCCn1cc(CCC[*:2])nn1
CCCCN(Cc1ccc(C(=O)NO)cc1)C(=O)Nc1ccc(OCCCCCCCCCCCCn2cc(CCCCC(=O)N[C@H](C(=O)N3C[C@H](O)C[C@H]3C(=O)NCc3ccc(-c4scnc4C)cc3)C(C)(C)C)nn2)cc1,[*:1]c1ccc(NC(=O)N(CCCC)Cc2ccc(C(=O)NO)cc2)cc1,[*:2]CC(=O)N[C@H](C(=O)N1C[C@H](O)C[C@H]1C(=O)NCc1ccc(-c2scnc2C)cc1)C(C)(C)C,[*:1]OCCCCCCCCCCCCn1cc(CCC[*:2])nn1
CCCCN(Cc1ccc(C(=O)NO)cc1)C(=O)Nc1ccc(OCCCn2cc(CCC(=O)N[C@H](C(=O)N3C[C@H](O)C[C@H]3C(=O)NCc3ccc(-c4scnc4C)cc3)C(C)(C)C)nn2)cc1,[*:1]c1ccc(NC(=O)N(CCCC)Cc2ccc(C(=O)NO)cc2)cc1,[*:2]CC(=O)N[C@H](C(=O)N1C[C@H](O)C[C@H]1C(=O)NCc1ccc(-c2scnc2C)cc1)C(C)(C)C,[*:1]OCCCn1cc(C[*:2])nn1
CCCCN(Cc1ccc(C(=O)NO)cc1)C(=O)Nc1ccc(OCCCn2cc(CCCC(=O)N[C@H](C(=O)N3C[C@H](O)C[C@H]3C(=O)NCc3ccc(-c4scnc4C)cc3)C(C)(C)C)nn2)cc1,[*:1]c1ccc(NC(=O)N(CCCC)Cc2ccc(C(=O)NO)cc2)cc1,[*:2]CC(=O)N[C@H](C(=O)N1C[C@H](O)C[C@H]1C(=O)NCc1ccc(-c2scnc2C)cc1)C(C)(C)C,[*:1]OCCCn1cc(CC[*:2])nn1
CCCCN(Cc1ccc(C(=O)NO)cc1)C(=O)Nc1ccc(OCCOCCn2cc(CCCCC(=O)N[C@H](C(=O)N3C[C@H](O)C[C@H]3C(=O)NCc3ccc(-c4scnc4C)cc3)C(C)(C)C)nn2)cc1,[*:1]c1ccc(NC(=O)N(CCCC)Cc2ccc(C(=O)NO)cc2)cc1,[*:2]CC(=O)N[C@H](C(=O)N1C[C@H](O)C[C@H]1C(=O)NCc1ccc(-c2scnc2C)cc1)C(C)(C)C,[*:1]OCCOCCn1cc(CCC[*:2])nn1
CCCCN(Cc1ccc(C(=O)NO)cc1)C(=O)Nc1ccc(OCCOCCOCCn2cc(CCCCC(=O)N[C@H](C(=O)N3C[C@H](O)C[C@H]3C(=O)NCc3ccc(-c4scnc4C)cc3)C(C)(C)C)nn2)cc1,[*:1]c1ccc(NC(=O)N(CCCC)Cc2ccc(C(=O)NO)cc2)cc1,[*:2]CC(=O)N[C@H](C(=O)N1C[C@H](O)C[C@H]1C(=O)NCc1ccc(-c2scnc2C)cc1)C(C)(C)C,[*:1]OCCOCCOCCn1cc(CCC[*:2])nn1
C=CC(=O)Nc1cc(Nc2nccc(-c3cn(C)c4ccccc34)n2)c(OC)cc1N(C)CCN(C)CCOCCOCC(=O)Nc1cccc2c1CN(C1CCC(=O)NC1=O)C2=O,[*:1]CN(C)CCN(C)c1cc(OC)c(Nc2nccc(-c3cn(C)c4ccccc34)n2)cc1NC(=O)C=C,[*:2]Nc1cccc2c1CN(C1CCC(=O)NC1=O)C2=O,[*:1]COCCOCC([*:2])=O
C=CC(=O)Nc1cc(Nc2nccc(-c3cn(C)c4ccccc34)n2)c(OC)cc1N(C)CCN(C)CCOCCOCCOCC(=O)Nc1cccc2c1CN(C1CCC(=O)NC1=O)C2=O,[*:1]CN(C)CCN(C)c1cc(OC)c(Nc2nccc(-c3cn(C)c4ccccc34)n2)cc1NC(=O)C=C,[*:2]Nc1cccc2c1CN(C1CCC(=O)NC1=O)C2=O,[*:1]COCCOCCOCC([*:2])=O
C=CC(=O)Nc1cc(Nc2nccc(-c3cn(C)c4ccccc34)n2)c(OC)cc1N(C)CCN(C)CCOCCOCCOCCOCC(=O)Nc1cccc2c1CN(C1CCC(=O)NC1=O)C2=O,[*:1]CN(C)CCN(C)c1cc(OC)c(Nc2nccc(-c3cn(C)c4ccccc34)n2)cc1NC(=O)C=C,[*:2]Nc1cccc2c1CN(C1CCC(=O)NC1=O)C2=O,[*:1]COCCOCCOCCOCC([*:2])=O
C=C(F)C(=O)N1CCN(c2nc(OC[C@@H]3CCCN3CCC(=O)NCCOCCOCCC(=O)N[C@H](C(=O)N3C[C@H](O)C[C@H]3C(=O)NCc3ccc(-c4scnc4C)cc3)C(C)(C)C)nc3c2CCN(c2cccc4cccc(Cl)c24)C3)C[C@@H]1CC#N,[*:1]CN1CCC[C@H]1COc1nc2c(c(N3CCN(C(=O)C(=C)F)[C@@H](CC#N)C3)n1)CCN(c1cccc3cccc(Cl)c13)C2,[*:2]CC(=O)N[C@H](C(=O)N1C[C@H](O)C[C@H]1C(=O)NCc1ccc(-c2scnc2C)cc1)C(C)(C)C,[*:1]CC(=O)NCCOCCOC[*:2]
C=C(F)C(=O)N1CCN(c2nc(OC[C@@H]3CCCN3CCCOCCC(=O)N[C@H](C(=O)N3C[C@H](O)C[C@H]3C(=O)NCc3ccc(-c4scnc4C)cc3)C(C)(C)C)nc3c2CCN(c2cccc4cccc(Cl)c24)C3)C[C@@H]1CC#N,[*:1]CN1CCC[C@H]1COc1nc2c(c(N3CCN(C(=O)C(=C)F)[C@@H](CC#N)C3)n1)CCN(c1cccc3cccc(Cl)c13)C2,[*:2]CC(=O)N[C@H](C(=O)N1C[C@H](O)C[C@H]1C(=O)NCc1ccc(-c2scnc2C)cc1)C(C)(C)C,[*:1]CCOC[*:2]
C=C(F)C(=O)N1CCN(c2nc(OC[C@@H]3CCCN3CCC(=O)NCCC(=O)N[C@H](C(=O)N3C[C@H](O)C[C@H]3C(=O)NCc3ccc(-c4scnc4C)cc3)C(C)(C)C)nc3c2CCN(c2cccc4cccc(Cl)c24)C3)C[C@@H]1CC#N,[*:1]CN1CCC[C@H]1COc1nc2c(c(N3CCN(C(=O)C(=C)F)[C@@H](CC#N)C3)n1)CCN(c1cccc3cccc(Cl)c13)C2,[*:2]CC(=O)N[C@H](C(=O)N1C[C@H](O)C[C@H]1C(=O)NCc1ccc(-c2scnc2C)cc1)C(C)(C)C,[*:1]CC(=O)NC[*:2]
C=C(F)C(=O)N1CCN(c2nc(OC[C@@H]3CCCN3CCCCOCCC(=O)N[C@H](C(=O)N3C[C@H](O)C[C@H]3C(=O)NCc3ccc(-c4scnc4C)cc3)C(C)(C)C)nc3c2CCN(c2cccc4cccc(Cl)c24)C3)C[C@@H]1CC#N,[*:1]CN1CCC[C@H]1COc1nc2c(c(N3CCN(C(=O)C(=C)F)[C@@H](CC#N)C3)n1)CCN(c1cccc3cccc(Cl)c13)C2,[*:2]CC(=O)N[C@H](C(=O)N1C[C@H](O)C[C@H]1C(=O)NCc1ccc(-c2scnc2C)cc1)C(C)(C)C,[*:1]CCCOC[*:2]
C=C(F)C(=O)N1CCN(c2nc(OC[C@@H]3CCCN3CCOCCOCCC(=O)N[C@H](C(=O)N3C[C@H](O)C[C@H]3C(=O)NCc3ccc(-c4scnc4C)cc3)C(C)(C)C)nc3c2CCN(c2cccc4cccc(Cl)c24)C3)C[C@@H]1CC#N,[*:1]CN1CCC[C@H]1COc1nc2c(c(N3CCN(C(=O)C(=C)F)[C@@H](CC#N)C3)n1)CCN(c1cccc3cccc(Cl)c13)C2,[*:2]CC(=O)N[C@H](C(=O)N1C[C@H](O)C[C@H]1C(=O)NCc1ccc(-c2scnc2C)cc1)C(C)(C)C,[*:1]COCCOC[*:2]
C=C(F)C(=O)N1CCN(c2nc(OC[C@@H]3CCCN3CCC(=O)NCCOCCC(=O)N[C@H](C(=O)N3C[C@H](O)C[C@H]3C(=O)NCc3ccc(-c4scnc4C)cc3)C(C)(C)C)nc3c2CCN(c2cccc4cccc(Cl)c24)C3)C[C@@H]1CC#N,[*:1]CN1CCC[C@H]1COc1nc2c(c(N3CCN(C(=O)C(=C)F)[C@@H](CC#N)C3)n1)CCN(c1cccc3cccc(Cl)c13)C2,[*:2]CC(=O)N[C@H](C(=O)N1C[C@H](O)C[C@H]1C(=O)NCc1ccc(-c2scnc2C)cc1)C(C)(C)C,[*:1]CC(=O)NCCOC[*:2]
Cc1ccc2nc(-c3ccc(NCCOCCOCCNC(=O)[C@H](CC(C)C)NC(=O)[C@@H](O)[C@H](N)Cc4ccccc4)cc3)sc2c1,[*:1]CNc1ccc(-c2nc3ccc(C)cc3s2)cc1,[*:2]CNC(=O)[C@H](CC(C)C)NC(=O)[C@@H](O)[C@H](N)Cc1ccccc1,[*:1]COCCOC[*:2]
CC(C)C[C@H](NC(=O)[C@@H](O)[C@H](N)Cc1ccccc1)C(=O)NCCOCCOCCOc1ccc2nc(/N=N/c3ccc(N(C)C)cc3)sc2c1,[*:1]COc1ccc2nc(/N=N/c3ccc(N(C)C)cc3)sc2c1,[*:2]CNC(=O)[C@H](CC(C)C)NC(=O)[C@@H](O)[C@H](N)Cc1ccccc1,[*:1]COCCOC[*:2]
Cc1cc(Nc2ncc(Cl)c(Nc3ccccc3S(=O)(=O)C(C)C)n2)c(OC(C)C)cc1C1CCN(C(=O)CCCC(=O)N[C@H](C(=O)N2C[C@H](O)C[C@H]2C(=O)NCc2ccc(-c3scnc3C)cc2)C(C)(C)C)CC1,[*:1]N1CCC(c2cc(OC(C)C)c(Nc3ncc(Cl)c(Nc4ccccc4S(=O)(=O)C(C)C)n3)cc2C)CC1,[*:2]CC(=O)N[C@H](C(=O)N1C[C@H](O)C[C@H]1C(=O)NCc1ccc(-c2scnc2C)cc1)C(C)(C)C,[*:1]C(=O)CC[*:2]
Cc1cc(Nc2ncc(Cl)c(Nc3ccccc3S(=O)(=O)C(C)C)n2)c(OC(C)C)cc1C1CCN(C(=O)CCCCCC(=O)N[C@@H](C(=O)N2C[C@H](O)C[C@@H]2C(=O)NCc2ccc(-c3scnc3C)cc2)C(C)(C)C)CC1,[*:1]N1CCC(c2cc(OC(C)C)c(Nc3ncc(Cl)c(Nc4ccccc4S(=O)(=O)C(C)C)n3)cc2C)CC1,[*:2]CC(=O)N[C@@H](C(=O)N1C[C@H](O)C[C@@H]1C(=O)NCc1ccc(-c2scnc2C)cc1)C(C)(C)C,[*:1]C(=O)CCCC[*:2]
Cc1cc(Nc2ncc(Cl)c(Nc3ccccc3S(=O)(=O)C(C)C)n2)c(OC(C)C)cc1C1CCN(CCCCC(=O)N[C@@H](C(=O)N2C[C@H](O)C[C@@H]2C(=O)NCc2ccc(-c3scnc3C)cc2)C(C)(C)C)CC1,[*:1]N1CCC(c2cc(OC(C)C)c(Nc3ncc(Cl)c(Nc4ccccc4S(=O)(=O)C(C)C)n3)cc2C)CC1,[*:2]CC(=O)N[C@@H](C(=O)N1C[C@H](O)C[C@@H]1C(=O)NCc1ccc(-c2scnc2C)cc1)C(C)(C)C,[*:1]CCC[*:2]
Cc1cc(Nc2ncc(Cl)c(Nc3ccccc3S(=O)(=O)C(C)C)n2)c(OC(C)C)cc1C1CCN(CCOCC(=O)N[C@H](C(=O)N2C[C@H](O)C[C@H]2C(=O)NCc2ccc(-c3scnc3C)cc2)C(C)(C)C)CC1,[*:1]N1CCC(c2cc(OC(C)C)c(Nc3ncc(Cl)c(Nc4ccccc4S(=O)(=O)C(C)C)n3)cc2C)CC1,[*:2]CC(=O)N[C@H](C(=O)N1C[C@H](O)C[C@H]1C(=O)NCc1ccc(-c2scnc2C)cc1)C(C)(C)C,[*:1]CCO[*:2]
Cc1cc(Nc2ncc(Cl)c(Nc3ccccc3S(=O)(=O)C(C)C)n2)c(OC(C)C)cc1C1CCN(CCCOCC(=O)N[C@@H](C(=O)N2C[C@H](O)C[C@@H]2C(=O)NCc2ccc(-c3scnc3C)cc2)C(C)(C)C)CC1,[*:1]N1CCC(c2cc(OC(C)C)c(Nc3ncc(Cl)c(Nc4ccccc4S(=O)(=O)C(C)C)n3)cc2C)CC1,[*:2]CC(=O)N[C@@H](C(=O)N1C[C@H](O)C[C@@H]1C(=O)NCc1ccc(-c2scnc2C)cc1)C(C)(C)C,[*:1]CCCO[*:2]
Cc1cc(Nc2ncc(Cl)c(Nc3ccccc3S(=O)(=O)C(C)C)n2)c(OC(C)C)cc1C1CCN(CCOCCOCCOCC(=O)N[C@@H](C(=O)N2C[C@H](O)C[C@@H]2C(=O)NCc2ccc(-c3scnc3C)cc2)C(C)(C)C)CC1,[*:1]N1CCC(c2cc(OC(C)C)c(Nc3ncc(Cl)c(Nc4ccccc4S(=O)(=O)C(C)C)n3)cc2C)CC1,[*:2]CC(=O)N[C@@H](C(=O)N1C[C@H](O)C[C@@H]1C(=O)NCc1ccc(-c2scnc2C)cc1)C(C)(C)C,[*:1]CCOCCOCCO[*:2]
O=C1CCC(N2C(=O)c3cccc(NCCOCCn4cc(CCCCN(Cc5ccc(C(=O)NO)cc5)C(=O)Nc5ccccc5)nn4)c3C2=O)C(=O)N1,[*:1]CCCCN(Cc1ccc(C(=O)NO)cc1)C(=O)Nc1ccccc1,[*:2]Nc1cccc2c1C(=O)N(C1CCC(=O)NC1=O)C2=O,[*:1]c1cn(CCOCC[*:2])nn1
O=C1CCC(N2C(=O)c3cccc(NCCOCCOCCOCCn4cc(CCCCN(Cc5ccc(C(=O)NO)cc5)C(=O)Nc5ccccc5)nn4)c3C2=O)C(=O)N1,[*:1]CCCCN(Cc1ccc(C(=O)NO)cc1)C(=O)Nc1ccccc1,[*:2]Nc1cccc2c1C(=O)N(C1CCC(=O)NC1=O)C2=O,[*:1]c1cn(CCOCCOCCOCC[*:2])nn1
O=C1CCC(N2C(=O)c3cccc(NCCOCCOCCOCCOCCn4cc(CCCCN(Cc5ccc(C(=O)NO)cc5)C(=O)Nc5ccccc5)nn4)c3C2=O)C(=O)N1,[*:1]CCCCN(Cc1ccc(C(=O)NO)cc1)C(=O)Nc1ccccc1,[*:2]Nc1cccc2c1C(=O)N(C1CCC(=O)NC1=O)C2=O,[*:1]c1cn(CCOCCOCCOCCOCC[*:2])nn1
CC(=O)c1c(C)c2cnc(Nc3ccc(N4CCN(CC(=O)NCCCCCCNc5cccc6c5C(=O)N(C5CCC(=O)NC5=O)C6=O)CC4)cn3)nc2n(C2CCCC2)c1=O,[*:1]N1CCN(c2ccc(Nc3ncc4c(C)c(C(C)=O)c(=O)n(C5CCCC5)c4n3)nc2)CC1,[*:2]Nc1cccc2c1C(=O)N(C1CCC(=O)NC1=O)C2=O,[*:1]CC(=O)NCCCCCC[*:2]
CC(=O)c1c(C)c2cnc(Nc3ccc(N4CCN(CC(=O)NCCOCCOCCOCCOCCOCCNc5cccc6c5C(=O)N(C5CCC(=O)NC5=O)C6=O)CC4)cn3)nc2n(C2CCCC2)c1=O,[*:1]N1CCN(c2ccc(Nc3ncc4c(C)c(C(C)=O)c(=O)n(C5CCCC5)c4n3)nc2)CC1,[*:2]Nc1cccc2c1C(=O)N(C1CCC(=O)NC1=O)C2=O,[*:1]CC(=O)NCCOCCOCCOCCOCCOCC[*:2]
CC(=O)c1c(C)c2cnc(Nc3ccc(N4CCN(CCCCCCCCNC(=O)COc5cccc6c5C(=O)N(C5CCC(=O)NC5=O)C6=O)CC4)cn3)nc2n(C2CCCC2)c1=O,[*:1]N1CCN(c2ccc(Nc3ncc4c(C)c(C(C)=O)c(=O)n(C5CCCC5)c4n3)nc2)CC1,[*:2]c1cccc2c1C(=O)N(C1CCC(=O)NC1=O)C2=O,[*:1]CCCCCCCCNC(=O)CO[*:2]
CC(=O)c1c(C)c2cnc(Nc3ccc(N4CCN(CCCCNC(=O)COc5cccc6c5C(=O)N(C5CCC(=O)NC5=O)C6=O)CC4)cn3)nc2n(C2CCCC2)c1=O,[*:1]N1CCN(c2ccc(Nc3ncc4c(C)c(C(C)=O)c(=O)n(C5CCCC5)c4n3)nc2)CC1,[*:2]c1cccc2c1C(=O)N(C1CCC(=O)NC1=O)C2=O,[*:1]CCCCNC(=O)CO[*:2]
CC(=O)c1c(C)c2cnc(Nc3ccc(N4CCN(CCCNC(=O)COc5cccc6c5C(=O)N(C5CCC(=O)NC5=O)C6=O)CC4)cn3)nc2n(C2CCCC2)c1=O,[*:1]N1CCN(c2ccc(Nc3ncc4c(C)c(C(C)=O)c(=O)n(C5CCCC5)c4n3)nc2)CC1,[*:2]c1cccc2c1C(=O)N(C1CCC(=O)NC1=O)C2=O,[*:1]CCCNC(=O)CO[*:2]
CC(=O)c1c(C)c2cnc(Nc3ccc(N4CCN(CCNC(=O)COc5cccc6c5C(=O)N(C5CCC(=O)NC5=O)C6=O)CC4)cn3)nc2n(C2CCCC2)c1=O,[*:1]N1CCN(c2ccc(Nc3ncc4c(C)c(C(C)=O)c(=O)n(C5CCCC5)c4n3)nc2)CC1,[*:2]c1cccc2c1C(=O)N(C1CCC(=O)NC1=O)C2=O,[*:1]CCNC(=O)CO[*:2]
CC(=O)c1c(C)c2cnc(Nc3ccc(N4CCN(c5cccc6c5C(=O)N(C5CCC(=O)NC5=O)C6=O)CC4)cn3)nc2n(C2CCCC2)c1=O,[*:1]Nc1ncc2c(C)c(C(C)=O)c(=O)n(C3CCCC3)c2n1,[*:2]c1cccc2c1C(=O)N(C1CCC(=O)NC1=O)C2=O,[*:1]c1ccc(N2CCN([*:2])CC2)cn1
CN(C)C(=O)c1cc2cnc(Nc3ccc(N4CCN(CCOCCOCCNc5cccc6c5C(=O)N(C5CCC(=O)NC5=O)C6=O)CC4)cn3)nc2n1C1CCCC1,[*:1]N1CCN(c2ccc(Nc3ncc4cc(C(=O)N(C)C)n(C5CCCC5)c4n3)nc2)CC1,[*:2]Nc1cccc2c1C(=O)N(C1CCC(=O)NC1=O)C2=O,[*:1]CCOCCOCC[*:2]
CN(C)C(=O)c1cc2cnc(Nc3ccc(N4CCN(CCCCNc5cccc6c5C(=O)N(C5CCC(=O)NC5=O)C6=O)CC4)cn3)nc2n1C1CCCC1,[*:1]N1CCN(c2ccc(Nc3ncc4cc(C(=O)N(C)C)n(C5CCCC5)c4n3)nc2)CC1,[*:2]Nc1cccc2c1C(=O)N(C1CCC(=O)NC1=O)C2=O,[*:1]CCCC[*:2]
CN(C)C(=O)c1cc2cnc(Nc3ccc(N4CCN(CCCCNC(=O)CNc5cccc6c5C(=O)N(C5CCC(=O)NC5=O)C6=O)CC4)cn3)nc2n1C1CCCC1,[*:1]N1CCN(c2ccc(Nc3ncc4cc(C(=O)N(C)C)n(C5CCCC5)c4n3)nc2)CC1,[*:2]Nc1cccc2c1C(=O)N(C1CCC(=O)NC1=O)C2=O,[*:1]CCCCNC(=O)C[*:2]
Cc1nc2c(F)cc(-c3nc(Nc4ccc(CN5CCN(CCCCNc6cccc7c6C(=O)N(C6CCC(=O)NC6=O)C7=O)CC5)cn4)ncc3F)cc2n1C(C)C,[*:1]CCN1CCN(Cc2ccc(Nc3ncc(F)c(-c4cc(F)c5nc(C)n(C(C)C)c5c4)n3)nc2)CC1,[*:2]Nc1cccc2c1C(=O)N(C1CCC(=O)NC1=O)C2=O,[*:1]CC[*:2]
Cc1nc2c(F)cc(-c3nc(Nc4ccc(CN5CCN(CCCCNC(=O)CNc6cccc7c6C(=O)N(C6CCC(=O)NC6=O)C7=O)CC5)cn4)ncc3F)cc2n1C(C)C,[*:1]CCN1CCN(Cc2ccc(Nc3ncc(F)c(-c4cc(F)c5nc(C)n(C(C)C)c5c4)n3)nc2)CC1,[*:2]Nc1cccc2c1C(=O)N(C1CCC(=O)NC1=O)C2=O,[*:1]CCNC(=O)C[*:2]
CN(c1nccnc1CNc1nc(Nc2ccc(C(=O)NCc3cn(CCOCCNc4cccc5c4C(=O)N(C4CCC(=O)NC4=O)C5=O)nn3)cc2)ncc1C(F)(F)F)S(C)(=O)=O,[*:1]CNC(=O)c1ccc(Nc2ncc(C(F)(F)F)c(NCc3nccnc3N(C)S(C)(=O)=O)n2)cc1,[*:2]Nc1cccc2c1C(=O)N(C1CCC(=O)NC1=O)C2=O,[*:1]c1cn(CCOCC[*:2])nn1
CN(c1nccnc1CNc1nc(Nc2ccc(C(=O)NCc3cn(CCOCCOCCNc4cccc5c4C(=O)N(C4CCC(=O)NC4=O)C5=O)nn3)cc2)ncc1C(F)(F)F)S(C)(=O)=O,[*:1]CNC(=O)c1ccc(Nc2ncc(C(F)(F)F)c(NCc3nccnc3N(C)S(C)(=O)=O)n2)cc1,[*:2]Nc1cccc2c1C(=O)N(C1CCC(=O)NC1=O)C2=O,[*:1]c1cn(CCOCCOCC[*:2])nn1
CN(c1nccnc1CNc1nc(Nc2ccc(C(=O)NCc3cn(CCOCCOCCOCCNc4cccc5c4C(=O)N(C4CCC(=O)NC4=O)C5=O)nn3)cc2)ncc1C(F)(F)F)S(C)(=O)=O,[*:1]CNC(=O)c1ccc(Nc2ncc(C(F)(F)F)c(NCc3nccnc3N(C)S(C)(=O)=O)n2)cc1,[*:2]Nc1cccc2c1C(=O)N(C1CCC(=O)NC1=O)C2=O,[*:1]c1cn(CCOCCOCCOCC[*:2])nn1
O=C1CCC(N2C(=O)c3cccc(NCCOCCOCCOCCN4CCN(c5ccc(-c6ccc7c(c6)C(=O)N(C(C(=O)Nc6nccs6)c6ccccc6)C7)cn5)CC4)c3C2=O)C(=O)N1,[*:1]N1CCN(c2ccc(-c3ccc4c(c3)C(=O)N(C(C(=O)Nc3nccs3)c3ccccc3)C4)cn2)CC1,[*:2]Nc1cccc2c1C(=O)N(C1CCC(=O)NC1=O)C2=O,[*:1]CCOCCOCCOCC[*:2]
O=C1CCC(N2C(=O)c3cccc(OCCOCCOCCOCCN4CCN(c5ccc(-c6ccc7c(c6)C(=O)N(C(C(=O)Nc6nccs6)c6ccccc6)C7)cn5)CC4)c3C2=O)C(=O)N1,[*:1]N1CCN(c2ccc(-c3ccc4c(c3)C(=O)N(C(C(=O)Nc3nccs3)c3ccccc3)C4)cn2)CC1,[*:2]c1cccc2c1C(=O)N(C1CCC(=O)NC1=O)C2=O,[*:1]CCOCCOCCOCCO[*:2]
O=C1CCC(N2C(=O)c3ccc(NCCOCCOCCOCCN4CCN(c5ccc(-c6ccc7c(c6)C(=O)N(C(C(=O)Nc6nccs6)c6ccccc6)C7)cn5)CC4)cc3C2=O)C(=O)N1,[*:1]N1CCN(c2ccc(-c3ccc4c(c3)C(=O)N(C(C(=O)Nc3nccs3)c3ccccc3)C4)cn2)CC1,[*:2]Nc1ccc2c(c1)C(=O)N(C1CCC(=O)NC1=O)C2=O,[*:1]CCOCCOCCOCC[*:2]
O=C1CCC(N2C(=O)c3ccc(NCCOCCOCCN4CCN(c5ccc(-c6ccc7c(c6)C(=O)N(C(C(=O)Nc6nccs6)c6ccccc6)C7)cn5)CC4)cc3C2=O)C(=O)N1,[*:1]N1CCN(c2ccc(-c3ccc4c(c3)C(=O)N(C(C(=O)Nc3nccs3)c3ccccc3)C4)cn2)CC1,[*:2]Nc1ccc2c(c1)C(=O)N(C1CCC(=O)NC1=O)C2=O,[*:1]CCOCCOCC[*:2]
O=C1CCC(N2C(=O)c3cccc(NCCOCCOCCOCCN4CCN(c5ccc(-c6ccc7c(c6)C(=O)N(C(C(=O)Nc6nccs6)c6cc(F)ccc6O)C7)cc5)CC4)c3C2=O)C(=O)N1,[*:1]N1CCN(c2ccc(-c3ccc4c(c3)C(=O)N(C(C(=O)Nc3nccs3)c3cc(F)ccc3O)C4)cc2)CC1,[*:2]Nc1cccc2c1C(=O)N(C1CCC(=O)NC1=O)C2=O,[*:1]CCOCCOCCOCC[*:2]
O=C1CCC(N2C(=O)c3cccc(NCCOCCOCCOCCN4CCN(c5ccc(-c6ccc7c(c6)C(=O)N(C(C(=O)Nc6nccs6)c6cc(F)ccc6F)C7)cc5)CC4)c3C2=O)C(=O)N1,[*:1]N1CCN(c2ccc(-c3ccc4c(c3)C(=O)N(C(C(=O)Nc3nccs3)c3cc(F)ccc3F)C4)cc2)CC1,[*:2]Nc1cccc2c1C(=O)N(C1CCC(=O)NC1=O)C2=O,[*:1]CCOCCOCCOCC[*:2]
O=C(COc1cccc2c1C(=O)N(C1CCC(=O)NC1=O)C2=O)NCCOCCOCCOCCNC(=O)CN1CCN(c2ccc(-c3ccc4c(c3)C(=O)N(C(C(=O)Nc3nccs3)c3ccccc3)C4)cc2)CC1,[*:1]N1CCN(c2ccc(-c3ccc4c(c3)C(=O)N(C(C(=O)Nc3nccs3)c3ccccc3)C4)cc2)CC1,[*:2]c1cccc2c1C(=O)N(C1CCC(=O)NC1=O)C2=O,[*:1]CC(=O)NCCOCCOCCOCCNC(=O)CO[*:2]
O=C(COc1cccc2c1C(=O)N(C1CCC(=O)NC1=O)C2=O)NCCCCNC(=O)CN1CCN(c2ccc(-c3ccc4c(c3)C(=O)N(C(C(=O)Nc3nccs3)c3ccccc3)C4)cc2)CC1,[*:1]N1CCN(c2ccc(-c3ccc4c(c3)C(=O)N(C(C(=O)Nc3nccs3)c3ccccc3)C4)cc2)CC1,[*:2]c1cccc2c1C(=O)N(C1CCC(=O)NC1=O)C2=O,[*:1]CC(=O)NCCCCNC(=O)CO[*:2]
O=C1CCC(N2C(=O)c3cccc(NCCCCCCN4CCN(c5ccc(-c6ccc7c(c6)C(=O)N(C(C(=O)Nc6nccs6)c6ccccc6)C7)cc5)CC4)c3C2=O)C(=O)N1,[*:1]N1CCN(c2ccc(-c3ccc4c(c3)C(=O)N(C(C(=O)Nc3nccs3)c3ccccc3)C4)cc2)CC1,[*:2]Nc1cccc2c1C(=O)N(C1CCC(=O)NC1=O)C2=O,[*:1]CCCCCC[*:2]
O=C1CCC(N2C(=O)c3cccc(NCCCCCCCCN4CCN(c5ccc(-c6ccc7c(c6)C(=O)N(C(C(=O)Nc6nccs6)c6ccccc6)C7)cc5)CC4)c3C2=O)C(=O)N1,[*:1]N1CCN(c2ccc(-c3ccc4c(c3)C(=O)N(C(C(=O)Nc3nccs3)c3ccccc3)C4)cc2)CC1,[*:2]Nc1cccc2c1C(=O)N(C1CCC(=O)NC1=O)C2=O,[*:1]CCCCCCCC[*:2]
O=C1CCC(N2C(=O)c3cccc(NCCOCCC(=O)N4CCN(c5ccc(-c6ccc7c(c6)C(=O)N(C(C(=O)Nc6nccs6)c6ccccc6)C7)cc5)CC4)c3C2=O)C(=O)N1,[*:1]N1CCN(c2ccc(-c3ccc4c(c3)C(=O)N(C(C(=O)Nc3nccs3)c3ccccc3)C4)cc2)CC1,[*:2]Nc1cccc2c1C(=O)N(C1CCC(=O)NC1=O)C2=O,[*:1]C(=O)CCOCC[*:2]
O=C1CCC(N2C(=O)c3cccc(NCCOCCOCCC(=O)N4CCN(c5ccc(-c6ccc7c(c6)C(=O)N(C(C(=O)Nc6nccs6)c6ccccc6)C7)cc5)CC4)c3C2=O)C(=O)N1,[*:1]N1CCN(c2ccc(-c3ccc4c(c3)C(=O)N(C(C(=O)Nc3nccs3)c3ccccc3)C4)cc2)CC1,[*:2]Nc1cccc2c1C(=O)N(C1CCC(=O)NC1=O)C2=O,[*:1]C(=O)CCOCCOCC[*:2]
O=C1CCC(N2C(=O)c3cccc(NCCOCCOCCOCCC(=O)N4CCN(c5ccc(-c6ccc7c(c6)C(=O)N(C(C(=O)Nc6nccs6)c6ccccc6)C7)cc5)CC4)c3C2=O)C(=O)N1,[*:1]N1CCN(c2ccc(-c3ccc4c(c3)C(=O)N(C(C(=O)Nc3nccs3)c3ccccc3)C4)cc2)CC1,[*:2]Nc1cccc2c1C(=O)N(C1CCC(=O)NC1=O)C2=O,[*:1]C(=O)CCOCCOCCOCC[*:2]
O=C1CCC(N2C(=O)c3cccc(NCCOCCOCCOCCOCCC(=O)N4CCN(c5ccc(-c6ccc7c(c6)C(=O)N(C(C(=O)Nc6nccs6)c6ccccc6)C7)cc5)CC4)c3C2=O)C(=O)N1,[*:1]N1CCN(c2ccc(-c3ccc4c(c3)C(=O)N(C(C(=O)Nc3nccs3)c3ccccc3)C4)cc2)CC1,[*:2]Nc1cccc2c1C(=O)N(C1CCC(=O)NC1=O)C2=O,[*:1]C(=O)CCOCCOCCOCCOCC[*:2]
O=C1CCC(N2C(=O)c3cccc(NCCOCCOCCOCCOCCOCCC(=O)N4CCN(c5ccc(-c6ccc7c(c6)C(=O)N(C(C(=O)Nc6nccs6)c6ccccc6)C7)cc5)CC4)c3C2=O)C(=O)N1,[*:1]N1CCN(c2ccc(-c3ccc4c(c3)C(=O)N(C(C(=O)Nc3nccs3)c3ccccc3)C4)cc2)CC1,[*:2]Nc1cccc2c1C(=O)N(C1CCC(=O)NC1=O)C2=O,[*:1]C(=O)CCOCCOCCOCCOCCOCC[*:2]
O=C1CCC(N2C(=O)c3cccc(NCCOCCOCCN4CCN(c5ccc(-c6ccc7c(c6)C(=O)N(C(C(=O)Nc6nccs6)c6ccccc6)C7)cc5)CC4)c3C2=O)C(=O)N1,[*:1]N1CCN(c2ccc(-c3ccc4c(c3)C(=O)N(C(C(=O)Nc3nccs3)c3ccccc3)C4)cc2)CC1,[*:2]Nc1cccc2c1C(=O)N(C1CCC(=O)NC1=O)C2=O,[*:1]CCOCCOCC[*:2]
O=C1CCC(N2C(=O)c3cccc(NCCOCCOCCOCCN4CCN(c5ccc(-c6ccc7c(c6)C(=O)N(C(C(=O)Nc6nccs6)c6ccccc6)C7)cc5)CC4)c3C2=O)C(=O)N1,[*:1]N1CCN(c2ccc(-c3ccc4c(c3)C(=O)N(C(C(=O)Nc3nccs3)c3ccccc3)C4)cc2)CC1,[*:2]Nc1cccc2c1C(=O)N(C1CCC(=O)NC1=O)C2=O,[*:1]CCOCCOCCOCC[*:2]
Cc1ncsc1-c1ccc([C@H](C)NC(=O)[C@@H]2C[C@@H](O)CN2C(=O)[C@@H](NC(=O)CCOCCOCCN2CCN(c3ccc(-c4ccc5c(c4)C(=O)N(C(C(=O)Nc4nccs4)c4ccccc4)C5)cn3)CC2)C(C)(C)C)cc1,[*:1]N1CCN(c2ccc(-c3ccc4c(c3)C(=O)N(C(C(=O)Nc3nccs3)c3ccccc3)C4)cn2)CC1,[*:2]CC(=O)N[C@H](C(=O)N1C[C@H](O)C[C@H]1C(=O)N[C@@H](C)c1ccc(-c2scnc2C)cc1)C(C)(C)C,[*:1]CCOCCOC[*:2]
Cc1ncsc1-c1ccc([C@H](C)NC(=O)[C@@H]2C[C@@H](O)CN2C(=O)[C@@H](NC(=O)CCOCCOCCOCCN2CCN(c3ccc(-c4ccc5c(c4)C(=O)N(C(C(=O)Nc4nccs4)c4ccccc4)C5)cn3)CC2)C(C)(C)C)cc1,[*:1]N1CCN(c2ccc(-c3ccc4c(c3)C(=O)N(C(C(=O)Nc3nccs3)c3ccccc3)C4)cn2)CC1,[*:2]CC(=O)N[C@H](C(=O)N1C[C@H](O)C[C@H]1C(=O)N[C@@H](C)c1ccc(-c2scnc2C)cc1)C(C)(C)C,[*:1]CCOCCOCCOC[*:2]
CN(C)C(=O)c1cc2cnc(Nc3ccc(N4CCN(CCCCNC(=O)COc5cccc6c5C(=O)N(C5CCC(=O)NC5=O)C6=O)CC4)cn3)nc2n1C1CCCC1,[*:1]N1CCN(c2ccc(Nc3ncc4cc(C(=O)N(C)C)n(C5CCCC5)c4n3)nc2)CC1,[*:2]c1cccc2c1C(=O)N(C1CCC(=O)NC1=O)C2=O,[*:1]CCCCNC(=O)CO[*:2]
CC(C)C[C@H](NC(=O)[C@@H](O)[C@H](N)Cc1ccccc1)C(=O)NCCOCCOCCOCC(=O)NCCCOc1cc(/C=C/C(=O)c2cc(C(C)(C)C)cc(C(C)(C)C)c2)ccc1C(=O)O,[*:1]c1cc(/C=C/C(=O)c2cc(C(C)(C)C)cc(C(C)(C)C)c2)ccc1C(=O)O,[*:2]CNC(=O)[C@H](CC(C)C)NC(=O)[C@@H](O)[C@H](N)Cc1ccccc1,[*:1]OCCCNC(=O)COCCOCCOC[*:2]
CC(C)C[C@H](NC(=O)[C@@H](O)[C@H](N)Cc1ccccc1)C(=O)NCCOCCOCCOCC(=O)O[C@H]1CC[C@H]2[C@@H]3CC[C@H]4CC(=O)CC[C@]4(C)[C@H]3CC[C@]12C,[*:1]O[C@H]1CC[C@H]2[C@@H]3CC[C@H]4CC(=O)CC[C@]4(C)[C@H]3CC[C@]12C,[*:2]CNC(=O)[C@H](CC(C)C)NC(=O)[C@@H](O)[C@H](N)Cc1ccccc1,[*:1]C(=O)COCCOCCOC[*:2]
CC/C(=C(\c1ccc(O)cc1)c1ccc(OCCN(C)C(=O)CCNC(=O)CCNC(=O)[C@H](CC(C)C)NC(=O)[C@@H](O)[C@H](N)Cc2ccccc2)cc1)c1ccccc1,[*:1]N(C)CCOc1ccc(/C(=C(/CC)c2ccccc2)c2ccc(O)cc2)cc1,[*:2]CNC(=O)[C@H](CC(C)C)NC(=O)[C@@H](O)[C@H](N)Cc1ccccc1,[*:1]C(=O)CCNC(=O)C[*:2]
CC/C(=C(\c1ccc(O)cc1)c1ccc(OCCN(C)C(=O)CCCCNC(=O)CCNC(=O)[C@H](CC(C)C)NC(=O)[C@@H](O)[C@H](N)Cc2ccccc2)cc1)c1ccccc1,[*:1]N(C)CCOc1ccc(/C(=C(/CC)c2ccccc2)c2ccc(O)cc2)cc1,[*:2]CNC(=O)[C@H](CC(C)C)NC(=O)[C@@H](O)[C@H](N)Cc1ccccc1,[*:1]C(=O)CCCCNC(=O)C[*:2]
CC/C(=C(\c1ccc(O)cc1)c1ccc(OCCN(C)C(=O)CCCCCCNC(=O)CCNC(=O)[C@H](CC(C)C)NC(=O)[C@@H](O)[C@H](N)Cc2ccccc2)cc1)c1ccccc1,[*:1]N(C)CCOc1ccc(/C(=C(/CC)c2ccccc2)c2ccc(O)cc2)cc1,[*:2]CNC(=O)[C@H](CC(C)C)NC(=O)[C@@H](O)[C@H](N)Cc1ccccc1,[*:1]C(=O)CCCCCCNC(=O)C[*:2]
CCS(=O)(=O)Nc1ccc(Oc2ccc(F)cc2F)c(-c2cn(C)c(=O)c3[nH]c(C(=O)NCc4cn(CCOCC(=O)Nc5cccc6c5CN(C5CCC(=O)NC5=O)C6=O)nn4)cc23)c1,[*:1]c1cc2c(-c3cc(NS(=O)(=O)CC)ccc3Oc3ccc(F)cc3F)cn(C)c(=O)c2[nH]1,[*:2]Nc1cccc2c1CN(C1CCC(=O)NC1=O)C2=O,[*:1]C(=O)NCc1cn(CCOCC([*:2])=O)nn1
CCS(=O)(=O)Nc1ccc(Oc2ccc(F)cc2F)c(-c2cn(C)c(=O)c3[nH]c(C(=O)NCc4cn(CCOCCOCC(=O)Nc5cccc6c5CN(C5CCC(=O)NC5=O)C6=O)nn4)cc23)c1,[*:1]c1cc2c(-c3cc(NS(=O)(=O)CC)ccc3Oc3ccc(F)cc3F)cn(C)c(=O)c2[nH]1,[*:2]Nc1cccc2c1CN(C1CCC(=O)NC1=O)C2=O,[*:1]C(=O)NCc1cn(CCOCCOCC([*:2])=O)nn1
CCS(=O)(=O)Nc1ccc(Oc2ccc(F)cc2F)c(-c2cn(C)c(=O)c3[nH]c(C(=O)NCc4cn(CCOCCOCCOCC(=O)Nc5cccc6c5CN(C5CCC(=O)NC5=O)C6=O)nn4)cc23)c1,[*:1]c1cc2c(-c3cc(NS(=O)(=O)CC)ccc3Oc3ccc(F)cc3F)cn(C)c(=O)c2[nH]1,[*:2]Nc1cccc2c1CN(C1CCC(=O)NC1=O)C2=O,[*:1]C(=O)NCc1cn(CCOCCOCCOCC([*:2])=O)nn1
CCS(=O)(=O)Nc1ccc(Oc2ccc(F)cc2F)c(-c2cn(C)c(=O)c3[nH]c(C(=O)NCc4cn(CCOCCOCCOCCOCC(=O)Nc5cccc6c5CN(C5CCC(=O)NC5=O)C6=O)nn4)cc23)c1,[*:1]c1cc2c(-c3cc(NS(=O)(=O)CC)ccc3Oc3ccc(F)cc3F)cn(C)c(=O)c2[nH]1,[*:2]Nc1cccc2c1CN(C1CCC(=O)NC1=O)C2=O,[*:1]C(=O)NCc1cn(CCOCCOCCOCCOCC([*:2])=O)nn1
COc1cc2c(Oc3ccc(NC(=O)C4(C(=O)Nc5ccc(F)cc5)CC4)cc3F)ccnc2cc1OCCCOCCCOCCC(=O)N[C@H](C(=O)N1C[C@H](O)C[C@H]1C(=O)NCc1ccc(-c2scnc2C)cc1)C(C)(C)C,[*:1]Oc1cc2nccc(Oc3ccc(NC(=O)C4(C(=O)Nc5ccc(F)cc5)CC4)cc3F)c2cc1OC,[*:2]CC(=O)N[C@H](C(=O)N1C[C@H](O)C[C@H]1C(=O)NCc1ccc(-c2scnc2C)cc1)C(C)(C)C,[*:1]CCCOCCCOC[*:2]
COc1cc2c(Oc3ccc(NC(=O)C4(C(=O)Nc5ccc(F)cc5)CC4)cc3F)ccnc2cc1OCCCOCCCOCCC(=O)NCCOc1cccc2c1C(=O)N(C1CCC(=O)NC1=O)C2=O,[*:1]Oc1cc2nccc(Oc3ccc(NC(=O)C4(C(=O)Nc5ccc(F)cc5)CC4)cc3F)c2cc1OC,[*:2]c1cccc2c1C(=O)N(C1CCC(=O)NC1=O)C2=O,[*:1]CCCOCCCOCCC(=O)NCCO[*:2]
Nc1nc2c(ncn2[C@H]2O[C@@H](COP(=O)([O-])NCCCCCC(=O)Nc3cccc4c3CN(C3CCC(=O)NC3=O)C4=O)[C@H](O)[C@@H]2O)c(=O)[nH]1,[*:1]P(=O)([O-])OC[C@@H]1O[C@H](n2cnc3c(=O)[nH]c(N)nc32)[C@@H](O)[C@H]1O,[*:2]Nc1cccc2c1CN(C1CCC(=O)NC1=O)C2=O,[*:1]NCCCCCC([*:2])=O
Nc1nc2c(c(=O)[nH]1)[n+](Cc1ccc(F)cc1)cn2[C@H]1O[C@@H](COP(=O)(O)OP(=O)(O)NCCCCCC(=O)Nc2cccc3c2CN(C2CCC(=O)NC2=O)C3=O)[C@H](O)[C@@H]1O,[*:1]OP(=O)(O)OC[C@@H]1O[C@H](n2c[n+](Cc3ccc(F)cc3)c3c(=O)[nH]c(N)nc32)[C@@H](O)[C@H]1O,[*:2]Nc1cccc2c1CN(C1CCC(=O)NC1=O)C2=O,[*:1]P(=O)(O)NCCCCCC([*:2])=O
Nc1nc2c(c(=O)[nH]1)[n+](Cc1ccccc1)cn2[C@H]1O[C@@H](COP(=O)(O)OP(=O)(O)NCCCCCC(=O)Nc2cccc3c2CN(C2CCC(=O)NC2=O)C3=O)[C@H](O)[C@@H]1O,[*:1]OP(=O)(O)OC[C@@H]1O[C@H](n2c[n+](Cc3ccccc3)c3c(=O)[nH]c(N)nc32)[C@@H](O)[C@H]1O,[*:2]Nc1cccc2c1CN(C1CCC(=O)NC1=O)C2=O,[*:1]P(=O)(O)NCCCCCC([*:2])=O
Nc1nc2c(ncn2[C@H]2O[C@@H](COP(=O)(O)OP(=O)(O)NCCCCCC(=O)Nc3cccc4c3CN(C3CCC(=O)NC3=O)C4=O)[C@H](O)[C@@H]2O)c(=O)[nH]1,[*:1]OP(=O)(O)OC[C@@H]1O[C@H](n2cnc3c(=O)[nH]c(N)nc32)[C@@H](O)[C@H]1O,[*:2]Nc1cccc2c1CN(C1CCC(=O)NC1=O)C2=O,[*:1]P(=O)(O)NCCCCCC([*:2])=O
Nc1nc2c(ncn2[C@H]2O[C@@H](COP(=O)(O)OP(=O)(O)NCCOCCOCCOCCC(=O)Nc3cccc4c3CN(C3CCC(=O)NC3=O)C4=O)[C@H](O)[C@@H]2O)c(=O)[nH]1,[*:1]OP(=O)(O)OC[C@@H]1O[C@H](n2cnc3c(=O)[nH]c(N)nc32)[C@@H](O)[C@H]1O,[*:2]Nc1cccc2c1CN(C1CCC(=O)NC1=O)C2=O,[*:1]P(=O)(O)NCCOCCOCCOCCC([*:2])=O
Nc1nc2c(ncn2[C@H]2O[C@@H](COP(=O)(O)OP(=O)(O)NCCOCCOCCOCCOCCOCCOCCOCCC(=O)Nc3cccc4c3CN(C3CCC(=O)NC3=O)C4=O)[C@H](O)[C@@H]2O)c(=O)[nH]1,[*:1]OP(=O)(O)OC[C@@H]1O[C@H](n2cnc3c(=O)[nH]c(N)nc32)[C@@H](O)[C@H]1O,[*:2]Nc1cccc2c1CN(C1CCC(=O)NC1=O)C2=O,[*:1]P(=O)(O)NCCOCCOCCOCCOCCOCCOCCOCCC([*:2])=O
Nc1nc2c(c(=O)[nH]1)[n+](Cc1ccccc1)cn2[C@H]1O[C@@H](COP(=O)(O)OP(=O)(O)NCCOCCOCCOCCC(=O)Nc2cccc3c2CN(C2CCC(=O)NC2=O)C3=O)[C@H](O)[C@@H]1O,[*:1]OP(=O)(O)OC[C@@H]1O[C@H](n2c[n+](Cc3ccccc3)c3c(=O)[nH]c(N)nc32)[C@@H](O)[C@H]1O,[*:2]Nc1cccc2c1CN(C1CCC(=O)NC1=O)C2=O,[*:1]P(=O)(O)NCCOCCOCCOCCC([*:2])=O
Nc1nc2c(c(=O)[nH]1)[n+](Cc1ccccc1)cn2[C@@H]1O[C@H](COP(=O)(O)OP(=O)(O)NCCOCCOCCOCCOCCOCCOCCOCCC(=O)Nc2cccc3c2CN(C2CCC(=O)NC2=O)C3=O)[C@@H](O)[C@H]1O,[*:1]OP(=O)(O)OC[C@H]1O[C@@H](n2c[n+](Cc3ccccc3)c3c(=O)[nH]c(N)nc32)[C@H](O)[C@@H]1O,[*:2]Nc1cccc2c1CN(C1CCC(=O)NC1=O)C2=O,[*:1]P(=O)(O)NCCOCCOCCOCCOCCOCCOCCOCCC([*:2])=O
Nc1nc2c(c(=O)[nH]1)[n+](Cc1ccc(F)cc1)cn2[C@H]1O[C@@H](COP(=O)(O)OP(=O)(O)NCCOCCOCCOCCC(=O)Nc2cccc3c2CN(C2CCC(=O)NC2=O)C3=O)[C@H](O)[C@@H]1O,[*:1]OP(=O)(O)OC[C@@H]1O[C@H](n2c[n+](Cc3ccc(F)cc3)c3c(=O)[nH]c(N)nc32)[C@@H](O)[C@H]1O,[*:2]Nc1cccc2c1CN(C1CCC(=O)NC1=O)C2=O,[*:1]P(=O)(O)NCCOCCOCCOCCC([*:2])=O
Nc1nc2c(c(=O)[nH]1)[n+](Cc1ccc(F)cc1)cn2[C@@H]1O[C@H](COP(=O)(O)OP(=O)(O)NCCOCCOCCOCCOCCOCCOCCOCCC(=O)Nc2cccc3c2CN(C2CCC(=O)NC2=O)C3=O)[C@@H](O)[C@H]1O,[*:1]OP(=O)(O)OC[C@H]1O[C@@H](n2c[n+](Cc3ccc(F)cc3)c3c(=O)[nH]c(N)nc32)[C@H](O)[C@@H]1O,[*:2]Nc1cccc2c1CN(C1CCC(=O)NC1=O)C2=O,[*:1]P(=O)(O)NCCOCCOCCOCCOCCOCCOCCOCCC([*:2])=O
Cc1ncsc1-c1ccc(CNC(=O)C2C[C@H](O)CN2C(=O)[C@@H](NC(=O)CCCCCNP(=O)(O)OP(=O)(O)OC[C@@H]2O[C@H](n3c[n+](Cc4ccc(F)cc4)c4c(=O)[nH]c(N)nc43)[C@@H](O)[C@H]2O)C(C)(C)C)cc1,[*:1]OP(=O)(O)OC[C@@H]1O[C@H](n2c[n+](Cc3ccc(F)cc3)c3c(=O)[nH]c(N)nc32)[C@@H](O)[C@H]1O,[*:2]CC(=O)N[C@H](C(=O)N1C[C@@H](O)CC1C(=O)NCc1ccc(-c2scnc2C)cc1)C(C)(C)C,[*:1]P(=O)(O)NCCCC[*:2]
Cc1ncsc1-c1ccc(CNC(=O)C2C[C@H](O)CN2C(=O)[C@@H](NC(=O)CCCCCNP(=O)(O)OP(=O)(O)OC[C@@H]2O[C@H](n3c[n+](Cc4ccccc4)c4c(=O)[nH]c(N)nc43)[C@@H](O)[C@H]2O)C(C)(C)C)cc1,[*:1]OP(=O)(O)OC[C@@H]1O[C@H](n2c[n+](Cc3ccccc3)c3c(=O)[nH]c(N)nc32)[C@@H](O)[C@H]1O,[*:2]CC(=O)N[C@H](C(=O)N1C[C@@H](O)CC1C(=O)NCc1ccc(-c2scnc2C)cc1)C(C)(C)C,[*:1]P(=O)(O)NCCCC[*:2]
Cc1ncsc1-c1ccc(CNC(=O)C2C[C@H](O)CN2C(=O)[C@@H](NC(=O)CCCCCNP(=O)(O)OP(=O)(O)OC[C@@H]2O[C@H](n3cnc4c(=O)[nH]c(N)nc43)[C@@H](O)[C@H]2O)C(C)(C)C)cc1,[*:1]OP(=O)(O)OC[C@@H]1O[C@H](n2cnc3c(=O)[nH]c(N)nc32)[C@@H](O)[C@H]1O,[*:2]CC(=O)N[C@H](C(=O)N1C[C@@H](O)CC1C(=O)NCc1ccc(-c2scnc2C)cc1)C(C)(C)C,[*:1]P(=O)(O)NCCCC[*:2]
CCOc1cc(C(C)(C)C)ccc1C1=NC(c2ccc(Cl)cc2)C(c2ccc(Cl)cc2)N1C(=O)N1CCN(CC#Cc2cccc3c2CN(C2CCC(=O)NC2=O)C3=O)CC1,[*:1]N1CCN(C(=O)N2C(c3ccc(C(C)(C)C)cc3OCC)=NC(c3ccc(Cl)cc3)C2c2ccc(Cl)cc2)CC1,[*:2]#Cc1cccc2c1CN(C1CCC(=O)NC1=O)C2=O,[*:1]CC#[*:2]
CCOc1cc(C(C)(C)C)ccc1C1=NC(c2ccc(Cl)cc2)C(c2ccc(Cl)cc2)N1C(=O)N1CCN(CCC#Cc2cccc3c2CN(C2CCC(=O)NC2=O)C3=O)CC1,[*:1]N1CCN(C(=O)N2C(c3ccc(C(C)(C)C)cc3OCC)=NC(c3ccc(Cl)cc3)C2c2ccc(Cl)cc2)CC1,[*:2]#Cc1cccc2c1CN(C1CCC(=O)NC1=O)C2=O,[*:1]CCC#[*:2]
CCOc1cc(C(C)(C)C)ccc1C1=NC(c2ccc(Cl)cc2)C(c2ccc(Cl)cc2)N1C(=O)N1CCN(CCCC#Cc2cccc3c2CN(C2CCC(=O)NC2=O)C3=O)CC1,[*:1]N1CCN(C(=O)N2C(c3ccc(C(C)(C)C)cc3OCC)=NC(c3ccc(Cl)cc3)C2c2ccc(Cl)cc2)CC1,[*:2]#Cc1cccc2c1CN(C1CCC(=O)NC1=O)C2=O,[*:1]CCCC#[*:2]
CCOc1cc(C(C)(C)C)ccc1C1=NC(c2ccc(Cl)cc2)C(c2ccc(Cl)cc2)N1C(=O)N1CCN(C(=O)CNC(=O)CCC#Cc2cccc3c2CN(C2CCC(=O)NC2=O)C3=O)CC1,[*:1]N1CCN(C(=O)N2C(c3ccc(C(C)(C)C)cc3OCC)=NC(c3ccc(Cl)cc3)C2c2ccc(Cl)cc2)CC1,[*:2]#Cc1cccc2c1CN(C1CCC(=O)NC1=O)C2=O,[*:1]C(=O)CNC(=O)CCC#[*:2]
CCOc1cc(C(C)(C)C)ccc1C1=NC(c2ccc(Cl)cc2)C(c2ccc(Cl)cc2)N1C(=O)N1CCN(C(=O)CNC(=O)CCCC#Cc2cccc3c2CN(C2CCC(=O)NC2=O)C3=O)CC1,[*:1]N1CCN(C(=O)N2C(c3ccc(C(C)(C)C)cc3OCC)=NC(c3ccc(Cl)cc3)C2c2ccc(Cl)cc2)CC1,[*:2]#Cc1cccc2c1CN(C1CCC(=O)NC1=O)C2=O,[*:1]C(=O)CNC(=O)CCCC#[*:2]
CCOc1cc(C(C)(C)C)ccc1C1=NC(c2ccc(Cl)cc2)C(c2ccc(Cl)cc2)N1C(=O)N1CCN(C(=O)CNC(=O)CCCCC#Cc2cccc3c2CN(C2CCC(=O)NC2=O)C3=O)CC1,[*:1]N1CCN(C(=O)N2C(c3ccc(C(C)(C)C)cc3OCC)=NC(c3ccc(Cl)cc3)C2c2ccc(Cl)cc2)CC1,[*:2]#Cc1cccc2c1CN(C1CCC(=O)NC1=O)C2=O,[*:1]C(=O)CNC(=O)CCCCC#[*:2]
CCOc1cc(C(C)(C)C)ccc1C1=NC(c2ccc(Cl)cc2)C(c2ccc(Cl)cc2)N1C(=O)N1CCN(C(=O)CCC#Cc2cccc3c2CN(C2CCC(=O)NC2=O)C3=O)CC1,[*:1]N1CCN(C(=O)N2C(c3ccc(C(C)(C)C)cc3OCC)=NC(c3ccc(Cl)cc3)C2c2ccc(Cl)cc2)CC1,[*:2]#Cc1cccc2c1CN(C1CCC(=O)NC1=O)C2=O,[*:1]C(=O)CCC#[*:2]
CCOc1cc(C(C)(C)C)ccc1C1=NC(c2ccc(Cl)cc2)C(c2ccc(Cl)cc2)N1C(=O)N1CCN(C(=O)CCCC#Cc2cccc3c2CN(C2CCC(=O)NC2=O)C3=O)CC1,[*:1]N1CCN(C(=O)N2C(c3ccc(C(C)(C)C)cc3OCC)=NC(c3ccc(Cl)cc3)C2c2ccc(Cl)cc2)CC1,[*:2]#Cc1cccc2c1CN(C1CCC(=O)NC1=O)C2=O,[*:1]C(=O)CCCC#[*:2]
CCOc1cc(C(C)(C)C)ccc1C1=NC(c2ccc(Cl)cc2)C(c2ccc(Cl)cc2)N1C(=O)N1CCN(C(=O)CCCCC#Cc2cccc3c2CN(C2CCC(=O)NC2=O)C3=O)CC1,[*:1]N1CCN(C(=O)N2C(c3ccc(C(C)(C)C)cc3OCC)=NC(c3ccc(Cl)cc3)C2c2ccc(Cl)cc2)CC1,[*:2]#Cc1cccc2c1CN(C1CCC(=O)NC1=O)C2=O,[*:1]C(=O)CCCCC#[*:2]
CCOc1cc(C(C)(C)C)ccc1C1=NC(c2ccc(Cl)cc2)C(c2ccc(Cl)cc2)N1C(=O)N1CCN(C(=O)CNc2cccc3c2C(=O)N(C2CCC(=O)NC2=O)C3=O)CC1,[*:1]N1CCN(C(=O)N2C(c3ccc(C(C)(C)C)cc3OCC)=NC(c3ccc(Cl)cc3)C2c2ccc(Cl)cc2)CC1,[*:2]Nc1cccc2c1C(=O)N(C1CCC(=O)NC1=O)C2=O,[*:1]C(=O)C[*:2]
CCOc1cc(C(C)(C)C)ccc1C1=N[C@@H](c2ccc(Cl)cc2)[C@@H](c2ccc(Cl)cc2)N1C(=O)N1CCN(CC#Cc2cccc3c2CN(C2CCC(=O)NC2=O)C3=O)CC1,[*:1]N1CCN(C(=O)N2C(c3ccc(C(C)(C)C)cc3OCC)=N[C@@H](c3ccc(Cl)cc3)[C@H]2c2ccc(Cl)cc2)CC1,[*:2]#Cc1cccc2c1CN(C1CCC(=O)NC1=O)C2=O,[*:1]CC#[*:2]
CCOc1cc(C(C)(C)C)ccc1C1=N[C@@H](c2ccc(Cl)cc2)[C@@H](c2ccc(Cl)cc2)N1C(=O)N1CCN(CCC#Cc2cccc3c2CN(C2CCC(=O)NC2=O)C3=O)CC1,[*:1]N1CCN(C(=O)N2C(c3ccc(C(C)(C)C)cc3OCC)=N[C@@H](c3ccc(Cl)cc3)[C@H]2c2ccc(Cl)cc2)CC1,[*:2]#Cc1cccc2c1CN(C1CCC(=O)NC1=O)C2=O,[*:1]CCC#[*:2]
CCOc1cc(C(C)(C)C)ccc1C1=N[C@@H](c2ccc(Cl)cc2)[C@@H](c2ccc(Cl)cc2)N1C(=O)N1CCN(CCCC#Cc2cccc3c2CN(C2CCC(=O)NC2=O)C3=O)CC1,[*:1]N1CCN(C(=O)N2C(c3ccc(C(C)(C)C)cc3OCC)=N[C@@H](c3ccc(Cl)cc3)[C@H]2c2ccc(Cl)cc2)CC1,[*:2]#Cc1cccc2c1CN(C1CCC(=O)NC1=O)C2=O,[*:1]CCCC#[*:2]
C=CCn1c(=O)c2cnc(Nc3ccc(N4CCN(CCCNc5cccc6c5C(=O)N(C5CCC(=O)NC5=O)C6=O)CC4)cc3)nc2n1-c1cccc(C(C)(C)O)n1,[*:1]CN1CCN(c2ccc(Nc3ncc4c(=O)n(CC=C)n(-c5cccc(C(C)(C)O)n5)c4n3)cc2)CC1,[*:2]Nc1cccc2c1C(=O)N(C1CCC(=O)NC1=O)C2=O,[*:1]CC[*:2]
C=CCn1c(=O)c2cnc(Nc3ccc(N4CCN(CCCNC(=O)CCOCCOCCNc5cccc6c5C(=O)N(C5CCC(=O)NC5=O)C6=O)CC4)cc3)nc2n1-c1cccc(C(C)(C)O)n1,[*:1]CN1CCN(c2ccc(Nc3ncc4c(=O)n(CC=C)n(-c5cccc(C(C)(C)O)n5)c4n3)cc2)CC1,[*:2]Nc1cccc2c1C(=O)N(C1CCC(=O)NC1=O)C2=O,[*:1]CCNC(=O)CCOCCOCC[*:2]
C=CCn1c(=O)c2cnc(Nc3ccc(N4CCN(CCOCCOCCOCCNc5cccc6c5C(=O)N(C5CCC(=O)NC5=O)C6=O)CC4)cc3)nc2n1-c1cccc(C(C)(C)O)n1,[*:1]CN1CCN(c2ccc(Nc3ncc4c(=O)n(CC=C)n(-c5cccc(C(C)(C)O)n5)c4n3)cc2)CC1,[*:2]Nc1cccc2c1C(=O)N(C1CCC(=O)NC1=O)C2=O,[*:1]COCCOCCOCC[*:2]
C=CCn1c(=O)c2cnc(Nc3ccc(N4CCN(CCCCCCNc5cccc6c5C(=O)N(C5CCC(=O)NC5=O)C6=O)CC4)cc3)nc2n1-c1cccc(C(C)(C)O)n1,[*:1]CN1CCN(c2ccc(Nc3ncc4c(=O)n(CC=C)n(-c5cccc(C(C)(C)O)n5)c4n3)cc2)CC1,[*:2]Nc1cccc2c1C(=O)N(C1CCC(=O)NC1=O)C2=O,[*:1]CCCCC[*:2]
CC(C)c1c(C(=O)Nc2ccccc2)c(-c2cccc(OCCCc3cn(CCOCCOCCOCCOCCNc4cccc5c4C(=O)N(C4CCC(=O)NC4=O)C5=O)nn3)c2)c(-c2ccc(F)cc2)n1CC[C@@H](O)C[C@@H](O)CC(=O)O,[*:1]c1cccc(-c2c(C(=O)Nc3ccccc3)c(C(C)C)n(CC[C@@H](O)C[C@@H](O)CC(=O)O)c2-c2ccc(F)cc2)c1,[*:2]Nc1cccc2c1C(=O)N(C1CCC(=O)NC1=O)C2=O,[*:1]OCCCc1cn(CCOCCOCCOCCOCC[*:2])nn1
CC(C)c1c(C(=O)Nc2ccccc2)c(-c2cccc(OCCCc3cn(CCOCCNc4cccc5c4C(=O)N(C4CCC(=O)NC4=O)C5=O)nn3)c2)c(-c2ccc(F)cc2)n1CC[C@@H](O)C[C@@H](O)CC(=O)O,[*:1]c1cccc(-c2c(C(=O)Nc3ccccc3)c(C(C)C)n(CC[C@@H](O)C[C@@H](O)CC(=O)O)c2-c2ccc(F)cc2)c1,[*:2]Nc1cccc2c1C(=O)N(C1CCC(=O)NC1=O)C2=O,[*:1]OCCCc1cn(CCOCC[*:2])nn1
CC(C)c1c(C(=O)Nc2ccccc2)c(-c2cccc(OCCCCc3cn(CCOCCNc4cccc5c4C(=O)N(C4CCC(=O)NC4=O)C5=O)nn3)c2)c(-c2ccc(F)cc2)n1CC[C@@H](O)C[C@@H](O)CC(=O)O,[*:1]c1cccc(-c2c(C(=O)Nc3ccccc3)c(C(C)C)n(CC[C@@H](O)C[C@@H](O)CC(=O)O)c2-c2ccc(F)cc2)c1,[*:2]Nc1cccc2c1C(=O)N(C1CCC(=O)NC1=O)C2=O,[*:1]OCCCCc1cn(CCOCC[*:2])nn1
CC(C)c1c(C(=O)Nc2ccccc2)c(-c2cccc(OCCCCCc3cn(CCOCCNc4cccc5c4C(=O)N(C4CCC(=O)NC4=O)C5=O)nn3)c2)c(-c2ccc(F)cc2)n1CC[C@@H](O)C[C@@H](O)CC(=O)O,[*:1]c1cccc(-c2c(C(=O)Nc3ccccc3)c(C(C)C)n(CC[C@@H](O)C[C@@H](O)CC(=O)O)c2-c2ccc(F)cc2)c1,[*:2]Nc1cccc2c1C(=O)N(C1CCC(=O)NC1=O)C2=O,[*:1]OCCCCCc1cn(CCOCC[*:2])nn1
CC(C)c1c(C(=O)Nc2ccccc2)c(-c2cccc(OCCCc3cn(CCOCCOCCNc4cccc5c4C(=O)N(C4CCC(=O)NC4=O)C5=O)nn3)c2)c(-c2ccc(F)cc2)n1CC[C@@H](O)C[C@@H](O)CC(=O)O,[*:1]c1cccc(-c2c(C(=O)Nc3ccccc3)c(C(C)C)n(CC[C@@H](O)C[C@@H](O)CC(=O)O)c2-c2ccc(F)cc2)c1,[*:2]Nc1cccc2c1C(=O)N(C1CCC(=O)NC1=O)C2=O,[*:1]OCCCc1cn(CCOCCOCC[*:2])nn1
CC(C)c1c(C(=O)Nc2ccccc2)c(-c2cccc(OCCCCc3cn(CCOCCOCCNc4cccc5c4C(=O)N(C4CCC(=O)NC4=O)C5=O)nn3)c2)c(-c2ccc(F)cc2)n1CC[C@@H](O)C[C@@H](O)CC(=O)O,[*:1]c1cccc(-c2c(C(=O)Nc3ccccc3)c(C(C)C)n(CC[C@@H](O)C[C@@H](O)CC(=O)O)c2-c2ccc(F)cc2)c1,[*:2]Nc1cccc2c1C(=O)N(C1CCC(=O)NC1=O)C2=O,[*:1]OCCCCc1cn(CCOCCOCC[*:2])nn1
CC(C)c1c(C(=O)Nc2ccccc2)c(-c2cccc(OCCCCCc3cn(CCOCCOCCNc4cccc5c4C(=O)N(C4CCC(=O)NC4=O)C5=O)nn3)c2)c(-c2ccc(F)cc2)n1CC[C@@H](O)C[C@@H](O)CC(=O)O,[*:1]c1cccc(-c2c(C(=O)Nc3ccccc3)c(C(C)C)n(CC[C@@H](O)C[C@@H](O)CC(=O)O)c2-c2ccc(F)cc2)c1,[*:2]Nc1cccc2c1C(=O)N(C1CCC(=O)NC1=O)C2=O,[*:1]OCCCCCc1cn(CCOCCOCC[*:2])nn1
CC(C)c1c(C(=O)Nc2ccccc2)c(-c2cccc(OCCCc3cn(CCOCCOCCOCCNc4cccc5c4C(=O)N(C4CCC(=O)NC4=O)C5=O)nn3)c2)c(-c2ccc(F)cc2)n1CC[C@@H](O)C[C@@H](O)CC(=O)O,[*:1]c1cccc(-c2c(C(=O)Nc3ccccc3)c(C(C)C)n(CC[C@@H](O)C[C@@H](O)CC(=O)O)c2-c2ccc(F)cc2)c1,[*:2]Nc1cccc2c1C(=O)N(C1CCC(=O)NC1=O)C2=O,[*:1]OCCCc1cn(CCOCCOCCOCC[*:2])nn1
CC(C)c1c(C(=O)Nc2ccccc2)c(-c2cccc(OCCCCc3cn(CCOCCOCCOCCNc4cccc5c4C(=O)N(C4CCC(=O)NC4=O)C5=O)nn3)c2)c(-c2ccc(F)cc2)n1CC[C@@H](O)C[C@@H](O)CC(=O)O,[*:1]c1cccc(-c2c(C(=O)Nc3ccccc3)c(C(C)C)n(CC[C@@H](O)C[C@@H](O)CC(=O)O)c2-c2ccc(F)cc2)c1,[*:2]Nc1cccc2c1C(=O)N(C1CCC(=O)NC1=O)C2=O,[*:1]OCCCCc1cn(CCOCCOCCOCC[*:2])nn1
CC(C)c1c(C(=O)Nc2ccccc2)c(-c2cccc(OCCCCCc3cn(CCOCCOCCOCCNc4cccc5c4C(=O)N(C4CCC(=O)NC4=O)C5=O)nn3)c2)c(-c2ccc(F)cc2)n1CC[C@@H](O)C[C@@H](O)CC(=O)O,[*:1]c1cccc(-c2c(C(=O)Nc3ccccc3)c(C(C)C)n(CC[C@@H](O)C[C@@H](O)CC(=O)O)c2-c2ccc(F)cc2)c1,[*:2]Nc1cccc2c1C(=O)N(C1CCC(=O)NC1=O)C2=O,[*:1]OCCCCCc1cn(CCOCCOCCOCC[*:2])nn1
CC(C)c1c(C(=O)Nc2ccccc2)c(-c2cccc(OCCCCc3cn(CCOCCOCCOCCOCCNc4cccc5c4C(=O)N(C4CCC(=O)NC4=O)C5=O)nn3)c2)c(-c2ccc(F)cc2)n1CC[C@@H](O)C[C@@H](O)CC(=O)O,[*:1]c1cccc(-c2c(C(=O)Nc3ccccc3)c(C(C)C)n(CC[C@@H](O)C[C@@H](O)CC(=O)O)c2-c2ccc(F)cc2)c1,[*:2]Nc1cccc2c1C(=O)N(C1CCC(=O)NC1=O)C2=O,[*:1]OCCCCc1cn(CCOCCOCCOCCOCC[*:2])nn1
CC(C)c1c(C(=O)Nc2ccccc2)c(-c2cccc(OCCCCCc3cn(CCOCCOCCOCCOCCNc4cccc5c4C(=O)N(C4CCC(=O)NC4=O)C5=O)nn3)c2)c(-c2ccc(F)cc2)n1CC[C@@H](O)C[C@@H](O)CC(=O)O,[*:1]c1cccc(-c2c(C(=O)Nc3ccccc3)c(C(C)C)n(CC[C@@H](O)C[C@@H](O)CC(=O)O)c2-c2ccc(F)cc2)c1,[*:2]Nc1cccc2c1C(=O)N(C1CCC(=O)NC1=O)C2=O,[*:1]OCCCCCc1cn(CCOCCOCCOCCOCC[*:2])nn1
CC(C)c1c(C(=O)Nc2ccccc2)c(-c2cccc(OCCCc3cn(CCOCCOCCOCCOCCOCCNc4cccc5c4C(=O)N(C4CCC(=O)NC4=O)C5=O)nn3)c2)c(-c2ccc(F)cc2)n1CC[C@@H](O)C[C@@H](O)CC(=O)O,[*:1]c1cccc(-c2c(C(=O)Nc3ccccc3)c(C(C)C)n(CC[C@@H](O)C[C@@H](O)CC(=O)O)c2-c2ccc(F)cc2)c1,[*:2]Nc1cccc2c1C(=O)N(C1CCC(=O)NC1=O)C2=O,[*:1]OCCCc1cn(CCOCCOCCOCCOCCOCC[*:2])nn1
CC(C)c1c(C(=O)Nc2ccccc2)c(-c2cccc(OCCCCCc3cn(CCOCCOCCOCCOCCOCCNc4cccc5c4C(=O)N(C4CCC(=O)NC4=O)C5=O)nn3)c2)c(-c2ccc(F)cc2)n1CC[C@@H](O)C[C@@H](O)CC(=O)O,[*:1]c1cccc(-c2c(C(=O)Nc3ccccc3)c(C(C)C)n(CC[C@@H](O)C[C@@H](O)CC(=O)O)c2-c2ccc(F)cc2)c1,[*:2]Nc1cccc2c1C(=O)N(C1CCC(=O)NC1=O)C2=O,[*:1]OCCCCCc1cn(CCOCCOCCOCCOCCOCC[*:2])nn1
CC(C)c1c(C(=O)Nc2ccccc2)c(-c2cccc(OCc3cn(CCCCCCCNc4cccc5c4C(=O)N(C4CCC(=O)NC4=O)C5=O)nn3)c2)c(-c2ccc(F)cc2)n1CC[C@@H](O)C[C@@H](O)CC(=O)O,[*:1]c1cccc(-c2c(C(=O)Nc3ccccc3)c(C(C)C)n(CC[C@@H](O)C[C@@H](O)CC(=O)O)c2-c2ccc(F)cc2)c1,[*:2]Nc1cccc2c1C(=O)N(C1CCC(=O)NC1=O)C2=O,[*:1]OCc1cn(CCCCCCC[*:2])nn1
CC(C)c1c(C(=O)Nc2ccccc2)c(-c2cccc(OCCCc3cn(CCCCCCNc4cccc5c4C(=O)N(C4CCC(=O)NC4=O)C5=O)nn3)c2)c(-c2ccc(F)cc2)n1CC[C@@H](O)C[C@@H](O)CC(=O)O,[*:1]c1cccc(-c2c(C(=O)Nc3ccccc3)c(C(C)C)n(CC[C@@H](O)C[C@@H](O)CC(=O)O)c2-c2ccc(F)cc2)c1,[*:2]Nc1cccc2c1C(=O)N(C1CCC(=O)NC1=O)C2=O,[*:1]OCCCc1cn(CCCCCC[*:2])nn1
CC(C)c1c(C(=O)Nc2ccccc2)c(-c2cccc(OCCCc3cn(CCCCCCCNc4cccc5c4C(=O)N(C4CCC(=O)NC4=O)C5=O)nn3)c2)c(-c2ccc(F)cc2)n1CC[C@@H](O)C[C@@H](O)CC(=O)O,[*:1]c1cccc(-c2c(C(=O)Nc3ccccc3)c(C(C)C)n(CC[C@@H](O)C[C@@H](O)CC(=O)O)c2-c2ccc(F)cc2)c1,[*:2]Nc1cccc2c1C(=O)N(C1CCC(=O)NC1=O)C2=O,[*:1]OCCCc1cn(CCCCCCC[*:2])nn1
CC(C)c1c(C(=O)Nc2ccccc2)c(-c2cccc(OCCCCc3cn(CCCCCCCNc4cccc5c4C(=O)N(C4CCC(=O)NC4=O)C5=O)nn3)c2)c(-c2ccc(F)cc2)n1CC[C@@H](O)C[C@@H](O)CC(=O)O,[*:1]c1cccc(-c2c(C(=O)Nc3ccccc3)c(C(C)C)n(CC[C@@H](O)C[C@@H](O)CC(=O)O)c2-c2ccc(F)cc2)c1,[*:2]Nc1cccc2c1C(=O)N(C1CCC(=O)NC1=O)C2=O,[*:1]OCCCCc1cn(CCCCCCC[*:2])nn1
CC(C)c1c(C(=O)Nc2ccccc2)c(-c2cccc(OCCCCCc3cn(CCCCCCCNc4cccc5c4C(=O)N(C4CCC(=O)NC4=O)C5=O)nn3)c2)c(-c2ccc(F)cc2)n1CC[C@@H](O)C[C@@H](O)CC(=O)O,[*:1]c1cccc(-c2c(C(=O)Nc3ccccc3)c(C(C)C)n(CC[C@@H](O)C[C@@H](O)CC(=O)O)c2-c2ccc(F)cc2)c1,[*:2]Nc1cccc2c1C(=O)N(C1CCC(=O)NC1=O)C2=O,[*:1]OCCCCCc1cn(CCCCCCC[*:2])nn1
CC(C)c1c(C(=O)Nc2ccccc2)c(-c2cccc(OCCCCCCc3cn(CCCCCCCNc4cccc5c4C(=O)N(C4CCC(=O)NC4=O)C5=O)nn3)c2)c(-c2ccc(F)cc2)n1CC[C@@H](O)C[C@@H](O)CC(=O)O,[*:1]c1cccc(-c2c(C(=O)Nc3ccccc3)c(C(C)C)n(CC[C@@H](O)C[C@@H](O)CC(=O)O)c2-c2ccc(F)cc2)c1,[*:2]Nc1cccc2c1C(=O)N(C1CCC(=O)NC1=O)C2=O,[*:1]OCCCCCCc1cn(CCCCCCC[*:2])nn1
CC(C)c1c(C(=O)Nc2ccccc2)c(-c2cccc(OCCCCCCCc3cn(CCCCCCCNc4cccc5c4C(=O)N(C4CCC(=O)NC4=O)C5=O)nn3)c2)c(-c2ccc(F)cc2)n1CC[C@@H](O)C[C@@H](O)CC(=O)O,[*:1]c1cccc(-c2c(C(=O)Nc3ccccc3)c(C(C)C)n(CC[C@@H](O)C[C@@H](O)CC(=O)O)c2-c2ccc(F)cc2)c1,[*:2]Nc1cccc2c1C(=O)N(C1CCC(=O)NC1=O)C2=O,[*:1]OCCCCCCCc1cn(CCCCCCC[*:2])nn1
CC(C)c1c(C(=O)Nc2ccccc2)c(-c2cccc(OCCCc3cn(CCOCCOCCOCCNc4ccc5c(c4)C(=O)N(C4CCC(=O)NC4=O)C5=O)nn3)c2)c(-c2ccc(F)cc2)n1CC[C@@H](O)C[C@@H](O)CC(=O)O,[*:1]c1cccc(-c2c(C(=O)Nc3ccccc3)c(C(C)C)n(CC[C@@H](O)C[C@@H](O)CC(=O)O)c2-c2ccc(F)cc2)c1,[*:2]Nc1ccc2c(c1)C(=O)N(C1CCC(=O)NC1=O)C2=O,[*:1]OCCCc1cn(CCOCCOCCOCC[*:2])nn1
CC(C)c1c(C(=O)Nc2ccccc2)c(-c2cccc(OCCCCc3cn(CCOCCOCCOCCNc4ccc5c(c4)C(=O)N(C4CCC(=O)NC4=O)C5=O)nn3)c2)c(-c2ccc(F)cc2)n1CC[C@@H](O)C[C@@H](O)CC(=O)O,[*:1]c1cccc(-c2c(C(=O)Nc3ccccc3)c(C(C)C)n(CC[C@@H](O)C[C@@H](O)CC(=O)O)c2-c2ccc(F)cc2)c1,[*:2]Nc1ccc2c(c1)C(=O)N(C1CCC(=O)NC1=O)C2=O,[*:1]OCCCCc1cn(CCOCCOCCOCC[*:2])nn1
CC(C)c1c(C(=O)Nc2ccccc2)c(-c2cccc(OCCCCCc3cn(CCOCCOCCOCCNc4ccc5c(c4)C(=O)N(C4CCC(=O)NC4=O)C5=O)nn3)c2)c(-c2ccc(F)cc2)n1CC[C@@H](O)C[C@@H](O)CC(=O)O,[*:1]c1cccc(-c2c(C(=O)Nc3ccccc3)c(C(C)C)n(CC[C@@H](O)C[C@@H](O)CC(=O)O)c2-c2ccc(F)cc2)c1,[*:2]Nc1ccc2c(c1)C(=O)N(C1CCC(=O)NC1=O)C2=O,[*:1]OCCCCCc1cn(CCOCCOCCOCC[*:2])nn1
CC(C)c1c(C(=O)Nc2ccccc2)c(-c2cccc(OCCCc3cn(CCOCCOCCOCCOCCNc4ccc5c(c4)C(=O)N(C4CCC(=O)NC4=O)C5=O)nn3)c2)c(-c2ccc(F)cc2)n1CC[C@@H](O)C[C@@H](O)CC(=O)O,[*:1]c1cccc(-c2c(C(=O)Nc3ccccc3)c(C(C)C)n(CC[C@@H](O)C[C@@H](O)CC(=O)O)c2-c2ccc(F)cc2)c1,[*:2]Nc1ccc2c(c1)C(=O)N(C1CCC(=O)NC1=O)C2=O,[*:1]OCCCc1cn(CCOCCOCCOCCOCC[*:2])nn1
CC(C)c1c(C(=O)Nc2ccccc2)c(-c2cccc(OCCCCc3cn(CCOCCOCCOCCOCCNc4ccc5c(c4)C(=O)N(C4CCC(=O)NC4=O)C5=O)nn3)c2)c(-c2ccc(F)cc2)n1CC[C@@H](O)C[C@@H](O)CC(=O)O,[*:1]c1cccc(-c2c(C(=O)Nc3ccccc3)c(C(C)C)n(CC[C@@H](O)C[C@@H](O)CC(=O)O)c2-c2ccc(F)cc2)c1,[*:2]Nc1ccc2c(c1)C(=O)N(C1CCC(=O)NC1=O)C2=O,[*:1]OCCCCc1cn(CCOCCOCCOCCOCC[*:2])nn1
CC(C)c1c(C(=O)Nc2ccccc2)c(-c2cccc(OCCCCCc3cn(CCOCCOCCOCCOCCNc4ccc5c(c4)C(=O)N(C4CCC(=O)NC4=O)C5=O)nn3)c2)c(-c2ccc(F)cc2)n1CC[C@@H](O)C[C@@H](O)CC(=O)O,[*:1]c1cccc(-c2c(C(=O)Nc3ccccc3)c(C(C)C)n(CC[C@@H](O)C[C@@H](O)CC(=O)O)c2-c2ccc(F)cc2)c1,[*:2]Nc1ccc2c(c1)C(=O)N(C1CCC(=O)NC1=O)C2=O,[*:1]OCCCCCc1cn(CCOCCOCCOCCOCC[*:2])nn1
CC(C)c1c(C(=O)Nc2ccccc2)c(-c2cccc(OCCCc3cn(CCOCC#Cc4cccc5c4CN(C4CCC(=O)NC4=O)C5=O)nn3)c2)c(-c2ccc(F)cc2)n1CC[C@@H](O)C[C@@H](O)CC(=O)O,[*:1]c1cccc(-c2c(C(=O)Nc3ccccc3)c(C(C)C)n(CC[C@@H](O)C[C@@H](O)CC(=O)O)c2-c2ccc(F)cc2)c1,[*:2]#Cc1cccc2c1CN(C1CCC(=O)NC1=O)C2=O,[*:1]OCCCc1cn(CCOCC#[*:2])nn1
CC(C)c1c(C(=O)Nc2ccccc2)c(-c2cccc(OCCCc3cn(CCCOCC#Cc4cccc5c4CN(C4CCC(=O)NC4=O)C5=O)nn3)c2)c(-c2ccc(F)cc2)n1CC[C@@H](O)C[C@@H](O)CC(=O)O,[*:1]c1cccc(-c2c(C(=O)Nc3ccccc3)c(C(C)C)n(CC[C@@H](O)C[C@@H](O)CC(=O)O)c2-c2ccc(F)cc2)c1,[*:2]#Cc1cccc2c1CN(C1CCC(=O)NC1=O)C2=O,[*:1]OCCCc1cn(CCCOCC#[*:2])nn1
CC(C)c1c(C(=O)Nc2ccccc2)c(-c2cccc(OCCCc3cn(CCCCOCC#Cc4cccc5c4CN(C4CCC(=O)NC4=O)C5=O)nn3)c2)c(-c2ccc(F)cc2)n1CC[C@@H](O)C[C@@H](O)CC(=O)O,[*:1]c1cccc(-c2c(C(=O)Nc3ccccc3)c(C(C)C)n(CC[C@@H](O)C[C@@H](O)CC(=O)O)c2-c2ccc(F)cc2)c1,[*:2]#Cc1cccc2c1CN(C1CCC(=O)NC1=O)C2=O,[*:1]OCCCc1cn(CCCCOCC#[*:2])nn1
CC(C)c1c(C(=O)Nc2ccccc2)c(-c2cccc(OCCCc3cn(CCCCCOCC#Cc4cccc5c4CN(C4CCC(=O)NC4=O)C5=O)nn3)c2)c(-c2ccc(F)cc2)n1CC[C@@H](O)C[C@@H](O)CC(=O)O,[*:1]c1cccc(-c2c(C(=O)Nc3ccccc3)c(C(C)C)n(CC[C@@H](O)C[C@@H](O)CC(=O)O)c2-c2ccc(F)cc2)c1,[*:2]#Cc1cccc2c1CN(C1CCC(=O)NC1=O)C2=O,[*:1]OCCCc1cn(CCCCCOCC#[*:2])nn1
CC(C)c1c(C(=O)Nc2ccccc2)c(-c2cccc(OCCCc3cn(CCCCCCOCC#Cc4cccc5c4CN(C4CCC(=O)NC4=O)C5=O)nn3)c2)c(-c2ccc(F)cc2)n1CC[C@@H](O)C[C@@H](O)CC(=O)O,[*:1]c1cccc(-c2c(C(=O)Nc3ccccc3)c(C(C)C)n(CC[C@@H](O)C[C@@H](O)CC(=O)O)c2-c2ccc(F)cc2)c1,[*:2]#Cc1cccc2c1CN(C1CCC(=O)NC1=O)C2=O,[*:1]OCCCc1cn(CCCCCCOCC#[*:2])nn1
CC(C)c1c(C(=O)Nc2ccccc2)c(-c2cccc(OCCCc3cn(CCCCCCCOCC#Cc4cccc5c4CN(C4CCC(=O)NC4=O)C5=O)nn3)c2)c(-c2ccc(F)cc2)n1CC[C@@H](O)C[C@@H](O)CC(=O)O,[*:1]c1cccc(-c2c(C(=O)Nc3ccccc3)c(C(C)C)n(CC[C@@H](O)C[C@@H](O)CC(=O)O)c2-c2ccc(F)cc2)c1,[*:2]#Cc1cccc2c1CN(C1CCC(=O)NC1=O)C2=O,[*:1]OCCCc1cn(CCCCCCCOCC#[*:2])nn1
CC(C)c1c(C(=O)Nc2ccccc2)c(-c2cccc(OCCCc3cn(CCOCCCc4cccc5c4CN(C4CCC(=O)NC4=O)C5=O)nn3)c2)c(-c2ccc(F)cc2)n1CC[C@@H](O)C[C@@H](O)CC(=O)O,[*:1]c1cccc(-c2c(C(=O)Nc3ccccc3)c(C(C)C)n(CC[C@@H](O)C[C@@H](O)CC(=O)O)c2-c2ccc(F)cc2)c1,[*:2]Cc1cccc2c1CN(C1CCC(=O)NC1=O)C2=O,[*:1]OCCCc1cn(CCOCC[*:2])nn1
CC(C)c1c(C(=O)Nc2ccccc2)c(-c2cccc(OCCCc3cn(CCCOCCCc4cccc5c4CN(C4CCC(=O)NC4=O)C5=O)nn3)c2)c(-c2ccc(F)cc2)n1CC[C@@H](O)C[C@@H](O)CC(=O)O,[*:1]c1cccc(-c2c(C(=O)Nc3ccccc3)c(C(C)C)n(CC[C@@H](O)C[C@@H](O)CC(=O)O)c2-c2ccc(F)cc2)c1,[*:2]Cc1cccc2c1CN(C1CCC(=O)NC1=O)C2=O,[*:1]OCCCc1cn(CCCOCC[*:2])nn1
CC(C)c1c(C(=O)Nc2ccccc2)c(-c2cccc(OCCCc3cn(CCCCOCCCc4cccc5c4CN(C4CCC(=O)NC4=O)C5=O)nn3)c2)c(-c2ccc(F)cc2)n1CC[C@@H](O)C[C@@H](O)CC(=O)O,[*:1]c1cccc(-c2c(C(=O)Nc3ccccc3)c(C(C)C)n(CC[C@@H](O)C[C@@H](O)CC(=O)O)c2-c2ccc(F)cc2)c1,[*:2]Cc1cccc2c1CN(C1CCC(=O)NC1=O)C2=O,[*:1]OCCCc1cn(CCCCOCC[*:2])nn1
CC(C)c1c(C(=O)Nc2ccccc2)c(-c2cccc(OCCCc3cn(CCCCCOCCCc4cccc5c4CN(C4CCC(=O)NC4=O)C5=O)nn3)c2)c(-c2ccc(F)cc2)n1CC[C@@H](O)C[C@@H](O)CC(=O)O,[*:1]c1cccc(-c2c(C(=O)Nc3ccccc3)c(C(C)C)n(CC[C@@H](O)C[C@@H](O)CC(=O)O)c2-c2ccc(F)cc2)c1,[*:2]Cc1cccc2c1CN(C1CCC(=O)NC1=O)C2=O,[*:1]OCCCc1cn(CCCCCOCC[*:2])nn1
CC(C)c1c(C(=O)Nc2ccccc2)c(-c2cccc(OCCCc3cn(CCCCCCOCCCc4cccc5c4CN(C4CCC(=O)NC4=O)C5=O)nn3)c2)c(-c2ccc(F)cc2)n1CC[C@@H](O)C[C@@H](O)CC(=O)O,[*:1]c1cccc(-c2c(C(=O)Nc3ccccc3)c(C(C)C)n(CC[C@@H](O)C[C@@H](O)CC(=O)O)c2-c2ccc(F)cc2)c1,[*:2]Cc1cccc2c1CN(C1CCC(=O)NC1=O)C2=O,[*:1]OCCCc1cn(CCCCCCOCC[*:2])nn1
CC(C)c1c(C(=O)Nc2ccccc2)c(-c2cccc(OCCCc3cn(CCCCCCCOCCCc4cccc5c4CN(C4CCC(=O)NC4=O)C5=O)nn3)c2)c(-c2ccc(F)cc2)n1CC[C@@H](O)C[C@@H](O)CC(=O)O,[*:1]c1cccc(-c2c(C(=O)Nc3ccccc3)c(C(C)C)n(CC[C@@H](O)C[C@@H](O)CC(=O)O)c2-c2ccc(F)cc2)c1,[*:2]Cc1cccc2c1CN(C1CCC(=O)NC1=O)C2=O,[*:1]OCCCc1cn(CCCCCCCOCC[*:2])nn1
CN[C@@H](C)C(=O)N[C@@H](C(=O)N1CCC[C@H]1c1nc(C(=O)c2cccc(OCCOCCOCc3cn(CCCC(=O)N4CCN(CC[C@H](CSc5ccccc5)Nc5ccc(S(=O)(=O)NC(=O)c6ccc(N7CCN(CC8=C(c9ccc(Cl)cc9)CCC(C)(C)C8)CC7)cc6)cc5S(=O)(=O)C(F)(F)F)CC4)nn3)c2)cs1)C1CCCCC1,[*:1]N1CCN(CC[C@H](CSc2ccccc2)Nc2ccc(S(=O)(=O)NC(=O)c3ccc(N4CCN(CC5=C(c6ccc(Cl)cc6)CCC(C)(C)C5)CC4)cc3)cc2S(=O)(=O)C(F)(F)F)CC1,[*:2]COc1cccc(C(=O)c2csc([C@@H]3CCCN3C(=O)[C@H](NC(=O)[C@H](C)NC)C3CCCCC3)n2)c1,[*:1]C(=O)CCCn1cc(COCCOC[*:2])nn1
CN[C@@H](C)C(=O)N[C@@H](C(=O)N1CCC[C@H]1c1nc(C(=O)c2cccc(OCCOCCOCCOCc3cn(CCCC(=O)N4CCN(CC[C@H](CSc5ccccc5)Nc5ccc(S(=O)(=O)NC(=O)c6ccc(N7CCN(CC8=C(c9ccc(Cl)cc9)CCC(C)(C)C8)CC7)cc6)cc5S(=O)(=O)C(F)(F)F)CC4)nn3)c2)cs1)C1CCCCC1,[*:1]N1CCN(CC[C@H](CSc2ccccc2)Nc2ccc(S(=O)(=O)NC(=O)c3ccc(N4CCN(CC5=C(c6ccc(Cl)cc6)CCC(C)(C)C5)CC4)cc3)cc2S(=O)(=O)C(F)(F)F)CC1,[*:2]COc1cccc(C(=O)c2csc([C@@H]3CCCN3C(=O)[C@H](NC(=O)[C@H](C)NC)C3CCCCC3)n2)c1,[*:1]C(=O)CCCn1cc(COCCOCCOC[*:2])nn1
CN[C@@H](C)C(=O)N[C@@H](C(=O)N1CCC[C@H]1c1nc(C(=O)c2cccc(OCCOCCOCC(=O)N3CCN(CC[C@H](CSc4ccccc4)Nc4ccc(S(=O)(=O)NC(=O)c5ccc(N6CCN(CC7=C(c8ccc(Cl)cc8)CCC(C)(C)C7)CC6)cc5)cc4S(=O)(=O)C(F)(F)F)CC3)c2)cs1)C1CCCCC1,[*:1]N1CCN(CC[C@H](CSc2ccccc2)Nc2ccc(S(=O)(=O)NC(=O)c3ccc(N4CCN(CC5=C(c6ccc(Cl)cc6)CCC(C)(C)C5)CC4)cc3)cc2S(=O)(=O)C(F)(F)F)CC1,[*:2]COc1cccc(C(=O)c2csc([C@@H]3CCCN3C(=O)[C@H](NC(=O)[C@H](C)NC)C3CCCCC3)n2)c1,[*:1]C(=O)COCCOC[*:2]
CN[C@@H](C)C(=O)N[C@@H](C(=O)N1CCC[C@H]1c1nc(C(=O)c2cccc(OCCOCCOCCOCCOCC(=O)N3CCN(CC[C@H](CSc4ccccc4)Nc4ccc(S(=O)(=O)NC(=O)c5ccc(N6CCN(CC7=C(c8ccc(Cl)cc8)CCC(C)(C)C7)CC6)cc5)cc4S(=O)(=O)C(F)(F)F)CC3)c2)cs1)C1CCCCC1,[*:1]N1CCN(CC[C@H](CSc2ccccc2)Nc2ccc(S(=O)(=O)NC(=O)c3ccc(N4CCN(CC5=C(c6ccc(Cl)cc6)CCC(C)(C)C5)CC4)cc3)cc2S(=O)(=O)C(F)(F)F)CC1,[*:2]COc1cccc(C(=O)c2csc([C@@H]3CCCN3C(=O)[C@H](NC(=O)[C@H](C)NC)C3CCCCC3)n2)c1,[*:1]C(=O)COCCOCCOCCOC[*:2]
CN[C@@H](C)C(=O)N[C@@H](C(=O)N1CCC[C@H]1c1nc(C(=O)c2cccc(OCCCC(=O)N3CCN(CC[C@H](CSc4ccccc4)Nc4ccc(S(=O)(=O)NC(=O)c5ccc(N6CCN(CC7=C(c8ccc(Cl)cc8)CCC(C)(C)C7)CC6)cc5)cc4S(=O)(=O)C(F)(F)F)CC3)c2)cs1)C1CCCCC1,[*:1]N1CCN(CC[C@H](CSc2ccccc2)Nc2ccc(S(=O)(=O)NC(=O)c3ccc(N4CCN(CC5=C(c6ccc(Cl)cc6)CCC(C)(C)C5)CC4)cc3)cc2S(=O)(=O)C(F)(F)F)CC1,[*:2]COc1cccc(C(=O)c2csc([C@@H]3CCCN3C(=O)[C@H](NC(=O)[C@H](C)NC)C3CCCCC3)n2)c1,[*:1]C(=O)CC[*:2]
CN[C@@H](C)C(=O)N[C@@H](C(=O)N1CCC[C@H]1c1nc(C(=O)c2cccc(OCCCCC(=O)N3CCN(CC[C@H](CSc4ccccc4)Nc4ccc(S(=O)(=O)NC(=O)c5ccc(N6CCN(CC7=C(c8ccc(Cl)cc8)CCC(C)(C)C7)CC6)cc5)cc4S(=O)(=O)C(F)(F)F)CC3)c2)cs1)C1CCCCC1,[*:1]N1CCN(CC[C@H](CSc2ccccc2)Nc2ccc(S(=O)(=O)NC(=O)c3ccc(N4CCN(CC5=C(c6ccc(Cl)cc6)CCC(C)(C)C5)CC4)cc3)cc2S(=O)(=O)C(F)(F)F)CC1,[*:2]COc1cccc(C(=O)c2csc([C@@H]3CCCN3C(=O)[C@H](NC(=O)[C@H](C)NC)C3CCCCC3)n2)c1,[*:1]C(=O)CCC[*:2]
CN[C@@H](C)C(=O)N[C@@H](C(=O)N1CCC[C@H]1c1nc(C(=O)c2cccc(OCCCCCC(=O)N3CCN(CC[C@H](CSc4ccccc4)Nc4ccc(S(=O)(=O)NC(=O)c5ccc(N6CCN(CC7=C(c8ccc(Cl)cc8)CCC(C)(C)C7)CC6)cc5)cc4S(=O)(=O)C(F)(F)F)CC3)c2)cs1)C1CCCCC1,[*:1]N1CCN(CC[C@H](CSc2ccccc2)Nc2ccc(S(=O)(=O)NC(=O)c3ccc(N4CCN(CC5=C(c6ccc(Cl)cc6)CCC(C)(C)C5)CC4)cc3)cc2S(=O)(=O)C(F)(F)F)CC1,[*:2]COc1cccc(C(=O)c2csc([C@@H]3CCCN3C(=O)[C@H](NC(=O)[C@H](C)NC)C3CCCCC3)n2)c1,[*:1]C(=O)CCCC[*:2]
CN[C@@H](C)C(=O)N[C@@H](C(=O)N1CCC[C@H]1c1nc(C(=O)c2cccc(OCCCCCCC(=O)N3CCN(CC[C@H](CSc4ccccc4)Nc4ccc(S(=O)(=O)NC(=O)c5ccc(N6CCN(CC7=C(c8ccc(Cl)cc8)CCC(C)(C)C7)CC6)cc5)cc4S(=O)(=O)C(F)(F)F)CC3)c2)cs1)C1CCCCC1,[*:1]N1CCN(CC[C@H](CSc2ccccc2)Nc2ccc(S(=O)(=O)NC(=O)c3ccc(N4CCN(CC5=C(c6ccc(Cl)cc6)CCC(C)(C)C5)CC4)cc3)cc2S(=O)(=O)C(F)(F)F)CC1,[*:2]COc1cccc(C(=O)c2csc([C@@H]3CCCN3C(=O)[C@H](NC(=O)[C@H](C)NC)C3CCCCC3)n2)c1,[*:1]C(=O)CCCCC[*:2]
CN[C@H](C)C(=O)N[C@@H]1CCO[C@@H]2CC(C)(C)[C@H](C(=O)N[C@@H]3CCCc4cc(OCCOCCOCc5cn(CCCC(=O)N6CCN(CC[C@H](CSc7ccccc7)Nc7ccc(S(=O)(=O)NC(=O)c8ccc(N9CCN(CC%10=C(c%11ccc(Cl)cc%11)CCC(C)(C)C%10)CC9)cc8)cc7S(=O)(=O)C(F)(F)F)CC6)nn5)ccc43)N2C1=O,[*:1]N1CCN(CC[C@H](CSc2ccccc2)Nc2ccc(S(=O)(=O)NC(=O)c3ccc(N4CCN(CC5=C(c6ccc(Cl)cc6)CCC(C)(C)C5)CC4)cc3)cc2S(=O)(=O)C(F)(F)F)CC1,[*:2]Oc1ccc2c(c1)CCC[C@H]2NC(=O)[C@@H]1N2C(=O)[C@H](NC(=O)[C@@H](C)NC)CCO[C@@H]2CC1(C)C,[*:1]C(=O)CCCn1cc(COCCOCC[*:2])nn1
CN[C@H](C)C(=O)N[C@@H]1CCO[C@@H]2CC(C)(C)[C@H](C(=O)N[C@@H]3CCCc4cc(OCCOCCOCCOCc5cn(CCCC(=O)N6CCN(CC[C@H](CSc7ccccc7)Nc7ccc(S(=O)(=O)NC(=O)c8ccc(N9CCN(CC%10=C(c%11ccc(Cl)cc%11)CCC(C)(C)C%10)CC9)cc8)cc7S(=O)(=O)C(F)(F)F)CC6)nn5)ccc43)N2C1=O,[*:1]N1CCN(CC[C@H](CSc2ccccc2)Nc2ccc(S(=O)(=O)NC(=O)c3ccc(N4CCN(CC5=C(c6ccc(Cl)cc6)CCC(C)(C)C5)CC4)cc3)cc2S(=O)(=O)C(F)(F)F)CC1,[*:2]Oc1ccc2c(c1)CCC[C@H]2NC(=O)[C@@H]1N2C(=O)[C@H](NC(=O)[C@@H](C)NC)CCO[C@@H]2CC1(C)C,[*:1]C(=O)CCCn1cc(COCCOCCOCC[*:2])nn1
CN[C@H](C)C(=O)N[C@@H]1CCO[C@@H]2CC(C)(C)[C@H](C(=O)N[C@@H]3CCCc4cc(OCCOCCOCC(=O)N5CCN(CC[C@H](CSc6ccccc6)Nc6ccc(S(=O)(=O)NC(=O)c7ccc(N8CCN(CC9=C(c%10ccc(Cl)cc%10)CCC(C)(C)C9)CC8)cc7)cc6S(=O)(=O)C(F)(F)F)CC5)ccc43)N2C1=O,[*:1]N1CCN(CC[C@H](CSc2ccccc2)Nc2ccc(S(=O)(=O)NC(=O)c3ccc(N4CCN(CC5=C(c6ccc(Cl)cc6)CCC(C)(C)C5)CC4)cc3)cc2S(=O)(=O)C(F)(F)F)CC1,[*:2]Oc1ccc2c(c1)CCC[C@H]2NC(=O)[C@@H]1N2C(=O)[C@H](NC(=O)[C@@H](C)NC)CCO[C@@H]2CC1(C)C,[*:1]C(=O)COCCOCC[*:2]
CN[C@H](C)C(=O)N[C@@H]1CCO[C@@H]2CC(C)(C)[C@H](C(=O)N[C@@H]3CCCc4cc(OCCCOCCOCCOCCOCC(=O)N5CCN(CC[C@H](CSc6ccccc6)Nc6ccc(S(=O)(=O)NC(=O)c7ccc(N8CCN(CC9=C(c%10ccc(Cl)cc%10)CCC(C)(C)C9)CC8)cc7)cc6S(=O)(=O)C(F)(F)F)CC5)ccc43)N2C1=O,[*:1]N1CCN(CC[C@H](CSc2ccccc2)Nc2ccc(S(=O)(=O)NC(=O)c3ccc(N4CCN(CC5=C(c6ccc(Cl)cc6)CCC(C)(C)C5)CC4)cc3)cc2S(=O)(=O)C(F)(F)F)CC1,[*:2]Oc1ccc2c(c1)CCC[C@H]2NC(=O)[C@@H]1N2C(=O)[C@H](NC(=O)[C@@H](C)NC)CCO[C@@H]2CC1(C)C,[*:1]C(=O)COCCOCCOCCOCCC[*:2]
CN[C@H](C)C(=O)N[C@@H]1CCO[C@@H]2CC(C)(C)[C@H](C(=O)N[C@@H]3CCCc4cc(OCCCC(=O)N5CCN(CC[C@H](CSc6ccccc6)Nc6ccc(S(=O)(=O)NC(=O)c7ccc(N8CCN(CC9=C(c%10ccc(Cl)cc%10)CCC(C)(C)C9)CC8)cc7)cc6S(=O)(=O)C(F)(F)F)CC5)ccc43)N2C1=O,[*:1]N1CCN(CC[C@H](CSc2ccccc2)Nc2ccc(S(=O)(=O)NC(=O)c3ccc(N4CCN(CC5=C(c6ccc(Cl)cc6)CCC(C)(C)C5)CC4)cc3)cc2S(=O)(=O)C(F)(F)F)CC1,[*:2]Oc1ccc2c(c1)CCC[C@H]2NC(=O)[C@@H]1N2C(=O)[C@H](NC(=O)[C@@H](C)NC)CCO[C@@H]2CC1(C)C,[*:1]C(=O)CCC[*:2]
CN[C@H](C)C(=O)N[C@@H]1CCO[C@@H]2CC(C)(C)[C@H](C(=O)N[C@@H]3CCCc4cc(OCCCCC(=O)N5CCN(CC[C@H](CSc6ccccc6)Nc6ccc(S(=O)(=O)NC(=O)c7ccc(N8CCN(CC9=C(c%10ccc(Cl)cc%10)CCC(C)(C)C9)CC8)cc7)cc6S(=O)(=O)C(F)(F)F)CC5)ccc43)N2C1=O,[*:1]N1CCN(CC[C@H](CSc2ccccc2)Nc2ccc(S(=O)(=O)NC(=O)c3ccc(N4CCN(CC5=C(c6ccc(Cl)cc6)CCC(C)(C)C5)CC4)cc3)cc2S(=O)(=O)C(F)(F)F)CC1,[*:2]Oc1ccc2c(c1)CCC[C@H]2NC(=O)[C@@H]1N2C(=O)[C@H](NC(=O)[C@@H](C)NC)CCO[C@@H]2CC1(C)C,[*:1]C(=O)CCCC[*:2]
CN[C@H](C)C(=O)N[C@@H]1CCO[C@@H]2CC(C)(C)[C@H](C(=O)N[C@@H]3CCCc4cc(OCCCCCC(=O)N5CCN(CC[C@H](CSc6ccccc6)Nc6ccc(S(=O)(=O)NC(=O)c7ccc(N8CCN(CC9=C(c%10ccc(Cl)cc%10)CCC(C)(C)C9)CC8)cc7)cc6S(=O)(=O)C(F)(F)F)CC5)ccc43)N2C1=O,[*:1]N1CCN(CC[C@H](CSc2ccccc2)Nc2ccc(S(=O)(=O)NC(=O)c3ccc(N4CCN(CC5=C(c6ccc(Cl)cc6)CCC(C)(C)C5)CC4)cc3)cc2S(=O)(=O)C(F)(F)F)CC1,[*:2]Oc1ccc2c(c1)CCC[C@H]2NC(=O)[C@@H]1N2C(=O)[C@H](NC(=O)[C@@H](C)NC)CCO[C@@H]2CC1(C)C,[*:1]C(=O)CCCCC[*:2]
CN[C@H](C)C(=O)N[C@@H]1CCO[C@@H]2CC(C)(C)[C@H](C(=O)N[C@@H]3CCCc4cc(OCCCCCCC(=O)N5CCN(CC[C@H](CSc6ccccc6)Nc6ccc(S(=O)(=O)NC(=O)c7ccc(N8CCN(CC9=C(c%10ccc(Cl)cc%10)CCC(C)(C)C9)CC8)cc7)cc6S(=O)(=O)C(F)(F)F)CC5)ccc43)N2C1=O,[*:1]N1CCN(CC[C@H](CSc2ccccc2)Nc2ccc(S(=O)(=O)NC(=O)c3ccc(N4CCN(CC5=C(c6ccc(Cl)cc6)CCC(C)(C)C5)CC4)cc3)cc2S(=O)(=O)C(F)(F)F)CC1,[*:2]Oc1ccc2c(c1)CCC[C@H]2NC(=O)[C@@H]1N2C(=O)[C@H](NC(=O)[C@@H](C)NC)CCO[C@@H]2CC1(C)C,[*:1]C(=O)CCCCCC[*:2]
Cc1ccc(-n2nc3c(=O)n(CCCC(=O)NCCCCCCCCNc4cccc5c4C(=O)N(C4CCC(=O)NC4=O)C5=O)nc(C)c3c2C)cc1,[*:1]NC(=O)CCCn1nc(C)c2c(C)n(-c3ccc(C)cc3)nc2c1=O,[*:2]Nc1cccc2c1C(=O)N(C1CCC(=O)NC1=O)C2=O,[*:1]CCCCCCCC[*:2]
Cc1ccc(C(=O)NCCCCNc2cccc3c2C(=O)N(C2CCC(=O)NC2=O)C3=O)cc1-n1c(C)cc(OCc2ccc(F)cc2F)c(Br)c1=O,[*:1]CNC(=O)c1ccc(C)c(-n2c(C)cc(OCc3ccc(F)cc3F)c(Br)c2=O)c1,[*:2]Nc1cccc2c1C(=O)N(C1CCC(=O)NC1=O)C2=O,[*:1]CCC[*:2]
Cc1ccc(C(=O)NCCCCNC(=O)c2ccc3c(c2)C(=O)N(C2CCC(=O)NC2=O)C3=O)cc1-n1c(C)cc(OCc2ccc(F)cc2F)c(Br)c1=O,[*:1]CNC(=O)c1ccc(C)c(-n2c(C)cc(OCc3ccc(F)cc3F)c(Br)c2=O)c1,[*:2]c1ccc2c(c1)C(=O)N(C1CCC(=O)NC1=O)C2=O,[*:1]CCCNC([*:2])=O
Cc1ccc(C(=O)NCCOCCOCCOCCOCCOCCOCCNc2cccc3c2C(=O)N(C2CCC(=O)NC2=O)C3=O)cc1-n1c(C)cc(OCc2ccc(F)cc2F)c(Br)c1=O,[*:1]CNC(=O)c1ccc(C)c(-n2c(C)cc(OCc3ccc(F)cc3F)c(Br)c2=O)c1,[*:2]Nc1cccc2c1C(=O)N(C1CCC(=O)NC1=O)C2=O,[*:1]COCCOCCOCCOCCOCCOCC[*:2]
Cc1ccc(C(=O)NCCOCCOCCNc2cccc3c2C(=O)N(C2CCC(=O)NC2=O)C3=O)cc1-n1c(C)cc(OCc2ccc(F)cc2F)c(Br)c1=O,[*:1]CNC(=O)c1ccc(C)c(-n2c(C)cc(OCc3ccc(F)cc3F)c(Br)c2=O)c1,[*:2]Nc1cccc2c1C(=O)N(C1CCC(=O)NC1=O)C2=O,[*:1]COCCOCC[*:2]
Cc1ccc(C(=O)NCCOCCOCCNC(=O)c2ccc3c(c2)C(=O)N(C2CCC(=O)NC2=O)C3=O)cc1-n1c(C)cc(OCc2ccc(F)cc2F)c(Br)c1=O,[*:1]CNC(=O)c1ccc(C)c(-n2c(C)cc(OCc3ccc(F)cc3F)c(Br)c2=O)c1,[*:2]c1ccc2c(c1)C(=O)N(C1CCC(=O)NC1=O)C2=O,[*:1]COCCOCCNC([*:2])=O
Cc1ccc(C(=O)NCCCCc2cn(CCOCCOCCOCCNc3cccc4c3C(=O)N(C3CCC(=O)NC3=O)C4=O)nn2)cc1-n1c(C)cc(OCc2ccc(F)cc2F)c(Br)c1=O,[*:1]CNC(=O)c1ccc(C)c(-n2c(C)cc(OCc3ccc(F)cc3F)c(Br)c2=O)c1,[*:2]Nc1cccc2c1C(=O)N(C1CCC(=O)NC1=O)C2=O,[*:1]CCCc1cn(CCOCCOCCOCC[*:2])nn1
Cc1ccc(C(=O)NCCCCc2cn(CCOCCOCCOCCOCCNc3cccc4c3C(=O)N(C3CCC(=O)NC3=O)C4=O)nn2)cc1-n1c(C)cc(OCc2ccc(F)cc2F)c(Br)c1=O,[*:1]CNC(=O)c1ccc(C)c(-n2c(C)cc(OCc3ccc(F)cc3F)c(Br)c2=O)c1,[*:2]Nc1cccc2c1C(=O)N(C1CCC(=O)NC1=O)C2=O,[*:1]CCCc1cn(CCOCCOCCOCCOCC[*:2])nn1
Cc1ccc(C(=O)NCCCCc2cn(CCCC(=O)NCCOCCOCCNc3cccc4c3C(=O)N(C3CCC(=O)NC3=O)C4=O)nn2)cc1-n1c(C)cc(OCc2ccc(F)cc2F)c(Br)c1=O,[*:1]CNC(=O)c1ccc(C)c(-n2c(C)cc(OCc3ccc(F)cc3F)c(Br)c2=O)c1,[*:2]Nc1cccc2c1C(=O)N(C1CCC(=O)NC1=O)C2=O,[*:1]CCCc1cn(CCCC(=O)NCCOCCOCC[*:2])nn1
Cc1ccc(C(=O)NCCCCc2cn(CCCC(=O)NCCOCCOCCNC(=O)c3ccc4c(c3)C(=O)N(C3CCC(=O)NC3=O)C4=O)nn2)cc1-n1c(C)cc(OCc2ccc(F)cc2F)c(Br)c1=O,[*:1]CNC(=O)c1ccc(C)c(-n2c(C)cc(OCc3ccc(F)cc3F)c(Br)c2=O)c1,[*:2]c1ccc2c(c1)C(=O)N(C1CCC(=O)NC1=O)C2=O,[*:1]CCCc1cn(CCCC(=O)NCCOCCOCCNC([*:2])=O)nn1
Cc1ccc(C(=O)NCCCCc2cn(CCCC(=O)NCCCCCCc3cccc4c3C(=O)N(C3CCC(=O)NC3=O)C4=O)nn2)cc1-n1c(C)cc(OCc2ccc(F)cc2F)c(Br)c1=O,[*:1]CNC(=O)c1ccc(C)c(-n2c(C)cc(OCc3ccc(F)cc3F)c(Br)c2=O)c1,[*:2]c1cccc2c1C(=O)N(C1CCC(=O)NC1=O)C2=O,[*:1]CCCc1cn(CCCC(=O)NCCCCCC[*:2])nn1
Cc1ccc(C(=O)NCCCCc2cn(CCCC(=O)NCCCCCc3cccc4c3C(=O)N(C3CCC(=O)NC3=O)C4=O)nn2)cc1-n1c(C)cc(OCc2ccc(F)cc2F)c(Br)c1=O,[*:1]CNC(=O)c1ccc(C)c(-n2c(C)cc(OCc3ccc(F)cc3F)c(Br)c2=O)c1,[*:2]c1cccc2c1C(=O)N(C1CCC(=O)NC1=O)C2=O,[*:1]CCCc1cn(CCCC(=O)NCCCCC[*:2])nn1
Cc1ccc(C(=O)NCCCCc2cn(CCCC(=O)NCCCCCCc3cccc4c3CN(C3CCC(=O)NC3=O)C4=O)nn2)cc1-n1c(C)cc(OCc2ccc(F)cc2F)c(Br)c1=O,[*:1]CNC(=O)c1ccc(C)c(-n2c(C)cc(OCc3ccc(F)cc3F)c(Br)c2=O)c1,[*:2]Cc1cccc2c1CN(C1CCC(=O)NC1=O)C2=O,[*:1]CCCc1cn(CCCC(=O)NCCCCC[*:2])nn1
Cc1ccc(C(=O)NCCCCc2cn(CCCC(=O)NCCCCCc3cccc4c3CN(C3CCC(=O)NC3=O)C4=O)nn2)cc1-n1c(C)cc(OCc2ccc(F)cc2F)c(Br)c1=O,[*:1]CNC(=O)c1ccc(C)c(-n2c(C)cc(OCc3ccc(F)cc3F)c(Br)c2=O)c1,[*:2]Cc1cccc2c1CN(C1CCC(=O)NC1=O)C2=O,[*:1]CCCc1cn(CCCC(=O)NCCCC[*:2])nn1
Cc1ccc(C(=O)NCCc2cn(CCCC(=O)NCCNc3cccc4c3C(=O)N(C3CCC(=O)NC3=O)C4=O)nn2)cc1-n1c(C)cc(OCc2ccc(F)cc2F)c(Br)c1=O,[*:1]CNC(=O)c1ccc(C)c(-n2c(C)cc(OCc3ccc(F)cc3F)c(Br)c2=O)c1,[*:2]Nc1cccc2c1C(=O)N(C1CCC(=O)NC1=O)C2=O,[*:1]Cc1cn(CCCC(=O)NCC[*:2])nn1
Cc1ccc(C(=O)NCCc2cn(CCCC(=O)NCCCNc3cccc4c3C(=O)N(C3CCC(=O)NC3=O)C4=O)nn2)cc1-n1c(C)cc(OCc2ccc(F)cc2F)c(Br)c1=O,[*:1]CNC(=O)c1ccc(C)c(-n2c(C)cc(OCc3ccc(F)cc3F)c(Br)c2=O)c1,[*:2]Nc1cccc2c1C(=O)N(C1CCC(=O)NC1=O)C2=O,[*:1]Cc1cn(CCCC(=O)NCCC[*:2])nn1
Cc1ccc(C(=O)NCCCc2cn(CCCC(=O)NCCCNc3cccc4c3C(=O)N(C3CCC(=O)NC3=O)C4=O)nn2)cc1-n1c(C)cc(OCc2ccc(F)cc2F)c(Br)c1=O,[*:1]CNC(=O)c1ccc(C)c(-n2c(C)cc(OCc3ccc(F)cc3F)c(Br)c2=O)c1,[*:2]Nc1cccc2c1C(=O)N(C1CCC(=O)NC1=O)C2=O,[*:1]CCc1cn(CCCC(=O)NCCC[*:2])nn1
Cc1ccc(C(=O)NCCc2cn(CCCC(=O)NCCCCNc3cccc4c3C(=O)N(C3CCC(=O)NC3=O)C4=O)nn2)cc1-n1c(C)cc(OCc2ccc(F)cc2F)c(Br)c1=O,[*:1]CNC(=O)c1ccc(C)c(-n2c(C)cc(OCc3ccc(F)cc3F)c(Br)c2=O)c1,[*:2]Nc1cccc2c1C(=O)N(C1CCC(=O)NC1=O)C2=O,[*:1]Cc1cn(CCCC(=O)NCCCC[*:2])nn1
Cc1ccc(C(=O)NCCCCc2cn(CCCC(=O)NCCNc3cccc4c3C(=O)N(C3CCC(=O)NC3=O)C4=O)nn2)cc1-n1c(C)cc(OCc2ccc(F)cc2F)c(Br)c1=O,[*:1]CNC(=O)c1ccc(C)c(-n2c(C)cc(OCc3ccc(F)cc3F)c(Br)c2=O)c1,[*:2]Nc1cccc2c1C(=O)N(C1CCC(=O)NC1=O)C2=O,[*:1]CCCc1cn(CCCC(=O)NCC[*:2])nn1
Cc1ccc(C(=O)NCCCc2cn(CCCC(=O)NCCCCNc3cccc4c3C(=O)N(C3CCC(=O)NC3=O)C4=O)nn2)cc1-n1c(C)cc(OCc2ccc(F)cc2F)c(Br)c1=O,[*:1]CNC(=O)c1ccc(C)c(-n2c(C)cc(OCc3ccc(F)cc3F)c(Br)c2=O)c1,[*:2]Nc1cccc2c1C(=O)N(C1CCC(=O)NC1=O)C2=O,[*:1]CCc1cn(CCCC(=O)NCCCC[*:2])nn1
Cc1ccc(C(=O)NCCCCc2cn(CCCC(=O)NCCCNc3cccc4c3C(=O)N(C3CCC(=O)NC3=O)C4=O)nn2)cc1-n1c(C)cc(OCc2ccc(F)cc2F)c(Br)c1=O,[*:1]CNC(=O)c1ccc(C)c(-n2c(C)cc(OCc3ccc(F)cc3F)c(Br)c2=O)c1,[*:2]Nc1cccc2c1C(=O)N(C1CCC(=O)NC1=O)C2=O,[*:1]CCCc1cn(CCCC(=O)NCCC[*:2])nn1
Cc1ccc(C(=O)NCCCCc2cn(CCCC(=O)NCCCCNc3cccc4c3C(=O)N(C3CCC(=O)NC3=O)C4=O)nn2)cc1-n1c(C)cc(OCc2ccc(F)cc2F)c(Br)c1=O,[*:1]CNC(=O)c1ccc(C)c(-n2c(C)cc(OCc3ccc(F)cc3F)c(Br)c2=O)c1,[*:2]Nc1cccc2c1C(=O)N(C1CCC(=O)NC1=O)C2=O,[*:1]CCCc1cn(CCCC(=O)NCCCC[*:2])nn1
Cc1ccc(C(=O)NCCCCc2cn(CCC(C(=O)NCCCCNc3cccc4c3C(=O)N(C3CCC(=O)NC3=O)C4=O)N(C(=O)[O-])C(C)(C)C)nn2)cc1-n1c(C)cc(OCc2ccc(F)cc2F)c(Br)c1=O,[*:1]CNC(=O)c1ccc(C)c(-n2c(C)cc(OCc3ccc(F)cc3F)c(Br)c2=O)c1,[*:2]Nc1cccc2c1C(=O)N(C1CCC(=O)NC1=O)C2=O,[*:1]CCCc1cn(CCC(C(=O)NCCCC[*:2])N(C(=O)[O-])C(C)(C)C)nn1
Cc1ccc(-n2nc3c(=O)n(CCCC(=O)NCCCNc4cccc5c4C(=O)N(C4CCC(=O)NC4=O)C5=O)nc(C)c3c2C)cc1,[*:1]NC(=O)CCCn1nc(C)c2c(C)n(-c3ccc(C)cc3)nc2c1=O,[*:2]Nc1cccc2c1C(=O)N(C1CCC(=O)NC1=O)C2=O,[*:1]CCC[*:2]
Cc1ccc(-n2nc3c(=O)n(CCCC(=O)NCCCCNc4cccc5c4C(=O)N(C4CCC(=O)NC4=O)C5=O)nc(C)c3c2C)cc1,[*:1]NC(=O)CCCn1nc(C)c2c(C)n(-c3ccc(C)cc3)nc2c1=O,[*:2]Nc1cccc2c1C(=O)N(C1CCC(=O)NC1=O)C2=O,[*:1]CCCC[*:2]
Cc1ccc(-n2nc3c(=O)n(CCCC(=O)NCCCCCNc4cccc5c4C(=O)N(C4CCC(=O)NC4=O)C5=O)nc(C)c3c2C)cc1,[*:1]NC(=O)CCCn1nc(C)c2c(C)n(-c3ccc(C)cc3)nc2c1=O,[*:2]Nc1cccc2c1C(=O)N(C1CCC(=O)NC1=O)C2=O,[*:1]CCCCC[*:2]
Cc1ccc(-n2nc3c(=O)n(CCCC(=O)NCCCCCCNc4cccc5c4C(=O)N(C4CCC(=O)NC4=O)C5=O)nc(C)c3c2C)cc1,[*:1]NC(=O)CCCn1nc(C)c2c(C)n(-c3ccc(C)cc3)nc2c1=O,[*:2]Nc1cccc2c1C(=O)N(C1CCC(=O)NC1=O)C2=O,[*:1]CCCCCC[*:2]
Cc1ccc(-n2nc3c(=O)n(CCCC(=O)NCCCCCCCNc4cccc5c4C(=O)N(C4CCC(=O)NC4=O)C5=O)nc(C)c3c2C)cc1,[*:1]NC(=O)CCCn1nc(C)c2c(C)n(-c3ccc(C)cc3)nc2c1=O,[*:2]Nc1cccc2c1C(=O)N(C1CCC(=O)NC1=O)C2=O,[*:1]CCCCCCC[*:2]
Cc1ccc(-n2nc3c(=O)n(CCCC(=O)NCCOCCOCCNc4cccc5c4C(=O)N(C4CCC(=O)NC4=O)C5=O)nc(C)c3c2C)cc1,[*:1]NC(=O)CCCn1nc(C)c2c(C)n(-c3ccc(C)cc3)nc2c1=O,[*:2]Nc1cccc2c1C(=O)N(C1CCC(=O)NC1=O)C2=O,[*:1]CCOCCOCC[*:2]
Cc1ccc(-n2nc3c(=O)n(CCCC(=O)NCCCOCCOCCOCCCNc4cccc5c4C(=O)N(C4CCC(=O)NC4=O)C5=O)nc(C)c3c2C)cc1,[*:1]NC(=O)CCCn1nc(C)c2c(C)n(-c3ccc(C)cc3)nc2c1=O,[*:2]Nc1cccc2c1C(=O)N(C1CCC(=O)NC1=O)C2=O,[*:1]CCCOCCOCCOCCC[*:2]
CC[C@@H]1NC(=O)[C@H]([C@H](O)[C@H](C)C/C=C/CCCCC(=O)N[C@H](C(=O)N2C[C@H](O)C[C@H]2C(=O)N[C@@H](C)c2ccc(-c3scnc3C)cc2)C(C)(C)C)N(C)C(=O)[C@H](C(C)C)N(C)C(=O)[C@H](CC(C)C)N(C)C(=O)[C@H](CC(C)C)N(C)C(=O)[C@@H](C)NC(=O)[C@H](C)NC(=O)[C@H](CC(C)C)N(C)C(=O)[C@H](C(C)C)NC(=O)[C@H](CC(C)C)N(C)C(=O)CN(C)C1=O,[*:1]C/C=C/C[C@@H](C)[C@@H](O)[C@H]1C(=O)N[C@@H](CC)C(=O)N(C)CC(=O)N(C)[C@@H](CC(C)C)C(=O)N[C@@H](C(C)C)C(=O)N(C)[C@@H](CC(C)C)C(=O)N[C@@H](C)C(=O)N[C@H](C)C(=O)N(C)[C@@H](CC(C)C)C(=O)N(C)[C@@H](CC(C)C)C(=O)N(C)[C@@H](C(C)C)C(=O)N1C,[*:2]CC(=O)N[C@H](C(=O)N1C[C@H](O)C[C@H]1C(=O)N[C@@H](C)c1ccc(-c2scnc2C)cc1)C(C)(C)C,[*:1]CC[*:2]
O=C1CCC(N2C(=O)c3cccc(CCCCCNC(=O)c4ccc(NC(=O)[C@@H]5NC6(CCCCC6)[C@@]6(C(=O)Nc7cc(Cl)ccc76)[C@H]5c5cccc(Cl)c5F)cc4)c3C2=O)C(=O)N1,[*:1]CNC(=O)c1ccc(NC(=O)[C@@H]2NC3(CCCCC3)[C@@]3(C(=O)Nc4cc(Cl)ccc43)[C@H]2c2cccc(Cl)c2F)cc1,[*:2]c1cccc2c1C(=O)N(C1CCC(=O)NC1=O)C2=O,[*:1]CCCC[*:2]
O=C1CCC(N2Cc3c(NCCCCNC(=O)c4ccc(NC(=O)[C@@H]5NC6(CCCCC6)[C@@]6(C(=O)Nc7cc(Cl)ccc76)[C@H]5c5cccc(Cl)c5F)cc4)cccc3C2=O)C(=O)N1,[*:1]CNC(=O)c1ccc(NC(=O)[C@@H]2NC3(CCCCC3)[C@@]3(C(=O)Nc4cc(Cl)ccc43)[C@H]2c2cccc(Cl)c2F)cc1,[*:2]Nc1cccc2c1CN(C1CCC(=O)NC1=O)C2=O,[*:1]CCC[*:2]
O=C1CCC(N2Cc3c(C#CCCNC(=O)c4ccc(NC(=O)[C@@H]5NC6(CCCCC6)[C@@]6(C(=O)Nc7cc(Cl)ccc76)[C@H]5c5cccc(Cl)c5F)cc4)cccc3C2=O)C(=O)N1,[*:1]CNC(=O)c1ccc(NC(=O)[C@@H]2NC3(CCCCC3)[C@@]3(C(=O)Nc4cc(Cl)ccc43)[C@H]2c2cccc(Cl)c2F)cc1,[*:2]#Cc1cccc2c1CN(C1CCC(=O)NC1=O)C2=O,[*:1]CC#[*:2]
Cc1ncsc1-c1ccc([C@H](C)NC(=O)[C@@H]2C[C@@H](O)CN2C(=O)[C@@H](NC(=O)CCCCNC(=O)c2ccc(NC(=O)[C@@H]3NC4(CCCCC4)[C@@]4(C(=O)Nc5cc(Cl)ccc54)[C@H]3c3cccc(Cl)c3F)cc2)C(C)(C)C)cc1,[*:1]CNC(=O)c1ccc(NC(=O)[C@@H]2NC3(CCCCC3)[C@@]3(C(=O)Nc4cc(Cl)ccc43)[C@H]2c2cccc(Cl)c2F)cc1,[*:2]CC(=O)N[C@H](C(=O)N1C[C@H](O)C[C@H]1C(=O)N[C@@H](C)c1ccc(-c2scnc2C)cc1)C(C)(C)C,[*:1]CC[*:2]
Cc1ncsc1-c1ccc([C@H](C)NC(=O)[C@@H]2C[C@@H](O)CN2C(=O)[C@@H](NC(=O)CCOCCOCCNC(=O)c2ccc(NC(=O)[C@@H]3NC4(CCCCC4)[C@@]4(C(=O)Nc5cc(Cl)ccc54)[C@H]3c3cccc(Cl)c3F)cc2)C(C)(C)C)cc1,[*:1]CNC(=O)c1ccc(NC(=O)[C@@H]2NC3(CCCCC3)[C@@]3(C(=O)Nc4cc(Cl)ccc43)[C@H]2c2cccc(Cl)c2F)cc1,[*:2]CC(=O)N[C@H](C(=O)N1C[C@H](O)C[C@H]1C(=O)N[C@@H](C)c1ccc(-c2scnc2C)cc1)C(C)(C)C,[*:1]COCCOC[*:2]
Cc1ncsc1-c1ccc([C@H](C)NC(=O)[C@@H]2C[C@@H](O)CN2C(=O)[C@@H](NC(=O)CCOCCOCCOCCNC(=O)c2ccc(NC(=O)[C@@H]3NC4(CCCCC4)[C@@]4(C(=O)Nc5cc(Cl)ccc54)[C@H]3c3cccc(Cl)c3F)cc2)C(C)(C)C)cc1,[*:1]CNC(=O)c1ccc(NC(=O)[C@@H]2NC3(CCCCC3)[C@@]3(C(=O)Nc4cc(Cl)ccc43)[C@H]2c2cccc(Cl)c2F)cc1,[*:2]CC(=O)N[C@H](C(=O)N1C[C@H](O)C[C@H]1C(=O)N[C@@H](C)c1ccc(-c2scnc2C)cc1)C(C)(C)C,[*:1]COCCOCCOC[*:2]
Cc1ncsc1-c1ccc([C@@H](CC(=O)N2CCC(N3CCC(C#Cc4ccc(C(=O)N[C@H]5C(C)(C)[C@H](Oc6ccc(C#N)c(Cl)c6)C5(C)C)cc4)CC3)CC2)NC(=O)[C@@H]2C[C@@H](O)CN2C(=O)[C@@H](NC(=O)C2(F)CC2)C(C)(C)C)cc1,[*:1]#Cc1ccc(C(=O)N[C@H]2C(C)(C)[C@H](Oc3ccc(C#N)c(Cl)c3)C2(C)C)cc1,[*:2]C[C@@H](NC(=O)[C@@H]1C[C@@H](O)CN1C(=O)[C@@H](NC(=O)C1(F)CC1)C(C)(C)C)c1ccc(-c2scnc2C)cc1,[*:1]#CC1CCN(C2CCN(C([*:2])=O)CC2)CC1
Cc1ncsc1-c1ccc([C@H](CC(=O)N2CCC(N3CCC(C#Cc4ccc(C(=O)N[C@H]5C(C)(C)[C@H](Oc6ccc(C#N)c(Cl)c6)C5(C)C)cc4)CC3)CC2)NC(=O)[C@@H]2C[C@@H](O)CN2C(=O)[C@H](NC(=O)C2(F)CC2)C(C)(C)C)cc1,[*:1]#Cc1ccc(C(=O)N[C@H]2C(C)(C)[C@H](Oc3ccc(C#N)c(Cl)c3)C2(C)C)cc1,[*:2]C[C@H](NC(=O)[C@@H]1C[C@@H](O)CN1C(=O)[C@H](NC(=O)C1(F)CC1)C(C)(C)C)c1ccc(-c2scnc2C)cc1,[*:1]#CC1CCN(C2CCN(C([*:2])=O)CC2)CC1
CC1(C)[C@H](NC(=O)c2ccc(C(=O)NCCCCCCCCCCNc3cccc4c3C(=O)N(C3CCC(=O)NC3=O)C4=O)cc2)C(C)(C)[C@H]1Oc1ccc(C#N)c(Cl)c1,[*:1]c1ccc(C(=O)N[C@H]2C(C)(C)[C@H](Oc3ccc(C#N)c(Cl)c3)C2(C)C)cc1,[*:2]Nc1cccc2c1C(=O)N(C1CCC(=O)NC1=O)C2=O,[*:1]C(=O)NCCCCCCCCCC[*:2]
CCn1nc(C2CC2)cc1Nc1nc(C(=O)NCCCCNC(=O)CNc2cccc3c2C(=O)N(C2CCC(=O)NC2=O)C3=O)nc2[nH]c3cc(-c4c(C)noc4C)c(OC)cc3c12,[*:1]CNC(=O)c1nc(Nc2cc(C3CC3)nn2CC)c2c(n1)[nH]c1cc(-c3c(C)noc3C)c(OC)cc12,[*:2]Nc1cccc2c1C(=O)N(C1CCC(=O)NC1=O)C2=O,[*:1]CCCNC(=O)C[*:2]
CCn1nc(C2CC2)cc1Nc1nc(C(=O)NCCCCCCCOc2cccc3c2C(=O)N(C2CCC(=O)NC2=O)C3=O)nc2[nH]c3cc(-c4c(C)noc4C)c(OC)cc3c12,[*:1]CNC(=O)c1nc(Nc2cc(C3CC3)nn2CC)c2c(n1)[nH]c1cc(-c3c(C)noc3C)c(OC)cc12,[*:2]c1cccc2c1C(=O)N(C1CCC(=O)NC1=O)C2=O,[*:1]CCCCCCO[*:2]
CCn1nc(C2CC2)cc1Nc1nc(C(=O)NCCCCCCCNc2cccc3c2C(=O)N(C2CCC(=O)NC2=O)C3=O)nc2[nH]c3cc(-c4c(C)noc4C)c(OC)cc3c12,[*:1]CNC(=O)c1nc(Nc2cc(C3CC3)nn2CC)c2c(n1)[nH]c1cc(-c3c(C)noc3C)c(OC)cc12,[*:2]Nc1cccc2c1C(=O)N(C1CCC(=O)NC1=O)C2=O,[*:1]CCCCCC[*:2]
CCn1nc(C2CC2)cc1Nc1nc(C(=O)NCCCCCCNc2cccc3c2C(=O)N(C2CCC(=O)NC2=O)C3=O)nc2[nH]c3cc(-c4c(C)noc4C)c(OC)cc3c12,[*:1]CNC(=O)c1nc(Nc2cc(C3CC3)nn2CC)c2c(n1)[nH]c1cc(-c3c(C)noc3C)c(OC)cc12,[*:2]Nc1cccc2c1C(=O)N(C1CCC(=O)NC1=O)C2=O,[*:1]CCCCC[*:2]
CCn1nc(C2CC2)cc1Nc1nc(C(=O)NCCCCCNc2cccc3c2C(=O)N(C2CCC(=O)NC2=O)C3=O)nc2[nH]c3cc(-c4c(C)noc4C)c(OC)cc3c12,[*:1]CNC(=O)c1nc(Nc2cc(C3CC3)nn2CC)c2c(n1)[nH]c1cc(-c3c(C)noc3C)c(OC)cc12,[*:2]Nc1cccc2c1C(=O)N(C1CCC(=O)NC1=O)C2=O,[*:1]CCCC[*:2]
CCn1nc(C2CC2)cc1Nc1nc(C(=O)NCCCCNc2cccc3c2C(=O)N(C2CCC(=O)NC2=O)C3=O)nc2[nH]c3cc(-c4c(C)noc4C)c(OC)cc3c12,[*:1]CNC(=O)c1nc(Nc2cc(C3CC3)nn2CC)c2c(n1)[nH]c1cc(-c3c(C)noc3C)c(OC)cc12,[*:2]Nc1cccc2c1C(=O)N(C1CCC(=O)NC1=O)C2=O,[*:1]CCC[*:2]
CCn1nc(C2CC2)cc1Nc1nc(C(=O)NCCCNc2cccc3c2C(=O)N(C2CCC(=O)NC2=O)C3=O)nc2[nH]c3cc(-c4c(C)noc4C)c(OC)cc3c12,[*:1]CNC(=O)c1nc(Nc2cc(C3CC3)nn2CC)c2c(n1)[nH]c1cc(-c3c(C)noc3C)c(OC)cc12,[*:2]Nc1cccc2c1C(=O)N(C1CCC(=O)NC1=O)C2=O,[*:1]CC[*:2]
CCn1nc(C2CC2)cc1Nc1nc(C(=O)NCCNc2cccc3c2C(=O)N(C2CCC(=O)NC2=O)C3=O)nc2[nH]c3cc(-c4c(C)noc4C)c(OC)cc3c12,[*:1]CNC(=O)c1nc(Nc2cc(C3CC3)nn2CC)c2c(n1)[nH]c1cc(-c3c(C)noc3C)c(OC)cc12,[*:2]Nc1cccc2c1C(=O)N(C1CCC(=O)NC1=O)C2=O,[*:1]C[*:2]
CCn1nc(C2CC2)cc1Nc1nc(C(=O)NCCCCCCc2cccc3c2C(=O)N(C2CCC(=O)NC2=O)C3=O)nc2[nH]c3cc(-c4c(C)noc4C)c(OC)cc3c12,[*:1]CNC(=O)c1nc(Nc2cc(C3CC3)nn2CC)c2c(n1)[nH]c1cc(-c3c(C)noc3C)c(OC)cc12,[*:2]c1cccc2c1C(=O)N(C1CCC(=O)NC1=O)C2=O,[*:1]CCCCC[*:2]
CCn1nc(C2CC2)cc1Nc1nc(C(=O)NCCOCCCc2cccc3c2C(=O)N(C2CCC(=O)NC2=O)C3=O)nc2[nH]c3cc(-c4c(C)noc4C)c(OC)cc3c12,[*:1]CNC(=O)c1nc(Nc2cc(C3CC3)nn2CC)c2c(n1)[nH]c1cc(-c3c(C)noc3C)c(OC)cc12,[*:2]c1cccc2c1C(=O)N(C1CCC(=O)NC1=O)C2=O,[*:1]COCCC[*:2]
CCn1nc(C2CC2)cc1Nc1nc(C(=O)NCCCCCc2cccc3c2C(=O)N(C2CCC(=O)NC2=O)C3=O)nc2[nH]c3cc(-c4c(C)noc4C)c(OC)cc3c12,[*:1]CNC(=O)c1nc(Nc2cc(C3CC3)nn2CC)c2c(n1)[nH]c1cc(-c3c(C)noc3C)c(OC)cc12,[*:2]c1cccc2c1C(=O)N(C1CCC(=O)NC1=O)C2=O,[*:1]CCCC[*:2]
CCn1nc(C2CC2)cc1Nc1nc(C(=O)NCCOCCCc2cccc3c2CN(C2CCC(=O)NC2=O)C3=O)nc2[nH]c3cc(-c4c(C)noc4C)c(OC)cc3c12,[*:1]CNC(=O)c1nc(Nc2cc(C3CC3)nn2CC)c2c(n1)[nH]c1cc(-c3c(C)noc3C)c(OC)cc12,[*:2]Cc1cccc2c1CN(C1CCC(=O)NC1=O)C2=O,[*:1]COCC[*:2]
COc1cc2c(cc1-c1c(C)noc1C)[nH]c1nc(C(=O)NCCCCCc3cccc4c3CN(C3CCC(=O)NC3=O)C4=O)ncc12,[*:1]CNC(=O)c1ncc2c(n1)[nH]c1cc(-c3c(C)noc3C)c(OC)cc12,[*:2]Cc1cccc2c1CN(C1CCC(=O)NC1=O)C2=O,[*:1]CCC[*:2]
Cc1nnc2n1-c1sc(C#Cc3cnn(CCCNc4cccc5c4CN(C4CCC(=O)NC4=O)C5=O)c3)c(Cc3ccccc3)c1COC2,[*:1]Cn1cc(C#Cc2sc3c(c2Cc2ccccc2)COCc2nnc(C)n2-3)cn1,[*:2]Nc1cccc2c1CN(C1CCC(=O)NC1=O)C2=O,[*:1]CC[*:2]
Cc1nnc2n1-c1sc(C#Cc3cnn(CCCCCc4cccc5c4CN(C4CCC(=O)NC4=O)C5=O)c3)c(Cc3ccccc3)c1COC2,[*:1]Cn1cc(C#Cc2sc3c(c2Cc2ccccc2)COCc2nnc(C)n2-3)cn1,[*:2]Cc1cccc2c1CN(C1CCC(=O)NC1=O)C2=O,[*:1]CCC[*:2]
Cc1nnc2n1-c1sc(C#Cc3cnn(CCCC#Cc4cccc5c4C(=O)N(C4CCC(=O)NC4=O)C5=O)c3)c(Cc3ccccc3)c1COC2,[*:1]Cn1cc(C#Cc2sc3c(c2Cc2ccccc2)COCc2nnc(C)n2-3)cn1,[*:2]c1cccc2c1C(=O)N(C1CCC(=O)NC1=O)C2=O,[*:1]CCC#C[*:2]
COc1ccc(C2=NC(c3ccc(Cl)cc3)C(c3ccc(Cl)cc3)N2C(=O)N2CCN(CC(=O)NCCOCCOCCOCCOCCn3cc(-c4ccc(-n5cc6cccc(C(N)=O)c6n5)cc4)nn3)C(=O)C2)c(OC(C)C)c1,[*:1]c1ccc(-n2cc3cccc(C(N)=O)c3n2)cc1,[*:2]N1CCN(C(=O)N2C(c3ccc(OC)cc3OC(C)C)=NC(c3ccc(Cl)cc3)C2c2ccc(Cl)cc2)CC1=O,[*:1]c1cn(CCOCCOCCOCCOCCNC(=O)C[*:2])nn1
COc1cc2c(Oc3ccc(NC(=O)C4(C(=O)Nc5ccc(F)cc5)CC4)cc3F)ccnc2cc1OCCOCCOCCC(=O)N[C@H](C(=O)N1C[C@H](O)C[C@H]1C(=O)NCc1ccc(-c2scnc2C)cc1)C(C)(C)C,[*:1]Oc1cc2nccc(Oc3ccc(NC(=O)C4(C(=O)Nc5ccc(F)cc5)CC4)cc3F)c2cc1OC,[*:2]CC(=O)N[C@H](C(=O)N1C[C@H](O)C[C@H]1C(=O)NCc1ccc(-c2scnc2C)cc1)C(C)(C)C,[*:1]CCOCCOC[*:2]
COc1cc2c(Oc3ccc(NC(=O)C4(C(=O)Nc5ccc(F)cc5)CC4)cc3F)ccnc2cc1OCCCOCCOCCC(=O)N[C@H](C(=O)N1C[C@H](O)C[C@H]1C(=O)NCc1ccc(-c2scnc2C)cc1)C(C)(C)C,[*:1]Oc1cc2nccc(Oc3ccc(NC(=O)C4(C(=O)Nc5ccc(F)cc5)CC4)cc3F)c2cc1OC,[*:2]CC(=O)N[C@H](C(=O)N1C[C@H](O)C[C@H]1C(=O)NCc1ccc(-c2scnc2C)cc1)C(C)(C)C,[*:1]CCCOCCOC[*:2]
COc1cc2c(Oc3ccc(NC(=O)C4(C(=O)Nc5ccc(F)cc5)CC4)cc3F)ccnc2cc1OCCCCOCCCCOc1cc(-c2scnc2C)ccc1CNC(=O)[C@@H]1C[C@@H](O)CN1C(=O)[C@H](C(C)C)N1Cc2ccccc2C1=O,[*:1]Oc1cc2nccc(Oc3ccc(NC(=O)C4(C(=O)Nc5ccc(F)cc5)CC4)cc3F)c2cc1OC,[*:2]Oc1cc(-c2scnc2C)ccc1CNC(=O)[C@@H]1C[C@@H](O)CN1C(=O)[C@H](C(C)C)N1Cc2ccccc2C1=O,[*:1]CCCCOCCCC[*:2]
COc1cc2c(Oc3ccc(NC(=O)C4(C(=O)Nc5ccc(F)cc5)CC4)cc3F)ccnc2cc1OCCCOCCOCCCOc1cc(-c2scnc2C)ccc1CNC(=O)[C@@H]1C[C@@H](O)CN1C(=O)[C@H](C(C)C)N1Cc2ccccc2C1=O,[*:1]Oc1cc2nccc(Oc3ccc(NC(=O)C4(C(=O)Nc5ccc(F)cc5)CC4)cc3F)c2cc1OC,[*:2]Oc1cc(-c2scnc2C)ccc1CNC(=O)[C@@H]1C[C@@H](O)CN1C(=O)[C@H](C(C)C)N1Cc2ccccc2C1=O,[*:1]CCCOCCOCCC[*:2]
COc1cc2c(Oc3ccc(NC(=O)C4(C(=O)Nc5ccc(F)cc5)CC4)cc3F)ccnc2cc1OCCCOCCCOCCCOc1cc(-c2scnc2C)ccc1CNC(=O)[C@@H]1C[C@@H](O)CN1C(=O)[C@H](C(C)C)N1Cc2ccccc2C1=O,[*:1]Oc1cc2nccc(Oc3ccc(NC(=O)C4(C(=O)Nc5ccc(F)cc5)CC4)cc3F)c2cc1OC,[*:2]Oc1cc(-c2scnc2C)ccc1CNC(=O)[C@@H]1C[C@@H](O)CN1C(=O)[C@H](C(C)C)N1Cc2ccccc2C1=O,[*:1]CCCOCCCOCCC[*:2]
CC(=O)c1c(C)c2cnc(Nc3ccc(N4CCN(CC(=O)NCCCCNc5cccc6c5C(=O)N(C5CCC(=O)NC5=O)C6=O)CC4)cn3)nc2n(C2CCCC2)c1=O,[*:1]N1CCN(c2ccc(Nc3ncc4c(C)c(C(C)=O)c(=O)n(C5CCCC5)c4n3)nc2)CC1,[*:2]Nc1cccc2c1C(=O)N(C1CCC(=O)NC1=O)C2=O,[*:1]CC(=O)NCCCC[*:2]
CC(=O)c1c(C)c2cnc(Nc3ccc(N4CCN(CC(=O)NCCCCCCCCNc5cccc6c5C(=O)N(C5CCC(=O)NC5=O)C6=O)CC4)cn3)nc2n(C2CCCC2)c1=O,[*:1]N1CCN(c2ccc(Nc3ncc4c(C)c(C(C)=O)c(=O)n(C5CCCC5)c4n3)nc2)CC1,[*:2]Nc1cccc2c1C(=O)N(C1CCC(=O)NC1=O)C2=O,[*:1]CC(=O)NCCCCCCCC[*:2]
CC(=O)c1c(C)c2cnc(Nc3ccc(N4CCN(CCOCCOCCOc5cccc6c5C(=O)N(C5CCC(=O)NC5=O)C6=O)CC4)cn3)nc2n(C2CCCC2)c1=O,[*:1]N1CCN(c2ccc(Nc3ncc4c(C)c(C(C)=O)c(=O)n(C5CCCC5)c4n3)nc2)CC1,[*:2]c1cccc2c1C(=O)N(C1CCC(=O)NC1=O)C2=O,[*:1]CCOCCOCCO[*:2]
Cc1sc2c(c1C)C(c1ccc(Cl)cc1)=N[C@@H](CC(=O)NCCCCCNc1cccc3c1CN(C1CCC(=O)NC1=O)C3=O)c1nnc(C)n1-2,[*:1]NC(=O)C[C@@H]1N=C(c2ccc(Cl)cc2)c2c(sc(C)c2C)-n2c(C)nnc21,[*:2]Nc1cccc2c1CN(C1CCC(=O)NC1=O)C2=O,[*:1]CCCCC[*:2]
COc1cc(/C=C(\C#N)C(=O)NCCC(=O)N[C@H](C(=O)N2C[C@H](O)C[C@H]2C(=O)NCc2ccc(-c3scnc3C)cc2)C(C)(C)C)ccc1OCc1ccc(C(F)(F)F)cc1C(F)(F)F,[*:1]NC(=O)/C(C#N)=C/c1ccc(OCc2ccc(C(F)(F)F)cc2C(F)(F)F)c(OC)c1,[*:2]CC(=O)N[C@H](C(=O)N1C[C@H](O)C[C@H]1C(=O)NCc1ccc(-c2scnc2C)cc1)C(C)(C)C,[*:1]C[*:2]
COc1cc(/C=C(\C#N)C(=O)NCCCC(=O)N[C@H](C(=O)N2C[C@H](O)C[C@H]2C(=O)NCc2ccc(-c3scnc3C)cc2)C(C)(C)C)ccc1OCc1ccc(C(F)(F)F)cc1C(F)(F)F,[*:1]NC(=O)/C(C#N)=C/c1ccc(OCc2ccc(C(F)(F)F)cc2C(F)(F)F)c(OC)c1,[*:2]CC(=O)N[C@H](C(=O)N1C[C@H](O)C[C@H]1C(=O)NCc1ccc(-c2scnc2C)cc1)C(C)(C)C,[*:1]CC[*:2]
COc1cc(/C=C(\C#N)C(=O)NCCCCC(=O)N[C@H](C(=O)N2C[C@H](O)C[C@H]2C(=O)NCc2ccc(-c3scnc3C)cc2)C(C)(C)C)ccc1OCc1ccc(C(F)(F)F)cc1C(F)(F)F,[*:1]NC(=O)/C(C#N)=C/c1ccc(OCc2ccc(C(F)(F)F)cc2C(F)(F)F)c(OC)c1,[*:2]CC(=O)N[C@H](C(=O)N1C[C@H](O)C[C@H]1C(=O)NCc1ccc(-c2scnc2C)cc1)C(C)(C)C,[*:1]CCC[*:2]
COc1cc(/C=C(\C#N)C(=O)NCCCCCC(=O)N[C@H](C(=O)N2C[C@H](O)C[C@H]2C(=O)NCc2ccc(-c3scnc3C)cc2)C(C)(C)C)ccc1OCc1ccc(C(F)(F)F)cc1C(F)(F)F,[*:1]NC(=O)/C(C#N)=C/c1ccc(OCc2ccc(C(F)(F)F)cc2C(F)(F)F)c(OC)c1,[*:2]CC(=O)N[C@H](C(=O)N1C[C@H](O)C[C@H]1C(=O)NCc1ccc(-c2scnc2C)cc1)C(C)(C)C,[*:1]CCCC[*:2]
COc1cc(/C=C(\C#N)C(=O)NCCCCCCC(=O)N[C@H](C(=O)N2C[C@H](O)C[C@H]2C(=O)NCc2ccc(-c3scnc3C)cc2)C(C)(C)C)ccc1OCc1ccc(C(F)(F)F)cc1C(F)(F)F,[*:1]NC(=O)/C(C#N)=C/c1ccc(OCc2ccc(C(F)(F)F)cc2C(F)(F)F)c(OC)c1,[*:2]CC(=O)N[C@H](C(=O)N1C[C@H](O)C[C@H]1C(=O)NCc1ccc(-c2scnc2C)cc1)C(C)(C)C,[*:1]CCCCC[*:2]
COc1cc(/C=C(\C#N)C(=O)NCCCCCCCC(=O)N[C@H](C(=O)N2C[C@H](O)C[C@H]2C(=O)NCc2ccc(-c3scnc3C)cc2)C(C)(C)C)ccc1OCc1ccc(C(F)(F)F)cc1C(F)(F)F,[*:1]NC(=O)/C(C#N)=C/c1ccc(OCc2ccc(C(F)(F)F)cc2C(F)(F)F)c(OC)c1,[*:2]CC(=O)N[C@H](C(=O)N1C[C@H](O)C[C@H]1C(=O)NCc1ccc(-c2scnc2C)cc1)C(C)(C)C,[*:1]CCCCCC[*:2]
COc1cc(/C=C(\C#N)C(=O)NCCOCC(=O)N[C@H](C(=O)N2C[C@H](O)C[C@H]2C(=O)NCc2ccc(-c3scnc3C)cc2)C(C)(C)C)ccc1OCc1ccc(C(F)(F)F)cc1C(F)(F)F,[*:1]NC(=O)/C(C#N)=C/c1ccc(OCc2ccc(C(F)(F)F)cc2C(F)(F)F)c(OC)c1,[*:2]CC(=O)N[C@H](C(=O)N1C[C@H](O)C[C@H]1C(=O)NCc1ccc(-c2scnc2C)cc1)C(C)(C)C,[*:1]CCO[*:2]
COc1cc(/C=C(\C#N)C(=O)NCCOCCC(=O)N[C@H](C(=O)N2C[C@H](O)C[C@H]2C(=O)NCc2ccc(-c3scnc3C)cc2)C(C)(C)C)ccc1OCc1ccc(C(F)(F)F)cc1C(F)(F)F,[*:1]NC(=O)/C(C#N)=C/c1ccc(OCc2ccc(C(F)(F)F)cc2C(F)(F)F)c(OC)c1,[*:2]CC(=O)N[C@H](C(=O)N1C[C@H](O)C[C@H]1C(=O)NCc1ccc(-c2scnc2C)cc1)C(C)(C)C,[*:1]CCOC[*:2]
COc1cc(/C=C(\C#N)C(=O)NCCOCCOCCC(=O)N[C@H](C(=O)N2C[C@H](O)C[C@H]2C(=O)NCc2ccc(-c3scnc3C)cc2)C(C)(C)C)ccc1OCc1ccc(C(F)(F)F)cc1C(F)(F)F,[*:1]NC(=O)/C(C#N)=C/c1ccc(OCc2ccc(C(F)(F)F)cc2C(F)(F)F)c(OC)c1,[*:2]CC(=O)N[C@H](C(=O)N1C[C@H](O)C[C@H]1C(=O)NCc1ccc(-c2scnc2C)cc1)C(C)(C)C,[*:1]CCOCCOC[*:2]
COc1cc(/C=C(\C#N)C(=O)NCCOCCOCCOCCC(=O)N[C@H](C(=O)N2C[C@H](O)C[C@H]2C(=O)NCc2ccc(-c3scnc3C)cc2)C(C)(C)C)ccc1OCc1ccc(C(F)(F)F)cc1C(F)(F)F,[*:1]NC(=O)/C(C#N)=C/c1ccc(OCc2ccc(C(F)(F)F)cc2C(F)(F)F)c(OC)c1,[*:2]CC(=O)N[C@H](C(=O)N1C[C@H](O)C[C@H]1C(=O)NCc1ccc(-c2scnc2C)cc1)C(C)(C)C,[*:1]CCOCCOCCOC[*:2]
Nc1ncnc2c1c(-c1ccc(Oc3ccccc3)cc1)nn2[C@@H]1CCCN(CC(=O)NCCOCCOCC(=O)NCCOCCOCC(=O)NCCOCCOc2cccc3c2C(=O)N(C2CCC(=O)NC2=O)C3=O)C1,[*:1]N1CCC[C@@H](n2nc(-c3ccc(Oc4ccccc4)cc3)c3c(N)ncnc32)C1,[*:2]c1cccc2c1C(=O)N(C1CCC(=O)NC1=O)C2=O,[*:1]CC(=O)NCCOCCOCC(=O)NCCOCCOCC(=O)NCCOCCO[*:2]
Cc1ncsc1-c1ccc(CNC(=O)[C@@H]2C[C@@H](O)CN2C(=O)[C@@H](NC(=O)COCCCCOCCCOc2ccc(NC(=O)C[C@@H]3N=C(c4ccc(Cl)cc4)c4c(sc(C)c4C)-n4c(C)nnc43)cc2)C(C)(C)C)cc1,[*:1]Oc1ccc(NC(=O)C[C@@H]2N=C(c3ccc(Cl)cc3)c3c(sc(C)c3C)-n3c(C)nnc32)cc1,[*:2]CC(=O)N[C@H](C(=O)N1C[C@H](O)C[C@H]1C(=O)NCc1ccc(-c2scnc2C)cc1)C(C)(C)C,[*:1]CCCOCCCCO[*:2]
NC(=O)c1c(-c2ccc(Oc3ccc(F)cc3F)cc2)nn([C@@H]2CCCN(C(=O)COCCNc3cccc4c3C(=O)N(C3CCC(=O)NC3=O)C4=O)C2)c1N,[*:1]CC(=O)N1CCC[C@@H](n2nc(-c3ccc(Oc4ccc(F)cc4F)cc3)c(C(N)=O)c2N)C1,[*:2]Nc1cccc2c1C(=O)N(C1CCC(=O)NC1=O)C2=O,[*:1]OCC[*:2]
NC(=O)c1c(-c2ccc(Oc3ccc(F)cc3F)cc2)nn([C@@H]2CCCN(C(=O)COCCOCCNc3cccc4c3C(=O)N(C3CCC(=O)NC3=O)C4=O)C2)c1N,[*:1]CC(=O)N1CCC[C@@H](n2nc(-c3ccc(Oc4ccc(F)cc4F)cc3)c(C(N)=O)c2N)C1,[*:2]Nc1cccc2c1C(=O)N(C1CCC(=O)NC1=O)C2=O,[*:1]OCCOCC[*:2]
NC(=O)c1c(-c2ccc(Oc3ccc(F)cc3F)cc2)nn([C@@H]2CCCN(C(=O)COCCOCCOCCOCCNc3cccc4c3C(=O)N(C3CCC(=O)NC3=O)C4=O)C2)c1N,[*:1]CC(=O)N1CCC[C@@H](n2nc(-c3ccc(Oc4ccc(F)cc4F)cc3)c(C(N)=O)c2N)C1,[*:2]Nc1cccc2c1C(=O)N(C1CCC(=O)NC1=O)C2=O,[*:1]OCCOCCOCCOCC[*:2]
NC(=O)c1c(-c2ccc(Oc3ccc(F)cc3F)cc2)nn([C@@H]2CCCN(C(=O)COCCOCCOCCOCCOCCNc3cccc4c3C(=O)N(C3CCC(=O)NC3=O)C4=O)C2)c1N,[*:1]CC(=O)N1CCC[C@@H](n2nc(-c3ccc(Oc4ccc(F)cc4F)cc3)c(C(N)=O)c2N)C1,[*:2]Nc1cccc2c1C(=O)N(C1CCC(=O)NC1=O)C2=O,[*:1]OCCOCCOCCOCCOCC[*:2]
NC(=O)c1c(-c2ccc(Oc3ccc(F)cc3F)cc2)nn([C@@H]2CCCN(C(=O)COCCOCCOCCOCCOCCOCCNc3cccc4c3C(=O)N(C3CCC(=O)NC3=O)C4=O)C2)c1N,[*:1]CC(=O)N1CCC[C@@H](n2nc(-c3ccc(Oc4ccc(F)cc4F)cc3)c(C(N)=O)c2N)C1,[*:2]Nc1cccc2c1C(=O)N(C1CCC(=O)NC1=O)C2=O,[*:1]OCCOCCOCCOCCOCCOCC[*:2]
COc1cc(OC)c(/C=C/S(=O)(=O)Cc2ccc(OC)c(NCC(=O)Nc3cccc4c3C(=O)N(C3CCC(=O)NC3=O)C4=O)c2)c(OC)c1,[*:1]CNc1cc(CS(=O)(=O)/C=C/c2c(OC)cc(OC)cc2OC)ccc1OC,[*:2]Nc1cccc2c1C(=O)N(C1CCC(=O)NC1=O)C2=O,[*:1]C([*:2])=O
COc1cc(OC)c(/C=C/S(=O)(=O)Cc2ccc(OC)c(NCC(=O)NCC(=O)Nc3cccc4c3C(=O)N(C3CCC(=O)NC3=O)C4=O)c2)c(OC)c1,[*:1]CNc1cc(CS(=O)(=O)/C=C/c2c(OC)cc(OC)cc2OC)ccc1OC,[*:2]Nc1cccc2c1C(=O)N(C1CCC(=O)NC1=O)C2=O,[*:1]C(=O)NCC([*:2])=O
Nc1ncnc2c1c(-c1ccc(Oc3ccccc3)cc1)nn2[C@@H]1CCCN(C(=O)c2cn(CCOCCOCCNc3cccc4c3C(=O)N(C3CCC(=O)NC3=O)C4=O)nn2)C1,[*:1]N1CCC[C@@H](n2nc(-c3ccc(Oc4ccccc4)cc3)c3c(N)ncnc32)C1,[*:2]Nc1cccc2c1C(=O)N(C1CCC(=O)NC1=O)C2=O,[*:1]C(=O)c1cn(CCOCCOCC[*:2])nn1
Nc1ncnc2c1c(-c1ccc(Oc3ccccc3)cc1)nn2[C@@H]1CCCN(C(=O)c2cn(CCOCCOCCOCCOCCNc3cccc4c3C(=O)N(C3CCC(=O)NC3=O)C4=O)nn2)C1,[*:1]N1CCC[C@@H](n2nc(-c3ccc(Oc4ccccc4)cc3)c3c(N)ncnc32)C1,[*:2]Nc1cccc2c1C(=O)N(C1CCC(=O)NC1=O)C2=O,[*:1]C(=O)c1cn(CCOCCOCCOCCOCC[*:2])nn1
Nc1ncnc2c1c(-c1ccc(Oc3ccccc3)cc1)nn2[C@@H]1CCCN(C(=O)c2cnnn2CCOCCOCCOCCNc2cccc3c2C(=O)N(C2CCC(=O)NC2=O)C3=O)C1,[*:1]N1CCC[C@@H](n2nc(-c3ccc(Oc4ccccc4)cc3)c3c(N)ncnc32)C1,[*:2]Nc1cccc2c1C(=O)N(C1CCC(=O)NC1=O)C2=O,[*:1]C(=O)c1cnnn1CCOCCOCCOCC[*:2]
Nc1ncnc2c1c(-c1ccc(Oc3ccccc3)cc1)nn2[C@@H]1CCCN(C(=O)c2cnnn2CCOCCOCCOCCOCCNc2cccc3c2C(=O)N(C2CCC(=O)NC2=O)C3=O)C1,[*:1]N1CCC[C@@H](n2nc(-c3ccc(Oc4ccccc4)cc3)c3c(N)ncnc32)C1,[*:2]Nc1cccc2c1C(=O)N(C1CCC(=O)NC1=O)C2=O,[*:1]C(=O)c1cnnn1CCOCCOCCOCCOCC[*:2]
COc1ccc(C2=N[C@H](c3ccc(Cl)cc3)[C@H](c3ccc(Cl)cc3)N2C(=O)N2CCN(CC(=O)NCCOCCOCCn3cc(CCCC(=O)N4CCC[C@@H](n5nc(-c6ccc(Oc7ccccc7)cc6)c6c(N)ncnc65)C4)nn3)C(=O)C2)c(OC(C)C)c1,[*:1]N1CCC[C@@H](n2nc(-c3ccc(Oc4ccccc4)cc3)c3c(N)ncnc32)C1,[*:2]N1CCN(C(=O)N2C(c3ccc(OC)cc3OC(C)C)=N[C@H](c3ccc(Cl)cc3)[C@@H]2c2ccc(Cl)cc2)CC1=O,[*:1]C(=O)CCCc1cn(CCOCCOCCNC(=O)C[*:2])nn1
Nc1ncnc2c1c(-c1ccc(Oc3ccccc3)cc1)nn2[C@@H]1CCCN(C(=O)c2cn(CCCCCCCCCCCNc3cccc4c3C(=O)N(C3CCC(=O)NC3=O)C4=O)nn2)C1,[*:1]N1CCC[C@@H](n2nc(-c3ccc(Oc4ccccc4)cc3)c3c(N)ncnc32)C1,[*:2]Nc1cccc2c1C(=O)N(C1CCC(=O)NC1=O)C2=O,[*:1]C(=O)c1cn(CCCCCCCCCCC[*:2])nn1
Nc1ncnc2c1c(-c1ccc(Oc3ccccc3)cc1)nn2[C@@H]1CCCN(C(=O)CCCc2cn(CCCCCNc3cccc4c3C(=O)N(C3CCC(=O)NC3=O)C4=O)nn2)C1,[*:1]N1CCC[C@@H](n2nc(-c3ccc(Oc4ccccc4)cc3)c3c(N)ncnc32)C1,[*:2]Nc1cccc2c1C(=O)N(C1CCC(=O)NC1=O)C2=O,[*:1]C(=O)CCCc1cn(CCCCC[*:2])nn1
Nc1ncnc2c1c(-c1ccc(Oc3ccccc3)cc1)nn2[C@@H]1CCCN(C(=O)c2cn(CCCCCNc3cccc4c3C(=O)N(C3CCC(=O)NC3=O)C4=O)nn2)C1,[*:1]N1CCC[C@@H](n2nc(-c3ccc(Oc4ccccc4)cc3)c3c(N)ncnc32)C1,[*:2]Nc1cccc2c1C(=O)N(C1CCC(=O)NC1=O)C2=O,[*:1]C(=O)c1cn(CCCCC[*:2])nn1
Nc1ncnc2c1c(-c1ccc(Oc3ccccc3)cc1)nn2[C@@H]1CCCN(C(=O)CCCCCCCNc2cccc3c2C(=O)N(C2CCC(=O)NC2=O)C3=O)C1,[*:1]N1CCC[C@@H](n2nc(-c3ccc(Oc4ccccc4)cc3)c3c(N)ncnc32)C1,[*:2]Nc1cccc2c1C(=O)N(C1CCC(=O)NC1=O)C2=O,[*:1]C(=O)CCCCCCC[*:2]
Cc1cc(Nc2ncc(Cl)c(Nc3ccccc3S(=O)(=O)C(C)C)n2)c(OC(C)C)cc1C1CCN(C(=O)CCCCCC(=O)N[C@H](C(=O)N2C[C@H](O)C[C@H]2C(=O)NCc2ccc(-c3scnc3C)cc2)C(C)(C)C)CC1,[*:1]N1CCC(c2cc(OC(C)C)c(Nc3ncc(Cl)c(Nc4ccccc4S(=O)(=O)C(C)C)n3)cc2C)CC1,[*:2]CC(=O)N[C@H](C(=O)N1C[C@H](O)C[C@H]1C(=O)NCc1ccc(-c2scnc2C)cc1)C(C)(C)C,[*:1]C(=O)CCCC[*:2]
Cc1cc(Nc2ncc(Cl)c(Nc3ccccc3S(=O)(=O)C(C)C)n2)c(OC(C)C)cc1C1CCN(CCCCC(=O)N[C@H](C(=O)N2C[C@H](O)C[C@H]2C(=O)NCc2ccc(-c3scnc3C)cc2)C(C)(C)C)CC1,[*:1]N1CCC(c2cc(OC(C)C)c(Nc3ncc(Cl)c(Nc4ccccc4S(=O)(=O)C(C)C)n3)cc2C)CC1,[*:2]CC(=O)N[C@H](C(=O)N1C[C@H](O)C[C@H]1C(=O)NCc1ccc(-c2scnc2C)cc1)C(C)(C)C,[*:1]CCC[*:2]
Cc1cc(Nc2ncc(Cl)c(Nc3ccccc3S(=O)(=O)C(C)C)n2)c(OC(C)C)cc1C1CCN(CCCOCC(=O)N[C@H](C(=O)N2C[C@H](O)C[C@H]2C(=O)NCc2ccc(-c3scnc3C)cc2)C(C)(C)C)CC1,[*:1]N1CCC(c2cc(OC(C)C)c(Nc3ncc(Cl)c(Nc4ccccc4S(=O)(=O)C(C)C)n3)cc2C)CC1,[*:2]CC(=O)N[C@H](C(=O)N1C[C@H](O)C[C@H]1C(=O)NCc1ccc(-c2scnc2C)cc1)C(C)(C)C,[*:1]CCCO[*:2]
Cc1cc(Nc2ncc(Cl)c(Nc3ccccc3S(=O)(=O)C(C)C)n2)c(OC(C)C)cc1C1CCN(CCOCCOCCOCC(=O)N[C@H](C(=O)N2C[C@H](O)C[C@H]2C(=O)NCc2ccc(-c3scnc3C)cc2)C(C)(C)C)CC1,[*:1]N1CCC(c2cc(OC(C)C)c(Nc3ncc(Cl)c(Nc4ccccc4S(=O)(=O)C(C)C)n3)cc2C)CC1,[*:2]CC(=O)N[C@H](C(=O)N1C[C@H](O)C[C@H]1C(=O)NCc1ccc(-c2scnc2C)cc1)C(C)(C)C,[*:1]CCOCCOCCO[*:2]
O=C1CCC(N2C(=O)c3cccc(NC(=O)CCCCCOc4c(O)cc(O)c5c(=O)cc(-c6ccccc6)oc45)c3C2=O)C(=O)N1,[*:1]COc1c(O)cc(O)c2c(=O)cc(-c3ccccc3)oc12,[*:2]Nc1cccc2c1C(=O)N(C1CCC(=O)NC1=O)C2=O,[*:1]CCCCC([*:2])=O
O=C1CCC(N2C(=O)c3cccc(NC(=O)CCCCCCOc4c(O)cc(O)c5c(=O)cc(-c6ccccc6)oc45)c3C2=O)C(=O)N1,[*:1]COc1c(O)cc(O)c2c(=O)cc(-c3ccccc3)oc12,[*:2]Nc1cccc2c1C(=O)N(C1CCC(=O)NC1=O)C2=O,[*:1]CCCCCC([*:2])=O
O=C1CCC(N2C(=O)c3cccc(NC(=O)CCCCCCCOc4c(O)cc(O)c5c(=O)cc(-c6ccccc6)oc45)c3C2=O)C(=O)N1,[*:1]COc1c(O)cc(O)c2c(=O)cc(-c3ccccc3)oc12,[*:2]Nc1cccc2c1C(=O)N(C1CCC(=O)NC1=O)C2=O,[*:1]CCCCCCC([*:2])=O
O=C1CCC(N2C(=O)c3cccc(NC(=O)CCCCCCCCCOc4c(O)cc(O)c5c(=O)cc(-c6ccccc6)oc45)c3C2=O)C(=O)N1,[*:1]COc1c(O)cc(O)c2c(=O)cc(-c3ccccc3)oc12,[*:2]Nc1cccc2c1C(=O)N(C1CCC(=O)NC1=O)C2=O,[*:1]CCCCCCCCC([*:2])=O
O=C1CCC(N2C(=O)c3cccc(NC(=O)CCCCCn4cc(COc5c(O)cc(O)c6c(=O)cc(-c7ccccc7)oc56)nn4)c3C2=O)C(=O)N1,[*:1]COc1c(O)cc(O)c2c(=O)cc(-c3ccccc3)oc12,[*:2]Nc1cccc2c1C(=O)N(C1CCC(=O)NC1=O)C2=O,[*:1]c1cn(CCCCCC([*:2])=O)nn1
O=C1CCC(N2C(=O)c3cccc(NC(=O)CCCCCCn4cc(COc5c(O)cc(O)c6c(=O)cc(-c7ccccc7)oc56)nn4)c3C2=O)C(=O)N1,[*:1]COc1c(O)cc(O)c2c(=O)cc(-c3ccccc3)oc12,[*:2]Nc1cccc2c1C(=O)N(C1CCC(=O)NC1=O)C2=O,[*:1]c1cn(CCCCCCC([*:2])=O)nn1
O=C1CCC(N2C(=O)c3cccc(NC(=O)CCCCCCCn4cc(COc5c(O)cc(O)c6c(=O)cc(-c7ccccc7)oc56)nn4)c3C2=O)C(=O)N1,[*:1]COc1c(O)cc(O)c2c(=O)cc(-c3ccccc3)oc12,[*:2]Nc1cccc2c1C(=O)N(C1CCC(=O)NC1=O)C2=O,[*:1]c1cn(CCCCCCCC([*:2])=O)nn1
O=C1CCC(N2C(=O)c3cccc(NC(=O)CCCCCCCCCn4cc(COc5c(O)cc(O)c6c(=O)cc(-c7ccccc7)oc56)nn4)c3C2=O)C(=O)N1,[*:1]COc1c(O)cc(O)c2c(=O)cc(-c3ccccc3)oc12,[*:2]Nc1cccc2c1C(=O)N(C1CCC(=O)NC1=O)C2=O,[*:1]c1cn(CCCCCCCCCC([*:2])=O)nn1
CC(=O)N[C@@H](C(=O)N1C[C@H](O)C[C@H]1C(=O)NCc1ccc(-c2scnc2C)cc1)C(C)(C)SCCCCCCNC(=O)C[C@@H]1N=C(c2ccc(Cl)cc2)c2c(sc(C)c2C)-n2c(C)nnc21,[*:1]NC(=O)C[C@@H]1N=C(c2ccc(Cl)cc2)c2c(sc(C)c2C)-n2c(C)nnc21,[*:2]C(C)(C)[C@@H](NC(C)=O)C(=O)N1C[C@H](O)C[C@H]1C(=O)NCc1ccc(-c2scnc2C)cc1,[*:1]CCCCCCS[*:2]
CC(=O)N[C@@H](C(=O)N1C[C@H](O)C[C@H]1C(=O)NCc1ccc(-c2scnc2C)cc1)C(C)(C)SCCCCNC(=O)C[C@@H]1N=C(c2ccc(Cl)cc2)c2c(sc(C)c2C)-n2c(C)nnc21,[*:1]NC(=O)C[C@@H]1N=C(c2ccc(Cl)cc2)c2c(sc(C)c2C)-n2c(C)nnc21,[*:2]C(C)(C)[C@@H](NC(C)=O)C(=O)N1C[C@H](O)C[C@H]1C(=O)NCc1ccc(-c2scnc2C)cc1,[*:1]CCCCS[*:2]
CC(=O)N[C@@H](C(=O)N1C[C@H](O)C[C@H]1C(=O)NCc1ccc(-c2scnc2C)cc1)C(C)(C)SCCOCCNC(=O)C[C@@H]1N=C(c2ccc(Cl)cc2)c2c(sc(C)c2C)-n2c(C)nnc21,[*:1]NC(=O)C[C@@H]1N=C(c2ccc(Cl)cc2)c2c(sc(C)c2C)-n2c(C)nnc21,[*:2]C(C)(C)[C@@H](NC(C)=O)C(=O)N1C[C@H](O)C[C@H]1C(=O)NCc1ccc(-c2scnc2C)cc1,[*:1]CCOCCS[*:2]
CC(=O)N[C@@H](C(=O)N1C[C@H](O)C[C@H]1C(=O)NCc1ccc(-c2scnc2C)cc1)C(C)(C)SCCCOCCCNC(=O)C[C@@H]1N=C(c2ccc(Cl)cc2)c2c(sc(C)c2C)-n2c(C)nnc21,[*:1]NC(=O)C[C@@H]1N=C(c2ccc(Cl)cc2)c2c(sc(C)c2C)-n2c(C)nnc21,[*:2]C(C)(C)[C@@H](NC(C)=O)C(=O)N1C[C@H](O)C[C@H]1C(=O)NCc1ccc(-c2scnc2C)cc1,[*:1]CCCOCCCS[*:2]
CC(=O)N[C@@H](C(=O)N1C[C@H](O)C[C@H]1C(=O)NCc1ccc(-c2scnc2C)cc1)C(C)(C)SCCCCOCCNC(=O)C[C@@H]1N=C(c2ccc(Cl)cc2)c2c(sc(C)c2C)-n2c(C)nnc21,[*:1]NC(=O)C[C@@H]1N=C(c2ccc(Cl)cc2)c2c(sc(C)c2C)-n2c(C)nnc21,[*:2]C(C)(C)[C@@H](NC(C)=O)C(=O)N1C[C@H](O)C[C@H]1C(=O)NCc1ccc(-c2scnc2C)cc1,[*:1]CCOCCCCS[*:2]
CC(=O)N[C@@H](C(=O)N1C[C@H](O)C[C@H]1C(=O)NCc1ccc(-c2scnc2C)cc1)C(C)(C)SCCOCCOCCNC(=O)C[C@@H]1N=C(c2ccc(Cl)cc2)c2c(sc(C)c2C)-n2c(C)nnc21,[*:1]NC(=O)C[C@@H]1N=C(c2ccc(Cl)cc2)c2c(sc(C)c2C)-n2c(C)nnc21,[*:2]C(C)(C)[C@@H](NC(C)=O)C(=O)N1C[C@H](O)C[C@H]1C(=O)NCc1ccc(-c2scnc2C)cc1,[*:1]CCOCCOCCS[*:2]
Cc1ncsc1-c1ccc([C@H](C)NC(=O)[C@@H]2C[C@@H](O)CN2C(=O)[C@@H](NC(=O)COCCCOCCNC(=O)C[C@@H]2N=C(c3ccc(Cl)cc3)c3c(sc(C)c3C)-n3c(C)nnc32)C(C)(C)C)cc1,[*:1]NC(=O)C[C@@H]1N=C(c2ccc(Cl)cc2)c2c(sc(C)c2C)-n2c(C)nnc21,[*:2]CC(=O)N[C@H](C(=O)N1C[C@H](O)C[C@H]1C(=O)N[C@@H](C)c1ccc(-c2scnc2C)cc1)C(C)(C)C,[*:1]CCOCCCO[*:2]
CCC(C)(C)C(=O)C(=O)N1CCCC[C@H]1C(=O)O[C@H](CCc1ccc(OC)c(OC)c1)c1cccc(NC(=O)CCC(=O)NCCCCNC(=O)COc2cccc3c2C(=O)N(C2CCC(=O)NC2=O)C3=O)c1,[*:1]Nc1cccc([C@@H](CCc2ccc(OC)c(OC)c2)OC(=O)[C@@H]2CCCCN2C(=O)C(=O)C(C)(C)CC)c1,[*:2]c1cccc2c1C(=O)N(C1CCC(=O)NC1=O)C2=O,[*:1]C(=O)CCC(=O)NCCCCNC(=O)CO[*:2]
CCC(C)(C)C(=O)C(=O)N1CCCC[C@H]1C(=O)O[C@H](CCc1ccc(OC)c(OC)c1)c1cccc(NC(=O)CCC(=O)NCCCOCCOCCOCCCNC(=O)COc2cccc3c2C(=O)N(C2CCC(=O)NC2=O)C3=O)c1,[*:1]Nc1cccc([C@@H](CCc2ccc(OC)c(OC)c2)OC(=O)[C@@H]2CCCCN2C(=O)C(=O)C(C)(C)CC)c1,[*:2]c1cccc2c1C(=O)N(C1CCC(=O)NC1=O)C2=O,[*:1]C(=O)CCC(=O)NCCCOCCOCCOCCCNC(=O)CO[*:2]
COc1cc(/C=C2\SC(=O)N(CCOCCC(=O)N[C@H](C(=O)N3C[C@H](O)C[C@H]3C(=O)NCc3ccc(-c4scnc4C)cc3)C(C)(C)C)C2=O)ccc1Oc1ccc(C#N)cc1C(F)(F)F,[*:1]CN1C(=O)S/C(=C\c2ccc(Oc3ccc(C#N)cc3C(F)(F)F)c(OC)c2)C1=O,[*:2]CC(=O)N[C@H](C(=O)N1C[C@H](O)C[C@H]1C(=O)NCc1ccc(-c2scnc2C)cc1)C(C)(C)C,[*:1]COC[*:2]
Cc1ncsc1-c1ccc(CNC(=O)[C@@H]2C[C@@H](O)CN2C(=O)[C@@H](NC(=O)[C@H](Cc2ccccc2)NC(=O)COCCOCCOCCNC(=O)C[C@@H]2N=C(c3ccc(Cl)cc3)c3c(sc(C)c3C)-n3c(C)nnc32)C(C)(C)C)cc1,[*:1]NC(=O)C[C@@H]1N=C(c2ccc(Cl)cc2)c2c(sc(C)c2C)-n2c(C)nnc21,[*:2]CC(=O)N[C@@H](Cc1ccccc1)C(=O)N[C@H](C(=O)N1C[C@H](O)C[C@H]1C(=O)NCc1ccc(-c2scnc2C)cc1)C(C)(C)C,[*:1]CCOCCOCCO[*:2]
COc1ccc(C2=N[C@H](c3ccc(Cl)cc3)[C@H](c3ccc(Cl)cc3)N2C(=O)N2CCN(CC(=O)NCCOCCOCCOCC(=O)Nc3ccc(OC[C@](C)(O)C(=O)Nc4ccc([N+](=O)[O-])c(C(F)(F)F)c4)cc3)C(=O)C2)c(OC(C)C)c1,[*:1]CC(=O)Nc1ccc(OC[C@](C)(O)C(=O)Nc2ccc([N+](=O)[O-])c(C(F)(F)F)c2)cc1,[*:2]N1CCN(C(=O)N2C(c3ccc(OC)cc3OC(C)C)=N[C@H](c3ccc(Cl)cc3)[C@@H]2c2ccc(Cl)cc2)CC1=O,[*:1]OCCOCCOCCNC(=O)C[*:2]
Cc1sc2c(c1C)C(c1ccc(Cl)cc1)=N[C@@H](CC(=O)NCCCCCCCCNC(=O)COc1cccc3c1C(=O)N(C1CCC(=O)NC1=O)C3=O)c1nnc(C)n1-2,[*:1]NC(=O)C[C@@H]1N=C(c2ccc(Cl)cc2)c2c(sc(C)c2C)-n2c(C)nnc21,[*:2]c1cccc2c1C(=O)N(C1CCC(=O)NC1=O)C2=O,[*:1]CCCCCCCCNC(=O)CO[*:2]
Cc1sc2c(c1C)C(c1ccc(Cl)cc1)=N[C@@H](CC(=O)NCCOCCOCCOCCOCCOCCOCCOCCOCCOCCNC(=O)COc1cccc3c1C(=O)N(C1CCC(=O)NC1=O)C3=O)c1nnc(C)n1-2,[*:1]NC(=O)C[C@@H]1N=C(c2ccc(Cl)cc2)c2c(sc(C)c2C)-n2c(C)nnc21,[*:2]c1cccc2c1C(=O)N(C1CCC(=O)NC1=O)C2=O,[*:1]CCOCCOCCOCCOCCOCCOCCOCCOCCOCCNC(=O)CO[*:2]
Cc1sc2c(c1C)C(c1ccc(Cl)cc1)=N[C@@H](CC(=O)NCCNc1cccc3c1C(=O)N(C1CCC(=O)NC1=O)C3=O)c1nnc(C)n1-2,[*:1]NC(=O)C[C@@H]1N=C(c2ccc(Cl)cc2)c2c(sc(C)c2C)-n2c(C)nnc21,[*:2]Nc1cccc2c1C(=O)N(C1CCC(=O)NC1=O)C2=O,[*:1]CC[*:2]
Cc1sc2c(c1C)C(c1ccc(Cl)cc1)=N[C@@H](CC(=O)NCCOc1cccc3c1C(=O)N(C1CCC(=O)NC1=O)C3=O)c1nnc(C)n1-2,[*:1]NC(=O)C[C@@H]1N=C(c2ccc(Cl)cc2)c2c(sc(C)c2C)-n2c(C)nnc21,[*:2]c1cccc2c1C(=O)N(C1CCC(=O)NC1=O)C2=O,[*:1]CCO[*:2]
CC(=O)N[C@H](C(=O)N1C[C@H](O)C[C@H]1C(=O)N[C@@H](CC(=O)N1CCC(N2CCC(C#Cc3ccc(C(=O)N[C@H]4C(C)(C)[C@H](Oc5ccc(C#N)c(Cl)c5)C4(C)C)cc3)CC2)CC1)c1ccccc1)C(C)C,[*:1]#Cc1ccc(C(=O)N[C@H]2C(C)(C)[C@H](Oc3ccc(C#N)c(Cl)c3)C2(C)C)cc1,[*:2]C(=O)C[C@H](NC(=O)[C@@H]1C[C@@H](O)CN1C(=O)[C@@H](NC(C)=O)C(C)C)c1ccccc1,[*:1]#CC1CCN(C2CCN([*:2])CC2)CC1
Cc1cc([C@H](C(=O)N2C[C@H](O)C[C@H]2C(=O)N[C@@H](CC(=O)N2CCC(C#Cc3ccc(C(=O)N[C@H]4C(C)(C)[C@H](Oc5ccc(C#N)c(Cl)c5)C4(C)C)cc3)CC2)c2ccc(-c3scnc3C)cc2)C(C)C)on1,[*:1]#Cc1ccc(C(=O)N[C@H]2C(C)(C)[C@H](Oc3ccc(C#N)c(Cl)c3)C2(C)C)cc1,[*:2][C@H](NC(=O)[C@@H]1C[C@@H](O)CN1C(=O)[C@@H](c1cc(C)no1)C(C)C)c1ccc(-c2scnc2C)cc1,[*:1]#CC1CCN(C(=O)C[*:2])CC1
CC(=O)N[C@H](C(=O)N1C[C@H](O)C[C@H]1C(=O)N[C@@H](CC(=O)N1CCC(C#Cc2ccc(C(=O)N[C@H]3C(C)(C)[C@H](Oc4ccc(C#N)c(Cl)c4)C3(C)C)cc2)CC1)c1ccccc1)C(C)C,[*:1]#Cc1ccc(C(=O)N[C@H]2C(C)(C)[C@H](Oc3ccc(C#N)c(Cl)c3)C2(C)C)cc1,[*:2]C(=O)C[C@H](NC(=O)[C@@H]1C[C@@H](O)CN1C(=O)[C@@H](NC(C)=O)C(C)C)c1ccccc1,[*:1]#CC1CCN([*:2])CC1
CC(=O)c1c(C)c2cnc(Nc3ccc(N4CCN(CC(=O)NCCCNc5cccc6c5C(=O)N(C5CCC(=O)NC5=O)C6=O)CC4)cn3)nc2n(C2CCCC2)c1=O,[*:1]N1CCN(c2ccc(Nc3ncc4c(C)c(C(C)=O)c(=O)n(C5CCCC5)c4n3)nc2)CC1,[*:2]Nc1cccc2c1C(=O)N(C1CCC(=O)NC1=O)C2=O,[*:1]CC(=O)NCCC[*:2]
CC(=O)c1c(C)c2cnc(Nc3ccc(N4CCN(CC(=O)NCCCCCNc5cccc6c5C(=O)N(C5CCC(=O)NC5=O)C6=O)CC4)cn3)nc2n(C2CCCC2)c1=O,[*:1]N1CCN(c2ccc(Nc3ncc4c(C)c(C(C)=O)c(=O)n(C5CCCC5)c4n3)nc2)CC1,[*:2]Nc1cccc2c1C(=O)N(C1CCC(=O)NC1=O)C2=O,[*:1]CC(=O)NCCCCC[*:2]
CC(=O)c1c(C)c2cnc(Nc3ccc(N4CCN(C(=O)c5cn(CCOCCNc6cccc7c6C(=O)N(C6CCC(=O)NC6=O)C7=O)nn5)CC4)cn3)nc2n(C2CCCC2)c1=O,[*:1]N1CCN(c2ccc(Nc3ncc4c(C)c(C(C)=O)c(=O)n(C5CCCC5)c4n3)nc2)CC1,[*:2]Nc1cccc2c1C(=O)N(C1CCC(=O)NC1=O)C2=O,[*:1]C(=O)c1cn(CCOCC[*:2])nn1
CC(=O)c1c(C)c2cnc(Nc3ccc(N4CCN(C(=O)Cc5cn(CCOCCNc6cccc7c6C(=O)N(C6CCC(=O)NC6=O)C7=O)nn5)CC4)cn3)nc2n(C2CCCC2)c1=O,[*:1]N1CCN(c2ccc(Nc3ncc4c(C)c(C(C)=O)c(=O)n(C5CCCC5)c4n3)nc2)CC1,[*:2]Nc1cccc2c1C(=O)N(C1CCC(=O)NC1=O)C2=O,[*:1]C(=O)Cc1cn(CCOCC[*:2])nn1
CC(=O)c1c(C)c2cnc(Nc3ccc(N4CCN(C(=O)CCc5cn(CCCNc6cccc7c6C(=O)N(C6CCC(=O)NC6=O)C7=O)nn5)CC4)cn3)nc2n(C2CCCC2)c1=O,[*:1]N1CCN(c2ccc(Nc3ncc4c(C)c(C(C)=O)c(=O)n(C5CCCC5)c4n3)nc2)CC1,[*:2]Nc1cccc2c1C(=O)N(C1CCC(=O)NC1=O)C2=O,[*:1]C(=O)CCc1cn(CCC[*:2])nn1
CC(=O)c1c(C)c2cnc(Nc3ccc(N4CCN(C(=O)CCCc5cn(CCNc6cccc7c6C(=O)N(C6CCC(=O)NC6=O)C7=O)nn5)CC4)cn3)nc2n(C2CCCC2)c1=O,[*:1]N1CCN(c2ccc(Nc3ncc4c(C)c(C(C)=O)c(=O)n(C5CCCC5)c4n3)nc2)CC1,[*:2]Nc1cccc2c1C(=O)N(C1CCC(=O)NC1=O)C2=O,[*:1]C(=O)CCCc1cn(CC[*:2])nn1
Cc1ncsc1-c1ccc(CNC(=O)[C@@H]2C[C@@H](O)CN2C(=O)[C@@H](NC(=O)CCOCCOCCOCCOCCOCCC(=O)N2CCC[C@@H](n3nc(-c4ccc(Oc5ccc(F)cc5F)cc4)c(C(N)=O)c3N)C2)C(C)(C)C)cc1,[*:1]CC(=O)N1CCC[C@@H](n2nc(-c3ccc(Oc4ccc(F)cc4F)cc3)c(C(N)=O)c2N)C1,[*:2]CC(=O)N[C@H](C(=O)N1C[C@H](O)C[C@H]1C(=O)NCc1ccc(-c2scnc2C)cc1)C(C)(C)C,[*:1]COCCOCCOCCOCCOC[*:2]
Cc1ncsc1-c1ccc(CNC(=O)[C@@H]2C[C@@H](O)CN2C(=O)[C@@H](NC(=O)CCOCCOCCOCCOCCOCCOCCC(=O)N2CCC[C@@H](n3nc(-c4ccc(Oc5ccc(F)cc5F)cc4)c(C(N)=O)c3N)C2)C(C)(C)C)cc1,[*:1]CC(=O)N1CCC[C@@H](n2nc(-c3ccc(Oc4ccc(F)cc4F)cc3)c(C(N)=O)c2N)C1,[*:2]CC(=O)N[C@H](C(=O)N1C[C@H](O)C[C@H]1C(=O)NCc1ccc(-c2scnc2C)cc1)C(C)(C)C,[*:1]COCCOCCOCCOCCOCCOC[*:2]
CC(=O)c1c(C)c2cnc(Nc3ccc(N4CCN(Cc5cn(CCOCCNC(=O)CCC(=O)N[C@H](C(=O)N6C[C@H](O)C[C@H]6C(=O)NCc6ccc(-c7scnc7C)cc6)C(C)(C)C)nn5)CC4)cn3)nc2n(C2CCCC2)c1=O,[*:1]N1CCN(c2ccc(Nc3ncc4c(C)c(C(C)=O)c(=O)n(C5CCCC5)c4n3)nc2)CC1,[*:2]CC(=O)N[C@H](C(=O)N1C[C@H](O)C[C@H]1C(=O)NCc1ccc(-c2scnc2C)cc1)C(C)(C)C,[*:1]Cc1cn(CCOCCNC(=O)C[*:2])nn1
CC(=O)c1c(C)c2cnc(Nc3ccc(N4CCN(Cc5cn(CCOCCOCCNC(=O)CCC(=O)N[C@H](C(=O)N6C[C@H](O)C[C@H]6C(=O)NCc6ccc(-c7scnc7C)cc6)C(C)(C)C)nn5)CC4)cn3)nc2n(C2CCCC2)c1=O,[*:1]N1CCN(c2ccc(Nc3ncc4c(C)c(C(C)=O)c(=O)n(C5CCCC5)c4n3)nc2)CC1,[*:2]CC(=O)N[C@H](C(=O)N1C[C@H](O)C[C@H]1C(=O)NCc1ccc(-c2scnc2C)cc1)C(C)(C)C,[*:1]Cc1cn(CCOCCOCCNC(=O)C[*:2])nn1
CC(=O)c1c(C)c2cnc(Nc3ccc(N4CCN(Cc5cn(CCOCCOCCOCCNC(=O)CCC(=O)N[C@H](C(=O)N6C[C@H](O)C[C@H]6C(=O)NCc6ccc(-c7scnc7C)cc6)C(C)(C)C)nn5)CC4)cn3)nc2n(C2CCCC2)c1=O,[*:1]N1CCN(c2ccc(Nc3ncc4c(C)c(C(C)=O)c(=O)n(C5CCCC5)c4n3)nc2)CC1,[*:2]CC(=O)N[C@H](C(=O)N1C[C@H](O)C[C@H]1C(=O)NCc1ccc(-c2scnc2C)cc1)C(C)(C)C,[*:1]Cc1cn(CCOCCOCCOCCNC(=O)C[*:2])nn1
CC(=O)c1c(C)c2cnc(Nc3ccc(N4CCN(Cc5cn(CCOCCOCCOCCOCCNC(=O)CCC(=O)N[C@H](C(=O)N6C[C@H](O)C[C@H]6C(=O)NCc6ccc(-c7scnc7C)cc6)C(C)(C)C)nn5)CC4)cn3)nc2n(C2CCCC2)c1=O,[*:1]N1CCN(c2ccc(Nc3ncc4c(C)c(C(C)=O)c(=O)n(C5CCCC5)c4n3)nc2)CC1,[*:2]CC(=O)N[C@H](C(=O)N1C[C@H](O)C[C@H]1C(=O)NCc1ccc(-c2scnc2C)cc1)C(C)(C)C,[*:1]Cc1cn(CCOCCOCCOCCOCCNC(=O)C[*:2])nn1
CC(=O)c1c(C)c2cnc(Nc3ccc(N4CCN(Cc5cn(CCOCCNC(=O)[C@H](CC(C)C)NC(=O)[C@@H](O)[C@H](N)Cc6ccccc6)nn5)CC4)cn3)nc2n(C2CCCC2)c1=O,[*:1]N1CCN(c2ccc(Nc3ncc4c(C)c(C(C)=O)c(=O)n(C5CCCC5)c4n3)nc2)CC1,[*:2]CNC(=O)[C@H](CC(C)C)NC(=O)[C@@H](O)[C@H](N)Cc1ccccc1,[*:1]Cc1cn(CCOC[*:2])nn1
CC(=O)c1c(C)c2cnc(Nc3ccc(N4CCN(Cc5cn(CCOCCOCCNC(=O)[C@H](CC(C)C)NC(=O)[C@@H](O)[C@H](N)Cc6ccccc6)nn5)CC4)cn3)nc2n(C2CCCC2)c1=O,[*:1]N1CCN(c2ccc(Nc3ncc4c(C)c(C(C)=O)c(=O)n(C5CCCC5)c4n3)nc2)CC1,[*:2]CNC(=O)[C@H](CC(C)C)NC(=O)[C@@H](O)[C@H](N)Cc1ccccc1,[*:1]Cc1cn(CCOCCOC[*:2])nn1
CC(=O)c1c(C)c2cnc(Nc3ccc(N4CCN(Cc5cn(CCOCCOCCOCCNC(=O)[C@H](CC(C)C)NC(=O)[C@@H](O)[C@H](N)Cc6ccccc6)nn5)CC4)cn3)nc2n(C2CCCC2)c1=O,[*:1]N1CCN(c2ccc(Nc3ncc4c(C)c(C(C)=O)c(=O)n(C5CCCC5)c4n3)nc2)CC1,[*:2]CNC(=O)[C@H](CC(C)C)NC(=O)[C@@H](O)[C@H](N)Cc1ccccc1,[*:1]Cc1cn(CCOCCOCCOC[*:2])nn1
CC(=O)c1c(C)c2cnc(Nc3ccc(N4CCN(Cc5cn(CCOCCOCCOCCOCCNC(=O)[C@H](CC(C)C)NC(=O)[C@@H](O)[C@H](N)Cc6ccccc6)nn5)CC4)cn3)nc2n(C2CCCC2)c1=O,[*:1]N1CCN(c2ccc(Nc3ncc4c(C)c(C(C)=O)c(=O)n(C5CCCC5)c4n3)nc2)CC1,[*:2]CNC(=O)[C@H](CC(C)C)NC(=O)[C@@H](O)[C@H](N)Cc1ccccc1,[*:1]Cc1cn(CCOCCOCCOCCOC[*:2])nn1
Cc1ncsc1-c1ccc([C@H](C)NC(=O)[C@@H]2C[C@@H](O)CN2C(=O)[C@@H](NC(=O)COCCOCCOCCNC(=O)CCc2ccc(S(=O)(=O)Nc3cc(C)c(=O)n(C)c3Nc3ccc(I)cc3F)cc2)C(C)(C)C)cc1,[*:1]c1ccc(S(=O)(=O)Nc2cc(C)c(=O)n(C)c2Nc2ccc(I)cc2F)cc1,[*:2]CC(=O)N[C@H](C(=O)N1C[C@H](O)C[C@H]1C(=O)N[C@@H](C)c1ccc(-c2scnc2C)cc1)C(C)(C)C,[*:1]CCC(=O)NCCOCCOCCO[*:2]
Cc1ncsc1-c1ccc([C@H](C)NC(=O)[C@@H]2C[C@@H](O)CN2C(=O)[C@@H](NC(=O)COCCOCCOCCOCCNC(=O)CCc2ccc(S(=O)(=O)Nc3cc(C)c(=O)n(C)c3Nc3ccc(I)cc3F)cc2)C(C)(C)C)cc1,[*:1]c1ccc(S(=O)(=O)Nc2cc(C)c(=O)n(C)c2Nc2ccc(I)cc2F)cc1,[*:2]CC(=O)N[C@H](C(=O)N1C[C@H](O)C[C@H]1C(=O)N[C@@H](C)c1ccc(-c2scnc2C)cc1)C(C)(C)C,[*:1]CCC(=O)NCCOCCOCCOCCO[*:2]
Cc1ncsc1-c1ccc([C@H](C)NC(=O)[C@@H]2C[C@@H](O)CN2C(=O)[C@@H](NC(=O)COCCOCCOCCNC(=O)COc2ccc(S(=O)(=O)Nc3cc(C)c(=O)n(C)c3Nc3ccc(I)cc3F)cc2)C(C)(C)C)cc1,[*:1]c1ccc(S(=O)(=O)Nc2cc(C)c(=O)n(C)c2Nc2ccc(I)cc2F)cc1,[*:2]CC(=O)N[C@H](C(=O)N1C[C@H](O)C[C@H]1C(=O)N[C@@H](C)c1ccc(-c2scnc2C)cc1)C(C)(C)C,[*:1]OCC(=O)NCCOCCOCCO[*:2]
Cc1ncsc1-c1ccc([C@H](C)NC(=O)[C@@H]2C[C@@H](O)CN2C(=O)[C@@H](NC(=O)COCCOCCOCCOCCNC(=O)COc2ccc(S(=O)(=O)Nc3cc(C)c(=O)n(C)c3Nc3ccc(I)cc3F)cc2)C(C)(C)C)cc1,[*:1]c1ccc(S(=O)(=O)Nc2cc(C)c(=O)n(C)c2Nc2ccc(I)cc2F)cc1,[*:2]CC(=O)N[C@H](C(=O)N1C[C@H](O)C[C@H]1C(=O)N[C@@H](C)c1ccc(-c2scnc2C)cc1)C(C)(C)C,[*:1]OCC(=O)NCCOCCOCCOCCO[*:2]
Cc1ncsc1-c1ccc([C@H](C)NC(=O)[C@@H]2C[C@@H](O)CN2C(=O)[C@@H](NC(=O)COCCOCCOCCNC(=O)c2ccc(S(=O)(=O)Nc3cc(C)c(=O)n(C)c3Nc3ccc(I)cc3F)cc2)C(C)(C)C)cc1,[*:1]c1ccc(S(=O)(=O)Nc2cc(C)c(=O)n(C)c2Nc2ccc(I)cc2F)cc1,[*:2]CC(=O)N[C@H](C(=O)N1C[C@H](O)C[C@H]1C(=O)N[C@@H](C)c1ccc(-c2scnc2C)cc1)C(C)(C)C,[*:1]C(=O)NCCOCCOCCO[*:2]
Cc1ncsc1-c1ccc([C@H](C)NC(=O)[C@@H]2C[C@@H](O)CN2C(=O)[C@@H](NC(=O)COCCOCCOCCOCCNC(=O)c2ccc(S(=O)(=O)Nc3cc(C)c(=O)n(C)c3Nc3ccc(I)cc3F)cc2)C(C)(C)C)cc1,[*:1]c1ccc(S(=O)(=O)Nc2cc(C)c(=O)n(C)c2Nc2ccc(I)cc2F)cc1,[*:2]CC(=O)N[C@H](C(=O)N1C[C@H](O)C[C@H]1C(=O)N[C@@H](C)c1ccc(-c2scnc2C)cc1)C(C)(C)C,[*:1]C(=O)NCCOCCOCCOCCO[*:2]
Cc1ncsc1-c1ccc([C@H](C)NC(=O)[C@@H]2C[C@@H](O)CN2C(=O)[C@@H](NC(=O)COCCOCCOCCNCc2ccc(S(=O)(=O)Nc3cc(C)c(=O)n(C)c3Nc3ccc(I)cc3F)cc2)C(C)(C)C)cc1,[*:1]c1ccc(S(=O)(=O)Nc2cc(C)c(=O)n(C)c2Nc2ccc(I)cc2F)cc1,[*:2]CC(=O)N[C@H](C(=O)N1C[C@H](O)C[C@H]1C(=O)N[C@@H](C)c1ccc(-c2scnc2C)cc1)C(C)(C)C,[*:1]CNCCOCCOCCO[*:2]
Cc1ncsc1-c1ccc([C@H](C)NC(=O)[C@@H]2C[C@@H](O)CN2C(=O)[C@@H](NC(=O)COCCOCCOCCOCCNCc2ccc(S(=O)(=O)Nc3cc(C)c(=O)n(C)c3Nc3ccc(I)cc3F)cc2)C(C)(C)C)cc1,[*:1]c1ccc(S(=O)(=O)Nc2cc(C)c(=O)n(C)c2Nc2ccc(I)cc2F)cc1,[*:2]CC(=O)N[C@H](C(=O)N1C[C@H](O)C[C@H]1C(=O)N[C@@H](C)c1ccc(-c2scnc2C)cc1)C(C)(C)C,[*:1]CNCCOCCOCCOCCO[*:2]
Cc1ncsc1-c1ccc([C@H](C)NC(=O)[C@@H]2C[C@@H](O)CN2C(=O)[C@@H](NC(=O)COCCOCCOCCNC(=O)Cc2ccc(S(=O)(=O)Nc3cc(C)c(=O)n(C)c3Nc3ccc(I)cc3F)cc2)C(C)(C)C)cc1,[*:1]c1ccc(S(=O)(=O)Nc2cc(C)c(=O)n(C)c2Nc2ccc(I)cc2F)cc1,[*:2]CC(=O)N[C@H](C(=O)N1C[C@H](O)C[C@H]1C(=O)N[C@@H](C)c1ccc(-c2scnc2C)cc1)C(C)(C)C,[*:1]CC(=O)NCCOCCOCCO[*:2]
Cc1ncsc1-c1ccc([C@H](C)NC(=O)[C@@H]2C[C@@H](O)CN2C(=O)[C@@H](NC(=O)COCCOCCOCCOCCNC(=O)Cc2ccc(S(=O)(=O)Nc3cc(C)c(=O)n(C)c3Nc3ccc(I)cc3F)cc2)C(C)(C)C)cc1,[*:1]c1ccc(S(=O)(=O)Nc2cc(C)c(=O)n(C)c2Nc2ccc(I)cc2F)cc1,[*:2]CC(=O)N[C@H](C(=O)N1C[C@H](O)C[C@H]1C(=O)N[C@@H](C)c1ccc(-c2scnc2C)cc1)C(C)(C)C,[*:1]CC(=O)NCCOCCOCCOCCO[*:2]
Cc1cc(NS(=O)(=O)c2ccc(C(=O)NCCOCCOCCOCC(=O)Nc3cccc4c3CN(C3CCC(=O)NC3=O)C4=O)cc2)c(Nc2ccc(I)cc2F)n(C)c1=O,[*:1]c1ccc(S(=O)(=O)Nc2cc(C)c(=O)n(C)c2Nc2ccc(I)cc2F)cc1,[*:2]Nc1cccc2c1CN(C1CCC(=O)NC1=O)C2=O,[*:1]C(=O)NCCOCCOCCOCC([*:2])=O
Cc1cc(NS(=O)(=O)c2ccc(C(=O)NCCOCCOCCOCCOCC(=O)Nc3cccc4c3CN(C3CCC(=O)NC3=O)C4=O)cc2)c(Nc2ccc(I)cc2F)n(C)c1=O,[*:1]c1ccc(S(=O)(=O)Nc2cc(C)c(=O)n(C)c2Nc2ccc(I)cc2F)cc1,[*:2]Nc1cccc2c1CN(C1CCC(=O)NC1=O)C2=O,[*:1]C(=O)NCCOCCOCCOCCOCC([*:2])=O
Cc1cc(NS(=O)(=O)c2ccc(CNCCOCCOCCOCC(=O)Nc3cccc4c3CN(C3CCC(=O)NC3=O)C4=O)cc2)c(Nc2ccc(I)cc2F)n(C)c1=O,[*:1]c1ccc(S(=O)(=O)Nc2cc(C)c(=O)n(C)c2Nc2ccc(I)cc2F)cc1,[*:2]Nc1cccc2c1CN(C1CCC(=O)NC1=O)C2=O,[*:1]CNCCOCCOCCOCC([*:2])=O
Cc1cc(NS(=O)(=O)c2ccc(CNCCOCCOCCOCCOCC(=O)Nc3cccc4c3CN(C3CCC(=O)NC3=O)C4=O)cc2)c(Nc2ccc(I)cc2F)n(C)c1=O,[*:1]c1ccc(S(=O)(=O)Nc2cc(C)c(=O)n(C)c2Nc2ccc(I)cc2F)cc1,[*:2]Nc1cccc2c1CN(C1CCC(=O)NC1=O)C2=O,[*:1]CNCCOCCOCCOCCOCC([*:2])=O
Cc1cc(NS(=O)(=O)c2ccc(CC(=O)NCCOCCOCCOCC(=O)Nc3cccc4c3CN(C3CCC(=O)NC3=O)C4=O)cc2)c(Nc2ccc(I)cc2F)n(C)c1=O,[*:1]c1ccc(S(=O)(=O)Nc2cc(C)c(=O)n(C)c2Nc2ccc(I)cc2F)cc1,[*:2]Nc1cccc2c1CN(C1CCC(=O)NC1=O)C2=O,[*:1]CC(=O)NCCOCCOCCOCC([*:2])=O
Cc1cc(NS(=O)(=O)c2ccc(CC(=O)NCCOCCOCCOCCOCC(=O)Nc3cccc4c3CN(C3CCC(=O)NC3=O)C4=O)cc2)c(Nc2ccc(I)cc2F)n(C)c1=O,[*:1]c1ccc(S(=O)(=O)Nc2cc(C)c(=O)n(C)c2Nc2ccc(I)cc2F)cc1,[*:2]Nc1cccc2c1CN(C1CCC(=O)NC1=O)C2=O,[*:1]CC(=O)NCCOCCOCCOCCOCC([*:2])=O
Cc1cc(NS(=O)(=O)c2ccc(CCC(=O)NCCOCCOCCOCC(=O)Nc3cccc4c3CN(C3CCC(=O)NC3=O)C4=O)cc2)c(Nc2ccc(I)cc2F)n(C)c1=O,[*:1]c1ccc(S(=O)(=O)Nc2cc(C)c(=O)n(C)c2Nc2ccc(I)cc2F)cc1,[*:2]Nc1cccc2c1CN(C1CCC(=O)NC1=O)C2=O,[*:1]CCC(=O)NCCOCCOCCOCC([*:2])=O
Cc1cc(NS(=O)(=O)c2ccc(CCC(=O)NCCOCCOCCOCCOCC(=O)Nc3cccc4c3CN(C3CCC(=O)NC3=O)C4=O)cc2)c(Nc2ccc(I)cc2F)n(C)c1=O,[*:1]c1ccc(S(=O)(=O)Nc2cc(C)c(=O)n(C)c2Nc2ccc(I)cc2F)cc1,[*:2]Nc1cccc2c1CN(C1CCC(=O)NC1=O)C2=O,[*:1]CCC(=O)NCCOCCOCCOCCOCC([*:2])=O
Cc1cc(NS(=O)(=O)c2ccc(OCC(=O)NCCOCCOCCOCC(=O)Nc3cccc4c3CN(C3CCC(=O)NC3=O)C4=O)cc2)c(Nc2ccc(I)cc2F)n(C)c1=O,[*:1]c1ccc(S(=O)(=O)Nc2cc(C)c(=O)n(C)c2Nc2ccc(I)cc2F)cc1,[*:2]Nc1cccc2c1CN(C1CCC(=O)NC1=O)C2=O,[*:1]OCC(=O)NCCOCCOCCOCC([*:2])=O
Cc1cc(NS(=O)(=O)c2ccc(OCC(=O)NCCOCCOCCOCCOCC(=O)Nc3cccc4c3CN(C3CCC(=O)NC3=O)C4=O)cc2)c(Nc2ccc(I)cc2F)n(C)c1=O,[*:1]c1ccc(S(=O)(=O)Nc2cc(C)c(=O)n(C)c2Nc2ccc(I)cc2F)cc1,[*:2]Nc1cccc2c1CN(C1CCC(=O)NC1=O)C2=O,[*:1]OCC(=O)NCCOCCOCCOCCOCC([*:2])=O
Cc1cc(NS(=O)(=O)c2ccc(C(=O)NCCOCCOCCOCCOc3cccc4c3C(=O)N(C3CCC(=O)NC3=O)C4=O)cc2)c(Nc2ccc(I)cc2F)n(C)c1=O,[*:1]c1ccc(S(=O)(=O)Nc2cc(C)c(=O)n(C)c2Nc2ccc(I)cc2F)cc1,[*:2]c1cccc2c1C(=O)N(C1CCC(=O)NC1=O)C2=O,[*:1]C(=O)NCCOCCOCCOCCO[*:2]
Cc1cc(NS(=O)(=O)c2ccc(C(=O)NCCOCCOCCOCCOCCOCCOc3cccc4c3C(=O)N(C3CCC(=O)NC3=O)C4=O)cc2)c(Nc2ccc(I)cc2F)n(C)c1=O,[*:1]c1ccc(S(=O)(=O)Nc2cc(C)c(=O)n(C)c2Nc2ccc(I)cc2F)cc1,[*:2]c1cccc2c1C(=O)N(C1CCC(=O)NC1=O)C2=O,[*:1]C(=O)NCCOCCOCCOCCOCCOCCO[*:2]
Cc1cc(NS(=O)(=O)c2ccc(CNCCOCCOCCOCCOCCOCCOc3cccc4c3C(=O)N(C3CCC(=O)NC3=O)C4=O)cc2)c(Nc2ccc(I)cc2F)n(C)c1=O,[*:1]c1ccc(S(=O)(=O)Nc2cc(C)c(=O)n(C)c2Nc2ccc(I)cc2F)cc1,[*:2]c1cccc2c1C(=O)N(C1CCC(=O)NC1=O)C2=O,[*:1]CNCCOCCOCCOCCOCCOCCO[*:2]
Cc1cc(NS(=O)(=O)c2ccc(CNCCOCCOCCOCCOc3cccc4c3C(=O)N(C3CCC(=O)NC3=O)C4=O)cc2)c(Nc2ccc(I)cc2F)n(C)c1=O,[*:1]c1ccc(S(=O)(=O)Nc2cc(C)c(=O)n(C)c2Nc2ccc(I)cc2F)cc1,[*:2]c1cccc2c1C(=O)N(C1CCC(=O)NC1=O)C2=O,[*:1]CNCCOCCOCCOCCO[*:2]
Cc1cc(NS(=O)(=O)c2ccc(CC(=O)NCCOCCOCCOCCOc3cccc4c3C(=O)N(C3CCC(=O)NC3=O)C4=O)cc2)c(Nc2ccc(I)cc2F)n(C)c1=O,[*:1]c1ccc(S(=O)(=O)Nc2cc(C)c(=O)n(C)c2Nc2ccc(I)cc2F)cc1,[*:2]c1cccc2c1C(=O)N(C1CCC(=O)NC1=O)C2=O,[*:1]CC(=O)NCCOCCOCCOCCO[*:2]
Cc1cc(NS(=O)(=O)c2ccc(CC(=O)NCCOCCOCCOCCOCCOCCOc3cccc4c3C(=O)N(C3CCC(=O)NC3=O)C4=O)cc2)c(Nc2ccc(I)cc2F)n(C)c1=O,[*:1]c1ccc(S(=O)(=O)Nc2cc(C)c(=O)n(C)c2Nc2ccc(I)cc2F)cc1,[*:2]c1cccc2c1C(=O)N(C1CCC(=O)NC1=O)C2=O,[*:1]CC(=O)NCCOCCOCCOCCOCCOCCO[*:2]
Cc1cc(NS(=O)(=O)c2ccc(CCC(=O)NCCOCCOCCOCCOc3cccc4c3C(=O)N(C3CCC(=O)NC3=O)C4=O)cc2)c(Nc2ccc(I)cc2F)n(C)c1=O,[*:1]c1ccc(S(=O)(=O)Nc2cc(C)c(=O)n(C)c2Nc2ccc(I)cc2F)cc1,[*:2]c1cccc2c1C(=O)N(C1CCC(=O)NC1=O)C2=O,[*:1]CCC(=O)NCCOCCOCCOCCO[*:2]
Cc1cc(NS(=O)(=O)c2ccc(CCC(=O)NCCOCCOCCOCCOCCOCCOc3cccc4c3C(=O)N(C3CCC(=O)NC3=O)C4=O)cc2)c(Nc2ccc(I)cc2F)n(C)c1=O,[*:1]c1ccc(S(=O)(=O)Nc2cc(C)c(=O)n(C)c2Nc2ccc(I)cc2F)cc1,[*:2]c1cccc2c1C(=O)N(C1CCC(=O)NC1=O)C2=O,[*:1]CCC(=O)NCCOCCOCCOCCOCCOCCO[*:2]
Cc1cc(NS(=O)(=O)c2ccc(OCC(=O)NCCOCCOCCOCCOCCOCCOc3cccc4c3C(=O)N(C3CCC(=O)NC3=O)C4=O)cc2)c(Nc2ccc(I)cc2F)n(C)c1=O,[*:1]c1ccc(S(=O)(=O)Nc2cc(C)c(=O)n(C)c2Nc2ccc(I)cc2F)cc1,[*:2]c1cccc2c1C(=O)N(C1CCC(=O)NC1=O)C2=O,[*:1]OCC(=O)NCCOCCOCCOCCOCCOCCO[*:2]
COc1cc(N2CCN(C(=O)CCC(=O)N[C@H](C(=O)N3C[C@H](O)C[C@H]3C(=O)NCc3ccc(-c4scnc4C)cc3)C(C)(C)C)CC2)ccc1Nc1ncc(Cl)c(Nc2ccccc2P(C)(C)=O)n1,[*:1]N1CCN(c2ccc(Nc3ncc(Cl)c(Nc4ccccc4P(C)(C)=O)n3)c(OC)c2)CC1,[*:2]CC(=O)N[C@H](C(=O)N1C[C@H](O)C[C@H]1C(=O)NCc1ccc(-c2scnc2C)cc1)C(C)(C)C,[*:1]C(=O)C[*:2]
COc1cc(N2CCN(C(=O)CCCC(=O)N[C@H](C(=O)N3C[C@H](O)C[C@H]3C(=O)NCc3ccc(-c4scnc4C)cc3)C(C)(C)C)CC2)ccc1Nc1ncc(Cl)c(Nc2ccccc2P(C)(C)=O)n1,[*:1]N1CCN(c2ccc(Nc3ncc(Cl)c(Nc4ccccc4P(C)(C)=O)n3)c(OC)c2)CC1,[*:2]CC(=O)N[C@H](C(=O)N1C[C@H](O)C[C@H]1C(=O)NCc1ccc(-c2scnc2C)cc1)C(C)(C)C,[*:1]C(=O)CC[*:2]
COc1cc(N2CCN(C(=O)CCCCC(=O)N[C@H](C(=O)N3C[C@H](O)C[C@H]3C(=O)NCc3ccc(-c4scnc4C)cc3)C(C)(C)C)CC2)ccc1Nc1ncc(Cl)c(Nc2ccccc2P(C)(C)=O)n1,[*:1]N1CCN(c2ccc(Nc3ncc(Cl)c(Nc4ccccc4P(C)(C)=O)n3)c(OC)c2)CC1,[*:2]CC(=O)N[C@H](C(=O)N1C[C@H](O)C[C@H]1C(=O)NCc1ccc(-c2scnc2C)cc1)C(C)(C)C,[*:1]C(=O)CCC[*:2]
COc1cc(N2CCN(C(=O)CCCCCC(=O)N[C@H](C(=O)N3C[C@H](O)C[C@H]3C(=O)NCc3ccc(-c4scnc4C)cc3)C(C)(C)C)CC2)ccc1Nc1ncc(Cl)c(Nc2ccccc2P(C)(C)=O)n1,[*:1]N1CCN(c2ccc(Nc3ncc(Cl)c(Nc4ccccc4P(C)(C)=O)n3)c(OC)c2)CC1,[*:2]CC(=O)N[C@H](C(=O)N1C[C@H](O)C[C@H]1C(=O)NCc1ccc(-c2scnc2C)cc1)C(C)(C)C,[*:1]C(=O)CCCC[*:2]
COc1cc(N2CCC(NC(=O)CCC(=O)N[C@H](C(=O)N3C[C@H](O)C[C@H]3C(=O)NCc3ccc(-c4scnc4C)cc3)C(C)(C)C)CC2)ccc1Nc1ncc(Cl)c(Nc2ccccc2P(C)(C)=O)n1,[*:1]NC1CCN(c2ccc(Nc3ncc(Cl)c(Nc4ccccc4P(C)(C)=O)n3)c(OC)c2)CC1,[*:2]CC(=O)N[C@H](C(=O)N1C[C@H](O)C[C@H]1C(=O)NCc1ccc(-c2scnc2C)cc1)C(C)(C)C,[*:1]C(=O)C[*:2]
COc1cc(N2CCC(NC(=O)CCCC(=O)N[C@H](C(=O)N3C[C@H](O)C[C@H]3C(=O)NCc3ccc(-c4scnc4C)cc3)C(C)(C)C)CC2)ccc1Nc1ncc(Cl)c(Nc2ccccc2P(C)(C)=O)n1,[*:1]NC1CCN(c2ccc(Nc3ncc(Cl)c(Nc4ccccc4P(C)(C)=O)n3)c(OC)c2)CC1,[*:2]CC(=O)N[C@H](C(=O)N1C[C@H](O)C[C@H]1C(=O)NCc1ccc(-c2scnc2C)cc1)C(C)(C)C,[*:1]C(=O)CC[*:2]
COc1cc(N2CCC(NC(=O)CCCCC(=O)N[C@H](C(=O)N3C[C@H](O)C[C@H]3C(=O)NCc3ccc(-c4scnc4C)cc3)C(C)(C)C)CC2)ccc1Nc1ncc(Cl)c(Nc2ccccc2P(C)(C)=O)n1,[*:1]NC1CCN(c2ccc(Nc3ncc(Cl)c(Nc4ccccc4P(C)(C)=O)n3)c(OC)c2)CC1,[*:2]CC(=O)N[C@H](C(=O)N1C[C@H](O)C[C@H]1C(=O)NCc1ccc(-c2scnc2C)cc1)C(C)(C)C,[*:1]C(=O)CCC[*:2]
COc1cc(N2CCC(NC(=O)CCCCCC(=O)N[C@H](C(=O)N3C[C@H](O)C[C@H]3C(=O)NCc3ccc(-c4scnc4C)cc3)C(C)(C)C)CC2)ccc1Nc1ncc(Cl)c(Nc2ccccc2P(C)(C)=O)n1,[*:1]NC1CCN(c2ccc(Nc3ncc(Cl)c(Nc4ccccc4P(C)(C)=O)n3)c(OC)c2)CC1,[*:2]CC(=O)N[C@H](C(=O)N1C[C@H](O)C[C@H]1C(=O)NCc1ccc(-c2scnc2C)cc1)C(C)(C)C,[*:1]C(=O)CCCC[*:2]
COc1cc(N2CCC(N3CCN(C(=O)CCC(=O)N[C@H](C(=O)N4C[C@H](O)C[C@H]4C(=O)NCc4ccc(-c5scnc5C)cc4)C(C)(C)C)CC3)CC2)ccc1Nc1ncc(Cl)c(Nc2ccccc2P(C)(C)=O)n1,[*:1]N1CCN(C2CCN(c3ccc(Nc4ncc(Cl)c(Nc5ccccc5P(C)(C)=O)n4)c(OC)c3)CC2)CC1,[*:2]CC(=O)N[C@H](C(=O)N1C[C@H](O)C[C@H]1C(=O)NCc1ccc(-c2scnc2C)cc1)C(C)(C)C,[*:1]C(=O)C[*:2]
COc1cc(N2CCC(N3CCN(C(=O)CCCC(=O)N[C@H](C(=O)N4C[C@H](O)C[C@H]4C(=O)NCc4ccc(-c5scnc5C)cc4)C(C)(C)C)CC3)CC2)ccc1Nc1ncc(Cl)c(Nc2ccccc2P(C)(C)=O)n1,[*:1]N1CCN(C2CCN(c3ccc(Nc4ncc(Cl)c(Nc5ccccc5P(C)(C)=O)n4)c(OC)c3)CC2)CC1,[*:2]CC(=O)N[C@H](C(=O)N1C[C@H](O)C[C@H]1C(=O)NCc1ccc(-c2scnc2C)cc1)C(C)(C)C,[*:1]C(=O)CC[*:2]
COc1cc(N2CCC(N3CCN(C(=O)CCCCC(=O)N[C@H](C(=O)N4C[C@H](O)C[C@H]4C(=O)NCc4ccc(-c5scnc5C)cc4)C(C)(C)C)CC3)CC2)ccc1Nc1ncc(Cl)c(Nc2ccccc2P(C)(C)=O)n1,[*:1]N1CCN(C2CCN(c3ccc(Nc4ncc(Cl)c(Nc5ccccc5P(C)(C)=O)n4)c(OC)c3)CC2)CC1,[*:2]CC(=O)N[C@H](C(=O)N1C[C@H](O)C[C@H]1C(=O)NCc1ccc(-c2scnc2C)cc1)C(C)(C)C,[*:1]C(=O)CCC[*:2]
COc1cc(N2CCC(N3CCN(C(=O)CCCCCC(=O)N[C@H](C(=O)N4C[C@H](O)C[C@H]4C(=O)NCc4ccc(-c5scnc5C)cc4)C(C)(C)C)CC3)CC2)ccc1Nc1ncc(Cl)c(Nc2ccccc2P(C)(C)=O)n1,[*:1]N1CCN(C2CCN(c3ccc(Nc4ncc(Cl)c(Nc5ccccc5P(C)(C)=O)n4)c(OC)c3)CC2)CC1,[*:2]CC(=O)N[C@H](C(=O)N1C[C@H](O)C[C@H]1C(=O)NCc1ccc(-c2scnc2C)cc1)C(C)(C)C,[*:1]C(=O)CCCC[*:2]
COc1cc(N2CCN(C(=O)CCOCCOCCC(=O)N[C@H](C(=O)N3C[C@H](O)C[C@H]3C(=O)NCc3ccc(-c4scnc4C)cc3)C(C)(C)C)CC2)ccc1Nc1ncc(Cl)c(Nc2ccccc2P(C)(C)=O)n1,[*:1]N1CCN(c2ccc(Nc3ncc(Cl)c(Nc4ccccc4P(C)(C)=O)n3)c(OC)c2)CC1,[*:2]CC(=O)N[C@H](C(=O)N1C[C@H](O)C[C@H]1C(=O)NCc1ccc(-c2scnc2C)cc1)C(C)(C)C,[*:1]C(=O)CCOCCOC[*:2]
COc1cc(N2CCN(C(=O)CCOCCOCCOCCC(=O)N[C@H](C(=O)N3C[C@H](O)C[C@H]3C(=O)NCc3ccc(-c4scnc4C)cc3)C(C)(C)C)CC2)ccc1Nc1ncc(Cl)c(Nc2ccccc2P(C)(C)=O)n1,[*:1]N1CCN(c2ccc(Nc3ncc(Cl)c(Nc4ccccc4P(C)(C)=O)n3)c(OC)c2)CC1,[*:2]CC(=O)N[C@H](C(=O)N1C[C@H](O)C[C@H]1C(=O)NCc1ccc(-c2scnc2C)cc1)C(C)(C)C,[*:1]C(=O)CCOCCOCCOC[*:2]
COc1cc(N2CCN(C(=O)CCOCCOCCOCCOCCC(=O)N[C@H](C(=O)N3C[C@H](O)C[C@H]3C(=O)NCc3ccc(-c4scnc4C)cc3)C(C)(C)C)CC2)ccc1Nc1ncc(Cl)c(Nc2ccccc2P(C)(C)=O)n1,[*:1]N1CCN(c2ccc(Nc3ncc(Cl)c(Nc4ccccc4P(C)(C)=O)n3)c(OC)c2)CC1,[*:2]CC(=O)N[C@H](C(=O)N1C[C@H](O)C[C@H]1C(=O)NCc1ccc(-c2scnc2C)cc1)C(C)(C)C,[*:1]C(=O)CCOCCOCCOCCOC[*:2]
COc1cc(N2CCN(C(=O)CCOCCOCCOCCOCCOCCC(=O)N[C@H](C(=O)N3C[C@H](O)C[C@H]3C(=O)NCc3ccc(-c4scnc4C)cc3)C(C)(C)C)CC2)ccc1Nc1ncc(Cl)c(Nc2ccccc2P(C)(C)=O)n1,[*:1]N1CCN(c2ccc(Nc3ncc(Cl)c(Nc4ccccc4P(C)(C)=O)n3)c(OC)c2)CC1,[*:2]CC(=O)N[C@H](C(=O)N1C[C@H](O)C[C@H]1C(=O)NCc1ccc(-c2scnc2C)cc1)C(C)(C)C,[*:1]C(=O)CCOCCOCCOCCOCCOC[*:2]
COc1cc(N2CCC(NC(=O)CCOCCOCCC(=O)N[C@H](C(=O)N3C[C@H](O)C[C@H]3C(=O)NCc3ccc(-c4scnc4C)cc3)C(C)(C)C)CC2)ccc1Nc1ncc(Cl)c(Nc2ccccc2P(C)(C)=O)n1,[*:1]NC1CCN(c2ccc(Nc3ncc(Cl)c(Nc4ccccc4P(C)(C)=O)n3)c(OC)c2)CC1,[*:2]CC(=O)N[C@H](C(=O)N1C[C@H](O)C[C@H]1C(=O)NCc1ccc(-c2scnc2C)cc1)C(C)(C)C,[*:1]C(=O)CCOCCOC[*:2]
COc1cc(N2CCC(NC(=O)CCOCCOCCOCCC(=O)N[C@H](C(=O)N3C[C@H](O)C[C@H]3C(=O)NCc3ccc(-c4scnc4C)cc3)C(C)(C)C)CC2)ccc1Nc1ncc(Cl)c(Nc2ccccc2P(C)(C)=O)n1,[*:1]NC1CCN(c2ccc(Nc3ncc(Cl)c(Nc4ccccc4P(C)(C)=O)n3)c(OC)c2)CC1,[*:2]CC(=O)N[C@H](C(=O)N1C[C@H](O)C[C@H]1C(=O)NCc1ccc(-c2scnc2C)cc1)C(C)(C)C,[*:1]C(=O)CCOCCOCCOC[*:2]
COc1cc(N2CCC(NC(=O)CCOCCOCCOCCOCCC(=O)N[C@H](C(=O)N3C[C@H](O)C[C@H]3C(=O)NCc3ccc(-c4scnc4C)cc3)C(C)(C)C)CC2)ccc1Nc1ncc(Cl)c(Nc2ccccc2P(C)(C)=O)n1,[*:1]NC1CCN(c2ccc(Nc3ncc(Cl)c(Nc4ccccc4P(C)(C)=O)n3)c(OC)c2)CC1,[*:2]CC(=O)N[C@H](C(=O)N1C[C@H](O)C[C@H]1C(=O)NCc1ccc(-c2scnc2C)cc1)C(C)(C)C,[*:1]C(=O)CCOCCOCCOCCOC[*:2]
COc1cc(N2CCC(NC(=O)CCOCCOCCOCCOCCOCCC(=O)N[C@H](C(=O)N3C[C@H](O)C[C@H]3C(=O)NCc3ccc(-c4scnc4C)cc3)C(C)(C)C)CC2)ccc1Nc1ncc(Cl)c(Nc2ccccc2P(C)(C)=O)n1,[*:1]NC1CCN(c2ccc(Nc3ncc(Cl)c(Nc4ccccc4P(C)(C)=O)n3)c(OC)c2)CC1,[*:2]CC(=O)N[C@H](C(=O)N1C[C@H](O)C[C@H]1C(=O)NCc1ccc(-c2scnc2C)cc1)C(C)(C)C,[*:1]C(=O)CCOCCOCCOCCOCCOC[*:2]
COc1cc(N2CCC(N3CCN(C(=O)CCOCCOCCC(=O)N[C@H](C(=O)N4C[C@H](O)C[C@H]4C(=O)NCc4ccc(-c5scnc5C)cc4)C(C)(C)C)CC3)CC2)ccc1Nc1ncc(Cl)c(Nc2ccccc2P(C)(C)=O)n1,[*:1]N1CCN(C2CCN(c3ccc(Nc4ncc(Cl)c(Nc5ccccc5P(C)(C)=O)n4)c(OC)c3)CC2)CC1,[*:2]CC(=O)N[C@H](C(=O)N1C[C@H](O)C[C@H]1C(=O)NCc1ccc(-c2scnc2C)cc1)C(C)(C)C,[*:1]C(=O)CCOCCOC[*:2]
COc1cc(N2CCC(N3CCN(C(=O)CCOCCOCCOCCC(=O)N[C@H](C(=O)N4C[C@H](O)C[C@H]4C(=O)NCc4ccc(-c5scnc5C)cc4)C(C)(C)C)CC3)CC2)ccc1Nc1ncc(Cl)c(Nc2ccccc2P(C)(C)=O)n1,[*:1]N1CCN(C2CCN(c3ccc(Nc4ncc(Cl)c(Nc5ccccc5P(C)(C)=O)n4)c(OC)c3)CC2)CC1,[*:2]CC(=O)N[C@H](C(=O)N1C[C@H](O)C[C@H]1C(=O)NCc1ccc(-c2scnc2C)cc1)C(C)(C)C,[*:1]C(=O)CCOCCOCCOC[*:2]
COc1cc(N2CCC(N3CCN(C(=O)CCOCCOCCOCCOCCC(=O)N[C@H](C(=O)N4C[C@H](O)C[C@H]4C(=O)NCc4ccc(-c5scnc5C)cc4)C(C)(C)C)CC3)CC2)ccc1Nc1ncc(Cl)c(Nc2ccccc2P(C)(C)=O)n1,[*:1]N1CCN(C2CCN(c3ccc(Nc4ncc(Cl)c(Nc5ccccc5P(C)(C)=O)n4)c(OC)c3)CC2)CC1,[*:2]CC(=O)N[C@H](C(=O)N1C[C@H](O)C[C@H]1C(=O)NCc1ccc(-c2scnc2C)cc1)C(C)(C)C,[*:1]C(=O)CCOCCOCCOCCOC[*:2]
COc1cc(N2CCC(N3CCN(C(=O)CCOCCOCCOCCOCCOCCC(=O)N[C@H](C(=O)N4C[C@H](O)C[C@H]4C(=O)NCc4ccc(-c5scnc5C)cc4)C(C)(C)C)CC3)CC2)ccc1Nc1ncc(Cl)c(Nc2ccccc2P(C)(C)=O)n1,[*:1]N1CCN(C2CCN(c3ccc(Nc4ncc(Cl)c(Nc5ccccc5P(C)(C)=O)n4)c(OC)c3)CC2)CC1,[*:2]CC(=O)N[C@H](C(=O)N1C[C@H](O)C[C@H]1C(=O)NCc1ccc(-c2scnc2C)cc1)C(C)(C)C,[*:1]C(=O)CCOCCOCCOCCOCCOC[*:2]
Cc1cc(Nc2ncc(Cl)c(Nc3ccccc3S(=O)(=O)C(C)C)n2)c(OC(C)C)cc1C1CCN(CCOCCOCCNC(=O)CNc2cccc3c2C(=O)N(C2CCC(=O)NC2=O)C3=O)CC1,[*:1]N1CCC(c2cc(OC(C)C)c(Nc3ncc(Cl)c(Nc4ccccc4S(=O)(=O)C(C)C)n3)cc2C)CC1,[*:2]Nc1cccc2c1C(=O)N(C1CCC(=O)NC1=O)C2=O,[*:1]CCOCCOCCNC(=O)C[*:2]
CCOc1cc(C(C)(C)C)ccc1C1=NC(c2ccc(Cl)cc2)C(c2ccc(Cl)cc2)N1C(=O)N1CCN(C(=O)CNc2cccc3c2CN(C2CCC(=O)NC2=O)C3=O)CC1,[*:1]N1CCN(C(=O)N2C(c3ccc(C(C)(C)C)cc3OCC)=NC(c3ccc(Cl)cc3)C2c2ccc(Cl)cc2)CC1,[*:2]Nc1cccc2c1CN(C1CCC(=O)NC1=O)C2=O,[*:1]C(=O)C[*:2]
COc1cc2ncnc(Nc3ccc(F)c(Cl)c3)c2cc1OCCCN1CCN(C(=O)CCOCCC(=O)N[C@H](C(=O)N2C[C@H](O)C[C@H]2C(=O)NCc2ccc(-c3scnc3C)cc2)C(C)(C)C)CC1,[*:1]N1CCN(CCCOc2cc3c(Nc4ccc(F)c(Cl)c4)ncnc3cc2OC)CC1,[*:2]CC(=O)N[C@H](C(=O)N1C[C@H](O)C[C@H]1C(=O)NCc1ccc(-c2scnc2C)cc1)C(C)(C)C,[*:1]C(=O)CCOC[*:2]
COc1cc2ncnc(Nc3ccc(F)c(Cl)c3)c2cc1OCCCN1CCN(C(=O)CCOCCOCCOCCC(=O)N[C@H](C(=O)N2C[C@H](O)C[C@H]2C(=O)NCc2ccc(-c3scnc3C)cc2)C(C)(C)C)CC1,[*:1]N1CCN(CCCOc2cc3c(Nc4ccc(F)c(Cl)c4)ncnc3cc2OC)CC1,[*:2]CC(=O)N[C@H](C(=O)N1C[C@H](O)C[C@H]1C(=O)NCc1ccc(-c2scnc2C)cc1)C(C)(C)C,[*:1]C(=O)CCOCCOCCOC[*:2]
COc1cc2ncnc(Nc3ccc(F)c(Cl)c3)c2cc1OCCCN1CCN(C(=O)CCOCCOCCOCCOCCOCCC(=O)N[C@H](C(=O)N2C[C@H](O)C[C@H]2C(=O)NCc2ccc(-c3scnc3C)cc2)C(C)(C)C)CC1,[*:1]N1CCN(CCCOc2cc3c(Nc4ccc(F)c(Cl)c4)ncnc3cc2OC)CC1,[*:2]CC(=O)N[C@H](C(=O)N1C[C@H](O)C[C@H]1C(=O)NCc1ccc(-c2scnc2C)cc1)C(C)(C)C,[*:1]C(=O)CCOCCOCCOCCOCCOC[*:2]
COc1cc2ncnc(Nc3ccc(F)c(Cl)c3)c2cc1OCCCN1CCN(C(=O)CCC(=O)N[C@H](C(=O)N2C[C@H](O)C[C@H]2C(=O)NCc2ccc(-c3scnc3C)cc2)C(C)(C)C)CC1,[*:1]N1CCN(CCCOc2cc3c(Nc4ccc(F)c(Cl)c4)ncnc3cc2OC)CC1,[*:2]CC(=O)N[C@H](C(=O)N1C[C@H](O)C[C@H]1C(=O)NCc1ccc(-c2scnc2C)cc1)C(C)(C)C,[*:1]C(=O)C[*:2]
COc1cc2ncnc(Nc3ccc(F)c(Cl)c3)c2cc1OCCCN1CCN(C(=O)CCCCCC(=O)N[C@H](C(=O)N2C[C@H](O)C[C@H]2C(=O)NCc2ccc(-c3scnc3C)cc2)C(C)(C)C)CC1,[*:1]N1CCN(CCCOc2cc3c(Nc4ccc(F)c(Cl)c4)ncnc3cc2OC)CC1,[*:2]CC(=O)N[C@H](C(=O)N1C[C@H](O)C[C@H]1C(=O)NCc1ccc(-c2scnc2C)cc1)C(C)(C)C,[*:1]C(=O)CCCC[*:2]
COc1cc2ncnc(Nc3ccc(F)c(Cl)c3)c2cc1OCCCN1CCN(C(=O)CCCCCCCCCC(=O)N[C@H](C(=O)N2C[C@H](O)C[C@H]2C(=O)NCc2ccc(-c3scnc3C)cc2)C(C)(C)C)CC1,[*:1]N1CCN(CCCOc2cc3c(Nc4ccc(F)c(Cl)c4)ncnc3cc2OC)CC1,[*:2]CC(=O)N[C@H](C(=O)N1C[C@H](O)C[C@H]1C(=O)NCc1ccc(-c2scnc2C)cc1)C(C)(C)C,[*:1]C(=O)CCCCCCCC[*:2]
COc1cc2ncnc(Nc3ccc(F)c(Cl)c3)c2cc1OCCCN1CCN(CCC(=O)NCCOCCNc2cccc3c2C(=O)N(C2CCC(=O)NC2=O)C3=O)CC1,[*:1]N1CCN(CCCOc2cc3c(Nc4ccc(F)c(Cl)c4)ncnc3cc2OC)CC1,[*:2]Nc1cccc2c1C(=O)N(C1CCC(=O)NC1=O)C2=O,[*:1]CCC(=O)NCCOCC[*:2]
COc1cc2ncnc(Nc3ccc(F)c(Cl)c3)c2cc1OCCCN1CCN(CCC(=O)NCCOCCOCCOCCOCCOCCNc2cccc3c2C(=O)N(C2CCC(=O)NC2=O)C3=O)CC1,[*:1]N1CCN(CCCOc2cc3c(Nc4ccc(F)c(Cl)c4)ncnc3cc2OC)CC1,[*:2]Nc1cccc2c1C(=O)N(C1CCC(=O)NC1=O)C2=O,[*:1]CCC(=O)NCCOCCOCCOCCOCCOCC[*:2]
COc1cc2ncnc(Nc3ccc(F)c(Cl)c3)c2cc1OCCCN1CCN(CCC(=O)NCCCCCCNc2cccc3c2C(=O)N(C2CCC(=O)NC2=O)C3=O)CC1,[*:1]N1CCN(CCCOc2cc3c(Nc4ccc(F)c(Cl)c4)ncnc3cc2OC)CC1,[*:2]Nc1cccc2c1C(=O)N(C1CCC(=O)NC1=O)C2=O,[*:1]CCC(=O)NCCCCCC[*:2]
COc1cc2ncnc(Nc3ccc(F)c(Cl)c3)c2cc1OCCCN1CCN(CCC(=O)NCCCCCCCCOc2cccc3c2C(=O)N(C2CCC(=O)NC2=O)C3=O)CC1,[*:1]N1CCN(CCCOc2cc3c(Nc4ccc(F)c(Cl)c4)ncnc3cc2OC)CC1,[*:2]c1cccc2c1C(=O)N(C1CCC(=O)NC1=O)C2=O,[*:1]CCC(=O)NCCCCCCCCO[*:2]
O=C(COc1cccc2c1C(=O)N(C1CCC(=O)NC1=O)C2=O)NCCCC(=O)N1CCC(NC(=O)c2[nH]ncc2NC(=O)c2c(Cl)cccc2Cl)CC1,[*:1]N1CCC(NC(=O)c2[nH]ncc2NC(=O)c2c(Cl)cccc2Cl)CC1,[*:2]c1cccc2c1C(=O)N(C1CCC(=O)NC1=O)C2=O,[*:1]C(=O)CCCNC(=O)CO[*:2]
O=C(COc1cccc2c1C(=O)N(C1CCC(=O)NC1=O)C2=O)NCCCCCC(=O)N1CCC(NC(=O)c2[nH]ncc2NC(=O)c2c(Cl)cccc2Cl)CC1,[*:1]N1CCC(NC(=O)c2[nH]ncc2NC(=O)c2c(Cl)cccc2Cl)CC1,[*:2]c1cccc2c1C(=O)N(C1CCC(=O)NC1=O)C2=O,[*:1]C(=O)CCCCCNC(=O)CO[*:2]
O=C(CCC(=O)N1CCC(NC(=O)c2[nH]ncc2NC(=O)c2c(Cl)cccc2Cl)CC1)NCCNc1cccc2c1C(=O)N(C1CCC(=O)NC1=O)C2=O,[*:1]N1CCC(NC(=O)c2[nH]ncc2NC(=O)c2c(Cl)cccc2Cl)CC1,[*:2]Nc1cccc2c1C(=O)N(C1CCC(=O)NC1=O)C2=O,[*:1]C(=O)CCC(=O)NCC[*:2]
O=C(CCC(=O)N1CCC(NC(=O)c2[nH]ncc2NC(=O)c2c(Cl)cccc2Cl)CC1)NCCCCNc1cccc2c1C(=O)N(C1CCC(=O)NC1=O)C2=O,[*:1]N1CCC(NC(=O)c2[nH]ncc2NC(=O)c2c(Cl)cccc2Cl)CC1,[*:2]Nc1cccc2c1C(=O)N(C1CCC(=O)NC1=O)C2=O,[*:1]C(=O)CCC(=O)NCCCC[*:2]
O=C(CCC(=O)N1CCC(NC(=O)c2[nH]ncc2NC(=O)c2c(Cl)cccc2Cl)CC1)NCCCCCCNc1cccc2c1C(=O)N(C1CCC(=O)NC1=O)C2=O,[*:1]N1CCC(NC(=O)c2[nH]ncc2NC(=O)c2c(Cl)cccc2Cl)CC1,[*:2]Nc1cccc2c1C(=O)N(C1CCC(=O)NC1=O)C2=O,[*:1]C(=O)CCC(=O)NCCCCCC[*:2]
O=C(CCC(=O)N1CCC(NC(=O)c2[nH]ncc2NC(=O)c2c(Cl)cccc2Cl)CC1)NCCNC(=O)COc1cccc2c1C(=O)N(C1CCC(=O)NC1=O)C2=O,[*:1]N1CCC(NC(=O)c2[nH]ncc2NC(=O)c2c(Cl)cccc2Cl)CC1,[*:2]c1cccc2c1C(=O)N(C1CCC(=O)NC1=O)C2=O,[*:1]C(=O)CCC(=O)NCCNC(=O)CO[*:2]
O=C(CCC(=O)N1CCC(NC(=O)c2[nH]ncc2NC(=O)c2c(Cl)cccc2Cl)CC1)NCCCCNC(=O)COc1cccc2c1C(=O)N(C1CCC(=O)NC1=O)C2=O,[*:1]N1CCC(NC(=O)c2[nH]ncc2NC(=O)c2c(Cl)cccc2Cl)CC1,[*:2]c1cccc2c1C(=O)N(C1CCC(=O)NC1=O)C2=O,[*:1]C(=O)CCC(=O)NCCCCNC(=O)CO[*:2]
O=C(CCC(=O)N1CCC(NC(=O)c2[nH]ncc2NC(=O)c2c(Cl)cccc2Cl)CC1)NCCCCCCNC(=O)COc1cccc2c1C(=O)N(C1CCC(=O)NC1=O)C2=O,[*:1]N1CCC(NC(=O)c2[nH]ncc2NC(=O)c2c(Cl)cccc2Cl)CC1,[*:2]c1cccc2c1C(=O)N(C1CCC(=O)NC1=O)C2=O,[*:1]C(=O)CCC(=O)NCCCCCCNC(=O)CO[*:2]
O=C(COc1cccc2c1C(=O)N(C1CCC(=O)NC1=O)C2=O)NCCOCCOCC(=O)N1CCC(NC(=O)c2[nH]ncc2NC(=O)c2c(Cl)cccc2Cl)CC1,[*:1]N1CCC(NC(=O)c2[nH]ncc2NC(=O)c2c(Cl)cccc2Cl)CC1,[*:2]c1cccc2c1C(=O)N(C1CCC(=O)NC1=O)C2=O,[*:1]C(=O)COCCOCCNC(=O)CO[*:2]
O=C(CCC(=O)N1CCC(NC(=O)c2[nH]ncc2NC(=O)c2c(Cl)cccc2Cl)CC1)NCCCOCCOCCOCCCNC(=O)COc1cccc2c1C(=O)N(C1CCC(=O)NC1=O)C2=O,[*:1]N1CCC(NC(=O)c2[nH]ncc2NC(=O)c2c(Cl)cccc2Cl)CC1,[*:2]c1cccc2c1C(=O)N(C1CCC(=O)NC1=O)C2=O,[*:1]C(=O)CCC(=O)NCCCOCCOCCOCCCNC(=O)CO[*:2]
O=C(COc1cccc2c1C(=O)N(C1CCC(=O)NC1=O)C2=O)NCCCC(=O)N1CCN(Cc2ccc(NC(=O)c3[nH]ncc3Nc3ncnc4[nH]ccc34)cc2)CC1,[*:1]N1CCN(Cc2ccc(NC(=O)c3[nH]ncc3Nc3ncnc4[nH]ccc34)cc2)CC1,[*:2]c1cccc2c1C(=O)N(C1CCC(=O)NC1=O)C2=O,[*:1]C(=O)CCCNC(=O)CO[*:2]
O=C(COc1cccc2c1C(=O)N(C1CCC(=O)NC1=O)C2=O)NCCCCCC(=O)N1CCN(Cc2ccc(NC(=O)c3[nH]ncc3Nc3ncnc4[nH]ccc34)cc2)CC1,[*:1]N1CCN(Cc2ccc(NC(=O)c3[nH]ncc3Nc3ncnc4[nH]ccc34)cc2)CC1,[*:2]c1cccc2c1C(=O)N(C1CCC(=O)NC1=O)C2=O,[*:1]C(=O)CCCCCNC(=O)CO[*:2]
O=C(CCC(=O)N1CCN(Cc2ccc(NC(=O)c3[nH]ncc3Nc3ncnc4[nH]ccc34)cc2)CC1)NCCNc1cccc2c1C(=O)N(C1CCC(=O)NC1=O)C2=O,[*:1]N1CCN(Cc2ccc(NC(=O)c3[nH]ncc3Nc3ncnc4[nH]ccc34)cc2)CC1,[*:2]Nc1cccc2c1C(=O)N(C1CCC(=O)NC1=O)C2=O,[*:1]C(=O)CCC(=O)NCC[*:2]
O=C(CCC(=O)N1CCN(Cc2ccc(NC(=O)c3[nH]ncc3Nc3ncnc4[nH]ccc34)cc2)CC1)NCCCCNc1cccc2c1C(=O)N(C1CCC(=O)NC1=O)C2=O,[*:1]N1CCN(Cc2ccc(NC(=O)c3[nH]ncc3Nc3ncnc4[nH]ccc34)cc2)CC1,[*:2]Nc1cccc2c1C(=O)N(C1CCC(=O)NC1=O)C2=O,[*:1]C(=O)CCC(=O)NCCCC[*:2]
O=C(CCC(=O)N1CCN(Cc2ccc(NC(=O)c3[nH]ncc3Nc3ncnc4[nH]ccc34)cc2)CC1)NCCCCCCNc1cccc2c1C(=O)N(C1CCC(=O)NC1=O)C2=O,[*:1]N1CCN(Cc2ccc(NC(=O)c3[nH]ncc3Nc3ncnc4[nH]ccc34)cc2)CC1,[*:2]Nc1cccc2c1C(=O)N(C1CCC(=O)NC1=O)C2=O,[*:1]C(=O)CCC(=O)NCCCCCC[*:2]
O=C(CCC(=O)N1CCN(Cc2ccc(NC(=O)c3[nH]ncc3Nc3ncnc4[nH]ccc34)cc2)CC1)NCCNC(=O)COc1cccc2c1C(=O)N(C1CCC(=O)NC1=O)C2=O,[*:1]N1CCN(Cc2ccc(NC(=O)c3[nH]ncc3Nc3ncnc4[nH]ccc34)cc2)CC1,[*:2]c1cccc2c1C(=O)N(C1CCC(=O)NC1=O)C2=O,[*:1]C(=O)CCC(=O)NCCNC(=O)CO[*:2]
O=C(CCC(=O)N1CCN(Cc2ccc(NC(=O)c3[nH]ncc3Nc3ncnc4[nH]ccc34)cc2)CC1)NCCCCNC(=O)COc1cccc2c1C(=O)N(C1CCC(=O)NC1=O)C2=O,[*:1]N1CCN(Cc2ccc(NC(=O)c3[nH]ncc3Nc3ncnc4[nH]ccc34)cc2)CC1,[*:2]c1cccc2c1C(=O)N(C1CCC(=O)NC1=O)C2=O,[*:1]C(=O)CCC(=O)NCCCCNC(=O)CO[*:2]
O=C(CCC(=O)N1CCN(Cc2ccc(NC(=O)c3[nH]ncc3Nc3ncnc4[nH]ccc34)cc2)CC1)NCCCCCCNC(=O)COc1cccc2c1C(=O)N(C1CCC(=O)NC1=O)C2=O,[*:1]N1CCN(Cc2ccc(NC(=O)c3[nH]ncc3Nc3ncnc4[nH]ccc34)cc2)CC1,[*:2]c1cccc2c1C(=O)N(C1CCC(=O)NC1=O)C2=O,[*:1]C(=O)CCC(=O)NCCCCCCNC(=O)CO[*:2]
O=C(COc1cccc2c1C(=O)N(C1CCC(=O)NC1=O)C2=O)NCCOCCOCC(=O)N1CCN(Cc2ccc(NC(=O)c3[nH]ncc3Nc3ncnc4[nH]ccc34)cc2)CC1,[*:1]N1CCN(Cc2ccc(NC(=O)c3[nH]ncc3Nc3ncnc4[nH]ccc34)cc2)CC1,[*:2]c1cccc2c1C(=O)N(C1CCC(=O)NC1=O)C2=O,[*:1]C(=O)COCCOCCNC(=O)CO[*:2]
O=C(CCC(=O)N1CCN(Cc2ccc(NC(=O)c3[nH]ncc3Nc3ncnc4[nH]ccc34)cc2)CC1)NCCCOCCOCCOCCCNC(=O)COc1cccc2c1C(=O)N(C1CCC(=O)NC1=O)C2=O,[*:1]N1CCN(Cc2ccc(NC(=O)c3[nH]ncc3Nc3ncnc4[nH]ccc34)cc2)CC1,[*:2]c1cccc2c1C(=O)N(C1CCC(=O)NC1=O)C2=O,[*:1]C(=O)CCC(=O)NCCCOCCOCCOCCCNC(=O)CO[*:2]
Cc1ncsc1-c1ccc([C@H](C)NC(=O)[C@@H]2C[C@@H](O)CN2C(=O)[C@@H](NC(=O)CCOCCN2CCN(CC[C@H](CSc3ccccc3)Nc3ccc(S(=O)(=O)NC(=O)c4ccc(N5CCN(CC6=C(c7ccc(Cl)cc7)CCC(C)(C)C6)CC5)cc4)cc3S(=O)(=O)C(F)(F)F)CC2)C(C)(C)C)cc1,[*:1]N1CCN(CC[C@H](CSc2ccccc2)Nc2ccc(S(=O)(=O)NC(=O)c3ccc(N4CCN(CC5=C(c6ccc(Cl)cc6)CCC(C)(C)C5)CC4)cc3)cc2S(=O)(=O)C(F)(F)F)CC1,[*:2]CC(=O)N[C@H](C(=O)N1C[C@H](O)C[C@H]1C(=O)N[C@@H](C)c1ccc(-c2scnc2C)cc1)C(C)(C)C,[*:1]CCOC[*:2]
Cc1ncsc1-c1ccc([C@H](C)NC(=O)[C@@H]2C[C@@H](O)CN2C(=O)[C@@H](NC(=O)CCOCCOCCN2CCN(CC[C@H](CSc3ccccc3)Nc3ccc(S(=O)(=O)NC(=O)c4ccc(N5CCN(CC6=C(c7ccc(Cl)cc7)CCC(C)(C)C6)CC5)cc4)cc3S(=O)(=O)C(F)(F)F)CC2)C(C)(C)C)cc1,[*:1]N1CCN(CC[C@H](CSc2ccccc2)Nc2ccc(S(=O)(=O)NC(=O)c3ccc(N4CCN(CC5=C(c6ccc(Cl)cc6)CCC(C)(C)C5)CC4)cc3)cc2S(=O)(=O)C(F)(F)F)CC1,[*:2]CC(=O)N[C@H](C(=O)N1C[C@H](O)C[C@H]1C(=O)N[C@@H](C)c1ccc(-c2scnc2C)cc1)C(C)(C)C,[*:1]CCOCCOC[*:2]
CC1(C)CCC(c2ccc(Cl)cc2)=C(CN2CCN(c3ccc(C(=O)NS(=O)(=O)c4ccc(N[C@H](CCN5CCN(C(=O)CCCNc6cccc7c6C(=O)N(C6CCC(=O)NC6=O)C7=O)CC5)CSc5ccccc5)c(S(=O)(=O)C(F)(F)F)c4)cc3)CC2)C1,[*:1]N1CCN(CC[C@H](CSc2ccccc2)Nc2ccc(S(=O)(=O)NC(=O)c3ccc(N4CCN(CC5=C(c6ccc(Cl)cc6)CCC(C)(C)C5)CC4)cc3)cc2S(=O)(=O)C(F)(F)F)CC1,[*:2]Nc1cccc2c1C(=O)N(C1CCC(=O)NC1=O)C2=O,[*:1]C(=O)CCC[*:2]
CC1(C)CCC(c2ccc(Cl)cc2)=C(CN2CCN(c3ccc(C(=O)NS(=O)(=O)c4ccc(N[C@H](CCN5CCN(C(=O)CCCCNc6cccc7c6C(=O)N(C6CCC(=O)NC6=O)C7=O)CC5)CSc5ccccc5)c(S(=O)(=O)C(F)(F)F)c4)cc3)CC2)C1,[*:1]N1CCN(CC[C@H](CSc2ccccc2)Nc2ccc(S(=O)(=O)NC(=O)c3ccc(N4CCN(CC5=C(c6ccc(Cl)cc6)CCC(C)(C)C5)CC4)cc3)cc2S(=O)(=O)C(F)(F)F)CC1,[*:2]Nc1cccc2c1C(=O)N(C1CCC(=O)NC1=O)C2=O,[*:1]C(=O)CCCC[*:2]
CC1(C)CCC(c2ccc(Cl)cc2)=C(CN2CCN(c3ccc(C(=O)NS(=O)(=O)c4ccc(N[C@H](CCN5CCN(C(=O)CCCCCNc6cccc7c6C(=O)N(C6CCC(=O)NC6=O)C7=O)CC5)CSc5ccccc5)c(S(=O)(=O)C(F)(F)F)c4)cc3)CC2)C1,[*:1]N1CCN(CC[C@H](CSc2ccccc2)Nc2ccc(S(=O)(=O)NC(=O)c3ccc(N4CCN(CC5=C(c6ccc(Cl)cc6)CCC(C)(C)C5)CC4)cc3)cc2S(=O)(=O)C(F)(F)F)CC1,[*:2]Nc1cccc2c1C(=O)N(C1CCC(=O)NC1=O)C2=O,[*:1]C(=O)CCCCC[*:2]
CC1(C)CCC(c2ccc(Cl)cc2)=C(CN2CCN(c3ccc(C(=O)NS(=O)(=O)c4ccc(N[C@H](CCN5CCN(C(=O)CCCCCCNc6cccc7c6C(=O)N(C6CCC(=O)NC6=O)C7=O)CC5)CSc5ccccc5)c(S(=O)(=O)C(F)(F)F)c4)cc3)CC2)C1,[*:1]N1CCN(CC[C@H](CSc2ccccc2)Nc2ccc(S(=O)(=O)NC(=O)c3ccc(N4CCN(CC5=C(c6ccc(Cl)cc6)CCC(C)(C)C5)CC4)cc3)cc2S(=O)(=O)C(F)(F)F)CC1,[*:2]Nc1cccc2c1C(=O)N(C1CCC(=O)NC1=O)C2=O,[*:1]C(=O)CCCCCC[*:2]
CC1(C)CCC(c2ccc(Cl)cc2)=C(CN2CCN(c3ccc(C(=O)NS(=O)(=O)c4ccc(N[C@H](CCN5CCN(C(=O)CCCCCCCNc6cccc7c6C(=O)N(C6CCC(=O)NC6=O)C7=O)CC5)CSc5ccccc5)c(S(=O)(=O)C(F)(F)F)c4)cc3)CC2)C1,[*:1]N1CCN(CC[C@H](CSc2ccccc2)Nc2ccc(S(=O)(=O)NC(=O)c3ccc(N4CCN(CC5=C(c6ccc(Cl)cc6)CCC(C)(C)C5)CC4)cc3)cc2S(=O)(=O)C(F)(F)F)CC1,[*:2]Nc1cccc2c1C(=O)N(C1CCC(=O)NC1=O)C2=O,[*:1]C(=O)CCCCCCC[*:2]
CC1(C)CCC(c2ccc(Cl)cc2)=C(CN2CCN(c3ccc(C(=O)NS(=O)(=O)c4ccc(N[C@H](CCN5CCN(CCCNc6cccc7c6C(=O)N(C6CCC(=O)NC6=O)C7=O)CC5)CSc5ccccc5)c(S(=O)(=O)C(F)(F)F)c4)cc3)CC2)C1,[*:1]N1CCN(CC[C@H](CSc2ccccc2)Nc2ccc(S(=O)(=O)NC(=O)c3ccc(N4CCN(CC5=C(c6ccc(Cl)cc6)CCC(C)(C)C5)CC4)cc3)cc2S(=O)(=O)C(F)(F)F)CC1,[*:2]Nc1cccc2c1C(=O)N(C1CCC(=O)NC1=O)C2=O,[*:1]CCC[*:2]
CC1(C)CCC(c2ccc(Cl)cc2)=C(CN2CCN(c3ccc(C(=O)NS(=O)(=O)c4ccc(N[C@H](CCN5CCN(CCCCNc6cccc7c6C(=O)N(C6CCC(=O)NC6=O)C7=O)CC5)CSc5ccccc5)c(S(=O)(=O)C(F)(F)F)c4)cc3)CC2)C1,[*:1]N1CCN(CC[C@H](CSc2ccccc2)Nc2ccc(S(=O)(=O)NC(=O)c3ccc(N4CCN(CC5=C(c6ccc(Cl)cc6)CCC(C)(C)C5)CC4)cc3)cc2S(=O)(=O)C(F)(F)F)CC1,[*:2]Nc1cccc2c1C(=O)N(C1CCC(=O)NC1=O)C2=O,[*:1]CCCC[*:2]
CC1(C)CCC(c2ccc(Cl)cc2)=C(CN2CCN(c3ccc(C(=O)NS(=O)(=O)c4ccc(N[C@H](CCN5CCN(CCCCCNc6cccc7c6C(=O)N(C6CCC(=O)NC6=O)C7=O)CC5)CSc5ccccc5)c(S(=O)(=O)C(F)(F)F)c4)cc3)CC2)C1,[*:1]N1CCN(CC[C@H](CSc2ccccc2)Nc2ccc(S(=O)(=O)NC(=O)c3ccc(N4CCN(CC5=C(c6ccc(Cl)cc6)CCC(C)(C)C5)CC4)cc3)cc2S(=O)(=O)C(F)(F)F)CC1,[*:2]Nc1cccc2c1C(=O)N(C1CCC(=O)NC1=O)C2=O,[*:1]CCCCC[*:2]
CC1(C)CCC(c2ccc(Cl)cc2)=C(CN2CCN(c3ccc(C(=O)NS(=O)(=O)c4ccc(N[C@H](CCN5CCN(C(=O)COCCOCCNc6cccc7c6C(=O)N(C6CCC(=O)NC6=O)C7=O)CC5)CSc5ccccc5)c(S(=O)(=O)C(F)(F)F)c4)cc3)CC2)C1,[*:1]N1CCN(CC[C@H](CSc2ccccc2)Nc2ccc(S(=O)(=O)NC(=O)c3ccc(N4CCN(CC5=C(c6ccc(Cl)cc6)CCC(C)(C)C5)CC4)cc3)cc2S(=O)(=O)C(F)(F)F)CC1,[*:2]Nc1cccc2c1C(=O)N(C1CCC(=O)NC1=O)C2=O,[*:1]C(=O)COCCOCC[*:2]
CC1(C)CCC(c2ccc(Cl)cc2)=C(CN2CCN(c3ccc(C(=O)NS(=O)(=O)c4ccc(N[C@H](CCN5CCN(C(=O)COCCOCCOCCNc6cccc7c6C(=O)N(C6CCC(=O)NC6=O)C7=O)CC5)CSc5ccccc5)c(S(=O)(=O)C(F)(F)F)c4)cc3)CC2)C1,[*:1]N1CCN(CC[C@H](CSc2ccccc2)Nc2ccc(S(=O)(=O)NC(=O)c3ccc(N4CCN(CC5=C(c6ccc(Cl)cc6)CCC(C)(C)C5)CC4)cc3)cc2S(=O)(=O)C(F)(F)F)CC1,[*:2]Nc1cccc2c1C(=O)N(C1CCC(=O)NC1=O)C2=O,[*:1]C(=O)COCCOCCOCC[*:2]
CC1(C)CCC(c2ccc(Cl)cc2)=C(CN2CCN(c3ccc(C(=O)NS(=O)(=O)c4ccc(N[C@H](CCN5CCN(C(=O)COCCOCCOCCOCCNc6cccc7c6C(=O)N(C6CCC(=O)NC6=O)C7=O)CC5)CSc5ccccc5)c(S(=O)(=O)C(F)(F)F)c4)cc3)CC2)C1,[*:1]N1CCN(CC[C@H](CSc2ccccc2)Nc2ccc(S(=O)(=O)NC(=O)c3ccc(N4CCN(CC5=C(c6ccc(Cl)cc6)CCC(C)(C)C5)CC4)cc3)cc2S(=O)(=O)C(F)(F)F)CC1,[*:2]Nc1cccc2c1C(=O)N(C1CCC(=O)NC1=O)C2=O,[*:1]C(=O)COCCOCCOCCOCC[*:2]
CC1(C)CCC(c2ccc(Cl)cc2)=C(CN2CCN(c3ccc(C(=O)NS(=O)(=O)c4ccc(N[C@H](CCN5CCN(C(=O)NCCOCCOCCNc6cccc7c6C(=O)N(C6CCC(=O)NC6=O)C7=O)CC5)CSc5ccccc5)c(S(=O)(=O)C(F)(F)F)c4)cc3)CC2)C1,[*:1]N1CCN(CC[C@H](CSc2ccccc2)Nc2ccc(S(=O)(=O)NC(=O)c3ccc(N4CCN(CC5=C(c6ccc(Cl)cc6)CCC(C)(C)C5)CC4)cc3)cc2S(=O)(=O)C(F)(F)F)CC1,[*:2]Nc1cccc2c1C(=O)N(C1CCC(=O)NC1=O)C2=O,[*:1]C(=O)NCCOCCOCC[*:2]
CC1(C)CCC(c2ccc(Cl)cc2)=C(CN2CCN(c3ccc(C(=O)NS(=O)(=O)c4ccc(N[C@H](CCN5CCN(C(=S)NCCOCCOCCNc6cccc7c6C(=O)N(C6CCC(=O)NC6=O)C7=O)CC5)CSc5ccccc5)c(S(=O)(=O)C(F)(F)F)c4)cc3)CC2)C1,[*:1]N1CCN(CC[C@H](CSc2ccccc2)Nc2ccc(S(=O)(=O)NC(=O)c3ccc(N4CCN(CC5=C(c6ccc(Cl)cc6)CCC(C)(C)C5)CC4)cc3)cc2S(=O)(=O)C(F)(F)F)CC1,[*:2]Nc1cccc2c1C(=O)N(C1CCC(=O)NC1=O)C2=O,[*:1]C(=S)NCCOCCOCC[*:2]
CC1(C)CCC(c2ccc(Cl)cc2)=C(CN2CCN(c3ccc(C(=O)NS(=O)(=O)c4ccc(N[C@H](CCN5CCN(CCOCCNc6cccc7c6C(=O)N(C6CCC(=O)NC6=O)C7=O)CC5)CSc5ccccc5)c(S(=O)(=O)C(F)(F)F)c4)cc3)CC2)C1,[*:1]N1CCN(CC[C@H](CSc2ccccc2)Nc2ccc(S(=O)(=O)NC(=O)c3ccc(N4CCN(CC5=C(c6ccc(Cl)cc6)CCC(C)(C)C5)CC4)cc3)cc2S(=O)(=O)C(F)(F)F)CC1,[*:2]Nc1cccc2c1C(=O)N(C1CCC(=O)NC1=O)C2=O,[*:1]CCOCC[*:2]
CC1(C)CCC(c2ccc(Cl)cc2)=C(CN2CCN(c3ccc(C(=O)NS(=O)(=O)c4ccc(N[C@H](CCN5CCN(CCOCCOCCNc6cccc7c6C(=O)N(C6CCC(=O)NC6=O)C7=O)CC5)CSc5ccccc5)c(S(=O)(=O)C(F)(F)F)c4)cc3)CC2)C1,[*:1]N1CCN(CC[C@H](CSc2ccccc2)Nc2ccc(S(=O)(=O)NC(=O)c3ccc(N4CCN(CC5=C(c6ccc(Cl)cc6)CCC(C)(C)C5)CC4)cc3)cc2S(=O)(=O)C(F)(F)F)CC1,[*:2]Nc1cccc2c1C(=O)N(C1CCC(=O)NC1=O)C2=O,[*:1]CCOCCOCC[*:2]
CC1(C)CCC(c2ccc(Cl)cc2)=C(CN2CCN(c3ccc(C(=O)NS(=O)(=O)c4ccc(N[C@H](CCN5CCN(CCOCCOCCOCCNc6cccc7c6C(=O)N(C6CCC(=O)NC6=O)C7=O)CC5)CSc5ccccc5)c(S(=O)(=O)C(F)(F)F)c4)cc3)CC2)C1,[*:1]N1CCN(CC[C@H](CSc2ccccc2)Nc2ccc(S(=O)(=O)NC(=O)c3ccc(N4CCN(CC5=C(c6ccc(Cl)cc6)CCC(C)(C)C5)CC4)cc3)cc2S(=O)(=O)C(F)(F)F)CC1,[*:2]Nc1cccc2c1C(=O)N(C1CCC(=O)NC1=O)C2=O,[*:1]CCOCCOCCOCC[*:2]
CN(CC[C@H](CSc1ccccc1)Nc1ccc(S(=O)(=O)NC(=O)c2ccc(N3CCN(CC4=C(c5ccc(Cl)cc5)CCC(C)(C)C4)CC3)cc2)cc1S(=O)(=O)C(F)(F)F)C(=O)CCCn1cc(COCCOCCNc2cccc3c2C(=O)N(C2CCC(=O)NC2=O)C3=O)nn1,[*:1]N(C)CC[C@H](CSc1ccccc1)Nc1ccc(S(=O)(=O)NC(=O)c2ccc(N3CCN(CC4=C(c5ccc(Cl)cc5)CCC(C)(C)C4)CC3)cc2)cc1S(=O)(=O)C(F)(F)F,[*:2]Nc1cccc2c1C(=O)N(C1CCC(=O)NC1=O)C2=O,[*:1]C(=O)CCCn1cc(COCCOCC[*:2])nn1
CN(CC[C@H](CSc1ccccc1)Nc1ccc(S(=O)(=O)NC(=O)c2ccc(N3CCN(CC4=C(c5ccc(Cl)cc5)CCC(C)(C)C4)CC3)cc2)cc1S(=O)(=O)C(F)(F)F)C(=O)CCCn1cc(COCCOCCOCCNc2cccc3c2C(=O)N(C2CCC(=O)NC2=O)C3=O)nn1,[*:1]N(C)CC[C@H](CSc1ccccc1)Nc1ccc(S(=O)(=O)NC(=O)c2ccc(N3CCN(CC4=C(c5ccc(Cl)cc5)CCC(C)(C)C4)CC3)cc2)cc1S(=O)(=O)C(F)(F)F,[*:2]Nc1cccc2c1C(=O)N(C1CCC(=O)NC1=O)C2=O,[*:1]C(=O)CCCn1cc(COCCOCCOCC[*:2])nn1
CN(CC[C@H](CSc1ccccc1)Nc1ccc(S(=O)(=O)NC(=O)c2ccc(N3CCN(CC4=C(c5ccc(Cl)cc5)CCC(C)(C)C4)CC3)cc2)cc1S(=O)(=O)C(F)(F)F)C(=O)CCCCCCn1cc(COCCOCCNc2cccc3c2C(=O)N(C2CCC(=O)NC2=O)C3=O)nn1,[*:1]N(C)CC[C@H](CSc1ccccc1)Nc1ccc(S(=O)(=O)NC(=O)c2ccc(N3CCN(CC4=C(c5ccc(Cl)cc5)CCC(C)(C)C4)CC3)cc2)cc1S(=O)(=O)C(F)(F)F,[*:2]Nc1cccc2c1C(=O)N(C1CCC(=O)NC1=O)C2=O,[*:1]C(=O)CCCCCCn1cc(COCCOCC[*:2])nn1
CN(CC[C@H](CSc1ccccc1)Nc1ccc(S(=O)(=O)NC(=O)c2ccc(N3CCN(CC4=C(c5ccc(Cl)cc5)CCC(C)(C)C4)CC3)cc2)cc1S(=O)(=O)C(F)(F)F)C(=O)CCCCCCn1cc(COCCOCCOCCNc2cccc3c2C(=O)N(C2CCC(=O)NC2=O)C3=O)nn1,[*:1]N(C)CC[C@H](CSc1ccccc1)Nc1ccc(S(=O)(=O)NC(=O)c2ccc(N3CCN(CC4=C(c5ccc(Cl)cc5)CCC(C)(C)C4)CC3)cc2)cc1S(=O)(=O)C(F)(F)F,[*:2]Nc1cccc2c1C(=O)N(C1CCC(=O)NC1=O)C2=O,[*:1]C(=O)CCCCCCn1cc(COCCOCCOCC[*:2])nn1
CN(CCCCCCCn1cc(COCCOCCNc2cccc3c2C(=O)N(C2CCC(=O)NC2=O)C3=O)nn1)CC[C@H](CSc1ccccc1)Nc1ccc(S(=O)(=O)NC(=O)c2ccc(N3CCN(CC4=C(c5ccc(Cl)cc5)CCC(C)(C)C4)CC3)cc2)cc1S(=O)(=O)C(F)(F)F,[*:1]CN(C)CC[C@H](CSc1ccccc1)Nc1ccc(S(=O)(=O)NC(=O)c2ccc(N3CCN(CC4=C(c5ccc(Cl)cc5)CCC(C)(C)C4)CC3)cc2)cc1S(=O)(=O)C(F)(F)F,[*:2]Nc1cccc2c1C(=O)N(C1CCC(=O)NC1=O)C2=O,[*:1]CCCCCCn1cc(COCCOCC[*:2])nn1
CN(CCCCCCCn1cc(COCCOCCOCCNc2cccc3c2C(=O)N(C2CCC(=O)NC2=O)C3=O)nn1)CC[C@H](CSc1ccccc1)Nc1ccc(S(=O)(=O)NC(=O)c2ccc(N3CCN(CC4=C(c5ccc(Cl)cc5)CCC(C)(C)C4)CC3)cc2)cc1S(=O)(=O)C(F)(F)F,[*:1]CN(C)CC[C@H](CSc1ccccc1)Nc1ccc(S(=O)(=O)NC(=O)c2ccc(N3CCN(CC4=C(c5ccc(Cl)cc5)CCC(C)(C)C4)CC3)cc2)cc1S(=O)(=O)C(F)(F)F,[*:2]Nc1cccc2c1C(=O)N(C1CCC(=O)NC1=O)C2=O,[*:1]CCCCCCn1cc(COCCOCCOCC[*:2])nn1
CN(CCCNc1cccc2c1C(=O)N(C1CCC(=O)NC1=O)C2=O)CC[C@H](CSc1ccccc1)Nc1ccc(S(=O)(=O)NC(=O)c2ccc(N3CCN(CC4=C(c5ccc(Cl)cc5)CCC(C)(C)C4)CC3)cc2)cc1S(=O)(=O)C(F)(F)F,[*:1]CN(C)CC[C@H](CSc1ccccc1)Nc1ccc(S(=O)(=O)NC(=O)c2ccc(N3CCN(CC4=C(c5ccc(Cl)cc5)CCC(C)(C)C4)CC3)cc2)cc1S(=O)(=O)C(F)(F)F,[*:2]Nc1cccc2c1C(=O)N(C1CCC(=O)NC1=O)C2=O,[*:1]CC[*:2]
CN(CCCCNc1cccc2c1C(=O)N(C1CCC(=O)NC1=O)C2=O)CC[C@H](CSc1ccccc1)Nc1ccc(S(=O)(=O)NC(=O)c2ccc(N3CCN(CC4=C(c5ccc(Cl)cc5)CCC(C)(C)C4)CC3)cc2)cc1S(=O)(=O)C(F)(F)F,[*:1]CN(C)CC[C@H](CSc1ccccc1)Nc1ccc(S(=O)(=O)NC(=O)c2ccc(N3CCN(CC4=C(c5ccc(Cl)cc5)CCC(C)(C)C4)CC3)cc2)cc1S(=O)(=O)C(F)(F)F,[*:2]Nc1cccc2c1C(=O)N(C1CCC(=O)NC1=O)C2=O,[*:1]CCC[*:2]
CN(CCCCCNc1cccc2c1C(=O)N(C1CCC(=O)NC1=O)C2=O)CC[C@H](CSc1ccccc1)Nc1ccc(S(=O)(=O)NC(=O)c2ccc(N3CCN(CC4=C(c5ccc(Cl)cc5)CCC(C)(C)C4)CC3)cc2)cc1S(=O)(=O)C(F)(F)F,[*:1]CN(C)CC[C@H](CSc1ccccc1)Nc1ccc(S(=O)(=O)NC(=O)c2ccc(N3CCN(CC4=C(c5ccc(Cl)cc5)CCC(C)(C)C4)CC3)cc2)cc1S(=O)(=O)C(F)(F)F,[*:2]Nc1cccc2c1C(=O)N(C1CCC(=O)NC1=O)C2=O,[*:1]CCCC[*:2]
CN(CCCCCCNc1cccc2c1C(=O)N(C1CCC(=O)NC1=O)C2=O)CC[C@H](CSc1ccccc1)Nc1ccc(S(=O)(=O)NC(=O)c2ccc(N3CCN(CC4=C(c5ccc(Cl)cc5)CCC(C)(C)C4)CC3)cc2)cc1S(=O)(=O)C(F)(F)F,[*:1]CN(C)CC[C@H](CSc1ccccc1)Nc1ccc(S(=O)(=O)NC(=O)c2ccc(N3CCN(CC4=C(c5ccc(Cl)cc5)CCC(C)(C)C4)CC3)cc2)cc1S(=O)(=O)C(F)(F)F,[*:2]Nc1cccc2c1C(=O)N(C1CCC(=O)NC1=O)C2=O,[*:1]CCCCC[*:2]
CN(CCCCCCCCNc1cccc2c1C(=O)N(C1CCC(=O)NC1=O)C2=O)CC[C@H](CSc1ccccc1)Nc1ccc(S(=O)(=O)NC(=O)c2ccc(N3CCN(CC4=C(c5ccc(Cl)cc5)CCC(C)(C)C4)CC3)cc2)cc1S(=O)(=O)C(F)(F)F,[*:1]CN(C)CC[C@H](CSc1ccccc1)Nc1ccc(S(=O)(=O)NC(=O)c2ccc(N3CCN(CC4=C(c5ccc(Cl)cc5)CCC(C)(C)C4)CC3)cc2)cc1S(=O)(=O)C(F)(F)F,[*:2]Nc1cccc2c1C(=O)N(C1CCC(=O)NC1=O)C2=O,[*:1]CCCCCCC[*:2]
CN(CCOCCOCCNc1cccc2c1C(=O)N(C1CCC(=O)NC1=O)C2=O)CC[C@H](CSc1ccccc1)Nc1ccc(S(=O)(=O)NC(=O)c2ccc(N3CCN(CC4=C(c5ccc(Cl)cc5)CCC(C)(C)C4)CC3)cc2)cc1S(=O)(=O)C(F)(F)F,[*:1]CN(C)CC[C@H](CSc1ccccc1)Nc1ccc(S(=O)(=O)NC(=O)c2ccc(N3CCN(CC4=C(c5ccc(Cl)cc5)CCC(C)(C)C4)CC3)cc2)cc1S(=O)(=O)C(F)(F)F,[*:2]Nc1cccc2c1C(=O)N(C1CCC(=O)NC1=O)C2=O,[*:1]COCCOCC[*:2]
CN(CCOCCOCCOCCNc1cccc2c1C(=O)N(C1CCC(=O)NC1=O)C2=O)CC[C@H](CSc1ccccc1)Nc1ccc(S(=O)(=O)NC(=O)c2ccc(N3CCN(CC4=C(c5ccc(Cl)cc5)CCC(C)(C)C4)CC3)cc2)cc1S(=O)(=O)C(F)(F)F,[*:1]CN(C)CC[C@H](CSc1ccccc1)Nc1ccc(S(=O)(=O)NC(=O)c2ccc(N3CCN(CC4=C(c5ccc(Cl)cc5)CCC(C)(C)C4)CC3)cc2)cc1S(=O)(=O)C(F)(F)F,[*:2]Nc1cccc2c1C(=O)N(C1CCC(=O)NC1=O)C2=O,[*:1]COCCOCCOCC[*:2]
CN(CCOCCOCCOCCOCCNc1cccc2c1C(=O)N(C1CCC(=O)NC1=O)C2=O)CC[C@H](CSc1ccccc1)Nc1ccc(S(=O)(=O)NC(=O)c2ccc(N3CCN(CC4=C(c5ccc(Cl)cc5)CCC(C)(C)C4)CC3)cc2)cc1S(=O)(=O)C(F)(F)F,[*:1]CN(C)CC[C@H](CSc1ccccc1)Nc1ccc(S(=O)(=O)NC(=O)c2ccc(N3CCN(CC4=C(c5ccc(Cl)cc5)CCC(C)(C)C4)CC3)cc2)cc1S(=O)(=O)C(F)(F)F,[*:2]Nc1cccc2c1C(=O)N(C1CCC(=O)NC1=O)C2=O,[*:1]COCCOCCOCCOCC[*:2]
Nc1nc2c(c(=O)[nH]1)[n+](Cc1ccccc1)cn2[C@@H]1O[C@H](COP(=O)(O)NCCCCCC(=O)Nc2cccc3c2CN(C2CCC(=O)NC2=O)C3=O)[C@@H](O)[C@H]1O,[*:1]P(=O)(O)OC[C@H]1O[C@@H](n2c[n+](Cc3ccccc3)c3c(=O)[nH]c(N)nc32)[C@H](O)[C@@H]1O,[*:2]Nc1cccc2c1CN(C1CCC(=O)NC1=O)C2=O,[*:1]NCCCCCC([*:2])=O
Nc1nc2c(c(=O)[nH]1)[n+](Cc1ccc(F)cc1)cn2[C@@H]1O[C@H](COP(=O)(O)NCCCCCC(=O)Nc2cccc3c2CN(C2CCC(=O)NC2=O)C3=O)[C@@H](O)[C@H]1O,[*:1]P(=O)(O)OC[C@H]1O[C@@H](n2c[n+](Cc3ccc(F)cc3)c3c(=O)[nH]c(N)nc32)[C@H](O)[C@@H]1O,[*:2]Nc1cccc2c1CN(C1CCC(=O)NC1=O)C2=O,[*:1]NCCCCCC([*:2])=O
Nc1nc2c(ncn2[C@@H]2O[C@H](COP(=O)(O)OP(=O)(O)NCCCCCC(=O)Nc3cccc4c3CN(C3CCC(=O)NC3=O)C4=O)[C@@H](O)[C@H]2O)c(=O)[nH]1,[*:1]OP(=O)(O)OC[C@H]1O[C@@H](n2cnc3c(=O)[nH]c(N)nc32)[C@H](O)[C@@H]1O,[*:2]Nc1cccc2c1CN(C1CCC(=O)NC1=O)C2=O,[*:1]P(=O)(O)NCCCCCC([*:2])=O
Nc1nc2c(ncn2[C@@H]2O[C@H](COP(=O)(O)OP(=O)(O)NCCOCCOCCOCCC(=O)Nc3cccc4c3CN(C3CCC(=O)NC3=O)C4=O)[C@@H](O)[C@H]2O)c(=O)[nH]1,[*:1]OP(=O)(O)OC[C@H]1O[C@@H](n2cnc3c(=O)[nH]c(N)nc32)[C@H](O)[C@@H]1O,[*:2]Nc1cccc2c1CN(C1CCC(=O)NC1=O)C2=O,[*:1]P(=O)(O)NCCOCCOCCOCCC([*:2])=O
Nc1nc2c(ncn2[C@@H]2O[C@H](COP(=O)(O)OP(=O)(O)NCCOCCOCCOCCOCCOCCOCCOCCC(=O)Nc3cccc4c3CN(C3CCC(=O)NC3=O)C4=O)[C@@H](O)[C@H]2O)c(=O)[nH]1,[*:1]OP(=O)(O)OC[C@H]1O[C@@H](n2cnc3c(=O)[nH]c(N)nc32)[C@H](O)[C@@H]1O,[*:2]Nc1cccc2c1CN(C1CCC(=O)NC1=O)C2=O,[*:1]P(=O)(O)NCCOCCOCCOCCOCCOCCOCCOCCC([*:2])=O
Nc1nc2c(c(=O)[nH]1)[n+](Cc1ccccc1)cn2[C@@H]1O[C@H](COP(=O)(O)OP(=O)(O)NCCCCCC(=O)Nc2cccc3c2CN(C2CCC(=O)NC2=O)C3=O)[C@@H](O)[C@H]1O,[*:1]OP(=O)(O)OC[C@H]1O[C@@H](n2c[n+](Cc3ccccc3)c3c(=O)[nH]c(N)nc32)[C@H](O)[C@@H]1O,[*:2]Nc1cccc2c1CN(C1CCC(=O)NC1=O)C2=O,[*:1]P(=O)(O)NCCCCCC([*:2])=O
Nc1nc2c(c(=O)[nH]1)[n+](Cc1ccc(F)cc1)cn2[C@@H]1O[C@H](COP(=O)(O)OP(=O)(O)NCCCCCC(=O)Nc2cccc3c2CN(C2CCC(=O)NC2=O)C3=O)[C@@H](O)[C@H]1O,[*:1]OP(=O)(O)OC[C@H]1O[C@@H](n2c[n+](Cc3ccc(F)cc3)c3c(=O)[nH]c(N)nc32)[C@H](O)[C@@H]1O,[*:2]Nc1cccc2c1CN(C1CCC(=O)NC1=O)C2=O,[*:1]P(=O)(O)NCCCCCC([*:2])=O
Nc1nc2c(c(=O)[nH]1)[n+](Cc1ccccc1)cn2[C@@H]1O[C@H](COP(=O)(O)OP(=O)(O)NCCOCCOCCOCCC(=O)Nc2cccc3c2CN(C2CCC(=O)NC2=O)C3=O)[C@@H](O)[C@H]1O,[*:1]OP(=O)(O)OC[C@H]1O[C@@H](n2c[n+](Cc3ccccc3)c3c(=O)[nH]c(N)nc32)[C@H](O)[C@@H]1O,[*:2]Nc1cccc2c1CN(C1CCC(=O)NC1=O)C2=O,[*:1]P(=O)(O)NCCOCCOCCOCCC([*:2])=O
Nc1nc2c(c(=O)[nH]1)[n+](Cc1ccc(F)cc1)cn2[C@@H]1O[C@H](COP(=O)(O)OP(=O)(O)NCCOCCOCCOCCC(=O)Nc2cccc3c2CN(C2CCC(=O)NC2=O)C3=O)[C@@H](O)[C@H]1O,[*:1]OP(=O)(O)OC[C@H]1O[C@@H](n2c[n+](Cc3ccc(F)cc3)c3c(=O)[nH]c(N)nc32)[C@H](O)[C@@H]1O,[*:2]Nc1cccc2c1CN(C1CCC(=O)NC1=O)C2=O,[*:1]P(=O)(O)NCCOCCOCCOCCC([*:2])=O
Cc1ncsc1-c1ccc(CNC(=O)[C@@H]2C[C@@H](O)CN2C(=O)[C@@H](NC(=O)CCCCCNP(=O)(O)OP(=O)(O)OC[C@H]2O[C@@H](n3cnc4c(=O)[nH]c(N)nc43)[C@H](O)[C@@H]2O)C(C)(C)C)cc1,[*:1]OP(=O)(O)OC[C@H]1O[C@@H](n2cnc3c(=O)[nH]c(N)nc32)[C@H](O)[C@@H]1O,[*:2]CC(=O)N[C@H](C(=O)N1C[C@H](O)C[C@H]1C(=O)NCc1ccc(-c2scnc2C)cc1)C(C)(C)C,[*:1]P(=O)(O)NCCCC[*:2]
Cc1ncsc1-c1ccc(CNC(=O)[C@@H]2C[C@@H](O)CN2C(=O)[C@@H](NC(=O)CCCCCNP(=O)(O)OP(=O)(O)OC[C@H]2O[C@@H](n3c[n+](Cc4ccccc4)c4c(=O)[nH]c(N)nc43)[C@H](O)[C@@H]2O)C(C)(C)C)cc1,[*:1]OP(=O)(O)OC[C@H]1O[C@@H](n2c[n+](Cc3ccccc3)c3c(=O)[nH]c(N)nc32)[C@H](O)[C@@H]1O,[*:2]CC(=O)N[C@H](C(=O)N1C[C@H](O)C[C@H]1C(=O)NCc1ccc(-c2scnc2C)cc1)C(C)(C)C,[*:1]P(=O)(O)NCCCC[*:2]
Cc1ncsc1-c1ccc(CNC(=O)[C@@H]2C[C@@H](O)CN2C(=O)[C@@H](NC(=O)CCCCCNP(=O)(O)OP(=O)(O)OC[C@H]2O[C@@H](n3c[n+](Cc4ccc(F)cc4)c4c(=O)[nH]c(N)nc43)[C@H](O)[C@@H]2O)C(C)(C)C)cc1,[*:1]OP(=O)(O)OC[C@H]1O[C@@H](n2c[n+](Cc3ccc(F)cc3)c3c(=O)[nH]c(N)nc32)[C@H](O)[C@@H]1O,[*:2]CC(=O)N[C@H](C(=O)N1C[C@H](O)C[C@H]1C(=O)NCc1ccc(-c2scnc2C)cc1)C(C)(C)C,[*:1]P(=O)(O)NCCCC[*:2]
CC(=O)c1c(C)c2cnc(Nc3ccc(N4CCN(CCCCCCNC(=O)COc5cccc6c5C(=O)N(C5CCC(=O)NC5=O)C6=O)CC4)cn3)nc2n(C2CCCC2)c1=O,[*:1]N1CCN(c2ccc(Nc3ncc4c(C)c(C(C)=O)c(=O)n(C5CCCC5)c4n3)nc2)CC1,[*:2]c1cccc2c1C(=O)N(C1CCC(=O)NC1=O)C2=O,[*:1]CCCCCCNC(=O)CO[*:2]
O=C1CCC(N2C(=O)c3cccc(NCCOCCOCCNC(=O)c4ccc(CN(CC5CCNCC5)S(=O)(=O)c5ccc(S(=O)(=O)N(Cc6ccc(Cl)cc6)C6CCCC6)cc5)cc4)c3C2=O)C(=O)N1,[*:1]c1ccc(CN(CC2CCNCC2)S(=O)(=O)c2ccc(S(=O)(=O)N(Cc3ccc(Cl)cc3)C3CCCC3)cc2)cc1,[*:2]Nc1cccc2c1C(=O)N(C1CCC(=O)NC1=O)C2=O,[*:1]C(=O)NCCOCCOCC[*:2]
O=C1CCC(N2C(=O)c3cccc(NCCOCCOCCOCCNC(=O)c4ccc(CN(CC5CCNCC5)S(=O)(=O)c5ccc(S(=O)(=O)N(Cc6ccc(Cl)cc6)C6CCCC6)cc5)cc4)c3C2=O)C(=O)N1,[*:1]c1ccc(CN(CC2CCNCC2)S(=O)(=O)c2ccc(S(=O)(=O)N(Cc3ccc(Cl)cc3)C3CCCC3)cc2)cc1,[*:2]Nc1cccc2c1C(=O)N(C1CCC(=O)NC1=O)C2=O,[*:1]C(=O)NCCOCCOCCOCC[*:2]
O=C1CCC(N2C(=O)c3cccc(NCCOCCOCCOCCOCCNC(=O)c4ccc(CN(CC5CCNCC5)S(=O)(=O)c5ccc(S(=O)(=O)N(Cc6ccc(Cl)cc6)C6CCCC6)cc5)cc4)c3C2=O)C(=O)N1,[*:1]c1ccc(CN(CC2CCNCC2)S(=O)(=O)c2ccc(S(=O)(=O)N(Cc3ccc(Cl)cc3)C3CCCC3)cc2)cc1,[*:2]Nc1cccc2c1C(=O)N(C1CCC(=O)NC1=O)C2=O,[*:1]C(=O)NCCOCCOCCOCCOCC[*:2]
Cc1ncsc1-c1ccc(CNC(=O)[C@@H]2C[C@@H](O)CN2C(=O)[C@@H](NC(=O)COCCOCCOCCOCCNC(=O)c2ccc(CN(CC3CCNCC3)S(=O)(=O)c3ccc(S(=O)(=O)N(Cc4ccc(Cl)cc4)C4CCCC4)cc3)cc2)C(C)(C)C)cc1,[*:1]c1ccc(CN(CC2CCNCC2)S(=O)(=O)c2ccc(S(=O)(=O)N(Cc3ccc(Cl)cc3)C3CCCC3)cc2)cc1,[*:2]CC(=O)N[C@H](C(=O)N1C[C@H](O)C[C@H]1C(=O)NCc1ccc(-c2scnc2C)cc1)C(C)(C)C,[*:1]C(=O)NCCOCCOCCOCCO[*:2]
O=C1CCC(N2C(=O)c3cccc(NCCOCCOCCOCc4cn(CCCC(=O)N5CCN(CC#Cc6ccc(OCCCc7sc(N8CCc9cccc(C(=O)Nc%10nc%11ccccc%11s%10)c9C8)nc7C(=O)O)c(F)c6)CC5)nn4)c3C2=O)C(=O)N1,[*:1]N1CCN(CC#Cc2ccc(OCCCc3sc(N4CCc5cccc(C(=O)Nc6nc7ccccc7s6)c5C4)nc3C(=O)O)c(F)c2)CC1,[*:2]Nc1cccc2c1C(=O)N(C1CCC(=O)NC1=O)C2=O,[*:1]C(=O)CCCn1cc(COCCOCCOCC[*:2])nn1
O=C1CCC(N2Cc3c(NC(=O)COCCOCCOCc4cn(CCCC(=O)N5CCN(CC#Cc6ccc(OCCCc7sc(N8CCc9cccc(C(=O)Nc%10nc%11ccccc%11s%10)c9C8)nc7C(=O)O)c(F)c6)CC5)nn4)cccc3C2=O)C(=O)N1,[*:1]N1CCN(CC#Cc2ccc(OCCCc3sc(N4CCc5cccc(C(=O)Nc6nc7ccccc7s6)c5C4)nc3C(=O)O)c(F)c2)CC1,[*:2]Nc1cccc2c1CN(C1CCC(=O)NC1=O)C2=O,[*:1]C(=O)CCCn1cc(COCCOCCOCC([*:2])=O)nn1
CC(=O)c1c(C)c2cnc(Nc3ccc(N4CCN(Cc5cn(CCCCCC(=O)Nc6cccc7c6C(=O)N(C6CCC(=O)NC6=O)C7=O)nn5)CC4)cn3)nc2n(C2CCCC2)c1=O,[*:1]N1CCN(c2ccc(Nc3ncc4c(C)c(C(C)=O)c(=O)n(C5CCCC5)c4n3)nc2)CC1,[*:2]Nc1cccc2c1C(=O)N(C1CCC(=O)NC1=O)C2=O,[*:1]Cc1cn(CCCCCC([*:2])=O)nn1
CC(=O)c1c(C)c2cnc(Nc3ccc(N4CCN(Cc5cn(CCCCC(=O)Nc6cccc7c6C(=O)N(C6CCC(=O)NC6=O)C7=O)nn5)CC4)cn3)nc2n(C2CCCC2)c1=O,[*:1]N1CCN(c2ccc(Nc3ncc4c(C)c(C(C)=O)c(=O)n(C5CCCC5)c4n3)nc2)CC1,[*:2]Nc1cccc2c1C(=O)N(C1CCC(=O)NC1=O)C2=O,[*:1]Cc1cn(CCCCC([*:2])=O)nn1
CN(C)C(=O)c1cc2cnc(Nc3ccc(N4CCN(Cc5cn(CCCCCC(=O)Nc6cccc7c6C(=O)N(C6CCC(=O)NC6=O)C7=O)nn5)CC4)cn3)nc2n1C1CCCC1,[*:1]N1CCN(c2ccc(Nc3ncc4cc(C(=O)N(C)C)n(C5CCCC5)c4n3)nc2)CC1,[*:2]Nc1cccc2c1C(=O)N(C1CCC(=O)NC1=O)C2=O,[*:1]Cc1cn(CCCCCC([*:2])=O)nn1
CN(C)C(=O)c1cc2cnc(Nc3ccc(N4CCN(Cc5cn(CCCCC(=O)Nc6cccc7c6C(=O)N(C6CCC(=O)NC6=O)C7=O)nn5)CC4)cn3)nc2n1C1CCCC1,[*:1]N1CCN(c2ccc(Nc3ncc4cc(C(=O)N(C)C)n(C5CCCC5)c4n3)nc2)CC1,[*:2]Nc1cccc2c1C(=O)N(C1CCC(=O)NC1=O)C2=O,[*:1]Cc1cn(CCCCC([*:2])=O)nn1
CCCCN(Cc1ccc(C(=O)NO)cc1)C(=O)Nc1ccc(NC(=O)CCCc2cn(CCOCCOCCNc3cccc4c3C(=O)N(C3CCC(=O)NC3=O)C4=O)nn2)cc1,[*:1]c1ccc(NC(=O)N(CCCC)Cc2ccc(C(=O)NO)cc2)cc1,[*:2]Nc1cccc2c1C(=O)N(C1CCC(=O)NC1=O)C2=O,[*:1]NC(=O)CCCc1cn(CCOCCOCC[*:2])nn1
CCCCN(Cc1ccc(C(=O)NO)cc1)C(=O)Nc1ccc(NC(=O)CCCc2cn(CCOCCOCCOCCNc3cccc4c3C(=O)N(C3CCC(=O)NC3=O)C4=O)nn2)cc1,[*:1]c1ccc(NC(=O)N(CCCC)Cc2ccc(C(=O)NO)cc2)cc1,[*:2]Nc1cccc2c1C(=O)N(C1CCC(=O)NC1=O)C2=O,[*:1]NC(=O)CCCc1cn(CCOCCOCCOCC[*:2])nn1
CCCCN(Cc1ccc(C(=O)NO)cc1)C(=O)Nc1ccc(NC(=O)CCCc2cn(CCOCCOCCOCCOCCNc3cccc4c3C(=O)N(C3CCC(=O)NC3=O)C4=O)nn2)cc1,[*:1]c1ccc(NC(=O)N(CCCC)Cc2ccc(C(=O)NO)cc2)cc1,[*:2]Nc1cccc2c1C(=O)N(C1CCC(=O)NC1=O)C2=O,[*:1]NC(=O)CCCc1cn(CCOCCOCCOCCOCC[*:2])nn1
CN[C@@H](C)C(=O)N[C@H](C(=O)N1C[C@@H](NC(=O)CCCCCCCN2CCN(c3ccc(Nc4ncc5c(C)c(C(C)=O)c(=O)n(C6CCCC6)c5n4)nc3)CC2)C[C@H]1C(=O)Nc1c(F)cccc1F)C(C)(C)C,[*:1]N1CCN(c2ccc(Nc3ncc4c(C)c(C(C)=O)c(=O)n(C5CCCC5)c4n3)nc2)CC1,[*:2]N[C@H]1C[C@@H](C(=O)Nc2c(F)cccc2F)N(C(=O)[C@@H](NC(=O)[C@H](C)NC)C(C)(C)C)C1,[*:1]CCCCCCCC([*:2])=O
CN[C@@H](C)C(=O)N[C@H](C(=O)N1C[C@@H](NC(=O)CCOCCOCCOCCNC(=O)CN2CCN(c3ccc(Nc4ncc5c(C)c(C(C)=O)c(=O)n(C6CCCC6)c5n4)nc3)CC2)C[C@H]1C(=O)Nc1c(F)cccc1F)C(C)(C)C,[*:1]N1CCN(c2ccc(Nc3ncc4c(C)c(C(C)=O)c(=O)n(C5CCCC5)c4n3)nc2)CC1,[*:2]N[C@H]1C[C@@H](C(=O)Nc2c(F)cccc2F)N(C(=O)[C@@H](NC(=O)[C@H](C)NC)C(C)(C)C)C1,[*:1]CC(=O)NCCOCCOCCOCCC([*:2])=O
Cc1ncsc1-c1ccc(CNC(=O)[C@@H]2C[C@@H](O)CN2C(=O)[C@@H](NC(=O)COCCOCCN2CCC(n3nc(-c4ccc(Oc5ccccc5)cc4)c4c(N)ncnc43)CC2)C(C)(C)C)cc1,[*:1]N1CCC(n2nc(-c3ccc(Oc4ccccc4)cc3)c3c(N)ncnc32)CC1,[*:2]CC(=O)N[C@H](C(=O)N1C[C@H](O)C[C@H]1C(=O)NCc1ccc(-c2scnc2C)cc1)C(C)(C)C,[*:1]CCOCCO[*:2]
Cc1ncsc1-c1ccc(CNC(=O)[C@@H]2C[C@@H](O)CN2C(=O)[C@H](C(C)C)N2Cc3ccccc3C2=O)c(OCCCCOCCCCN2CCC(n3nc(-c4ccc(Oc5ccccc5)cc4)c4c(N)ncnc43)CC2)c1,[*:1]N1CCC(n2nc(-c3ccc(Oc4ccccc4)cc3)c3c(N)ncnc32)CC1,[*:2]Oc1cc(-c2scnc2C)ccc1CNC(=O)[C@@H]1C[C@@H](O)CN1C(=O)[C@H](C(C)C)N1Cc2ccccc2C1=O,[*:1]CCCCOCCCC[*:2]
Cc1ncsc1-c1ccc(CNC(=O)[C@@H]2C[C@@H](O)CN2C(=O)[C@H](C(C)C)N2Cc3ccccc3C2=O)c(OCCCOCCC(=O)N2CCC(n3nc(-c4ccc(Oc5ccccc5)cc4)c4c(N)ncnc43)CC2)c1,[*:1]N1CCC(n2nc(-c3ccc(Oc4ccccc4)cc3)c3c(N)ncnc32)CC1,[*:2]Oc1cc(-c2scnc2C)ccc1CNC(=O)[C@@H]1C[C@@H](O)CN1C(=O)[C@H](C(C)C)N1Cc2ccccc2C1=O,[*:1]C(=O)CCOCCC[*:2]
Nc1ncnc2c1c(-c1ccc(Oc3ccccc3)cc1)nn2C1CCN(CCOCCOCCOc2ccc3c(c2)C(=O)N(C2CCC(=O)NC2=O)C3=O)CC1,[*:1]N1CCC(n2nc(-c3ccc(Oc4ccccc4)cc3)c3c(N)ncnc32)CC1,[*:2]c1ccc2c(c1)C(=O)N(C1CCC(=O)NC1=O)C2=O,[*:1]CCOCCOCCO[*:2]
Cc1ncsc1-c1ccc(CNC(=O)[C@@H]2C[C@@H](O)CN2C(=O)[C@@H](NC(=O)CCCCCCCCCn2cc(Nc3ncc(Cl)c(NCc4cc(F)ccc4F)n3)cn2)C(C)(C)C)cc1,[*:1]Cn1cc(Nc2ncc(Cl)c(NCc3cc(F)ccc3F)n2)cn1,[*:2]CC(=O)N[C@H](C(=O)N1C[C@H](O)C[C@H]1C(=O)NCc1ccc(-c2scnc2C)cc1)C(C)(C)C,[*:1]CCCCCCC[*:2]
Cc1ncsc1-c1ccc(CNC(=O)[C@@H]2C[C@@H](O)CN2C(=O)[C@@H](NC(=O)CCCCCCCCCOc2cc(F)cc(CNc3nc(Nc4cnn(C)c4)ncc3Cl)c2F)C(C)(C)C)cc1,[*:1]c1cc(F)cc(CNc2nc(Nc3cnn(C)c3)ncc2Cl)c1F,[*:2]CC(=O)N[C@H](C(=O)N1C[C@H](O)C[C@H]1C(=O)NCc1ccc(-c2scnc2C)cc1)C(C)(C)C,[*:1]OCCCCCCCC[*:2]
Cc1noc(C)c1-c1ccc2c(c1)C(c1ccccc1)N(Cc1cn(CCOCC(=O)Nc3cccc4c3CN(C3CCC(=O)NC3=O)C4=O)nn1)C(=O)N2C,[*:1]N1C(=O)N(C)c2ccc(-c3c(C)noc3C)cc2C1c1ccccc1,[*:2]Nc1cccc2c1CN(C1CCC(=O)NC1=O)C2=O,[*:1]Cc1cn(CCOCC([*:2])=O)nn1
Cc1noc(C)c1-c1ccc2c(c1)C(c1ccccc1)N(Cc1cn(CCOCCOCCOCC(=O)Nc3cccc4c3CN(C3CCC(=O)NC3=O)C4=O)nn1)C(=O)N2C,[*:1]N1C(=O)N(C)c2ccc(-c3c(C)noc3C)cc2C1c1ccccc1,[*:2]Nc1cccc2c1CN(C1CCC(=O)NC1=O)C2=O,[*:1]Cc1cn(CCOCCOCCOCC([*:2])=O)nn1
Cc1noc(C)c1-c1ccc2c(c1)C(c1ccccc1)N(Cc1cn(CCOCCOCCOCCOCC(=O)Nc3cccc4c3CN(C3CCC(=O)NC3=O)C4=O)nn1)C(=O)N2C,[*:1]N1C(=O)N(C)c2ccc(-c3c(C)noc3C)cc2C1c1ccccc1,[*:2]Nc1cccc2c1CN(C1CCC(=O)NC1=O)C2=O,[*:1]Cc1cn(CCOCCOCCOCCOCC([*:2])=O)nn1
Cc1noc(C)c1-c1ccc2c(c1)C(c1ccccc1)N(Cc1cn(CCOCC(=O)Nc3cccc4c3C(=O)N(C3CCC(=O)NC3=O)C4=O)nn1)C(=O)N2C,[*:1]N1C(=O)N(C)c2ccc(-c3c(C)noc3C)cc2C1c1ccccc1,[*:2]Nc1cccc2c1C(=O)N(C1CCC(=O)NC1=O)C2=O,[*:1]Cc1cn(CCOCC([*:2])=O)nn1
Cc1noc(C)c1-c1ccc2c(c1)C(c1ccccc1)N(Cc1cn(CCOCCOCCOCC(=O)Nc3cccc4c3C(=O)N(C3CCC(=O)NC3=O)C4=O)nn1)C(=O)N2C,[*:1]N1C(=O)N(C)c2ccc(-c3c(C)noc3C)cc2C1c1ccccc1,[*:2]Nc1cccc2c1C(=O)N(C1CCC(=O)NC1=O)C2=O,[*:1]Cc1cn(CCOCCOCCOCC([*:2])=O)nn1
Cc1noc(C)c1-c1ccc2c(c1)C(c1ccccc1)N(Cc1cn(CCOCCOCCOCCOCC(=O)Nc3cccc4c3C(=O)N(C3CCC(=O)NC3=O)C4=O)nn1)C(=O)N2C,[*:1]N1C(=O)N(C)c2ccc(-c3c(C)noc3C)cc2C1c1ccccc1,[*:2]Nc1cccc2c1C(=O)N(C1CCC(=O)NC1=O)C2=O,[*:1]Cc1cn(CCOCCOCCOCCOCC([*:2])=O)nn1
CCC(C)(C)C(=O)C(=O)N1CCCC[C@H]1C(=O)O[C@H](CCc1ccc(OC)c(OC)c1)c1cccc(NC(=O)CCOCCOCCNC(=O)COc2ccc3c(c2)CCCN3C(=O)CCl)c1,[*:1]Nc1cccc([C@@H](CCc2ccc(OC)c(OC)c2)OC(=O)[C@@H]2CCCCN2C(=O)C(=O)C(C)(C)CC)c1,[*:2]COc1ccc2c(c1)CCCN2C(=O)CCl,[*:1]C(=O)CCOCCOCCNC([*:2])=O
CCC(C)(C)C(=O)C(=O)N1CCCC[C@H]1C(=O)O[C@H](CCc1ccc(OC)c(OC)c1)c1cccc(NC(=O)CCCC(=O)NCCCCC(=O)Nc2cccc3c2CN(C2CCC(=O)NC2=O)C3=O)c1,[*:1]Nc1cccc([C@@H](CCc2ccc(OC)c(OC)c2)OC(=O)[C@@H]2CCCCN2C(=O)C(=O)C(C)(C)CC)c1,[*:2]Nc1cccc2c1CN(C1CCC(=O)NC1=O)C2=O,[*:1]C(=O)CCCC(=O)NCCCCC([*:2])=O
CCC(C)(C)C(=O)C(=O)N1CCCC[C@H]1C(=O)O[C@H](CCc1ccc(OC)c(OC)c1)c1cccc(NC(=O)COc2ccc3c(c2)CCCN3C(=O)CCl)c1,[*:1]Nc1cccc([C@@H](CCc2ccc(OC)c(OC)c2)OC(=O)[C@@H]2CCCCN2C(=O)C(=O)C(C)(C)CC)c1,[*:2]COc1ccc2c(c1)CCCN2C(=O)CCl,[*:1]C([*:2])=O
CCC(C)(C)C(=O)C(=O)N1CCCC[C@H]1C(=O)O[C@H](CCc1ccc(OC)c(OC)c1)c1cccc(NC(=O)CCOCCOCCOCCOCCNC(=O)COc2ccc3c(c2)CCCN3C(=O)CCl)c1,[*:1]Nc1cccc([C@@H](CCc2ccc(OC)c(OC)c2)OC(=O)[C@@H]2CCCCN2C(=O)C(=O)C(C)(C)CC)c1,[*:2]COc1ccc2c(c1)CCCN2C(=O)CCl,[*:1]C(=O)CCOCCOCCOCCOCCNC([*:2])=O
Cc1sc2c(c1C)C(c1ccc(Cl)cc1)=N[C@@H](CC(=O)NCCOCCOCCNC(=O)COc1ccc3c(c1)CCCN3C(=O)CCl)c1nnc(C)n1-2,[*:1]NC(=O)C[C@@H]1N=C(c2ccc(Cl)cc2)c2c(sc(C)c2C)-n2c(C)nnc21,[*:2]COc1ccc2c(c1)CCCN2C(=O)CCl,[*:1]CCOCCOCCNC([*:2])=O
CC[C@@H]1C(=O)N(C)c2cnc(Nc3ccc(C(=O)NCCOCCOCCOCCOCCNc4cccc5c4C(=O)N(C4CCC(=O)NC4=O)C5=O)cc3OC)nc2N1C1CCCC1,[*:1]c1ccc(Nc2ncc3c(n2)N(C2CCCC2)[C@H](CC)C(=O)N3C)c(OC)c1,[*:2]Nc1cccc2c1C(=O)N(C1CCC(=O)NC1=O)C2=O,[*:1]C(=O)NCCOCCOCCOCCOCC[*:2]
Cc1sc2c(c1C)C(c1ccc(Cl)cc1)=N[C@@H](CC(=O)NCCOCCOCCOCc1ccc(-c3cc(=O)c4c(ccc5ccccc54)o3)cc1)c1nnc(C)n1-2,[*:1]NC(=O)C[C@@H]1N=C(c2ccc(Cl)cc2)c2c(sc(C)c2C)-n2c(C)nnc21,[*:2]c1ccc(-c2cc(=O)c3c(ccc4ccccc43)o2)cc1,[*:1]CCOCCOCCOC[*:2]
COc1ccc(Cl)c(S(=O)(=O)Nc2ccc(-c3nc(OC[C@H]4CN(CCCCCCOCCCCCCOCC(=O)N[C@H](C(=O)N5C[C@H](O)C[C@H]5C(=O)NCc5ccc(-c6scnc6C)cc5)C(C)(C)C)CCO4)c4c(C)n[nH]c4n3)cc2)c1,[*:1]N1CCO[C@@H](COc2nc(-c3ccc(NS(=O)(=O)c4cc(OC)ccc4Cl)cc3)nc3[nH]nc(C)c23)C1,[*:2]CC(=O)N[C@H](C(=O)N1C[C@H](O)C[C@H]1C(=O)NCc1ccc(-c2scnc2C)cc1)C(C)(C)C,[*:1]CCCCCCOCCCCCCO[*:2]
C=CC(=O)N1CCN(c2nc(NCCCc3cn(COCCOCCOCCC(=O)Nc4cccc5c4CN(C4CCC(=O)NC4=O)C5=O)nn3)nc3c(F)c(-c4cc(O)cc5ccccc45)c(Cl)cc23)CC1,[*:1]c1nc(N2CCN(C(=O)C=C)CC2)c2cc(Cl)c(-c3cc(O)cc4ccccc34)c(F)c2n1,[*:2]Nc1cccc2c1CN(C1CCC(=O)NC1=O)C2=O,[*:1]NCCCc1cn(COCCOCCOCCC([*:2])=O)nn1
C=CC(=O)N1CCN(c2nc(NCCOCCOCCOCCc3cn(COCCOCCOCCC(=O)Nc4cccc5c4CN(C4CCC(=O)NC4=O)C5=O)nn3)nc3c(F)c(-c4cc(O)cc5ccccc45)c(Cl)cc23)CC1,[*:1]c1nc(N2CCN(C(=O)C=C)CC2)c2cc(Cl)c(-c3cc(O)cc4ccccc34)c(F)c2n1,[*:2]Nc1cccc2c1CN(C1CCC(=O)NC1=O)C2=O,[*:1]NCCOCCOCCOCCc1cn(COCCOCCOCCC([*:2])=O)nn1
C=CC(=O)N1CCN(c2nc(NCCOCCN3CCN(CCOCCNc4cccc5c4C(=O)N(C4CCC(=O)NC4=O)C5=O)CC3)nc3c(F)c(-c4cc(O)cc5ccccc45)c(Cl)cc23)CC1,[*:1]c1nc(N2CCN(C(=O)C=C)CC2)c2cc(Cl)c(-c3cc(O)cc4ccccc34)c(F)c2n1,[*:2]Nc1cccc2c1C(=O)N(C1CCC(=O)NC1=O)C2=O,[*:1]NCCOCCN1CCN(CCOCC[*:2])CC1
CO[C@H]1C[C@@H]2CC[C@@H](C)[C@@](O)(O2)C(=O)C(=O)N2CCCC[C@H]2C(=O)O[C@H]([C@H](C)C[C@@H]2CC[C@@H](OCCOCc3cn(CCOCCOCCNc4cccc5c4C(=O)N(C4CCC(=O)NC4=O)C5=O)nn3)[C@H](OC)C2)CC(=O)[C@H](C)/C=C(\C)[C@@H](O)[C@@H](OC)C(=O)[C@H](C)C[C@H](C)/C=C/C=C/C=C/1C,[*:1]O[C@@H]1CC[C@@H](C[C@@H](C)[C@@H]2CC(=O)[C@H](C)/C=C(\C)[C@@H](O)[C@@H](OC)C(=O)[C@H](C)C[C@H](C)/C=C/C=C/C=C(\C)[C@@H](OC)C[C@@H]3CC[C@@H](C)[C@@](O)(O3)C(=O)C(=O)N3CCCC[C@H]3C(=O)O2)C[C@H]1OC,[*:2]Nc1cccc2c1C(=O)N(C1CCC(=O)NC1=O)C2=O,[*:1]CCOCc1cn(CCOCCOCC[*:2])nn1
Nc1ncnc2c1c(-c1ccc(Oc3ccccc3)cc1)nn2[C@@H]1CCCN(C(=O)CCCc2cn(CCOCCOCCNc3cccc4c3C(=O)N(C3CCC(=O)NC3=O)C4=O)nn2)C1,[*:1]N1CCC[C@@H](n2nc(-c3ccc(Oc4ccccc4)cc3)c3c(N)ncnc32)C1,[*:2]Nc1cccc2c1C(=O)N(C1CCC(=O)NC1=O)C2=O,[*:1]C(=O)CCCc1cn(CCOCCOCC[*:2])nn1
CN[C@@H](C)C(=O)N[C@H](C(=O)N1Cc2cc(OCCOCCOCCOCCOc3cc4nccc(Nc5ccc6scnc6c5)c4cc3S(=O)(=O)C(C)(C)C)ccc2C[C@H]1C(=O)N[C@@H]1CCCc2ccccc21)C(C)(C)C,[*:1]COc1cc2nccc(Nc3ccc4scnc4c3)c2cc1S(=O)(=O)C(C)(C)C,[*:2]c1ccc2c(c1)CN(C(=O)[C@@H](NC(=O)[C@H](C)NC)C(C)(C)C)[C@H](C(=O)N[C@@H]1CCCc3ccccc31)C2,[*:1]COCCOCCOCCO[*:2]
CC(C)(C)S(=O)(=O)c1cc2c(Nc3ccc4scnc4c3)ccnc2cc1OCCOCCOCCOCCOCC(=O)Nc1cccc2c1CN(C1CCC(=O)NC1=O)C2=O,[*:1]COc1cc2nccc(Nc3ccc4scnc4c3)c2cc1S(=O)(=O)C(C)(C)C,[*:2]Nc1cccc2c1CN(C1CCC(=O)NC1=O)C2=O,[*:1]COCCOCCOCCOCC([*:2])=O
CN[C@@H](C)C(=O)N[C@H](C(=O)N1C[C@@H](NC(=O)c2cnc(N3CCN(CCCOc4cc5ncnc(Nc6n[nH]c(C)c6C)c5cc4S(=O)(=O)C(C)(C)C)CC3)cn2)C[C@H]1C(=O)Nc1c(F)cccc1F)C(C)(C)C,[*:1]COc1cc2ncnc(Nc3n[nH]c(C)c3C)c2cc1S(=O)(=O)C(C)(C)C,[*:2]N[C@H]1C[C@@H](C(=O)Nc2c(F)cccc2F)N(C(=O)[C@@H](NC(=O)[C@H](C)NC)C(C)(C)C)C1,[*:1]CCN1CCN(c2cnc(C([*:2])=O)cn2)CC1
Cc1ncsc1-c1ccc(CNC(=O)[C@@H]2C[C@@H](O)CN2C(=O)[C@@H](NC(=O)CCOCCOCCC(=O)NCCCOC(=O)NC(Nc2ncccn2)C(Cl)(Cl)Cl)C(C)(C)C)cc1,[*:1]NCCCOC(=O)NC(Nc1ncccn1)C(Cl)(Cl)Cl,[*:2]CC(=O)N[C@H](C(=O)N1C[C@H](O)C[C@H]1C(=O)NCc1ccc(-c2scnc2C)cc1)C(C)(C)C,[*:1]C(=O)CCOCCOC[*:2]
Cc1ncsc1-c1ccc(CNC(=O)[C@@H]2C[C@@H](O)CN2C(=O)[C@@H](NC(=O)CCOCCOCCOCCC(=O)NCCCOC(=O)NC(Nc2ncccn2)C(Cl)(Cl)Cl)C(C)(C)C)cc1,[*:1]NCCCOC(=O)NC(Nc1ncccn1)C(Cl)(Cl)Cl,[*:2]CC(=O)N[C@H](C(=O)N1C[C@H](O)C[C@H]1C(=O)NCc1ccc(-c2scnc2C)cc1)C(C)(C)C,[*:1]C(=O)CCOCCOCCOC[*:2]
Cc1ncsc1-c1ccc(CNC(=O)[C@@H]2C[C@@H](O)CN2C(=O)[C@@H](NC(=O)CCOCCOCCOCCOCCC(=O)NCCCOC(=O)NC(Nc2ncccn2)C(Cl)(Cl)Cl)C(C)(C)C)cc1,[*:1]NCCCOC(=O)NC(Nc1ncccn1)C(Cl)(Cl)Cl,[*:2]CC(=O)N[C@H](C(=O)N1C[C@H](O)C[C@H]1C(=O)NCc1ccc(-c2scnc2C)cc1)C(C)(C)C,[*:1]C(=O)CCOCCOCCOCCOC[*:2]
Cc1ncsc1-c1ccc(CNC(=O)[C@@H]2C[C@@H](O)CN2C(=O)[C@@H](NC(=O)CCOCCOCCOCCOCCOCCOCCC(=O)NCCCOC(=O)NC(Nc2ncccn2)C(Cl)(Cl)Cl)C(C)(C)C)cc1,[*:1]NCCCOC(=O)NC(Nc1ncccn1)C(Cl)(Cl)Cl,[*:2]CC(=O)N[C@H](C(=O)N1C[C@H](O)C[C@H]1C(=O)NCc1ccc(-c2scnc2C)cc1)C(C)(C)C,[*:1]C(=O)CCOCCOCCOCCOCCOCCOC[*:2]
Cc1ncsc1-c1ccc(CNC(=O)[C@@H]2C[C@@H](O)CN2C(=O)[C@@H](NC(=O)CCOCCOCCOCCOCCOCCOCCOCCC(=O)NCCCOC(=O)NC(Nc2ncccn2)C(Cl)(Cl)Cl)C(C)(C)C)cc1,[*:1]NCCCOC(=O)NC(Nc1ncccn1)C(Cl)(Cl)Cl,[*:2]CC(=O)N[C@H](C(=O)N1C[C@H](O)C[C@H]1C(=O)NCc1ccc(-c2scnc2C)cc1)C(C)(C)C,[*:1]C(=O)CCOCCOCCOCCOCCOCCOCCOC[*:2]
Cc1ncsc1-c1ccc(CNC(=O)[C@@H]2C[C@@H](O)CN2C(=O)[C@@H](NC(=O)CCOCCOCCOCCOCCOCCOCCOCCOCCOCCC(=O)NCCCOC(=O)NC(Nc2ncccn2)C(Cl)(Cl)Cl)C(C)(C)C)cc1,[*:1]NCCCOC(=O)NC(Nc1ncccn1)C(Cl)(Cl)Cl,[*:2]CC(=O)N[C@H](C(=O)N1C[C@H](O)C[C@H]1C(=O)NCc1ccc(-c2scnc2C)cc1)C(C)(C)C,[*:1]C(=O)CCOCCOCCOCCOCCOCCOCCOCCOCCOC[*:2]
O=C(CCOCCOCCC(=O)NCCCOc1cccc2c1C(=O)N(C1CCC(=O)NC1=O)C2=O)NCCCOC(=O)NC(Nc1ncccn1)C(Cl)(Cl)Cl,[*:1]NCCCOC(=O)NC(Nc1ncccn1)C(Cl)(Cl)Cl,[*:2]c1cccc2c1C(=O)N(C1CCC(=O)NC1=O)C2=O,[*:1]C(=O)CCOCCOCCC(=O)NCCCO[*:2]
O=C(CCOCCOCCOCCC(=O)NCCCOc1cccc2c1C(=O)N(C1CCC(=O)NC1=O)C2=O)NCCCOC(=O)NC(Nc1ncccn1)C(Cl)(Cl)Cl,[*:1]NCCCOC(=O)NC(Nc1ncccn1)C(Cl)(Cl)Cl,[*:2]c1cccc2c1C(=O)N(C1CCC(=O)NC1=O)C2=O,[*:1]C(=O)CCOCCOCCOCCC(=O)NCCCO[*:2]
O=C(CCOCCOCCOCCOCCOCCC(=O)NCCCOc1cccc2c1C(=O)N(C1CCC(=O)NC1=O)C2=O)NCCCOC(=O)NC(Nc1ncccn1)C(Cl)(Cl)Cl,[*:1]NCCCOC(=O)NC(Nc1ncccn1)C(Cl)(Cl)Cl,[*:2]c1cccc2c1C(=O)N(C1CCC(=O)NC1=O)C2=O,[*:1]C(=O)CCOCCOCCOCCOCCOCCC(=O)NCCCO[*:2]
O=C(CCOCCOCCOCCC(=O)NCCOc1cccc2c1C(=O)N(C1CCC(=O)NC1=O)C2=O)NCCCOC(=O)NC(Nc1ncccn1)C(Cl)(Cl)Cl,[*:1]NCCCOC(=O)NC(Nc1ncccn1)C(Cl)(Cl)Cl,[*:2]c1cccc2c1C(=O)N(C1CCC(=O)NC1=O)C2=O,[*:1]C(=O)CCOCCOCCOCCC(=O)NCCO[*:2]
O=C(CCOCCOCCOCCOCCOCCOCCC(=O)NCCOc1cccc2c1C(=O)N(C1CCC(=O)NC1=O)C2=O)NCCCOC(=O)NC(Nc1ncccn1)C(Cl)(Cl)Cl,[*:1]NCCCOC(=O)NC(Nc1ncccn1)C(Cl)(Cl)Cl,[*:2]c1cccc2c1C(=O)N(C1CCC(=O)NC1=O)C2=O,[*:1]C(=O)CCOCCOCCOCCOCCOCCOCCC(=O)NCCO[*:2]
O=C(CCOCCOCCOCCOCCOCCOCCC(=O)NCCCOc1cccc2c1C(=O)N(C1CCC(=O)NC1=O)C2=O)NCCCOC(=O)NC(Nc1ncccn1)C(Cl)(Cl)Cl,[*:1]NCCCOC(=O)NC(Nc1ncccn1)C(Cl)(Cl)Cl,[*:2]c1cccc2c1C(=O)N(C1CCC(=O)NC1=O)C2=O,[*:1]C(=O)CCOCCOCCOCCOCCOCCOCCC(=O)NCCCO[*:2]
O=C(CCOCCOCCOCCOCCOCCOCCOCCOCCOCCC(=O)NCCCOc1cccc2c1C(=O)N(C1CCC(=O)NC1=O)C2=O)NCCCOC(=O)NC(Nc1ncccn1)C(Cl)(Cl)Cl,[*:1]NCCCOC(=O)NC(Nc1ncccn1)C(Cl)(Cl)Cl,[*:2]c1cccc2c1C(=O)N(C1CCC(=O)NC1=O)C2=O,[*:1]C(=O)CCOCCOCCOCCOCCOCCOCCOCCOCCOCCC(=O)NCCCO[*:2]
O=C(CCOCCOCCOCCOCCOCCn1cc(COc2cccc3c2C(=O)N(C2CCC(=O)NC2=O)C3=O)nn1)NCCCOC(=O)NC(Nc1ncccn1)C(Cl)(Cl)Cl,[*:1]NCCCOC(=O)NC(Nc1ncccn1)C(Cl)(Cl)Cl,[*:2]c1cccc2c1C(=O)N(C1CCC(=O)NC1=O)C2=O,[*:1]C(=O)CCOCCOCCOCCOCCOCCn1cc(CO[*:2])nn1
Cc1ncsc1-c1ccc(CNC(=O)[C@@H]2C[C@@H](O)CN2C(=O)[C@@H](NC(=O)COCCOCCOCCOCC(=O)N[C@H](C(=O)N2C[C@H](O)C[C@H]2C(=O)NCc2ccc(-c3scnc3C)cc2)C(C)(C)C)C(C)(C)C)cc1,[*:1]CC(=O)N[C@H](C(=O)N1C[C@H](O)C[C@H]1C(=O)NCc1ccc(-c2scnc2C)cc1)C(C)(C)C,[*:2]CC(=O)N[C@H](C(=O)N1C[C@H](O)C[C@H]1C(=O)NCc1ccc(-c2scnc2C)cc1)C(C)(C)C,[*:1]OCCOCCOCCO[*:2]
Cc1ncsc1-c1ccc(CNC(=O)[C@@H]2C[C@@H](O)CN2C(=O)[C@@H](NC(=O)COCCOCCOCCOCCOCC(=O)N[C@H](C(=O)N2C[C@H](O)C[C@H]2C(=O)NCc2ccc(-c3scnc3C)cc2)C(C)(C)C)C(C)(C)C)cc1,[*:1]CC(=O)N[C@H](C(=O)N1C[C@H](O)C[C@H]1C(=O)NCc1ccc(-c2scnc2C)cc1)C(C)(C)C,[*:2]CC(=O)N[C@H](C(=O)N1C[C@H](O)C[C@H]1C(=O)NCc1ccc(-c2scnc2C)cc1)C(C)(C)C,[*:1]OCCOCCOCCOCCO[*:2]
Cc1ncsc1-c1ccc(CNC(=O)[C@@H]2C[C@@H](O)CN2C(=O)[C@@H](NC(=O)COCCOCCOCCOCCOCCOCC(=O)N[C@H](C(=O)N2C[C@H](O)C[C@H]2C(=O)NCc2ccc(-c3scnc3C)cc2)C(C)(C)C)C(C)(C)C)cc1,[*:1]CC(=O)N[C@H](C(=O)N1C[C@H](O)C[C@H]1C(=O)NCc1ccc(-c2scnc2C)cc1)C(C)(C)C,[*:2]CC(=O)N[C@H](C(=O)N1C[C@H](O)C[C@H]1C(=O)NCc1ccc(-c2scnc2C)cc1)C(C)(C)C,[*:1]OCCOCCOCCOCCOCCO[*:2]
CC(=O)N[C@H](C(=O)N1C[C@H](O)C[C@H]1C(=O)NCc1ccc(-c2scnc2C)cc1OCCOCCOCCOCCOCCOc1cc(-c2scnc2C)ccc1CNC(=O)[C@@H]1C[C@@H](O)CN1C(=O)[C@@H](NC(C)=O)C(C)(C)C)C(C)(C)C,[*:1]c1cc(-c2scnc2C)ccc1CNC(=O)[C@@H]1C[C@@H](O)CN1C(=O)[C@@H](NC(C)=O)C(C)(C)C,[*:2]c1cc(-c2scnc2C)ccc1CNC(=O)[C@@H]1C[C@@H](O)CN1C(=O)[C@@H](NC(C)=O)C(C)(C)C,[*:1]OCCOCCOCCOCCOCCO[*:2]
Cc1ncsc1-c1ccc(CNC(=O)[C@@H]2C[C@@H](O)CN2C(=O)[C@@H](NC(=O)C2(C#N)CC2)C(C)(C)C)c(OCCOCCOCCOCCOCCOc2cc(-c3scnc3C)ccc2CNC(=O)[C@@H]2C[C@@H](O)CN2C(=O)[C@@H](NC(=O)C2(C#N)CC2)C(C)(C)C)c1,[*:1]c1cc(-c2scnc2C)ccc1CNC(=O)[C@@H]1C[C@@H](O)CN1C(=O)[C@@H](NC(=O)C1(C#N)CC1)C(C)(C)C,[*:2]c1cc(-c2scnc2C)ccc1CNC(=O)[C@@H]1C[C@@H](O)CN1C(=O)[C@@H](NC(=O)C1(C#N)CC1)C(C)(C)C,[*:1]OCCOCCOCCOCCOCCO[*:2]
CC(=O)N[C@H](C(=O)N1C[C@H](O)C[C@H]1C(=O)NCc1ccc(-c2scnc2C)cc1OCCOCCOCCOCCOCCOCC(=O)N[C@H](C(=O)N1C[C@H](O)C[C@H]1C(=O)NCc1ccc(-c2scnc2C)cc1)C(C)(C)C)C(C)(C)C,[*:1]c1cc(-c2scnc2C)ccc1CNC(=O)[C@@H]1C[C@@H](O)CN1C(=O)[C@@H](NC(C)=O)C(C)(C)C,[*:2]CC(=O)N[C@H](C(=O)N1C[C@H](O)C[C@H]1C(=O)NCc1ccc(-c2scnc2C)cc1)C(C)(C)C,[*:1]OCCOCCOCCOCCOCCO[*:2]
Cc1ncsc1-c1ccc(CNC(=O)[C@@H]2C[C@@H](O)CN2C(=O)[C@@H](NC(=O)COCCOCCOCCOCCOCCOc2cc(-c3scnc3C)ccc2CNC(=O)[C@@H]2C[C@@H](O)CN2C(=O)[C@@H](NC(=O)C2(C#N)CC2)C(C)(C)C)C(C)(C)C)cc1,[*:1]c1cc(-c2scnc2C)ccc1CNC(=O)[C@@H]1C[C@@H](O)CN1C(=O)[C@@H](NC(=O)C1(C#N)CC1)C(C)(C)C,[*:2]CC(=O)N[C@H](C(=O)N1C[C@H](O)C[C@H]1C(=O)NCc1ccc(-c2scnc2C)cc1)C(C)(C)C,[*:1]OCCOCCOCCOCCOCCO[*:2]
CC[C@H](C)[C@H](N)c1cn([C@@H](Cc2ccc(O)cc2)C(=O)N2CCN(c3nc(NCCOCCOCCOCc4cn(CCOCCOCCOCCNC(=O)CN5CCN(C(=O)N6C(c7ccc(OC)cc7OC(C)C)=N[C@@H](c7ccc(Cl)cc7)[C@H]6c6ccc(Cl)cc6)CC5=O)nn4)nc(N4CCN(C(=O)[C@H](Cc5ccc(O)cc5)n5cc([C@@H](N)[C@@H](C)CC)nn5)CC4)n3)CC2)nn1,[*:1]Nc1nc(N2CCN(C(=O)[C@H](Cc3ccc(O)cc3)n3cc([C@@H](N)[C@@H](C)CC)nn3)CC2)nc(N2CCN(C(=O)[C@H](Cc3ccc(O)cc3)n3cc([C@@H](N)[C@@H](C)CC)nn3)CC2)n1,[*:2]N1CCN(C(=O)N2C(c3ccc(OC)cc3OC(C)C)=N[C@@H](c3ccc(Cl)cc3)[C@H]2c2ccc(Cl)cc2)CC1=O,[*:1]CCOCCOCCOCc1cn(CCOCCOCCOCCNC(=O)C[*:2])nn1
CC(C)C[C@H](NC(=O)[C@@H](O)[C@H](N)Cc1ccccc1)C(=O)NCCOCCOCCOCCNC(=O)c1cccc(-c2cc(Nc3ccc(OC(F)(F)F)cc3)ncn2)c1,[*:1]OCCNC(=O)c1cccc(-c2cc(Nc3ccc(OC(F)(F)F)cc3)ncn2)c1,[*:2]CNC(=O)[C@H](CC(C)C)NC(=O)[C@@H](O)[C@H](N)Cc1ccccc1,[*:1]CCOCCOC[*:2]
CN[C@@H](C)C(=O)N[C@H](C(=O)N1CCC[C@H]1c1nc(C(=O)c2cccc(OCCOCCOCCOCCNC(=O)c3cccc(-c4cc(Nc5ccc(OC(F)(F)F)cc5)ncn4)c3)c2)cs1)C1CCCCC1,[*:1]OCCNC(=O)c1cccc(-c2cc(Nc3ccc(OC(F)(F)F)cc3)ncn2)c1,[*:2]COc1cccc(C(=O)c2csc([C@@H]3CCCN3C(=O)[C@@H](NC(=O)[C@H](C)NC)C3CCCCC3)n2)c1,[*:1]CCOCCOC[*:2]
CC/C(=C(\c1ccc(O)cc1)c1ccc(OCCN(C)C(=O)CCNC(=O)[C@H](CC(C)C)NC(=O)[C@@H](O)[C@H](N)Cc2ccccc2)cc1)c1ccccc1,[*:1]N(C)CCOc1ccc(/C(=C(/CC)c2ccccc2)c2ccc(O)cc2)cc1,[*:2]CNC(=O)[C@H](CC(C)C)NC(=O)[C@@H](O)[C@H](N)Cc1ccccc1,[*:1]C(=O)C[*:2]
CC/C(=C(\c1ccc(O)cc1)c1ccc(OCCN(C)C(=O)CCCCNC(=O)[C@H](CC(C)C)NC(=O)[C@@H](O)[C@H](N)Cc2ccccc2)cc1)c1ccccc1,[*:1]N(C)CCOc1ccc(/C(=C(/CC)c2ccccc2)c2ccc(O)cc2)cc1,[*:2]CNC(=O)[C@H](CC(C)C)NC(=O)[C@@H](O)[C@H](N)Cc1ccccc1,[*:1]C(=O)CCC[*:2]
CC/C(=C(\c1ccc(O)cc1)c1ccc(OCCN(C)C(=O)CCCCCCNC(=O)[C@H](CC(C)C)NC(=O)[C@@H](O)[C@H](N)Cc2ccccc2)cc1)c1ccccc1,[*:1]N(C)CCOc1ccc(/C(=C(/CC)c2ccccc2)c2ccc(O)cc2)cc1,[*:2]CNC(=O)[C@H](CC(C)C)NC(=O)[C@@H](O)[C@H](N)Cc1ccccc1,[*:1]C(=O)CCCCC[*:2]
CC/C(=C(\c1ccc(O)cc1)c1ccc(OCCN(C)C(=O)COCCOCCOc2cccc(C(=O)c3csc([C@@H]4CCCN4C(=O)[C@@H](NC(=O)[C@H](C)NC)C4CCCCC4)n3)c2)cc1)c1ccccc1,[*:1]N(C)CCOc1ccc(/C(=C(/CC)c2ccccc2)c2ccc(O)cc2)cc1,[*:2]COc1cccc(C(=O)c2csc([C@@H]3CCCN3C(=O)[C@@H](NC(=O)[C@H](C)NC)C3CCCCC3)n2)c1,[*:1]C(=O)COCCOC[*:2]
CC/C(=C(\c1ccc(O)cc1)c1ccc(OCCN(C)C(=O)COCCOCCOCCOc2cccc(C(=O)c3csc([C@@H]4CCCN4C(=O)[C@@H](NC(=O)[C@H](C)NC)C4CCCCC4)n3)c2)cc1)c1ccccc1,[*:1]N(C)CCOc1ccc(/C(=C(/CC)c2ccccc2)c2ccc(O)cc2)cc1,[*:2]COc1cccc(C(=O)c2csc([C@@H]3CCCN3C(=O)[C@@H](NC(=O)[C@H](C)NC)C3CCCCC3)n2)c1,[*:1]C(=O)COCCOCCOC[*:2]
CC/C(=C(\c1ccc(O)cc1)c1ccc(OCCN(C)C(=O)COCCOCCOCCOCCOc2cccc(C(=O)c3csc([C@@H]4CCCN4C(=O)[C@@H](NC(=O)[C@H](C)NC)C4CCCCC4)n3)c2)cc1)c1ccccc1,[*:1]N(C)CCOc1ccc(/C(=C(/CC)c2ccccc2)c2ccc(O)cc2)cc1,[*:2]COc1cccc(C(=O)c2csc([C@@H]3CCCN3C(=O)[C@@H](NC(=O)[C@H](C)NC)C3CCCCC3)n2)c1,[*:1]C(=O)COCCOCCOCCOC[*:2]
CN[C@@H](C)C(=O)N[C@H](C(=O)N1CCC[C@H]1c1nc(C(=O)c2cccc(OCCOCCOCCOCCNC(=O)C[C@@H]3N=C(c4ccc(Cl)cc4)c4c(sc(C)c4C)-n4c(C)nnc43)c2)cs1)C1CCCCC1,[*:1]NC(=O)C[C@@H]1N=C(c2ccc(Cl)cc2)c2c(sc(C)c2C)-n2c(C)nnc21,[*:2]COc1cccc(C(=O)c2csc([C@@H]3CCCN3C(=O)[C@@H](NC(=O)[C@H](C)NC)C3CCCCC3)n2)c1,[*:1]CCOCCOCCOC[*:2]
CC/C(=C(\c1ccc(O)cc1)c1ccc(OCCN(C)C(=O)COCCOCCOCCNC(=O)[C@H](CC(C)C)NC(=O)[C@@H](O)[C@H](N)Cc2ccccc2)cc1)c1ccccc1,[*:1]N(C)CCOc1ccc(/C(=C(/CC)c2ccccc2)c2ccc(O)cc2)cc1,[*:2]CNC(=O)[C@H](CC(C)C)NC(=O)[C@@H](O)[C@H](N)Cc1ccccc1,[*:1]C(=O)COCCOCCOC[*:2]
CN[C@@H](C)C(=O)N[C@H](C(=O)N1CCC[C@H]1c1nc(C(=O)c2cccc(OCCOCCOCCOCCOCCNC(=O)C[C@@H]3N=C(c4ccc(Cl)cc4)c4c(sc(C)c4C)-n4c(C)nnc43)c2)cs1)C1CCCCC1,[*:1]NC(=O)C[C@@H]1N=C(c2ccc(Cl)cc2)c2c(sc(C)c2C)-n2c(C)nnc21,[*:2]COc1cccc(C(=O)c2csc([C@@H]3CCCN3C(=O)[C@@H](NC(=O)[C@H](C)NC)C3CCCCC3)n2)c1,[*:1]CCOCCOCCOCCOC[*:2]
CC/C(=C(\c1ccc(O)cc1)c1ccc(OCCN(C)C(=O)COCCOCCOCCOc2cccc(O[C@H]3C[C@@H](C(=O)N[C@@H]4CCCc5ccccc54)N(C(=O)[C@@H](NC(=O)[C@H](C)NC)C4CCCCC4)C3)c2)cc1)c1ccccc1,[*:1]N(C)CCOc1ccc(/C(=C(/CC)c2ccccc2)c2ccc(O)cc2)cc1,[*:2]c1cccc(O[C@H]2C[C@@H](C(=O)N[C@@H]3CCCc4ccccc43)N(C(=O)[C@@H](NC(=O)[C@H](C)NC)C3CCCCC3)C2)c1,[*:1]C(=O)COCCOCCOCCO[*:2]
CC/C(=C(\c1ccc(O)cc1)c1ccc(OCCN(C)C(=O)COCCOCCOCCOc2ccc(O[C@H]3C[C@@H](C(=O)N[C@@H]4CCCc5ccccc54)N(C(=O)[C@@H](NC(=O)[C@H](C)NC)C4CCCCC4)C3)cc2)cc1)c1ccccc1,[*:1]N(C)CCOc1ccc(/C(=C(/CC)c2ccccc2)c2ccc(O)cc2)cc1,[*:2]c1ccc(O[C@H]2C[C@@H](C(=O)N[C@@H]3CCCc4ccccc43)N(C(=O)[C@@H](NC(=O)[C@H](C)NC)C3CCCCC3)C2)cc1,[*:1]C(=O)COCCOCCOCCO[*:2]
CC/C(=C(\c1ccc(O)cc1)c1ccc(OCCN(C)C(=O)COCCOCCOCCOc2cccc(CCN3C[C@@H]4CC[C@H]3[C@@H](NC(=O)[C@@H](NC(=O)[C@H](C)NC)C3CCCCC3)C4)c2)cc1)c1ccccc1,[*:1]N(C)CCOc1ccc(/C(=C(/CC)c2ccccc2)c2ccc(O)cc2)cc1,[*:2]c1cccc(CCN2C[C@@H]3CC[C@H]2[C@@H](NC(=O)[C@@H](NC(=O)[C@H](C)NC)C2CCCCC2)C3)c1,[*:1]C(=O)COCCOCCOCCO[*:2]
CC/C(=C(\c1ccc(O)cc1)c1ccc(OCCN(C)C(=O)COCCOCCOCCOc2ccccc2O[C@H]2C[C@@H](C(=O)N[C@@H]3CCCc4ccccc43)N(C(=O)[C@@H](NC(=O)[C@H](C)NC)C3CCCCC3)C2)cc1)c1ccccc1,[*:1]N(C)CCOc1ccc(/C(=C(/CC)c2ccccc2)c2ccc(O)cc2)cc1,[*:2]c1ccccc1O[C@H]1C[C@@H](C(=O)N[C@@H]2CCCc3ccccc32)N(C(=O)[C@@H](NC(=O)[C@H](C)NC)C2CCCCC2)C1,[*:1]C(=O)COCCOCCOCCO[*:2]
CC/C(=C(\c1ccc(O)cc1)c1ccc(OCCN(C)C(=O)COCCOCCOCCOc2ccc(CCN3C[C@@H]4CC[C@H]3[C@@H](NC(=O)[C@@H](NC(=O)[C@H](C)NC)C3CCCCC3)C4)cc2)cc1)c1ccccc1,[*:1]N(C)CCOc1ccc(/C(=C(/CC)c2ccccc2)c2ccc(O)cc2)cc1,[*:2]c1ccc(CCN2C[C@@H]3CC[C@H]2[C@@H](NC(=O)[C@@H](NC(=O)[C@H](C)NC)C2CCCCC2)C3)cc1,[*:1]C(=O)COCCOCCOCCO[*:2]
CC/C(=C(\c1ccc(O)cc1)c1ccc(OCCN(C)C(=O)COCCOCCOCCOc2cccc(O[C@@H]3C[C@@H](C(=O)N[C@@H]4CCCc5ccccc54)N(C(=O)[C@@H](NC(=O)[C@H](C)NC)C4CCCCC4)C3)c2)cc1)c1ccccc1,[*:1]N(C)CCOc1ccc(/C(=C(/CC)c2ccccc2)c2ccc(O)cc2)cc1,[*:2]c1cccc(O[C@@H]2C[C@@H](C(=O)N[C@@H]3CCCc4ccccc43)N(C(=O)[C@@H](NC(=O)[C@H](C)NC)C3CCCCC3)C2)c1,[*:1]C(=O)COCCOCCOCCO[*:2]
CC/C(=C(\c1ccc(O)cc1)c1ccc(OCCN(C)C(=O)COCCOCCOCCOc2ccc(O[C@H]3C[C@@H](c4nc(-c5ccc(F)c6ccccc56)cs4)N(C(=O)[C@@H](NC(=O)[C@H](C)NC)C4CCCCC4)C3)cc2)cc1)c1ccccc1,[*:1]N(C)CCOc1ccc(/C(=C(/CC)c2ccccc2)c2ccc(O)cc2)cc1,[*:2][C@H]1C[C@@H](c2nc(-c3ccc(F)c4ccccc34)cs2)N(C(=O)[C@@H](NC(=O)[C@H](C)NC)C2CCCCC2)C1,[*:1]C(=O)COCCOCCOCCOc1ccc(O[*:2])cc1
Cc1c(C#N)c(-c2ccc(C#N)cc2)c(C)n1Cc1ccc(C(=O)NCCOCCOCCOCCNC(=O)[C@H](CC(C)C)NC(=O)[C@@H](O)[C@H](N)Cc2ccccc2)cc1,[*:1]c1ccc(Cn2c(C)c(C#N)c(-c3ccc(C#N)cc3)c2C)cc1,[*:2]CNC(=O)[C@H](CC(C)C)NC(=O)[C@@H](O)[C@H](N)Cc1ccccc1,[*:1]C(=O)NCCOCCOCCOC[*:2]
CN[C@@H](C)C(=O)N[C@H](C(=O)N1CCC[C@H]1c1nc(C(=O)c2cccc(OCCOCCOCCNC(=O)c3ccc(Cn4c(C)c(C#N)c(-c5ccc(C#N)cc5)c4C)cc3)c2)cs1)C1CCCCC1,[*:1]c1ccc(Cn2c(C)c(C#N)c(-c3ccc(C#N)cc3)c2C)cc1,[*:2]COc1cccc(C(=O)c2csc([C@@H]3CCCN3C(=O)[C@@H](NC(=O)[C@H](C)NC)C3CCCCC3)n2)c1,[*:1]C(=O)NCCOCCOC[*:2]
CN[C@@H](C)C(=O)N[C@H](C(=O)N1CCC[C@H]1c1nc(C(=O)c2cccc(OCCOCCOCCOCC#Cc3ccc(Cn4c(C)c(C#N)c(-c5ccc(C#N)cc5)c4C)cc3)c2)cs1)C1CCCCC1,[*:1]c1ccc(Cn2c(C)c(C#N)c(-c3ccc(C#N)cc3)c2C)cc1,[*:2]COc1cccc(C(=O)c2csc([C@@H]3CCCN3C(=O)[C@@H](NC(=O)[C@H](C)NC)C3CCCCC3)n2)c1,[*:1]C#CCOCCOCCOC[*:2]
CN[C@@H](C)C(=O)N[C@H](C(=O)N1CCC[C@H]1c1nc(C(=O)c2cccc(OCCOCCOCCOCCCc3ccc(Cn4c(C)c(C#N)c(-c5ccc(C#N)cc5)c4C)cc3)c2)cs1)C1CCCCC1,[*:1]c1ccc(Cn2c(C)c(C#N)c(-c3ccc(C#N)cc3)c2C)cc1,[*:2]COc1cccc(C(=O)c2csc([C@@H]3CCCN3C(=O)[C@@H](NC(=O)[C@H](C)NC)C3CCCCC3)n2)c1,[*:1]CCCOCCOCCOC[*:2]
CN[C@@H](C)C(=O)N[C@H](C(=O)N1CCC[C@H]1c1nc(C(=O)c2cccc(OCCOCCOCCOCCOc3ccc(Cn4c(C)c(C#N)c(-c5ccc(C#N)cc5)c4C)cc3)c2)cs1)C1CCCCC1,[*:1]c1ccc(Cn2c(C)c(C#N)c(-c3ccc(C#N)cc3)c2C)cc1,[*:2]COc1cccc(C(=O)c2csc([C@@H]3CCCN3C(=O)[C@@H](NC(=O)[C@H](C)NC)C3CCCCC3)n2)c1,[*:1]OCCOCCOCCOC[*:2]
CN[C@@H](C)C(=O)N[C@H](C(=O)N1CCC[C@H]1c1nc(C(=O)c2cccc(OCCOCCOCCOCCOc3cccc(Cn4c(C)c(C#N)c(-c5ccc(C#N)cc5)c4C)c3)c2)cs1)C1CCCCC1,[*:1]c1cccc(Cn2c(C)c(C#N)c(-c3ccc(C#N)cc3)c2C)c1,[*:2]COc1cccc(C(=O)c2csc([C@@H]3CCCN3C(=O)[C@@H](NC(=O)[C@H](C)NC)C3CCCCC3)n2)c1,[*:1]OCCOCCOCCOC[*:2]
CN[C@@H](C)C(=O)N[C@H](C(=O)N1CCC[C@H]1c1nc(C(=O)c2cccc(OCCOCCOCCOc3ccc(Cn4c(C)c(C#N)c(-c5ccc(C#N)cc5)c4C)cc3)c2)cs1)C1CCCCC1,[*:1]c1ccc(Cn2c(C)c(C#N)c(-c3ccc(C#N)cc3)c2C)cc1,[*:2]COc1cccc(C(=O)c2csc([C@@H]3CCCN3C(=O)[C@@H](NC(=O)[C@H](C)NC)C3CCCCC3)n2)c1,[*:1]OCCOCCOC[*:2]
CN[C@@H](C)C(=O)N[C@H](C(=O)N1CCC[C@H]1c1nc(C(=O)c2cccc(OCCOCCOCCOCCOCCOc3ccc(Cn4c(C)c(C#N)c(-c5ccc(C#N)cc5)c4C)cc3)c2)cs1)C1CCCCC1,[*:1]c1ccc(Cn2c(C)c(C#N)c(-c3ccc(C#N)cc3)c2C)cc1,[*:2]COc1cccc(C(=O)c2csc([C@@H]3CCCN3C(=O)[C@@H](NC(=O)[C@H](C)NC)C3CCCCC3)n2)c1,[*:1]OCCOCCOCCOCCOC[*:2]
CN[C@@H](C)C(=O)N[C@H](C(=O)N1CCC[C@H]1c1nc(C(=O)c2cccc(OCCOCCOCCOCCOc3ccccc3Cn3c(C)c(C#N)c(-c4ccc(C#N)cc4)c3C)c2)cs1)C1CCCCC1,[*:1]c1ccccc1Cn1c(C)c(C#N)c(-c2ccc(C#N)cc2)c1C,[*:2]COc1cccc(C(=O)c2csc([C@@H]3CCCN3C(=O)[C@@H](NC(=O)[C@H](C)NC)C3CCCCC3)n2)c1,[*:1]OCCOCCOCCOC[*:2]
CN[C@@H](C)C(=O)N[C@H](C(=O)N1CCC[C@H]1c1nc(C(=O)c2cccc(OCCOc3ccc(OCCOc4ccc(Cn5c(C)c(C#N)c(-c6ccc(C#N)cc6)c5C)cc4)cc3)c2)cs1)C1CCCCC1,[*:1]c1ccc(Cn2c(C)c(C#N)c(-c3ccc(C#N)cc3)c2C)cc1,[*:2]COc1cccc(C(=O)c2csc([C@@H]3CCCN3C(=O)[C@@H](NC(=O)[C@H](C)NC)C3CCCCC3)n2)c1,[*:1]OCCOc1ccc(OC[*:2])cc1
CN[C@@H](C)C(=O)N[C@H](C(=O)N1CCC[C@H]1c1nc(C(=O)c2cccc(OCCOc3cccc(OCCOc4ccc(Cn5c(C)c(C#N)c(-c6ccc(C#N)cc6)c5C)cc4)c3)c2)cs1)C1CCCCC1,[*:1]c1ccc(Cn2c(C)c(C#N)c(-c3ccc(C#N)cc3)c2C)cc1,[*:2]COc1cccc(C(=O)c2csc([C@@H]3CCCN3C(=O)[C@@H](NC(=O)[C@H](C)NC)C3CCCCC3)n2)c1,[*:1]OCCOc1cccc(OC[*:2])c1
CN[C@@H](C)C(=O)N[C@H](C(=O)N1CCC[C@H]1c1nc(C(=O)c2cccc(OCCOc3ccccc3OCCOc3ccc(Cn4c(C)c(C#N)c(-c5ccc(C#N)cc5)c4C)cc3)c2)cs1)C1CCCCC1,[*:1]c1ccc(Cn2c(C)c(C#N)c(-c3ccc(C#N)cc3)c2C)cc1,[*:2]COc1cccc(C(=O)c2csc([C@@H]3CCCN3C(=O)[C@@H](NC(=O)[C@H](C)NC)C3CCCCC3)n2)c1,[*:1]OCCOc1ccccc1OC[*:2]
CC(C)c1c(C(=O)Nc2ccccc2)c(-c2cccc(OCCCCc3cn(CCOCCOCCOCCOCCOCCNc4cccc5c4C(=O)N(C4CCC(=O)NC4=O)C5=O)nn3)c2)c(-c2ccc(F)cc2)n1CC[C@@H](O)C[C@@H](O)CC(=O)O,[*:1]c1cccc(-c2c(C(=O)Nc3ccccc3)c(C(C)C)n(CC[C@@H](O)C[C@@H](O)CC(=O)O)c2-c2ccc(F)cc2)c1,[*:2]Nc1cccc2c1C(=O)N(C1CCC(=O)NC1=O)C2=O,[*:1]OCCCCc1cn(CCOCCOCCOCCOCCOCC[*:2])nn1
CCCCN(Cc1ccc(C(=O)NO)cc1)C(=O)Nc1ccc(OCCn2cc(CNc3cccc4c3C(=O)N(C3CCC(=O)NC3=O)C4=O)nn2)cc1,[*:1]c1ccc(NC(=O)N(CCCC)Cc2ccc(C(=O)NO)cc2)cc1,[*:2]Nc1cccc2c1C(=O)N(C1CCC(=O)NC1=O)C2=O,[*:1]OCCn1cc(C[*:2])nn1
CCCCN(Cc1ccc(C(=O)NO)cc1)C(=O)Nc1ccc(OCCCn2cc(CNc3cccc4c3C(=O)N(C3CCC(=O)NC3=O)C4=O)nn2)cc1,[*:1]c1ccc(NC(=O)N(CCCC)Cc2ccc(C(=O)NO)cc2)cc1,[*:2]Nc1cccc2c1C(=O)N(C1CCC(=O)NC1=O)C2=O,[*:1]OCCCn1cc(C[*:2])nn1
CCCCN(Cc1ccc(C(=O)NO)cc1)C(=O)Nc1ccc(OCCCCn2cc(CNc3cccc4c3C(=O)N(C3CCC(=O)NC3=O)C4=O)nn2)cc1,[*:1]c1ccc(NC(=O)N(CCCC)Cc2ccc(C(=O)NO)cc2)cc1,[*:2]Nc1cccc2c1C(=O)N(C1CCC(=O)NC1=O)C2=O,[*:1]OCCCCn1cc(C[*:2])nn1
CCCCN(Cc1ccc(C(=O)NO)cc1)C(=O)Nc1ccc(OCCCCCCn2cc(CNc3cccc4c3C(=O)N(C3CCC(=O)NC3=O)C4=O)nn2)cc1,[*:1]c1ccc(NC(=O)N(CCCC)Cc2ccc(C(=O)NO)cc2)cc1,[*:2]Nc1cccc2c1C(=O)N(C1CCC(=O)NC1=O)C2=O,[*:1]OCCCCCCn1cc(C[*:2])nn1
CCCCN(Cc1ccc(C(=O)NO)cc1)C(=O)Nc1ccc(OCCn2cc(CCNc3cccc4c3C(=O)N(C3CCC(=O)NC3=O)C4=O)nn2)cc1,[*:1]c1ccc(NC(=O)N(CCCC)Cc2ccc(C(=O)NO)cc2)cc1,[*:2]Nc1cccc2c1C(=O)N(C1CCC(=O)NC1=O)C2=O,[*:1]OCCn1cc(CC[*:2])nn1
CCCCN(Cc1ccc(C(=O)NO)cc1)C(=O)Nc1ccc(OCCCn2cc(CCNc3cccc4c3C(=O)N(C3CCC(=O)NC3=O)C4=O)nn2)cc1,[*:1]c1ccc(NC(=O)N(CCCC)Cc2ccc(C(=O)NO)cc2)cc1,[*:2]Nc1cccc2c1C(=O)N(C1CCC(=O)NC1=O)C2=O,[*:1]OCCCn1cc(CC[*:2])nn1
CCCCN(Cc1ccc(C(=O)NO)cc1)C(=O)Nc1ccc(OCCCCn2cc(CCNc3cccc4c3C(=O)N(C3CCC(=O)NC3=O)C4=O)nn2)cc1,[*:1]c1ccc(NC(=O)N(CCCC)Cc2ccc(C(=O)NO)cc2)cc1,[*:2]Nc1cccc2c1C(=O)N(C1CCC(=O)NC1=O)C2=O,[*:1]OCCCCn1cc(CC[*:2])nn1
CCCCN(Cc1ccc(C(=O)NO)cc1)C(=O)Nc1ccc(OCCn2cc(CCCNc3cccc4c3C(=O)N(C3CCC(=O)NC3=O)C4=O)nn2)cc1,[*:1]c1ccc(NC(=O)N(CCCC)Cc2ccc(C(=O)NO)cc2)cc1,[*:2]Nc1cccc2c1C(=O)N(C1CCC(=O)NC1=O)C2=O,[*:1]OCCn1cc(CCC[*:2])nn1
CCCCN(Cc1ccc(C(=O)NO)cc1)C(=O)Nc1ccc(OCCCn2cc(CCCNc3cccc4c3C(=O)N(C3CCC(=O)NC3=O)C4=O)nn2)cc1,[*:1]c1ccc(NC(=O)N(CCCC)Cc2ccc(C(=O)NO)cc2)cc1,[*:2]Nc1cccc2c1C(=O)N(C1CCC(=O)NC1=O)C2=O,[*:1]OCCCn1cc(CCC[*:2])nn1
CCCCN(Cc1ccc(C(=O)NO)cc1)C(=O)Nc1ccc(OCCCCn2cc(CCCNc3cccc4c3C(=O)N(C3CCC(=O)NC3=O)C4=O)nn2)cc1,[*:1]c1ccc(NC(=O)N(CCCC)Cc2ccc(C(=O)NO)cc2)cc1,[*:2]Nc1cccc2c1C(=O)N(C1CCC(=O)NC1=O)C2=O,[*:1]OCCCCn1cc(CCC[*:2])nn1
CCCCN(Cc1ccc(C(=O)NO)cc1)C(=O)Nc1ccc(OCCn2cc(CNc3ccc4c(c3)C(=O)N(C3CCC(=O)NC3=O)C4=O)nn2)cc1,[*:1]c1ccc(NC(=O)N(CCCC)Cc2ccc(C(=O)NO)cc2)cc1,[*:2]Nc1ccc2c(c1)C(=O)N(C1CCC(=O)NC1=O)C2=O,[*:1]OCCn1cc(C[*:2])nn1
CCCCN(Cc1ccc(C(=O)NO)cc1)C(=O)Nc1ccc(OCCCn2cc(CNc3ccc4c(c3)C(=O)N(C3CCC(=O)NC3=O)C4=O)nn2)cc1,[*:1]c1ccc(NC(=O)N(CCCC)Cc2ccc(C(=O)NO)cc2)cc1,[*:2]Nc1ccc2c(c1)C(=O)N(C1CCC(=O)NC1=O)C2=O,[*:1]OCCCn1cc(C[*:2])nn1
CCCCN(Cc1ccc(C(=O)NO)cc1)C(=O)Nc1ccc(OCCCCn2cc(CNc3ccc4c(c3)C(=O)N(C3CCC(=O)NC3=O)C4=O)nn2)cc1,[*:1]c1ccc(NC(=O)N(CCCC)Cc2ccc(C(=O)NO)cc2)cc1,[*:2]Nc1ccc2c(c1)C(=O)N(C1CCC(=O)NC1=O)C2=O,[*:1]OCCCCn1cc(C[*:2])nn1
CCCCN(Cc1ccc(C(=O)NO)cc1)C(=O)Nc1ccc(OCCCCCn2cc(CNc3ccc4c(c3)C(=O)N(C3CCC(=O)NC3=O)C4=O)nn2)cc1,[*:1]c1ccc(NC(=O)N(CCCC)Cc2ccc(C(=O)NO)cc2)cc1,[*:2]Nc1ccc2c(c1)C(=O)N(C1CCC(=O)NC1=O)C2=O,[*:1]OCCCCCn1cc(C[*:2])nn1
CCCCN(Cc1ccc(C(=O)NO)cc1)C(=O)Nc1ccc(OCCCCCCn2cc(CNc3ccc4c(c3)C(=O)N(C3CCC(=O)NC3=O)C4=O)nn2)cc1,[*:1]c1ccc(NC(=O)N(CCCC)Cc2ccc(C(=O)NO)cc2)cc1,[*:2]Nc1ccc2c(c1)C(=O)N(C1CCC(=O)NC1=O)C2=O,[*:1]OCCCCCCn1cc(C[*:2])nn1
CCCCN(Cc1ccc(C(=O)NO)cc1)C(=O)Nc1ccc(OCCn2cc(CCCNc3ccc4c(c3)C(=O)N(C3CCC(=O)NC3=O)C4=O)nn2)cc1,[*:1]c1ccc(NC(=O)N(CCCC)Cc2ccc(C(=O)NO)cc2)cc1,[*:2]Nc1ccc2c(c1)C(=O)N(C1CCC(=O)NC1=O)C2=O,[*:1]OCCn1cc(CCC[*:2])nn1
CCCCN(Cc1ccc(C(=O)NO)cc1)C(=O)Nc1ccc(OCCCn2cc(CCCNc3ccc4c(c3)C(=O)N(C3CCC(=O)NC3=O)C4=O)nn2)cc1,[*:1]c1ccc(NC(=O)N(CCCC)Cc2ccc(C(=O)NO)cc2)cc1,[*:2]Nc1ccc2c(c1)C(=O)N(C1CCC(=O)NC1=O)C2=O,[*:1]OCCCn1cc(CCC[*:2])nn1
COc1cc(-c2cn(C)c(=O)c3cc(C(=N)NC4CCS(=O)(=O)CC4)sc23)ccc1OCC(=O)NCCCCNC(=O)COc1cccc2c1C(=O)N(C1CCC(=O)NC1=O)C2=O,[*:1]COc1ccc(-c2cn(C)c(=O)c3cc(C(=N)NC4CCS(=O)(=O)CC4)sc23)cc1OC,[*:2]c1cccc2c1C(=O)N(C1CCC(=O)NC1=O)C2=O,[*:1]C(=O)NCCCCNC(=O)CO[*:2]
COc1cc(-c2cn(C)c(=O)c3cc(C(=N)NC4CCS(=O)(=O)CC4)sc23)ccc1OCC(=O)NCCCCCCCCNC(=O)COc1cccc2c1C(=O)N(C1CCC(=O)NC1=O)C2=O,[*:1]COc1ccc(-c2cn(C)c(=O)c3cc(C(=N)NC4CCS(=O)(=O)CC4)sc23)cc1OC,[*:2]c1cccc2c1C(=O)N(C1CCC(=O)NC1=O)C2=O,[*:1]C(=O)NCCCCCCCCNC(=O)CO[*:2]
COc1cc(-c2cn(C)c(=O)c3cc(C(=N)NC4CCS(=O)(=O)CC4)sc23)ccc1OCC(=O)NCCCOCCOCCOCCCNC(=O)COc1cccc2c1C(=O)N(C1CCC(=O)NC1=O)C2=O,[*:1]COc1ccc(-c2cn(C)c(=O)c3cc(C(=N)NC4CCS(=O)(=O)CC4)sc23)cc1OC,[*:2]c1cccc2c1C(=O)N(C1CCC(=O)NC1=O)C2=O,[*:1]C(=O)NCCCOCCOCCOCCCNC(=O)CO[*:2]
COc1cc(-c2cn(C)c(=O)c3cc(C(=N)NC4CCS(=O)(=O)CC4)sc23)ccc1OCC(=O)NCCCCCCOc1cccc2c1C(=O)N(C1CCC(=O)NC1=O)C2=O,[*:1]COc1ccc(-c2cn(C)c(=O)c3cc(C(=N)NC4CCS(=O)(=O)CC4)sc23)cc1OC,[*:2]c1cccc2c1C(=O)N(C1CCC(=O)NC1=O)C2=O,[*:1]C(=O)NCCCCCCO[*:2]
COc1cc(-c2cn(C)c(=O)c3cc(C(=N)NC4CCS(=O)(=O)CC4)sc23)ccc1OCC(=O)N1CCC(C2CCN(C(=O)COc3cccc4c3C(=O)N(C3CCC(=O)NC3=O)C4=O)CC2)CC1,[*:1]COc1ccc(-c2cn(C)c(=O)c3cc(C(=N)NC4CCS(=O)(=O)CC4)sc23)cc1OC,[*:2]c1cccc2c1C(=O)N(C1CCC(=O)NC1=O)C2=O,[*:1]C(=O)N1CCC(C2CCN(C(=O)CO[*:2])CC2)CC1
COc1cc(-c2cn(C)c(=O)c3cc(C(=N)NC4CCS(=O)(=O)CC4)sc23)ccc1OCC(=O)NCCOCCOCCOCC(=O)N[C@H](C(=O)N1C[C@H](O)C[C@H]1C(=O)NCc1ccc(-c2scnc2C)cc1)C(C)(C)C,[*:1]COc1ccc(-c2cn(C)c(=O)c3cc(C(=N)NC4CCS(=O)(=O)CC4)sc23)cc1OC,[*:2]CC(=O)N[C@H](C(=O)N1C[C@H](O)C[C@H]1C(=O)NCc1ccc(-c2scnc2C)cc1)C(C)(C)C,[*:1]C(=O)NCCOCCOCCO[*:2]
COc1cc(-c2cn(C)c(=O)c3cc(C(=N)NC4CCS(=O)(=O)CC4)sc23)ccc1OCC(=O)NCCOCCOCC(=O)N[C@H](C(=O)N1C[C@H](O)C[C@H]1C(=O)NCc1ccc(-c2scnc2C)cc1)C(C)(C)C,[*:1]COc1ccc(-c2cn(C)c(=O)c3cc(C(=N)NC4CCS(=O)(=O)CC4)sc23)cc1OC,[*:2]CC(=O)N[C@H](C(=O)N1C[C@H](O)C[C@H]1C(=O)NCc1ccc(-c2scnc2C)cc1)C(C)(C)C,[*:1]C(=O)NCCOCCO[*:2]
COc1cc(-c2cn(C)c(=O)c3cc(C(=N)NC4CCS(=O)(=O)CC4)sc23)ccc1OCC(=O)NCCCCCCCCNc1ccc2c(c1)C(=O)N(C1CCC(=O)NC1=O)C2=O,[*:1]COc1ccc(-c2cn(C)c(=O)c3cc(C(=N)NC4CCS(=O)(=O)CC4)sc23)cc1OC,[*:2]Nc1ccc2c(c1)C(=O)N(C1CCC(=O)NC1=O)C2=O,[*:1]C(=O)NCCCCCCCC[*:2]
COc1cc(-c2cn(C)c(=O)c3cc(C(=N)NC4CCS(=O)(=O)CC4)sc23)ccc1OCC(=O)NCCCCCCCCNc1cccc2c1C(=O)N(C1CCC(=O)NC1=O)C2=O,[*:1]COc1ccc(-c2cn(C)c(=O)c3cc(C(=N)NC4CCS(=O)(=O)CC4)sc23)cc1OC,[*:2]Nc1cccc2c1C(=O)N(C1CCC(=O)NC1=O)C2=O,[*:1]C(=O)NCCCCCCCC[*:2]
COc1cc(-c2cn(C)c(=O)c3cc(C(=N)NC4CCS(=O)(=O)CC4)sc23)ccc1OCC(=O)NCCCCCCCCNc1cccc2c1CN(C1CCC(=O)NC1=O)C2=O,[*:1]COc1ccc(-c2cn(C)c(=O)c3cc(C(=N)NC4CCS(=O)(=O)CC4)sc23)cc1OC,[*:2]Nc1cccc2c1CN(C1CCC(=O)NC1=O)C2=O,[*:1]C(=O)NCCCCCCCC[*:2]
COc1cc(-c2cn(C)c(=O)c3cnccc23)cc(OC)c1CN(C)CC(=O)NCCCCCCCCNc1cccc2c1CN(C1CCC(=O)NC1=O)C2=O,[*:1]CN(C)Cc1c(OC)cc(-c2cn(C)c(=O)c3cnccc23)cc1OC,[*:2]Nc1cccc2c1CN(C1CCC(=O)NC1=O)C2=O,[*:1]C(=O)NCCCCCCCC[*:2]
NC(=O)c1c(F)cccc1Nc1nc(NC2CCN(S(=O)(=O)CCNC(=O)CCOCCNc3cccc4c3C(=O)N(C3CCC(=O)NC3=O)C4=O)CC2)ncc1Br,[*:1]CS(=O)(=O)N1CCC(Nc2ncc(Br)c(Nc3cccc(F)c3C(N)=O)n2)CC1,[*:2]Nc1cccc2c1C(=O)N(C1CCC(=O)NC1=O)C2=O,[*:1]CNC(=O)CCOCC[*:2]
NC(=O)c1c(F)cccc1Nc1nc(NC2CCN(S(=O)(=O)CCNC(=O)CCOCCOCCOc3cccc4c3C(=O)N(C3CCC(=O)NC3=O)C4=O)CC2)ncc1Br,[*:1]CS(=O)(=O)N1CCC(Nc2ncc(Br)c(Nc3cccc(F)c3C(N)=O)n2)CC1,[*:2]c1cccc2c1C(=O)N(C1CCC(=O)NC1=O)C2=O,[*:1]CNC(=O)CCOCCOCCO[*:2]
NC(=O)c1c(F)cccc1Nc1nc(NC2CCN(S(=O)(=O)CCNC(=O)CCOCCOCCOCCOCCOc3cccc4c3C(=O)N(C3CCC(=O)NC3=O)C4=O)CC2)ncc1Br,[*:1]CS(=O)(=O)N1CCC(Nc2ncc(Br)c(Nc3cccc(F)c3C(N)=O)n2)CC1,[*:2]c1cccc2c1C(=O)N(C1CCC(=O)NC1=O)C2=O,[*:1]CNC(=O)CCOCCOCCOCCOCCO[*:2]
NC(=O)c1c(F)cccc1Nc1nc(NC2CCN(S(=O)(=O)CCNC(=O)CCOCCOCCOCCOCCOCCOCCOCCOCCOc3cccc4c3C(=O)N(C3CCC(=O)NC3=O)C4=O)CC2)ncc1Br,[*:1]CS(=O)(=O)N1CCC(Nc2ncc(Br)c(Nc3cccc(F)c3C(N)=O)n2)CC1,[*:2]c1cccc2c1C(=O)N(C1CCC(=O)NC1=O)C2=O,[*:1]CNC(=O)CCOCCOCCOCCOCCOCCOCCOCCOCCO[*:2]
NC(=O)c1c(F)cccc1Nc1nc(NC2CCN(S(=O)(=O)CCNC(=O)CCCCCOc3cccc4c3C(=O)N(C3CCC(=O)NC3=O)C4=O)CC2)ncc1Br,[*:1]CS(=O)(=O)N1CCC(Nc2ncc(Br)c(Nc3cccc(F)c3C(N)=O)n2)CC1,[*:2]c1cccc2c1C(=O)N(C1CCC(=O)NC1=O)C2=O,[*:1]CNC(=O)CCCCCO[*:2]
NC(=O)c1c(F)cccc1Nc1nc(NC2CCN(S(=O)(=O)CCNC(=O)CCCCCCCOc3cccc4c3C(=O)N(C3CCC(=O)NC3=O)C4=O)CC2)ncc1Br,[*:1]CS(=O)(=O)N1CCC(Nc2ncc(Br)c(Nc3cccc(F)c3C(N)=O)n2)CC1,[*:2]c1cccc2c1C(=O)N(C1CCC(=O)NC1=O)C2=O,[*:1]CNC(=O)CCCCCCCO[*:2]
NC(=O)c1c(F)cccc1Nc1nc(NC2CCN(S(=O)(=O)CCNC(=O)CCCCCCCCOc3cccc4c3C(=O)N(C3CCC(=O)NC3=O)C4=O)CC2)ncc1Br,[*:1]CS(=O)(=O)N1CCC(Nc2ncc(Br)c(Nc3cccc(F)c3C(N)=O)n2)CC1,[*:2]c1cccc2c1C(=O)N(C1CCC(=O)NC1=O)C2=O,[*:1]CNC(=O)CCCCCCCCO[*:2]
NC(=O)c1c(F)cccc1Nc1nc(Nc2ccc(S(=O)(=O)NCCOCCOCCOCCOCCNc3cccc4c3C(=O)N(C3CCC(=O)NC3=O)C4=O)cc2)ncc1Br,[*:1]NS(=O)(=O)c1ccc(Nc2ncc(Br)c(Nc3cccc(F)c3C(N)=O)n2)cc1,[*:2]Nc1cccc2c1C(=O)N(C1CCC(=O)NC1=O)C2=O,[*:1]CCOCCOCCOCCOCC[*:2]
Cc1cc(S(=O)(=O)NCCOCCOCCOCCOCCNc2cccc3c2C(=O)N(C2CCC(=O)NC2=O)C3=O)ccc1Nc1ncc(Br)c(Nc2cccc(F)c2C(N)=O)n1,[*:1]NS(=O)(=O)c1ccc(Nc2ncc(Br)c(Nc3cccc(F)c3C(N)=O)n2)c(C)c1,[*:2]Nc1cccc2c1C(=O)N(C1CCC(=O)NC1=O)C2=O,[*:1]CCOCCOCCOCCOCC[*:2]
Cc1cc(Nc2ncc(Br)c(Nc3cccc(F)c3C(N)=O)n2)ccc1S(=O)(=O)NCCOCCOCCOCCOCCNc1cccc2c1C(=O)N(C1CCC(=O)NC1=O)C2=O,[*:1]NS(=O)(=O)c1ccc(Nc2ncc(Br)c(Nc3cccc(F)c3C(N)=O)n2)cc1C,[*:2]Nc1cccc2c1C(=O)N(C1CCC(=O)NC1=O)C2=O,[*:1]CCOCCOCCOCCOCC[*:2]
CCn1nc(C2CC2)cc1Nc1nc(C(=O)NCCCOCCOCCOCCCNc2cccc3c2C(=O)N(C2CCC(=O)NC2=O)C3=O)nc2[nH]c3cc(-c4c(C)noc4C)c(OC)cc3c12,[*:1]CNC(=O)c1nc(Nc2cc(C3CC3)nn2CC)c2c(n1)[nH]c1cc(-c3c(C)noc3C)c(OC)cc12,[*:2]Nc1cccc2c1C(=O)N(C1CCC(=O)NC1=O)C2=O,[*:1]CCOCCOCCOCCC[*:2]
CC(C)(C)c1cc(NC(=O)Nc2ccc(-c3cn4c(n3)sc3cc(OCCN5CCN(C(=O)CCC(=O)NCCCCNC(=O)COc6cccc7c6C(=O)N(C6CCC(=O)NC6=O)C7=O)CC5)ccc34)cc2)no1,[*:1]CCOc1ccc2c(c1)sc1nc(-c3ccc(NC(=O)Nc4cc(C(C)(C)C)on4)cc3)cn12,[*:2]c1cccc2c1C(=O)N(C1CCC(=O)NC1=O)C2=O,[*:1]N1CCN(C(=O)CCC(=O)NCCCCNC(=O)CO[*:2])CC1
Cn1cc(-c2cccc(-n3ccc4cc(C5CC5)cc(F)c4c3=O)c2CO)cc(Nc2ccc(N3CCN(CCOCCOCCNC(=O)CNc4cccc5c4C(=O)N(C4CCC(=O)NC4=O)C5=O)CC3)cn2)c1=O,[*:1]CN1CCN(c2ccc(Nc3cc(-c4cccc(-n5ccc6cc(C7CC7)cc(F)c6c5=O)c4CO)cn(C)c3=O)nc2)CC1,[*:2]Nc1cccc2c1C(=O)N(C1CCC(=O)NC1=O)C2=O,[*:1]COCCOCCNC(=O)C[*:2]
CN[C@@H](C)C(=O)N[C@H](C(=O)N1CCC[C@H]1c1nc(C(=O)c2cccc(OCCOCCOCc3cn(CCCC(=O)N4CCN(CC[C@H](CSc5ccccc5)Nc5ccc(S(=O)(=O)NC(=O)c6ccc(N7CCN(CC8=C(c9ccc(Cl)cc9)CCC(C)(C)C8)CC7)cc6)cc5S(=O)(=O)C(F)(F)F)CC4)nn3)c2)cs1)C1CCCCC1,[*:1]N1CCN(CC[C@H](CSc2ccccc2)Nc2ccc(S(=O)(=O)NC(=O)c3ccc(N4CCN(CC5=C(c6ccc(Cl)cc6)CCC(C)(C)C5)CC4)cc3)cc2S(=O)(=O)C(F)(F)F)CC1,[*:2]COc1cccc(C(=O)c2csc([C@@H]3CCCN3C(=O)[C@@H](NC(=O)[C@H](C)NC)C3CCCCC3)n2)c1,[*:1]C(=O)CCCn1cc(COCCOC[*:2])nn1
CN[C@@H](C)C(=O)N[C@H](C(=O)N1CCC[C@H]1c1nc(C(=O)c2cccc(OCCOCCOCCOCc3cn(CCCC(=O)N4CCN(CC[C@H](CSc5ccccc5)Nc5ccc(S(=O)(=O)NC(=O)c6ccc(N7CCN(CC8=C(c9ccc(Cl)cc9)CCC(C)(C)C8)CC7)cc6)cc5S(=O)(=O)C(F)(F)F)CC4)nn3)c2)cs1)C1CCCCC1,[*:1]N1CCN(CC[C@H](CSc2ccccc2)Nc2ccc(S(=O)(=O)NC(=O)c3ccc(N4CCN(CC5=C(c6ccc(Cl)cc6)CCC(C)(C)C5)CC4)cc3)cc2S(=O)(=O)C(F)(F)F)CC1,[*:2]COc1cccc(C(=O)c2csc([C@@H]3CCCN3C(=O)[C@@H](NC(=O)[C@H](C)NC)C3CCCCC3)n2)c1,[*:1]C(=O)CCCn1cc(COCCOCCOC[*:2])nn1
CN[C@@H](C)C(=O)N[C@H](C(=O)N1CCC[C@H]1c1nc(C(=O)c2cccc(OCCOCCOCC(=O)N3CCN(CC[C@H](CSc4ccccc4)Nc4ccc(S(=O)(=O)NC(=O)c5ccc(N6CCN(CC7=C(c8ccc(Cl)cc8)CCC(C)(C)C7)CC6)cc5)cc4S(=O)(=O)C(F)(F)F)CC3)c2)cs1)C1CCCCC1,[*:1]N1CCN(CC[C@H](CSc2ccccc2)Nc2ccc(S(=O)(=O)NC(=O)c3ccc(N4CCN(CC5=C(c6ccc(Cl)cc6)CCC(C)(C)C5)CC4)cc3)cc2S(=O)(=O)C(F)(F)F)CC1,[*:2]COc1cccc(C(=O)c2csc([C@@H]3CCCN3C(=O)[C@@H](NC(=O)[C@H](C)NC)C3CCCCC3)n2)c1,[*:1]C(=O)COCCOC[*:2]
CN[C@@H](C)C(=O)N[C@H](C(=O)N1CCC[C@H]1c1nc(C(=O)c2cccc(OCCOCCOCCOCCOCC(=O)N3CCN(CC[C@H](CSc4ccccc4)Nc4ccc(S(=O)(=O)NC(=O)c5ccc(N6CCN(CC7=C(c8ccc(Cl)cc8)CCC(C)(C)C7)CC6)cc5)cc4S(=O)(=O)C(F)(F)F)CC3)c2)cs1)C1CCCCC1,[*:1]N1CCN(CC[C@H](CSc2ccccc2)Nc2ccc(S(=O)(=O)NC(=O)c3ccc(N4CCN(CC5=C(c6ccc(Cl)cc6)CCC(C)(C)C5)CC4)cc3)cc2S(=O)(=O)C(F)(F)F)CC1,[*:2]COc1cccc(C(=O)c2csc([C@@H]3CCCN3C(=O)[C@@H](NC(=O)[C@H](C)NC)C3CCCCC3)n2)c1,[*:1]C(=O)COCCOCCOCCOC[*:2]
CN[C@@H](C)C(=O)N[C@H](C(=O)N1CCC[C@H]1c1nc(C(=O)c2cccc(OCCCC(=O)N3CCN(CC[C@H](CSc4ccccc4)Nc4ccc(S(=O)(=O)NC(=O)c5ccc(N6CCN(CC7=C(c8ccc(Cl)cc8)CCC(C)(C)C7)CC6)cc5)cc4S(=O)(=O)C(F)(F)F)CC3)c2)cs1)C1CCCCC1,[*:1]N1CCN(CC[C@H](CSc2ccccc2)Nc2ccc(S(=O)(=O)NC(=O)c3ccc(N4CCN(CC5=C(c6ccc(Cl)cc6)CCC(C)(C)C5)CC4)cc3)cc2S(=O)(=O)C(F)(F)F)CC1,[*:2]COc1cccc(C(=O)c2csc([C@@H]3CCCN3C(=O)[C@@H](NC(=O)[C@H](C)NC)C3CCCCC3)n2)c1,[*:1]C(=O)CC[*:2]
CN[C@@H](C)C(=O)N[C@H](C(=O)N1CCC[C@H]1c1nc(C(=O)c2cccc(OCCCCC(=O)N3CCN(CC[C@H](CSc4ccccc4)Nc4ccc(S(=O)(=O)NC(=O)c5ccc(N6CCN(CC7=C(c8ccc(Cl)cc8)CCC(C)(C)C7)CC6)cc5)cc4S(=O)(=O)C(F)(F)F)CC3)c2)cs1)C1CCCCC1,[*:1]N1CCN(CC[C@H](CSc2ccccc2)Nc2ccc(S(=O)(=O)NC(=O)c3ccc(N4CCN(CC5=C(c6ccc(Cl)cc6)CCC(C)(C)C5)CC4)cc3)cc2S(=O)(=O)C(F)(F)F)CC1,[*:2]COc1cccc(C(=O)c2csc([C@@H]3CCCN3C(=O)[C@@H](NC(=O)[C@H](C)NC)C3CCCCC3)n2)c1,[*:1]C(=O)CCC[*:2]
CN[C@@H](C)C(=O)N[C@H](C(=O)N1CCC[C@H]1c1nc(C(=O)c2cccc(OCCCCCC(=O)N3CCN(CC[C@H](CSc4ccccc4)Nc4ccc(S(=O)(=O)NC(=O)c5ccc(N6CCN(CC7=C(c8ccc(Cl)cc8)CCC(C)(C)C7)CC6)cc5)cc4S(=O)(=O)C(F)(F)F)CC3)c2)cs1)C1CCCCC1,[*:1]N1CCN(CC[C@H](CSc2ccccc2)Nc2ccc(S(=O)(=O)NC(=O)c3ccc(N4CCN(CC5=C(c6ccc(Cl)cc6)CCC(C)(C)C5)CC4)cc3)cc2S(=O)(=O)C(F)(F)F)CC1,[*:2]COc1cccc(C(=O)c2csc([C@@H]3CCCN3C(=O)[C@@H](NC(=O)[C@H](C)NC)C3CCCCC3)n2)c1,[*:1]C(=O)CCCC[*:2]
CN[C@@H](C)C(=O)N[C@H](C(=O)N1CCC[C@H]1c1nc(C(=O)c2cccc(OCCCCCCC(=O)N3CCN(CC[C@H](CSc4ccccc4)Nc4ccc(S(=O)(=O)NC(=O)c5ccc(N6CCN(CC7=C(c8ccc(Cl)cc8)CCC(C)(C)C7)CC6)cc5)cc4S(=O)(=O)C(F)(F)F)CC3)c2)cs1)C1CCCCC1,[*:1]N1CCN(CC[C@H](CSc2ccccc2)Nc2ccc(S(=O)(=O)NC(=O)c3ccc(N4CCN(CC5=C(c6ccc(Cl)cc6)CCC(C)(C)C5)CC4)cc3)cc2S(=O)(=O)C(F)(F)F)CC1,[*:2]COc1cccc(C(=O)c2csc([C@@H]3CCCN3C(=O)[C@@H](NC(=O)[C@H](C)NC)C3CCCCC3)n2)c1,[*:1]C(=O)CCCCC[*:2]
CN[C@@H](C)C(=O)N[C@H]1CCO[C@H]2CC(C)(C)[C@@H](C(=O)N[C@@H]3CCCc4cc(OCCOCCOCc5cn(CCCC(=O)N6CCN(CC[C@H](CSc7ccccc7)Nc7ccc(S(=O)(=O)NC(=O)c8ccc(N9CCN(CC%10=C(c%11ccc(Cl)cc%11)CCC(C)(C)C%10)CC9)cc8)cc7S(=O)(=O)C(F)(F)F)CC6)nn5)ccc43)N2C1=O,[*:1]N1CCN(CC[C@H](CSc2ccccc2)Nc2ccc(S(=O)(=O)NC(=O)c3ccc(N4CCN(CC5=C(c6ccc(Cl)cc6)CCC(C)(C)C5)CC4)cc3)cc2S(=O)(=O)C(F)(F)F)CC1,[*:2]Oc1ccc2c(c1)CCC[C@H]2NC(=O)[C@H]1N2C(=O)[C@@H](NC(=O)[C@H](C)NC)CCO[C@H]2CC1(C)C,[*:1]C(=O)CCCn1cc(COCCOCC[*:2])nn1
CN[C@@H](C)C(=O)N[C@H]1CCO[C@H]2CC(C)(C)[C@@H](C(=O)N[C@@H]3CCCc4cc(OCCOCCOCCOCc5cn(CCCC(=O)N6CCN(CC[C@H](CSc7ccccc7)Nc7ccc(S(=O)(=O)NC(=O)c8ccc(N9CCN(CC%10=C(c%11ccc(Cl)cc%11)CCC(C)(C)C%10)CC9)cc8)cc7S(=O)(=O)C(F)(F)F)CC6)nn5)ccc43)N2C1=O,[*:1]N1CCN(CC[C@H](CSc2ccccc2)Nc2ccc(S(=O)(=O)NC(=O)c3ccc(N4CCN(CC5=C(c6ccc(Cl)cc6)CCC(C)(C)C5)CC4)cc3)cc2S(=O)(=O)C(F)(F)F)CC1,[*:2]Oc1ccc2c(c1)CCC[C@H]2NC(=O)[C@H]1N2C(=O)[C@@H](NC(=O)[C@H](C)NC)CCO[C@H]2CC1(C)C,[*:1]C(=O)CCCn1cc(COCCOCCOCC[*:2])nn1
CN[C@@H](C)C(=O)N[C@H]1CCO[C@H]2CC(C)(C)[C@@H](C(=O)N[C@@H]3CCCc4cc(OCCOCCOCC(=O)N5CCN(CC[C@H](CSc6ccccc6)Nc6ccc(S(=O)(=O)NC(=O)c7ccc(N8CCN(CC9=C(c%10ccc(Cl)cc%10)CCC(C)(C)C9)CC8)cc7)cc6S(=O)(=O)C(F)(F)F)CC5)ccc43)N2C1=O,[*:1]N1CCN(CC[C@H](CSc2ccccc2)Nc2ccc(S(=O)(=O)NC(=O)c3ccc(N4CCN(CC5=C(c6ccc(Cl)cc6)CCC(C)(C)C5)CC4)cc3)cc2S(=O)(=O)C(F)(F)F)CC1,[*:2]Oc1ccc2c(c1)CCC[C@H]2NC(=O)[C@H]1N2C(=O)[C@@H](NC(=O)[C@H](C)NC)CCO[C@H]2CC1(C)C,[*:1]C(=O)COCCOCC[*:2]
CN[C@@H](C)C(=O)N[C@H]1CCO[C@H]2CC(C)(C)[C@@H](C(=O)N[C@@H]3CCCc4cc(OCCOCCOCCOCCOCC(=O)N5CCN(CC[C@H](CSc6ccccc6)Nc6ccc(S(=O)(=O)NC(=O)c7ccc(N8CCN(CC9=C(c%10ccc(Cl)cc%10)CCC(C)(C)C9)CC8)cc7)cc6S(=O)(=O)C(F)(F)F)CC5)ccc43)N2C1=O,[*:1]N1CCN(CC[C@H](CSc2ccccc2)Nc2ccc(S(=O)(=O)NC(=O)c3ccc(N4CCN(CC5=C(c6ccc(Cl)cc6)CCC(C)(C)C5)CC4)cc3)cc2S(=O)(=O)C(F)(F)F)CC1,[*:2]Oc1ccc2c(c1)CCC[C@H]2NC(=O)[C@H]1N2C(=O)[C@@H](NC(=O)[C@H](C)NC)CCO[C@H]2CC1(C)C,[*:1]C(=O)COCCOCCOCCOCC[*:2]
CN[C@@H](C)C(=O)N[C@H]1CCO[C@H]2CC(C)(C)[C@@H](C(=O)N[C@@H]3CCCc4cc(OCCCC(=O)N5CCN(CC[C@H](CSc6ccccc6)Nc6ccc(S(=O)(=O)NC(=O)c7ccc(N8CCN(CC9=C(c%10ccc(Cl)cc%10)CCC(C)(C)C9)CC8)cc7)cc6S(=O)(=O)C(F)(F)F)CC5)ccc43)N2C1=O,[*:1]N1CCN(CC[C@H](CSc2ccccc2)Nc2ccc(S(=O)(=O)NC(=O)c3ccc(N4CCN(CC5=C(c6ccc(Cl)cc6)CCC(C)(C)C5)CC4)cc3)cc2S(=O)(=O)C(F)(F)F)CC1,[*:2]Oc1ccc2c(c1)CCC[C@H]2NC(=O)[C@H]1N2C(=O)[C@@H](NC(=O)[C@H](C)NC)CCO[C@H]2CC1(C)C,[*:1]C(=O)CCC[*:2]
CN[C@@H](C)C(=O)N[C@H]1CCO[C@H]2CC(C)(C)[C@@H](C(=O)N[C@@H]3CCCc4cc(OCCCCC(=O)N5CCN(CC[C@H](CSc6ccccc6)Nc6ccc(S(=O)(=O)NC(=O)c7ccc(N8CCN(CC9=C(c%10ccc(Cl)cc%10)CCC(C)(C)C9)CC8)cc7)cc6S(=O)(=O)C(F)(F)F)CC5)ccc43)N2C1=O,[*:1]N1CCN(CC[C@H](CSc2ccccc2)Nc2ccc(S(=O)(=O)NC(=O)c3ccc(N4CCN(CC5=C(c6ccc(Cl)cc6)CCC(C)(C)C5)CC4)cc3)cc2S(=O)(=O)C(F)(F)F)CC1,[*:2]Oc1ccc2c(c1)CCC[C@H]2NC(=O)[C@H]1N2C(=O)[C@@H](NC(=O)[C@H](C)NC)CCO[C@H]2CC1(C)C,[*:1]C(=O)CCCC[*:2]
CN[C@@H](C)C(=O)N[C@H]1CCO[C@H]2CC(C)(C)[C@@H](C(=O)N[C@@H]3CCCc4cc(OCCCCCC(=O)N5CCN(CC[C@H](CSc6ccccc6)Nc6ccc(S(=O)(=O)NC(=O)c7ccc(N8CCN(CC9=C(c%10ccc(Cl)cc%10)CCC(C)(C)C9)CC8)cc7)cc6S(=O)(=O)C(F)(F)F)CC5)ccc43)N2C1=O,[*:1]N1CCN(CC[C@H](CSc2ccccc2)Nc2ccc(S(=O)(=O)NC(=O)c3ccc(N4CCN(CC5=C(c6ccc(Cl)cc6)CCC(C)(C)C5)CC4)cc3)cc2S(=O)(=O)C(F)(F)F)CC1,[*:2]Oc1ccc2c(c1)CCC[C@H]2NC(=O)[C@H]1N2C(=O)[C@@H](NC(=O)[C@H](C)NC)CCO[C@H]2CC1(C)C,[*:1]C(=O)CCCCC[*:2]
CN[C@@H](C)C(=O)N[C@H]1CCO[C@H]2CC(C)(C)[C@@H](C(=O)N[C@@H]3CCCc4cc(OCCCCCCC(=O)N5CCN(CC[C@H](CSc6ccccc6)Nc6ccc(S(=O)(=O)NC(=O)c7ccc(N8CCN(CC9=C(c%10ccc(Cl)cc%10)CCC(C)(C)C9)CC8)cc7)cc6S(=O)(=O)C(F)(F)F)CC5)ccc43)N2C1=O,[*:1]N1CCN(CC[C@H](CSc2ccccc2)Nc2ccc(S(=O)(=O)NC(=O)c3ccc(N4CCN(CC5=C(c6ccc(Cl)cc6)CCC(C)(C)C5)CC4)cc3)cc2S(=O)(=O)C(F)(F)F)CC1,[*:2]Oc1ccc2c(c1)CCC[C@H]2NC(=O)[C@H]1N2C(=O)[C@@H](NC(=O)[C@H](C)NC)CCO[C@H]2CC1(C)C,[*:1]C(=O)CCCCCC[*:2]
CN(CCCCc1cn(CCOCCNc2cccc3c2C(=O)N(C2CCC(=O)NC2=O)C3=O)nn1)Cc1ccc(-c2[nH]c3cc(F)cc4c3c2CCNC4=O)cc1,[*:1]N(C)Cc1ccc(-c2[nH]c3cc(F)cc4c3c2CCNC4=O)cc1,[*:2]Nc1cccc2c1C(=O)N(C1CCC(=O)NC1=O)C2=O,[*:1]CCCCc1cn(CCOCC[*:2])nn1
CN(CCCCc1cn(CCOCCOCCNc2cccc3c2C(=O)N(C2CCC(=O)NC2=O)C3=O)nn1)Cc1ccc(-c2[nH]c3cc(F)cc4c3c2CCNC4=O)cc1,[*:1]N(C)Cc1ccc(-c2[nH]c3cc(F)cc4c3c2CCNC4=O)cc1,[*:2]Nc1cccc2c1C(=O)N(C1CCC(=O)NC1=O)C2=O,[*:1]CCCCc1cn(CCOCCOCC[*:2])nn1
CN(CCCCc1cn(CCOCCOCCOCCNc2cccc3c2C(=O)N(C2CCC(=O)NC2=O)C3=O)nn1)Cc1ccc(-c2[nH]c3cc(F)cc4c3c2CCNC4=O)cc1,[*:1]N(C)Cc1ccc(-c2[nH]c3cc(F)cc4c3c2CCNC4=O)cc1,[*:2]Nc1cccc2c1C(=O)N(C1CCC(=O)NC1=O)C2=O,[*:1]CCCCc1cn(CCOCCOCCOCC[*:2])nn1
CN(CCCCc1cn(CCOCCOCCOCCOCCNc2cccc3c2C(=O)N(C2CCC(=O)NC2=O)C3=O)nn1)Cc1ccc(-c2[nH]c3cc(F)cc4c3c2CCNC4=O)cc1,[*:1]N(C)Cc1ccc(-c2[nH]c3cc(F)cc4c3c2CCNC4=O)cc1,[*:2]Nc1cccc2c1C(=O)N(C1CCC(=O)NC1=O)C2=O,[*:1]CCCCc1cn(CCOCCOCCOCCOCC[*:2])nn1
CN(CCCCc1cn(CCOCCOCCOCCOCCOCCNc2cccc3c2C(=O)N(C2CCC(=O)NC2=O)C3=O)nn1)Cc1ccc(-c2[nH]c3cc(F)cc4c3c2CCNC4=O)cc1,[*:1]N(C)Cc1ccc(-c2[nH]c3cc(F)cc4c3c2CCNC4=O)cc1,[*:2]Nc1cccc2c1C(=O)N(C1CCC(=O)NC1=O)C2=O,[*:1]CCCCc1cn(CCOCCOCCOCCOCCOCC[*:2])nn1
CN(CCCCC(=O)NCCOCCOCCOCCNc1cccc2c1C(=O)N(C1CCC(=O)NC1=O)C2=O)Cc1ccc(-c2[nH]c3cc(F)cc4c3c2CCNC4=O)cc1,[*:1]N(C)Cc1ccc(-c2[nH]c3cc(F)cc4c3c2CCNC4=O)cc1,[*:2]Nc1cccc2c1C(=O)N(C1CCC(=O)NC1=O)C2=O,[*:1]CCCCC(=O)NCCOCCOCCOCC[*:2]
CN(CCCCCC(=O)NCCOCCOCCOCCNc1cccc2c1C(=O)N(C1CCC(=O)NC1=O)C2=O)Cc1ccc(-c2[nH]c3cc(F)cc4c3c2CCNC4=O)cc1,[*:1]N(C)Cc1ccc(-c2[nH]c3cc(F)cc4c3c2CCNC4=O)cc1,[*:2]Nc1cccc2c1C(=O)N(C1CCC(=O)NC1=O)C2=O,[*:1]CCCCCC(=O)NCCOCCOCCOCC[*:2]
CNCc1ccc(-c2c3c4c(cc(F)cc4n2CCCCc2cn(CCOCCOCCOCCCNc4cccc5c4C(=O)N(C4CCC(=O)NC4=O)C5=O)nn2)C(=O)NCC3)cc1,[*:1]n1c(-c2ccc(CNC)cc2)c2c3c(cc(F)cc31)C(=O)NCC2,[*:2]Nc1cccc2c1C(=O)N(C1CCC(=O)NC1=O)C2=O,[*:1]CCCCc1cn(CCOCCOCCOCCC[*:2])nn1
CNCc1ccc(-c2c3c4c(cc(F)cc4n2CCCCc2cn(CCOCCOCCOCCOCCCNc4cccc5c4C(=O)N(C4CCC(=O)NC4=O)C5=O)nn2)C(=O)NCC3)cc1,[*:1]n1c(-c2ccc(CNC)cc2)c2c3c(cc(F)cc31)C(=O)NCC2,[*:2]Nc1cccc2c1C(=O)N(C1CCC(=O)NC1=O)C2=O,[*:1]CCCCc1cn(CCOCCOCCOCCOCCC[*:2])nn1
CN(CCOCCOCCOCCOCCNc1cccc2c1C(=O)N(C1CCC(=O)NC1=O)C2=O)Cc1ccc(-c2[nH]c3cc(F)cc4c3c2CCNC4=O)cc1,[*:1]N(C)Cc1ccc(-c2[nH]c3cc(F)cc4c3c2CCNC4=O)cc1,[*:2]Nc1cccc2c1C(=O)N(C1CCC(=O)NC1=O)C2=O,[*:1]CCOCCOCCOCCOCC[*:2]
CN(CCOCCOCCOCCOCCOCCNc1cccc2c1C(=O)N(C1CCC(=O)NC1=O)C2=O)Cc1ccc(-c2[nH]c3cc(F)cc4c3c2CCNC4=O)cc1,[*:1]N(C)Cc1ccc(-c2[nH]c3cc(F)cc4c3c2CCNC4=O)cc1,[*:2]Nc1cccc2c1C(=O)N(C1CCC(=O)NC1=O)C2=O,[*:1]CCOCCOCCOCCOCCOCC[*:2]
CN(CCOCCOCCOCCOCCOCCOCCNc1cccc2c1C(=O)N(C1CCC(=O)NC1=O)C2=O)Cc1ccc(-c2[nH]c3cc(F)cc4c3c2CCNC4=O)cc1,[*:1]N(C)Cc1ccc(-c2[nH]c3cc(F)cc4c3c2CCNC4=O)cc1,[*:2]Nc1cccc2c1C(=O)N(C1CCC(=O)NC1=O)C2=O,[*:1]CCOCCOCCOCCOCCOCCOCC[*:2]
CN(CCOCCOCCOCCOCCOCCOCCOCCNc1cccc2c1C(=O)N(C1CCC(=O)NC1=O)C2=O)Cc1ccc(-c2[nH]c3cc(F)cc4c3c2CCNC4=O)cc1,[*:1]N(C)Cc1ccc(-c2[nH]c3cc(F)cc4c3c2CCNC4=O)cc1,[*:2]Nc1cccc2c1C(=O)N(C1CCC(=O)NC1=O)C2=O,[*:1]CCOCCOCCOCCOCCOCCOCCOCC[*:2]
C[C@]1(c2nc3c(C(N)=O)cccc3[nH]2)CCCN1CCOCCOCCOCCOCCNc1cccc2c1C(=O)N(C1CCC(=O)NC1=O)C2=O,[*:1]N1CCC[C@]1(C)c1nc2c(C(N)=O)cccc2[nH]1,[*:2]Nc1cccc2c1C(=O)N(C1CCC(=O)NC1=O)C2=O,[*:1]CCOCCOCCOCCOCC[*:2]
C[C@]1(c2nc3c(C(N)=O)cccc3[nH]2)CCCN1CCOCCOCCOCCOCCOCCNc1cccc2c1C(=O)N(C1CCC(=O)NC1=O)C2=O,[*:1]N1CCC[C@]1(C)c1nc2c(C(N)=O)cccc2[nH]1,[*:2]Nc1cccc2c1C(=O)N(C1CCC(=O)NC1=O)C2=O,[*:1]CCOCCOCCOCCOCCOCC[*:2]
C[C@]1(c2nc3c(C(N)=O)cccc3[nH]2)CCCN1CCOCCOCCOCCOCCOCCOCCNc1cccc2c1C(=O)N(C1CCC(=O)NC1=O)C2=O,[*:1]N1CCC[C@]1(C)c1nc2c(C(N)=O)cccc2[nH]1,[*:2]Nc1cccc2c1C(=O)N(C1CCC(=O)NC1=O)C2=O,[*:1]CCOCCOCCOCCOCCOCCOCC[*:2]
C[C@]1(c2nc3c(C(N)=O)cccc3[nH]2)CCCN1CCOCCOCCOCCOCCOCCOCCOCCNc1cccc2c1C(=O)N(C1CCC(=O)NC1=O)C2=O,[*:1]N1CCC[C@]1(C)c1nc2c(C(N)=O)cccc2[nH]1,[*:2]Nc1cccc2c1C(=O)N(C1CCC(=O)NC1=O)C2=O,[*:1]CCOCCOCCOCCOCCOCCOCCOCC[*:2]
NC(=O)c1cccc2cn(-c3ccc([C@@H]4CCCN(CCOCCOCCOCCOCCNc5cccc6c5C(=O)N(C5CCC(=O)NC5=O)C6=O)C4)cc3)nc12,[*:1]N1CCC[C@@H](c2ccc(-n3cc4cccc(C(N)=O)c4n3)cc2)C1,[*:2]Nc1cccc2c1C(=O)N(C1CCC(=O)NC1=O)C2=O,[*:1]CCOCCOCCOCCOCC[*:2]
NC(=O)c1cccc2cn(-c3ccc([C@@H]4CCCN(CCOCCOCCOCCOCCOCCNc5cccc6c5C(=O)N(C5CCC(=O)NC5=O)C6=O)C4)cc3)nc12,[*:1]N1CCC[C@@H](c2ccc(-n3cc4cccc(C(N)=O)c4n3)cc2)C1,[*:2]Nc1cccc2c1C(=O)N(C1CCC(=O)NC1=O)C2=O,[*:1]CCOCCOCCOCCOCCOCC[*:2]
NC(=O)c1cccc2cn(-c3ccc([C@@H]4CCCN(CCOCCOCCOCCOCCOCCOCCNc5cccc6c5C(=O)N(C5CCC(=O)NC5=O)C6=O)C4)cc3)nc12,[*:1]N1CCC[C@@H](c2ccc(-n3cc4cccc(C(N)=O)c4n3)cc2)C1,[*:2]Nc1cccc2c1C(=O)N(C1CCC(=O)NC1=O)C2=O,[*:1]CCOCCOCCOCCOCCOCCOCC[*:2]
NC(=O)c1cccc2cn(-c3ccc([C@@H]4CCCN(CCOCCOCCOCCOCCOCCOCCOCCNc5cccc6c5C(=O)N(C5CCC(=O)NC5=O)C6=O)C4)cc3)nc12,[*:1]N1CCC[C@@H](c2ccc(-n3cc4cccc(C(N)=O)c4n3)cc2)C1,[*:2]Nc1cccc2c1C(=O)N(C1CCC(=O)NC1=O)C2=O,[*:1]CCOCCOCCOCCOCCOCCOCCOCC[*:2]
O=C(CCCCCCC(=O)N/N=C/c1ccc(OCC#Cc2cccc3c2CN(C2CCC(=O)NC2=O)C3=O)cc1)NO,[*:1]COc1ccc(/C=N/NC(=O)CCCCCCC(=O)NO)cc1,[*:2]#Cc1cccc2c1CN(C1CCC(=O)NC1=O)C2=O,[*:1]C#[*:2]
O=C(CCCCCCC(=O)N/N=C/c1ccc(OCCCC#Cc2cccc3c2CN(C2CCC(=O)NC2=O)C3=O)cc1)NO,[*:1]COc1ccc(/C=N/NC(=O)CCCCCCC(=O)NO)cc1,[*:2]#Cc1cccc2c1CN(C1CCC(=O)NC1=O)C2=O,[*:1]CCC#[*:2]
CC[C@H](C)[C@@H]([C@@H](CC(=O)N1CCC[C@H]1[C@H](OC)[C@@H](C)C(=O)N[C@H](C)[C@@H](O)c1ccccc1)OC)N(C)C(=O)[C@@H](NC(=O)[C@H](C(C)C)N(C)CCOCCOCCOCCOCCNc1cccc2c1C(=O)N(C1CCC(=O)NC1=O)C2=O)C(C)C,[*:1]N(C)[C@H](C(=O)N[C@H](C(=O)N(C)[C@@H]([C@@H](C)CC)[C@@H](CC(=O)N1CCC[C@H]1[C@H](OC)[C@@H](C)C(=O)N[C@H](C)[C@@H](O)c1ccccc1)OC)C(C)C)C(C)C,[*:2]Nc1cccc2c1C(=O)N(C1CCC(=O)NC1=O)C2=O,[*:1]CCOCCOCCOCCOCC[*:2]
CC[C@H](C)[C@@H]([C@@H](CC(=O)N1CCC[C@H]1[C@H](OC)[C@@H](C)C(=O)N[C@H](C)[C@@H](O)c1ccccc1)OC)N(C)C(=O)[C@@H](NC(=O)[C@H](C(C)C)N(C)CCCCCCCCCCCCNc1cccc2c1C(=O)N(C1CCC(=O)NC1=O)C2=O)C(C)C,[*:1]N(C)[C@H](C(=O)N[C@H](C(=O)N(C)[C@@H]([C@@H](C)CC)[C@@H](CC(=O)N1CCC[C@H]1[C@H](OC)[C@@H](C)C(=O)N[C@H](C)[C@@H](O)c1ccccc1)OC)C(C)C)C(C)C,[*:2]Nc1cccc2c1C(=O)N(C1CCC(=O)NC1=O)C2=O,[*:1]CCCCCCCCCCCC[*:2]
CC[C@H](C)[C@@H]([C@@H](CC(=O)N1CCC[C@H]1[C@H](OC)[C@@H](C)C(=O)N[C@H](C)[C@@H](O)c1ccccc1)OC)N(C)C(=O)[C@@H](NC(=O)[C@H](C(C)C)N(C)C(=O)CCCCCCCCCCCNc1cccc2c1C(=O)N(C1CCC(=O)NC1=O)C2=O)C(C)C,[*:1]N(C)[C@H](C(=O)N[C@H](C(=O)N(C)[C@@H]([C@@H](C)CC)[C@@H](CC(=O)N1CCC[C@H]1[C@H](OC)[C@@H](C)C(=O)N[C@H](C)[C@@H](O)c1ccccc1)OC)C(C)C)C(C)C,[*:2]Nc1cccc2c1C(=O)N(C1CCC(=O)NC1=O)C2=O,[*:1]C(=O)CCCCCCCCCCC[*:2]
CC[C@H](C)[C@@H]([C@@H](CC(=O)N1CCC[C@H]1[C@H](OC)[C@@H](C)C(=O)N[C@H](C)[C@@H](O)c1ccccc1)OC)N(C)C(=O)[C@@H](NC(=O)[C@H](C(C)C)N(C)CCOCCOCCNc1cccc2c1C(=O)N(C1CCC(=O)NC1=O)C2=O)C(C)C,[*:1]N(C)[C@H](C(=O)N[C@H](C(=O)N(C)[C@@H]([C@@H](C)CC)[C@@H](CC(=O)N1CCC[C@H]1[C@H](OC)[C@@H](C)C(=O)N[C@H](C)[C@@H](O)c1ccccc1)OC)C(C)C)C(C)C,[*:2]Nc1cccc2c1C(=O)N(C1CCC(=O)NC1=O)C2=O,[*:1]CCOCCOCC[*:2]
CC[C@H](C)[C@@H]([C@@H](CC(=O)N1CCC[C@H]1[C@H](OC)[C@@H](C)C(=O)N[C@H](C)[C@@H](O)c1ccccc1)OC)N(C)C(=O)[C@@H](NC(=O)[C@H](C(C)C)N(C)CCOCCOCCOCCNc1cccc2c1C(=O)N(C1CCC(=O)NC1=O)C2=O)C(C)C,[*:1]N(C)[C@H](C(=O)N[C@H](C(=O)N(C)[C@@H]([C@@H](C)CC)[C@@H](CC(=O)N1CCC[C@H]1[C@H](OC)[C@@H](C)C(=O)N[C@H](C)[C@@H](O)c1ccccc1)OC)C(C)C)C(C)C,[*:2]Nc1cccc2c1C(=O)N(C1CCC(=O)NC1=O)C2=O,[*:1]CCOCCOCCOCC[*:2]
CC[C@H](C)[C@@H]([C@@H](CC(=O)N1CCC[C@H]1[C@H](OC)[C@@H](C)C(=O)N[C@H](C)[C@@H](O)c1ccccc1)OC)N(C)C(=O)[C@@H](NC(=O)[C@H](C(C)C)N(C)CCOCCOCCOCCOCCOCCNc1cccc2c1C(=O)N(C1CCC(=O)NC1=O)C2=O)C(C)C,[*:1]N(C)[C@H](C(=O)N[C@H](C(=O)N(C)[C@@H]([C@@H](C)CC)[C@@H](CC(=O)N1CCC[C@H]1[C@H](OC)[C@@H](C)C(=O)N[C@H](C)[C@@H](O)c1ccccc1)OC)C(C)C)C(C)C,[*:2]Nc1cccc2c1C(=O)N(C1CCC(=O)NC1=O)C2=O,[*:1]CCOCCOCCOCCOCCOCC[*:2]
CC[C@H](C)[C@@H]([C@@H](CC(=O)N1CCC[C@H]1[C@H](OC)[C@@H](C)C(=O)N[C@H](C)[C@@H](O)c1ccccc1)OC)N(C)C(=O)[C@@H](NC(=O)[C@H](C(C)C)N(C)CCCOCCOCCOCCOCCOCCOCCOCCOCCNc1cccc2c1C(=O)N(C1CCC(=O)NC1=O)C2=O)C(C)C,[*:1]N(C)[C@H](C(=O)N[C@H](C(=O)N(C)[C@@H]([C@@H](C)CC)[C@@H](CC(=O)N1CCC[C@H]1[C@H](OC)[C@@H](C)C(=O)N[C@H](C)[C@@H](O)c1ccccc1)OC)C(C)C)C(C)C,[*:2]Nc1cccc2c1C(=O)N(C1CCC(=O)NC1=O)C2=O,[*:1]CCCOCCOCCOCCOCCOCCOCCOCCOCC[*:2]
CC[C@H](C)[C@@H]([C@@H](CC(=O)N1CCC[C@H]1[C@H](OC)[C@@H](C)C(=O)N[C@H](C)[C@@H](O)c1ccccc1)OC)N(C)C(=O)[C@@H](NC(=O)[C@H](C(C)C)N(C)C(=O)CCCCCCCCCNc1cccc2c1C(=O)N(C1CCC(=O)NC1=O)C2=O)C(C)C,[*:1]N(C)[C@H](C(=O)N[C@H](C(=O)N(C)[C@@H]([C@@H](C)CC)[C@@H](CC(=O)N1CCC[C@H]1[C@H](OC)[C@@H](C)C(=O)N[C@H](C)[C@@H](O)c1ccccc1)OC)C(C)C)C(C)C,[*:2]Nc1cccc2c1C(=O)N(C1CCC(=O)NC1=O)C2=O,[*:1]C(=O)CCCCCCCCC[*:2]
COc1ccc(/C=C\c2cc(OC)c(OC)c(OC)c2)cc1OCCOCCOCCNc1cccc2c1C(=O)N(C1CCC(=O)NC1=O)C2=O,[*:1]Oc1cc(/C=C\c2cc(OC)c(OC)c(OC)c2)ccc1OC,[*:2]Nc1cccc2c1C(=O)N(C1CCC(=O)NC1=O)C2=O,[*:1]CCOCCOCC[*:2]
COc1ccc(/C=C\c2cc(OC)c(OC)c(OC)c2)cc1OCCOCCOCCOCCNc1cccc2c1C(=O)N(C1CCC(=O)NC1=O)C2=O,[*:1]Oc1cc(/C=C\c2cc(OC)c(OC)c(OC)c2)ccc1OC,[*:2]Nc1cccc2c1C(=O)N(C1CCC(=O)NC1=O)C2=O,[*:1]CCOCCOCCOCC[*:2]
COc1ccc(/C=C\c2cc(OC)c(OC)c(OC)c2)cc1OCCOCCOCCOCCOCCNc1cccc2c1C(=O)N(C1CCC(=O)NC1=O)C2=O,[*:1]Oc1cc(/C=C\c2cc(OC)c(OC)c(OC)c2)ccc1OC,[*:2]Nc1cccc2c1C(=O)N(C1CCC(=O)NC1=O)C2=O,[*:1]CCOCCOCCOCCOCC[*:2]
COc1ccc(/C=C\c2cc(OC)c(OC)c(OC)c2)cc1OCCOCCOCCOCCOCCOCCNc1cccc2c1C(=O)N(C1CCC(=O)NC1=O)C2=O,[*:1]Oc1cc(/C=C\c2cc(OC)c(OC)c(OC)c2)ccc1OC,[*:2]Nc1cccc2c1C(=O)N(C1CCC(=O)NC1=O)C2=O,[*:1]CCOCCOCCOCCOCCOCC[*:2]
O=C1CCC(N2C(=O)c3cccc(NCCOCCOCCOCCC(=O)N[C@@H](Cc4ccccc4)C(=O)N4C/C(=C\c5ccc(Cl)c(Cl)c5)C(=O)/C(=C/c5ccc(Cl)c(Cl)c5)C4)c3C2=O)C(=O)N1,[*:1]N[C@@H](Cc1ccccc1)C(=O)N1C/C(=C\c2ccc(Cl)c(Cl)c2)C(=O)/C(=C/c2ccc(Cl)c(Cl)c2)C1,[*:2]Nc1cccc2c1C(=O)N(C1CCC(=O)NC1=O)C2=O,[*:1]C(=O)CCOCCOCCOCC[*:2]
O=C1CCC(N2C(=O)c3cccc(NCCOCCOc4ccc(Nc5nccc(Nc6cnc7ccccc7c6)n5)cc4)c3C2=O)C(=O)N1,[*:1]COc1ccc(Nc2nccc(Nc3cnc4ccccc4c3)n2)cc1,[*:2]Nc1cccc2c1C(=O)N(C1CCC(=O)NC1=O)C2=O,[*:1]COCC[*:2]
O=C1CCC(N2C(=O)c3cccc(NCCOCCOCCOc4ccc(Nc5nccc(Nc6cnc7ccccc7c6)n5)cc4)c3C2=O)C(=O)N1,[*:1]COc1ccc(Nc2nccc(Nc3cnc4ccccc4c3)n2)cc1,[*:2]Nc1cccc2c1C(=O)N(C1CCC(=O)NC1=O)C2=O,[*:1]COCCOCC[*:2]
O=C1CCC(N2C(=O)c3cccc(NCCOCCOCCOCCOc4ccc(Nc5nccc(Nc6cnc7ccccc7c6)n5)cc4)c3C2=O)C(=O)N1,[*:1]COc1ccc(Nc2nccc(Nc3cnc4ccccc4c3)n2)cc1,[*:2]Nc1cccc2c1C(=O)N(C1CCC(=O)NC1=O)C2=O,[*:1]COCCOCCOCC[*:2]
CCC[C@H](NC(=O)[C@@H]1[C@H]2CCC[C@H]2CN1C(=O)[C@@H](NC(=O)[C@@H](NC(=O)c1cnc(C(=O)NCCCCCCNc2cccc3c2CN(C2CCC(=O)NC2=O)C3=O)cn1)C1CCCCC1)C(C)(C)C)C(=O)C(=O)NC1CC1,[*:1]c1cnc(C(=O)N[C@H](C(=O)N[C@H](C(=O)N2C[C@@H]3CCC[C@@H]3[C@H]2C(=O)N[C@@H](CCC)C(=O)C(=O)NC2CC2)C(C)(C)C)C2CCCCC2)cn1,[*:2]Nc1cccc2c1CN(C1CCC(=O)NC1=O)C2=O,[*:1]C(=O)NCCCCCC[*:2]
CCC[C@H](NC(=O)[C@@H]1[C@H]2CCC[C@H]2CN1C(=O)[C@@H](NC(=O)[C@@H](NC(=O)c1cnc(C(=O)NCCOCCOCCNc2cccc3c2C(=O)N(C2CCC(=O)NC2=O)C3=O)cn1)C1CCCCC1)C(C)(C)C)C(=O)C(=O)NC1CC1,[*:1]c1cnc(C(=O)N[C@H](C(=O)N[C@H](C(=O)N2C[C@@H]3CCC[C@@H]3[C@H]2C(=O)N[C@@H](CCC)C(=O)C(=O)NC2CC2)C(C)(C)C)C2CCCCC2)cn1,[*:2]Nc1cccc2c1C(=O)N(C1CCC(=O)NC1=O)C2=O,[*:1]C(=O)NCCOCCOCC[*:2]
CCC[C@H](NC(=O)[C@@H]1[C@H]2CCC[C@H]2CN1C(=O)[C@@H](NC(=O)[C@@H](NC(=O)c1cnc(C(=O)NCCOCCOCCOc2cc3c4c(cccc4c2)C(=O)N(C2CCC(=O)NC2=O)C3=O)cn1)C1CCCCC1)C(C)(C)C)C(=O)C(=O)NC1CC1,[*:1]c1cnc(C(=O)N[C@H](C(=O)N[C@H](C(=O)N2C[C@@H]3CCC[C@@H]3[C@H]2C(=O)N[C@@H](CCC)C(=O)C(=O)NC2CC2)C(C)(C)C)C2CCCCC2)cn1,[*:2]c1cc2c3c(cccc3c1)C(=O)N(C1CCC(=O)NC1=O)C2=O,[*:1]C(=O)NCCOCCOCCO[*:2]
CC1(C)CCC(c2ccc(Cl)cc2)=C(CN2CCN(c3ccc(C(=O)NS(=O)(=O)c4ccc(N[C@H](CCN5CCN(C(=O)CCCn6cc(COCCOCCNc7cccc8c7C(=O)N(C7CCC(=O)NC7=O)C8=O)nn6)CC5)CSc5ccccc5)c(S(=O)(=O)C(F)(F)F)c4)cc3)CC2)C1,[*:1]N1CCN(CC[C@H](CSc2ccccc2)Nc2ccc(S(=O)(=O)NC(=O)c3ccc(N4CCN(CC5=C(c6ccc(Cl)cc6)CCC(C)(C)C5)CC4)cc3)cc2S(=O)(=O)C(F)(F)F)CC1,[*:2]Nc1cccc2c1C(=O)N(C1CCC(=O)NC1=O)C2=O,[*:1]C(=O)CCCn1cc(COCCOCC[*:2])nn1
C=CC(=O)N1C[C@@H](n2nc(-c3ccc(Oc4ccccc4)cc3)c3c(N)ncnc32)C[C@H]1C(=O)OCCOCCOCC(=O)Nc1cccc2c1C(=O)N(C1CCC(=O)NC1=O)C2=O,[*:1]OC(=O)[C@@H]1C[C@H](n2nc(-c3ccc(Oc4ccccc4)cc3)c3c(N)ncnc32)CN1C(=O)C=C,[*:2]Nc1cccc2c1C(=O)N(C1CCC(=O)NC1=O)C2=O,[*:1]CCOCCOCC([*:2])=O
C=CC(=O)N1C[C@@H](n2nc(-c3ccc(Oc4ccccc4)cc3)c3c(N)ncnc32)C[C@H]1C(=O)OCCOCCOCCOCC(=O)Nc1cccc2c1C(=O)N(C1CCC(=O)NC1=O)C2=O,[*:1]OC(=O)[C@@H]1C[C@H](n2nc(-c3ccc(Oc4ccccc4)cc3)c3c(N)ncnc32)CN1C(=O)C=C,[*:2]Nc1cccc2c1C(=O)N(C1CCC(=O)NC1=O)C2=O,[*:1]CCOCCOCCOCC([*:2])=O
C=CC(=O)N1C[C@@H](n2nc(-c3ccc(Oc4ccccc4)cc3)c3c(N)ncnc32)C[C@H]1C(=O)OCCOCCOCCOCCOCC(=O)Nc1cccc2c1C(=O)N(C1CCC(=O)NC1=O)C2=O,[*:1]OC(=O)[C@@H]1C[C@H](n2nc(-c3ccc(Oc4ccccc4)cc3)c3c(N)ncnc32)CN1C(=O)C=C,[*:2]Nc1cccc2c1C(=O)N(C1CCC(=O)NC1=O)C2=O,[*:1]CCOCCOCCOCCOCC([*:2])=O
C=CC(=O)N1C[C@@H](n2nc(-c3ccc(Oc4ccccc4)cc3)c3c(N)ncnc32)C[C@H]1C(=O)OCCOCCOCCOCCOCCOCC(=O)Nc1cccc2c1C(=O)N(C1CCC(=O)NC1=O)C2=O,[*:1]OC(=O)[C@@H]1C[C@H](n2nc(-c3ccc(Oc4ccccc4)cc3)c3c(N)ncnc32)CN1C(=O)C=C,[*:2]Nc1cccc2c1C(=O)N(C1CCC(=O)NC1=O)C2=O,[*:1]CCOCCOCCOCCOCCOCC([*:2])=O
C=CC(=O)N[C@@H](CCC(=O)OCCOCCOCC(=O)Nc1cccc2c1C(=O)N(C1CCC(=O)NC1=O)C2=O)C(=O)Nc1cccc(Nc2ncc(NC(=O)c3cc(NC(=O)c4cccc(C(F)(F)F)c4)ccc3C)cn2)c1,[*:1]OC(=O)CC[C@H](NC(=O)C=C)C(=O)Nc1cccc(Nc2ncc(NC(=O)c3cc(NC(=O)c4cccc(C(F)(F)F)c4)ccc3C)cn2)c1,[*:2]Nc1cccc2c1C(=O)N(C1CCC(=O)NC1=O)C2=O,[*:1]CCOCCOCC([*:2])=O
C=CC(=O)N[C@@H](CCC(=O)OCCOCCOCCOCCOCC(=O)Nc1cccc2c1C(=O)N(C1CCC(=O)NC1=O)C2=O)C(=O)Nc1cccc(Nc2ncc(NC(=O)c3cc(NC(=O)c4cccc(C(F)(F)F)c4)ccc3C)cn2)c1,[*:1]OC(=O)CC[C@H](NC(=O)C=C)C(=O)Nc1cccc(Nc2ncc(NC(=O)c3cc(NC(=O)c4cccc(C(F)(F)F)c4)ccc3C)cn2)c1,[*:2]Nc1cccc2c1C(=O)N(C1CCC(=O)NC1=O)C2=O,[*:1]CCOCCOCCOCCOCC([*:2])=O
CCC(=O)N1C[C@@H](n2nc(-c3ccc(Oc4ccccc4)cc3)c3c(N)ncnc32)C[C@H]1C(=O)OCCOCCOCC(=O)N[C@H](C(=O)N1C[C@H](O)C[C@H]1C(=O)NCc1ccc(-c2scnc2C)cc1)C(C)(C)C,[*:1]OC(=O)[C@@H]1C[C@H](n2nc(-c3ccc(Oc4ccccc4)cc3)c3c(N)ncnc32)CN1C(=O)CC,[*:2]CC(=O)N[C@H](C(=O)N1C[C@H](O)C[C@H]1C(=O)NCc1ccc(-c2scnc2C)cc1)C(C)(C)C,[*:1]CCOCCO[*:2]
Nc1ncnc2c1c(-c1ccc(Oc3ccccc3)cc1)nn2[C@@H]1CCCN(C(=O)CCCCCCOCCOCCOCCOCCOc2cccc3c2C(=O)N(C2CCC(=O)NC2=O)C3=O)C1,[*:1]N1CCC[C@@H](n2nc(-c3ccc(Oc4ccccc4)cc3)c3c(N)ncnc32)C1,[*:2]c1cccc2c1C(=O)N(C1CCC(=O)NC1=O)C2=O,[*:1]C(=O)CCCCCCOCCOCCOCCOCCO[*:2]
Nc1ncnc2c1c(-c1ccc(Oc3ccccc3)cc1)nn2[C@@H]1CCCN(C(=O)/C=C/CCCCOCCOCCOCCOCCOc2cccc3c2C(=O)N(C2CCC(=O)NC2=O)C3=O)C1,[*:1]/C=C/C(=O)N1CCC[C@@H](n2nc(-c3ccc(Oc4ccccc4)cc3)c3c(N)ncnc32)C1,[*:2]c1cccc2c1C(=O)N(C1CCC(=O)NC1=O)C2=O,[*:1]CCCCOCCOCCOCCOCCO[*:2]
N#C/C(=C/COCCOCCOCCOCCOCCOc1cccc2c1C(=O)N(C1CCC(=O)NC1=O)C2=O)C(=O)N1CCC[C@@H](n2nc(-c3ccc(Oc4ccccc4)cc3)c3c(N)ncnc32)C1,[*:1]N1CCC[C@@H](n2nc(-c3ccc(Oc4ccccc4)cc3)c3c(N)ncnc32)C1,[*:2]c1cccc2c1C(=O)N(C1CCC(=O)NC1=O)C2=O,[*:1]C(=O)/C(C#N)=C\COCCOCCOCCOCCOCCO[*:2]
N#C/C(=C/CCCCOCCOCCOCCOCCOc1cccc2c1C(=O)N(C1CCC(=O)NC1=O)C2=O)C(=O)N1CCC[C@@H](n2nc(-c3ccc(Oc4ccccc4)cc3)c3c(N)ncnc32)C1,[*:1]N1CCC[C@@H](n2nc(-c3ccc(Oc4ccccc4)cc3)c3c(N)ncnc32)C1,[*:2]c1cccc2c1C(=O)N(C1CCC(=O)NC1=O)C2=O,[*:1]C(=O)/C(C#N)=C\CCCCOCCOCCOCCOCCO[*:2]
CC(C)(/C=C(/C#N)C(=O)N1CCC[C@@H](n2nc(-c3ccc(Oc4ccccc4)cc3)c3c(N)ncnc32)C1)CCCOCCOCCOCCOCCOc1cccc2c1C(=O)N(C1CCC(=O)NC1=O)C2=O,[*:1]N1CCC[C@@H](n2nc(-c3ccc(Oc4ccccc4)cc3)c3c(N)ncnc32)C1,[*:2]c1cccc2c1C(=O)N(C1CCC(=O)NC1=O)C2=O,[*:1]C(=O)/C(C#N)=C\C(C)(C)CCCOCCOCCOCCOCCO[*:2]
N#C/C(=C/COCCOCCOCCOCCOc1cccc2c1C(=O)N(C1CCC(=O)NC1=O)C2=O)C(=O)N1CCC[C@@H](n2nc(-c3ccc(Oc4ccccc4)cc3)c3c(N)ncnc32)C1,[*:1]N1CCC[C@@H](n2nc(-c3ccc(Oc4ccccc4)cc3)c3c(N)ncnc32)C1,[*:2]c1cccc2c1C(=O)N(C1CCC(=O)NC1=O)C2=O,[*:1]C(=O)/C(C#N)=C\COCCOCCOCCOCCO[*:2]
N#C/C(=C/COCCOCCOCCOc1cccc2c1C(=O)N(C1CCC(=O)NC1=O)C2=O)C(=O)N1CCC[C@@H](n2nc(-c3ccc(Oc4ccccc4)cc3)c3c(N)ncnc32)C1,[*:1]N1CCC[C@@H](n2nc(-c3ccc(Oc4ccccc4)cc3)c3c(N)ncnc32)C1,[*:2]c1cccc2c1C(=O)N(C1CCC(=O)NC1=O)C2=O,[*:1]C(=O)/C(C#N)=C\COCCOCCOCCO[*:2]
Cc1ncsc1-c1ccc(CNC(=O)[C@@H]2C[C@@H](O)CN2C(=O)[C@@H](NC(=O)OCCOCCOCCOCCOCCOCCn2cc(CC/C=C(/C#N)C(=O)N3CCC[C@@H](n4nc(-c5ccc(Oc6ccccc6)cc5)c5c(N)ncnc54)C3)nn2)C(C)(C)C)cc1,[*:1]N1CCC[C@@H](n2nc(-c3ccc(Oc4ccccc4)cc3)c3c(N)ncnc32)C1,[*:2]N[C@H](C(=O)N1C[C@H](O)C[C@H]1C(=O)NCc1ccc(-c2scnc2C)cc1)C(C)(C)C,[*:1]C(=O)/C(C#N)=C\CCc1cn(CCOCCOCCOCCOCCOCCOC([*:2])=O)nn1
Cc1ncsc1-c1ccc(CNC(=O)[C@@H]2C[C@@H](O)CN2C(=O)[C@@H](NC(=O)OCCOCCOCCOCCn2cc(CC/C=C(/C#N)C(=O)N3CCC[C@@H](n4nc(-c5ccc(Oc6ccccc6)cc5)c5c(N)ncnc54)C3)nn2)C(C)(C)C)cc1,[*:1]N1CCC[C@@H](n2nc(-c3ccc(Oc4ccccc4)cc3)c3c(N)ncnc32)C1,[*:2]N[C@H](C(=O)N1C[C@H](O)C[C@H]1C(=O)NCc1ccc(-c2scnc2C)cc1)C(C)(C)C,[*:1]C(=O)/C(C#N)=C\CCc1cn(CCOCCOCCOCCOC([*:2])=O)nn1
Cc1ncsc1-c1ccc(CNC(=O)[C@@H]2C[C@@H](O)CN2C(=O)[C@@H](NC(=O)OCCOCCOCCn2cc(CC/C=C(/C#N)C(=O)N3CCC[C@@H](n4nc(-c5ccc(Oc6ccccc6)cc5)c5c(N)ncnc54)C3)nn2)C(C)(C)C)cc1,[*:1]N1CCC[C@@H](n2nc(-c3ccc(Oc4ccccc4)cc3)c3c(N)ncnc32)C1,[*:2]N[C@H](C(=O)N1C[C@H](O)C[C@H]1C(=O)NCc1ccc(-c2scnc2C)cc1)C(C)(C)C,[*:1]C(=O)/C(C#N)=C\CCc1cn(CCOCCOCCOC([*:2])=O)nn1
Cc1ncsc1-c1ccc(CNC(=O)[C@@H]2C[C@@H](O)CN2C(=O)[C@@H](NC(=O)OCCOCCn2cc(CC/C=C(/C#N)C(=O)N3CCC[C@@H](n4nc(-c5ccc(Oc6ccccc6)cc5)c5c(N)ncnc54)C3)nn2)C(C)(C)C)cc1,[*:1]N1CCC[C@@H](n2nc(-c3ccc(Oc4ccccc4)cc3)c3c(N)ncnc32)C1,[*:2]N[C@H](C(=O)N1C[C@H](O)C[C@H]1C(=O)NCc1ccc(-c2scnc2C)cc1)C(C)(C)C,[*:1]C(=O)/C(C#N)=C\CCc1cn(CCOCCOC([*:2])=O)nn1
N#C/C(=C/CCc1cn(CCOCCOCCOCCOC(=O)NCCOc2cccc3c2C(=O)N(C2CCC(=O)NC2=O)C3=O)nn1)C(=O)N1CCC[C@@H](n2nc(-c3ccc(Oc4ccccc4)cc3)c3c(N)ncnc32)C1,[*:1]N1CCC[C@@H](n2nc(-c3ccc(Oc4ccccc4)cc3)c3c(N)ncnc32)C1,[*:2]c1cccc2c1C(=O)N(C1CCC(=O)NC1=O)C2=O,[*:1]C(=O)/C(C#N)=C\CCc1cn(CCOCCOCCOCCOC(=O)NCCO[*:2])nn1
N#C/C(=C/CCc1cn(CCOCCOCCOC(=O)NCCOc2cccc3c2C(=O)N(C2CCC(=O)NC2=O)C3=O)nn1)C(=O)N1CCC[C@@H](n2nc(-c3ccc(Oc4ccccc4)cc3)c3c(N)ncnc32)C1,[*:1]N1CCC[C@@H](n2nc(-c3ccc(Oc4ccccc4)cc3)c3c(N)ncnc32)C1,[*:2]c1cccc2c1C(=O)N(C1CCC(=O)NC1=O)C2=O,[*:1]C(=O)/C(C#N)=C\CCc1cn(CCOCCOCCOC(=O)NCCO[*:2])nn1
N#C/C(=C/CCc1cn(CCOCCOC(=O)NCCOc2cccc3c2C(=O)N(C2CCC(=O)NC2=O)C3=O)nn1)C(=O)N1CCC[C@@H](n2nc(-c3ccc(Oc4ccccc4)cc3)c3c(N)ncnc32)C1,[*:1]N1CCC[C@@H](n2nc(-c3ccc(Oc4ccccc4)cc3)c3c(N)ncnc32)C1,[*:2]c1cccc2c1C(=O)N(C1CCC(=O)NC1=O)C2=O,[*:1]C(=O)/C(C#N)=C\CCc1cn(CCOCCOC(=O)NCCO[*:2])nn1
N#C/C(=C/CCc1cn(CCOCCOCCOCCOCCOCCOC(=O)NCCOc2cccc3c2C(=O)N(C2CCC(=O)NC2=O)C3=O)nn1)C(=O)N1CCC[C@@H](n2nc(-c3ccc(Oc4ccccc4)cc3)c3c(N)ncnc32)C1,[*:1]N1CCC[C@@H](n2nc(-c3ccc(Oc4ccccc4)cc3)c3c(N)ncnc32)C1,[*:2]c1cccc2c1C(=O)N(C1CCC(=O)NC1=O)C2=O,[*:1]C(=O)/C(C#N)=C\CCc1cn(CCOCCOCCOCCOCCOCCOC(=O)NCCO[*:2])nn1
CCN(CCCCCCCCNc1cccc2c1C(=O)N(C1CCC(=O)NC1=O)C2=O)CCNC(=O)c1c(C)[nH]c(/C=C2\C(=O)Nc3ccc(F)cc32)c1C,[*:1]CCN(CC)CCNC(=O)c1c(C)[nH]c(/C=C2\C(=O)Nc3ccc(F)cc32)c1C,[*:2]Nc1cccc2c1C(=O)N(C1CCC(=O)NC1=O)C2=O,[*:1]CCCCCC[*:2]
CC(=O)c1c(C)c2cnc(Nc3ccc(N4CCN(C(=O)Cc5cn(CCOCCOCCOCC(=O)N[C@H](C(=O)N6C[C@H](O)C[C@H]6C(=O)NCc6ccc(-c7scnc7C)cc6)C(C)(C)C)nn5)CC4)cn3)nc2n(C2CCCC2)c1=O,[*:1]N1CCN(c2ccc(Nc3ncc4c(C)c(C(C)=O)c(=O)n(C5CCCC5)c4n3)nc2)CC1,[*:2]CC(=O)N[C@H](C(=O)N1C[C@H](O)C[C@H]1C(=O)NCc1ccc(-c2scnc2C)cc1)C(C)(C)C,[*:1]C(=O)Cc1cn(CCOCCOCCO[*:2])nn1
CC(=O)c1c(C)c2cnc(Nc3ccc(N4CCN(C(=O)CN(C)CCNC(=O)COc5cccc6c5C(=O)N(C5CCC(=O)NC5=O)C6=O)CC4)cn3)nc2n(C2CCCC2)c1=O,[*:1]N1CCN(c2ccc(Nc3ncc4c(C)c(C(C)=O)c(=O)n(C5CCCC5)c4n3)nc2)CC1,[*:2]c1cccc2c1C(=O)N(C1CCC(=O)NC1=O)C2=O,[*:1]C(=O)CN(C)CCNC(=O)CO[*:2]
CC(=O)c1c(C)c2cnc(Nc3ccc(N4CCN(C(=O)CNCCOCCOCCOCCNC(=O)COc5cccc6c5C(=O)N(C5CCC(=O)NC5=O)C6=O)CC4)cn3)nc2n(C2CCCC2)c1=O,[*:1]N1CCN(c2ccc(Nc3ncc4c(C)c(C(C)=O)c(=O)n(C5CCCC5)c4n3)nc2)CC1,[*:2]c1cccc2c1C(=O)N(C1CCC(=O)NC1=O)C2=O,[*:1]C(=O)CNCCOCCOCCOCCNC(=O)CO[*:2]
CC(=O)c1c(C)c2cnc(Nc3ccc(N4CCN(C(=O)CNCCCCNC(=O)COc5cccc6c5C(=O)N(C5CCC(=O)NC5=O)C6=O)CC4)cn3)nc2n(C2CCCC2)c1=O,[*:1]N1CCN(c2ccc(Nc3ncc4c(C)c(C(C)=O)c(=O)n(C5CCCC5)c4n3)nc2)CC1,[*:2]c1cccc2c1C(=O)N(C1CCC(=O)NC1=O)C2=O,[*:1]C(=O)CNCCCCNC(=O)CO[*:2]
Cc1nc2c(F)cc(-c3nc(Nc4ccc(CN5CCN(CCNC(=O)COc6cccc7c6C(=O)N(C6CCC(=O)NC6=O)C7=O)CC5)cn4)ncc3F)cc2n1C(C)C,[*:1]CCN1CCN(Cc2ccc(Nc3ncc(F)c(-c4cc(F)c5nc(C)n(C(C)C)c5c4)n3)nc2)CC1,[*:2]c1cccc2c1C(=O)N(C1CCC(=O)NC1=O)C2=O,[*:1]NC(=O)CO[*:2]
Cc1ncsc1-c1ccc(CNC(=O)[C@@H]2C[C@@H](O)CN2C(=O)[C@@H](NC(=O)COCCCOCCCCCOc2ccc(N3C(=O)N(c4ccc(C#N)c(C(F)(F)F)c4)C(=O)C3(C)C)cc2)C(C)(C)C)cc1,[*:1]Oc1ccc(N2C(=O)N(c3ccc(C#N)c(C(F)(F)F)c3)C(=O)C2(C)C)cc1,[*:2]CC(=O)N[C@H](C(=O)N1C[C@H](O)C[C@H]1C(=O)NCc1ccc(-c2scnc2C)cc1)C(C)(C)C,[*:1]CCCCCOCCCO[*:2]
Cc1ncsc1-c1ccc([C@H](C)NC(=O)[C@@H]2C[C@@H](O)CN2C(=O)[C@@H](NC(=O)COCCCCCNc2ccc(C(=O)N[C@H]3C(C)(C)[C@H](Oc4ccc(C#N)c(Cl)c4)C3(C)C)cc2)C(C)(C)C)cc1,[*:1]c1ccc(C(=O)N[C@H]2C(C)(C)[C@H](Oc3ccc(C#N)c(Cl)c3)C2(C)C)cc1,[*:2]CC(=O)N[C@H](C(=O)N1C[C@H](O)C[C@H]1C(=O)N[C@@H](C)c1ccc(-c2scnc2C)cc1)C(C)(C)C,[*:1]NCCCCCO[*:2]
Cc1ncsc1-c1ccc(CNC(=O)[C@@H]2C[C@@H](O)CN2C(=O)[C@@H](NC(=O)COCCc2ccc(-c3ccc(C(=O)N[C@H]4C(C)(C)[C@H](Oc5ccc(C#N)c(Cl)c5)C4(C)C)cc3)cc2)C(C)(C)C)cc1,[*:1]c1ccc(C(=O)N[C@H]2C(C)(C)[C@H](Oc3ccc(C#N)c(Cl)c3)C2(C)C)cc1,[*:2]CC(=O)N[C@H](C(=O)N1C[C@H](O)C[C@H]1C(=O)NCc1ccc(-c2scnc2C)cc1)C(C)(C)C,[*:1]c1ccc(CCO[*:2])cc1
Cc1sc2c(c1C)C(c1ccc(Cl)cc1)=N[C@@H](CC(=O)NCCCCCCCCN1CCN(c3ccc(NC4CCC(=O)NC4=O)cc3)CC1)c1nnc(C)n1-2,[*:1]NC(=O)C[C@@H]1N=C(c2ccc(Cl)cc2)c2c(sc(C)c2C)-n2c(C)nnc21,[*:2]CN1CCN(c2ccc(NC3CCC(=O)NC3=O)cc2)CC1,[*:1]CCCCCCC[*:2]
Cc1nnc2n1-c1ccc(-c3cnn(CCCCCCN4CCN(c5ccc(NC6CCC(=O)NC6=O)cc5)CC4)c3)cc1C(c1ccc(Cl)cc1)=NC21CC1,[*:1]n1cc(-c2ccc3c(c2)C(c2ccc(Cl)cc2)=NC2(CC2)c2nnc(C)n2-3)cn1,[*:2]CN1CCN(c2ccc(NC3CCC(=O)NC3=O)cc2)CC1,[*:1]CCCCC[*:2]
CC1(C)[C@H](NC(=O)c2ccc(OCCCCCOCCCNc3cccc4c3C(=O)N(C3CCC(=O)NC3=O)C4=O)cc2)C(C)(C)[C@H]1Oc1ccc(C#N)c(Cl)c1,[*:1]c1ccc(C(=O)N[C@H]2C(C)(C)[C@H](Oc3ccc(C#N)c(Cl)c3)C2(C)C)cc1,[*:2]Nc1cccc2c1C(=O)N(C1CCC(=O)NC1=O)C2=O,[*:1]OCCCCCOCCC[*:2]
Cc1sc2c(c1C)C(c1ccc(Cl)cc1)=N[C@@H](CC(=O)Nc1ccc(OCCOCCOCCOCCOCCNc3cccc4c3C(=O)N(C3CCC(=O)NC3=O)C4=O)cc1)c1nnc(C)n1-2,[*:1]Oc1ccc(NC(=O)C[C@@H]2N=C(c3ccc(Cl)cc3)c3c(sc(C)c3C)-n3c(C)nnc32)cc1,[*:2]Nc1cccc2c1C(=O)N(C1CCC(=O)NC1=O)C2=O,[*:1]CCOCCOCCOCCOCC[*:2]
Cc1sc2c(c1C)C(c1ccc(Cl)cc1)=N[C@@H](CC(=O)Nc1ccc(OCCOCCOCCNc3cccc4c3C(=O)N(C3CCC(=O)NC3=O)C4=O)cc1)c1nnc(C)n1-2,[*:1]Oc1ccc(NC(=O)C[C@@H]2N=C(c3ccc(Cl)cc3)c3c(sc(C)c3C)-n3c(C)nnc32)cc1,[*:2]Nc1cccc2c1C(=O)N(C1CCC(=O)NC1=O)C2=O,[*:1]CCOCCOCC[*:2]
CN(CCCNc1nc(Nc2ccc(OCCOCCOCCOCCOCCOCCNc3cccc4c3C(=O)N(C3CCC(=O)NC3=O)C4=O)cc2)ncc1Br)C(=O)C1CCC1,[*:1]c1ccc(Nc2ncc(Br)c(NCCCN(C)C(=O)C3CCC3)n2)cc1,[*:2]Nc1cccc2c1C(=O)N(C1CCC(=O)NC1=O)C2=O,[*:1]OCCOCCOCCOCCOCCOCC[*:2]
CN(CCCNc1nc(Nc2ccc(OCCOCCOCCOCCOCCNc3cccc4c3C(=O)N(C3CCC(=O)NC3=O)C4=O)cc2)ncc1Br)C(=O)C1CCC1,[*:1]c1ccc(Nc2ncc(Br)c(NCCCN(C)C(=O)C3CCC3)n2)cc1,[*:2]Nc1cccc2c1C(=O)N(C1CCC(=O)NC1=O)C2=O,[*:1]OCCOCCOCCOCCOCC[*:2]
COc1cc(/C=C2\SC(=O)N(CCCOCCNc3cccc4c3C(=O)N(C3CCC(=O)NC3=O)C4=O)C2=O)ccc1Oc1ccc(C#N)cc1C(F)(F)F,[*:1]CN1C(=O)S/C(=C\c2ccc(Oc3ccc(C#N)cc3C(F)(F)F)c(OC)c2)C1=O,[*:2]Nc1cccc2c1C(=O)N(C1CCC(=O)NC1=O)C2=O,[*:1]CCOCC[*:2]
Cc1sc2c(c1C)C(c1ccc(Cl)cc1)=N[C@@H](CC(=O)N[C@@H](C)c1ccc(OCCOCCNc3cccc4c3C(=O)N(C3CCC(=O)NC3=O)C4=O)cc1)c1nnc(C)n1-2,[*:1]NC(=O)C[C@@H]1N=C(c2ccc(Cl)cc2)c2c(sc(C)c2C)-n2c(C)nnc21,[*:2]Nc1cccc2c1C(=O)N(C1CCC(=O)NC1=O)C2=O,[*:1][C@@H](C)c1ccc(OCCOCC[*:2])cc1
Cc1sc2c(c1C)C(c1ccc(Cl)cc1)=N[C@@H](CC(=O)NCCOCCNc1cccc3c1C(=O)N(C1CCC(=O)NC1=O)C3=O)c1nnc(C)n1-2,[*:1]NC(=O)C[C@@H]1N=C(c2ccc(Cl)cc2)c2c(sc(C)c2C)-n2c(C)nnc21,[*:2]Nc1cccc2c1C(=O)N(C1CCC(=O)NC1=O)C2=O,[*:1]CCOCC[*:2]
NC(=O)c1nn(-c2ccc(C(=O)NCC3CCCCN3CCOCCNc3cccc4c3C(=O)N(C3CCC(=O)NC3=O)C4=O)cc2)cc1NC(=O)c1coc(-c2ccnc(NCC(F)(F)F)c2)n1,[*:1]c1ccc(-n2cc(NC(=O)c3coc(-c4ccnc(NCC(F)(F)F)c4)n3)c(C(N)=O)n2)cc1,[*:2]Nc1cccc2c1C(=O)N(C1CCC(=O)NC1=O)C2=O,[*:1]C(=O)NCC1CCCCN1CCOCC[*:2]
O=C1CCC(N2C(=O)c3cccc(NCCNCCOCCNC(=O)c4ccc(-n5cc(NC(=O)c6coc(-c7ccnc(NCC8CC8)c7)n6)c(C(F)(F)F)n5)cc4)c3C2=O)C(=O)N1,[*:1]C(=O)c1ccc(-n2cc(NC(=O)c3coc(-c4ccnc(NCC5CC5)c4)n3)c(C(F)(F)F)n2)cc1,[*:2]Nc1cccc2c1C(=O)N(C1CCC(=O)NC1=O)C2=O,[*:1]NCCOCCNCC[*:2]
CN(CCOCCOCCCc1ccc2c(c1)C(=O)N(C1CCC(=O)NC1=O)C2=O)C(=O)c1ccc(-n2cc(NC(=O)c3coc(-c4ccnc(NCC5CC5)c4)n3)c(C(N)=O)n2)cc1,[*:1]c1ccc(-n2cc(NC(=O)c3coc(-c4ccnc(NCC5CC5)c4)n3)c(C(N)=O)n2)cc1,[*:2]c1ccc2c(c1)C(=O)N(C1CCC(=O)NC1=O)C2=O,[*:1]C(=O)N(C)CCOCCOCCC[*:2]
NC(=O)c1nn(-c2ccc(CNCC3CN(CCOCCNc4cccc5c4C(=O)N(C4CCC(=O)NC4=O)C5=O)CCO3)cc2)cc1NC(=O)c1coc(-c2ccnc(NCC(F)(F)F)c2)n1,[*:1]c1ccc(-n2cc(NC(=O)c3coc(-c4ccnc(NCC(F)(F)F)c4)n3)c(C(N)=O)n2)cc1,[*:2]Nc1cccc2c1C(=O)N(C1CCC(=O)NC1=O)C2=O,[*:1]CNCC1CN(CCOCC[*:2])CCO1
CN(CCOCCOCCCc1ccc2c(c1)C(=O)N(C1CCC(=O)NC1=O)C2=O)Cc1ccc(-n2cc(NC(=O)c3coc(-c4ccnc(NCC5CC5)c4)n3)c(C(N)=O)n2)cc1,[*:1]c1ccc(-n2cc(NC(=O)c3coc(-c4ccnc(NCC5CC5)c4)n3)c(C(N)=O)n2)cc1,[*:2]c1ccc2c(c1)C(=O)N(C1CCC(=O)NC1=O)C2=O,[*:1]CN(C)CCOCCOCCC[*:2]
CN(CCOCCCc1cccc2c1C(=O)N(C1CCC(=O)NC1=O)C2=O)Cc1ccc(-n2cc(NC(=O)c3coc(-c4ccnc(NCC5CC5)c4)n3)c(C(N)=O)n2)cc1,[*:1]c1ccc(-n2cc(NC(=O)c3coc(-c4ccnc(NCC5CC5)c4)n3)c(C(N)=O)n2)cc1,[*:2]c1cccc2c1C(=O)N(C1CCC(=O)NC1=O)C2=O,[*:1]CN(C)CCOCCC[*:2]
COc1cc2nn(C3CCN(CCOCCOc4ccc5c(c4)C(=O)N(C4CCC(=O)NC4=O)C5=O)CC3)cc2cc1NC(=O)c1cccc(C(F)(F)F)n1,[*:1]N1CCC(n2cc3cc(NC(=O)c4cccc(C(F)(F)F)n4)c(OC)cc3n2)CC1,[*:2]c1ccc2c(c1)C(=O)N(C1CCC(=O)NC1=O)C2=O,[*:1]CCOCCO[*:2]
COc1cc2nn(C3CCN(CCOCCOc4ccc5c(c4)C(=O)N(C4CCC(=O)NC4=O)C5)CC3)cc2cc1NC(=O)c1cccc(C(F)(F)F)n1,[*:1]N1CCC(n2cc3cc(NC(=O)c4cccc(C(F)(F)F)n4)c(OC)cc3n2)CC1,[*:2]c1ccc2c(c1)C(=O)N(C1CCC(=O)NC1=O)C2,[*:1]CCOCCO[*:2]
O=C1CCC(N2C(=O)c3cccc(NCCOCCOCCOCCOCCN4CCN(c5ccc(-c6ccc7c(c6)C(=O)N(C(C(=O)Nc6nccs6)c6ccccc6)C7)cc5)CC4)c3C2=O)C(=O)N1,[*:1]N1CCN(c2ccc(-c3ccc4c(c3)C(=O)N(C(C(=O)Nc3nccs3)c3ccccc3)C4)cc2)CC1,[*:2]Nc1cccc2c1C(=O)N(C1CCC(=O)NC1=O)C2=O,[*:1]CCOCCOCCOCCOCC[*:2]
Cc1cc(Nc2ncc(Cl)c(Nc3ccccc3S(=O)(=O)C(C)C)n2)c(OC(C)C)cc1C1CCN(CC(=O)NCCOCCOCCOCCOCCNc2cccc3c2C(=O)N(C2CCC(=O)NC2=O)C3=O)CC1,[*:1]N1CCC(c2cc(OC(C)C)c(Nc3ncc(Cl)c(Nc4ccccc4S(=O)(=O)C(C)C)n3)cc2C)CC1,[*:2]Nc1cccc2c1C(=O)N(C1CCC(=O)NC1=O)C2=O,[*:1]CC(=O)NCCOCCOCCOCCOCC[*:2]
Cc1cc(Nc2ncc(Cl)c(Nc3ccccc3S(=O)(=O)C(C)C)n2)c(OC(C)C)cc1C1CCN(C(=O)COCCOCC(=O)N[C@H](C(=O)N2C[C@H](O)C[C@H]2C(=O)N[C@@H](C)c2ccc(-c3scnc3C)cc2)C(C)(C)C)CC1,[*:1]N1CCC(c2cc(OC(C)C)c(Nc3ncc(Cl)c(Nc4ccccc4S(=O)(=O)C(C)C)n3)cc2C)CC1,[*:2]CC(=O)N[C@H](C(=O)N1C[C@H](O)C[C@H]1C(=O)N[C@@H](C)c1ccc(-c2scnc2C)cc1)C(C)(C)C,[*:1]C(=O)COCCO[*:2]
Cc1cc(Nc2ncc(Cl)c(Nc3ccccc3S(=O)(=O)C(C)C)n2)c(OC(C)C)cc1C1CCN(C(=O)CCCC(=O)N[C@H](C(=O)N2C[C@H](O)C[C@H]2C(=O)N[C@@H](C)c2ccc(-c3scnc3C)cc2)C(C)(C)C)CC1,[*:1]N1CCC(c2cc(OC(C)C)c(Nc3ncc(Cl)c(Nc4ccccc4S(=O)(=O)C(C)C)n3)cc2C)CC1,[*:2]CC(=O)N[C@H](C(=O)N1C[C@H](O)C[C@H]1C(=O)N[C@@H](C)c1ccc(-c2scnc2C)cc1)C(C)(C)C,[*:1]C(=O)CC[*:2]
C=CC(=O)N1CCN(c2nc(NCCC(=O)N(C)CCOCCOCCOCCOCC(=O)N[C@H](C(=O)N3C[C@H](O)C[C@H]3C(=O)N[C@@H](C)c3ccc(-c4scnc4C)cc3)C(C)(C)C)nc3c(F)c(-c4cc(O)cc5ccccc45)c(Cl)cc23)CC1,[*:1]c1nc(N2CCN(C(=O)C=C)CC2)c2cc(Cl)c(-c3cc(O)cc4ccccc34)c(F)c2n1,[*:2]CC(=O)N[C@H](C(=O)N1C[C@H](O)C[C@H]1C(=O)N[C@@H](C)c1ccc(-c2scnc2C)cc1)C(C)(C)C,[*:1]NCCC(=O)N(C)CCOCCOCCOCCO[*:2]
C=CC(=O)N1CCN(c2nc(NCCC(=O)N(C)CCOCCOCCOCCOCCOCC(=O)N[C@H](C(=O)N3C[C@H](O)C[C@H]3C(=O)N[C@@H](C)c3ccc(-c4scnc4C)cc3)C(C)(C)C)nc3c(F)c(-c4cc(O)cc5ccccc45)c(Cl)cc23)CC1,[*:1]c1nc(N2CCN(C(=O)C=C)CC2)c2cc(Cl)c(-c3cc(O)cc4ccccc34)c(F)c2n1,[*:2]CC(=O)N[C@H](C(=O)N1C[C@H](O)C[C@H]1C(=O)N[C@@H](C)c1ccc(-c2scnc2C)cc1)C(C)(C)C,[*:1]NCCC(=O)N(C)CCOCCOCCOCCOCCO[*:2]
C=CC(=O)N1CCN(c2nc(NCCC(=O)N(C)CCOCCOCCOCCNc3cccc4c3C(=O)N(C3CCC(=O)NC3=O)C4=O)nc3c(F)c(-c4cc(O)cc5ccccc45)c(Cl)cc23)CC1,[*:1]c1nc(N2CCN(C(=O)C=C)CC2)c2cc(Cl)c(-c3cc(O)cc4ccccc34)c(F)c2n1,[*:2]Nc1cccc2c1C(=O)N(C1CCC(=O)NC1=O)C2=O,[*:1]NCCC(=O)N(C)CCOCCOCCOCC[*:2]
C=CC(=O)N1CCN(c2nc(NCCC(=O)N(C)CCOCCOCCOCCC(=O)N[C@H](C(=O)N3C[C@H](O)C[C@H]3C(=O)N[C@@H](C)c3ccc(-c4scnc4C)cc3)C(C)(C)C)nc3c(F)c(-c4cc(O)cc5ccccc45)c(Cl)cc23)CC1,[*:1]c1nc(N2CCN(C(=O)C=C)CC2)c2cc(Cl)c(-c3cc(O)cc4ccccc34)c(F)c2n1,[*:2]CC(=O)N[C@H](C(=O)N1C[C@H](O)C[C@H]1C(=O)N[C@@H](C)c1ccc(-c2scnc2C)cc1)C(C)(C)C,[*:1]NCCC(=O)N(C)CCOCCOCCOC[*:2]
CCC(=O)N1CCN(c2nc(NCCC(=O)N(C)CCOCCOCCOCCOCC(=O)N[C@H](C(=O)N3C[C@H](O)C[C@H]3C(=O)N[C@@H](C)c3ccc(-c4scnc4C)cc3)C(C)(C)C)nc3c(F)c(-c4cc(O)cc5ccccc45)c(Cl)cc23)CC1,[*:1]c1nc(N2CCN(C(=O)CC)CC2)c2cc(Cl)c(-c3cc(O)cc4ccccc34)c(F)c2n1,[*:2]CC(=O)N[C@H](C(=O)N1C[C@H](O)C[C@H]1C(=O)N[C@@H](C)c1ccc(-c2scnc2C)cc1)C(C)(C)C,[*:1]NCCC(=O)N(C)CCOCCOCCOCCO[*:2]
Cc1ncsc1-c1ccc([C@H](C)NC(=O)[C@@H]2C[C@@H](O)CN2C(=O)[C@@H](NC(=O)CCNC(=O)CC(=O)Nc2cccc(Sc3ncc(N4CCC(C)(N)CC4)nc3N)c2Cl)C(C)(C)C)cc1,[*:1]CC(=O)Nc1cccc(Sc2ncc(N3CCC(C)(N)CC3)nc2N)c1Cl,[*:2]CC(=O)N[C@H](C(=O)N1C[C@H](O)C[C@H]1C(=O)N[C@@H](C)c1ccc(-c2scnc2C)cc1)C(C)(C)C,[*:1]C(=O)NC[*:2]
Cc1ncsc1-c1ccc([C@H](C)NC(=O)[C@@H]2C[C@@H](O)CN2C(=O)[C@@H](NC(=O)CCCNC(=O)CC(=O)Nc2cccc(Sc3ncc(N4CCC(C)(N)CC4)nc3N)c2Cl)C(C)(C)C)cc1,[*:1]CC(=O)Nc1cccc(Sc2ncc(N3CCC(C)(N)CC3)nc2N)c1Cl,[*:2]CC(=O)N[C@H](C(=O)N1C[C@H](O)C[C@H]1C(=O)N[C@@H](C)c1ccc(-c2scnc2C)cc1)C(C)(C)C,[*:1]C(=O)NCC[*:2]
Cc1ncsc1-c1ccc([C@H](C)NC(=O)[C@@H]2C[C@@H](O)CN2C(=O)[C@@H](NC(=O)CCCCNC(=O)CC(=O)Nc2cccc(Sc3ncc(N4CCC(C)(N)CC4)nc3N)c2Cl)C(C)(C)C)cc1,[*:1]CC(=O)Nc1cccc(Sc2ncc(N3CCC(C)(N)CC3)nc2N)c1Cl,[*:2]CC(=O)N[C@H](C(=O)N1C[C@H](O)C[C@H]1C(=O)N[C@@H](C)c1ccc(-c2scnc2C)cc1)C(C)(C)C,[*:1]C(=O)NCCC[*:2]
Cc1ncsc1-c1ccc([C@H](C)NC(=O)[C@@H]2C[C@@H](O)CN2C(=O)[C@@H](NC(=O)CCCCCNC(=O)CC(=O)Nc2cccc(Sc3ncc(N4CCC(C)(N)CC4)nc3N)c2Cl)C(C)(C)C)cc1,[*:1]CC(=O)Nc1cccc(Sc2ncc(N3CCC(C)(N)CC3)nc2N)c1Cl,[*:2]CC(=O)N[C@H](C(=O)N1C[C@H](O)C[C@H]1C(=O)N[C@@H](C)c1ccc(-c2scnc2C)cc1)C(C)(C)C,[*:1]C(=O)NCCCC[*:2]
Cc1ncsc1-c1ccc([C@H](C)NC(=O)[C@@H]2C[C@@H](O)CN2C(=O)[C@@H](NC(=O)CCCCCCNC(=O)CC(=O)Nc2cccc(Sc3ncc(N4CCC(C)(N)CC4)nc3N)c2Cl)C(C)(C)C)cc1,[*:1]CC(=O)Nc1cccc(Sc2ncc(N3CCC(C)(N)CC3)nc2N)c1Cl,[*:2]CC(=O)N[C@H](C(=O)N1C[C@H](O)C[C@H]1C(=O)N[C@@H](C)c1ccc(-c2scnc2C)cc1)C(C)(C)C,[*:1]C(=O)NCCCCC[*:2]
Cc1ncsc1-c1ccc([C@H](C)NC(=O)[C@@H]2C[C@@H](O)CN2C(=O)[C@@H](NC(=O)CCCCCCCNC(=O)CC(=O)Nc2cccc(Sc3ncc(N4CCC(C)(N)CC4)nc3N)c2Cl)C(C)(C)C)cc1,[*:1]CC(=O)Nc1cccc(Sc2ncc(N3CCC(C)(N)CC3)nc2N)c1Cl,[*:2]CC(=O)N[C@H](C(=O)N1C[C@H](O)C[C@H]1C(=O)N[C@@H](C)c1ccc(-c2scnc2C)cc1)C(C)(C)C,[*:1]C(=O)NCCCCCC[*:2]
Cc1ncsc1-c1ccc([C@H](C)NC(=O)[C@@H]2C[C@@H](O)CN2C(=O)[C@@H](NC(=O)CCCCCCCCNC(=O)CC(=O)Nc2cccc(Sc3ncc(N4CCC(C)(N)CC4)nc3N)c2Cl)C(C)(C)C)cc1,[*:1]CC(=O)Nc1cccc(Sc2ncc(N3CCC(C)(N)CC3)nc2N)c1Cl,[*:2]CC(=O)N[C@H](C(=O)N1C[C@H](O)C[C@H]1C(=O)N[C@@H](C)c1ccc(-c2scnc2C)cc1)C(C)(C)C,[*:1]C(=O)NCCCCCCC[*:2]
Cc1ncsc1-c1ccc([C@H](C)NC(=O)[C@@H]2C[C@@H](O)CN2C(=O)[C@@H](NC(=O)CCCCCCCCCNC(=O)CC(=O)Nc2cccc(Sc3ncc(N4CCC(C)(N)CC4)nc3N)c2Cl)C(C)(C)C)cc1,[*:1]CC(=O)Nc1cccc(Sc2ncc(N3CCC(C)(N)CC3)nc2N)c1Cl,[*:2]CC(=O)N[C@H](C(=O)N1C[C@H](O)C[C@H]1C(=O)N[C@@H](C)c1ccc(-c2scnc2C)cc1)C(C)(C)C,[*:1]C(=O)NCCCCCCCC[*:2]
Cc1ncsc1-c1ccc([C@H](C)NC(=O)[C@@H]2C[C@@H](O)CN2C(=O)[C@@H](NC(=O)CCCCCCCCCCNC(=O)CC(=O)Nc2cccc(Sc3ncc(N4CCC(C)(N)CC4)nc3N)c2Cl)C(C)(C)C)cc1,[*:1]CC(=O)Nc1cccc(Sc2ncc(N3CCC(C)(N)CC3)nc2N)c1Cl,[*:2]CC(=O)N[C@H](C(=O)N1C[C@H](O)C[C@H]1C(=O)N[C@@H](C)c1ccc(-c2scnc2C)cc1)C(C)(C)C,[*:1]C(=O)NCCCCCCCCC[*:2]
Cc1ncsc1-c1ccc([C@H](C)NC(=O)[C@@H]2C[C@@H](O)CN2C(=O)[C@@H](NC(=O)CCCCCCCCCCCNC(=O)CC(=O)Nc2cccc(Sc3ncc(N4CCC(C)(N)CC4)nc3N)c2Cl)C(C)(C)C)cc1,[*:1]CC(=O)Nc1cccc(Sc2ncc(N3CCC(C)(N)CC3)nc2N)c1Cl,[*:2]CC(=O)N[C@H](C(=O)N1C[C@H](O)C[C@H]1C(=O)N[C@@H](C)c1ccc(-c2scnc2C)cc1)C(C)(C)C,[*:1]C(=O)NCCCCCCCCCC[*:2]
Cc1ncsc1-c1ccc([C@H](C)NC(=O)[C@@H]2C[C@@H](O)CN2C(=O)[C@@H](NC(=O)CCCCCCCCCCNC(=O)CCC(=O)Nc2cccc(Sc3ncc(N4CCC(C)(N)CC4)nc3N)c2Cl)C(C)(C)C)cc1,[*:1]CC(=O)Nc1cccc(Sc2ncc(N3CCC(C)(N)CC3)nc2N)c1Cl,[*:2]CC(=O)N[C@H](C(=O)N1C[C@H](O)C[C@H]1C(=O)N[C@@H](C)c1ccc(-c2scnc2C)cc1)C(C)(C)C,[*:1]CC(=O)NCCCCCCCCC[*:2]
Cc1ncsc1-c1ccc([C@H](C)NC(=O)[C@@H]2C[C@@H](O)CN2C(=O)[C@@H](NC(=O)CCCCCCCCCCCNC(=O)CCC(=O)Nc2cccc(Sc3ncc(N4CCC(C)(N)CC4)nc3N)c2Cl)C(C)(C)C)cc1,[*:1]CC(=O)Nc1cccc(Sc2ncc(N3CCC(C)(N)CC3)nc2N)c1Cl,[*:2]CC(=O)N[C@H](C(=O)N1C[C@H](O)C[C@H]1C(=O)N[C@@H](C)c1ccc(-c2scnc2C)cc1)C(C)(C)C,[*:1]CC(=O)NCCCCCCCCCC[*:2]
Cc1ncsc1-c1ccc([C@H](C)NC(=O)[C@@H]2C[C@@H](O)CN2C(=O)[C@@H](NC(=O)CCCCCCCCCCCNC(=O)CCCC(=O)Nc2cccc(Sc3ncc(N4CCC(C)(N)CC4)nc3N)c2Cl)C(C)(C)C)cc1,[*:1]CC(=O)Nc1cccc(Sc2ncc(N3CCC(C)(N)CC3)nc2N)c1Cl,[*:2]CC(=O)N[C@H](C(=O)N1C[C@H](O)C[C@H]1C(=O)N[C@@H](C)c1ccc(-c2scnc2C)cc1)C(C)(C)C,[*:1]CCC(=O)NCCCCCCCCCC[*:2]
Cc1ncsc1-c1ccc([C@H](C)NC(=O)[C@@H]2C[C@@H](O)CN2C(=O)[C@@H](NC(=O)COCCOCCOCCNC(=O)CCC(=O)Nc2cccc(Sc3ncc(N4CCC(C)(N)CC4)nc3N)c2Cl)C(C)(C)C)cc1,[*:1]CC(=O)Nc1cccc(Sc2ncc(N3CCC(C)(N)CC3)nc2N)c1Cl,[*:2]CC(=O)N[C@H](C(=O)N1C[C@H](O)C[C@H]1C(=O)N[C@@H](C)c1ccc(-c2scnc2C)cc1)C(C)(C)C,[*:1]CC(=O)NCCOCCOCCO[*:2]
Cc1ncsc1-c1ccc([C@H](C)NC(=O)[C@@H]2C[C@@H](O)CN2C(=O)[C@@H](NC(=O)CCOCCOCCOCCNC(=O)CCC(=O)Nc2cccc(Sc3ncc(N4CCC(C)(N)CC4)nc3N)c2Cl)C(C)(C)C)cc1,[*:1]CC(=O)Nc1cccc(Sc2ncc(N3CCC(C)(N)CC3)nc2N)c1Cl,[*:2]CC(=O)N[C@H](C(=O)N1C[C@H](O)C[C@H]1C(=O)N[C@@H](C)c1ccc(-c2scnc2C)cc1)C(C)(C)C,[*:1]CC(=O)NCCOCCOCCOC[*:2]
Cc1ncsc1-c1ccc([C@H](C)NC(=O)[C@@H]2C[C@@H](O)CN2C(=O)[C@@H](NC(=O)CCOCCOCCOCCOCCNC(=O)CCC(=O)Nc2cccc(Sc3ncc(N4CCC(C)(N)CC4)nc3N)c2Cl)C(C)(C)C)cc1,[*:1]CC(=O)Nc1cccc(Sc2ncc(N3CCC(C)(N)CC3)nc2N)c1Cl,[*:2]CC(=O)N[C@H](C(=O)N1C[C@H](O)C[C@H]1C(=O)N[C@@H](C)c1ccc(-c2scnc2C)cc1)C(C)(C)C,[*:1]CC(=O)NCCOCCOCCOCCOC[*:2]
Cc1ncsc1-c1ccc([C@H](C)NC(=O)[C@@H]2C[C@@H](O)CN2C(=O)[C@@H](NC(=O)CCCCCCCCCCN2CCN(CC(=O)Nc3cccc(Sc4ncc(N5CCC(C)(N)CC5)nc4N)c3Cl)CC2)C(C)(C)C)cc1,[*:1]CC(=O)Nc1cccc(Sc2ncc(N3CCC(C)(N)CC3)nc2N)c1Cl,[*:2]CC(=O)N[C@H](C(=O)N1C[C@H](O)C[C@H]1C(=O)N[C@@H](C)c1ccc(-c2scnc2C)cc1)C(C)(C)C,[*:1]N1CCN(CCCCCCCCC[*:2])CC1
Cc1ncsc1-c1ccc([C@H](C)NC(=O)[C@@H]2C[C@@H](O)CN2C(=O)[C@@H](NC(=O)CCCCCCCCCCCN2CCN(CC(=O)Nc3cccc(Sc4ncc(N5CCC(C)(N)CC5)nc4N)c3Cl)CC2)C(C)(C)C)cc1,[*:1]CC(=O)Nc1cccc(Sc2ncc(N3CCC(C)(N)CC3)nc2N)c1Cl,[*:2]CC(=O)N[C@H](C(=O)N1C[C@H](O)C[C@H]1C(=O)N[C@@H](C)c1ccc(-c2scnc2C)cc1)C(C)(C)C,[*:1]N1CCN(CCCCCCCCCC[*:2])CC1
Cc1ncsc1-c1ccc([C@H](C)NC(=O)[C@@H]2C[C@@H](O)CN2C(=O)[C@@H](NC(=O)CCCCCCCCCCCCCCC(=O)Nc2cccc(Sc3ncc(N4CCC(C)(N)CC4)nc3N)c2Cl)C(C)(C)C)cc1,[*:1]CC(=O)Nc1cccc(Sc2ncc(N3CCC(C)(N)CC3)nc2N)c1Cl,[*:2]CC(=O)N[C@H](C(=O)N1C[C@H](O)C[C@H]1C(=O)N[C@@H](C)c1ccc(-c2scnc2C)cc1)C(C)(C)C,[*:1]CCCCCCCCCCCC[*:2]
Cc1ncsc1-c1ccc([C@H](C)NC(=O)[C@@H]2C[C@@H](O)CN2C(=O)[C@@H](NC(=O)CCCCCCCCN2CCN(C(=O)CCC(=O)Nc3cccc(Sc4ncc(N5CCC(C)(N)CC5)nc4N)c3Cl)CC2)C(C)(C)C)cc1,[*:1]CC(=O)Nc1cccc(Sc2ncc(N3CCC(C)(N)CC3)nc2N)c1Cl,[*:2]CC(=O)N[C@H](C(=O)N1C[C@H](O)C[C@H]1C(=O)N[C@@H](C)c1ccc(-c2scnc2C)cc1)C(C)(C)C,[*:1]CC(=O)N1CCN(CCCCCCC[*:2])CC1
Cc1ncsc1-c1ccc([C@H](C)NC(=O)[C@@H]2C[C@@H](O)CN2C(=O)[C@@H](NC(=O)CCCCCCCCCN2CCN(C(=O)CCC(=O)Nc3cccc(Sc4ncc(N5CCC(C)(N)CC5)nc4N)c3Cl)CC2)C(C)(C)C)cc1,[*:1]CC(=O)Nc1cccc(Sc2ncc(N3CCC(C)(N)CC3)nc2N)c1Cl,[*:2]CC(=O)N[C@H](C(=O)N1C[C@H](O)C[C@H]1C(=O)N[C@@H](C)c1ccc(-c2scnc2C)cc1)C(C)(C)C,[*:1]CC(=O)N1CCN(CCCCCCCC[*:2])CC1
Cc1ncsc1-c1ccc([C@H](C)NC(=O)[C@@H]2C[C@@H](O)CN2C(=O)[C@@H](NC(=O)CCCCCCCOc2ccc(NC(=O)CCC(=O)Nc3cccc(Sc4ncc(N5CCC(C)(N)CC5)nc4N)c3Cl)cc2)C(C)(C)C)cc1,[*:1]CC(=O)Nc1cccc(Sc2ncc(N3CCC(C)(N)CC3)nc2N)c1Cl,[*:2]CC(=O)N[C@H](C(=O)N1C[C@H](O)C[C@H]1C(=O)N[C@@H](C)c1ccc(-c2scnc2C)cc1)C(C)(C)C,[*:1]CC(=O)Nc1ccc(OCCCCCC[*:2])cc1
Cc1ncsc1-c1ccc([C@H](C)NC(=O)[C@@H]2C[C@@H](O)CN2C(=O)[C@@H](NC(=O)CCCCN2CCN(CCCCNC(=O)CCC(=O)Nc3cccc(Sc4ncc(N5CCC(C)(N)CC5)nc4N)c3Cl)CC2)C(C)(C)C)cc1,[*:1]CC(=O)Nc1cccc(Sc2ncc(N3CCC(C)(N)CC3)nc2N)c1Cl,[*:2]CC(=O)N[C@H](C(=O)N1C[C@H](O)C[C@H]1C(=O)N[C@@H](C)c1ccc(-c2scnc2C)cc1)C(C)(C)C,[*:1]CC(=O)NCCCCN1CCN(CCC[*:2])CC1
Cc1sc2c(c1C)C(c1ccc(Cl)cc1)=N[C@H](CC(=O)Nc1ccc3c(c1)CCc1cc(NC(=O)COc4cccc5c4C(=O)N(C4CCC(=O)NC4=O)C5=O)ccc1/N=N\3)c1nnc(C)n1-2,[*:1]NC(=O)C[C@H]1N=C(c2ccc(Cl)cc2)c2c(sc(C)c2C)-n2c(C)nnc21,[*:2]c1cccc2c1C(=O)N(C1CCC(=O)NC1=O)C2=O,[*:1]c1ccc2c(c1)CCc1cc(NC(=O)CO[*:2])ccc1/N=N\2
Cc1ncsc1-c1ccc(CNC(=O)[C@@H]2C[C@@H](O)CN2C(=O)[C@@H](NC(=O)CCOCCOCCN2CCN(c3ccc(-c4ccc5c(c4)C(=O)N(C(C(=O)Nc4nccs4)c4ccccc4)C5)cn3)CC2)C(C)(C)C)cc1,[*:1]N1CCN(c2ccc(-c3ccc4c(c3)C(=O)N(C(C(=O)Nc3nccs3)c3ccccc3)C4)cn2)CC1,[*:2]CC(=O)N[C@H](C(=O)N1C[C@H](O)C[C@H]1C(=O)NCc1ccc(-c2scnc2C)cc1)C(C)(C)C,[*:1]CCOCCOC[*:2]
Cc1ncsc1-c1ccc(CNC(=O)[C@@H]2C[C@@H](O)CN2C(=O)[C@@H](NC(=O)CCOCCOCCOCCN2CCN(c3ccc(-c4ccc5c(c4)C(=O)N(C(C(=O)Nc4nccs4)c4ccccc4)C5)cn3)CC2)C(C)(C)C)cc1,[*:1]N1CCN(c2ccc(-c3ccc4c(c3)C(=O)N(C(C(=O)Nc3nccs3)c3ccccc3)C4)cn2)CC1,[*:2]CC(=O)N[C@H](C(=O)N1C[C@H](O)C[C@H]1C(=O)NCc1ccc(-c2scnc2C)cc1)C(C)(C)C,[*:1]CCOCCOCCOC[*:2]
CC(O)(COc1ccc(OCCOCCOCCOCCOc2cccc3c2C(=O)N(C2CCC(=O)NC2=O)C3=O)cc1)C(=O)Nc1ccc(C#N)c(C(F)(F)F)c1,[*:1]Oc1ccc(OCC(C)(O)C(=O)Nc2ccc(C#N)c(C(F)(F)F)c2)cc1,[*:2]c1cccc2c1C(=O)N(C1CCC(=O)NC1=O)C2=O,[*:1]CCOCCOCCOCCO[*:2]
CN1C(=O)N(c2ccc(C#N)c(C(F)(F)F)c2)C(=O)C1(C)c1ccc(OCCOCCOCCOCCOc2cccc3c2C(=O)N(C2CCC(=O)NC2=O)C3=O)cc1,[*:1]Oc1ccc(C2(C)C(=O)N(c3ccc(C#N)c(C(F)(F)F)c3)C(=O)N2C)cc1,[*:2]c1cccc2c1C(=O)N(C1CCC(=O)NC1=O)C2=O,[*:1]CCOCCOCCOCCO[*:2]
Cc1ncsc1-c1ccc(CNC(=O)[C@@H]2C[C@@H](O)CN2C(=O)[C@@H](NC(=O)CCOCCOCCOc2ccc(C(=O)N[C@H]3C(C)(C)[C@H](Oc4ccc(C#N)c(C(F)(F)F)c4)C3(C)C)cc2)C(C)(C)C)cc1,[*:1]Oc1ccc(C(=O)N[C@H]2C(C)(C)[C@H](Oc3ccc(C#N)c(C(F)(F)F)c3)C2(C)C)cc1,[*:2]CC(=O)N[C@H](C(=O)N1C[C@H](O)C[C@H]1C(=O)NCc1ccc(-c2scnc2C)cc1)C(C)(C)C,[*:1]CCOCCOC[*:2]
Cc1ncsc1-c1ccc(CNC(=O)[C@@H]2C[C@@H](O)CN2C(=O)[C@@H](NC(=O)COCCCCCOc2ccc(C(=O)N[C@H]3C(C)(C)[C@H](Oc4ccc(C#N)c(C(F)(F)F)c4)C3(C)C)cc2)C(C)(C)C)cc1,[*:1]Oc1ccc(C(=O)N[C@H]2C(C)(C)[C@H](Oc3ccc(C#N)c(C(F)(F)F)c3)C2(C)C)cc1,[*:2]CC(=O)N[C@H](C(=O)N1C[C@H](O)C[C@H]1C(=O)NCc1ccc(-c2scnc2C)cc1)C(C)(C)C,[*:1]CCCCCO[*:2]
CNc1ccc(-c2nc3ccc(OCCOCCOCC(=O)N[C@H](C(=O)N4C[C@H](O)C[C@H]4C(=O)N[C@@H](C)c4ccc(-c5scnc5C)cc4)C(C)(C)C)cc3s2)cc1,[*:1]c1ccc2nc(-c3ccc(NC)cc3)sc2c1,[*:2]CC(=O)N[C@H](C(=O)N1C[C@H](O)C[C@H]1C(=O)N[C@@H](C)c1ccc(-c2scnc2C)cc1)C(C)(C)C,[*:1]OCCOCCO[*:2]
CNc1ccc(-c2nc3ccc(OCCOCCOCCOCCOCCOCC(=O)N[C@H](C(=O)N4C[C@H](O)C[C@H]4C(=O)N[C@@H](C)c4ccc(-c5scnc5C)cc4)C(C)(C)C)cc3s2)cc1,[*:1]c1ccc2nc(-c3ccc(NC)cc3)sc2c1,[*:2]CC(=O)N[C@H](C(=O)N1C[C@H](O)C[C@H]1C(=O)N[C@@H](C)c1ccc(-c2scnc2C)cc1)C(C)(C)C,[*:1]OCCOCCOCCOCCOCCO[*:2]
CNc1ccc(-c2nc3ccc(OCCOCCOCCOCCOCCOCCOCC(=O)N[C@H](C(=O)N4C[C@H](O)C[C@H]4C(=O)N[C@@H](C)c4ccc(-c5scnc5C)cc4)C(C)(C)C)cc3s2)cc1,[*:1]c1ccc2nc(-c3ccc(NC)cc3)sc2c1,[*:2]CC(=O)N[C@H](C(=O)N1C[C@H](O)C[C@H]1C(=O)N[C@@H](C)c1ccc(-c2scnc2C)cc1)C(C)(C)C,[*:1]OCCOCCOCCOCCOCCOCCO[*:2]
Cc1ncsc1-c1ccc([C@H](C)NC(=O)[C@@H]2C[C@@H](O)CN2C(=O)[C@@H](NC(=O)COCCOCCOc2ccc(CN3C(=O)/C(=C/C=C/c4ccc([N+](=O)[O-])cc4)c4ccccc43)cc2)C(C)(C)C)cc1,[*:1]c1ccc(CN2C(=O)/C(=C/C=C/c3ccc([N+](=O)[O-])cc3)c3ccccc32)cc1,[*:2]CC(=O)N[C@H](C(=O)N1C[C@H](O)C[C@H]1C(=O)N[C@@H](C)c1ccc(-c2scnc2C)cc1)C(C)(C)C,[*:1]OCCOCCO[*:2]
Cc1ncsc1-c1ccc(CNC(=O)[C@@H]2C[C@@H](O)CN2C(=O)[C@@H](NC(=O)COCCCOCCCCCOc2ccc(N3C(=S)N(c4cnc(C#N)c(C(F)(F)F)c4)C(=O)C3(C)C)cc2)C(C)(C)C)cc1,[*:1]Oc1ccc(N2C(=S)N(c3cnc(C#N)c(C(F)(F)F)c3)C(=O)C2(C)C)cc1,[*:2]CC(=O)N[C@H](C(=O)N1C[C@H](O)C[C@H]1C(=O)NCc1ccc(-c2scnc2C)cc1)C(C)(C)C,[*:1]CCCCCOCCCO[*:2]
Cc1ncsc1-c1ccc([C@H](C)NC(=O)[C@@H]2C[C@@H](O)CN2C(=O)[C@@H](NC(=O)COCCCOCCCCCOc2c(F)cc(N3C(=S)N(c4ccc(C#N)c(C(F)(F)F)c4)C(=O)C3(C)C)cc2F)C(C)(C)C)cc1,[*:1]COc1c(F)cc(N2C(=S)N(c3ccc(C#N)c(C(F)(F)F)c3)C(=O)C2(C)C)cc1F,[*:2]CC(=O)N[C@H](C(=O)N1C[C@H](O)C[C@H]1C(=O)N[C@@H](C)c1ccc(-c2scnc2C)cc1)C(C)(C)C,[*:1]CCCCOCCCO[*:2]
Cc1ncsc1-c1ccc(CNC(=O)[C@@H]2C[C@@H](O)CN2C(=O)[C@@H](NC(=O)COCCCOCCCCOc2ccc(N3C(=S)N(c4cnc(C#N)c(C(F)(F)F)c4)C(=O)C3(C)C)cc2)C(C)(C)C)cc1,[*:1]Oc1ccc(N2C(=S)N(c3cnc(C#N)c(C(F)(F)F)c3)C(=O)C2(C)C)cc1,[*:2]CC(=O)N[C@H](C(=O)N1C[C@H](O)C[C@H]1C(=O)NCc1ccc(-c2scnc2C)cc1)C(C)(C)C,[*:1]CCCCOCCCO[*:2]
Cc1ncsc1-c1ccc(CNC(=O)[C@@H]2C[C@@H](O)CN2C(=O)[C@@H](NC(=O)COCCCOCCCCOc2ccc(N3C(=S)N(c4ccc(C#N)c(Cl)c4)C(=O)C3(C)C)cc2)C(C)(C)C)cc1,[*:1]Oc1ccc(N2C(=S)N(c3ccc(C#N)c(Cl)c3)C(=O)C2(C)C)cc1,[*:2]CC(=O)N[C@H](C(=O)N1C[C@H](O)C[C@H]1C(=O)NCc1ccc(-c2scnc2C)cc1)C(C)(C)C,[*:1]CCCCOCCCO[*:2]
COC(=O)C[C@H]1[C@]2(C)C3=C(C)[C@H](c4ccoc4-c4ccc(C(=O)NCCOCCOCCOCCNC(=O)C[C@@H]5N=C(c6ccc(Cl)cc6)c6c(sc(C)c6C)-n6c(C)nnc65)cc4)C[C@H]3O[C@@H]2[C@@H]2OC(=O)[C@]3(C)C=CC(=O)[C@@]1(C)[C@@H]23,[*:1]NC(=O)C[C@@H]1N=C(c2ccc(Cl)cc2)c2c(sc(C)c2C)-n2c(C)nnc21,[*:2]c1occc1[C@@H]1C[C@H]2O[C@@H]3[C@@H]4OC(=O)[C@]5(C)C=CC(=O)[C@](C)([C@@H](CC(=O)OC)[C@]3(C)C2=C1C)[C@@H]45,[*:1]CCOCCOCCOCCNC(=O)c1ccc([*:2])cc1
COC(=O)C[C@H]1[C@]2(C)C3=C(C)[C@H](c4ccoc4-c4ccc(C(=O)NCCCNC(=O)C[C@@H]5N=C(c6ccc(Cl)cc6)c6c(sc(C)c6C)-n6c(C)nnc65)cc4)C[C@H]3O[C@@H]2[C@@H]2OC(=O)[C@]3(C)C=CC(=O)[C@@]1(C)[C@@H]23,[*:1]NC(=O)C[C@@H]1N=C(c2ccc(Cl)cc2)c2c(sc(C)c2C)-n2c(C)nnc21,[*:2]c1occc1[C@@H]1C[C@H]2O[C@@H]3[C@@H]4OC(=O)[C@]5(C)C=CC(=O)[C@](C)([C@@H](CC(=O)OC)[C@]3(C)C2=C1C)[C@@H]45,[*:1]CCCNC(=O)c1ccc([*:2])cc1
Cc1ccc(-n2nc3c(=O)n(CCCC(=O)NCCCCCCCCNc4ccc5c(c4)C(=O)N(C4CCC(=O)NC4=O)C5=O)nc(C)c3c2C)cc1,[*:1]NC(=O)CCCn1nc(C)c2c(C)n(-c3ccc(C)cc3)nc2c1=O,[*:2]Nc1ccc2c(c1)C(=O)N(C1CCC(=O)NC1=O)C2=O,[*:1]CCCCCCCC[*:2]
COC(=O)C[C@H]1[C@]2(C)C3=C(C)[C@H](c4ccoc4-c4ccc(C(=O)NCCOCCOCCOCCN5CCN(c6cc(Nc7ncc(C(=O)Nc8c(C)cccc8Cl)s7)nc(C)n6)CC5)cc4)C[C@H]3O[C@@H]2[C@@H]2OC(=O)[C@]3(C)C=CC(=O)[C@@]1(C)[C@@H]23,[*:1]OCCN1CCN(c2cc(Nc3ncc(C(=O)Nc4c(C)cccc4Cl)s3)nc(C)n2)CC1,[*:2]c1occc1[C@@H]1C[C@H]2O[C@@H]3[C@@H]4OC(=O)[C@]5(C)C=CC(=O)[C@](C)([C@@H](CC(=O)OC)[C@]3(C)C2=C1C)[C@@H]45,[*:1]CCOCCOCCNC(=O)c1ccc([*:2])cc1
Cc1ccc(C(=O)NCCCCc2cn(CC[C@H](NC(=O)OC(C)(C)C)C(=O)NCCCCNc3cccc4c3C(=O)N(C3CCC(=O)NC3=O)C4=O)nn2)cc1-n1c(C)cc(OCc2ccc(F)cc2F)c(Br)c1=O,[*:1]CNC(=O)c1ccc(C)c(-n2c(C)cc(OCc3ccc(F)cc3F)c(Br)c2=O)c1,[*:2]Nc1cccc2c1C(=O)N(C1CCC(=O)NC1=O)C2=O,[*:1]CCCc1cn(CC[C@H](NC(=O)OC(C)(C)C)C(=O)NCCCC[*:2])nn1
CC(C)c1ccn2ncnc(N[C@H]3CC[C@@H](N4CCN(C(=O)CCOCCOCCOCCNc5cccc6c5C(=O)N(C5CCC(=O)NC5=O)C6=O)CC4)CC3)c12,[*:1]CC(=O)N1CCN([C@H]2CC[C@@H](Nc3ncnn4ccc(C(C)C)c34)CC2)CC1,[*:2]Nc1cccc2c1C(=O)N(C1CCC(=O)NC1=O)C2=O,[*:1]COCCOCCOCC[*:2]
CC(C)c1ccn2ncnc(N[C@H]3CC[C@@H](N4CCN(C(=O)CCOCCOCCOCCOCCNc5cccc6c5C(=O)N(C5CCC(=O)NC5=O)C6=O)CC4)CC3)c12,[*:1]CC(=O)N1CCN([C@H]2CC[C@@H](Nc3ncnn4ccc(C(C)C)c34)CC2)CC1,[*:2]Nc1cccc2c1C(=O)N(C1CCC(=O)NC1=O)C2=O,[*:1]COCCOCCOCCOCC[*:2]
CC(C)c1ccn2ncnc(N[C@H]3CC[C@@H](N4CCN(C(=O)CCOCCOCCOCCOCCOCCNc5cccc6c5C(=O)N(C5CCC(=O)NC5=O)C6=O)CC4)CC3)c12,[*:1]CC(=O)N1CCN([C@H]2CC[C@@H](Nc3ncnn4ccc(C(C)C)c34)CC2)CC1,[*:2]Nc1cccc2c1C(=O)N(C1CCC(=O)NC1=O)C2=O,[*:1]COCCOCCOCCOCCOCC[*:2]
CC(C)c1ccn2ncnc(N[C@H]3CC[C@@H](N4CCN(C(=O)CCC(=O)NCCOCCOCCNc5cccc6c5C(=O)N(C5CCC(=O)NC5=O)C6=O)CC4)CC3)c12,[*:1]CC(=O)N1CCN([C@H]2CC[C@@H](Nc3ncnn4ccc(C(C)C)c34)CC2)CC1,[*:2]Nc1cccc2c1C(=O)N(C1CCC(=O)NC1=O)C2=O,[*:1]CC(=O)NCCOCCOCC[*:2]
CC(C)c1ccn2ncnc(N[C@H]3CC[C@@H](N4CCN(C(=O)CCC(=O)NCCOCCOCCOCCNc5cccc6c5C(=O)N(C5CCC(=O)NC5=O)C6=O)CC4)CC3)c12,[*:1]CC(=O)N1CCN([C@H]2CC[C@@H](Nc3ncnn4ccc(C(C)C)c34)CC2)CC1,[*:2]Nc1cccc2c1C(=O)N(C1CCC(=O)NC1=O)C2=O,[*:1]CC(=O)NCCOCCOCCOCC[*:2]
CC(C)c1ccn2ncnc(N[C@H]3CC[C@@H](N4CCN(C(=O)CCC(=O)NCCOCCOCCOCCOCCNc5cccc6c5C(=O)N(C5CCC(=O)NC5=O)C6=O)CC4)CC3)c12,[*:1]CC(=O)N1CCN([C@H]2CC[C@@H](Nc3ncnn4ccc(C(C)C)c34)CC2)CC1,[*:2]Nc1cccc2c1C(=O)N(C1CCC(=O)NC1=O)C2=O,[*:1]CC(=O)NCCOCCOCCOCCOCC[*:2]
CC(C)c1ccn2ncnc(N[C@H]3CC[C@@H](N4CCN(C(=O)CCC(=O)NCCCCNc5cccc6c5C(=O)N(C5CCC(=O)NC5=O)C6=O)CC4)CC3)c12,[*:1]CC(=O)N1CCN([C@H]2CC[C@@H](Nc3ncnn4ccc(C(C)C)c34)CC2)CC1,[*:2]Nc1cccc2c1C(=O)N(C1CCC(=O)NC1=O)C2=O,[*:1]CC(=O)NCCCC[*:2]
CC(C)c1ccn2ncnc(N[C@H]3CC[C@@H](N4CCN(C(=O)CCC(=O)NCCCCCCNc5cccc6c5C(=O)N(C5CCC(=O)NC5=O)C6=O)CC4)CC3)c12,[*:1]CC(=O)N1CCN([C@H]2CC[C@@H](Nc3ncnn4ccc(C(C)C)c34)CC2)CC1,[*:2]Nc1cccc2c1C(=O)N(C1CCC(=O)NC1=O)C2=O,[*:1]CC(=O)NCCCCCC[*:2]
CC(C)c1ccn2ncnc(N[C@H]3CC[C@@H](N4CCN(C(=O)CCC(=O)N5CCC(CN6CCN(c7ccc8c(c7)C(=O)N(C7CCC(=O)NC7=O)C8=O)CC6)CC5)CC4)CC3)c12,[*:1]CC(=O)N1CCN([C@H]2CC[C@@H](Nc3ncnn4ccc(C(C)C)c34)CC2)CC1,[*:2]c1ccc2c(c1)C(=O)N(C1CCC(=O)NC1=O)C2=O,[*:1]CC(=O)N1CCC(CN2CCN([*:2])CC2)CC1
CC(C)c1ccn2ncnc(N[C@H]3CC[C@@H](N4CCN(C(=O)CCC(=O)N5CCC(CCN6CCN(c7ccc8c(c7)C(=O)N(C7CCC(=O)NC7=O)C8=O)CC6)CC5)CC4)CC3)c12,[*:1]CC(=O)N1CCN([C@H]2CC[C@@H](Nc3ncnn4ccc(C(C)C)c34)CC2)CC1,[*:2]c1ccc2c(c1)C(=O)N(C1CCC(=O)NC1=O)C2=O,[*:1]CC(=O)N1CCC(CCN2CCN([*:2])CC2)CC1
CC[C@H](C)n1cc(C)c2c(C(=O)NCc3c(C)cc(C)[nH]c3=O)cc(-c3ccc(N4CCN(CCCCOc5cccc6c5C(=O)N(C5CCC(=O)NC5=O)C6=O)CC4)nc3)cc21,[*:1]N1CCN(c2ccc(-c3cc(C(=O)NCc4c(C)cc(C)[nH]c4=O)c4c(C)cn([C@@H](C)CC)c4c3)cn2)CC1,[*:2]c1cccc2c1C(=O)N(C1CCC(=O)NC1=O)C2=O,[*:1]CCCCO[*:2]
CC[C@H](C)n1cc(C)c2c(C(=O)NCc3c(C)cc(C)[nH]c3=O)cc(-c3ccc(N4CCN(CCCCCOc5cccc6c5C(=O)N(C5CCC(=O)NC5=O)C6=O)CC4)nc3)cc21,[*:1]N1CCN(c2ccc(-c3cc(C(=O)NCc4c(C)cc(C)[nH]c4=O)c4c(C)cn([C@@H](C)CC)c4c3)cn2)CC1,[*:2]c1cccc2c1C(=O)N(C1CCC(=O)NC1=O)C2=O,[*:1]CCCCCO[*:2]
CC[C@H](C)n1cc(C)c2c(C(=O)NCc3c(C)cc(C)[nH]c3=O)cc(-c3ccc(N4CCN(CCCCCCOc5cccc6c5C(=O)N(C5CCC(=O)NC5=O)C6=O)CC4)nc3)cc21,[*:1]N1CCN(c2ccc(-c3cc(C(=O)NCc4c(C)cc(C)[nH]c4=O)c4c(C)cn([C@@H](C)CC)c4c3)cn2)CC1,[*:2]c1cccc2c1C(=O)N(C1CCC(=O)NC1=O)C2=O,[*:1]CCCCCCO[*:2]
CC[C@H](C)n1cc(C)c2c(C(=O)NCc3c(C)cc(C)[nH]c3=O)cc(-c3ccc(N4CCN(CCCCCCCOc5cccc6c5C(=O)N(C5CCC(=O)NC5=O)C6=O)CC4)nc3)cc21,[*:1]N1CCN(c2ccc(-c3cc(C(=O)NCc4c(C)cc(C)[nH]c4=O)c4c(C)cn([C@@H](C)CC)c4c3)cn2)CC1,[*:2]c1cccc2c1C(=O)N(C1CCC(=O)NC1=O)C2=O,[*:1]CCCCCCCO[*:2]
CC[C@H](C)n1cc(C)c2c(C(=O)NCc3c(C)cc(C)[nH]c3=O)cc(-c3ccc(N4CCN(CCCCCCCCOc5cccc6c5C(=O)N(C5CCC(=O)NC5=O)C6=O)CC4)nc3)cc21,[*:1]N1CCN(c2ccc(-c3cc(C(=O)NCc4c(C)cc(C)[nH]c4=O)c4c(C)cn([C@@H](C)CC)c4c3)cn2)CC1,[*:2]c1cccc2c1C(=O)N(C1CCC(=O)NC1=O)C2=O,[*:1]CCCCCCCCO[*:2]
CC[C@H](C)n1cc(C)c2c(C(=O)NCc3c(C)cc(C)[nH]c3=O)cc(-c3ccc(N4CCN(CCCCCCCCCOc5cccc6c5C(=O)N(C5CCC(=O)NC5=O)C6=O)CC4)nc3)cc21,[*:1]N1CCN(c2ccc(-c3cc(C(=O)NCc4c(C)cc(C)[nH]c4=O)c4c(C)cn([C@@H](C)CC)c4c3)cn2)CC1,[*:2]c1cccc2c1C(=O)N(C1CCC(=O)NC1=O)C2=O,[*:1]CCCCCCCCCO[*:2]
CC[C@H](C)n1cc(C)c2c(C(=O)NCc3c(C)cc(C)[nH]c3=O)cc(-c3ccc(N4CCN(CCCCCCCCCCOc5cccc6c5C(=O)N(C5CCC(=O)NC5=O)C6=O)CC4)nc3)cc21,[*:1]N1CCN(c2ccc(-c3cc(C(=O)NCc4c(C)cc(C)[nH]c4=O)c4c(C)cn([C@@H](C)CC)c4c3)cn2)CC1,[*:2]c1cccc2c1C(=O)N(C1CCC(=O)NC1=O)C2=O,[*:1]CCCCCCCCCCO[*:2]
CC[C@H](C)n1cc(C)c2c(C(=O)NCc3c(C)cc(C)[nH]c3=O)cc(-c3ccc(N4CCN(CCCCCCCCCCCOc5cccc6c5C(=O)N(C5CCC(=O)NC5=O)C6=O)CC4)nc3)cc21,[*:1]N1CCN(c2ccc(-c3cc(C(=O)NCc4c(C)cc(C)[nH]c4=O)c4c(C)cn([C@@H](C)CC)c4c3)cn2)CC1,[*:2]c1cccc2c1C(=O)N(C1CCC(=O)NC1=O)C2=O,[*:1]CCCCCCCCCCCO[*:2]
CC[C@H](C)n1cc(C)c2c(C(=O)NCc3c(C)cc(C)[nH]c3=O)cc(-c3ccc(N4CCN(CCCCCCCCCCCCOc5cccc6c5C(=O)N(C5CCC(=O)NC5=O)C6=O)CC4)nc3)cc21,[*:1]N1CCN(c2ccc(-c3cc(C(=O)NCc4c(C)cc(C)[nH]c4=O)c4c(C)cn([C@@H](C)CC)c4c3)cn2)CC1,[*:2]c1cccc2c1C(=O)N(C1CCC(=O)NC1=O)C2=O,[*:1]CCCCCCCCCCCCO[*:2]
Cc1ncsc1-c1ccc(CNC(=O)[C@@H]2C[C@@H](O)CN2C(=O)[C@@H](NC(=O)COCCOCCOCCNC(=O)c2cc3c(cc2CS(C)(=O)=O)-c2cn(C)c(=O)c4[nH]cc(c24)CN3c2ncc(F)cc2F)C(C)(C)C)cc1,[*:1]CNC(=O)c1cc2c(cc1CS(C)(=O)=O)-c1cn(C)c(=O)c3[nH]cc(c13)CN2c1ncc(F)cc1F,[*:2]CC(=O)N[C@H](C(=O)N1C[C@H](O)C[C@H]1C(=O)NCc1ccc(-c2scnc2C)cc1)C(C)(C)C,[*:1]COCCOCCO[*:2]
Cc1ncsc1-c1ccc(CNC(=O)[C@@H]2C[C@@H](O)CN2C(=O)[C@@H](NC(=O)CCCCCCCCCCNC(=O)c2cc3c(cc2CS(C)(=O)=O)-c2cn(C)c(=O)c4[nH]cc(c24)CN3c2ncc(F)cc2F)C(C)(C)C)cc1,[*:1]CNC(=O)c1cc2c(cc1CS(C)(=O)=O)-c1cn(C)c(=O)c3[nH]cc(c13)CN2c1ncc(F)cc1F,[*:2]CC(=O)N[C@H](C(=O)N1C[C@H](O)C[C@H]1C(=O)NCc1ccc(-c2scnc2C)cc1)C(C)(C)C,[*:1]CCCCCCCC[*:2]
Cc1ncsc1-c1ccc(CNC(=O)[C@@H]2C[C@@H](O)CN2C(=O)[C@@H](NC(=O)COCCc2cc(N)cc(OCCNC(=O)c3cc4c(cc3CS(C)(=O)=O)-c3cn(C)c(=O)c5[nH]cc(c35)CN4c3ncc(F)cc3F)c2)C(C)(C)C)cc1,[*:1]CNC(=O)c1cc2c(cc1CS(C)(=O)=O)-c1cn(C)c(=O)c3[nH]cc(c13)CN2c1ncc(F)cc1F,[*:2]CC(=O)N[C@H](C(=O)N1C[C@H](O)C[C@H]1C(=O)NCc1ccc(-c2scnc2C)cc1)C(C)(C)C,[*:1]COc1cc(N)cc(CCO[*:2])c1
Cc1ncsc1-c1ccc(CNC(=O)[C@@H]2C[C@@H](O)CN2C(=O)[C@@H](NC(=O)COCCc2cc(O)cc(OCCNC(=O)c3cc4c(cc3CS(C)(=O)=O)-c3cn(C)c(=O)c5[nH]cc(c35)CN4c3ncc(F)cc3F)c2)C(C)(C)C)cc1,[*:1]CNC(=O)c1cc2c(cc1CS(C)(=O)=O)-c1cn(C)c(=O)c3[nH]cc(c13)CN2c1ncc(F)cc1F,[*:2]CC(=O)N[C@H](C(=O)N1C[C@H](O)C[C@H]1C(=O)NCc1ccc(-c2scnc2C)cc1)C(C)(C)C,[*:1]COc1cc(O)cc(CCO[*:2])c1
CNCCOc1cc(-c2scnc2C)ccc1CNC(=O)[C@@H]1C[C@@H](O)CN1C(=O)[C@@H](NC(=O)COCCOCCOCCNC(=O)C[C@@H]1N=C(c2ccc(Cl)cc2)c2c(sc(C)c2C)-n2c(C)nnc21)C(C)(C)C,[*:1]NC(=O)C[C@@H]1N=C(c2ccc(Cl)cc2)c2c(sc(C)c2C)-n2c(C)nnc21,[*:2]N[C@H](C(=O)N1C[C@H](O)C[C@H]1C(=O)NCc1ccc(-c2scnc2C)cc1OCCNC)C(C)(C)C,[*:1]CCOCCOCCOCC([*:2])=O
Cc1ncsc1-c1ccc(CNC(=O)[C@@H]2C[C@@H](O)CN2C(=O)[C@@H](NC(=O)COCCc2cc(N)cc(OCCNC(=O)C[C@@H]3N=C(c4ccc(Cl)cc4)c4c(sc(C)c4C)-n4c(C)nnc43)c2)C(C)(C)C)cc1,[*:1]NC(=O)C[C@@H]1N=C(c2ccc(Cl)cc2)c2c(sc(C)c2C)-n2c(C)nnc21,[*:2]CC(=O)N[C@H](C(=O)N1C[C@H](O)C[C@H]1C(=O)NCc1ccc(-c2scnc2C)cc1)C(C)(C)C,[*:1]CCOc1cc(N)cc(CCO[*:2])c1
Cc1ncsc1-c1ccc(CNC(=O)[C@@H]2C[C@@H](O)CN2C(=O)[C@@H](NC(=O)COC[C@@H]2CNC[C@H](COCCNC(=O)C[C@@H]3N=C(c4ccc(Cl)cc4)c4c(sc(C)c4C)-n4c(C)nnc43)C2)C(C)(C)C)cc1,[*:1]NC(=O)C[C@@H]1N=C(c2ccc(Cl)cc2)c2c(sc(C)c2C)-n2c(C)nnc21,[*:2]CC(=O)N[C@H](C(=O)N1C[C@H](O)C[C@H]1C(=O)NCc1ccc(-c2scnc2C)cc1)C(C)(C)C,[*:1]CCOC[C@H]1CNC[C@@H](CO[*:2])C1
Cc1ncsc1-c1ccc(CNC(=O)[C@@H]2C[C@@H](O)CN2C(=O)[C@@H](NC(=O)COCC#CC#CCNC(=O)C[C@@H]2N=C(c3ccc(Cl)cc3)c3c(sc(C)c3C)-n3c(C)nnc32)C(C)(C)C)cc1,[*:1]NC(=O)C[C@@H]1N=C(c2ccc(Cl)cc2)c2c(sc(C)c2C)-n2c(C)nnc21,[*:2]CC(=O)N[C@H](C(=O)N1C[C@H](O)C[C@H]1C(=O)NCc1ccc(-c2scnc2C)cc1)C(C)(C)C,[*:1]CC#CC#CCO[*:2]
CC1(NCc2cn(CCOCCOCCNc3cccc4c3C(=O)N(C3CCC(=O)NC3=O)C4=O)nn2)CCN(c2cnc(-c3cccc(Cl)c3Cl)c(N)n2)CC1,[*:1]NC1(C)CCN(c2cnc(-c3cccc(Cl)c3Cl)c(N)n2)CC1,[*:2]Nc1cccc2c1C(=O)N(C1CCC(=O)NC1=O)C2=O,[*:1]Cc1cn(CCOCCOCC[*:2])nn1
CC1(NCc2cn(CCOCCOCCOCCNc3cccc4c3C(=O)N(C3CCC(=O)NC3=O)C4=O)nn2)CCN(c2cnc(-c3cccc(Cl)c3Cl)c(N)n2)CC1,[*:1]NC1(C)CCN(c2cnc(-c3cccc(Cl)c3Cl)c(N)n2)CC1,[*:2]Nc1cccc2c1C(=O)N(C1CCC(=O)NC1=O)C2=O,[*:1]Cc1cn(CCOCCOCCOCC[*:2])nn1
CC1(NCc2cn(CCOCCOCCOCCOCCNc3cccc4c3C(=O)N(C3CCC(=O)NC3=O)C4=O)nn2)CCN(c2cnc(-c3cccc(Cl)c3Cl)c(N)n2)CC1,[*:1]NC1(C)CCN(c2cnc(-c3cccc(Cl)c3Cl)c(N)n2)CC1,[*:2]Nc1cccc2c1C(=O)N(C1CCC(=O)NC1=O)C2=O,[*:1]Cc1cn(CCOCCOCCOCCOCC[*:2])nn1
CC1(NCc2cn(CCOCCOCCOCCOCCOCCNc3cccc4c3C(=O)N(C3CCC(=O)NC3=O)C4=O)nn2)CCN(c2cnc(-c3cccc(Cl)c3Cl)c(N)n2)CC1,[*:1]NC1(C)CCN(c2cnc(-c3cccc(Cl)c3Cl)c(N)n2)CC1,[*:2]Nc1cccc2c1C(=O)N(C1CCC(=O)NC1=O)C2=O,[*:1]Cc1cn(CCOCCOCCOCCOCCOCC[*:2])nn1
O=C(CCCCCCNC(=O)c1ccc(NC(=O)COCCOCCNC(=O)COc2cccc3c2C(=O)N(C2CCC(=O)NC2=O)C3=O)cc1)NO,[*:1]C(=O)NO,[*:2]c1cccc2c1C(=O)N(C1CCC(=O)NC1=O)C2=O,[*:1]CCCCCCNC(=O)c1ccc(NC(=O)COCCOCCNC(=O)CO[*:2])cc1
COC(=O)C1=CC[C@@]23CC[C@H]([C@@](C)(/C=C/C=C(\C)C(=O)OCOc4cccc5c4C(=O)N(C4CCC(=O)NC4=O)C5=O)OC2=O)[C@@]3(OC(C)=O)CC1,[*:1]OC(=O)/C(C)=C/C=C/[C@@]1(C)OC(=O)[C@]23CC=C(C(=O)OC)CC[C@]2(OC(C)=O)[C@@H]1CC3,[*:2]c1cccc2c1C(=O)N(C1CCC(=O)NC1=O)C2=O,[*:1]CO[*:2]
COC(=O)C1=CC[C@@]23CC[C@H]([C@@](C)(/C=C/C=C(\C)C(=O)OCCOc4cccc5c4C(=O)N(C4CCC(=O)NC4=O)C5=O)OC2=O)[C@@]3(OC(C)=O)CC1,[*:1]OC(=O)/C(C)=C/C=C/[C@@]1(C)OC(=O)[C@]23CC=C(C(=O)OC)CC[C@]2(OC(C)=O)[C@@H]1CC3,[*:2]c1cccc2c1C(=O)N(C1CCC(=O)NC1=O)C2=O,[*:1]CCO[*:2]
COC(=O)C1=CC[C@@]23CC[C@H]([C@@](C)(/C=C/C=C(\C)C(=O)OCCCOc4cccc5c4C(=O)N(C4CCC(=O)NC4=O)C5=O)OC2=O)[C@@]3(OC(C)=O)CC1,[*:1]OC(=O)/C(C)=C/C=C/[C@@]1(C)OC(=O)[C@]23CC=C(C(=O)OC)CC[C@]2(OC(C)=O)[C@@H]1CC3,[*:2]c1cccc2c1C(=O)N(C1CCC(=O)NC1=O)C2=O,[*:1]CCCO[*:2]
COC(=O)C1=CC[C@@]23CC[C@H]([C@@](C)(/C=C/C=C(\C)C(=O)OCCCCCOc4cccc5c4C(=O)N(C4CCC(=O)NC4=O)C5=O)OC2=O)[C@@]3(OC(C)=O)CC1,[*:1]OC(=O)/C(C)=C/C=C/[C@@]1(C)OC(=O)[C@]23CC=C(C(=O)OC)CC[C@]2(OC(C)=O)[C@@H]1CC3,[*:2]c1cccc2c1C(=O)N(C1CCC(=O)NC1=O)C2=O,[*:1]CCCCCO[*:2]
COC(=O)C1=CC[C@@]23CC[C@H]([C@@](C)(/C=C/C=C(\C)C(=O)OCCCCCCCOc4cccc5c4C(=O)N(C4CCC(=O)NC4=O)C5=O)OC2=O)[C@@]3(OC(C)=O)CC1,[*:1]OC(=O)/C(C)=C/C=C/[C@@]1(C)OC(=O)[C@]23CC=C(C(=O)OC)CC[C@]2(OC(C)=O)[C@@H]1CC3,[*:2]c1cccc2c1C(=O)N(C1CCC(=O)NC1=O)C2=O,[*:1]CCCCCCCO[*:2]
COC(=O)C1=CC[C@@]23CC[C@H]([C@@](C)(/C=C/C=C(\C)C(=O)OCCOCCOCCOc4cccc5c4C(=O)N(C4CCC(=O)NC4=O)C5=O)OC2=O)[C@@]3(OC(C)=O)CC1,[*:1]OC(=O)/C(C)=C/C=C/[C@@]1(C)OC(=O)[C@]23CC=C(C(=O)OC)CC[C@]2(OC(C)=O)[C@@H]1CC3,[*:2]c1cccc2c1C(=O)N(C1CCC(=O)NC1=O)C2=O,[*:1]CCOCCOCCO[*:2]
COC(=O)C1=CC[C@@]23CC[C@H]([C@@](C)(/C=C/C=C(\C)C(=O)OCCOCCOCCOCCOc4cccc5c4C(=O)N(C4CCC(=O)NC4=O)C5=O)OC2=O)[C@@]3(OC(C)=O)CC1,[*:1]OC(=O)/C(C)=C/C=C/[C@@]1(C)OC(=O)[C@]23CC=C(C(=O)OC)CC[C@]2(OC(C)=O)[C@@H]1CC3,[*:2]c1cccc2c1C(=O)N(C1CCC(=O)NC1=O)C2=O,[*:1]CCOCCOCCOCCO[*:2]
Nc1ccccc1NC(=O)c1ccc(NC(=O)CCCCNC(=O)CNc2cccc3c2C(=O)N(C2CCC(=O)NC2=O)C3=O)cc1,[*:1]CC(=O)Nc1ccc(C(=O)Nc2ccccc2N)cc1,[*:2]Nc1cccc2c1C(=O)N(C1CCC(=O)NC1=O)C2=O,[*:1]CCCNC(=O)C[*:2]
Nc1ccccc1NC(=O)c1ccc(NC(=O)CCCCNc2cccc3c2C(=O)N(C2CCC(=O)NC2=O)C3=O)cc1,[*:1]CC(=O)Nc1ccc(C(=O)Nc2ccccc2N)cc1,[*:2]Nc1cccc2c1C(=O)N(C1CCC(=O)NC1=O)C2=O,[*:1]CCC[*:2]
Nc1ccccc1NC(=O)c1ccc(NC(=O)CCCCCNc2cccc3c2C(=O)N(C2CCC(=O)NC2=O)C3=O)cc1,[*:1]CC(=O)Nc1ccc(C(=O)Nc2ccccc2N)cc1,[*:2]Nc1cccc2c1C(=O)N(C1CCC(=O)NC1=O)C2=O,[*:1]CCCC[*:2]
Nc1ccccc1NC(=O)c1ccc(NC(=O)CCCNc2cccc3c2C(=O)N(C2CCC(=O)NC2=O)C3=O)cc1,[*:1]CC(=O)Nc1ccc(C(=O)Nc2ccccc2N)cc1,[*:2]Nc1cccc2c1C(=O)N(C1CCC(=O)NC1=O)C2=O,[*:1]CC[*:2]
Nc1ccccc1NC(=O)c1ccc(NC(=O)CCCCCNC(=O)CNc2cccc3c2C(=O)N(C2CCC(=O)NC2=O)C3=O)cc1,[*:1]CC(=O)Nc1ccc(C(=O)Nc2ccccc2N)cc1,[*:2]Nc1cccc2c1C(=O)N(C1CCC(=O)NC1=O)C2=O,[*:1]CCCCNC(=O)C[*:2]
Nc1ccccc1NC(=O)c1ccc(NC(=O)CCCNC(=O)CNc2cccc3c2C(=O)N(C2CCC(=O)NC2=O)C3=O)cc1,[*:1]CC(=O)Nc1ccc(C(=O)Nc2ccccc2N)cc1,[*:2]Nc1cccc2c1C(=O)N(C1CCC(=O)NC1=O)C2=O,[*:1]CCNC(=O)C[*:2]
Nc1cc(F)ccc1NC(=O)c1ccc(NC(=O)CCCCNC(=O)CNc2cccc3c2C(=O)N(C2CCC(=O)NC2=O)C3=O)cc1,[*:1]CC(=O)Nc1ccc(C(=O)Nc2ccc(F)cc2N)cc1,[*:2]Nc1cccc2c1C(=O)N(C1CCC(=O)NC1=O)C2=O,[*:1]CCCNC(=O)C[*:2]
N#Cc1ccc(O[C@H]2C[C@H]3CC[C@@H](C2)N3C(=O)c2ccc(N3CCN(CCCCCCCCCOc4cccc5c4C(=O)N(C4CCC(=O)NC4=O)C5=O)CC3)cc2)cc1Cl,[*:1]N1[C@@H]2CC[C@H]1C[C@@H](Oc1ccc(C#N)c(Cl)c1)C2,[*:2]c1cccc2c1C(=O)N(C1CCC(=O)NC1=O)C2=O,[*:1]C(=O)c1ccc(N2CCN(CCCCCCCCCO[*:2])CC2)cc1
N#Cc1ccc(O[C@H]2C[C@H]3CC[C@@H](C2)N3C(=O)c2ccc(N3CCN(CCCCCCCCCNc4cccc5c4C(=O)N(C4CCC(=O)NC4=O)C5=O)CC3)cc2)cc1Cl,[*:1]N1[C@@H]2CC[C@H]1C[C@@H](Oc1ccc(C#N)c(Cl)c1)C2,[*:2]Nc1cccc2c1C(=O)N(C1CCC(=O)NC1=O)C2=O,[*:1]C(=O)c1ccc(N2CCN(CCCCCCCCC[*:2])CC2)cc1
N#Cc1ccc(O[C@H]2C[C@H]3CC[C@@H](C2)N3C(=O)c2ccc(N3CCN(CCCCCCCCNc4cccc5c4C(=O)N(C4CCC(=O)NC4=O)C5=O)CC3)cc2)cc1Cl,[*:1]N1[C@@H]2CC[C@H]1C[C@@H](Oc1ccc(C#N)c(Cl)c1)C2,[*:2]Nc1cccc2c1C(=O)N(C1CCC(=O)NC1=O)C2=O,[*:1]C(=O)c1ccc(N2CCN(CCCCCCCC[*:2])CC2)cc1
N#Cc1ccc(O[C@H]2C[C@H]3CC[C@@H](C2)N3C(=O)c2ccc(N3CCN(CCCCCCCNc4cccc5c4C(=O)N(C4CCC(=O)NC4=O)C5=O)CC3)cc2)cc1Cl,[*:1]N1[C@@H]2CC[C@H]1C[C@@H](Oc1ccc(C#N)c(Cl)c1)C2,[*:2]Nc1cccc2c1C(=O)N(C1CCC(=O)NC1=O)C2=O,[*:1]C(=O)c1ccc(N2CCN(CCCCCCC[*:2])CC2)cc1
N#Cc1ccc(O[C@H]2C[C@H]3CC[C@@H](C2)N3C(=O)c2cnc(N3CCN(CCCCNc4cccc5c4C(=O)N(C4CCC(=O)NC4=O)C5=O)CC3)nc2)cc1Cl,[*:1]N1[C@@H]2CC[C@H]1C[C@@H](Oc1ccc(C#N)c(Cl)c1)C2,[*:2]Nc1cccc2c1C(=O)N(C1CCC(=O)NC1=O)C2=O,[*:1]C(=O)c1cnc(N2CCN(CCCC[*:2])CC2)nc1
N#Cc1ccc(O[C@H]2C[C@H]3CC[C@@H](C2)N3C(=O)c2cnc(N3CCN(CCCNc4cccc5c4C(=O)N(C4CCC(=O)NC4=O)C5=O)CC3)nc2)cc1Cl,[*:1]N1[C@@H]2CC[C@H]1C[C@@H](Oc1ccc(C#N)c(Cl)c1)C2,[*:2]Nc1cccc2c1C(=O)N(C1CCC(=O)NC1=O)C2=O,[*:1]C(=O)c1cnc(N2CCN(CCC[*:2])CC2)nc1
N#Cc1ccc(O[C@H]2C[C@H]3CC[C@@H](C2)N3C(=O)c2cnc(N3CCN(CCCCCNc4cccc5c4C(=O)N(C4CCC(=O)NC4=O)C5=O)CC3)nc2)cc1Cl,[*:1]N1[C@@H]2CC[C@H]1C[C@@H](Oc1ccc(C#N)c(Cl)c1)C2,[*:2]Nc1cccc2c1C(=O)N(C1CCC(=O)NC1=O)C2=O,[*:1]C(=O)c1cnc(N2CCN(CCCCC[*:2])CC2)nc1
N#Cc1ccc(O[C@H]2C[C@H]3CC[C@@H](C2)N3C(=O)c2cnc(N3CCN(CCCCCCNc4cccc5c4C(=O)N(C4CCC(=O)NC4=O)C5=O)CC3)nc2)cc1Cl,[*:1]N1[C@@H]2CC[C@H]1C[C@@H](Oc1ccc(C#N)c(Cl)c1)C2,[*:2]Nc1cccc2c1C(=O)N(C1CCC(=O)NC1=O)C2=O,[*:1]C(=O)c1cnc(N2CCN(CCCCCC[*:2])CC2)nc1
N#Cc1ccc(O[C@H]2C[C@H]3CC[C@@H](C2)N3C(=O)c2cnc(N3CCN(CCCCCCCNc4cccc5c4C(=O)N(C4CCC(=O)NC4=O)C5=O)CC3)nc2)cc1Cl,[*:1]N1[C@@H]2CC[C@H]1C[C@@H](Oc1ccc(C#N)c(Cl)c1)C2,[*:2]Nc1cccc2c1C(=O)N(C1CCC(=O)NC1=O)C2=O,[*:1]C(=O)c1cnc(N2CCN(CCCCCCC[*:2])CC2)nc1
N#Cc1ccc(O[C@H]2C[C@H]3CC[C@@H](C2)N3C(=O)c2cnc(N3CCN(CCCCCCNc4ccc5c(c4)C(=O)N(C4CCC(=O)NC4=O)C5=O)CC3)nc2)cc1Cl,[*:1]N1[C@@H]2CC[C@H]1C[C@@H](Oc1ccc(C#N)c(Cl)c1)C2,[*:2]Nc1ccc2c(c1)C(=O)N(C1CCC(=O)NC1=O)C2=O,[*:1]C(=O)c1cnc(N2CCN(CCCCCC[*:2])CC2)nc1
N#Cc1ccc(O[C@H]2C[C@H]3CC[C@@H](C2)N3C(=O)c2cnc(N3CCN(CCCCCNc4ccc5c(c4)C(=O)N(C4CCC(=O)NC4=O)C5=O)CC3)nc2)cc1Cl,[*:1]N1[C@@H]2CC[C@H]1C[C@@H](Oc1ccc(C#N)c(Cl)c1)C2,[*:2]Nc1ccc2c(c1)C(=O)N(C1CCC(=O)NC1=O)C2=O,[*:1]C(=O)c1cnc(N2CCN(CCCCC[*:2])CC2)nc1
N#Cc1ccc(O[C@H]2C[C@H]3CC[C@@H](C2)N3C(=O)c2cnc(N3CCN(CCCCNc4ccc5c(c4)C(=O)N(C4CCC(=O)NC4=O)C5=O)CC3)nc2)cc1Cl,[*:1]N1[C@@H]2CC[C@H]1C[C@@H](Oc1ccc(C#N)c(Cl)c1)C2,[*:2]Nc1ccc2c(c1)C(=O)N(C1CCC(=O)NC1=O)C2=O,[*:1]C(=O)c1cnc(N2CCN(CCCC[*:2])CC2)nc1
N#Cc1ccc(O[C@H]2C[C@H]3CC[C@@H](C2)N3C(=O)c2cnc(N3CCN(CCCNc4ccc5c(c4)C(=O)N(C4CCC(=O)NC4=O)C5=O)CC3)nc2)cc1Cl,[*:1]N1[C@@H]2CC[C@H]1C[C@@H](Oc1ccc(C#N)c(Cl)c1)C2,[*:2]Nc1ccc2c(c1)C(=O)N(C1CCC(=O)NC1=O)C2=O,[*:1]C(=O)c1cnc(N2CCN(CCC[*:2])CC2)nc1
N#Cc1ccc(O[C@H]2C[C@H]3CC[C@@H](C2)N3C(=O)c2cnc(N3CCN(CCCCCCCNc4ccc5c(c4)C(=O)N(C4CCC(=O)NC4=O)C5=O)CC3)nc2)cc1Cl,[*:1]N1[C@@H]2CC[C@H]1C[C@@H](Oc1ccc(C#N)c(Cl)c1)C2,[*:2]Nc1ccc2c(c1)C(=O)N(C1CCC(=O)NC1=O)C2=O,[*:1]C(=O)c1cnc(N2CCN(CCCCCCC[*:2])CC2)nc1
N#Cc1ccc(O[C@H]2C[C@H]3CC[C@@H](C2)N3C(=O)c2ccc(C#CC3CCN(C4CCN(c5ccc6c(c5)C(=O)N(C5CCC(=O)NC5=O)C6=O)CC4)CC3)cc2)cc1Cl,[*:1]N1[C@@H]2CC[C@H]1C[C@@H](Oc1ccc(C#N)c(Cl)c1)C2,[*:2]c1ccc2c(c1)C(=O)N(C1CCC(=O)NC1=O)C2=O,[*:1]C(=O)c1ccc(C#CC2CCN(C3CCN([*:2])CC3)CC2)cc1
C[C@@]12C[C@H](NC(=O)c3ccc(N4CCN(CCCCCCCCNc5ccc6c(c5)C(=O)N(C5CCC(=O)NC5=O)C6=O)CC4)cc3)C[C@]1(C)C[C@@H](Oc1ccc(C#N)c(Cl)c1)C2,[*:1]N[C@H]1C[C@@]2(C)C[C@H](Oc3ccc(C#N)c(Cl)c3)C[C@@]2(C)C1,[*:2]Nc1ccc2c(c1)C(=O)N(C1CCC(=O)NC1=O)C2=O,[*:1]C(=O)c1ccc(N2CCN(CCCCCCCC[*:2])CC2)cc1
C[C@@]12C[C@H](NC(=O)c3ccc(N4CCN(CCCCCCCCCNc5ccc6c(c5)C(=O)N(C5CCC(=O)NC5=O)C6=O)CC4)cc3)C[C@]1(C)C[C@@H](Oc1ccc(C#N)c(Cl)c1)C2,[*:1]N[C@H]1C[C@@]2(C)C[C@H](Oc3ccc(C#N)c(Cl)c3)C[C@@]2(C)C1,[*:2]Nc1ccc2c(c1)C(=O)N(C1CCC(=O)NC1=O)C2=O,[*:1]C(=O)c1ccc(N2CCN(CCCCCCCCC[*:2])CC2)cc1
C[C@@]12C[C@H](NC(=O)c3ccc(N4CCN(CCCCCNc5ccc6c(c5)C(=O)N(C5CCC(=O)NC5=O)C6=O)CC4)cc3)C[C@]1(C)C[C@@H](Oc1ccc(C#N)c(Cl)c1)C2,[*:1]N[C@H]1C[C@@]2(C)C[C@H](Oc3ccc(C#N)c(Cl)c3)C[C@@]2(C)C1,[*:2]Nc1ccc2c(c1)C(=O)N(C1CCC(=O)NC1=O)C2=O,[*:1]C(=O)c1ccc(N2CCN(CCCCC[*:2])CC2)cc1
C[C@@]12C[C@H](NC(=O)c3ccc(N4CCN(CCCCCCNc5ccc6c(c5)C(=O)N(C5CCC(=O)NC5=O)C6=O)CC4)cc3)C[C@]1(C)C[C@@H](Oc1ccc(C#N)c(Cl)c1)C2,[*:1]N[C@H]1C[C@@]2(C)C[C@H](Oc3ccc(C#N)c(Cl)c3)C[C@@]2(C)C1,[*:2]Nc1ccc2c(c1)C(=O)N(C1CCC(=O)NC1=O)C2=O,[*:1]C(=O)c1ccc(N2CCN(CCCCCC[*:2])CC2)cc1
C[C@@]12C[C@H](NC(=O)c3ccc(N4CCN(CCCCCCCNc5ccc6c(c5)C(=O)N(C5CCC(=O)NC5=O)C6=O)CC4)cc3)C[C@]1(C)C[C@@H](Oc1ccc(C#N)c(Cl)c1)C2,[*:1]N[C@H]1C[C@@]2(C)C[C@H](Oc3ccc(C#N)c(Cl)c3)C[C@@]2(C)C1,[*:2]Nc1ccc2c(c1)C(=O)N(C1CCC(=O)NC1=O)C2=O,[*:1]C(=O)c1ccc(N2CCN(CCCCCCC[*:2])CC2)cc1
Cc1ncsc1-c1ccc([C@H](CC(=O)NCCCCCCCCCN2CCN(c3ccc(C(=O)N4[C@@H]5CC[C@H]4C[C@@H](Oc4ccc(C#N)c(Cl)c4)C5)cc3)CC2)NC(=O)[C@@H]2C[C@@H](O)CN2C(=O)[C@@H](NC(=O)C2(F)CC2)C(C)(C)C)cc1,[*:1]N1[C@@H]2CC[C@H]1C[C@@H](Oc1ccc(C#N)c(Cl)c1)C2,[*:2]CNC(=O)C[C@H](NC(=O)[C@@H]1C[C@@H](O)CN1C(=O)[C@@H](NC(=O)C1(F)CC1)C(C)(C)C)c1ccc(-c2scnc2C)cc1,[*:1]C(=O)c1ccc(N2CCN(CCCCCCCC[*:2])CC2)cc1
Cc1ncsc1-c1ccc([C@H](CC(=O)NCCCCCCCCN2CCN(c3ccc(C(=O)N4[C@@H]5CC[C@H]4C[C@@H](Oc4ccc(C#N)c(Cl)c4)C5)cc3)CC2)NC(=O)[C@@H]2C[C@@H](O)CN2C(=O)[C@@H](NC(=O)C2(F)CC2)C(C)(C)C)cc1,[*:1]N1[C@@H]2CC[C@H]1C[C@@H](Oc1ccc(C#N)c(Cl)c1)C2,[*:2]CNC(=O)C[C@H](NC(=O)[C@@H]1C[C@@H](O)CN1C(=O)[C@@H](NC(=O)C1(F)CC1)C(C)(C)C)c1ccc(-c2scnc2C)cc1,[*:1]C(=O)c1ccc(N2CCN(CCCCCCC[*:2])CC2)cc1
Cc1ncsc1-c1ccc([C@H](CC(=O)NCCCCCCCN2CCN(c3ccc(C(=O)N4[C@@H]5CC[C@H]4C[C@@H](Oc4ccc(C#N)c(Cl)c4)C5)cc3)CC2)NC(=O)[C@@H]2C[C@@H](O)CN2C(=O)[C@@H](NC(=O)C2(F)CC2)C(C)(C)C)cc1,[*:1]N1[C@@H]2CC[C@H]1C[C@@H](Oc1ccc(C#N)c(Cl)c1)C2,[*:2]CNC(=O)C[C@H](NC(=O)[C@@H]1C[C@@H](O)CN1C(=O)[C@@H](NC(=O)C1(F)CC1)C(C)(C)C)c1ccc(-c2scnc2C)cc1,[*:1]C(=O)c1ccc(N2CCN(CCCCCC[*:2])CC2)cc1
Cc1ncsc1-c1ccc(CNC(=O)[C@@H]2C[C@@H](O)CN2C(=O)[C@@H](NC(=O)COCCN2CCN(c3ccc(C(=O)N4[C@@H]5CC[C@H]4C[C@@H](Oc4ccc(C#N)c(Cl)c4)C5)cc3)CC2)C(C)(C)C)cc1,[*:1]N1[C@@H]2CC[C@H]1C[C@@H](Oc1ccc(C#N)c(Cl)c1)C2,[*:2]CC(=O)N[C@H](C(=O)N1C[C@H](O)C[C@H]1C(=O)NCc1ccc(-c2scnc2C)cc1)C(C)(C)C,[*:1]C(=O)c1ccc(N2CCN(CCO[*:2])CC2)cc1
Cc1ncsc1-c1ccc(CNC(=O)[C@@H]2C[C@@H](O)CN2C(=O)[C@@H](NC(=O)CN2CCN(c3ccc(C(=O)N4[C@@H]5CC[C@H]4C[C@@H](Oc4ccc(C#N)c(Cl)c4)C5)cc3)CC2)C(C)(C)C)cc1,[*:1]N1[C@@H]2CC[C@H]1C[C@@H](Oc1ccc(C#N)c(Cl)c1)C2,[*:2]CC(=O)N[C@H](C(=O)N1C[C@H](O)C[C@H]1C(=O)NCc1ccc(-c2scnc2C)cc1)C(C)(C)C,[*:1]C(=O)c1ccc(N2CCN([*:2])CC2)cc1
Cc1ncsc1-c1ccc(CNC(=O)[C@@H]2C[C@@H](O)CN2C(=O)[C@@H](NC(=O)CCN2CCN(c3ccc(C(=O)N4[C@@H]5CC[C@H]4C[C@@H](Oc4ccc(C#N)c(Cl)c4)C5)cc3)CC2)C(C)(C)C)cc1,[*:1]N1[C@@H]2CC[C@H]1C[C@@H](Oc1ccc(C#N)c(Cl)c1)C2,[*:2]CC(=O)N[C@H](C(=O)N1C[C@H](O)C[C@H]1C(=O)NCc1ccc(-c2scnc2C)cc1)C(C)(C)C,[*:1]C(=O)c1ccc(N2CCN(C[*:2])CC2)cc1
Cc1ncsc1-c1ccc([C@H](C)NC(=O)[C@@H]2C[C@@H](O)CN2C(=O)[C@@H](NC(=O)COCCN2CCN(c3ccc(C(=O)N4[C@@H]5CC[C@H]4C[C@@H](Oc4ccc(C#N)c(Cl)c4)C5)nn3)CC2)C(C)(C)C)cc1,[*:1]N1[C@@H]2CC[C@H]1C[C@@H](Oc1ccc(C#N)c(Cl)c1)C2,[*:2]CC(=O)N[C@H](C(=O)N1C[C@H](O)C[C@H]1C(=O)N[C@@H](C)c1ccc(-c2scnc2C)cc1)C(C)(C)C,[*:1]C(=O)c1ccc(N2CCN(CCO[*:2])CC2)nn1
Cc1ncsc1-c1ccc([C@H](C)NC(=O)[C@@H]2C[C@@H](O)CN2C(=O)[C@@H](NC(=O)COCCN2CCN(c3ccc(C(=O)N4[C@@H]5CC[C@H]4C[C@@H](Oc4ccc(C#N)c(Cl)c4)C5)cc3)CC2)C(C)(C)C)cc1,[*:1]N1[C@@H]2CC[C@H]1C[C@@H](Oc1ccc(C#N)c(Cl)c1)C2,[*:2]CC(=O)N[C@H](C(=O)N1C[C@H](O)C[C@H]1C(=O)N[C@@H](C)c1ccc(-c2scnc2C)cc1)C(C)(C)C,[*:1]C(=O)c1ccc(N2CCN(CCO[*:2])CC2)cc1
Cc1ncsc1-c1ccc([C@H](C)NC(=O)[C@@H]2C[C@@H](O)CN2C(=O)[C@@H](NC(=O)COCCN2CCN(c3ccc(C(=O)N4[C@@H]5CC[C@H]4C[C@@H](Oc4ccc(C#N)c(Cl)c4)C5)cn3)CC2)C(C)(C)C)cc1,[*:1]N1[C@@H]2CC[C@H]1C[C@@H](Oc1ccc(C#N)c(Cl)c1)C2,[*:2]CC(=O)N[C@H](C(=O)N1C[C@H](O)C[C@H]1C(=O)N[C@@H](C)c1ccc(-c2scnc2C)cc1)C(C)(C)C,[*:1]C(=O)c1ccc(N2CCN(CCO[*:2])CC2)nc1
Cc1ncsc1-c1ccc([C@H](C)NC(=O)[C@@H]2C[C@@H](O)CN2C(=O)[C@@H](NC(=O)COCCN2CCN(c3cnc(C(=O)N4[C@@H]5CC[C@H]4C[C@@H](Oc4ccc(C#N)c(Cl)c4)C5)cn3)CC2)C(C)(C)C)cc1,[*:1]N1[C@@H]2CC[C@H]1C[C@@H](Oc1ccc(C#N)c(Cl)c1)C2,[*:2]CC(=O)N[C@H](C(=O)N1C[C@H](O)C[C@H]1C(=O)N[C@@H](C)c1ccc(-c2scnc2C)cc1)C(C)(C)C,[*:1]C(=O)c1cnc(N2CCN(CCO[*:2])CC2)cn1
Cc1ncsc1-c1ccc([C@H](C)NC(=O)[C@@H]2C[C@@H](O)CN2C(=O)[C@@H](NC(=O)COCCN2CCN(c3ncc(C(=O)N4[C@@H]5CC[C@H]4C[C@@H](Oc4ccc(C#N)c(Cl)c4)C5)cn3)CC2)C(C)(C)C)cc1,[*:1]N1[C@@H]2CC[C@H]1C[C@@H](Oc1ccc(C#N)c(Cl)c1)C2,[*:2]CC(=O)N[C@H](C(=O)N1C[C@H](O)C[C@H]1C(=O)N[C@@H](C)c1ccc(-c2scnc2C)cc1)C(C)(C)C,[*:1]C(=O)c1cnc(N2CCN(CCO[*:2])CC2)nc1
Cc1ncsc1-c1ccc([C@H](C)NC(=O)[C@@H]2C[C@@H](O)CN2C(=O)[C@@H](NC(=O)COCCN2CCN(c3ccc(C(=O)N4[C@@H]5CC[C@H]4C[C@@H](Oc4ccc(C#N)c(Cl)c4)C5)nc3)CC2)C(C)(C)C)cc1,[*:1]N1[C@@H]2CC[C@H]1C[C@@H](Oc1ccc(C#N)c(Cl)c1)C2,[*:2]CC(=O)N[C@H](C(=O)N1C[C@H](O)C[C@H]1C(=O)N[C@@H](C)c1ccc(-c2scnc2C)cc1)C(C)(C)C,[*:1]C(=O)c1ccc(N2CCN(CCO[*:2])CC2)cn1
COc1nc(-c2ccnc(NC(=O)C3CC3)c2)sc1C(=O)NCCCNC(=O)COc1cccc2c1C(=O)N(C1CCC(=O)NC1=O)C2=O,[*:1]NC(=O)c1sc(-c2ccnc(NC(=O)C3CC3)c2)nc1OC,[*:2]c1cccc2c1C(=O)N(C1CCC(=O)NC1=O)C2=O,[*:1]CCCNC(=O)CO[*:2]
COc1nc(-c2ccnc(NC(=O)C3CC3)c2)sc1C(=O)NCCCCNC(=O)COc1cccc2c1C(=O)N(C1CCC(=O)NC1=O)C2=O,[*:1]NC(=O)c1sc(-c2ccnc(NC(=O)C3CC3)c2)nc1OC,[*:2]c1cccc2c1C(=O)N(C1CCC(=O)NC1=O)C2=O,[*:1]CCCCNC(=O)CO[*:2]
COc1nc(-c2ccnc(NC(=O)C3CC3)c2)sc1C(=O)NCCCCCCNC(=O)COc1cccc2c1C(=O)N(C1CCC(=O)NC1=O)C2=O,[*:1]NC(=O)c1sc(-c2ccnc(NC(=O)C3CC3)c2)nc1OC,[*:2]c1cccc2c1C(=O)N(C1CCC(=O)NC1=O)C2=O,[*:1]CCCCCCNC(=O)CO[*:2]
NC(=O)c1sc(-c2ccnc(NC(=O)C3CC3)c2)nc1OCCOCC#Cc1cccc2c1CN(C1CCC(=O)NC1=O)C2=O,[*:1]COc1nc(-c2ccnc(NC(=O)C3CC3)c2)sc1C(N)=O,[*:2]#Cc1cccc2c1CN(C1CCC(=O)NC1=O)C2=O,[*:1]COCC#[*:2]
NC(=O)c1sc(-c2ccnc(NC(=O)C3CC3)c2)nc1OCCC#Cc1ccc2c(c1)C(=O)N(C1CCC(=O)NC1=O)C2=O,[*:1]COc1nc(-c2ccnc(NC(=O)C3CC3)c2)sc1C(N)=O,[*:2]c1ccc2c(c1)C(=O)N(C1CCC(=O)NC1=O)C2=O,[*:1]CC#C[*:2]
NC(=O)c1sc(-c2ccnc(NC(=O)C3CC3)c2)nc1OCCOCC#Cc1ccc2c(c1)C(=O)N(C1CCC(=O)NC1=O)C2=O,[*:1]COc1nc(-c2ccnc(NC(=O)C3CC3)c2)sc1C(N)=O,[*:2]c1ccc2c(c1)C(=O)N(C1CCC(=O)NC1=O)C2=O,[*:1]COCC#C[*:2]
Cc1ncsc1-c1ccc(CNC(=O)[C@@H]2C[C@@H](O)CN2C(=O)[C@@H](NC(=O)CCCCCC(=O)n2nc(N)c3c(-c4cccc(NC(=O)Nc5cccc(C(C)C)c5)c4)cccc32)C(C)(C)C)cc1,[*:1]n1nc(N)c2c(-c3cccc(NC(=O)Nc4cccc(C(C)C)c4)c3)cccc21,[*:2]CC(=O)N[C@H](C(=O)N1C[C@H](O)C[C@H]1C(=O)NCc1ccc(-c2scnc2C)cc1)C(C)(C)C,[*:1]C(=O)CCCC[*:2]
Cc1ncsc1-c1ccc(CNC(=O)[C@@H]2C[C@@H](O)CN2C(=O)[C@@H](NC(=O)CCCCCCCCCCC(=O)n2nc(N)c3c(-c4cccc(NC(=O)Nc5cccc(C(C)C)c5)c4)cccc32)C(C)(C)C)cc1,[*:1]n1nc(N)c2c(-c3cccc(NC(=O)Nc4cccc(C(C)C)c4)c3)cccc21,[*:2]CC(=O)N[C@H](C(=O)N1C[C@H](O)C[C@H]1C(=O)NCc1ccc(-c2scnc2C)cc1)C(C)(C)C,[*:1]C(=O)CCCCCCCCC[*:2]
Cc1ncsc1-c1ccc(CNC(=O)[C@@H]2C[C@@H](O)CN2C(=O)[C@@H](NC(=O)CCCCCCCCCCCCCCC(=O)n2nc(N)c3c(-c4cccc(NC(=O)Nc5cccc(C(C)C)c5)c4)cccc32)C(C)(C)C)cc1,[*:1]n1nc(N)c2c(-c3cccc(NC(=O)Nc4cccc(C(C)C)c4)c3)cccc21,[*:2]CC(=O)N[C@H](C(=O)N1C[C@H](O)C[C@H]1C(=O)NCc1ccc(-c2scnc2C)cc1)C(C)(C)C,[*:1]C(=O)CCCCCCCCCCCCC[*:2]
Cc1ccc(F)c(NC(=O)Nc2ccc(-c3cccc4c3c(N)nn4C(=O)CCCCCC(=O)N[C@H](C(=O)N3C[C@H](O)C[C@H]3C(=O)NCc3ccc(-c4scnc4C)cc3)C(C)(C)C)cc2)c1,[*:1]n1nc(N)c2c(-c3ccc(NC(=O)Nc4cc(C)ccc4F)cc3)cccc21,[*:2]CC(=O)N[C@H](C(=O)N1C[C@H](O)C[C@H]1C(=O)NCc1ccc(-c2scnc2C)cc1)C(C)(C)C,[*:1]C(=O)CCCC[*:2]
Cc1ccc(F)c(NC(=O)Nc2ccc(-c3cccc4c3c(N)nn4C(=O)CCCCCCCCCCC(=O)N[C@H](C(=O)N3C[C@H](O)C[C@H]3C(=O)NCc3ccc(-c4scnc4C)cc3)C(C)(C)C)cc2)c1,[*:1]n1nc(N)c2c(-c3ccc(NC(=O)Nc4cc(C)ccc4F)cc3)cccc21,[*:2]CC(=O)N[C@H](C(=O)N1C[C@H](O)C[C@H]1C(=O)NCc1ccc(-c2scnc2C)cc1)C(C)(C)C,[*:1]C(=O)CCCCCCCCC[*:2]
Cc1ccc(F)c(NC(=O)Nc2ccc(-c3cccc4c3c(N)nn4C(=O)CCCCCCCCCCCCCCC(=O)N[C@H](C(=O)N3C[C@H](O)C[C@H]3C(=O)NCc3ccc(-c4scnc4C)cc3)C(C)(C)C)cc2)c1,[*:1]n1nc(N)c2c(-c3ccc(NC(=O)Nc4cc(C)ccc4F)cc3)cccc21,[*:2]CC(=O)N[C@H](C(=O)N1C[C@H](O)C[C@H]1C(=O)NCc1ccc(-c2scnc2C)cc1)C(C)(C)C,[*:1]C(=O)CCCCCCCCCCCCC[*:2]
Cc1cc(Nc2ncc(Cl)c(Nc3ccccc3S(=O)(=O)C(C)C)n2)c(OC(C)C)cc1C1CCN(CCC(=O)NCCCCNc2cccc3c2C(=O)N(C2CCC(=O)NC2=O)C3=O)CC1,[*:1]N1CCC(c2cc(OC(C)C)c(Nc3ncc(Cl)c(Nc4ccccc4S(=O)(=O)C(C)C)n3)cc2C)CC1,[*:2]Nc1cccc2c1C(=O)N(C1CCC(=O)NC1=O)C2=O,[*:1]CCC(=O)NCCCC[*:2]
Cc1cc(Nc2ncc(Cl)c(Nc3ccccc3S(=O)(=O)C(C)C)n2)c(OC(C)C)cc1C1CCN(CCC(=O)NCCCCCCNc2cccc3c2C(=O)N(C2CCC(=O)NC2=O)C3=O)CC1,[*:1]N1CCC(c2cc(OC(C)C)c(Nc3ncc(Cl)c(Nc4ccccc4S(=O)(=O)C(C)C)n3)cc2C)CC1,[*:2]Nc1cccc2c1C(=O)N(C1CCC(=O)NC1=O)C2=O,[*:1]CCC(=O)NCCCCCC[*:2]
Cc1cc(Nc2ncc(Cl)c(Nc3ccccc3S(=O)(=O)C(C)C)n2)c(OC(C)C)cc1C1CCN(CCC(=O)NCCCCCCCCNc2cccc3c2C(=O)N(C2CCC(=O)NC2=O)C3=O)CC1,[*:1]N1CCC(c2cc(OC(C)C)c(Nc3ncc(Cl)c(Nc4ccccc4S(=O)(=O)C(C)C)n3)cc2C)CC1,[*:2]Nc1cccc2c1C(=O)N(C1CCC(=O)NC1=O)C2=O,[*:1]CCC(=O)NCCCCCCCC[*:2]
Cc1cc(Nc2ncc(Cl)c(Nc3ccccc3S(=O)(=O)C(C)C)n2)c(OC(C)C)cc1C1CCN(CCC(=O)NCCOCCNc2cccc3c2C(=O)N(C2CCC(=O)NC2=O)C3=O)CC1,[*:1]N1CCC(c2cc(OC(C)C)c(Nc3ncc(Cl)c(Nc4ccccc4S(=O)(=O)C(C)C)n3)cc2C)CC1,[*:2]Nc1cccc2c1C(=O)N(C1CCC(=O)NC1=O)C2=O,[*:1]CCC(=O)NCCOCC[*:2]
Cc1cc(Nc2ncc(Cl)c(Nc3ccccc3S(=O)(=O)C(C)C)n2)c(OC(C)C)cc1C1CCN(CCC(=O)NCCOCCOCCNc2cccc3c2C(=O)N(C2CCC(=O)NC2=O)C3=O)CC1,[*:1]N1CCC(c2cc(OC(C)C)c(Nc3ncc(Cl)c(Nc4ccccc4S(=O)(=O)C(C)C)n3)cc2C)CC1,[*:2]Nc1cccc2c1C(=O)N(C1CCC(=O)NC1=O)C2=O,[*:1]CCC(=O)NCCOCCOCC[*:2]
Cc1cc(Nc2ncc(Cl)c(Nc3ccccc3S(=O)(=O)C(C)C)n2)c(OC(C)C)cc1C1CCN(CCC(=O)NCCOCCOCCOCCNc2cccc3c2C(=O)N(C2CCC(=O)NC2=O)C3=O)CC1,[*:1]N1CCC(c2cc(OC(C)C)c(Nc3ncc(Cl)c(Nc4ccccc4S(=O)(=O)C(C)C)n3)cc2C)CC1,[*:2]Nc1cccc2c1C(=O)N(C1CCC(=O)NC1=O)C2=O,[*:1]CCC(=O)NCCOCCOCCOCC[*:2]
Cc1cc(Nc2ncc(Cl)c(Nc3ccccc3S(=O)(=O)C(C)C)n2)c(OC(C)C)cc1C1CCN(CCC(=O)NCCOCCOCCOCCOCCNc2cccc3c2C(=O)N(C2CCC(=O)NC2=O)C3=O)CC1,[*:1]N1CCC(c2cc(OC(C)C)c(Nc3ncc(Cl)c(Nc4ccccc4S(=O)(=O)C(C)C)n3)cc2C)CC1,[*:2]Nc1cccc2c1C(=O)N(C1CCC(=O)NC1=O)C2=O,[*:1]CCC(=O)NCCOCCOCCOCCOCC[*:2]
Cc1cc(Nc2ncc(Cl)c(Nc3ccccc3S(=O)(=O)C(C)C)n2)c(OC(C)C)cc1C1CCN(CCC(=O)NCCCCNCC(=O)Nc2cccc3c2C(=O)N(C2CCC(=O)NC2=O)C3=O)CC1,[*:1]N1CCC(c2cc(OC(C)C)c(Nc3ncc(Cl)c(Nc4ccccc4S(=O)(=O)C(C)C)n3)cc2C)CC1,[*:2]Nc1cccc2c1C(=O)N(C1CCC(=O)NC1=O)C2=O,[*:1]CCC(=O)NCCCCNCC([*:2])=O
Cc1cc(Nc2ncc(Cl)c(Nc3ccccc3S(=O)(=O)C(C)C)n2)c(OC(C)C)cc1C1CCN(CCC(=O)NCCCCCCNCC(=O)Nc2cccc3c2C(=O)N(C2CCC(=O)NC2=O)C3=O)CC1,[*:1]N1CCC(c2cc(OC(C)C)c(Nc3ncc(Cl)c(Nc4ccccc4S(=O)(=O)C(C)C)n3)cc2C)CC1,[*:2]Nc1cccc2c1C(=O)N(C1CCC(=O)NC1=O)C2=O,[*:1]CCC(=O)NCCCCCCNCC([*:2])=O
Cc1cc(Nc2ncc(Cl)c(Nc3ccccc3S(=O)(=O)C(C)C)n2)c(OC(C)C)cc1C1CCN(CCC(=O)NCCCCCCCCNCC(=O)Nc2cccc3c2C(=O)N(C2CCC(=O)NC2=O)C3=O)CC1,[*:1]N1CCC(c2cc(OC(C)C)c(Nc3ncc(Cl)c(Nc4ccccc4S(=O)(=O)C(C)C)n3)cc2C)CC1,[*:2]Nc1cccc2c1C(=O)N(C1CCC(=O)NC1=O)C2=O,[*:1]CCC(=O)NCCCCCCCCNCC([*:2])=O
Cc1cc(Nc2ncc(Cl)c(Nc3ccccc3S(=O)(=O)C(C)C)n2)c(OC(C)C)cc1C1CCN(CCC(=O)NCCOCCNCC(=O)Nc2cccc3c2C(=O)N(C2CCC(=O)NC2=O)C3=O)CC1,[*:1]N1CCC(c2cc(OC(C)C)c(Nc3ncc(Cl)c(Nc4ccccc4S(=O)(=O)C(C)C)n3)cc2C)CC1,[*:2]Nc1cccc2c1C(=O)N(C1CCC(=O)NC1=O)C2=O,[*:1]CCC(=O)NCCOCCNCC([*:2])=O
Cc1cc(Nc2ncc(Cl)c(Nc3ccccc3S(=O)(=O)C(C)C)n2)c(OC(C)C)cc1C1CCN(CCC(=O)NCCOCCOCCNCC(=O)Nc2cccc3c2C(=O)N(C2CCC(=O)NC2=O)C3=O)CC1,[*:1]N1CCC(c2cc(OC(C)C)c(Nc3ncc(Cl)c(Nc4ccccc4S(=O)(=O)C(C)C)n3)cc2C)CC1,[*:2]Nc1cccc2c1C(=O)N(C1CCC(=O)NC1=O)C2=O,[*:1]CCC(=O)NCCOCCOCCNCC([*:2])=O
Cc1cc(Nc2ncc(Cl)c(Nc3ccccc3S(=O)(=O)C(C)C)n2)c(OC(C)C)cc1C1CCN(CCC(=O)NCCOCCOCCOCCNCC(=O)Nc2cccc3c2C(=O)N(C2CCC(=O)NC2=O)C3=O)CC1,[*:1]N1CCC(c2cc(OC(C)C)c(Nc3ncc(Cl)c(Nc4ccccc4S(=O)(=O)C(C)C)n3)cc2C)CC1,[*:2]Nc1cccc2c1C(=O)N(C1CCC(=O)NC1=O)C2=O,[*:1]CCC(=O)NCCOCCOCCOCCNCC([*:2])=O
Cc1cc(Nc2ncc(Cl)c(Nc3ccccc3S(=O)(=O)C(C)C)n2)c(OC(C)C)cc1C1CCN(CCC(=O)NCCCCNCCC(=O)Nc2cccc3c2C(=O)N(C2CCC(=O)NC2=O)C3=O)CC1,[*:1]N1CCC(c2cc(OC(C)C)c(Nc3ncc(Cl)c(Nc4ccccc4S(=O)(=O)C(C)C)n3)cc2C)CC1,[*:2]Nc1cccc2c1C(=O)N(C1CCC(=O)NC1=O)C2=O,[*:1]CCC(=O)NCCCCNCCC([*:2])=O
Cc1cc(Nc2ncc(Cl)c(Nc3ccccc3S(=O)(=O)C(C)C)n2)c(OC(C)C)cc1C1CCN(CCC(=O)NCCCCCCNCCC(=O)Nc2cccc3c2C(=O)N(C2CCC(=O)NC2=O)C3=O)CC1,[*:1]N1CCC(c2cc(OC(C)C)c(Nc3ncc(Cl)c(Nc4ccccc4S(=O)(=O)C(C)C)n3)cc2C)CC1,[*:2]Nc1cccc2c1C(=O)N(C1CCC(=O)NC1=O)C2=O,[*:1]CCC(=O)NCCCCCCNCCC([*:2])=O
Cc1cc(Nc2ncc(Cl)c(Nc3ccccc3S(=O)(=O)C(C)C)n2)c(OC(C)C)cc1C1CCN(CCC(=O)NCCOCCNCCC(=O)Nc2cccc3c2C(=O)N(C2CCC(=O)NC2=O)C3=O)CC1,[*:1]N1CCC(c2cc(OC(C)C)c(Nc3ncc(Cl)c(Nc4ccccc4S(=O)(=O)C(C)C)n3)cc2C)CC1,[*:2]Nc1cccc2c1C(=O)N(C1CCC(=O)NC1=O)C2=O,[*:1]CCC(=O)NCCOCCNCCC([*:2])=O
Cc1cc(Nc2ncc(Cl)c(Nc3ccccc3S(=O)(=O)C(C)C)n2)c(OC(C)C)cc1C1CCN(CCC(=O)NCCOCCOCCNCCC(=O)Nc2cccc3c2C(=O)N(C2CCC(=O)NC2=O)C3=O)CC1,[*:1]N1CCC(c2cc(OC(C)C)c(Nc3ncc(Cl)c(Nc4ccccc4S(=O)(=O)C(C)C)n3)cc2C)CC1,[*:2]Nc1cccc2c1C(=O)N(C1CCC(=O)NC1=O)C2=O,[*:1]CCC(=O)NCCOCCOCCNCCC([*:2])=O
Cc1cc(Nc2ncc(Cl)c(Nc3ccccc3S(=O)(=O)C(C)C)n2)c(OC(C)C)cc1C1CCN(CCC(=O)NCCCCNC(=O)COc2cccc3c2C(=O)N(C2CCC(=O)NC2=O)C3=O)CC1,[*:1]N1CCC(c2cc(OC(C)C)c(Nc3ncc(Cl)c(Nc4ccccc4S(=O)(=O)C(C)C)n3)cc2C)CC1,[*:2]c1cccc2c1C(=O)N(C1CCC(=O)NC1=O)C2=O,[*:1]CCC(=O)NCCCCNC(=O)CO[*:2]
Cc1cc(Nc2ncc(Cl)c(Nc3ccccc3S(=O)(=O)C(C)C)n2)c(OC(C)C)cc1C1CCN(CCC(=O)NCCCCCCNC(=O)COc2cccc3c2C(=O)N(C2CCC(=O)NC2=O)C3=O)CC1,[*:1]N1CCC(c2cc(OC(C)C)c(Nc3ncc(Cl)c(Nc4ccccc4S(=O)(=O)C(C)C)n3)cc2C)CC1,[*:2]c1cccc2c1C(=O)N(C1CCC(=O)NC1=O)C2=O,[*:1]CCC(=O)NCCCCCCNC(=O)CO[*:2]
Cc1cc(Nc2ncc(Cl)c(Nc3ccccc3S(=O)(=O)C(C)C)n2)c(OC(C)C)cc1C1CCN(CCC(=O)NCCCCCCCCNC(=O)COc2cccc3c2C(=O)N(C2CCC(=O)NC2=O)C3=O)CC1,[*:1]N1CCC(c2cc(OC(C)C)c(Nc3ncc(Cl)c(Nc4ccccc4S(=O)(=O)C(C)C)n3)cc2C)CC1,[*:2]c1cccc2c1C(=O)N(C1CCC(=O)NC1=O)C2=O,[*:1]CCC(=O)NCCCCCCCCNC(=O)CO[*:2]
Cc1cc(Nc2ncc(Cl)c(Nc3ccccc3S(=O)(=O)C(C)C)n2)c(OC(C)C)cc1C1CCN(CCC(=O)NCCOCCNC(=O)COc2cccc3c2C(=O)N(C2CCC(=O)NC2=O)C3=O)CC1,[*:1]N1CCC(c2cc(OC(C)C)c(Nc3ncc(Cl)c(Nc4ccccc4S(=O)(=O)C(C)C)n3)cc2C)CC1,[*:2]c1cccc2c1C(=O)N(C1CCC(=O)NC1=O)C2=O,[*:1]CCC(=O)NCCOCCNC(=O)CO[*:2]
Cc1cc(Nc2ncc(Cl)c(Nc3ccccc3S(=O)(=O)C(C)C)n2)c(OC(C)C)cc1C1CCN(CCC(=O)NCCOCCOCCNC(=O)COc2cccc3c2C(=O)N(C2CCC(=O)NC2=O)C3=O)CC1,[*:1]N1CCC(c2cc(OC(C)C)c(Nc3ncc(Cl)c(Nc4ccccc4S(=O)(=O)C(C)C)n3)cc2C)CC1,[*:2]c1cccc2c1C(=O)N(C1CCC(=O)NC1=O)C2=O,[*:1]CCC(=O)NCCOCCOCCNC(=O)CO[*:2]
Cc1cc(Nc2ncc(Cl)c(Nc3ccccc3S(=O)(=O)C(C)C)n2)c(OC(C)C)cc1C1CCN(CCC(=O)NCCOCCOCCOCCNC(=O)COc2cccc3c2C(=O)N(C2CCC(=O)NC2=O)C3=O)CC1,[*:1]N1CCC(c2cc(OC(C)C)c(Nc3ncc(Cl)c(Nc4ccccc4S(=O)(=O)C(C)C)n3)cc2C)CC1,[*:2]c1cccc2c1C(=O)N(C1CCC(=O)NC1=O)C2=O,[*:1]CCC(=O)NCCOCCOCCOCCNC(=O)CO[*:2]
O=C1CCC(N2Cc3c(NC(=O)CCCCCCN4CCN(c5ccc(Nc6ncc7nc(Nc8ccccc8)n(C8CCCC8)c7n6)cc5)CC4)cccc3C2=O)C(=O)N1,[*:1]CN1CCN(c2ccc(Nc3ncc4nc(Nc5ccccc5)n(C5CCCC5)c4n3)cc2)CC1,[*:2]Nc1cccc2c1CN(C1CCC(=O)NC1=O)C2=O,[*:1]CCCCCC([*:2])=O
O=C1CCC(N2Cc3c(NC(=O)CCCCCCCN4CCN(c5ccc(Nc6ncc7nc(Nc8ccccc8)n(C8CCCC8)c7n6)cc5)CC4)cccc3C2=O)C(=O)N1,[*:1]CN1CCN(c2ccc(Nc3ncc4nc(Nc5ccccc5)n(C5CCCC5)c4n3)cc2)CC1,[*:2]Nc1cccc2c1CN(C1CCC(=O)NC1=O)C2=O,[*:1]CCCCCCC([*:2])=O
Cc1ncsc1-c1ccc(CNC(=O)[C@@H]2C[C@@H](O)CN2C(=O)[C@@H](NC(=O)CCCCCCN2CCN(c3ccc(Nc4ncc5nc(Nc6ccccc6)n(C6CCCC6)c5n4)cc3)CC2)C(C)(C)C)cc1,[*:1]CN1CCN(c2ccc(Nc3ncc4nc(Nc5ccccc5)n(C5CCCC5)c4n3)cc2)CC1,[*:2]CC(=O)N[C@H](C(=O)N1C[C@H](O)C[C@H]1C(=O)NCc1ccc(-c2scnc2C)cc1)C(C)(C)C,[*:1]CCCC[*:2]
Cc1ncsc1-c1ccc(CNC(=O)[C@@H]2C[C@@H](O)CN2C(=O)[C@@H](NC(=O)CCCCCCCN2CCN(c3ccc(Nc4ncc5nc(Nc6ccccc6)n(C6CCCC6)c5n4)cc3)CC2)C(C)(C)C)cc1,[*:1]CN1CCN(c2ccc(Nc3ncc4nc(Nc5ccccc5)n(C5CCCC5)c4n3)cc2)CC1,[*:2]CC(=O)N[C@H](C(=O)N1C[C@H](O)C[C@H]1C(=O)NCc1ccc(-c2scnc2C)cc1)C(C)(C)C,[*:1]CCCCC[*:2]
CN(CCOCCOCCN1CCN(c2ccc(Nc3ncc4nc(Nc5ccccc5)n(C5CCCC5)c4n3)cc2)CC1)CC(=O)Nc1cccc2c1CN(C1CCC(=O)NC1=O)C2=O,[*:1]CN1CCN(c2ccc(Nc3ncc4nc(Nc5ccccc5)n(C5CCCC5)c4n3)cc2)CC1,[*:2]Nc1cccc2c1CN(C1CCC(=O)NC1=O)C2=O,[*:1]COCCOCCN(C)CC([*:2])=O
CN(CCOCCOCCOCCN1CCN(c2ccc(Nc3ncc4nc(Nc5ccccc5)n(C5CCCC5)c4n3)cc2)CC1)CC(=O)Nc1cccc2c1CN(C1CCC(=O)NC1=O)C2=O,[*:1]CN1CCN(c2ccc(Nc3ncc4nc(Nc5ccccc5)n(C5CCCC5)c4n3)cc2)CC1,[*:2]Nc1cccc2c1CN(C1CCC(=O)NC1=O)C2=O,[*:1]COCCOCCOCCN(C)CC([*:2])=O
CN(CCOCCOCCOCCOCCN1CCN(c2ccc(Nc3ncc4nc(Nc5ccccc5)n(C5CCCC5)c4n3)cc2)CC1)CC(=O)Nc1cccc2c1CN(C1CCC(=O)NC1=O)C2=O,[*:1]CN1CCN(c2ccc(Nc3ncc4nc(Nc5ccccc5)n(C5CCCC5)c4n3)cc2)CC1,[*:2]Nc1cccc2c1CN(C1CCC(=O)NC1=O)C2=O,[*:1]COCCOCCOCCOCCN(C)CC([*:2])=O
Cc1ncsc1-c1ccc(CNC(=O)[C@@H]2C[C@@H](O)CN2C(=O)[C@@H](NCCOCCOCCN2CCN(c3ccc(Nc4ncc5nc(Nc6ccccc6)n(C6CCCC6)c5n4)cc3)CC2)C(C)(C)C)cc1,[*:1]CN1CCN(c2ccc(Nc3ncc4nc(Nc5ccccc5)n(C5CCCC5)c4n3)cc2)CC1,[*:2]N[C@H](C(=O)N1C[C@H](O)C[C@H]1C(=O)NCc1ccc(-c2scnc2C)cc1)C(C)(C)C,[*:1]COCCOCC[*:2]
Cc1ncsc1-c1ccc(CNC(=O)[C@@H]2C[C@@H](O)CN2C(=O)[C@@H](NCCOCCOCCOCCN2CCN(c3ccc(Nc4ncc5nc(Nc6ccccc6)n(C6CCCC6)c5n4)cc3)CC2)C(C)(C)C)cc1,[*:1]CN1CCN(c2ccc(Nc3ncc4nc(Nc5ccccc5)n(C5CCCC5)c4n3)cc2)CC1,[*:2]N[C@H](C(=O)N1C[C@H](O)C[C@H]1C(=O)NCc1ccc(-c2scnc2C)cc1)C(C)(C)C,[*:1]COCCOCCOCC[*:2]
Cc1ncsc1-c1ccc(CNC(=O)[C@@H]2C[C@@H](O)CN2C(=O)[C@@H](NCCOCCOCCOCCOCCN2CCN(c3ccc(Nc4ncc5nc(Nc6ccccc6)n(C6CCCC6)c5n4)cc3)CC2)C(C)(C)C)cc1,[*:1]CN1CCN(c2ccc(Nc3ncc4nc(Nc5ccccc5)n(C5CCCC5)c4n3)cc2)CC1,[*:2]N[C@H](C(=O)N1C[C@H](O)C[C@H]1C(=O)NCc1ccc(-c2scnc2C)cc1)C(C)(C)C,[*:1]COCCOCCOCCOCC[*:2]
CC(=O)c1c(C)c2cnc(Nc3ccc(N4CCN(C(=O)CCCCCNc5cccc6c5C(=O)N(C5CCC(=O)NC5=O)C6=O)CC4)cn3)nc2n(C2CCCC2)c1=O,[*:1]N1CCN(c2ccc(Nc3ncc4c(C)c(C(C)=O)c(=O)n(C5CCCC5)c4n3)nc2)CC1,[*:2]Nc1cccc2c1C(=O)N(C1CCC(=O)NC1=O)C2=O,[*:1]C(=O)CCCCC[*:2]
CC(=O)c1c(C)c2cnc(Nc3ccc(N4CCN(C(=O)COCCOCCNc5cccc6c5C(=O)N(C5CCC(=O)NC5=O)C6=O)CC4)cn3)nc2n(C2CCCC2)c1=O,[*:1]N1CCN(c2ccc(Nc3ncc4c(C)c(C(C)=O)c(=O)n(C5CCCC5)c4n3)nc2)CC1,[*:2]Nc1cccc2c1C(=O)N(C1CCC(=O)NC1=O)C2=O,[*:1]C(=O)COCCOCC[*:2]
CC(=O)c1c(C)c2cnc(Nc3ccc(N4CCN(C(=O)COCCOCCOCCNc5cccc6c5C(=O)N(C5CCC(=O)NC5=O)C6=O)CC4)cn3)nc2n(C2CCCC2)c1=O,[*:1]N1CCN(c2ccc(Nc3ncc4c(C)c(C(C)=O)c(=O)n(C5CCCC5)c4n3)nc2)CC1,[*:2]Nc1cccc2c1C(=O)N(C1CCC(=O)NC1=O)C2=O,[*:1]C(=O)COCCOCCOCC[*:2]
CC(=O)c1c(C)c2cnc(Nc3ccc(N4CCN(C(=O)CCCCOCCOCCOCCNc5cccc6c5C(=O)N(C5CCC(=O)NC5=O)C6=O)CC4)cn3)nc2n(C2CCCC2)c1=O,[*:1]N1CCN(c2ccc(Nc3ncc4c(C)c(C(C)=O)c(=O)n(C5CCCC5)c4n3)nc2)CC1,[*:2]Nc1cccc2c1C(=O)N(C1CCC(=O)NC1=O)C2=O,[*:1]C(=O)CCCCOCCOCCOCC[*:2]
CC(=O)c1c(C)c2cnc(Nc3ccc(N4CCN(C(=O)CCC(=O)NCCCOCCCCOCCCNc5cccc6c5C(=O)N(C5CCC(=O)NC5=O)C6=O)CC4)cn3)nc2n(C2CCCC2)c1=O,[*:1]N1CCN(c2ccc(Nc3ncc4c(C)c(C(C)=O)c(=O)n(C5CCCC5)c4n3)nc2)CC1,[*:2]Nc1cccc2c1C(=O)N(C1CCC(=O)NC1=O)C2=O,[*:1]C(=O)CCC(=O)NCCCOCCCCOCCC[*:2]
CC(=O)c1c(C)c2cnc(Nc3ccc(N4CCN(C(=O)CCCCOCCCCCOCCCCCCNc5cccc6c5C(=O)N(C5CCC(=O)NC5=O)C6=O)CC4)cn3)nc2n(C2CCCC2)c1=O,[*:1]N1CCN(c2ccc(Nc3ncc4c(C)c(C(C)=O)c(=O)n(C5CCCC5)c4n3)nc2)CC1,[*:2]Nc1cccc2c1C(=O)N(C1CCC(=O)NC1=O)C2=O,[*:1]C(=O)CCCCOCCCCCOCCCCCC[*:2]
CC(=O)c1c(C)c2cnc(Nc3ccc(N4CCN(C(=O)CCCCCOCCCCCCOCCCCCCNc5cccc6c5C(=O)N(C5CCC(=O)NC5=O)C6=O)CC4)cn3)nc2n(C2CCCC2)c1=O,[*:1]N1CCN(c2ccc(Nc3ncc4c(C)c(C(C)=O)c(=O)n(C5CCCC5)c4n3)nc2)CC1,[*:2]Nc1cccc2c1C(=O)N(C1CCC(=O)NC1=O)C2=O,[*:1]C(=O)CCCCCOCCCCCCOCCCCCC[*:2]
CC(=O)c1c(C)c2cnc(Nc3ccc(N4CCN(C(=O)CCCCCOCCCCOCCCCOCCCCNc5cccc6c5C(=O)N(C5CCC(=O)NC5=O)C6=O)CC4)cn3)nc2n(C2CCCC2)c1=O,[*:1]N1CCN(c2ccc(Nc3ncc4c(C)c(C(C)=O)c(=O)n(C5CCCC5)c4n3)nc2)CC1,[*:2]Nc1cccc2c1C(=O)N(C1CCC(=O)NC1=O)C2=O,[*:1]C(=O)CCCCCOCCCCOCCCCOCCCC[*:2]
CC(=O)c1c(C)c2cnc(Nc3ccc(N4CCN(C(=O)CCCCCOCCCCOCCCCOCCCCOCCCCCCNc5cccc6c5C(=O)N(C5CCC(=O)NC5=O)C6=O)CC4)cn3)nc2n(C2CCCC2)c1=O,[*:1]N1CCN(c2ccc(Nc3ncc4c(C)c(C(C)=O)c(=O)n(C5CCCC5)c4n3)nc2)CC1,[*:2]Nc1cccc2c1C(=O)N(C1CCC(=O)NC1=O)C2=O,[*:1]C(=O)CCCCCOCCCCOCCCCOCCCCOCCCCCC[*:2]
CC(=O)c1c(C)c2cnc(Nc3ccc(N4CCN(C(=O)CCCCCOCCOCCOCCOCCOCCOCCCCCCNc5cccc6c5C(=O)N(C5CCC(=O)NC5=O)C6=O)CC4)cn3)nc2n(C2CCCC2)c1=O,[*:1]N1CCN(c2ccc(Nc3ncc4c(C)c(C(C)=O)c(=O)n(C5CCCC5)c4n3)nc2)CC1,[*:2]Nc1cccc2c1C(=O)N(C1CCC(=O)NC1=O)C2=O,[*:1]C(=O)CCCCCOCCOCCOCCOCCOCCOCCCCCC[*:2]
CC(=O)c1c(C)c2cnc(Nc3ccc(N4CCN(CCCCCCCC(=O)N[C@H](C(=O)N5C[C@H](O)C[C@H]5C(=O)NCc5ccc(-c6scnc6C)cc5)C(C)(C)C)CC4)cn3)nc2n(C2CCCC2)c1=O,[*:1]N1CCN(c2ccc(Nc3ncc4c(C)c(C(C)=O)c(=O)n(C5CCCC5)c4n3)nc2)CC1,[*:2]CC(=O)N[C@H](C(=O)N1C[C@H](O)C[C@H]1C(=O)NCc1ccc(-c2scnc2C)cc1)C(C)(C)C,[*:1]CCCCCC[*:2]
CC(=O)c1c(C)c2cnc(Nc3ccc(N4CCN(CCOCCOCC(=O)N[C@H](C(=O)N5C[C@H](O)C[C@H]5C(=O)NCc5ccc(-c6scnc6C)cc5)C(C)(C)C)CC4)cn3)nc2n(C2CCCC2)c1=O,[*:1]N1CCN(c2ccc(Nc3ncc4c(C)c(C(C)=O)c(=O)n(C5CCCC5)c4n3)nc2)CC1,[*:2]CC(=O)N[C@H](C(=O)N1C[C@H](O)C[C@H]1C(=O)NCc1ccc(-c2scnc2C)cc1)C(C)(C)C,[*:1]CCOCCO[*:2]
CC(=O)c1c(C)c2cnc(Nc3ccc(N4CCN(CCOCCOCCOCC(=O)N[C@H](C(=O)N5C[C@H](O)C[C@H]5C(=O)NCc5ccc(-c6scnc6C)cc5)C(C)(C)C)CC4)cn3)nc2n(C2CCCC2)c1=O,[*:1]N1CCN(c2ccc(Nc3ncc4c(C)c(C(C)=O)c(=O)n(C5CCCC5)c4n3)nc2)CC1,[*:2]CC(=O)N[C@H](C(=O)N1C[C@H](O)C[C@H]1C(=O)NCc1ccc(-c2scnc2C)cc1)C(C)(C)C,[*:1]CCOCCOCCO[*:2]
CC(=O)c1c(C)c2cnc(Nc3ccc(N4CCN(CCCCCCOCCCCCOCCCCC(=O)N[C@H](C(=O)N5C[C@H](O)C[C@H]5C(=O)NCc5ccc(-c6scnc6C)cc5)C(C)(C)C)CC4)cn3)nc2n(C2CCCC2)c1=O,[*:1]N1CCN(c2ccc(Nc3ncc4c(C)c(C(C)=O)c(=O)n(C5CCCC5)c4n3)nc2)CC1,[*:2]CC(=O)N[C@H](C(=O)N1C[C@H](O)C[C@H]1C(=O)NCc1ccc(-c2scnc2C)cc1)C(C)(C)C,[*:1]CCCCCCOCCCCCOCCC[*:2]
CC(=O)c1c(C)c2cnc(Nc3ccc(N4CCN(CCCCCCCCOc5cc(-c6scnc6C)ccc5CNC(=O)[C@@H]5C[C@@H](O)CN5C(=O)[C@H](C(C)C)N5Cc6ccccc6C5=O)CC4)cn3)nc2n(C2CCCC2)c1=O,[*:1]N1CCN(c2ccc(Nc3ncc4c(C)c(C(C)=O)c(=O)n(C5CCCC5)c4n3)nc2)CC1,[*:2]Oc1cc(-c2scnc2C)ccc1CNC(=O)[C@@H]1C[C@@H](O)CN1C(=O)[C@H](C(C)C)N1Cc2ccccc2C1=O,[*:1]CCCCCCCC[*:2]
CC(=O)c1c(C)c2cnc(Nc3ccc(N4CCN(CCOCCOCCOc5cc(-c6scnc6C)ccc5CNC(=O)[C@@H]5C[C@@H](O)CN5C(=O)[C@H](C(C)C)N5Cc6ccccc6C5=O)CC4)cn3)nc2n(C2CCCC2)c1=O,[*:1]N1CCN(c2ccc(Nc3ncc4c(C)c(C(C)=O)c(=O)n(C5CCCC5)c4n3)nc2)CC1,[*:2]Oc1cc(-c2scnc2C)ccc1CNC(=O)[C@@H]1C[C@@H](O)CN1C(=O)[C@H](C(C)C)N1Cc2ccccc2C1=O,[*:1]CCOCCOCC[*:2]
CC(=O)c1c(C)c2cnc(Nc3ccc(N4CCN(CCOCCOCCOCCOc5cc(-c6scnc6C)ccc5CNC(=O)[C@@H]5C[C@@H](O)CN5C(=O)[C@H](C(C)C)N5Cc6ccccc6C5=O)CC4)cn3)nc2n(C2CCCC2)c1=O,[*:1]N1CCN(c2ccc(Nc3ncc4c(C)c(C(C)=O)c(=O)n(C5CCCC5)c4n3)nc2)CC1,[*:2]Oc1cc(-c2scnc2C)ccc1CNC(=O)[C@@H]1C[C@@H](O)CN1C(=O)[C@H](C(C)C)N1Cc2ccccc2C1=O,[*:1]CCOCCOCCOCC[*:2]
CC(=O)c1c(C)c2cnc(Nc3ccc(N4CCN(CCCCCCOCCCCCOCCCCCOc5cc(-c6scnc6C)ccc5CNC(=O)[C@@H]5C[C@@H](O)CN5C(=O)[C@H](C(C)C)N5Cc6ccccc6C5=O)CC4)cn3)nc2n(C2CCCC2)c1=O,[*:1]N1CCN(c2ccc(Nc3ncc4c(C)c(C(C)=O)c(=O)n(C5CCCC5)c4n3)nc2)CC1,[*:2]Oc1cc(-c2scnc2C)ccc1CNC(=O)[C@@H]1C[C@@H](O)CN1C(=O)[C@H](C(C)C)N1Cc2ccccc2C1=O,[*:1]CCCCCCOCCCCCOCCCCC[*:2]
CC(=O)c1c(C)c2cnc(Nc3ccc(N4CCN(CCOCCOCCOc5cc(-c6scnc6C)ccc5CNC(=O)[C@@H]5C[C@@H](O)CN5C(=O)[C@@H](NC(=O)C5(C#N)CC5)C(C)(C)C)CC4)cn3)nc2n(C2CCCC2)c1=O,[*:1]N1CCN(c2ccc(Nc3ncc4c(C)c(C(C)=O)c(=O)n(C5CCCC5)c4n3)nc2)CC1,[*:2]c1cc(-c2scnc2C)ccc1CNC(=O)[C@@H]1C[C@@H](O)CN1C(=O)[C@@H](NC(=O)C1(C#N)CC1)C(C)(C)C,[*:1]CCOCCOCCO[*:2]
CC(=O)c1c(C)c2cnc(Nc3ccc(N4CCN(CCOCCOCCOc5cc(-c6scnc6C)ccc5CNC(=O)[C@@H]5C[C@@H](O)CN5C(=O)[C@@H](NC(=O)C5(F)CC5)C(C)(C)C)CC4)cn3)nc2n(C2CCCC2)c1=O,[*:1]N1CCN(c2ccc(Nc3ncc4c(C)c(C(C)=O)c(=O)n(C5CCCC5)c4n3)nc2)CC1,[*:2]Oc1cc(-c2scnc2C)ccc1CNC(=O)[C@@H]1C[C@@H](O)CN1C(=O)[C@@H](NC(=O)C1(F)CC1)C(C)(C)C,[*:1]CCOCCOCC[*:2]
CN[C@@H](C)C(=O)N[C@H](C(=O)N1C[C@@H](Oc2cccc(OCCOCCOCCOCCN3CCN(c4ccc(Nc5ncc6c(C)c(C(C)=O)c(=O)n(C7CCCC7)c6n5)nc4)CC3)c2)C[C@H]1C(=O)N[C@@H]1CCCc2ccccc21)C1CCCCC1,[*:1]N1CCN(c2ccc(Nc3ncc4c(C)c(C(C)=O)c(=O)n(C5CCCC5)c4n3)nc2)CC1,[*:2]c1cccc(O[C@H]2C[C@@H](C(=O)N[C@@H]3CCCc4ccccc43)N(C(=O)[C@@H](NC(=O)[C@H](C)NC)C3CCCCC3)C2)c1,[*:1]CCOCCOCCOCCO[*:2]
COc1cc(C(=O)NCCOCCOCCOCCN2CCN(c3ccc(Nc4ncc5c(C)c(C(C)=O)c(=O)n(C6CCCC6)c5n4)nc3)CC2)ccc1NC(=O)[C@@H]1N[C@@H](CC(C)(C)C)[C@](C#N)(c2ccc(Cl)cc2F)[C@H]1c1cccc(Cl)c1F,[*:1]N1CCN(c2ccc(Nc3ncc4c(C)c(C(C)=O)c(=O)n(C5CCCC5)c4n3)nc2)CC1,[*:2]NC(=O)c1ccc(NC(=O)[C@@H]2N[C@@H](CC(C)(C)C)[C@](C#N)(c3ccc(Cl)cc3F)[C@H]2c2cccc(Cl)c2F)c(OC)c1,[*:1]CCOCCOCCOCC[*:2]
CC(C)(C)c1nc(-c2cccc(NS(=O)(=O)c3c(F)cccc3F)c2F)c(-c2ccnc(NCCCNC(=O)CCOCCOCCOCCNc3cccc4c3C(=O)N(C3CCC(=O)NC3=O)C4=O)n2)s1,[*:1]Nc1nccc(-c2sc(C(C)(C)C)nc2-c2cccc(NS(=O)(=O)c3c(F)cccc3F)c2F)n1,[*:2]Nc1cccc2c1C(=O)N(C1CCC(=O)NC1=O)C2=O,[*:1]CCCNC(=O)CCOCCOCCOCC[*:2]
CC(C)(C)c1nc(-c2cccc(NS(=O)(=O)c3c(F)cccc3F)c2F)c(-c2ccnc(NCCCNC(=O)CCOCCOCCOCCOCCNc3cccc4c3C(=O)N(C3CCC(=O)NC3=O)C4=O)n2)s1,[*:1]Nc1nccc(-c2sc(C(C)(C)C)nc2-c2cccc(NS(=O)(=O)c3c(F)cccc3F)c2F)n1,[*:2]Nc1cccc2c1C(=O)N(C1CCC(=O)NC1=O)C2=O,[*:1]CCCNC(=O)CCOCCOCCOCCOCC[*:2]
CC(C)(C)c1nc(-c2cccc(NS(=O)(=O)c3c(F)cccc3F)c2F)c(-c2ccnc(NCCCNC(=O)CCOCCOCCOCCOCCOCCNc3cccc4c3C(=O)N(C3CCC(=O)NC3=O)C4=O)n2)s1,[*:1]Nc1nccc(-c2sc(C(C)(C)C)nc2-c2cccc(NS(=O)(=O)c3c(F)cccc3F)c2F)n1,[*:2]Nc1cccc2c1C(=O)N(C1CCC(=O)NC1=O)C2=O,[*:1]CCCNC(=O)CCOCCOCCOCCOCCOCC[*:2]
CC(C)(C)c1nc(-c2cccc(NS(=O)(=O)c3c(F)cccc3F)c2F)c(-c2ccnc(NCCCNC(=O)CCOCCOCCOCCOCCOCCOCCNc3cccc4c3C(=O)N(C3CCC(=O)NC3=O)C4=O)n2)s1,[*:1]Nc1nccc(-c2sc(C(C)(C)C)nc2-c2cccc(NS(=O)(=O)c3c(F)cccc3F)c2F)n1,[*:2]Nc1cccc2c1C(=O)N(C1CCC(=O)NC1=O)C2=O,[*:1]CCCNC(=O)CCOCCOCCOCCOCCOCCOCC[*:2]
CC(C)(C)c1nc(-c2cccc(NS(=O)(=O)c3c(F)cccc3F)c2F)c(-c2ccnc(NCCCNC(=O)CCOCCOCCOCCOCCOCCNC(=O)CCOCCOCCOCCOCCOCCNc3cccc4c3C(=O)N(C3CCC(=O)NC3=O)C4=O)n2)s1,[*:1]Nc1nccc(-c2sc(C(C)(C)C)nc2-c2cccc(NS(=O)(=O)c3c(F)cccc3F)c2F)n1,[*:2]Nc1cccc2c1C(=O)N(C1CCC(=O)NC1=O)C2=O,[*:1]CCCNC(=O)CCOCCOCCOCCOCCOCCNC(=O)CCOCCOCCOCCOCCOCC[*:2]
CC(C)(C)c1nc(-c2cccc(NS(=O)(=O)c3c(F)cccc3F)c2F)c(-c2ccnc(NCCCCCCNC(=O)COc3cccc4c3C(=O)N(C3CCC(=O)NC3=O)C4=O)n2)s1,[*:1]Nc1nccc(-c2sc(C(C)(C)C)nc2-c2cccc(NS(=O)(=O)c3c(F)cccc3F)c2F)n1,[*:2]c1cccc2c1C(=O)N(C1CCC(=O)NC1=O)C2=O,[*:1]CCCCCCNC(=O)CO[*:2]
Cc1ncsc1-c1ccc(CNC(=O)[C@@H]2C[C@@H](O)CN2C(=O)[C@H](NC(=O)CCC(=O)NCCCCCCNc2nccc(-c3sc(C(C)(C)C)nc3-c3cccc(NS(=O)(=O)c4c(F)cccc4F)c3F)n2)C(C)(C)C)cc1,[*:1]Nc1nccc(-c2sc(C(C)(C)C)nc2-c2cccc(NS(=O)(=O)c3c(F)cccc3F)c2F)n1,[*:2]CC(=O)N[C@@H](C(=O)N1C[C@H](O)C[C@H]1C(=O)NCc1ccc(-c2scnc2C)cc1)C(C)(C)C,[*:1]CCCCCCNC(=O)C[*:2]
CCCS(=O)(=O)Nc1ccc(F)c(-n2cc(-c3cncnc3)c3nc(N(C)C4CCN(CCCCCCCCCC(=O)N5CCN(Cc6ccc(CNc7cccc8c7C(=O)N(C7CCC(=O)NC7=O)C8=O)cc6)CC5)CC4)ccc32)c1F,[*:1]CCN1CCC(N(C)c2ccc3c(n2)c(-c2cncnc2)cn3-c2c(F)ccc(NS(=O)(=O)CCC)c2F)CC1,[*:2]Nc1cccc2c1C(=O)N(C1CCC(=O)NC1=O)C2=O,[*:1]CCCCCCCC(=O)N1CCN(Cc2ccc(C[*:2])cc2)CC1
CCCS(=O)(=O)Nc1ccc(F)c(-n2cc(-c3cncnc3)c3nc(N(C)C4CCN(CCCCCCCCCC(=O)N5CCN(c6cccc7c6C(=O)N(C6CCC(=O)NC6=O)C7=O)CC5)CC4)ccc32)c1F,[*:1]CCN1CCC(N(C)c2ccc3c(n2)c(-c2cncnc2)cn3-c2c(F)ccc(NS(=O)(=O)CCC)c2F)CC1,[*:2]c1cccc2c1C(=O)N(C1CCC(=O)NC1=O)C2=O,[*:1]CCCCCCCC(=O)N1CCN([*:2])CC1
CN[C@@H](C)C(=O)N[C@H](C(=O)N1CCC[C@H]1c1nc(C(=O)c2ccc(F)cc2)cs1)C1CCN(CCCC(=O)N2CCC[C@@H](n3nc(-c4ccc(Oc5ccc(F)cc5F)cc4)c(C(N)=O)c3N)C2)CC1,[*:1]CC(=O)N1CCC[C@@H](n2nc(-c3ccc(Oc4ccc(F)cc4F)cc3)c(C(N)=O)c2N)C1,[*:2]CN1CCC([C@H](NC(=O)[C@H](C)NC)C(=O)N2CCC[C@H]2c2nc(C(=O)c3ccc(F)cc3)cs2)CC1,[*:1]C[*:2]
Nc1nc(Nc2ccc(S(=O)(=O)NCCOCc3cn(CCOCCNc4cccc5c4C(=O)N(C4CCC(=O)NC4=O)C5=O)nn3)cc2)nn1C(=O)c1c(F)cccc1F,[*:1]NS(=O)(=O)c1ccc(Nc2nc(N)n(C(=O)c3c(F)cccc3F)n2)cc1,[*:2]Nc1cccc2c1C(=O)N(C1CCC(=O)NC1=O)C2=O,[*:1]CCOCc1cn(CCOCC[*:2])nn1
Cc1ccsc1C(=O)n1nc(Nc2ccc(S(=O)(=O)NCCOCc3cn(CCOCCNc4cccc5c4C(=O)N(C4CCC(=O)NC4=O)C5=O)nn3)cc2)nc1N,[*:1]NS(=O)(=O)c1ccc(Nc2nc(N)n(C(=O)c3sccc3C)n2)cc1,[*:2]Nc1cccc2c1C(=O)N(C1CCC(=O)NC1=O)C2=O,[*:1]CCOCc1cn(CCOCC[*:2])nn1
Cc1ccsc1C(=O)n1nc(Nc2ccc(S(=O)(=O)NCCOCc3cn(CCOCCOCCNc4cccc5c4C(=O)N(C4CCC(=O)NC4=O)C5=O)nn3)cc2)nc1N,[*:1]NS(=O)(=O)c1ccc(Nc2nc(N)n(C(=O)c3sccc3C)n2)cc1,[*:2]Nc1cccc2c1C(=O)N(C1CCC(=O)NC1=O)C2=O,[*:1]CCOCc1cn(CCOCCOCC[*:2])nn1
Cc1ccsc1C(=O)n1nc(Nc2ccc(S(=O)(=O)NCCOCc3cn(CCOCCOCCOCCNc4cccc5c4C(=O)N(C4CCC(=O)NC4=O)C5=O)nn3)cc2)nc1N,[*:1]NS(=O)(=O)c1ccc(Nc2nc(N)n(C(=O)c3sccc3C)n2)cc1,[*:2]Nc1cccc2c1C(=O)N(C1CCC(=O)NC1=O)C2=O,[*:1]CCOCc1cn(CCOCCOCCOCC[*:2])nn1
CN(CCCNC(=O)CNc1cccc2c1C(=O)N(C1CCC(=O)NC1=O)C2=O)C(C)(C)/C=C(\C#N)C(=O)N1CCC[C@@H](n2nc(-c3ccc(Oc4ccccc4)cc3)c3c(N)ncnc32)C1,[*:1]N1CCC[C@@H](n2nc(-c3ccc(Oc4ccccc4)cc3)c3c(N)ncnc32)C1,[*:2]Nc1cccc2c1C(=O)N(C1CCC(=O)NC1=O)C2=O,[*:1]C(=O)/C(C#N)=C/C(C)(C)N(C)CCCNC(=O)C[*:2]
CN(CCCCNC(=O)CNc1cccc2c1C(=O)N(C1CCC(=O)NC1=O)C2=O)C(C)(C)/C=C(\C#N)C(=O)N1CCC[C@@H](n2nc(-c3ccc(Oc4ccccc4)cc3)c3c(N)ncnc32)C1,[*:1]N1CCC[C@@H](n2nc(-c3ccc(Oc4ccccc4)cc3)c3c(N)ncnc32)C1,[*:2]Nc1cccc2c1C(=O)N(C1CCC(=O)NC1=O)C2=O,[*:1]C(=O)/C(C#N)=C/C(C)(C)N(C)CCCCNC(=O)C[*:2]
CN(CCOCCNC(=O)CNc1cccc2c1C(=O)N(C1CCC(=O)NC1=O)C2=O)C(C)(C)/C=C(\C#N)C(=O)N1CCC[C@@H](n2nc(-c3ccc(Oc4ccccc4)cc3)c3c(N)ncnc32)C1,[*:1]N1CCC[C@@H](n2nc(-c3ccc(Oc4ccccc4)cc3)c3c(N)ncnc32)C1,[*:2]Nc1cccc2c1C(=O)N(C1CCC(=O)NC1=O)C2=O,[*:1]C(=O)/C(C#N)=C/C(C)(C)N(C)CCOCCNC(=O)C[*:2]
CN(CCOCCOCCNC(=O)CNc1cccc2c1C(=O)N(C1CCC(=O)NC1=O)C2=O)C(C)(C)/C=C(\C#N)C(=O)N1CCC[C@@H](n2nc(-c3ccc(Oc4ccccc4)cc3)c3c(N)ncnc32)C1,[*:1]N1CCC[C@@H](n2nc(-c3ccc(Oc4ccccc4)cc3)c3c(N)ncnc32)C1,[*:2]Nc1cccc2c1C(=O)N(C1CCC(=O)NC1=O)C2=O,[*:1]C(=O)/C(C#N)=C/C(C)(C)N(C)CCOCCOCCNC(=O)C[*:2]
CN(CCOCCOCCOCCNC(=O)CNc1cccc2c1C(=O)N(C1CCC(=O)NC1=O)C2=O)C(C)(C)/C=C(\C#N)C(=O)N1CCC[C@@H](n2nc(-c3ccc(Oc4ccccc4)cc3)c3c(N)ncnc32)C1,[*:1]N1CCC[C@@H](n2nc(-c3ccc(Oc4ccccc4)cc3)c3c(N)ncnc32)C1,[*:2]Nc1cccc2c1C(=O)N(C1CCC(=O)NC1=O)C2=O,[*:1]C(=O)/C(C#N)=C/C(C)(C)N(C)CCOCCOCCOCCNC(=O)C[*:2]
CN(CCNC(=O)CNc1cccc2c1C(=O)N(C1CCC(=O)NC1=O)C2=O)C(C)(C)/C=C(\C#N)C(=O)N1CCC[C@@H](n2nc(-c3ccc(Oc4ccccc4)cc3)c3c(N)ncnc32)C1,[*:1]N1CCC[C@@H](n2nc(-c3ccc(Oc4ccccc4)cc3)c3c(N)ncnc32)C1,[*:2]Nc1cccc2c1C(=O)N(C1CCC(=O)NC1=O)C2=O,[*:1]C(=O)/C(C#N)=C/C(C)(C)N(C)CCNC(=O)C[*:2]
CN(CCCCNc1cccc2c1C(=O)N(C1CCC(=O)NC1=O)C2=O)C(C)(C)/C=C(\C#N)C(=O)N1CCC[C@@H](n2nc(-c3ccc(Oc4ccccc4)cc3)c3c(N)ncnc32)C1,[*:1]N1CCC[C@@H](n2nc(-c3ccc(Oc4ccccc4)cc3)c3c(N)ncnc32)C1,[*:2]Nc1cccc2c1C(=O)N(C1CCC(=O)NC1=O)C2=O,[*:1]C(=O)/C(C#N)=C/C(C)(C)N(C)CCCC[*:2]
CN(CCCNc1cccc2c1C(=O)N(C1CCC(=O)NC1=O)C2=O)C(C)(C)/C=C(\C#N)C(=O)N1CCC[C@@H](n2nc(-c3ccc(Oc4ccccc4)cc3)c3c(N)ncnc32)C1,[*:1]N1CCC[C@@H](n2nc(-c3ccc(Oc4ccccc4)cc3)c3c(N)ncnc32)C1,[*:2]Nc1cccc2c1C(=O)N(C1CCC(=O)NC1=O)C2=O,[*:1]C(=O)/C(C#N)=C/C(C)(C)N(C)CCC[*:2]
CN(CCCNC(=O)COc1cccc2c1C(=O)N(C1CCC(=O)NC1=O)C2=O)C(C)(C)/C=C(\C#N)C(=O)N1CCC[C@@H](n2nc(-c3ccc(Oc4ccccc4)cc3)c3c(N)ncnc32)C1,[*:1]N1CCC[C@@H](n2nc(-c3ccc(Oc4ccccc4)cc3)c3c(N)ncnc32)C1,[*:2]c1cccc2c1C(=O)N(C1CCC(=O)NC1=O)C2=O,[*:1]C(=O)/C(C#N)=C/C(C)(C)N(C)CCCNC(=O)CO[*:2]
CN(C/C=C/C(=O)N1CCC[C@@H](n2nc(-c3ccc(Oc4ccccc4)cc3)c3c(N)ncnc32)C1)CCCNC(=O)CNc1cccc2c1C(=O)N(C1CCC(=O)NC1=O)C2=O,[*:1]/C=C/C(=O)N1CCC[C@@H](n2nc(-c3ccc(Oc4ccccc4)cc3)c3c(N)ncnc32)C1,[*:2]Nc1cccc2c1C(=O)N(C1CCC(=O)NC1=O)C2=O,[*:1]CN(C)CCCNC(=O)C[*:2]
CN(CCCNC(=O)CNc1cccc2c1C(=O)N(C1CCC(=O)NC1=O)C2=O)CCCC(=O)N1CCC[C@@H](n2nc(-c3ccc(Oc4ccccc4)cc3)c3c(N)ncnc32)C1,[*:1]N1CCC[C@@H](n2nc(-c3ccc(Oc4ccccc4)cc3)c3c(N)ncnc32)C1,[*:2]Nc1cccc2c1C(=O)N(C1CCC(=O)NC1=O)C2=O,[*:1]C(=O)CCCN(C)CCCNC(=O)C[*:2]
CN(C/C=C/C(=O)N1CCC[C@@H](n2nc(-c3ccc(Oc4ccccc4)cc3)c3c(N)ncnc32)C1)CCOCCNC(=O)CNc1cccc2c1C(=O)N(C1CCC(=O)NC1=O)C2=O,[*:1]/C=C/C(=O)N1CCC[C@@H](n2nc(-c3ccc(Oc4ccccc4)cc3)c3c(N)ncnc32)C1,[*:2]Nc1cccc2c1C(=O)N(C1CCC(=O)NC1=O)C2=O,[*:1]CN(C)CCOCCNC(=O)C[*:2]
CN(CCCC(=O)N1CCC[C@@H](n2nc(-c3ccc(Oc4ccccc4)cc3)c3c(N)ncnc32)C1)CCOCCNC(=O)CNc1cccc2c1C(=O)N(C1CCC(=O)NC1=O)C2=O,[*:1]N1CCC[C@@H](n2nc(-c3ccc(Oc4ccccc4)cc3)c3c(N)ncnc32)C1,[*:2]Nc1cccc2c1C(=O)N(C1CCC(=O)NC1=O)C2=O,[*:1]C(=O)CCCN(C)CCOCCNC(=O)C[*:2]
CN(CCCNC(=O)CNc1cccc2c1C(=O)N(C1CCC(=O)NC1=O)C2=O)C(C)(C)CC(C#N)C(=O)N1CCC[C@@H](n2nc(-c3ccc(Oc4ccccc4)cc3)c3c(N)ncnc32)C1,[*:1]N1CCC[C@@H](n2nc(-c3ccc(Oc4ccccc4)cc3)c3c(N)ncnc32)C1,[*:2]Nc1cccc2c1C(=O)N(C1CCC(=O)NC1=O)C2=O,[*:1]C(=O)C(C#N)CC(C)(C)N(C)CCCNC(=O)C[*:2]
CN(CCCNC(=O)CNc1cccc2c1C(=O)N(C1CCC(=O)NC1=O)C2=O)C(C)(C)/C=C/C(=O)N1CCC[C@@H](n2nc(-c3ccc(Oc4ccccc4)cc3)c3c(N)ncnc32)C1,[*:1]/C=C/C(=O)N1CCC[C@@H](n2nc(-c3ccc(Oc4ccccc4)cc3)c3c(N)ncnc32)C1,[*:2]Nc1cccc2c1C(=O)N(C1CCC(=O)NC1=O)C2=O,[*:1]C(C)(C)N(C)CCCNC(=O)C[*:2]
CN(C/C=C/C(=O)N1CCC[C@@H](n2nc(-c3ccc(Oc4ccccc4)cc3)c3c(N)ncnc32)C1)CCOCCNC(=O)CNc1ccc2c(c1)C(=O)N(C1CCC(=O)NC1=O)C2=O,[*:1]/C=C/C(=O)N1CCC[C@@H](n2nc(-c3ccc(Oc4ccccc4)cc3)c3c(N)ncnc32)C1,[*:2]Nc1ccc2c(c1)C(=O)N(C1CCC(=O)NC1=O)C2=O,[*:1]CN(C)CCOCCNC(=O)C[*:2]
CN(CCCC(=O)N1CCC[C@@H](n2nc(-c3ccc(Oc4ccccc4)cc3)c3c(N)ncnc32)C1)CCOCCNC(=O)CNc1ccc2c(c1)C(=O)N(C1CCC(=O)NC1=O)C2=O,[*:1]N1CCC[C@@H](n2nc(-c3ccc(Oc4ccccc4)cc3)c3c(N)ncnc32)C1,[*:2]Nc1ccc2c(c1)C(=O)N(C1CCC(=O)NC1=O)C2=O,[*:1]C(=O)CCCN(C)CCOCCNC(=O)C[*:2]
CN(CCOCCNC(=O)CNc1ccc2c(c1)C(=O)N(C1CCC(=O)NC1=O)C2=O)C(C)(C)/C=C(\C#N)C(=O)N1CCC[C@@H](n2nc(-c3ccc(Oc4ccccc4)cc3)c3c(N)ncnc32)C1,[*:1]N1CCC[C@@H](n2nc(-c3ccc(Oc4ccccc4)cc3)c3c(N)ncnc32)C1,[*:2]Nc1ccc2c(c1)C(=O)N(C1CCC(=O)NC1=O)C2=O,[*:1]C(=O)/C(C#N)=C/C(C)(C)N(C)CCOCCNC(=O)C[*:2]
CCCNc1nc(Nc2ccc(C#N)cc2)ncc1C#CCCCNC(=O)[C@H](C)N(C)C(=O)/C=C/CN(C)CCCNC(=O)CCNc1cccc2c1C(=O)N(C1CCC(=O)NC1=O)C2=O,[*:1]CN(C)C/C=C/C(=O)N(C)[C@@H](C)C(=O)NCCCC#Cc1cnc(Nc2ccc(C#N)cc2)nc1NCCC,[*:2]Nc1cccc2c1C(=O)N(C1CCC(=O)NC1=O)C2=O,[*:1]CCNC(=O)CC[*:2]
CCCNc1nc(Nc2ccc(C#N)cc2)ncc1C#CCCCNC(=O)[C@H](C)N(C)C(=O)/C(C#N)=C/C(C)(C)N(C)CCCNC(=O)CCNc1cccc2c1C(=O)N(C1CCC(=O)NC1=O)C2=O,[*:1]CN(C)C(C)(C)/C=C(\C#N)C(=O)N(C)[C@@H](C)C(=O)NCCCC#Cc1cnc(Nc2ccc(C#N)cc2)nc1NCCC,[*:2]Nc1cccc2c1C(=O)N(C1CCC(=O)NC1=O)C2=O,[*:1]CCNC(=O)CC[*:2]
N#Cc1cccc(-c2c[nH]c3ncnc(N4CCOC(CNC(=O)CCCC(=O)Nc5cccc6c5C(=O)N(C5CCC(=O)NC5=O)C6=O)C4)c23)c1,[*:1]C1CN(c2ncnc3[nH]cc(-c4cccc(C#N)c4)c23)CCO1,[*:2]Nc1cccc2c1C(=O)N(C1CCC(=O)NC1=O)C2=O,[*:1]CNC(=O)CCCC([*:2])=O
N#Cc1cccc(-c2c[nH]c3ncnc(N4CCOC(CC(=O)NCCCNc5cccc6c5C(=O)N(C5CCC(=O)NC5=O)C6=O)C4)c23)c1,[*:1]C1CN(c2ncnc3[nH]cc(-c4cccc(C#N)c4)c23)CCO1,[*:2]Nc1cccc2c1C(=O)N(C1CCC(=O)NC1=O)C2=O,[*:1]CC(=O)NCCC[*:2]
N#Cc1cccc(-c2c[nH]c3ncnc(N4CCOC(C(=O)NCC5CCN(CC(=O)Nc6cccc7c6C(=O)N(C6CCC(=O)NC6=O)C7=O)CC5)C4)c23)c1,[*:1]C1CN(c2ncnc3[nH]cc(-c4cccc(C#N)c4)c23)CCO1,[*:2]Nc1cccc2c1C(=O)N(C1CCC(=O)NC1=O)C2=O,[*:1]C(=O)NCC1CCN(CC([*:2])=O)CC1
CCNc1nc(Nc2cc(F)c(C(=O)N3CCOC(CNC(=O)CCCC(=O)Nc4cccc5c4C(=O)N(C4CCC(=O)NC4=O)C5=O)C3)cc2OC)ncc1C(F)(F)F,[*:1]C1CN(C(=O)c2cc(OC)c(Nc3ncc(C(F)(F)F)c(NCC)n3)cc2F)CCO1,[*:2]Nc1cccc2c1C(=O)N(C1CCC(=O)NC1=O)C2=O,[*:1]CNC(=O)CCCC([*:2])=O
CC(C)C[C@H](NC(=O)[C@@H](O)[C@H](N)Cc1ccccc1)C(=O)NCCCCCC(=O)Nc1ccc(NC(=O)CCCCCCC(=O)NO)cc1,[*:1]c1ccc(NC(=O)CCCCCCC(=O)NO)cc1,[*:2]CNC(=O)[C@H](CC(C)C)NC(=O)[C@@H](O)[C@H](N)Cc1ccccc1,[*:1]NC(=O)CCCC[*:2]
CC(C)C[C@H](NC(=O)[C@@H](O)[C@H](N)Cc1ccccc1)C(=O)NCCOCCOCCNC(=O)c1cccc(C(=O)NO)c1,[*:1]CNC(=O)c1cccc(C(=O)NO)c1,[*:2]CNC(=O)[C@H](CC(C)C)NC(=O)[C@@H](O)[C@H](N)Cc1ccccc1,[*:1]COCCOC[*:2]
CC(C)C[C@H](NC(=O)[C@@H](O)[C@H](N)Cc1ccccc1)C(=O)NCCOCCOCC(=O)Nc1cccc(C(=O)NO)c1,[*:1]C(=O)NO,[*:2]CNC(=O)[C@H](CC(C)C)NC(=O)[C@@H](O)[C@H](N)Cc1ccccc1,[*:1]c1cccc(NC(=O)COCCOC[*:2])c1
CS(=O)(=O)c1cccc(CNc2nc(Nc3ccc(C(=O)NCCCCCCCCNC(=O)COc4cccc5c4C(=O)N(C4CCC(=O)NC4=O)C5=O)cc3)ncc2C(F)(F)F)c1,[*:1]NC(=O)c1ccc(Nc2ncc(C(F)(F)F)c(NCc3cccc(S(C)(=O)=O)c3)n2)cc1,[*:2]c1cccc2c1C(=O)N(C1CCC(=O)NC1=O)C2=O,[*:1]CCCCCCCCNC(=O)CO[*:2]
CNC(=O)c1ccccc1Nc1cc(Nc2cc(C)c(C3CCN(CCCCCCNC(=O)COc4cccc5c4C(=O)N(C4CCC(=O)NC4=O)C5=O)CC3)cc2OC(C)C)ncc1C(F)(F)F,[*:1]N1CCC(c2cc(OC(C)C)c(Nc3cc(Nc4ccccc4C(=O)NC)c(C(F)(F)F)cn3)cc2C)CC1,[*:2]c1cccc2c1C(=O)N(C1CCC(=O)NC1=O)C2=O,[*:1]CCCCCCNC(=O)CO[*:2]
Cc1ncsc1-c1ccc(CNC(=O)[C@@H]2C[C@@H](O)CN2C(=O)[C@@H](NC(=O)C2(F)CC2)C(C)(C)C)c(OCCc2ccc(OCCN3CCN(c4cc(-c5ccccc5O)nnc4N)CC3)cc2)c1,[*:1]N1CCN(c2cc(-c3ccccc3O)nnc2N)CC1,[*:2]Oc1cc(-c2scnc2C)ccc1CNC(=O)[C@@H]1C[C@@H](O)CN1C(=O)[C@@H](NC(=O)C1(F)CC1)C(C)(C)C,[*:1]CCOc1ccc(CC[*:2])cc1
Cc1ncsc1-c1ccc(CNC(=O)[C@@H]2C[C@@H](O)CN2C(=O)[C@@H](NC(=O)C2(F)CC2)C(C)(C)C)c(OCCCOc2ccc(CN3CCN(c4cc(-c5ccccc5O)nnc4N)CC3)cc2)c1,[*:1]N1CCN(c2cc(-c3ccccc3O)nnc2N)CC1,[*:2]Oc1cc(-c2scnc2C)ccc1CNC(=O)[C@@H]1C[C@@H](O)CN1C(=O)[C@@H](NC(=O)C1(F)CC1)C(C)(C)C,[*:1]Cc1ccc(OCCC[*:2])cc1
Cc1ncsc1-c1ccc(CNC(=O)[C@@H]2C[C@@H](O)CN2C(=O)[C@@H](NC(=O)C2(F)CC2)C(C)(C)C)c(OCCCc2ccc(CN3CCN(c4cc(-c5ccccc5O)nnc4N)CC3)cc2)c1,[*:1]N1CCN(c2cc(-c3ccccc3O)nnc2N)CC1,[*:2]Oc1cc(-c2scnc2C)ccc1CNC(=O)[C@@H]1C[C@@H](O)CN1C(=O)[C@@H](NC(=O)C1(F)CC1)C(C)(C)C,[*:1]Cc1ccc(CCC[*:2])cc1
Cc1ncsc1-c1ccc(CNC(=O)[C@@H]2C[C@@H](O)CN2C(=O)[C@@H](NC(=O)C2(F)CC2)C(C)(C)C)c(OCCc2ccc(CN3CCN(c4cc(-c5ccccc5O)nnc4N)CC3)c(F)c2)c1,[*:1]N1CCN(c2cc(-c3ccccc3O)nnc2N)CC1,[*:2]Oc1cc(-c2scnc2C)ccc1CNC(=O)[C@@H]1C[C@@H](O)CN1C(=O)[C@@H](NC(=O)C1(F)CC1)C(C)(C)C,[*:1]Cc1ccc(CC[*:2])cc1F
Cc1[nH]nc(Nc2cc(NCCCNC(=O)CCCCCCNC(=O)COc3cccc4c3C(=O)N(C3CCC(=O)NC3=O)C4=O)nc(Nc3ccc(CC#N)cc3)n2)c1C,[*:1]c1cc(Nc2n[nH]c(C)c2C)nc(Nc2ccc(CC#N)cc2)n1,[*:2]c1cccc2c1C(=O)N(C1CCC(=O)NC1=O)C2=O,[*:1]NCCCNC(=O)CCCCCCNC(=O)CO[*:2]
CCc1c[nH]nc1Nc1cc(NCCCNC(=O)CCCCCCNC(=O)COc2cccc3c2C(=O)N(C2CCC(=O)NC2=O)C3=O)nc(Nc2ccc(CC#N)cc2)n1,[*:1]c1cc(Nc2n[nH]cc2CC)nc(Nc2ccc(CC#N)cc2)n1,[*:2]c1cccc2c1C(=O)N(C1CCC(=O)NC1=O)C2=O,[*:1]NCCCNC(=O)CCCCCCNC(=O)CO[*:2]
Cc1ncsc1-c1ccc([C@H](C)NC(=O)[C@@H]2C[C@@H](O)CN2C(=O)[C@@H](NC(=O)CCCCCCCC(=O)NCCCNc2cc(Nc3cc(C4CC4)[nH]n3)nc(Nc3ccc(CC#N)cc3)n2)C(C)(C)C)cc1,[*:1]CNc1cc(Nc2cc(C3CC3)[nH]n2)nc(Nc2ccc(CC#N)cc2)n1,[*:2]CC(=O)N[C@H](C(=O)N1C[C@H](O)C[C@H]1C(=O)N[C@@H](C)c1ccc(-c2scnc2C)cc1)C(C)(C)C,[*:1]CCNC(=O)CCCCCC[*:2]
O=C1CCC(N2C(=O)c3cccc(NCCCCn4cc(-c5ccc(-c6cncc(Cl)c6N6CCC7(CCNC7=O)CC6)cc5)cn4)c3C2=O)C(=O)N1,[*:1]Cn1cc(-c2ccc(-c3cncc(Cl)c3N3CCC4(CCNC4=O)CC3)cc2)cn1,[*:2]Nc1cccc2c1C(=O)N(C1CCC(=O)NC1=O)C2=O,[*:1]CCC[*:2]
O=C(COc1cccc2c1C(=O)N(C1CCC(=O)NC1=O)C2=O)NCCCCCCCN1CCc2cc(Nc3ncc(C4CC4)c(NCCCNC(=O)C4CCC4)n3)ccc2C1,[*:1]CN1CCc2cc(Nc3ncc(C4CC4)c(NCCCNC(=O)C4CCC4)n3)ccc2C1,[*:2]c1cccc2c1C(=O)N(C1CCC(=O)NC1=O)C2=O,[*:1]CCCCCCNC(=O)CO[*:2]
Cc1ncsc1-c1ccc([C@H](C)NC(=O)[C@@H]2C[C@@H](O)CN2C(=O)[C@@H](NC(=O)CCCCCN2CCc3cc(Nc4ncc(C5CC5)c(NCCCNC(=O)C5CCC5)n4)ccc3C2)C(C)(C)C)cc1,[*:1]CN1CCc2cc(Nc3ncc(C4CC4)c(NCCCNC(=O)C4CCC4)n3)ccc2C1,[*:2]CC(=O)N[C@H](C(=O)N1C[C@H](O)C[C@H]1C(=O)N[C@@H](C)c1ccc(-c2scnc2C)cc1)C(C)(C)C,[*:1]CCC[*:2]
O=C(CNC(=O)c1cccc(-c2cc(Nc3ccc(OC(F)(F)F)cc3)ncn2)c1)NCCCOCCOCCOCCCNC(=O)COc1cccc2c1C(=O)N(C1CCC(=O)NC1=O)C2=O,[*:1]NC(=O)c1cccc(-c2cc(Nc3ccc(OC(F)(F)F)cc3)ncn2)c1,[*:2]c1cccc2c1C(=O)N(C1CCC(=O)NC1=O)C2=O,[*:1]CC(=O)NCCCOCCOCCOCCCNC(=O)CO[*:2]
CS(=O)(=O)Nc1cccc(-c2csc3cnc(Nc4ccc(N5CCN(CCCCCOc6cccc7c6C(=O)N(C6CCC(=O)NC6=O)C7=O)CC5)cc4)nc23)c1,[*:1]CCN1CCN(c2ccc(Nc3ncc4scc(-c5cccc(NS(C)(=O)=O)c5)c4n3)cc2)CC1,[*:2]c1cccc2c1C(=O)N(C1CCC(=O)NC1=O)C2=O,[*:1]CCCO[*:2]
Cc1ccc(NC(=O)c2cccc(C(C)(C)C#N)c2)cc1Nc1ccc2ncn(CCOCCOCCC(=O)N[C@H](C(=O)N3C[C@H](O)C[C@H]3C(=O)NCc3ccc(-c4scnc4C)cc3)C(C)(C)C)c(=O)c2c1,[*:1]Cn1cnc2ccc(Nc3cc(NC(=O)c4cccc(C(C)(C)C#N)c4)ccc3C)cc2c1=O,[*:2]CC(=O)N[C@H](C(=O)N1C[C@H](O)C[C@H]1C(=O)NCc1ccc(-c2scnc2C)cc1)C(C)(C)C,[*:1]COCCOC[*:2]
CC(C)(C)c1nc(-c2cccc(NS(=O)(=O)c3c(F)cccc3F)c2F)c(-c2ccnc(NCCOCCNC(=O)CCOCCOCCNc3cccc4c3C(=O)N(C3CCC(=O)NC3=O)C4=O)n2)s1,[*:1]Nc1nccc(-c2sc(C(C)(C)C)nc2-c2cccc(NS(=O)(=O)c3c(F)cccc3F)c2F)n1,[*:2]Nc1cccc2c1C(=O)N(C1CCC(=O)NC1=O)C2=O,[*:1]CCOCCNC(=O)CCOCCOCC[*:2]
CC(C)(C)c1nc(-c2cccc(NS(=O)(=O)c3c(F)cccc3F)c2F)c(-c2ccnc(NCCOCCNC(=O)CCOCCOCCNc3cccc4c3CN(C3CCC(=O)NC3=O)C4=O)n2)s1,[*:1]Nc1nccc(-c2sc(C(C)(C)C)nc2-c2cccc(NS(=O)(=O)c3c(F)cccc3F)c2F)n1,[*:2]Nc1cccc2c1CN(C1CCC(=O)NC1=O)C2=O,[*:1]CCOCCNC(=O)CCOCCOCC[*:2]
Nc1ncnc2c1c(-c1ccc(Oc3ccccc3)cc1)nn2[C@@H]1CCCN(C(=O)CCCN2CCN(CCNC(=O)CCOCCOCCNc3cccc4c3C(=O)N(C3CCC(=O)NC3=O)C4=O)CC2)C1,[*:1]N1CCC[C@@H](n2nc(-c3ccc(Oc4ccccc4)cc3)c3c(N)ncnc32)C1,[*:2]Nc1cccc2c1C(=O)N(C1CCC(=O)NC1=O)C2=O,[*:1]C(=O)CCCN1CCN(CCNC(=O)CCOCCOCC[*:2])CC1
Cc1ncsc1-c1ccc([C@H](C)NC(=O)[C@@H]2C[C@@H](O)CN2C(=O)[C@@H](NC(=O)CCOCCOCCNc2nccc(-c3sc(C(C)(C)C)nc3-c3cccc(NS(=O)(=O)c4c(F)cccc4F)c3F)n2)C(C)(C)C)cc1,[*:1]Nc1nccc(-c2sc(C(C)(C)C)nc2-c2cccc(NS(=O)(=O)c3c(F)cccc3F)c2F)n1,[*:2]CC(=O)N[C@H](C(=O)N1C[C@H](O)C[C@H]1C(=O)N[C@@H](C)c1ccc(-c2scnc2C)cc1)C(C)(C)C,[*:1]CCOCCOC[*:2]
Cc1ncsc1-c1ccc([C@H](C)NC(=O)[C@@H]2C[C@@H](O)CN2C(=O)[C@@H](NC(=O)COCCOCCOCCNC(=O)c2ccc(NC(=O)C3(C(=O)Nc4cc(F)c(Oc5ccnc(-c6cnn(C)c6)c5)cc4F)CC3)cc2)C(C)(C)C)cc1,[*:1]c1ccc(NC(=O)C2(C(=O)Nc3cc(F)c(Oc4ccnc(-c5cnn(C)c5)c4)cc3F)CC2)cc1,[*:2]CC(=O)N[C@H](C(=O)N1C[C@H](O)C[C@H]1C(=O)N[C@@H](C)c1ccc(-c2scnc2C)cc1)C(C)(C)C,[*:1]C(=O)NCCOCCOCCO[*:2]
O=C1CCC(N2C(=O)c3cccc(NCCOCCOCCOCCOCCC(=O)Nc4cccc(CN5CCC(NC(=O)c6[nH]ncc6NC(=O)c6c(Cl)cccc6Cl)CC5)c4)c3C2=O)C(=O)N1,[*:1]N1CCC(NC(=O)c2[nH]ncc2NC(=O)c2c(Cl)cccc2Cl)CC1,[*:2]Nc1cccc2c1C(=O)N(C1CCC(=O)NC1=O)C2=O,[*:1]Cc1cccc(NC(=O)CCOCCOCCOCCOCC[*:2])c1
COc1cc(N2CCN(CCOCCOCCC(=O)N[C@H](C(=O)N3C[C@H](O)C[C@H]3C(=O)N[C@@H](C)c3ccc(-c4scnc4C)cc3)C(C)(C)C)CC2)ccc1Nc1ncc2c(n1)N(C)c1ccccc1C(=O)N2CC(F)(F)F,[*:1]CN1CCN(c2ccc(Nc3ncc4c(n3)N(C)c3ccccc3C(=O)N4CC(F)(F)F)c(OC)c2)CC1,[*:2]CC(=O)N[C@H](C(=O)N1C[C@H](O)C[C@H]1C(=O)N[C@@H](C)c1ccc(-c2scnc2C)cc1)C(C)(C)C,[*:1]COCCOC[*:2]
Cc1ncsc1-c1ccc([C@H](C)NC(=O)[C@@H]2C[C@@H](O)CN2C(=O)[C@@H](NC(=O)CCOCCOCCN2CCN(c3ccc(Nc4ncc(Cl)c(Nc5ccccc5S(=O)(=O)C(C)C)n4)cc3)CC2)C(C)(C)C)cc1,[*:1]CN1CCN(c2ccc(Nc3ncc(Cl)c(Nc4ccccc4S(=O)(=O)C(C)C)n3)cc2)CC1,[*:2]CC(=O)N[C@H](C(=O)N1C[C@H](O)C[C@H]1C(=O)N[C@@H](C)c1ccc(-c2scnc2C)cc1)C(C)(C)C,[*:1]COCCOC[*:2]
Cc1ccc(NC(=O)c2ccc(CN3CCN(CC(=O)NCCCCCCCCNC(=O)COc4cccc5c4C(=O)N(C4CCC(=O)NC4=O)C5=O)CC3)cc2)cc1Nc1nccc(-c2cccnc2)n1,[*:1]CN1CCN(Cc2ccc(C(=O)Nc3ccc(C)c(Nc4nccc(-c5cccnc5)n4)c3)cc2)CC1,[*:2]c1cccc2c1C(=O)N(C1CCC(=O)NC1=O)C2=O,[*:1]C(=O)NCCCCCCCCNC(=O)CO[*:2]
O=C(COc1cccc2c1C(=O)N(C1CCC(=O)NC1=O)C2=O)NCCCCCCCC(=O)NC1(c2ccc(-c3nc4ccn5c(=O)[nH]nc5c4cc3-c3ccccc3)cc2)CCC1,[*:1]NC1(c2ccc(-c3nc4ccn5c(=O)[nH]nc5c4cc3-c3ccccc3)cc2)CCC1,[*:2]c1cccc2c1C(=O)N(C1CCC(=O)NC1=O)C2=O,[*:1]C(=O)CCCCCCCNC(=O)CO[*:2]
Cc1ncsc1-c1ccc([C@H](C)NC(=O)[C@@H]2C[C@@H](O)CN2C(=O)[C@@H](NC(=O)CCCCCCCCCOc2cccc(-c3ccc4nc(-c5cccnc5N)n(-c5ccc(CN)cc5)c4n3)c2)C(C)(C)C)cc1,[*:1]c1cccc(-c2ccc3nc(-c4cccnc4N)n(-c4ccc(CN)cc4)c3n2)c1,[*:2]CC(=O)N[C@H](C(=O)N1C[C@H](O)C[C@H]1C(=O)N[C@@H](C)c1ccc(-c2scnc2C)cc1)C(C)(C)C,[*:1]OCCCCCCCC[*:2]
Cc1ncsc1-c1ccc([C@H](C)NC(=O)[C@@H]2C[C@@H](O)CN2C(=O)[C@@H](NC(=O)CCOCCOCCNC[C@H](Cc2cccc(F)c2)NC(=O)c2cc(-c3c(Cl)cnn3C)c(Cl)s2)C(C)(C)C)cc1,[*:1]NC[C@H](Cc1cccc(F)c1)NC(=O)c1cc(-c2c(Cl)cnn2C)c(Cl)s1,[*:2]CC(=O)N[C@H](C(=O)N1C[C@H](O)C[C@H]1C(=O)N[C@@H](C)c1ccc(-c2scnc2C)cc1)C(C)(C)C,[*:1]CCOCCOC[*:2]
Cc1ncsc1-c1ccc([C@H](C)NC(=O)[C@@H]2C[C@@H](O)CN2C(=O)[C@@H](NC(=O)CCCCOc2ccccc2-c2ccc3nc(-c4cccnc4N)n(-c4ccc(C5(N)CCC5)cc4)c3n2)C(C)(C)C)cc1,[*:1]c1ccccc1-c1ccc2nc(-c3cccnc3N)n(-c3ccc(C4(N)CCC4)cc3)c2n1,[*:2]CC(=O)N[C@H](C(=O)N1C[C@H](O)C[C@H]1C(=O)N[C@@H](C)c1ccc(-c2scnc2C)cc1)C(C)(C)C,[*:1]OCCC[*:2]
Cc1cnc(Nc2ccc(N3CCN(CCOCCOCCNC(=O)COc4cccc5c4C(=O)N(C4CCC(=O)NC4=O)C5=O)CC3)cc2)nc1Nc1cccc(S(=O)(=O)NC(C)(C)C)c1,[*:1]CN1CCN(c2ccc(Nc3ncc(C)c(Nc4cccc(S(=O)(=O)NC(C)(C)C)c4)n3)cc2)CC1,[*:2]c1cccc2c1C(=O)N(C1CCC(=O)NC1=O)C2=O,[*:1]COCCOCCNC(=O)CO[*:2]
CS(=O)(=O)c1ccc(-c2cccn3nc(Nc4cccc(N5CCN(CCCCCCNC(=O)COc6cccc7c6C(=O)N(C6CCC(=O)NC6=O)C7=O)CC5)c4)nc23)cc1,[*:1]N1CCN(c2cccc(Nc3nc4c(-c5ccc(S(C)(=O)=O)cc5)cccn4n3)c2)CC1,[*:2]c1cccc2c1C(=O)N(C1CCC(=O)NC1=O)C2=O,[*:1]CCCCCCNC(=O)CO[*:2]
Cc1cnc(Nc2ccc(N3CCN(CCOCCOCCC(=O)N[C@H](C(=O)N4C[C@H](O)C[C@H]4C(=O)N[C@@H](C)c4ccc(-c5scnc5C)cc4)C(C)(C)C)CC3)cc2)nc1Nc1cccc(S(=O)(=O)NC(C)(C)C)c1,[*:1]CN1CCN(c2ccc(Nc3ncc(C)c(Nc4cccc(S(=O)(=O)NC(C)(C)C)c4)n3)cc2)CC1,[*:2]CC(=O)N[C@H](C(=O)N1C[C@H](O)C[C@H]1C(=O)N[C@@H](C)c1ccc(-c2scnc2C)cc1)C(C)(C)C,[*:1]COCCOC[*:2]
Cc1cnc(Nc2ccc(N3CCN(CCCCCCC(=O)N[C@H](C(=O)N4C[C@H](O)C[C@H]4C(=O)N[C@@H](C)c4ccc(-c5scnc5C)cc4)C(C)(C)C)CC3)cc2)nc1Nc1cccc(S(=O)(=O)NC(C)(C)C)c1,[*:1]CN1CCN(c2ccc(Nc3ncc(C)c(Nc4cccc(S(=O)(=O)NC(C)(C)C)c4)n3)cc2)CC1,[*:2]CC(=O)N[C@H](C(=O)N1C[C@H](O)C[C@H]1C(=O)N[C@@H](C)c1ccc(-c2scnc2C)cc1)C(C)(C)C,[*:1]CCCC[*:2]
Cc1ncsc1-c1ccc([C@H](C)NC(=O)[C@@H]2C[C@@H](O)CN2C(=O)[C@@H](NC(=O)CCCCCCN2CCN(c3cccc(Nc4nc5c(-c6ccc(S(C)(=O)=O)cc6)cccn5n4)c3)CC2)C(C)(C)C)cc1,[*:1]N1CCN(c2cccc(Nc3nc4c(-c5ccc(S(C)(=O)=O)cc5)cccn4n3)c2)CC1,[*:2]CC(=O)N[C@H](C(=O)N1C[C@H](O)C[C@H]1C(=O)N[C@@H](C)c1ccc(-c2scnc2C)cc1)C(C)(C)C,[*:1]CCCCC[*:2]
CC(C)S(=O)(=O)c1ccccc1Nc1nc(Nc2ccc(N3CCN(CCOCCOCCNC(=O)CNc4ccc5c(c4)C(=O)N(C4CCC(=O)NC4=O)C5=O)CC3)cc2)ncc1Cl,[*:1]CN1CCN(c2ccc(Nc3ncc(Cl)c(Nc4ccccc4S(=O)(=O)C(C)C)n3)cc2)CC1,[*:2]Nc1ccc2c(c1)C(=O)N(C1CCC(=O)NC1=O)C2=O,[*:1]COCCOCCNC(=O)C[*:2]
O=C1CCC(N2C(=O)c3cccc(NCCCCCCCCN4CCC(NC(=O)c5[nH]ncc5NC(=O)c5c(Cl)cccc5Cl)CC4)c3C2=O)C(=O)N1,[*:1]N1CCC(NC(=O)c2[nH]ncc2NC(=O)c2c(Cl)cccc2Cl)CC1,[*:2]Nc1cccc2c1C(=O)N(C1CCC(=O)NC1=O)C2=O,[*:1]CCCCCCCC[*:2]
CS(=O)(=O)Nc1cccc(-c2csc3cnc(Nc4ccc(N5CCN(CCOCCOCCOc6cccc7c6C(=O)N(C6CCC(=O)NC6=O)C7=O)CC5)cc4)nc23)c1,[*:1]CCN1CCN(c2ccc(Nc3ncc4scc(-c5cccc(NS(C)(=O)=O)c5)c4n3)cc2)CC1,[*:2]c1cccc2c1C(=O)N(C1CCC(=O)NC1=O)C2=O,[*:1]OCCOCCO[*:2]
Cc1ncsc1-c1ccc([C@H](C)NC(=O)[C@@H]2C[C@@H](O)CN2C(=O)[C@@H](NC(=O)CCCCCN2CCN(c3ccc(Nc4ncc5scc(-c6cccc(NS(C)(=O)=O)c6)c5n4)cc3)CC2)C(C)(C)C)cc1,[*:1]CCN1CCN(c2ccc(Nc3ncc4scc(-c5cccc(NS(C)(=O)=O)c5)c4n3)cc2)CC1,[*:2]CC(=O)N[C@H](C(=O)N1C[C@H](O)C[C@H]1C(=O)N[C@@H](C)c1ccc(-c2scnc2C)cc1)C(C)(C)C,[*:1]CC[*:2]
Cc1ccc(C(=O)Nc2ccc(CN3CCN(CCCOCCOCCOCCNC(=O)COc4cccc5c4C(=O)N(C4CCC(=O)NC4=O)C5=O)CC3)c(C(F)(F)F)c2)cc1C#Cc1cnc2cccnn12,[*:1]CN1CCN(Cc2ccc(NC(=O)c3ccc(C)c(C#Cc4cnc5cccnn45)c3)cc2C(F)(F)F)CC1,[*:2]c1cccc2c1C(=O)N(C1CCC(=O)NC1=O)C2=O,[*:1]CCOCCOCCOCCNC(=O)CO[*:2]
N#CCc1ccc(Nc2nc(NCCCNC(=O)CCCCCCNC(=O)COc3cccc4c3C(=O)N(C3CCC(=O)NC3=O)C4=O)cc(Nc3cc(C4CC4)n[nH]3)n2)cc1,[*:1]CNc1cc(Nc2cc(C3CC3)n[nH]2)nc(Nc2ccc(CC#N)cc2)n1,[*:2]c1cccc2c1C(=O)N(C1CCC(=O)NC1=O)C2=O,[*:1]CCNC(=O)CCCCCCNC(=O)CO[*:2]
Cn1c(=O)c(-c2c(Cl)cccc2Cl)cc2cnc(Nc3ccc(OCCNC(=O)CCCCCCNC(=O)COc4cccc5c4C(=O)N(C4CCC(=O)NC4=O)C5=O)cc3)nc21,[*:1]NCCOc1ccc(Nc2ncc3cc(-c4c(Cl)cccc4Cl)c(=O)n(C)c3n2)cc1,[*:2]c1cccc2c1C(=O)N(C1CCC(=O)NC1=O)C2=O,[*:1]C(=O)CCCCCCNC(=O)CO[*:2]
O=C(CCCCCCNC(=O)COc1cccc2c1C(=O)N(C1CCC(=O)NC1=O)C2=O)NCCOc1ccc(Nc2ncc3ccc(=O)n(C4CC5CCC4C5)c3n2)cc1,[*:1]c1ccc(Nc2ncc3ccc(=O)n(C4CC5CCC4C5)c3n2)cc1,[*:2]c1cccc2c1C(=O)N(C1CCC(=O)NC1=O)C2=O,[*:1]OCCNC(=O)CCCCCCNC(=O)CO[*:2]
CC(C)S(=O)(=O)c1ccccc1Nc1nc(Nc2ccc(N3CCN(CCOCCOCCOCCNC(=O)CNc4cccc5c4C(=O)N(C4CCC(=O)NC4=O)C5=O)CC3)cc2)ncc1Cl,[*:1]CN1CCN(c2ccc(Nc3ncc(Cl)c(Nc4ccccc4S(=O)(=O)C(C)C)n3)cc2)CC1,[*:2]Nc1cccc2c1C(=O)N(C1CCC(=O)NC1=O)C2=O,[*:1]COCCOCCOCCNC(=O)C[*:2]
CC(C)S(=O)(=O)c1ccccc1Nc1nc(Nc2ccc(N3CCN(CCOCCOCCOCCNC(=O)CNc4ccc5c(c4)C(=O)N(C4CCC(=O)NC4=O)C5=O)CC3)cc2)ncc1Cl,[*:1]CN1CCN(c2ccc(Nc3ncc(Cl)c(Nc4ccccc4S(=O)(=O)C(C)C)n3)cc2)CC1,[*:2]Nc1ccc2c(c1)C(=O)N(C1CCC(=O)NC1=O)C2=O,[*:1]COCCOCCOCCNC(=O)C[*:2]
CC(C)S(=O)(=O)c1ccccc1Nc1nc(Nc2ccc(N3CCN(CCOCCNC(=O)CNc4cccc5c4C(=O)N(C4CCC(=O)NC4=O)C5=O)CC3)cc2)ncc1Cl,[*:1]CN1CCN(c2ccc(Nc3ncc(Cl)c(Nc4ccccc4S(=O)(=O)C(C)C)n3)cc2)CC1,[*:2]Nc1cccc2c1C(=O)N(C1CCC(=O)NC1=O)C2=O,[*:1]COCCNC(=O)C[*:2]
CC(C)S(=O)(=O)c1ccccc1Nc1nc(Nc2ccc(N3CCN(CCOCCNC(=O)CNc4ccc5c(c4)C(=O)N(C4CCC(=O)NC4=O)C5=O)CC3)cc2)ncc1Cl,[*:1]CN1CCN(c2ccc(Nc3ncc(Cl)c(Nc4ccccc4S(=O)(=O)C(C)C)n3)cc2)CC1,[*:2]Nc1ccc2c(c1)C(=O)N(C1CCC(=O)NC1=O)C2=O,[*:1]COCCNC(=O)C[*:2]
Cc1ccc(C(=O)Nc2ccc(CN3CCN(CCOCCOCCNC(=O)CNc4cccc5c4C(=O)N(C4CCC(=O)NC4=O)C5=O)CC3)c(C(F)(F)F)c2)cc1C#Cc1cnc2cccnn12,[*:1]CN1CCN(Cc2ccc(NC(=O)c3ccc(C)c(C#Cc4cnc5cccnn45)c3)cc2C(F)(F)F)CC1,[*:2]Nc1cccc2c1C(=O)N(C1CCC(=O)NC1=O)C2=O,[*:1]COCCOCCNC(=O)C[*:2]
CC(C)(C)c1cc(NC(=O)Nc2ccc(Oc3ccnc(C(=O)NCCOCCOCCNC(=O)CNc4cccc5c4C(=O)N(C4CCC(=O)NC4=O)C5=O)c3)cc2F)n(-c2ccc3ncccc3c2)n1,[*:1]CNC(=O)c1cc(Oc2ccc(NC(=O)Nc3cc(C(C)(C)C)nn3-c3ccc4ncccc4c3)c(F)c2)ccn1,[*:2]Nc1cccc2c1C(=O)N(C1CCC(=O)NC1=O)C2=O,[*:1]COCCOCCNC(=O)C[*:2]
Nc1ncc(-c2ccc(S(=O)(=O)N(CCCNC(=O)CCOCCOCCOCCOCCOCCNc3cccc4c3C(=O)N(C3CCC(=O)NC3=O)C4=O)C3CC3)cc2F)cc1-c1ccc2c(c1)CCNC2=O,[*:1]N(C1CC1)S(=O)(=O)c1ccc(-c2cnc(N)c(-c3ccc4c(c3)CCNC4=O)c2)c(F)c1,[*:2]Nc1cccc2c1C(=O)N(C1CCC(=O)NC1=O)C2=O,[*:1]CCCNC(=O)CCOCCOCCOCCOCCOCC[*:2]
Cc1ncsc1-c1ccc(CNC(=O)[C@H]2C[C@H](O)CN2C(=O)[C@@H](NC(=O)CCOCCOCCOCCN2CCC(C(=O)Nc3ncc(SCc4ncc(C(C)(C)C)o4)s3)CC2)C(C)(C)C)cc1,[*:1]N1CCC(C(=O)Nc2ncc(SCc3ncc(C(C)(C)C)o3)s2)CC1,[*:2]CC(=O)N[C@H](C(=O)N1C[C@@H](O)C[C@@H]1C(=O)NCc1ccc(-c2scnc2C)cc1)C(C)(C)C,[*:1]CCOCCOCCOC[*:2]
O=C(CN1CCC(SCc2nc3cc(NC4CCCC4)cc(F)c3c(=O)[nH]2)CC1)NCCCCCCNc1cccc2c1C(=O)N(C1CCC(=O)NC1=O)C2=O,[*:1]N1CCC(SCc2nc3cc(NC4CCCC4)cc(F)c3c(=O)[nH]2)CC1,[*:2]Nc1cccc2c1C(=O)N(C1CCC(=O)NC1=O)C2=O,[*:1]CC(=O)NCCCCCC[*:2]
CC(C)S(=O)(=O)c1ccccc1Nc1nc(N[C@@H]2CCCN(CCCCCCCNC(=O)COc3cccc4c3C(=O)N(C3CCC(=O)NC3=O)C4=O)C2)ncc1Cl,[*:1]N1CCC[C@@H](Nc2ncc(Cl)c(Nc3ccccc3S(=O)(=O)C(C)C)n2)C1,[*:2]c1cccc2c1C(=O)N(C1CCC(=O)NC1=O)C2=O,[*:1]CCCCCCCNC(=O)CO[*:2]
CC1(C)[C@H](NC(=O)c2ccc(OCC(=O)NCCCOCCOCCOCCCN(C(=O)CCl)C(C(=O)NCc3ccccc3)c3ccc(Cl)c(Cl)c3)cc2)C(C)(C)[C@H]1Oc1ccc(C#N)c(Cl)c1,[*:1]c1ccc(C(=O)N[C@H]2C(C)(C)[C@H](Oc3ccc(C#N)c(Cl)c3)C2(C)C)cc1,[*:2]N(C(=O)CCl)C(C(=O)NCc1ccccc1)c1ccc(Cl)c(Cl)c1,[*:1]OCC(=O)NCCCOCCOCCOCCC[*:2]
Nc1c(-c2nc3cc(N4CCN(CCC(=O)Nc5cccc6c5C(=O)N(C5CCC(=O)NC5=O)C6=O)CC4)ccc3[nH]2)c(=O)[nH]c2cccc(F)c12,[*:1]CN1CCN(c2ccc3[nH]c(-c4c(N)c5c(F)cccc5[nH]c4=O)nc3c2)CC1,[*:2]Nc1cccc2c1C(=O)N(C1CCC(=O)NC1=O)C2=O,[*:1]CC([*:2])=O
Nc1c(-c2nc3cc(N4CCN(CCCC(=O)Nc5cccc6c5C(=O)N(C5CCC(=O)NC5=O)C6=O)CC4)ccc3[nH]2)c(=O)[nH]c2cccc(F)c12,[*:1]CN1CCN(c2ccc3[nH]c(-c4c(N)c5c(F)cccc5[nH]c4=O)nc3c2)CC1,[*:2]Nc1cccc2c1C(=O)N(C1CCC(=O)NC1=O)C2=O,[*:1]CCC([*:2])=O
Nc1c(-c2nc3cc(N4CCN(CCCCC(=O)Nc5cccc6c5C(=O)N(C5CCC(=O)NC5=O)C6=O)CC4)ccc3[nH]2)c(=O)[nH]c2cccc(F)c12,[*:1]CN1CCN(c2ccc3[nH]c(-c4c(N)c5c(F)cccc5[nH]c4=O)nc3c2)CC1,[*:2]Nc1cccc2c1C(=O)N(C1CCC(=O)NC1=O)C2=O,[*:1]CCCC([*:2])=O
Nc1c(-c2nc3cc(N4CCN(CCCCCC(=O)Nc5cccc6c5C(=O)N(C5CCC(=O)NC5=O)C6=O)CC4)ccc3[nH]2)c(=O)[nH]c2cccc(F)c12,[*:1]CN1CCN(c2ccc3[nH]c(-c4c(N)c5c(F)cccc5[nH]c4=O)nc3c2)CC1,[*:2]Nc1cccc2c1C(=O)N(C1CCC(=O)NC1=O)C2=O,[*:1]CCCCC([*:2])=O
Nc1c(-c2nc3cc(N4CCN(CCCCCCC(=O)Nc5cccc6c5C(=O)N(C5CCC(=O)NC5=O)C6=O)CC4)ccc3[nH]2)c(=O)[nH]c2cccc(F)c12,[*:1]CN1CCN(c2ccc3[nH]c(-c4c(N)c5c(F)cccc5[nH]c4=O)nc3c2)CC1,[*:2]Nc1cccc2c1C(=O)N(C1CCC(=O)NC1=O)C2=O,[*:1]CCCCCC([*:2])=O
Nc1c(-c2nc3cc(N4CCN(CCCCCCCC(=O)Nc5cccc6c5C(=O)N(C5CCC(=O)NC5=O)C6=O)CC4)ccc3[nH]2)c(=O)[nH]c2cccc(F)c12,[*:1]CN1CCN(c2ccc3[nH]c(-c4c(N)c5c(F)cccc5[nH]c4=O)nc3c2)CC1,[*:2]Nc1cccc2c1C(=O)N(C1CCC(=O)NC1=O)C2=O,[*:1]CCCCCCC([*:2])=O
Nc1c(-c2nc3cc(N4CCN(CCCCC(=O)Nc5cccc6c5CN(C5CCC(=O)NC5=O)C6=O)CC4)ccc3[nH]2)c(=O)[nH]c2cccc(F)c12,[*:1]CN1CCN(c2ccc3[nH]c(-c4c(N)c5c(F)cccc5[nH]c4=O)nc3c2)CC1,[*:2]Nc1cccc2c1CN(C1CCC(=O)NC1=O)C2=O,[*:1]CCCC([*:2])=O
Nc1c(-c2nc3cc(N4CCN(CCCCCC(=O)Nc5cccc6c5CN(C5CCC(=O)NC5=O)C6=O)CC4)ccc3[nH]2)c(=O)[nH]c2cccc(F)c12,[*:1]CN1CCN(c2ccc3[nH]c(-c4c(N)c5c(F)cccc5[nH]c4=O)nc3c2)CC1,[*:2]Nc1cccc2c1CN(C1CCC(=O)NC1=O)C2=O,[*:1]CCCCC([*:2])=O
Nc1c(-c2nc3cc(N4CCN(CCCCCCC(=O)Nc5cccc6c5CN(C5CCC(=O)NC5=O)C6=O)CC4)ccc3[nH]2)c(=O)[nH]c2cccc(F)c12,[*:1]CN1CCN(c2ccc3[nH]c(-c4c(N)c5c(F)cccc5[nH]c4=O)nc3c2)CC1,[*:2]Nc1cccc2c1CN(C1CCC(=O)NC1=O)C2=O,[*:1]CCCCCC([*:2])=O
Cc1ncsc1-c1ccc(CNC(=O)[C@@H]2C[C@@H](O)CN2C(=O)[C@@H](NC(=O)CCOCCOc2ccc(-c3cn4c(n3)CCC4)cc2CNC(=O)Cc2ccc(Cl)c(Cl)c2)C(C)(C)C)cc1,[*:1]c1ccc(-c2cn3c(n2)CCC3)cc1CNC(=O)Cc1ccc(Cl)c(Cl)c1,[*:2]CC(=O)N[C@H](C(=O)N1C[C@H](O)C[C@H]1C(=O)NCc1ccc(-c2scnc2C)cc1)C(C)(C)C,[*:1]OCCOC[*:2]
Cc1ncsc1-c1ccc(CNC(=O)[C@@H]2C[C@@H](O)CN2C(=O)[C@@H](NC(=O)CCOCCOCCOc2ccc(-c3cn4c(n3)CCC4)cc2CNC(=O)Cc2ccc(Cl)c(Cl)c2)C(C)(C)C)cc1,[*:1]c1ccc(-c2cn3c(n2)CCC3)cc1CNC(=O)Cc1ccc(Cl)c(Cl)c1,[*:2]CC(=O)N[C@H](C(=O)N1C[C@H](O)C[C@H]1C(=O)NCc1ccc(-c2scnc2C)cc1)C(C)(C)C,[*:1]OCCOCCOC[*:2]
Cc1ncsc1-c1ccc(CNC(=O)[C@@H]2C[C@@H](O)CN2C(=O)[C@@H](NC(=O)CCOCCOCCOCCOc2ccc(-c3cn4c(n3)CCC4)cc2CNC(=O)Cc2ccc(Cl)c(Cl)c2)C(C)(C)C)cc1,[*:1]c1ccc(-c2cn3c(n2)CCC3)cc1CNC(=O)Cc1ccc(Cl)c(Cl)c1,[*:2]CC(=O)N[C@H](C(=O)N1C[C@H](O)C[C@H]1C(=O)NCc1ccc(-c2scnc2C)cc1)C(C)(C)C,[*:1]OCCOCCOCCOC[*:2]
Cc1ncsc1-c1ccc(CNC(=O)[C@@H]2C[C@@H](O)CN2C(=O)[C@@H](NC(=O)CCOCCOCCOCCOCCOc2ccc(-c3cn4c(n3)CCC4)cc2CNC(=O)Cc2ccc(Cl)c(Cl)c2)C(C)(C)C)cc1,[*:1]c1ccc(-c2cn3c(n2)CCC3)cc1CNC(=O)Cc1ccc(Cl)c(Cl)c1,[*:2]CC(=O)N[C@H](C(=O)N1C[C@H](O)C[C@H]1C(=O)NCc1ccc(-c2scnc2C)cc1)C(C)(C)C,[*:1]OCCOCCOCCOCCOC[*:2]
Cc1ncsc1-c1ccc(CNC(=O)[C@@H]2C[C@@H](O)CN2C(=O)[C@@H](NC(=O)CCOCCOCCOCCOCCOCCOc2ccc(-c3cn4c(n3)CCC4)cc2CNC(=O)Cc2ccc(Cl)c(Cl)c2)C(C)(C)C)cc1,[*:1]c1ccc(-c2cn3c(n2)CCC3)cc1CNC(=O)Cc1ccc(Cl)c(Cl)c1,[*:2]CC(=O)N[C@H](C(=O)N1C[C@H](O)C[C@H]1C(=O)NCc1ccc(-c2scnc2C)cc1)C(C)(C)C,[*:1]OCCOCCOCCOCCOCCOC[*:2]
Cc1ncsc1-c1ccc(CNC(=O)[C@@H]2C[C@@H](O)CN2C(=O)[C@@H](NC(=O)CCOCCOCCOCCOCCOCCOCCOc2ccc(-c3cn4c(n3)CCC4)cc2CNC(=O)Cc2ccc(Cl)c(Cl)c2)C(C)(C)C)cc1,[*:1]c1ccc(-c2cn3c(n2)CCC3)cc1CNC(=O)Cc1ccc(Cl)c(Cl)c1,[*:2]CC(=O)N[C@H](C(=O)N1C[C@H](O)C[C@H]1C(=O)NCc1ccc(-c2scnc2C)cc1)C(C)(C)C,[*:1]OCCOCCOCCOCCOCCOCCOC[*:2]
Cc1ncsc1-c1ccc(CNC(=O)[C@@H]2C[C@@H](O)CN2C(=O)[C@@H](NC(=O)CCOCCOCCOCCOCCOCCOCCOCCOc2ccc(-c3cn4c(n3)CCC4)cc2CNC(=O)Cc2ccc(Cl)c(Cl)c2)C(C)(C)C)cc1,[*:1]c1ccc(-c2cn3c(n2)CCC3)cc1CNC(=O)Cc1ccc(Cl)c(Cl)c1,[*:2]CC(=O)N[C@H](C(=O)N1C[C@H](O)C[C@H]1C(=O)NCc1ccc(-c2scnc2C)cc1)C(C)(C)C,[*:1]OCCOCCOCCOCCOCCOCCOCCOC[*:2]
CC1(C)[C@H](NC(=O)c2ccc(NCCCNc3ccc4c(c3)C(=O)N(C3CCC(=O)NC3=O)C4=O)cc2)C(C)(C)[C@H]1Oc1ccc(C#N)c(Cl)c1,[*:1]c1ccc(C(=O)N[C@H]2C(C)(C)[C@H](Oc3ccc(C#N)c(Cl)c3)C2(C)C)cc1,[*:2]Nc1ccc2c(c1)C(=O)N(C1CCC(=O)NC1=O)C2=O,[*:1]NCCC[*:2]
CC1(C)[C@H](NC(=O)c2ccc(NCCCCNc3ccc4c(c3)C(=O)N(C3CCC(=O)NC3=O)C4=O)cc2)C(C)(C)[C@H]1Oc1ccc(C#N)c(Cl)c1,[*:1]c1ccc(C(=O)N[C@H]2C(C)(C)[C@H](Oc3ccc(C#N)c(Cl)c3)C2(C)C)cc1,[*:2]Nc1ccc2c(c1)C(=O)N(C1CCC(=O)NC1=O)C2=O,[*:1]NCCCC[*:2]
CC1(C)[C@H](NC(=O)c2ccc(NCCCCCNc3ccc4c(c3)C(=O)N(C3CCC(=O)NC3=O)C4=O)cc2)C(C)(C)[C@H]1Oc1ccc(C#N)c(Cl)c1,[*:1]c1ccc(C(=O)N[C@H]2C(C)(C)[C@H](Oc3ccc(C#N)c(Cl)c3)C2(C)C)cc1,[*:2]Nc1ccc2c(c1)C(=O)N(C1CCC(=O)NC1=O)C2=O,[*:1]NCCCCC[*:2]
CC1(C)[C@H](NC(=O)c2ccc(NCCCCCCNc3ccc4c(c3)C(=O)N(C3CCC(=O)NC3=O)C4=O)cc2)C(C)(C)[C@H]1Oc1ccc(C#N)c(Cl)c1,[*:1]c1ccc(C(=O)N[C@H]2C(C)(C)[C@H](Oc3ccc(C#N)c(Cl)c3)C2(C)C)cc1,[*:2]Nc1ccc2c(c1)C(=O)N(C1CCC(=O)NC1=O)C2=O,[*:1]NCCCCCC[*:2]
CC1(C)[C@H](NC(=O)c2ccc(NCCCCCCCNc3ccc4c(c3)C(=O)N(C3CCC(=O)NC3=O)C4=O)cc2)C(C)(C)[C@H]1Oc1ccc(C#N)c(Cl)c1,[*:1]c1ccc(C(=O)N[C@H]2C(C)(C)[C@H](Oc3ccc(C#N)c(Cl)c3)C2(C)C)cc1,[*:2]Nc1ccc2c(c1)C(=O)N(C1CCC(=O)NC1=O)C2=O,[*:1]NCCCCCCC[*:2]
CC1(C)[C@H](NC(=O)c2ccc(NCCCCCCCCNc3ccc4c(c3)C(=O)N(C3CCC(=O)NC3=O)C4=O)cc2)C(C)(C)[C@H]1Oc1ccc(C#N)c(Cl)c1,[*:1]c1ccc(C(=O)N[C@H]2C(C)(C)[C@H](Oc3ccc(C#N)c(Cl)c3)C2(C)C)cc1,[*:2]Nc1ccc2c(c1)C(=O)N(C1CCC(=O)NC1=O)C2=O,[*:1]NCCCCCCCC[*:2]
CC1(C)[C@H](NC(=O)c2ccc(N3CCN(CCNc4ccc5c(c4)C(=O)N(C4CCC(=O)NC4=O)C5=O)CC3)cc2)C(C)(C)[C@H]1Oc1ccc(C#N)c(Cl)c1,[*:1]c1ccc(C(=O)N[C@H]2C(C)(C)[C@H](Oc3ccc(C#N)c(Cl)c3)C2(C)C)cc1,[*:2]Nc1ccc2c(c1)C(=O)N(C1CCC(=O)NC1=O)C2=O,[*:1]N1CCN(CC[*:2])CC1
CC1(C)[C@H](NC(=O)c2ccc(N3CCN(CCCNc4ccc5c(c4)C(=O)N(C4CCC(=O)NC4=O)C5=O)CC3)cc2)C(C)(C)[C@H]1Oc1ccc(C#N)c(Cl)c1,[*:1]c1ccc(C(=O)N[C@H]2C(C)(C)[C@H](Oc3ccc(C#N)c(Cl)c3)C2(C)C)cc1,[*:2]Nc1ccc2c(c1)C(=O)N(C1CCC(=O)NC1=O)C2=O,[*:1]N1CCN(CCC[*:2])CC1
CC1(C)[C@H](NC(=O)c2ccc(N3CCN(CCCCNc4ccc5c(c4)C(=O)N(C4CCC(=O)NC4=O)C5=O)CC3)cc2)C(C)(C)[C@H]1Oc1ccc(C#N)c(Cl)c1,[*:1]c1ccc(C(=O)N[C@H]2C(C)(C)[C@H](Oc3ccc(C#N)c(Cl)c3)C2(C)C)cc1,[*:2]Nc1ccc2c(c1)C(=O)N(C1CCC(=O)NC1=O)C2=O,[*:1]N1CCN(CCCC[*:2])CC1
CC1(C)[C@H](NC(=O)c2ccc(N3CCN(CCCCCNc4ccc5c(c4)C(=O)N(C4CCC(=O)NC4=O)C5=O)CC3)cc2)C(C)(C)[C@H]1Oc1ccc(C#N)c(Cl)c1,[*:1]c1ccc(C(=O)N[C@H]2C(C)(C)[C@H](Oc3ccc(C#N)c(Cl)c3)C2(C)C)cc1,[*:2]Nc1ccc2c(c1)C(=O)N(C1CCC(=O)NC1=O)C2=O,[*:1]N1CCN(CCCCC[*:2])CC1
CC1(C)[C@H](NC(=O)c2ccc(NCCCCCNc3cccc4c3C(=O)N(C3CCC(=O)NC3=O)C4=O)cc2)C(C)(C)[C@H]1Oc1ccc(C#N)c(Cl)c1,[*:1]c1ccc(C(=O)N[C@H]2C(C)(C)[C@H](Oc3ccc(C#N)c(Cl)c3)C2(C)C)cc1,[*:2]Nc1cccc2c1C(=O)N(C1CCC(=O)NC1=O)C2=O,[*:1]NCCCCC[*:2]
CC1(C)[C@H](NC(=O)c2ccc(NCCCCCCNc3cccc4c3C(=O)N(C3CCC(=O)NC3=O)C4=O)cc2)C(C)(C)[C@H]1Oc1ccc(C#N)c(Cl)c1,[*:1]c1ccc(C(=O)N[C@H]2C(C)(C)[C@H](Oc3ccc(C#N)c(Cl)c3)C2(C)C)cc1,[*:2]Nc1cccc2c1C(=O)N(C1CCC(=O)NC1=O)C2=O,[*:1]NCCCCCC[*:2]
CC1(C)[C@H](NC(=O)c2ccc(N3CCN(CCNc4cccc5c4C(=O)N(C4CCC(=O)NC4=O)C5=O)CC3)cc2)C(C)(C)[C@H]1Oc1ccc(C#N)c(Cl)c1,[*:1]c1ccc(C(=O)N[C@H]2C(C)(C)[C@H](Oc3ccc(C#N)c(Cl)c3)C2(C)C)cc1,[*:2]Nc1cccc2c1C(=O)N(C1CCC(=O)NC1=O)C2=O,[*:1]N1CCN(CC[*:2])CC1
CC1(C)[C@H](NC(=O)c2ccc(N3CCN(CCCNc4cccc5c4C(=O)N(C4CCC(=O)NC4=O)C5=O)CC3)cc2)C(C)(C)[C@H]1Oc1ccc(C#N)c(Cl)c1,[*:1]c1ccc(C(=O)N[C@H]2C(C)(C)[C@H](Oc3ccc(C#N)c(Cl)c3)C2(C)C)cc1,[*:2]Nc1cccc2c1C(=O)N(C1CCC(=O)NC1=O)C2=O,[*:1]N1CCN(CCC[*:2])CC1
CC1(C)[C@H](NC(=O)c2ccc(N3CCN(CCCCCNc4cccc5c4C(=O)N(C4CCC(=O)NC4=O)C5=O)CC3)cc2)C(C)(C)[C@H]1Oc1ccc(C#N)c(Cl)c1,[*:1]c1ccc(C(=O)N[C@H]2C(C)(C)[C@H](Oc3ccc(C#N)c(Cl)c3)C2(C)C)cc1,[*:2]Nc1cccc2c1C(=O)N(C1CCC(=O)NC1=O)C2=O,[*:1]N1CCN(CCCCC[*:2])CC1
CC1(C)[C@H](NC(=O)c2ccc(N3CCN(C4CN(c5ccc6c(c5)C(=O)N(C5CCC(=O)NC5=O)C6=O)C4)CC3)cc2)C(C)(C)[C@H]1Oc1ccc(C#N)c(Cl)c1,[*:1]c1ccc(C(=O)N[C@H]2C(C)(C)[C@H](Oc3ccc(C#N)c(Cl)c3)C2(C)C)cc1,[*:2]c1ccc2c(c1)C(=O)N(C1CCC(=O)NC1=O)C2=O,[*:1]N1CCN(C2CN([*:2])C2)CC1
CC1(C)[C@H](NC(=O)c2ccc(N3CCN(CC4CN(c5ccc6c(c5)C(=O)N(C5CCC(=O)NC5=O)C6=O)C4)CC3)cc2)C(C)(C)[C@H]1Oc1ccc(C#N)c(Cl)c1,[*:1]c1ccc(C(=O)N[C@H]2C(C)(C)[C@H](Oc3ccc(C#N)c(Cl)c3)C2(C)C)cc1,[*:2]c1ccc2c(c1)C(=O)N(C1CCC(=O)NC1=O)C2=O,[*:1]N1CCN(CC2CN([*:2])C2)CC1
CC1(C)[C@H](NC(=O)c2ccc(N3CCN(C4CCN(c5ccc6c(c5)C(=O)N(C5CCC(=O)NC5=O)C6=O)CC4)CC3)cc2)C(C)(C)[C@H]1Oc1ccc(C#N)c(Cl)c1,[*:1]c1ccc(C(=O)N[C@H]2C(C)(C)[C@H](Oc3ccc(C#N)c(Cl)c3)C2(C)C)cc1,[*:2]c1ccc2c(c1)C(=O)N(C1CCC(=O)NC1=O)C2=O,[*:1]N1CCN(C2CCN([*:2])CC2)CC1
CC1(C)[C@H](NC(=O)c2ccc(N3CCN(CC4CCN(c5ccc6c(c5)C(=O)N(C5CCC(=O)NC5=O)C6=O)CC4)CC3)cc2)C(C)(C)[C@H]1Oc1ccc(C#N)c(Cl)c1,[*:1]c1ccc(C(=O)N[C@H]2C(C)(C)[C@H](Oc3ccc(C#N)c(Cl)c3)C2(C)C)cc1,[*:2]c1ccc2c(c1)C(=O)N(C1CCC(=O)NC1=O)C2=O,[*:1]N1CCN(CC2CCN([*:2])CC2)CC1
CC1(C)[C@H](NC(=O)c2ccc(C(=O)N3CCN(C4CN(c5ccc6c(c5)C(=O)N(C5CCC(=O)NC5=O)C6=O)C4)CC3)cc2)C(C)(C)[C@H]1Oc1ccc(C#N)c(Cl)c1,[*:1]c1ccc(C(=O)N[C@H]2C(C)(C)[C@H](Oc3ccc(C#N)c(Cl)c3)C2(C)C)cc1,[*:2]c1ccc2c(c1)C(=O)N(C1CCC(=O)NC1=O)C2=O,[*:1]C(=O)N1CCN(C2CN([*:2])C2)CC1
CC1(C)[C@H](NC(=O)c2ccc(C(=O)N3CCN(CC4CN(c5ccc6c(c5)C(=O)N(C5CCC(=O)NC5=O)C6=O)C4)CC3)cc2)C(C)(C)[C@H]1Oc1ccc(C#N)c(Cl)c1,[*:1]c1ccc(C(=O)N[C@H]2C(C)(C)[C@H](Oc3ccc(C#N)c(Cl)c3)C2(C)C)cc1,[*:2]c1ccc2c(c1)C(=O)N(C1CCC(=O)NC1=O)C2=O,[*:1]C(=O)N1CCN(CC2CN([*:2])C2)CC1
CC1(C)[C@H](NC(=O)c2ccc(C(=O)N3CCN(C4CCN(c5ccc6c(c5)C(=O)N(C5CCC(=O)NC5=O)C6=O)CC4)CC3)cc2)C(C)(C)[C@H]1Oc1ccc(C#N)c(Cl)c1,[*:1]c1ccc(C(=O)N[C@H]2C(C)(C)[C@H](Oc3ccc(C#N)c(Cl)c3)C2(C)C)cc1,[*:2]c1ccc2c(c1)C(=O)N(C1CCC(=O)NC1=O)C2=O,[*:1]C(=O)N1CCN(C2CCN([*:2])CC2)CC1
CC1(C)[C@H](NC(=O)c2ccc(C(=O)N3CCN(CC4CCN(c5ccc6c(c5)C(=O)N(C5CCC(=O)NC5=O)C6=O)CC4)CC3)cc2)C(C)(C)[C@H]1Oc1ccc(C#N)c(Cl)c1,[*:1]c1ccc(C(=O)N[C@H]2C(C)(C)[C@H](Oc3ccc(C#N)c(Cl)c3)C2(C)C)cc1,[*:2]c1ccc2c(c1)C(=O)N(C1CCC(=O)NC1=O)C2=O,[*:1]C(=O)N1CCN(CC2CCN([*:2])CC2)CC1
CC1(C)[C@H](NC(=O)c2ccc(N3CCC(N4CCN(c5ccc6c(c5)C(=O)N(C5CCC(=O)NC5=O)C6=O)CC4)CC3)cc2)C(C)(C)[C@H]1Oc1ccc(C#N)c(Cl)c1,[*:1]c1ccc(C(=O)N[C@H]2C(C)(C)[C@H](Oc3ccc(C#N)c(Cl)c3)C2(C)C)cc1,[*:2]c1ccc2c(c1)C(=O)N(C1CCC(=O)NC1=O)C2=O,[*:1]N1CCC(N2CCN([*:2])CC2)CC1
CC1(C)[C@H](NC(=O)c2ccc(N3CCC(CN4CCN(c5ccc6c(c5)C(=O)N(C5CCC(=O)NC5=O)C6=O)CC4)CC3)cc2)C(C)(C)[C@H]1Oc1ccc(C#N)c(Cl)c1,[*:1]c1ccc(C(=O)N[C@H]2C(C)(C)[C@H](Oc3ccc(C#N)c(Cl)c3)C2(C)C)cc1,[*:2]c1ccc2c(c1)C(=O)N(C1CCC(=O)NC1=O)C2=O,[*:1]N1CCC(CN2CCN([*:2])CC2)CC1
CC1(C)[C@H](NC(=O)c2ccc(N3CCN(C4CC5(C4)CN(c4ccc6c(c4)C(=O)N(C4CCC(=O)NC4=O)C6=O)C5)CC3)cc2)C(C)(C)[C@H]1Oc1ccc(C#N)c(Cl)c1,[*:1]c1ccc(C(=O)N[C@H]2C(C)(C)[C@H](Oc3ccc(C#N)c(Cl)c3)C2(C)C)cc1,[*:2]c1ccc2c(c1)C(=O)N(C1CCC(=O)NC1=O)C2=O,[*:1]N1CCN(C2CC3(C2)CN([*:2])C3)CC1
CC1(C)[C@H](NC(=O)c2ccc(N3CCN(CC4CC5(C4)CN(c4ccc6c(c4)C(=O)N(C4CCC(=O)NC4=O)C6=O)C5)CC3)cc2)C(C)(C)[C@H]1Oc1ccc(C#N)c(Cl)c1,[*:1]c1ccc(C(=O)N[C@H]2C(C)(C)[C@H](Oc3ccc(C#N)c(Cl)c3)C2(C)C)cc1,[*:2]c1ccc2c(c1)C(=O)N(C1CCC(=O)NC1=O)C2=O,[*:1]N1CCN(CC2CC3(C2)CN([*:2])C3)CC1
CC1(C)[C@H](NC(=O)c2ccc(N3CCN(C4CC5(CCN(c6ccc7c(c6)C(=O)N(C6CCC(=O)NC6=O)C7=O)C5)C4)CC3)cc2)C(C)(C)[C@H]1Oc1ccc(C#N)c(Cl)c1,[*:1]c1ccc(C(=O)N[C@H]2C(C)(C)[C@H](Oc3ccc(C#N)c(Cl)c3)C2(C)C)cc1,[*:2]c1ccc2c(c1)C(=O)N(C1CCC(=O)NC1=O)C2=O,[*:1]N1CCN(C2CC3(CCN([*:2])C3)C2)CC1
CC1(C)[C@H](NC(=O)c2ccc(N3CCN(CC4CC5(CCN(c6ccc7c(c6)C(=O)N(C6CCC(=O)NC6=O)C7=O)C5)C4)CC3)cc2)C(C)(C)[C@H]1Oc1ccc(C#N)c(Cl)c1,[*:1]c1ccc(C(=O)N[C@H]2C(C)(C)[C@H](Oc3ccc(C#N)c(Cl)c3)C2(C)C)cc1,[*:2]c1ccc2c(c1)C(=O)N(C1CCC(=O)NC1=O)C2=O,[*:1]N1CCN(CC2CC3(CCN([*:2])C3)C2)CC1
CC1(C)[C@H](NC(=O)c2ccc(N3CCN(C4CCC5(CC4)CCN(c4ccc6c(c4)C(=O)N(C4CCC(=O)NC4=O)C6=O)CC5)CC3)cc2)C(C)(C)[C@H]1Oc1ccc(C#N)c(Cl)c1,[*:1]c1ccc(C(=O)N[C@H]2C(C)(C)[C@H](Oc3ccc(C#N)c(Cl)c3)C2(C)C)cc1,[*:2]c1ccc2c(c1)C(=O)N(C1CCC(=O)NC1=O)C2=O,[*:1]N1CCN(C2CCC3(CC2)CCN([*:2])CC3)CC1
CC1(C)[C@H](NC(=O)c2ccc(N3CCN(C4CCC5(CC4)CN(c4ccc6c(c4)C(=O)N(C4CCC(=O)NC4=O)C6=O)C5)CC3)cc2)C(C)(C)[C@H]1Oc1ccc(C#N)c(Cl)c1,[*:1]c1ccc(C(=O)N[C@H]2C(C)(C)[C@H](Oc3ccc(C#N)c(Cl)c3)C2(C)C)cc1,[*:2]c1ccc2c(c1)C(=O)N(C1CCC(=O)NC1=O)C2=O,[*:1]N1CCN(C2CCC3(CC2)CN([*:2])C3)CC1
CC1(C)[C@H](NC(=O)c2ccc(N3CCC4(CC3)CC(Nc3ccc5c(c3)C(=O)N(C3CCC(=O)NC3=O)C5=O)C4)cc2)C(C)(C)[C@H]1Oc1ccc(C#N)c(Cl)c1,[*:1]c1ccc(C(=O)N[C@H]2C(C)(C)[C@H](Oc3ccc(C#N)c(Cl)c3)C2(C)C)cc1,[*:2]Nc1ccc2c(c1)C(=O)N(C1CCC(=O)NC1=O)C2=O,[*:1]N1CCC2(CC1)CC([*:2])C2
CC1(C)[C@H](NC(=O)c2ccc(N3CCC4(CCC(Nc5ccc6c(c5)C(=O)N(C5CCC(=O)NC5=O)C6=O)CC4)CC3)cc2)C(C)(C)[C@H]1Oc1ccc(C#N)c(Cl)c1,[*:1]c1ccc(C(=O)N[C@H]2C(C)(C)[C@H](Oc3ccc(C#N)c(Cl)c3)C2(C)C)cc1,[*:2]Nc1ccc2c(c1)C(=O)N(C1CCC(=O)NC1=O)C2=O,[*:1]N1CCC2(CCC([*:2])CC2)CC1
Cc1ncsc1-c1ccc(CNC(=O)[C@@H]2C[C@@H](O)CN2C(=O)[C@@H](NC(=O)COCCCCCOCCNC(=O)C[C@@H]2N=C(c3ccc(Cl)cc3)c3c(sc(C)c3C)-n3c(C)nnc32)C(C)(C)C)cc1,[*:1]NC(=O)C[C@@H]1N=C(c2ccc(Cl)cc2)c2c(sc(C)c2C)-n2c(C)nnc21,[*:2]CC(=O)N[C@H](C(=O)N1C[C@H](O)C[C@H]1C(=O)NCc1ccc(-c2scnc2C)cc1)C(C)(C)C,[*:1]CCOCCCCCO[*:2]
Cc1ncsc1-c1ccc(CNC(=O)[C@@H]2C[C@@H](O)CN2C(=O)[C@@H](NC(=O)COCCCOCCNC(=O)C[C@@H]2N=C(c3ccc(Cl)cc3)c3c(sc(C)c3C)-n3c(C)nnc32)C(C)(C)C)cc1,[*:1]NC(=O)C[C@@H]1N=C(c2ccc(Cl)cc2)c2c(sc(C)c2C)-n2c(C)nnc21,[*:2]CC(=O)N[C@H](C(=O)N1C[C@H](O)C[C@H]1C(=O)NCc1ccc(-c2scnc2C)cc1)C(C)(C)C,[*:1]CCOCCCO[*:2]
CCC(=O)N[C@H]1CC[C@@H](n2c(=O)cc(C)c3cnc(Nc4ccc(N5CCN(CCOCCC(=O)N[C@@H](C(=O)N6C[C@H](O)C[C@H]6C(=O)NCc6ccc(-c7scnc7C)cc6)C(C)(C)C)CC5)cc4OC)nc32)CC1,[*:1]CN1CCN(c2ccc(Nc3ncc4c(C)cc(=O)n([C@H]5CC[C@@H](NC(=O)CC)CC5)c4n3)c(OC)c2)CC1,[*:2]CC(=O)N[C@@H](C(=O)N1C[C@H](O)C[C@H]1C(=O)NCc1ccc(-c2scnc2C)cc1)C(C)(C)C,[*:1]COC[*:2]
CCC(=O)N[C@H]1CC[C@@H](n2c(=O)cc(C)c3cnc(Nc4ccc(N5CCN(CCCCOCCC(=O)N[C@@H](C(=O)N6C[C@H](O)C[C@H]6C(=O)NCc6ccc(-c7scnc7C)cc6)C(C)(C)C)CC5)cc4OC)nc32)CC1,[*:1]CN1CCN(c2ccc(Nc3ncc4c(C)cc(=O)n([C@H]5CC[C@@H](NC(=O)CC)CC5)c4n3)c(OC)c2)CC1,[*:2]CC(=O)N[C@@H](C(=O)N1C[C@H](O)C[C@H]1C(=O)NCc1ccc(-c2scnc2C)cc1)C(C)(C)C,[*:1]CCCOC[*:2]
CCC(=O)N[C@H]1CC[C@@H](n2c(=O)cc(C)c3cnc(Nc4ccc(N5CCN(CCCCCCOCCC(=O)N[C@@H](C(=O)N6C[C@H](O)C[C@H]6C(=O)NCc6ccc(-c7scnc7C)cc6)C(C)(C)C)CC5)cc4OC)nc32)CC1,[*:1]CN1CCN(c2ccc(Nc3ncc4c(C)cc(=O)n([C@H]5CC[C@@H](NC(=O)CC)CC5)c4n3)c(OC)c2)CC1,[*:2]CC(=O)N[C@@H](C(=O)N1C[C@H](O)C[C@H]1C(=O)NCc1ccc(-c2scnc2C)cc1)C(C)(C)C,[*:1]CCCCCOC[*:2]
CCC(=O)N[C@H]1CC[C@@H](n2c(=O)cc(C)c3cnc(Nc4ccc(N5CCN(CCCCCCCCOCCC(=O)N[C@@H](C(=O)N6C[C@H](O)C[C@H]6C(=O)NCc6ccc(-c7scnc7C)cc6)C(C)(C)C)CC5)cc4OC)nc32)CC1,[*:1]CN1CCN(c2ccc(Nc3ncc4c(C)cc(=O)n([C@H]5CC[C@@H](NC(=O)CC)CC5)c4n3)c(OC)c2)CC1,[*:2]CC(=O)N[C@@H](C(=O)N1C[C@H](O)C[C@H]1C(=O)NCc1ccc(-c2scnc2C)cc1)C(C)(C)C,[*:1]CCCCCCCOC[*:2]
CC[C@@H](NC(=O)[C@@H]1C[C@H](NC(=O)COCCOCCOCCOCCOc2cc3nccc(Nc4ccc5scnc5c4)c3cc2S(=O)(=O)C(C)(C)C)CN1C(=O)[C@@H](NC(=O)[C@H](C)NC)C(C)(C)C)c1ccccc1,[*:1]COc1cc2nccc(Nc3ccc4scnc4c3)c2cc1S(=O)(=O)C(C)(C)C,[*:2][C@H]1C[C@@H](C(=O)N[C@H](CC)c2ccccc2)N(C(=O)[C@@H](NC(=O)[C@H](C)NC)C(C)(C)C)C1,[*:1]COCCOCCOCCOCC(=O)N[*:2]
CN[C@@H](C)C(=O)N[C@H](C(=O)N1Cc2cc(OCCOCCOCCOCCOc3cc4ncnc(Nc5n[nH]c(C)c5C)c4cc3S(=O)(=O)C(C)(C)C)ccc2C[C@H]1C(=O)N[C@@H]1CCCc2ccccc21)C(C)(C)C,[*:1]COc1cc2ncnc(Nc3n[nH]c(C)c3C)c2cc1S(=O)(=O)C(C)(C)C,[*:2]c1ccc2c(c1)CN(C(=O)[C@@H](NC(=O)[C@H](C)NC)C(C)(C)C)[C@H](C(=O)N[C@@H]1CCCc3ccccc31)C2,[*:1]COCCOCCOCCO[*:2]
CN[C@@H](C)C(=O)N[C@H](C(=O)N1C[C@@H](NC(=O)c2cnc(N3CCN(CCCOc4cc5ncnc(Nc6n[nH]c(C)c6C)c5cc4S(=O)(=O)C(C)(C)C)CC3)cn2)C[C@H]1C(=O)N[C@@H]1CCCc2ccccc21)C(C)(C)C,[*:1]COc1cc2ncnc(Nc3n[nH]c(C)c3C)c2cc1S(=O)(=O)C(C)(C)C,[*:2][C@H]1C[C@@H](C(=O)N[C@@H]2CCCc3ccccc32)N(C(=O)[C@@H](NC(=O)[C@H](C)NC)C(C)(C)C)C1,[*:1]CCN1CCN(c2cnc(C(=O)N[*:2])cn2)CC1
Cc1ncsc1-c1ccc([C@H](C)NC(=O)[C@@H]2C[C@@H](O)CN2C(=O)[C@@H](NC(=O)CCCCC(=O)NCC2(C)CCC(c3ccc(Cl)cc3)=C(CN3CCN(c4ccc(C(=O)NS(=O)(=O)c5ccc(N[C@H](CCN6CCOCC6)CSc6ccccc6)c(S(=O)(=O)C(F)(F)F)c5)cc4)CC3)C2)C(C)(C)C)cc1,[*:1]CC1(C)CCC(c2ccc(Cl)cc2)=C(CN2CCN(c3ccc(C(=O)NS(=O)(=O)c4ccc(N[C@H](CCN5CCOCC5)CSc5ccccc5)c(S(=O)(=O)C(F)(F)F)c4)cc3)CC2)C1,[*:2]CC(=O)N[C@H](C(=O)N1C[C@H](O)C[C@H]1C(=O)N[C@@H](C)c1ccc(-c2scnc2C)cc1)C(C)(C)C,[*:1]NC(=O)CCC[*:2]
Cc1ncsc1-c1ccc([C@H](C)NC(=O)[C@@H]2C[C@@H](O)CN2C(=O)[C@@H](NC(=O)CCCCCC(=O)NCC2(C)CCC(c3ccc(Cl)cc3)=C(CN3CCN(c4ccc(C(=O)NS(=O)(=O)c5ccc(N[C@H](CCN6CCOCC6)CSc6ccccc6)c(S(=O)(=O)C(F)(F)F)c5)cc4)CC3)C2)C(C)(C)C)cc1,[*:1]CC1(C)CCC(c2ccc(Cl)cc2)=C(CN2CCN(c3ccc(C(=O)NS(=O)(=O)c4ccc(N[C@H](CCN5CCOCC5)CSc5ccccc5)c(S(=O)(=O)C(F)(F)F)c4)cc3)CC2)C1,[*:2]CC(=O)N[C@H](C(=O)N1C[C@H](O)C[C@H]1C(=O)N[C@@H](C)c1ccc(-c2scnc2C)cc1)C(C)(C)C,[*:1]NC(=O)CCCC[*:2]
Cc1ncsc1-c1ccc([C@H](C)NC(=O)[C@@H]2C[C@@H](O)CN2C(=O)[C@@H](NC(=O)CCCCCCC(=O)NCC2(C)CCC(c3ccc(Cl)cc3)=C(CN3CCN(c4ccc(C(=O)NS(=O)(=O)c5ccc(N[C@H](CCN6CCOCC6)CSc6ccccc6)c(S(=O)(=O)C(F)(F)F)c5)cc4)CC3)C2)C(C)(C)C)cc1,[*:1]CC1(C)CCC(c2ccc(Cl)cc2)=C(CN2CCN(c3ccc(C(=O)NS(=O)(=O)c4ccc(N[C@H](CCN5CCOCC5)CSc5ccccc5)c(S(=O)(=O)C(F)(F)F)c4)cc3)CC2)C1,[*:2]CC(=O)N[C@H](C(=O)N1C[C@H](O)C[C@H]1C(=O)N[C@@H](C)c1ccc(-c2scnc2C)cc1)C(C)(C)C,[*:1]NC(=O)CCCCC[*:2]
Cc1ncsc1-c1ccc([C@H](C)NC(=O)[C@@H]2C[C@@H](O)CN2C(=O)[C@@H](NC(=O)CCCCCCCC(=O)NCC2(C)CCC(c3ccc(Cl)cc3)=C(CN3CCN(c4ccc(C(=O)NS(=O)(=O)c5ccc(N[C@H](CCN6CCOCC6)CSc6ccccc6)c(S(=O)(=O)C(F)(F)F)c5)cc4)CC3)C2)C(C)(C)C)cc1,[*:1]CC1(C)CCC(c2ccc(Cl)cc2)=C(CN2CCN(c3ccc(C(=O)NS(=O)(=O)c4ccc(N[C@H](CCN5CCOCC5)CSc5ccccc5)c(S(=O)(=O)C(F)(F)F)c4)cc3)CC2)C1,[*:2]CC(=O)N[C@H](C(=O)N1C[C@H](O)C[C@H]1C(=O)N[C@@H](C)c1ccc(-c2scnc2C)cc1)C(C)(C)C,[*:1]NC(=O)CCCCCC[*:2]
Cc1ncsc1-c1ccc([C@H](C)NC(=O)[C@@H]2C[C@@H](O)CN2C(=O)[C@@H](NC(=O)CCCCCCCCC(=O)NCC2(C)CCC(c3ccc(Cl)cc3)=C(CN3CCN(c4ccc(C(=O)NS(=O)(=O)c5ccc(N[C@H](CCN6CCOCC6)CSc6ccccc6)c(S(=O)(=O)C(F)(F)F)c5)cc4)CC3)C2)C(C)(C)C)cc1,[*:1]CC1(C)CCC(c2ccc(Cl)cc2)=C(CN2CCN(c3ccc(C(=O)NS(=O)(=O)c4ccc(N[C@H](CCN5CCOCC5)CSc5ccccc5)c(S(=O)(=O)C(F)(F)F)c4)cc3)CC2)C1,[*:2]CC(=O)N[C@H](C(=O)N1C[C@H](O)C[C@H]1C(=O)N[C@@H](C)c1ccc(-c2scnc2C)cc1)C(C)(C)C,[*:1]NC(=O)CCCCCCC[*:2]
Cc1ncsc1-c1ccc([C@H](C)NC(=O)[C@@H]2C[C@@H](O)CN2C(=O)[C@@H](NC(=O)CCCCCCCCCC(=O)NCC2(C)CCC(c3ccc(Cl)cc3)=C(CN3CCN(c4ccc(C(=O)NS(=O)(=O)c5ccc(N[C@H](CCN6CCOCC6)CSc6ccccc6)c(S(=O)(=O)C(F)(F)F)c5)cc4)CC3)C2)C(C)(C)C)cc1,[*:1]CC1(C)CCC(c2ccc(Cl)cc2)=C(CN2CCN(c3ccc(C(=O)NS(=O)(=O)c4ccc(N[C@H](CCN5CCOCC5)CSc5ccccc5)c(S(=O)(=O)C(F)(F)F)c4)cc3)CC2)C1,[*:2]CC(=O)N[C@H](C(=O)N1C[C@H](O)C[C@H]1C(=O)N[C@@H](C)c1ccc(-c2scnc2C)cc1)C(C)(C)C,[*:1]NC(=O)CCCCCCCC[*:2]
Cc1ncsc1-c1ccc([C@H](C)NC(=O)[C@@H]2C[C@@H](O)CN2C(=O)[C@@H](NC(=O)CCCCCCCCCCC(=O)NCC2(C)CCC(c3ccc(Cl)cc3)=C(CN3CCN(c4ccc(C(=O)NS(=O)(=O)c5ccc(N[C@H](CCN6CCOCC6)CSc6ccccc6)c(S(=O)(=O)C(F)(F)F)c5)cc4)CC3)C2)C(C)(C)C)cc1,[*:1]CC1(C)CCC(c2ccc(Cl)cc2)=C(CN2CCN(c3ccc(C(=O)NS(=O)(=O)c4ccc(N[C@H](CCN5CCOCC5)CSc5ccccc5)c(S(=O)(=O)C(F)(F)F)c4)cc3)CC2)C1,[*:2]CC(=O)N[C@H](C(=O)N1C[C@H](O)C[C@H]1C(=O)N[C@@H](C)c1ccc(-c2scnc2C)cc1)C(C)(C)C,[*:1]NC(=O)CCCCCCCCC[*:2]
Cc1ncsc1-c1ccc([C@H](C)NC(=O)[C@@H]2C[C@@H](O)CN2C(=O)[C@@H](NC(=O)CCCCCCCCCCCC(=O)NCC2(C)CCC(c3ccc(Cl)cc3)=C(CN3CCN(c4ccc(C(=O)NS(=O)(=O)c5ccc(N[C@H](CCN6CCOCC6)CSc6ccccc6)c(S(=O)(=O)C(F)(F)F)c5)cc4)CC3)C2)C(C)(C)C)cc1,[*:1]CC1(C)CCC(c2ccc(Cl)cc2)=C(CN2CCN(c3ccc(C(=O)NS(=O)(=O)c4ccc(N[C@H](CCN5CCOCC5)CSc5ccccc5)c(S(=O)(=O)C(F)(F)F)c4)cc3)CC2)C1,[*:2]CC(=O)N[C@H](C(=O)N1C[C@H](O)C[C@H]1C(=O)N[C@@H](C)c1ccc(-c2scnc2C)cc1)C(C)(C)C,[*:1]NC(=O)CCCCCCCCCC[*:2]
Cc1ncsc1-c1ccc([C@H](C)NC(=O)[C@@H]2C[C@@H](O)CN2C(=O)[C@@H](NC(=O)CCCCCCCCC(=O)NC[C@@]2(C)CCC(c3ccc(Cl)cc3)=C(CN3CCN(c4ccc(C(=O)NS(=O)(=O)c5ccc(N[C@H](CCN6CCOCC6)CSc6ccccc6)c(S(=O)(=O)C(F)(F)F)c5)cc4)CC3)C2)C(C)(C)C)cc1,[*:1]C[C@@]1(C)CCC(c2ccc(Cl)cc2)=C(CN2CCN(c3ccc(C(=O)NS(=O)(=O)c4ccc(N[C@H](CCN5CCOCC5)CSc5ccccc5)c(S(=O)(=O)C(F)(F)F)c4)cc3)CC2)C1,[*:2]CC(=O)N[C@H](C(=O)N1C[C@H](O)C[C@H]1C(=O)N[C@@H](C)c1ccc(-c2scnc2C)cc1)C(C)(C)C,[*:1]NC(=O)CCCCCCC[*:2]
Cc1ncsc1-c1ccc([C@H](C)NC(=O)[C@@H]2C[C@@H](O)CN2C(=O)[C@@H](NC(=O)CCCCCCCCC(=O)NC[C@]2(C)CCC(c3ccc(Cl)cc3)=C(CN3CCN(c4ccc(C(=O)NS(=O)(=O)c5ccc(N[C@H](CCN6CCOCC6)CSc6ccccc6)c(S(=O)(=O)C(F)(F)F)c5)cc4)CC3)C2)C(C)(C)C)cc1,[*:1]C[C@]1(C)CCC(c2ccc(Cl)cc2)=C(CN2CCN(c3ccc(C(=O)NS(=O)(=O)c4ccc(N[C@H](CCN5CCOCC5)CSc5ccccc5)c(S(=O)(=O)C(F)(F)F)c4)cc3)CC2)C1,[*:2]CC(=O)N[C@H](C(=O)N1C[C@H](O)C[C@H]1C(=O)N[C@@H](C)c1ccc(-c2scnc2C)cc1)C(C)(C)C,[*:1]NC(=O)CCCCCCC[*:2]
COc1cc(N2CCC(N3CCN(C(=O)CCOCCNc4cccc5c4C(=O)N(C4CCC(=O)NC4=O)C5=O)CC3)CC2)ccc1Nc1ncc(Cl)c(Nc2ccccc2P(C)(C)=O)n1,[*:1]N1CCN(C2CCN(c3ccc(Nc4ncc(Cl)c(Nc5ccccc5P(C)(C)=O)n4)c(OC)c3)CC2)CC1,[*:2]Nc1cccc2c1C(=O)N(C1CCC(=O)NC1=O)C2=O,[*:1]C(=O)CCOCC[*:2]
COc1cc(N2CCC(N3CCN(C(=O)CCOCCOCCNc4cccc5c4C(=O)N(C4CCC(=O)NC4=O)C5=O)CC3)CC2)ccc1Nc1ncc(Cl)c(Nc2ccccc2P(C)(C)=O)n1,[*:1]N1CCN(C2CCN(c3ccc(Nc4ncc(Cl)c(Nc5ccccc5P(C)(C)=O)n4)c(OC)c3)CC2)CC1,[*:2]Nc1cccc2c1C(=O)N(C1CCC(=O)NC1=O)C2=O,[*:1]C(=O)CCOCCOCC[*:2]
COc1cc(N2CCC(N3CCN(C(=O)CCOCCOCCOCCNc4cccc5c4C(=O)N(C4CCC(=O)NC4=O)C5=O)CC3)CC2)ccc1Nc1ncc(Cl)c(Nc2ccccc2P(C)(C)=O)n1,[*:1]N1CCN(C2CCN(c3ccc(Nc4ncc(Cl)c(Nc5ccccc5P(C)(C)=O)n4)c(OC)c3)CC2)CC1,[*:2]Nc1cccc2c1C(=O)N(C1CCC(=O)NC1=O)C2=O,[*:1]C(=O)CCOCCOCCOCC[*:2]
COc1cc(N2CCC(N3CCN(C(=O)CCOCCOCCOCCOCCNc4cccc5c4C(=O)N(C4CCC(=O)NC4=O)C5=O)CC3)CC2)ccc1Nc1ncc(Cl)c(Nc2ccccc2P(C)(C)=O)n1,[*:1]N1CCN(C2CCN(c3ccc(Nc4ncc(Cl)c(Nc5ccccc5P(C)(C)=O)n4)c(OC)c3)CC2)CC1,[*:2]Nc1cccc2c1C(=O)N(C1CCC(=O)NC1=O)C2=O,[*:1]C(=O)CCOCCOCCOCCOCC[*:2]
COc1cc(N2CCC(N3CCN(C(=O)CCOCCOCCOCCOCCOCCNc4cccc5c4C(=O)N(C4CCC(=O)NC4=O)C5=O)CC3)CC2)ccc1Nc1ncc(Cl)c(Nc2ccccc2P(C)(C)=O)n1,[*:1]N1CCN(C2CCN(c3ccc(Nc4ncc(Cl)c(Nc5ccccc5P(C)(C)=O)n4)c(OC)c3)CC2)CC1,[*:2]Nc1cccc2c1C(=O)N(C1CCC(=O)NC1=O)C2=O,[*:1]C(=O)CCOCCOCCOCCOCCOCC[*:2]
COc1cc(N2CCC(N3CCN(C(=O)CNc4cccc5c4C(=O)N(C4CCC(=O)NC4=O)C5=O)CC3)CC2)ccc1Nc1ncc(Cl)c(Nc2ccccc2P(C)(C)=O)n1,[*:1]N1CCN(C2CCN(c3ccc(Nc4ncc(Cl)c(Nc5ccccc5P(C)(C)=O)n4)c(OC)c3)CC2)CC1,[*:2]Nc1cccc2c1C(=O)N(C1CCC(=O)NC1=O)C2=O,[*:1]C(=O)C[*:2]
COc1cc(N2CCC(N3CCN(C(=O)CCNc4cccc5c4C(=O)N(C4CCC(=O)NC4=O)C5=O)CC3)CC2)ccc1Nc1ncc(Cl)c(Nc2ccccc2P(C)(C)=O)n1,[*:1]N1CCN(C2CCN(c3ccc(Nc4ncc(Cl)c(Nc5ccccc5P(C)(C)=O)n4)c(OC)c3)CC2)CC1,[*:2]Nc1cccc2c1C(=O)N(C1CCC(=O)NC1=O)C2=O,[*:1]C(=O)CC[*:2]
COc1cc(N2CCC(N3CCN(C(=O)CCCNc4cccc5c4C(=O)N(C4CCC(=O)NC4=O)C5=O)CC3)CC2)ccc1Nc1ncc(Cl)c(Nc2ccccc2P(C)(C)=O)n1,[*:1]N1CCN(C2CCN(c3ccc(Nc4ncc(Cl)c(Nc5ccccc5P(C)(C)=O)n4)c(OC)c3)CC2)CC1,[*:2]Nc1cccc2c1C(=O)N(C1CCC(=O)NC1=O)C2=O,[*:1]C(=O)CCC[*:2]
COc1cc(N2CCC(N3CCN(C(=O)CCCCNc4cccc5c4C(=O)N(C4CCC(=O)NC4=O)C5=O)CC3)CC2)ccc1Nc1ncc(Cl)c(Nc2ccccc2P(C)(C)=O)n1,[*:1]N1CCN(C2CCN(c3ccc(Nc4ncc(Cl)c(Nc5ccccc5P(C)(C)=O)n4)c(OC)c3)CC2)CC1,[*:2]Nc1cccc2c1C(=O)N(C1CCC(=O)NC1=O)C2=O,[*:1]C(=O)CCCC[*:2]
COc1cc(N2CCC(N3CCN(C(=O)CCCCCNc4cccc5c4C(=O)N(C4CCC(=O)NC4=O)C5=O)CC3)CC2)ccc1Nc1ncc(Cl)c(Nc2ccccc2P(C)(C)=O)n1,[*:1]N1CCN(C2CCN(c3ccc(Nc4ncc(Cl)c(Nc5ccccc5P(C)(C)=O)n4)c(OC)c3)CC2)CC1,[*:2]Nc1cccc2c1C(=O)N(C1CCC(=O)NC1=O)C2=O,[*:1]C(=O)CCCCC[*:2]
COc1cc(N2CCC(N3CCN(C(=O)CCCCCCNc4cccc5c4C(=O)N(C4CCC(=O)NC4=O)C5=O)CC3)CC2)ccc1Nc1ncc(Cl)c(Nc2ccccc2P(C)(C)=O)n1,[*:1]N1CCN(C2CCN(c3ccc(Nc4ncc(Cl)c(Nc5ccccc5P(C)(C)=O)n4)c(OC)c3)CC2)CC1,[*:2]Nc1cccc2c1C(=O)N(C1CCC(=O)NC1=O)C2=O,[*:1]C(=O)CCCCCC[*:2]
O=C(/C=C/CN1CCCCC1)Nc1cc2c(Nc3ccc(F)c(Cl)c3)ncnc2cc1OCc1cn(CCCCC(=O)Nc2cccc3c2C(=O)N(C2CCC(=O)NC2=O)C3=O)nn1,[*:1]COc1cc2ncnc(Nc3ccc(F)c(Cl)c3)c2cc1NC(=O)/C=C/CN1CCCCC1,[*:2]Nc1cccc2c1C(=O)N(C1CCC(=O)NC1=O)C2=O,[*:1]c1cn(CCCCC([*:2])=O)nn1
O=C(/C=C/CN1CCCCC1)Nc1cc2c(Nc3ccc(F)c(Cl)c3)ncnc2cc1OCc1cn(CCCCCCCC(=O)Nc2cccc3c2C(=O)N(C2CCC(=O)NC2=O)C3=O)nn1,[*:1]COc1cc2ncnc(Nc3ccc(F)c(Cl)c3)c2cc1NC(=O)/C=C/CN1CCCCC1,[*:2]Nc1cccc2c1C(=O)N(C1CCC(=O)NC1=O)C2=O,[*:1]c1cn(CCCCCCCC([*:2])=O)nn1
O=C(/C=C/CN1CCCCC1)Nc1cc2c(Nc3ccc(F)c(Cl)c3)ncnc2cc1OCc1cn(CCCCCCCCC(=O)Nc2cccc3c2C(=O)N(C2CCC(=O)NC2=O)C3=O)nn1,[*:1]COc1cc2ncnc(Nc3ccc(F)c(Cl)c3)c2cc1NC(=O)/C=C/CN1CCCCC1,[*:2]Nc1cccc2c1C(=O)N(C1CCC(=O)NC1=O)C2=O,[*:1]c1cn(CCCCCCCCC([*:2])=O)nn1
O=C(/C=C/CN1CCCCC1)Nc1cc2c(Nc3ccc(F)c(Cl)c3)ncnc2cc1OCc1cn(CCCCCCCCCC(=O)Nc2cccc3c2C(=O)N(C2CCC(=O)NC2=O)C3=O)nn1,[*:1]COc1cc2ncnc(Nc3ccc(F)c(Cl)c3)c2cc1NC(=O)/C=C/CN1CCCCC1,[*:2]Nc1cccc2c1C(=O)N(C1CCC(=O)NC1=O)C2=O,[*:1]c1cn(CCCCCCCCCC([*:2])=O)nn1
O=C(/C=C/CN1CCCCC1)Nc1cc2c(Nc3ccc(F)c(Cl)c3)ncnc2cc1OCc1cn(CCCCCCCCCCC(=O)Nc2cccc3c2C(=O)N(C2CCC(=O)NC2=O)C3=O)nn1,[*:1]COc1cc2ncnc(Nc3ccc(F)c(Cl)c3)c2cc1NC(=O)/C=C/CN1CCCCC1,[*:2]Nc1cccc2c1C(=O)N(C1CCC(=O)NC1=O)C2=O,[*:1]c1cn(CCCCCCCCCCC([*:2])=O)nn1
O=C(/C=C/CN1CCCCC1)Nc1cc2c(Nc3ccc(F)c(Cl)c3)ncnc2cc1OCc1cn(CCOCCOCC(=O)Nc2cccc3c2C(=O)N(C2CCC(=O)NC2=O)C3=O)nn1,[*:1]COc1cc2ncnc(Nc3ccc(F)c(Cl)c3)c2cc1NC(=O)/C=C/CN1CCCCC1,[*:2]Nc1cccc2c1C(=O)N(C1CCC(=O)NC1=O)C2=O,[*:1]c1cn(CCOCCOCC([*:2])=O)nn1
O=C(/C=C/CN1CCCCC1)Nc1cc2c(Nc3ccc(F)c(Cl)c3)ncnc2cc1OCc1cn(CCOCCOCCOCC(=O)Nc2cccc3c2C(=O)N(C2CCC(=O)NC2=O)C3=O)nn1,[*:1]COc1cc2ncnc(Nc3ccc(F)c(Cl)c3)c2cc1NC(=O)/C=C/CN1CCCCC1,[*:2]Nc1cccc2c1C(=O)N(C1CCC(=O)NC1=O)C2=O,[*:1]c1cn(CCOCCOCCOCC([*:2])=O)nn1
O=C(/C=C/CN1CCCCC1)Nc1cc2c(Nc3ccc(F)c(Cl)c3)ncnc2cc1OCc1cn(CCOCCOCCOCCOCCOCC(=O)Nc2cccc3c2C(=O)N(C2CCC(=O)NC2=O)C3=O)nn1,[*:1]COc1cc2ncnc(Nc3ccc(F)c(Cl)c3)c2cc1NC(=O)/C=C/CN1CCCCC1,[*:2]Nc1cccc2c1C(=O)N(C1CCC(=O)NC1=O)C2=O,[*:1]c1cn(CCOCCOCCOCCOCCOCC([*:2])=O)nn1
Cc1ncsc1-c1ccc(CNC(=O)[C@@H]2C[C@@H](O)CN2C(=O)[C@@H](NC(=O)CCCCn2cc(COc3cc4ncnc(Nc5ccc(F)c(Cl)c5)c4cc3NC(=O)/C=C/CN3CCCCC3)nn2)C(C)(C)C)cc1,[*:1]COc1cc2ncnc(Nc3ccc(F)c(Cl)c3)c2cc1NC(=O)/C=C/CN1CCCCC1,[*:2]CC(=O)N[C@H](C(=O)N1C[C@H](O)C[C@H]1C(=O)NCc1ccc(-c2scnc2C)cc1)C(C)(C)C,[*:1]c1cn(CCC[*:2])nn1
Cc1ncsc1-c1ccc(CNC(=O)[C@@H]2C[C@@H](O)CN2C(=O)[C@@H](NC(=O)CCCCCCCn2cc(COc3cc4ncnc(Nc5ccc(F)c(Cl)c5)c4cc3NC(=O)/C=C/CN3CCCCC3)nn2)C(C)(C)C)cc1,[*:1]COc1cc2ncnc(Nc3ccc(F)c(Cl)c3)c2cc1NC(=O)/C=C/CN1CCCCC1,[*:2]CC(=O)N[C@H](C(=O)N1C[C@H](O)C[C@H]1C(=O)NCc1ccc(-c2scnc2C)cc1)C(C)(C)C,[*:1]c1cn(CCCCCC[*:2])nn1
Cc1ncsc1-c1ccc(CNC(=O)[C@@H]2C[C@@H](O)CN2C(=O)[C@@H](NC(=O)CCCCCCCCn2cc(COc3cc4ncnc(Nc5ccc(F)c(Cl)c5)c4cc3NC(=O)/C=C/CN3CCCCC3)nn2)C(C)(C)C)cc1,[*:1]COc1cc2ncnc(Nc3ccc(F)c(Cl)c3)c2cc1NC(=O)/C=C/CN1CCCCC1,[*:2]CC(=O)N[C@H](C(=O)N1C[C@H](O)C[C@H]1C(=O)NCc1ccc(-c2scnc2C)cc1)C(C)(C)C,[*:1]c1cn(CCCCCCC[*:2])nn1
Cc1ncsc1-c1ccc(CNC(=O)[C@@H]2C[C@@H](O)CN2C(=O)[C@@H](NC(=O)CCCCCCCCCn2cc(COc3cc4ncnc(Nc5ccc(F)c(Cl)c5)c4cc3NC(=O)/C=C/CN3CCCCC3)nn2)C(C)(C)C)cc1,[*:1]COc1cc2ncnc(Nc3ccc(F)c(Cl)c3)c2cc1NC(=O)/C=C/CN1CCCCC1,[*:2]CC(=O)N[C@H](C(=O)N1C[C@H](O)C[C@H]1C(=O)NCc1ccc(-c2scnc2C)cc1)C(C)(C)C,[*:1]c1cn(CCCCCCCC[*:2])nn1
Cc1ncsc1-c1ccc(CNC(=O)[C@@H]2C[C@@H](O)CN2C(=O)[C@@H](NC(=O)CCCCCCCCCCn2cc(COc3cc4ncnc(Nc5ccc(F)c(Cl)c5)c4cc3NC(=O)/C=C/CN3CCCCC3)nn2)C(C)(C)C)cc1,[*:1]COc1cc2ncnc(Nc3ccc(F)c(Cl)c3)c2cc1NC(=O)/C=C/CN1CCCCC1,[*:2]CC(=O)N[C@H](C(=O)N1C[C@H](O)C[C@H]1C(=O)NCc1ccc(-c2scnc2C)cc1)C(C)(C)C,[*:1]c1cn(CCCCCCCCC[*:2])nn1
Cc1ncsc1-c1ccc(CNC(=O)[C@@H]2C[C@@H](O)CN2C(=O)[C@@H](NC(=O)COCCOCCn2cc(COc3cc4ncnc(Nc5ccc(F)c(Cl)c5)c4cc3NC(=O)/C=C/CN3CCCCC3)nn2)C(C)(C)C)cc1,[*:1]COc1cc2ncnc(Nc3ccc(F)c(Cl)c3)c2cc1NC(=O)/C=C/CN1CCCCC1,[*:2]CC(=O)N[C@H](C(=O)N1C[C@H](O)C[C@H]1C(=O)NCc1ccc(-c2scnc2C)cc1)C(C)(C)C,[*:1]c1cn(CCOCCO[*:2])nn1
Cc1ncsc1-c1ccc(CNC(=O)[C@@H]2C[C@@H](O)CN2C(=O)[C@@H](NC(=O)COCCOCCOCCOCCOCCn2cc(COc3cc4ncnc(Nc5ccc(F)c(Cl)c5)c4cc3NC(=O)/C=C/CN3CCCCC3)nn2)C(C)(C)C)cc1,[*:1]COc1cc2ncnc(Nc3ccc(F)c(Cl)c3)c2cc1NC(=O)/C=C/CN1CCCCC1,[*:2]CC(=O)N[C@H](C(=O)N1C[C@H](O)C[C@H]1C(=O)NCc1ccc(-c2scnc2C)cc1)C(C)(C)C,[*:1]c1cn(CCOCCOCCOCCOCCO[*:2])nn1
Cc1ncsc1-c1ccc(CNC(=O)[C@@H]2C[C@@H](O)CN2C(=O)[C@@H](NC(=O)COCCOCCOCCn2cc(COc3cc4ncnc(Nc5ccc(F)c(Cl)c5)c4cc3NC(=O)/C=C/CN3CCCCC3)nn2)C(C)(C)C)cc1,[*:1]COc1cc2ncnc(Nc3ccc(F)c(Cl)c3)c2cc1NC(=O)/C=C/CN1CCCCC1,[*:2]CC(=O)N[C@H](C(=O)N1C[C@H](O)C[C@H]1C(=O)NCc1ccc(-c2scnc2C)cc1)C(C)(C)C,[*:1]c1cn(CCOCCOCCO[*:2])nn1
Cc1ncsc1-c1ccc(CNC(=O)[C@@H]2C[C@@H](O)CN2C(=O)[C@@H](NC(=O)COCCOCCn2cc(CCCCCOc3cc4ncnc(Nc5ccc(F)c(Cl)c5)c4cc3NC(=O)/C=C/CN3CCCCC3)nn2)C(C)(C)C)cc1,[*:1]COc1cc2ncnc(Nc3ccc(F)c(Cl)c3)c2cc1NC(=O)/C=C/CN1CCCCC1,[*:2]CC(=O)N[C@H](C(=O)N1C[C@H](O)C[C@H]1C(=O)NCc1ccc(-c2scnc2C)cc1)C(C)(C)C,[*:1]CCCCc1cn(CCOCCO[*:2])nn1
Cc1ncsc1-c1ccc(CNC(=O)[C@@H]2C[C@@H](O)CN2C(=O)[C@@H](NC(=O)CCCCCCCC(=O)Nc2ccc(C(=O)Nc3ccccc3N)cc2)C(C)(C)C)cc1,[*:1]CC(=O)Nc1ccc(C(=O)Nc2ccccc2N)cc1,[*:2]CC(=O)N[C@H](C(=O)N1C[C@H](O)C[C@H]1C(=O)NCc1ccc(-c2scnc2C)cc1)C(C)(C)C,[*:1]CCCCC[*:2]
Cc1ncsc1-c1ccc(CNC(=O)[C@@H]2C[C@@H](O)CN2C(=O)[C@@H](NC(=O)CCCCCCCCC(=O)Nc2ccc(C(=O)Nc3ccccc3N)cc2)C(C)(C)C)cc1,[*:1]CC(=O)Nc1ccc(C(=O)Nc2ccccc2N)cc1,[*:2]CC(=O)N[C@H](C(=O)N1C[C@H](O)C[C@H]1C(=O)NCc1ccc(-c2scnc2C)cc1)C(C)(C)C,[*:1]CCCCCC[*:2]
Cc1ncsc1-c1ccc(CNC(=O)[C@@H]2C[C@@H](O)CN2C(=O)[C@@H](NC(=O)CCCCCCCCCC(=O)Nc2ccc(C(=O)Nc3ccccc3N)cc2)C(C)(C)C)cc1,[*:1]CC(=O)Nc1ccc(C(=O)Nc2ccccc2N)cc1,[*:2]CC(=O)N[C@H](C(=O)N1C[C@H](O)C[C@H]1C(=O)NCc1ccc(-c2scnc2C)cc1)C(C)(C)C,[*:1]CCCCCCC[*:2]
Cc1ncsc1-c1ccc(CNC(=O)[C@@H]2C[C@@H](O)CN2C(=O)[C@@H](NC(=O)CCCCCCCCCCCCC(=O)Nc2ccc(C(=O)Nc3ccccc3N)cc2)C(C)(C)C)cc1,[*:1]CC(=O)Nc1ccc(C(=O)Nc2ccccc2N)cc1,[*:2]CC(=O)N[C@H](C(=O)N1C[C@H](O)C[C@H]1C(=O)NCc1ccc(-c2scnc2C)cc1)C(C)(C)C,[*:1]CCCCCCCCCC[*:2]
Cc1ncsc1-c1ccc(CNC(=O)[C@@H]2C[C@@H](O)CN2C(=O)[C@@H](NC(=O)COCCCCCCCCC(=O)Nc2ccc(C(=O)Nc3ccccc3N)cc2)C(C)(C)C)cc1,[*:1]CC(=O)Nc1ccc(C(=O)Nc2ccccc2N)cc1,[*:2]CC(=O)N[C@H](C(=O)N1C[C@H](O)C[C@H]1C(=O)NCc1ccc(-c2scnc2C)cc1)C(C)(C)C,[*:1]CCCCCCCO[*:2]
Cc1ncsc1-c1ccc(CNC(=O)[C@@H]2C[C@@H](O)CN2C(=O)[C@@H](NC(=O)CCCCCCCCOCC(=O)Nc2ccc(C(=O)Nc3ccccc3N)cc2)C(C)(C)C)cc1,[*:1]CC(=O)Nc1ccc(C(=O)Nc2ccccc2N)cc1,[*:2]CC(=O)N[C@H](C(=O)N1C[C@H](O)C[C@H]1C(=O)NCc1ccc(-c2scnc2C)cc1)C(C)(C)C,[*:1]OCCCCCCC[*:2]
Cc1ncsc1-c1ccc(CNC(=O)[C@@H]2C[C@@H](O)CN2C(=O)[C@@H](NC(=O)COCCCCCCOCC(=O)Nc2ccc(C(=O)Nc3ccccc3N)cc2)C(C)(C)C)cc1,[*:1]CC(=O)Nc1ccc(C(=O)Nc2ccccc2N)cc1,[*:2]CC(=O)N[C@H](C(=O)N1C[C@H](O)C[C@H]1C(=O)NCc1ccc(-c2scnc2C)cc1)C(C)(C)C,[*:1]OCCCCCCO[*:2]
Cc1ncsc1-c1ccc(CNC(=O)[C@@H]2C[C@@H](O)CN2C(=O)[C@@H](NC(=O)COCCCCCCCCCOCC(=O)Nc2ccc(C(=O)Nc3ccccc3N)cc2)C(C)(C)C)cc1,[*:1]CC(=O)Nc1ccc(C(=O)Nc2ccccc2N)cc1,[*:2]CC(=O)N[C@H](C(=O)N1C[C@H](O)C[C@H]1C(=O)NCc1ccc(-c2scnc2C)cc1)C(C)(C)C,[*:1]OCCCCCCCCCO[*:2]
Cc1ncsc1-c1ccc(CNC(=O)[C@@H]2C[C@@H](O)CN2C(=O)[C@@H](NC(=O)COCCOCC(=O)Nc2ccc(C(=O)Nc3ccccc3N)cc2)C(C)(C)C)cc1,[*:1]CC(=O)Nc1ccc(C(=O)Nc2ccccc2N)cc1,[*:2]CC(=O)N[C@H](C(=O)N1C[C@H](O)C[C@H]1C(=O)NCc1ccc(-c2scnc2C)cc1)C(C)(C)C,[*:1]OCCO[*:2]
Cc1ncsc1-c1ccc(CNC(=O)[C@@H]2C[C@@H](O)CN2C(=O)[C@@H](NC(=O)COCCOCCOCC(=O)Nc2ccc(C(=O)Nc3ccccc3N)cc2)C(C)(C)C)cc1,[*:1]CC(=O)Nc1ccc(C(=O)Nc2ccccc2N)cc1,[*:2]CC(=O)N[C@H](C(=O)N1C[C@H](O)C[C@H]1C(=O)NCc1ccc(-c2scnc2C)cc1)C(C)(C)C,[*:1]OCCOCCO[*:2]
Cc1ncsc1-c1ccc(CNC(=O)[C@@H]2C[C@@H](O)CN2C(=O)[C@@H](NC(=O)COCCOCCOCCOCC(=O)Nc2ccc(C(=O)Nc3ccccc3N)cc2)C(C)(C)C)cc1,[*:1]CC(=O)Nc1ccc(C(=O)Nc2ccccc2N)cc1,[*:2]CC(=O)N[C@H](C(=O)N1C[C@H](O)C[C@H]1C(=O)NCc1ccc(-c2scnc2C)cc1)C(C)(C)C,[*:1]OCCOCCOCCO[*:2]
Cc1ncsc1-c1ccc(CNC(=O)[C@@H]2C[C@@H](O)CN2C(=O)[C@@H](NC(=O)CCCN2CCN(CCCC(=O)Nc3ccc(C(=O)Nc4ccccc4N)cc3)CC2)C(C)(C)C)cc1,[*:1]CC(=O)Nc1ccc(C(=O)Nc2ccccc2N)cc1,[*:2]CC(=O)N[C@H](C(=O)N1C[C@H](O)C[C@H]1C(=O)NCc1ccc(-c2scnc2C)cc1)C(C)(C)C,[*:1]CCN1CCN(CC[*:2])CC1
Cc1ncsc1-c1ccc(CNC(=O)[C@@H]2C[C@@H](O)CN2C(=O)[C@@H](NC(=O)CCCCCCCC(=O)Nc2ccc(C(=O)Nc3ccc(F)cc3N)cc2)C(C)(C)C)cc1,[*:1]CC(=O)Nc1ccc(C(=O)Nc2ccc(F)cc2N)cc1,[*:2]CC(=O)N[C@H](C(=O)N1C[C@H](O)C[C@H]1C(=O)NCc1ccc(-c2scnc2C)cc1)C(C)(C)C,[*:1]CCCCC[*:2]
Cc1ncsc1-c1ccc(CNC(=O)[C@@H]2C[C@@H](O)CN2C(=O)[C@@H](NC(=O)CCCCCCCCCCC(=O)Nc2ccc(C(=O)Nc3ccc(F)cc3N)cc2)C(C)(C)C)cc1,[*:1]CC(=O)Nc1ccc(C(=O)Nc2ccc(F)cc2N)cc1,[*:2]CC(=O)N[C@H](C(=O)N1C[C@H](O)C[C@H]1C(=O)NCc1ccc(-c2scnc2C)cc1)C(C)(C)C,[*:1]CCCCCCCC[*:2]
Cc1ncsc1-c1ccc(CNC(=O)[C@@H]2C[C@@H](O)CN2C(=O)[C@@H](NC(=O)COCCOCCOCC(=O)Nc2ccc(C(=O)Nc3ccc(F)cc3N)cc2)C(C)(C)C)cc1,[*:1]CC(=O)Nc1ccc(C(=O)Nc2ccc(F)cc2N)cc1,[*:2]CC(=O)N[C@H](C(=O)N1C[C@H](O)C[C@H]1C(=O)NCc1ccc(-c2scnc2C)cc1)C(C)(C)C,[*:1]OCCOCCO[*:2]
Cc1ncsc1-c1ccc(CNC(=O)[C@@H]2C[C@@H](O)CN2C(=O)[C@@H](NC(=O)COCCCCCCCCCOCC(=O)Nc2ccc(C(=O)Nc3ccc(F)cc3N)cc2)C(C)(C)C)cc1,[*:1]CC(=O)Nc1ccc(C(=O)Nc2ccc(F)cc2N)cc1,[*:2]CC(=O)N[C@H](C(=O)N1C[C@H](O)C[C@H]1C(=O)NCc1ccc(-c2scnc2C)cc1)C(C)(C)C,[*:1]OCCCCCCCCCO[*:2]
Cc1ncsc1-c1ccc(CNC(=O)[C@@H]2C[C@@H](O)CN2C(=O)[C@@H](NC(=O)CCCCCCCC(=O)Nc2ccc(C(=O)Nc3cc(-c4cccs4)ccc3N)cc2)C(C)(C)C)cc1,[*:1]CC(=O)Nc1ccc(C(=O)Nc2cc(-c3cccs3)ccc2N)cc1,[*:2]CC(=O)N[C@H](C(=O)N1C[C@H](O)C[C@H]1C(=O)NCc1ccc(-c2scnc2C)cc1)C(C)(C)C,[*:1]CCCCC[*:2]
Cc1ncsc1-c1ccc(CNC(=O)[C@@H]2C[C@@H](O)CN2C(=O)[C@@H](NC(=O)CCCCCCCCCCC(=O)Nc2ccc(C(=O)Nc3cc(-c4cccs4)ccc3N)cc2)C(C)(C)C)cc1,[*:1]CC(=O)Nc1ccc(C(=O)Nc2cc(-c3cccs3)ccc2N)cc1,[*:2]CC(=O)N[C@H](C(=O)N1C[C@H](O)C[C@H]1C(=O)NCc1ccc(-c2scnc2C)cc1)C(C)(C)C,[*:1]CCCCCCCC[*:2]
Cc1ncsc1-c1ccc(CNC(=O)[C@@H]2C[C@@H](O)CN2C(=O)[C@@H](NC(=O)COCCOCCOCC(=O)Nc2ccc(C(=O)Nc3cc(-c4cccs4)ccc3N)cc2)C(C)(C)C)cc1,[*:1]CC(=O)Nc1ccc(C(=O)Nc2cc(-c3cccs3)ccc2N)cc1,[*:2]CC(=O)N[C@H](C(=O)N1C[C@H](O)C[C@H]1C(=O)NCc1ccc(-c2scnc2C)cc1)C(C)(C)C,[*:1]OCCOCCO[*:2]
CC(=O)N[C@H](C(=O)N1C[C@H](O)C[C@H]1C(=O)NCc1ccc(-c2scnc2C)cc1OCCCCCCCCCCCC(=O)Nc1ccc(C(=O)Nc2ccccc2N)cc1)C(C)(C)C,[*:1]CC(=O)Nc1ccc(C(=O)Nc2ccccc2N)cc1,[*:2]c1cc(-c2scnc2C)ccc1CNC(=O)[C@@H]1C[C@@H](O)CN1C(=O)[C@@H](NC(C)=O)C(C)(C)C,[*:1]CCCCCCCCCCO[*:2]
Cc1ncsc1-c1ccc(CNC(=O)[C@@H]2C[C@@H](O)CN2C(=O)[C@@H](NC(=O)C2(F)CC2)C(C)(C)C)c(OCCCCCCCCCCCC(=O)Nc2ccc(C(=O)Nc3ccccc3N)cc2)c1,[*:1]CC(=O)Nc1ccc(C(=O)Nc2ccccc2N)cc1,[*:2]Oc1cc(-c2scnc2C)ccc1CNC(=O)[C@@H]1C[C@@H](O)CN1C(=O)[C@@H](NC(=O)C1(F)CC1)C(C)(C)C,[*:1]CCCCCCCCCC[*:2]
CC(=O)N[C@H](C(=O)N1C[C@H](O)C[C@H]1C(=O)NCc1ccc(-c2scnc2C)cc1OCCCCNC(=O)CCCCC(=O)Nc1ccc(C(=O)Nc2ccccc2N)cc1)C(C)(C)C,[*:1]CC(=O)Nc1ccc(C(=O)Nc2ccccc2N)cc1,[*:2]c1cc(-c2scnc2C)ccc1CNC(=O)[C@@H]1C[C@@H](O)CN1C(=O)[C@@H](NC(C)=O)C(C)(C)C,[*:1]CCCC(=O)NCCCCO[*:2]
CC(=O)N[C@H](C(=O)N1C[C@H](O)C[C@H]1C(=O)NCc1ccc(-c2scnc2C)cc1OCCCCNC(=O)CCCCCCCC(=O)Nc1ccc(C(=O)Nc2ccccc2N)cc1)C(C)(C)C,[*:1]CC(=O)Nc1ccc(C(=O)Nc2ccccc2N)cc1,[*:2]c1cc(-c2scnc2C)ccc1CNC(=O)[C@@H]1C[C@@H](O)CN1C(=O)[C@@H](NC(C)=O)C(C)(C)C,[*:1]CCCCCCC(=O)NCCCCO[*:2]
CC(C)c1cnn2c(NCc3ccccc3)cc(NCCCCCCNCCOCCNC(=O)COc3cccc4c3C(=O)N(C3CCC(=O)NC3=O)C4=O)nc12,[*:1]NCCCCCCNc1cc(NCc2ccccc2)n2ncc(C(C)C)c2n1,[*:2]c1cccc2c1C(=O)N(C1CCC(=O)NC1=O)C2=O,[*:1]CCOCCNC(=O)CO[*:2]
CC(C)c1cnn2c(NCc3ccccc3)cc(NCCCCCCNCCOCCOCCOCCNC(=O)COc3cccc4c3C(=O)N(C3CCC(=O)NC3=O)C4=O)nc12,[*:1]NCCCCCCNc1cc(NCc2ccccc2)n2ncc(C(C)C)c2n1,[*:2]c1cccc2c1C(=O)N(C1CCC(=O)NC1=O)C2=O,[*:1]CCOCCOCCOCCNC(=O)CO[*:2]
CC(C)c1cnn2c(NCc3ccccc3-n3ccnc3)nc(OC3CCN(CCOCCNC(=O)COc4cccc5c4C(=O)N(C4CCC(=O)NC4=O)C5=O)CC3)nc12,[*:1]CN1CCC(Oc2nc(NCc3ccccc3-n3ccnc3)n3ncc(C(C)C)c3n2)CC1,[*:2]c1cccc2c1C(=O)N(C1CCC(=O)NC1=O)C2=O,[*:1]COCCNC(=O)CO[*:2]
CC(C)c1cnn2c(NCc3ccccc3-n3ccnc3)nc(OC3CCN(CCOCCOCCOCCNC(=O)COc4cccc5c4C(=O)N(C4CCC(=O)NC4=O)C5=O)CC3)nc12,[*:1]CN1CCC(Oc2nc(NCc3ccccc3-n3ccnc3)n3ncc(C(C)C)c3n2)CC1,[*:2]c1cccc2c1C(=O)N(C1CCC(=O)NC1=O)C2=O,[*:1]COCCOCCOCCNC(=O)CO[*:2]
CC(C)c1cnn2c(NCc3ccccc3N(C)C)nc(OC3CCN(CCOCCNC(=O)COc4cccc5c4C(=O)N(C4CCC(=O)NC4=O)C5=O)CC3)nc12,[*:1]CN1CCC(Oc2nc(NCc3ccccc3N(C)C)n3ncc(C(C)C)c3n2)CC1,[*:2]c1cccc2c1C(=O)N(C1CCC(=O)NC1=O)C2=O,[*:1]COCCNC(=O)CO[*:2]
CC(C)c1cnn2c(NCc3ccccc3N(C)C)nc(OC3CCN(CCOCCOCCOCCNC(=O)COc4cccc5c4C(=O)N(C4CCC(=O)NC4=O)C5=O)CC3)nc12,[*:1]CN1CCC(Oc2nc(NCc3ccccc3N(C)C)n3ncc(C(C)C)c3n2)CC1,[*:2]c1cccc2c1C(=O)N(C1CCC(=O)NC1=O)C2=O,[*:1]COCCOCCOCCNC(=O)CO[*:2]
CC(C)c1cnn2c(NCc3ccccc3)nc(OC3CCN(CCOCCNC(=O)COc4cccc5c4C(=O)N(C4CCC(=O)NC4=O)C5=O)CC3)nc12,[*:1]CN1CCC(Oc2nc(NCc3ccccc3)n3ncc(C(C)C)c3n2)CC1,[*:2]c1cccc2c1C(=O)N(C1CCC(=O)NC1=O)C2=O,[*:1]COCCNC(=O)CO[*:2]
CC(C)c1cnn2c(NCc3ccccc3)nc(OC3CCN(CCOCCOCCOCCNC(=O)COc4cccc5c4C(=O)N(C4CCC(=O)NC4=O)C5=O)CC3)nc12,[*:1]CN1CCC(Oc2nc(NCc3ccccc3)n3ncc(C(C)C)c3n2)CC1,[*:2]c1cccc2c1C(=O)N(C1CCC(=O)NC1=O)C2=O,[*:1]COCCOCCOCCNC(=O)CO[*:2]
CC(C)c1cnn2c(NCc3cccc(CCCCCCNC(=O)COc4cccc5c4C(=O)N(C4CCC(=O)NC4=O)C5=O)c3)cc(NCCCCCCN)nc12,[*:1]c1cccc(CNc2cc(NCCCCCCN)nc3c(C(C)C)cnn23)c1,[*:2]c1cccc2c1C(=O)N(C1CCC(=O)NC1=O)C2=O,[*:1]CCCCCCNC(=O)CO[*:2]
CC(C)c1cnn2c(NCc3ccc(CCCCCCNC(=O)COc4cccc5c4C(=O)N(C4CCC(=O)NC4=O)C5=O)cc3)cc(NCCCCCCN)nc12,[*:1]c1ccc(CNc2cc(NCCCCCCN)nc3c(C(C)C)cnn23)cc1,[*:2]c1cccc2c1C(=O)N(C1CCC(=O)NC1=O)C2=O,[*:1]CCCCCCNC(=O)CO[*:2]
CC(C)c1cnn2c(NCc3ccc(CCCCCCNC(=O)COc4cccc5c4C(=O)N(C4CCC(=O)NC4=O)C5=O)cc3N(C)C)nc(OC3CCN(C)CC3)nc12,[*:1]c1ccc(CNc2nc(OC3CCN(C)CC3)nc3c(C(C)C)cnn23)c(N(C)C)c1,[*:2]c1cccc2c1C(=O)N(C1CCC(=O)NC1=O)C2=O,[*:1]CCCCCCNC(=O)CO[*:2]
CC(C)c1cnn2c(NCc3cc(CCCCCCNC(=O)COc4cccc5c4C(=O)N(C4CCC(=O)NC4=O)C5=O)ccc3N(C)C)nc(OC3CCN(C)CC3)nc12,[*:1]c1ccc(N(C)C)c(CNc2nc(OC3CCN(C)CC3)nc3c(C(C)C)cnn23)c1,[*:2]c1cccc2c1C(=O)N(C1CCC(=O)NC1=O)C2=O,[*:1]CCCCCCNC(=O)CO[*:2]
CC(C)c1cnn2c(NCc3ccc(NC(=O)CCCCCCNC(=O)COc4cccc5c4C(=O)N(C4CCC(=O)NC4=O)C5=O)cc3N(C)C)nc(OC3CCN(C)CC3)nc12,[*:1]c1ccc(CNc2nc(OC3CCN(C)CC3)nc3c(C(C)C)cnn23)c(N(C)C)c1,[*:2]c1cccc2c1C(=O)N(C1CCC(=O)NC1=O)C2=O,[*:1]NC(=O)CCCCCCNC(=O)CO[*:2]
CC(C)c1cnn2c(NCc3cc(NC(=O)CCCCCCNC(=O)COc4cccc5c4C(=O)N(C4CCC(=O)NC4=O)C5=O)ccc3N(C)C)nc(OC3CCN(C)CC3)nc12,[*:1]c1ccc(N(C)C)c(CNc2nc(OC3CCN(C)CC3)nc3c(C(C)C)cnn23)c1,[*:2]c1cccc2c1C(=O)N(C1CCC(=O)NC1=O)C2=O,[*:1]NC(=O)CCCCCCNC(=O)CO[*:2]
CC(C)c1cnn2c(NCc3ccc(NC(=O)CCCCCCNc4cccc5c4C(=O)N(C4CCC(=O)NC4=O)C5=O)cc3N(C)C)nc(OC3CCN(C)CC3)nc12,[*:1]c1ccc(CNc2nc(OC3CCN(C)CC3)nc3c(C(C)C)cnn23)c(N(C)C)c1,[*:2]Nc1cccc2c1C(=O)N(C1CCC(=O)NC1=O)C2=O,[*:1]NC(=O)CCCCCC[*:2]
CC(C)c1cnn2c(NCc3cccc(CCCCCCCOc4cccc5c4C(=O)N(C4CCC(=O)NC4=O)C5=O)c3N(C)C)nc(OC3CCN(C)CC3)nc12,[*:1]c1cccc(CNc2nc(OC3CCN(C)CC3)nc3c(C(C)C)cnn23)c1N(C)C,[*:2]c1cccc2c1C(=O)N(C1CCC(=O)NC1=O)C2=O,[*:1]CCCCCCCO[*:2]
CC(C)c1cnn2c(NCc3ccc(CCCCCCCOc4cccc5c4C(=O)N(C4CCC(=O)NC4=O)C5=O)cc3N(C)C)nc(OC3CCN(C)CC3)nc12,[*:1]c1ccc(CNc2nc(OC3CCN(C)CC3)nc3c(C(C)C)cnn23)c(N(C)C)c1,[*:2]c1cccc2c1C(=O)N(C1CCC(=O)NC1=O)C2=O,[*:1]CCCCCCCO[*:2]
CC(C)c1cnn2c(NCc3cccc(NC(=O)CCCCCCNC(=O)COc4cccc5c4C(=O)N(C4CCC(=O)NC4=O)C5=O)c3)nc(OC3CCN(C)CC3)nc12,[*:1]c1cccc(CNc2nc(OC3CCN(C)CC3)nc3c(C(C)C)cnn23)c1,[*:2]c1cccc2c1C(=O)N(C1CCC(=O)NC1=O)C2=O,[*:1]NC(=O)CCCCCCNC(=O)CO[*:2]
CC(C)c1cnn2c(NCc3ccc(NC(=O)CCCCCCNC(=O)COc4cccc5c4C(=O)N(C4CCC(=O)NC4=O)C5=O)cc3)nc(OC3CCN(C)CC3)nc12,[*:1]c1ccc(CNc2nc(OC3CCN(C)CC3)nc3c(C(C)C)cnn23)cc1,[*:2]c1cccc2c1C(=O)N(C1CCC(=O)NC1=O)C2=O,[*:1]NC(=O)CCCCCCNC(=O)CO[*:2]
CC(C)c1cnn2c(NCc3ccc(NC(=O)CCCCCCNc4cccc5c4C(=O)N(C4CCC(=O)NC4=O)C5=O)cc3)nc(OC3CCN(C)CC3)nc12,[*:1]c1ccc(CNc2nc(OC3CCN(C)CC3)nc3c(C(C)C)cnn23)cc1,[*:2]Nc1cccc2c1C(=O)N(C1CCC(=O)NC1=O)C2=O,[*:1]NC(=O)CCCCCC[*:2]
CC(C)c1cnn2c(NCc3ccc(NC(=O)CCCCCCOc4cccc5c4C(=O)N(C4CCC(=O)NC4=O)C5=O)cc3)nc(OC3CCN(C)CC3)nc12,[*:1]c1ccc(CNc2nc(OC3CCN(C)CC3)nc3c(C(C)C)cnn23)cc1,[*:2]c1cccc2c1C(=O)N(C1CCC(=O)NC1=O)C2=O,[*:1]NC(=O)CCCCCCO[*:2]
CC(C)c1cnn2c(NCc3ccc(NC(=O)CCCCCOc4cccc5c4C(=O)N(C4CCC(=O)NC4=O)C5=O)cc3)nc(OC3CCN(C)CC3)nc12,[*:1]c1ccc(CNc2nc(OC3CCN(C)CC3)nc3c(C(C)C)cnn23)cc1,[*:2]c1cccc2c1C(=O)N(C1CCC(=O)NC1=O)C2=O,[*:1]NC(=O)CCCCCO[*:2]
CC(C)c1cnn2c(NCc3ccc(CCCCCCCOc4cccc5c4C(=O)N(C4CCC(=O)NC4=O)C5=O)cc3)nc(OC3CCN(C)CC3)nc12,[*:1]c1ccc(CNc2nc(OC3CCN(C)CC3)nc3c(C(C)C)cnn23)cc1,[*:2]c1cccc2c1C(=O)N(C1CCC(=O)NC1=O)C2=O,[*:1]CCCCCCCO[*:2]
CC(C)c1cnn2c(NCc3ccc(NC(=O)CCCCCCCOc4cccc5c4C(=O)N(C4CCC(=O)NC4=O)C5=O)cc3)nc(OC3CCN(C)CC3)nc12,[*:1]c1ccc(CNc2nc(OC3CCN(C)CC3)nc3c(C(C)C)cnn23)cc1,[*:2]c1cccc2c1C(=O)N(C1CCC(=O)NC1=O)C2=O,[*:1]NC(=O)CCCCCCCO[*:2]
CC(C)c1cnn2c(NCc3ccc(NC(=O)CCCCCCCCOc4cccc5c4C(=O)N(C4CCC(=O)NC4=O)C5=O)cc3)nc(OC3CCN(C)CC3)nc12,[*:1]c1ccc(CNc2nc(OC3CCN(C)CC3)nc3c(C(C)C)cnn23)cc1,[*:2]c1cccc2c1C(=O)N(C1CCC(=O)NC1=O)C2=O,[*:1]NC(=O)CCCCCCCCO[*:2]
CC(C)c1cnn2c(NCc3ccc(NC(=O)COCCOCCOc4cccc5c4C(=O)N(C4CCC(=O)NC4=O)C5=O)cc3)nc(OC3CCN(C)CC3)nc12,[*:1]c1ccc(CNc2nc(OC3CCN(C)CC3)nc3c(C(C)C)cnn23)cc1,[*:2]c1cccc2c1C(=O)N(C1CCC(=O)NC1=O)C2=O,[*:1]NC(=O)COCCOCCO[*:2]
CC(C)c1cnn2c(NCc3ccc(CCCOCCOCCOc4cccc5c4C(=O)N(C4CCC(=O)NC4=O)C5=O)cc3)nc(OC3CCN(C)CC3)nc12,[*:1]c1ccc(CNc2nc(OC3CCN(C)CC3)nc3c(C(C)C)cnn23)cc1,[*:2]c1cccc2c1C(=O)N(C1CCC(=O)NC1=O)C2=O,[*:1]CCCOCCOCCO[*:2]
CC(C)c1cnn2c(NCc3ccc(NC(=O)COCCOCCOCCOc4cccc5c4C(=O)N(C4CCC(=O)NC4=O)C5=O)cc3)nc(OC3CCN(C)CC3)nc12,[*:1]c1ccc(CNc2nc(OC3CCN(C)CC3)nc3c(C(C)C)cnn23)cc1,[*:2]c1cccc2c1C(=O)N(C1CCC(=O)NC1=O)C2=O,[*:1]NC(=O)COCCOCCOCCO[*:2]
CC(C)c1cnn2c(NCc3ccc(NC(=O)CCCCCCc4cccc5c4CN(C4CCC(=O)NC4=O)C5=O)cc3)nc(OC3CCN(C)CC3)nc12,[*:1]c1ccc(CNc2nc(OC3CCN(C)CC3)nc3c(C(C)C)cnn23)cc1,[*:2]Cc1cccc2c1CN(C1CCC(=O)NC1=O)C2=O,[*:1]NC(=O)CCCCC[*:2]
CC(C)c1cnn2c(NCc3ccc(NC(=O)CCCCCN4CCN(CCCCCc5cccc6c5CN(C5CCC(=O)NC5=O)C6=O)CC4)cc3)nc(OC3CCN(C)CC3)nc12,[*:1]c1ccc(CNc2nc(OC3CCN(C)CC3)nc3c(C(C)C)cnn23)cc1,[*:2]Cc1cccc2c1CN(C1CCC(=O)NC1=O)C2=O,[*:1]NC(=O)CCCCCN1CCN(CCCC[*:2])CC1
CC(C)c1cnn2c(NCc3ccc(NC(=O)CCCN4CCN(CCCCCc5cccc6c5CN(C5CCC(=O)NC5=O)C6=O)CC4)cc3)nc(OC3CCN(C)CC3)nc12,[*:1]c1ccc(CNc2nc(OC3CCN(C)CC3)nc3c(C(C)C)cnn23)cc1,[*:2]Cc1cccc2c1CN(C1CCC(=O)NC1=O)C2=O,[*:1]NC(=O)CCCN1CCN(CCCC[*:2])CC1
CC(C)c1cnn2c(NCc3ccc(NC(=O)CCCCCN4CCN(CCCc5cccc6c5CN(C5CCC(=O)NC5=O)C6=O)CC4)cc3)nc(OC3CCN(C)CC3)nc12,[*:1]c1ccc(CNc2nc(OC3CCN(C)CC3)nc3c(C(C)C)cnn23)cc1,[*:2]Cc1cccc2c1CN(C1CCC(=O)NC1=O)C2=O,[*:1]NC(=O)CCCCCN1CCN(CC[*:2])CC1
CC(C)c1cnn2c(NCc3ccc(NC(=O)CCCN4CCN(CCCc5cccc6c5CN(C5CCC(=O)NC5=O)C6=O)CC4)cc3)nc(OC3CCN(C)CC3)nc12,[*:1]c1ccc(CNc2nc(OC3CCN(C)CC3)nc3c(C(C)C)cnn23)cc1,[*:2]Cc1cccc2c1CN(C1CCC(=O)NC1=O)C2=O,[*:1]NC(=O)CCCN1CCN(CC[*:2])CC1
CC(C)c1cnn2c(NCc3ccc(NC(=O)N4CCN(CCCCCc5cccc6c5CN(C5CCC(=O)NC5=O)C6=O)CC4)cc3)nc(OC3CCN(C)CC3)nc12,[*:1]c1ccc(CNc2nc(OC3CCN(C)CC3)nc3c(C(C)C)cnn23)cc1,[*:2]Cc1cccc2c1CN(C1CCC(=O)NC1=O)C2=O,[*:1]NC(=O)N1CCN(CCCC[*:2])CC1
N#Cc1ccc(O[C@H]2CC[C@H](NC(=O)c3ccc(N4CCC(N5CCN(c6ccc7c(c6)C(=O)N(C6CCC(=O)NC6=O)C7=O)CC5)CC4)cc3)C2)cc1Cl,[*:1]c1ccc(C(=O)N[C@H]2CC[C@H](Oc3ccc(C#N)c(Cl)c3)C2)cc1,[*:2]c1ccc2c(c1)C(=O)N(C1CCC(=O)NC1=O)C2=O,[*:1]N1CCC(N2CCN([*:2])CC2)CC1
N#Cc1ccc(O[C@@H]2CCC[C@@H](NC(=O)c3ccc(N4CCC(N5CCN(c6ccc7c(c6)C(=O)N(C6CCC(=O)NC6=O)C7=O)CC5)CC4)cc3)CC2)cc1Cl,[*:1]c1ccc(C(=O)N[C@@H]2CCC[C@@H](Oc3ccc(C#N)c(Cl)c3)CC2)cc1,[*:2]c1ccc2c(c1)C(=O)N(C1CCC(=O)NC1=O)C2=O,[*:1]N1CCC(N2CCN([*:2])CC2)CC1
N#Cc1ccc(OC2CCN(C(=O)c3ccc(N4CCC(N5CCN(c6ccc7c(c6)C(=O)N(C6CCC(=O)NC6=O)C7=O)CC5)CC4)cc3)CC2)cc1Cl,[*:1]c1ccc(C(=O)N2CCC(Oc3ccc(C#N)c(Cl)c3)CC2)cc1,[*:2]c1ccc2c(c1)C(=O)N(C1CCC(=O)NC1=O)C2=O,[*:1]N1CCC(N2CCN([*:2])CC2)CC1
N#Cc1ccc(OC2CCCN(C(=O)c3ccc(N4CCC(N5CCN(c6ccc7c(c6)C(=O)N(C6CCC(=O)NC6=O)C7=O)CC5)CC4)cc3)CC2)cc1Cl,[*:1]c1ccc(C(=O)N2CCCC(Oc3ccc(C#N)c(Cl)c3)CC2)cc1,[*:2]c1ccc2c(c1)C(=O)N(C1CCC(=O)NC1=O)C2=O,[*:1]N1CCC(N2CCN([*:2])CC2)CC1
COc1cc(N(C)CCN(C)C)c(NC(=O)/C=C/CN(C)CCN(C)C(=O)CCCC(=O)N[C@H](C(=O)N2C[C@H](O)C[C@H]2C(=O)NCc2ccc(-c3scnc3C)cc2)C(C)(C)C)cc1Nc1nccc(-c2cn(C)c3ccccc23)n1,[*:1]/C=C/C(=O)Nc1cc(Nc2nccc(-c3cn(C)c4ccccc34)n2)c(OC)cc1N(C)CCN(C)C,[*:2]CC(=O)N[C@H](C(=O)N1C[C@H](O)C[C@H]1C(=O)NCc1ccc(-c2scnc2C)cc1)C(C)(C)C,[*:1]CN(C)CCN(C)C(=O)CC[*:2]
COc1cc(N(C)CCN(C)C)c(NC(=O)/C=C/CN(C)CCN(C)C(=O)CCCCCC(=O)N[C@H](C(=O)N2C[C@H](O)C[C@H]2C(=O)NCc2ccc(-c3scnc3C)cc2)C(C)(C)C)cc1Nc1nccc(-c2cn(C)c3ccccc23)n1,[*:1]/C=C/C(=O)Nc1cc(Nc2nccc(-c3cn(C)c4ccccc34)n2)c(OC)cc1N(C)CCN(C)C,[*:2]CC(=O)N[C@H](C(=O)N1C[C@H](O)C[C@H]1C(=O)NCc1ccc(-c2scnc2C)cc1)C(C)(C)C,[*:1]CN(C)CCN(C)C(=O)CCCC[*:2]
COc1cc(N(C)CCN(C)C)c(NC(=O)/C=C/CN(C)CCN(C)C(=O)CCCCCCC(=O)N[C@H](C(=O)N2C[C@H](O)C[C@H]2C(=O)NCc2ccc(-c3scnc3C)cc2)C(C)(C)C)cc1Nc1nccc(-c2cn(C)c3ccccc23)n1,[*:1]/C=C/C(=O)Nc1cc(Nc2nccc(-c3cn(C)c4ccccc34)n2)c(OC)cc1N(C)CCN(C)C,[*:2]CC(=O)N[C@H](C(=O)N1C[C@H](O)C[C@H]1C(=O)NCc1ccc(-c2scnc2C)cc1)C(C)(C)C,[*:1]CN(C)CCN(C)C(=O)CCCCC[*:2]
COc1cc(N(C)CCN(C)C)c(NC(=O)/C=C/CN(C)CCCCCCCC(=O)N[C@H](C(=O)N2C[C@H](O)C[C@H]2C(=O)NCc2ccc(-c3scnc3C)cc2)C(C)(C)C)cc1Nc1nccc(-c2cn(C)c3ccccc23)n1,[*:1]/C=C/C(=O)Nc1cc(Nc2nccc(-c3cn(C)c4ccccc34)n2)c(OC)cc1N(C)CCN(C)C,[*:2]CC(=O)N[C@H](C(=O)N1C[C@H](O)C[C@H]1C(=O)NCc1ccc(-c2scnc2C)cc1)C(C)(C)C,[*:1]CN(C)CCCCCC[*:2]
COc1cc(N(C)CCN(C)C)c(NC(=O)/C=C/CN(C)CCCCCCCCCC(=O)N[C@H](C(=O)N2C[C@H](O)C[C@H]2C(=O)NCc2ccc(-c3scnc3C)cc2)C(C)(C)C)cc1Nc1nccc(-c2cn(C)c3ccccc23)n1,[*:1]/C=C/C(=O)Nc1cc(Nc2nccc(-c3cn(C)c4ccccc34)n2)c(OC)cc1N(C)CCN(C)C,[*:2]CC(=O)N[C@H](C(=O)N1C[C@H](O)C[C@H]1C(=O)NCc1ccc(-c2scnc2C)cc1)C(C)(C)C,[*:1]CN(C)CCCCCCCC[*:2]
C=CC(=O)Nc1cc(Nc2nccc(-c3cn(C)c4ccccc34)n2)c(OC)cc1N(CCCCCCC(=O)N[C@H](C(=O)N1C[C@H](O)C[C@H]1C(=O)NCc1ccc(-c2scnc2C)cc1)C(C)(C)C)CCN(C)C,[*:1]CN(CCN(C)C)c1cc(OC)c(Nc2nccc(-c3cn(C)c4ccccc34)n2)cc1NC(=O)C=C,[*:2]CC(=O)N[C@H](C(=O)N1C[C@H](O)C[C@H]1C(=O)NCc1ccc(-c2scnc2C)cc1)C(C)(C)C,[*:1]CCCC[*:2]
C=CC(=O)Nc1cc(Nc2nccc(-c3cn(C)c4ccccc34)n2)c(OC)cc1N(CCCCCCC(=O)NCCOCCOCC(=O)N[C@H](C(=O)N1C[C@H](O)C[C@H]1C(=O)NCc1ccc(-c2scnc2C)cc1)C(C)(C)C)CCN(C)C,[*:1]CN(CCN(C)C)c1cc(OC)c(Nc2nccc(-c3cn(C)c4ccccc34)n2)cc1NC(=O)C=C,[*:2]CC(=O)N[C@H](C(=O)N1C[C@H](O)C[C@H]1C(=O)NCc1ccc(-c2scnc2C)cc1)C(C)(C)C,[*:1]CCCCCC(=O)NCCOCCO[*:2]
C=CC(=O)Nc1cc(Nc2nccc(-c3cn(C)c4ccccc34)n2)c(OC)cc1N(CCCCCCC(=O)NCCCCCCC(=O)N[C@H](C(=O)N1C[C@H](O)C[C@H]1C(=O)NCc1ccc(-c2scnc2C)cc1)C(C)(C)C)CCN(C)C,[*:1]CN(CCN(C)C)c1cc(OC)c(Nc2nccc(-c3cn(C)c4ccccc34)n2)cc1NC(=O)C=C,[*:2]CC(=O)N[C@H](C(=O)N1C[C@H](O)C[C@H]1C(=O)NCc1ccc(-c2scnc2C)cc1)C(C)(C)C,[*:1]CCCCCC(=O)NCCCCC[*:2]
C=CC(=O)Nc1cc(Nc2nccc(-c3cn(C)c4ccccc34)n2)c(OC)cc1N(C)CCN(C)CCCCCCCC(=O)N[C@H](C(=O)N1C[C@H](O)C[C@H]1C(=O)NCc1ccc(-c2scnc2C)cc1)C(C)(C)C,[*:1]CN(C)CCN(C)c1cc(OC)c(Nc2nccc(-c3cn(C)c4ccccc34)n2)cc1NC(=O)C=C,[*:2]CC(=O)N[C@H](C(=O)N1C[C@H](O)C[C@H]1C(=O)NCc1ccc(-c2scnc2C)cc1)C(C)(C)C,[*:1]CCCCC[*:2]
C=CC(=O)Nc1cc(Nc2nccc(-c3cn(C)c4ccccc34)n2)c(OC)cc1N(C)CCN(C)CC(=O)NCCOCCOCC(=O)N[C@H](C(=O)N1C[C@H](O)C[C@H]1C(=O)NCc1ccc(-c2scnc2C)cc1)C(C)(C)C,[*:1]CN(C)CCN(C)c1cc(OC)c(Nc2nccc(-c3cn(C)c4ccccc34)n2)cc1NC(=O)C=C,[*:2]CC(=O)N[C@H](C(=O)N1C[C@H](O)C[C@H]1C(=O)NCc1ccc(-c2scnc2C)cc1)C(C)(C)C,[*:1]C(=O)NCCOCCO[*:2]
COc1cc(N2CCN(CC(=O)NCCCCCCC(=O)N[C@H](C(=O)N3C[C@H](O)C[C@H]3C(=O)NCc3ccc(-c4scnc4C)cc3)C(C)(C)C)CC2)c(NC(=O)/C(C#N)=C/C2CC2)cc1Nc1nccc(-c2cn(C)c3ccccc23)n1,[*:1]CN1CCN(c2cc(OC)c(Nc3nccc(-c4cn(C)c5ccccc45)n3)cc2NC(=O)/C(C#N)=C/C2CC2)CC1,[*:2]CC(=O)N[C@H](C(=O)N1C[C@H](O)C[C@H]1C(=O)NCc1ccc(-c2scnc2C)cc1)C(C)(C)C,[*:1]C(=O)NCCCCC[*:2]
COc1cc(N2CCN(CC(=O)NCCCCCCC(=O)N[C@H](C(=O)N3C[C@H](O)C[C@H]3C(=O)NCc3ccc(-c4scnc4C)cc3)C(C)(C)C)CC2)c(NC(=O)/C(C#N)=C/c2ccncc2)cc1Nc1nccc(-c2cn(C)c3ccccc23)n1,[*:1]CN1CCN(c2cc(OC)c(Nc3nccc(-c4cn(C)c5ccccc45)n3)cc2NC(=O)/C(C#N)=C/c2ccncc2)CC1,[*:2]CC(=O)N[C@H](C(=O)N1C[C@H](O)C[C@H]1C(=O)NCc1ccc(-c2scnc2C)cc1)C(C)(C)C,[*:1]C(=O)NCCCCC[*:2]
COc1cc(N2CCN(C)CC2)c(NC(=O)/C(C#N)=C/C(C)(C)NC(=O)CCCCCC(=O)N[C@H](C(=O)N2C[C@H](O)C[C@H]2C(=O)NCc2ccc(-c3scnc3C)cc2)C(C)(C)C)cc1Nc1nccc(-c2cn(C)c3ccccc23)n1,[*:1]C(=O)Nc1cc(Nc2nccc(-c3cn(C)c4ccccc34)n2)c(OC)cc1N1CCN(C)CC1,[*:2]CC(=O)N[C@H](C(=O)N1C[C@H](O)C[C@H]1C(=O)NCc1ccc(-c2scnc2C)cc1)C(C)(C)C,[*:1]/C(C#N)=C/C(C)(C)NC(=O)CCCC[*:2]
COc1cc(N(C)CCN(C)C)c(NC(=O)/C(C#N)=C/C(C)(C)NC(=O)CCCCCCC(=O)N[C@H](C(=O)N2C[C@H](O)C[C@H]2C(=O)NCc2ccc(-c3scnc3C)cc2)C(C)(C)C)cc1Nc1nccc(-c2cn(C)c3ccccc23)n1,[*:1]C(=O)Nc1cc(Nc2nccc(-c3cn(C)c4ccccc34)n2)c(OC)cc1N(C)CCN(C)C,[*:2]CC(=O)N[C@H](C(=O)N1C[C@H](O)C[C@H]1C(=O)NCc1ccc(-c2scnc2C)cc1)C(C)(C)C,[*:1]/C(C#N)=C/C(C)(C)NC(=O)CCCCC[*:2]
C=CC(=O)N1CC[C@H](n2c(Nc3ccccc3)nc3cnc(Nc4ccc(N5CCN(CCCCCCC(=O)N[C@H](C(=O)N6C[C@H](O)C[C@H]6C(=O)NCc6ccc(-c7scnc7C)cc6)C(C)(C)C)CC5)cc4)nc32)C1,[*:1]CN1CCN(c2ccc(Nc3ncc4nc(Nc5ccccc5)n([C@H]5CCN(C(=O)C=C)C5)c4n3)cc2)CC1,[*:2]CC(=O)N[C@H](C(=O)N1C[C@H](O)C[C@H]1C(=O)NCc1ccc(-c2scnc2C)cc1)C(C)(C)C,[*:1]CCCC[*:2]
C=CC(=O)N1CCC[C@H](n2c(Nc3ccccc3)nc3cnc(Nc4ccc(N5CCN(CCCCCCC(=O)N[C@H](C(=O)N6C[C@H](O)C[C@H]6C(=O)NCc6ccc(-c7scnc7C)cc6)C(C)(C)C)CC5)cc4)nc32)C1,[*:1]CN1CCN(c2ccc(Nc3ncc4nc(Nc5ccccc5)n([C@H]5CCCN(C(=O)C=C)C5)c4n3)cc2)CC1,[*:2]CC(=O)N[C@H](C(=O)N1C[C@H](O)C[C@H]1C(=O)NCc1ccc(-c2scnc2C)cc1)C(C)(C)C,[*:1]CCCC[*:2]
C=CC(=O)N1CCC[C@H](n2c(Nc3ccccc3)nc3cnc(Nc4ccc(N5CCN(CCCCCCCC(=O)N[C@H](C(=O)N6C[C@H](O)C[C@H]6C(=O)NCc6ccc(-c7scnc7C)cc6)C(C)(C)C)CC5)cc4)nc32)C1,[*:1]CN1CCN(c2ccc(Nc3ncc4nc(Nc5ccccc5)n([C@H]5CCCN(C(=O)C=C)C5)c4n3)cc2)CC1,[*:2]CC(=O)N[C@H](C(=O)N1C[C@H](O)C[C@H]1C(=O)NCc1ccc(-c2scnc2C)cc1)C(C)(C)C,[*:1]CCCCC[*:2]
C=CC(=O)N1CCC[C@H](n2c(Nc3ccccc3)nc3cnc(Nc4ccc(N5CCN(CC(=O)NCCCCCC(=O)N[C@H](C(=O)N6C[C@H](O)C[C@H]6C(=O)NCc6ccc(-c7scnc7C)cc6)C(C)(C)C)CC5)cc4)nc32)C1,[*:1]CN1CCN(c2ccc(Nc3ncc4nc(Nc5ccccc5)n([C@H]5CCCN(C(=O)C=C)C5)c4n3)cc2)CC1,[*:2]CC(=O)N[C@H](C(=O)N1C[C@H](O)C[C@H]1C(=O)NCc1ccc(-c2scnc2C)cc1)C(C)(C)C,[*:1]C(=O)NCCCC[*:2]
C=CC(=O)N1CCC[C@H](n2c(Nc3ccccc3)nc3cnc(Nc4ccc(N5CCN(CC(=O)NCCCCCCC(=O)N[C@H](C(=O)N6C[C@H](O)C[C@H]6C(=O)NCc6ccc(-c7scnc7C)cc6)C(C)(C)C)CC5)cc4)nc32)C1,[*:1]CN1CCN(c2ccc(Nc3ncc4nc(Nc5ccccc5)n([C@H]5CCCN(C(=O)C=C)C5)c4n3)cc2)CC1,[*:2]CC(=O)N[C@H](C(=O)N1C[C@H](O)C[C@H]1C(=O)NCc1ccc(-c2scnc2C)cc1)C(C)(C)C,[*:1]C(=O)NCCCCC[*:2]
C=CC(=O)N1CCC[C@H](n2c(Nc3ccccc3)nc3cnc(Nc4ccc(N5CCN(CC(=O)NCCOCCOCC(=O)N[C@H](C(=O)N6C[C@H](O)C[C@H]6C(=O)NCc6ccc(-c7scnc7C)cc6)C(C)(C)C)CC5)cc4)nc32)C1,[*:1]CN1CCN(c2ccc(Nc3ncc4nc(Nc5ccccc5)n([C@H]5CCCN(C(=O)C=C)C5)c4n3)cc2)CC1,[*:2]CC(=O)N[C@H](C(=O)N1C[C@H](O)C[C@H]1C(=O)NCc1ccc(-c2scnc2C)cc1)C(C)(C)C,[*:1]C(=O)NCCOCCO[*:2]
C=CC(=O)N1CCC[C@H](n2c(Nc3ccccc3)nc3cnc(Nc4ccc(N5CCN(CCCCCCCC(=O)N[C@H](C(=O)N6C[C@H](O)C[C@H]6C(=O)N[C@@H](C)c6ccc(-c7scnc7C)cc6)C(C)(C)C)CC5)cc4)nc32)C1,[*:1]CN1CCN(c2ccc(Nc3ncc4nc(Nc5ccccc5)n([C@H]5CCCN(C(=O)C=C)C5)c4n3)cc2)CC1,[*:2]CC(=O)N[C@H](C(=O)N1C[C@H](O)C[C@H]1C(=O)N[C@@H](C)c1ccc(-c2scnc2C)cc1)C(C)(C)C,[*:1]CCCCC[*:2]
CCC(=O)N1CCC[C@H](n2c(Nc3ccccc3)nc3cnc(Nc4ccc(N5CCN(CCCCCCCC(=O)N[C@H](C(=O)N6C[C@H](O)C[C@H]6C(=O)N[C@@H](C)c6ccc(-c7scnc7C)cc6)C(C)(C)C)CC5)cc4)nc32)C1,[*:1]CN1CCN(c2ccc(Nc3ncc4nc(Nc5ccccc5)n([C@H]5CCCN(C(=O)CC)C5)c4n3)cc2)CC1,[*:2]CC(=O)N[C@H](C(=O)N1C[C@H](O)C[C@H]1C(=O)N[C@@H](C)c1ccc(-c2scnc2C)cc1)C(C)(C)C,[*:1]CCCCC[*:2]
Cc1cc(Cn2c(N3CC4(CNC4)C3)nc3c(N4CCN(CCCCCC(=O)N[C@H](C(=O)N5C[C@H](O)C[C@H]5C(=O)N[C@@H](C)c5ccc(-c6scnc6C)cc5)C(C)(C)C)CC4)cc(Cl)cc32)cc(C)c1F,[*:1]CN1CCN(c2cc(Cl)cc3c2nc(N2CC4(CNC4)C2)n3Cc2cc(C)c(F)c(C)c2)CC1,[*:2]CC(=O)N[C@H](C(=O)N1C[C@H](O)C[C@H]1C(=O)N[C@@H](C)c1ccc(-c2scnc2C)cc1)C(C)(C)C,[*:1]CCC[*:2]
Cc1cc(Cn2c(N3CC4(CNC4)C3)nc3c(N4CCN(CCCCCCC(=O)N[C@H](C(=O)N5C[C@H](O)C[C@H]5C(=O)N[C@@H](C)c5ccc(-c6scnc6C)cc5)C(C)(C)C)CC4)cc(Cl)cc32)cc(C)c1F,[*:1]CN1CCN(c2cc(Cl)cc3c2nc(N2CC4(CNC4)C2)n3Cc2cc(C)c(F)c(C)c2)CC1,[*:2]CC(=O)N[C@H](C(=O)N1C[C@H](O)C[C@H]1C(=O)N[C@@H](C)c1ccc(-c2scnc2C)cc1)C(C)(C)C,[*:1]CCCC[*:2]
Cc1cc(Cn2c(N3CC4(CNC4)C3)nc3c(N4CCN(CCCCCCCC(=O)N[C@H](C(=O)N5C[C@H](O)C[C@H]5C(=O)N[C@@H](C)c5ccc(-c6scnc6C)cc5)C(C)(C)C)CC4)cc(Cl)cc32)cc(C)c1F,[*:1]CN1CCN(c2cc(Cl)cc3c2nc(N2CC4(CNC4)C2)n3Cc2cc(C)c(F)c(C)c2)CC1,[*:2]CC(=O)N[C@H](C(=O)N1C[C@H](O)C[C@H]1C(=O)N[C@@H](C)c1ccc(-c2scnc2C)cc1)C(C)(C)C,[*:1]CCCCC[*:2]
Cc1cc(Cn2c(N3CC4(CNC4)C3)nc3c(N4CCN(CCCCCCCCC(=O)N[C@H](C(=O)N5C[C@H](O)C[C@H]5C(=O)N[C@@H](C)c5ccc(-c6scnc6C)cc5)C(C)(C)C)CC4)cc(Cl)cc32)cc(C)c1F,[*:1]CN1CCN(c2cc(Cl)cc3c2nc(N2CC4(CNC4)C2)n3Cc2cc(C)c(F)c(C)c2)CC1,[*:2]CC(=O)N[C@H](C(=O)N1C[C@H](O)C[C@H]1C(=O)N[C@@H](C)c1ccc(-c2scnc2C)cc1)C(C)(C)C,[*:1]CCCCCC[*:2]
Cc1cc(Cn2c(N3CC4(CNC4)C3)nc3c(N4CCN(CCCCCCCCCC(=O)N[C@H](C(=O)N5C[C@H](O)C[C@H]5C(=O)N[C@@H](C)c5ccc(-c6scnc6C)cc5)C(C)(C)C)CC4)cc(Cl)cc32)cc(C)c1F,[*:1]CN1CCN(c2cc(Cl)cc3c2nc(N2CC4(CNC4)C2)n3Cc2cc(C)c(F)c(C)c2)CC1,[*:2]CC(=O)N[C@H](C(=O)N1C[C@H](O)C[C@H]1C(=O)N[C@@H](C)c1ccc(-c2scnc2C)cc1)C(C)(C)C,[*:1]CCCCCCC[*:2]
Cc1cc(Cn2c(N3CC4(CNC4)C3)nc3c(N4CCN(CCCCCCCCCCC(=O)N[C@H](C(=O)N5C[C@H](O)C[C@H]5C(=O)N[C@@H](C)c5ccc(-c6scnc6C)cc5)C(C)(C)C)CC4)cc(Cl)cc32)cc(C)c1F,[*:1]CN1CCN(c2cc(Cl)cc3c2nc(N2CC4(CNC4)C2)n3Cc2cc(C)c(F)c(C)c2)CC1,[*:2]CC(=O)N[C@H](C(=O)N1C[C@H](O)C[C@H]1C(=O)N[C@@H](C)c1ccc(-c2scnc2C)cc1)C(C)(C)C,[*:1]CCCCCCCC[*:2]
Cc1cc(Cn2c(N3CC4(CNC4)C3)nc3c(N4CCN(CCCCCCCCCCCC(=O)N[C@H](C(=O)N5C[C@H](O)C[C@H]5C(=O)N[C@@H](C)c5ccc(-c6scnc6C)cc5)C(C)(C)C)CC4)cc(Cl)cc32)cc(C)c1F,[*:1]CN1CCN(c2cc(Cl)cc3c2nc(N2CC4(CNC4)C2)n3Cc2cc(C)c(F)c(C)c2)CC1,[*:2]CC(=O)N[C@H](C(=O)N1C[C@H](O)C[C@H]1C(=O)N[C@@H](C)c1ccc(-c2scnc2C)cc1)C(C)(C)C,[*:1]CCCCCCCCC[*:2]
Cc1cc(Cn2c(N3CC4(CNC4)C3)nc3c(N4CCN(CCOCCOCC(=O)N[C@H](C(=O)N5C[C@H](O)C[C@H]5C(=O)N[C@@H](C)c5ccc(-c6scnc6C)cc5)C(C)(C)C)CC4)cc(Cl)cc32)cc(C)c1F,[*:1]CN1CCN(c2cc(Cl)cc3c2nc(N2CC4(CNC4)C2)n3Cc2cc(C)c(F)c(C)c2)CC1,[*:2]CC(=O)N[C@H](C(=O)N1C[C@H](O)C[C@H]1C(=O)N[C@@H](C)c1ccc(-c2scnc2C)cc1)C(C)(C)C,[*:1]COCCO[*:2]
Cc1cc(Cn2c(N3CC4(CNC4)C3)nc3c(N4CCN(CCOCCOCCC(=O)N[C@H](C(=O)N5C[C@H](O)C[C@H]5C(=O)N[C@@H](C)c5ccc(-c6scnc6C)cc5)C(C)(C)C)CC4)cc(Cl)cc32)cc(C)c1F,[*:1]CN1CCN(c2cc(Cl)cc3c2nc(N2CC4(CNC4)C2)n3Cc2cc(C)c(F)c(C)c2)CC1,[*:2]CC(=O)N[C@H](C(=O)N1C[C@H](O)C[C@H]1C(=O)N[C@@H](C)c1ccc(-c2scnc2C)cc1)C(C)(C)C,[*:1]COCCOC[*:2]
Cc1cc(Cn2c(N3CC4(CNC4)C3)nc3c(N4CCN(CCOCCOCCOCCC(=O)N[C@H](C(=O)N5C[C@H](O)C[C@H]5C(=O)N[C@@H](C)c5ccc(-c6scnc6C)cc5)C(C)(C)C)CC4)cc(Cl)cc32)cc(C)c1F,[*:1]CN1CCN(c2cc(Cl)cc3c2nc(N2CC4(CNC4)C2)n3Cc2cc(C)c(F)c(C)c2)CC1,[*:2]CC(=O)N[C@H](C(=O)N1C[C@H](O)C[C@H]1C(=O)N[C@@H](C)c1ccc(-c2scnc2C)cc1)C(C)(C)C,[*:1]COCCOCCOC[*:2]
Cc1cc(Cn2c(N3CC4(CNC4)C3)nc3c(N4CCN(CCC(=O)NCCCC(=O)N[C@H](C(=O)N5C[C@H](O)C[C@H]5C(=O)N[C@@H](C)c5ccc(-c6scnc6C)cc5)C(C)(C)C)CC4)cc(Cl)cc32)cc(C)c1F,[*:1]CN1CCN(c2cc(Cl)cc3c2nc(N2CC4(CNC4)C2)n3Cc2cc(C)c(F)c(C)c2)CC1,[*:2]CC(=O)N[C@H](C(=O)N1C[C@H](O)C[C@H]1C(=O)N[C@@H](C)c1ccc(-c2scnc2C)cc1)C(C)(C)C,[*:1]CC(=O)NCC[*:2]
Cc1cc(Cn2c(N3CC4(CNC4)C3)nc3c(N4CCN(CCCC(=O)NCCCC(=O)N[C@H](C(=O)N5C[C@H](O)C[C@H]5C(=O)N[C@@H](C)c5ccc(-c6scnc6C)cc5)C(C)(C)C)CC4)cc(Cl)cc32)cc(C)c1F,[*:1]CN1CCN(c2cc(Cl)cc3c2nc(N2CC4(CNC4)C2)n3Cc2cc(C)c(F)c(C)c2)CC1,[*:2]CC(=O)N[C@H](C(=O)N1C[C@H](O)C[C@H]1C(=O)N[C@@H](C)c1ccc(-c2scnc2C)cc1)C(C)(C)C,[*:1]CCC(=O)NCC[*:2]
Cc1cc(Cn2c(N3CC4(CNC4)C3)nc3c(N4CCN(CCCCC(=O)NCCCC(=O)N[C@H](C(=O)N5C[C@H](O)C[C@H]5C(=O)N[C@@H](C)c5ccc(-c6scnc6C)cc5)C(C)(C)C)CC4)cc(Cl)cc32)cc(C)c1F,[*:1]CN1CCN(c2cc(Cl)cc3c2nc(N2CC4(CNC4)C2)n3Cc2cc(C)c(F)c(C)c2)CC1,[*:2]CC(=O)N[C@H](C(=O)N1C[C@H](O)C[C@H]1C(=O)N[C@@H](C)c1ccc(-c2scnc2C)cc1)C(C)(C)C,[*:1]CCCC(=O)NCC[*:2]
Cc1cc(Cn2c(N3CC4(CNC4)C3)nc3c(N4CCN(CC5CCN(CC(=O)N[C@H](C(=O)N6C[C@H](O)C[C@H]6C(=O)N[C@@H](C)c6ccc(-c7scnc7C)cc6)C(C)(C)C)CC5)CC4)cc(Cl)cc32)cc(C)c1F,[*:1]CN1CCN(c2cc(Cl)cc3c2nc(N2CC4(CNC4)C2)n3Cc2cc(C)c(F)c(C)c2)CC1,[*:2]CC(=O)N[C@H](C(=O)N1C[C@H](O)C[C@H]1C(=O)N[C@@H](C)c1ccc(-c2scnc2C)cc1)C(C)(C)C,[*:1]C1CCN([*:2])CC1
Cc1cc(Cn2c(N3CC4(CNC4)C3)nc3c(N4CCN(CC5CCN(CCC(=O)N[C@H](C(=O)N6C[C@H](O)C[C@H]6C(=O)N[C@@H](C)c6ccc(-c7scnc7C)cc6)C(C)(C)C)CC5)CC4)cc(Cl)cc32)cc(C)c1F,[*:1]CN1CCN(c2cc(Cl)cc3c2nc(N2CC4(CNC4)C2)n3Cc2cc(C)c(F)c(C)c2)CC1,[*:2]CC(=O)N[C@H](C(=O)N1C[C@H](O)C[C@H]1C(=O)N[C@@H](C)c1ccc(-c2scnc2C)cc1)C(C)(C)C,[*:1]C1CCN(C[*:2])CC1
Cc1cc(Cn2c(N3CC4(CNC4)C3)nc3c(N4CCN(CC5CCN(CCCC(=O)N[C@H](C(=O)N6C[C@H](O)C[C@H]6C(=O)N[C@@H](C)c6ccc(-c7scnc7C)cc6)C(C)(C)C)CC5)CC4)cc(Cl)cc32)cc(C)c1F,[*:1]CN1CCN(c2cc(Cl)cc3c2nc(N2CC4(CNC4)C2)n3Cc2cc(C)c(F)c(C)c2)CC1,[*:2]CC(=O)N[C@H](C(=O)N1C[C@H](O)C[C@H]1C(=O)N[C@@H](C)c1ccc(-c2scnc2C)cc1)C(C)(C)C,[*:1]C1CCN(CC[*:2])CC1
O=C(COc1cccc2c1C(=O)N(C1CCC(=O)NC1=O)C2=O)NCCCCNC(=O)Cc1sc(N/N=C(\Cc2ccccc2[N+](=O)[O-])C(=O)O)nc1-c1ccc(Cl)c(Cl)c1,[*:1]c1sc(N/N=C(\Cc2ccccc2[N+](=O)[O-])C(=O)O)nc1-c1ccc(Cl)c(Cl)c1,[*:2]c1cccc2c1C(=O)N(C1CCC(=O)NC1=O)C2=O,[*:1]CC(=O)NCCCCNC(=O)CO[*:2]
O=C1CCC(N2C(=O)c3cccc(NCCCCCC(=O)OCc4cc(=O)c(O)co4)c3C2=O)C(=O)N1,[*:1]OCc1cc(=O)c(O)co1,[*:2]Nc1cccc2c1C(=O)N(C1CCC(=O)NC1=O)C2=O,[*:1]C(=O)CCCCC[*:2]
O=C1CCC(N2C(=O)c3cccc(NCCCCCCCC(=O)OCc4cc(=O)c(O)co4)c3C2=O)C(=O)N1,[*:1]OCc1cc(=O)c(O)co1,[*:2]Nc1cccc2c1C(=O)N(C1CCC(=O)NC1=O)C2=O,[*:1]C(=O)CCCCCCC[*:2]
O=C1CCC(N2C(=O)c3cccc(NCCCCCCCCC(=O)OCc4cc(=O)c(O)co4)c3C2=O)C(=O)N1,[*:1]OCc1cc(=O)c(O)co1,[*:2]Nc1cccc2c1C(=O)N(C1CCC(=O)NC1=O)C2=O,[*:1]C(=O)CCCCCCCC[*:2]
O=C1CCC(N2C(=O)c3cccc(NCCCCCCCCCCC(=O)OCc4cc(=O)c(O)co4)c3C2=O)C(=O)N1,[*:1]OCc1cc(=O)c(O)co1,[*:2]Nc1cccc2c1C(=O)N(C1CCC(=O)NC1=O)C2=O,[*:1]C(=O)CCCCCCCCCC[*:2]
Cc1ncc(-c2ccnc(Nc3ccc(S(=O)(=O)CCCc4cn(CCOCCOCCOCCNc5cccc6c5C(=O)N(C5CCC(=O)NC5=O)C6=O)nn4)cc3)n2)n1C(C)C,[*:1]CS(=O)(=O)c1ccc(Nc2nccc(-c3cnc(C)n3C(C)C)n2)cc1,[*:2]Nc1cccc2c1C(=O)N(C1CCC(=O)NC1=O)C2=O,[*:1]CCc1cn(CCOCCOCCOCC[*:2])nn1
Cc1ncsc1-c1ccc(CNC(=O)[C@@H]2C[C@@H](O)CN2C(=O)[C@@H](NC(=O)COCCn2cc(CCCS(=O)(=O)c3ccc(Nc4nccc(-c5cnc(C)n5C(C)C)n4)cc3)nn2)C(C)(C)C)cc1,[*:1]CS(=O)(=O)c1ccc(Nc2nccc(-c3cnc(C)n3C(C)C)n2)cc1,[*:2]CC(=O)N[C@H](C(=O)N1C[C@H](O)C[C@H]1C(=O)NCc1ccc(-c2scnc2C)cc1)C(C)(C)C,[*:1]CCc1cn(CCO[*:2])nn1
CC[C@@H]1c2nnc(C)n2-c2cnc(Nc3ccc(C(=O)NC4CCN(CCCCCOc5cccc6c5C(=O)N(C5CCC(=O)NC5=O)C6=O)CC4)cc3OC)nc2N1CC1CCCCC1,[*:1]CN1CCC(NC(=O)c2ccc(Nc3ncc4c(n3)N(CC3CCCCC3)[C@H](CC)c3nnc(C)n3-4)c(OC)c2)CC1,[*:2]c1cccc2c1C(=O)N(C1CCC(=O)NC1=O)C2=O,[*:1]CCCCO[*:2]
CC[C@@H]1c2nnc(C)n2-c2cnc(Nc3ccc(C(=O)NC4CCN(CCCCCCOc5cccc6c5C(=O)N(C5CCC(=O)NC5=O)C6=O)CC4)cc3OC)nc2N1CC1CCCCC1,[*:1]CN1CCC(NC(=O)c2ccc(Nc3ncc4c(n3)N(CC3CCCCC3)[C@H](CC)c3nnc(C)n3-4)c(OC)c2)CC1,[*:2]c1cccc2c1C(=O)N(C1CCC(=O)NC1=O)C2=O,[*:1]CCCCCO[*:2]
CC[C@@H]1c2nnc(C)n2-c2cnc(Nc3ccc(C(=O)NC4CCN(CCCCCCCOc5cccc6c5C(=O)N(C5CCC(=O)NC5=O)C6=O)CC4)cc3OC)nc2N1CC1CCCCC1,[*:1]CN1CCC(NC(=O)c2ccc(Nc3ncc4c(n3)N(CC3CCCCC3)[C@H](CC)c3nnc(C)n3-4)c(OC)c2)CC1,[*:2]c1cccc2c1C(=O)N(C1CCC(=O)NC1=O)C2=O,[*:1]CCCCCCO[*:2]
CC[C@@H]1c2nnc(C)n2-c2cnc(Nc3ccc(C(=O)NC4CCN(CCCCCCCCOc5cccc6c5C(=O)N(C5CCC(=O)NC5=O)C6=O)CC4)cc3OC)nc2N1CC1CCCCC1,[*:1]CN1CCC(NC(=O)c2ccc(Nc3ncc4c(n3)N(CC3CCCCC3)[C@H](CC)c3nnc(C)n3-4)c(OC)c2)CC1,[*:2]c1cccc2c1C(=O)N(C1CCC(=O)NC1=O)C2=O,[*:1]CCCCCCCO[*:2]
CC[C@@H]1c2nnc(C)n2-c2cnc(Nc3ccc(C(=O)NC4CCN(CCCCCCCCCOc5cccc6c5C(=O)N(C5CCC(=O)NC5=O)C6=O)CC4)cc3OC)nc2N1CC1CCCCC1,[*:1]CN1CCC(NC(=O)c2ccc(Nc3ncc4c(n3)N(CC3CCCCC3)[C@H](CC)c3nnc(C)n3-4)c(OC)c2)CC1,[*:2]c1cccc2c1C(=O)N(C1CCC(=O)NC1=O)C2=O,[*:1]CCCCCCCCO[*:2]
CC[C@@H]1c2nnc(C)n2-c2cnc(Nc3ccc(C(=O)NC4CCN(CCCCCCCCCCOc5cccc6c5C(=O)N(C5CCC(=O)NC5=O)C6=O)CC4)cc3OC)nc2N1CC1CCCCC1,[*:1]CN1CCC(NC(=O)c2ccc(Nc3ncc4c(n3)N(CC3CCCCC3)[C@H](CC)c3nnc(C)n3-4)c(OC)c2)CC1,[*:2]c1cccc2c1C(=O)N(C1CCC(=O)NC1=O)C2=O,[*:1]CCCCCCCCCO[*:2]
CC[C@@H]1c2nnc(C)n2-c2cnc(Nc3ccc(C(=O)NC4CCN(CCCCCCCCCCCOc5cccc6c5C(=O)N(C5CCC(=O)NC5=O)C6=O)CC4)cc3OC)nc2N1CC1CCCCC1,[*:1]CN1CCC(NC(=O)c2ccc(Nc3ncc4c(n3)N(CC3CCCCC3)[C@H](CC)c3nnc(C)n3-4)c(OC)c2)CC1,[*:2]c1cccc2c1C(=O)N(C1CCC(=O)NC1=O)C2=O,[*:1]CCCCCCCCCCO[*:2]
CC[C@@H]1c2nnc(C)n2-c2cnc(Nc3ccc(C(=O)NC4CCN(CCCCNC(=O)COc5cccc6c5C(=O)N(C5CCC(=O)NC5=O)C6=O)CC4)cc3OC)nc2N1CC1CCCCC1,[*:1]CN1CCC(NC(=O)c2ccc(Nc3ncc4c(n3)N(CC3CCCCC3)[C@H](CC)c3nnc(C)n3-4)c(OC)c2)CC1,[*:2]c1cccc2c1C(=O)N(C1CCC(=O)NC1=O)C2=O,[*:1]CCCNC(=O)CO[*:2]
Nc1ncc(-c2ccc(S(=O)(=O)N3CCN(Cc4cn(CCOCCOCCOCCNC(=O)CNc5cccc6c5CN(C5CCC(=O)NC5=O)C6=O)nn4)CC3)cc2)nc1C(=O)Nc1cccnc1,[*:1]CN1CCN(S(=O)(=O)c2ccc(-c3cnc(N)c(C(=O)Nc4cccnc4)n3)cc2)CC1,[*:2]Nc1cccc2c1CN(C1CCC(=O)NC1=O)C2=O,[*:1]c1cn(CCOCCOCCOCCNC(=O)C[*:2])nn1
Nc1ncc(-c2ccc(S(=O)(=O)N3CCN(Cc4cn(CCOCCOCCNc5cccc6c5C(=O)N(C5CCC(=O)NC5=O)C6=O)nn4)CC3)cc2)nc1C(=O)Nc1cccnc1,[*:1]CN1CCN(S(=O)(=O)c2ccc(-c3cnc(N)c(C(=O)Nc4cccnc4)n3)cc2)CC1,[*:2]Nc1cccc2c1C(=O)N(C1CCC(=O)NC1=O)C2=O,[*:1]c1cn(CCOCCOCC[*:2])nn1
Nc1ncc(-c2ccc(S(=O)(=O)N3CCN(Cc4cn(CCOCCOCCOCCNc5cccc6c5C(=O)N(C5CCC(=O)NC5=O)C6=O)nn4)CC3)cc2)nc1C(=O)Nc1cccnc1,[*:1]CN1CCN(S(=O)(=O)c2ccc(-c3cnc(N)c(C(=O)Nc4cccnc4)n3)cc2)CC1,[*:2]Nc1cccc2c1C(=O)N(C1CCC(=O)NC1=O)C2=O,[*:1]c1cn(CCOCCOCCOCC[*:2])nn1
Nc1ncc(-c2ccc(S(=O)(=O)N3CCN(Cc4cn(CCOCCOCCOCCOCCNc5cccc6c5C(=O)N(C5CCC(=O)NC5=O)C6=O)nn4)CC3)cc2)nc1C(=O)Nc1cccnc1,[*:1]CN1CCN(S(=O)(=O)c2ccc(-c3cnc(N)c(C(=O)Nc4cccnc4)n3)cc2)CC1,[*:2]Nc1cccc2c1C(=O)N(C1CCC(=O)NC1=O)C2=O,[*:1]c1cn(CCOCCOCCOCCOCC[*:2])nn1
Nc1ncc(-c2ccc(S(=O)(=O)N3CCN(Cc4cn(CCOCCOCCOCCOCCOCCNc5cccc6c5C(=O)N(C5CCC(=O)NC5=O)C6=O)nn4)CC3)cc2)nc1C(=O)Nc1cccnc1,[*:1]CN1CCN(S(=O)(=O)c2ccc(-c3cnc(N)c(C(=O)Nc4cccnc4)n3)cc2)CC1,[*:2]Nc1cccc2c1C(=O)N(C1CCC(=O)NC1=O)C2=O,[*:1]c1cn(CCOCCOCCOCCOCCOCC[*:2])nn1
Nc1ncc(-c2ccc(S(=O)(=O)N3CCN(Cc4cn(CCOCCOCCOCCOCCOCCOCCNc5cccc6c5C(=O)N(C5CCC(=O)NC5=O)C6=O)nn4)CC3)cc2)nc1C(=O)Nc1cccnc1,[*:1]CN1CCN(S(=O)(=O)c2ccc(-c3cnc(N)c(C(=O)Nc4cccnc4)n3)cc2)CC1,[*:2]Nc1cccc2c1C(=O)N(C1CCC(=O)NC1=O)C2=O,[*:1]c1cn(CCOCCOCCOCCOCCOCCOCC[*:2])nn1
Nc1ncc(-c2ccc(S(=O)(=O)N3CCN(CCc4cn(CCOCCOCCNc5cccc6c5C(=O)N(C5CCC(=O)NC5=O)C6=O)nn4)CC3)cc2)nc1C(=O)Nc1cccnc1,[*:1]CN1CCN(S(=O)(=O)c2ccc(-c3cnc(N)c(C(=O)Nc4cccnc4)n3)cc2)CC1,[*:2]Nc1cccc2c1C(=O)N(C1CCC(=O)NC1=O)C2=O,[*:1]Cc1cn(CCOCCOCC[*:2])nn1
Nc1ncc(-c2ccc(S(=O)(=O)N3CCN(CCc4cn(CCOCCOCCOCCNc5cccc6c5C(=O)N(C5CCC(=O)NC5=O)C6=O)nn4)CC3)cc2)nc1C(=O)Nc1cccnc1,[*:1]CN1CCN(S(=O)(=O)c2ccc(-c3cnc(N)c(C(=O)Nc4cccnc4)n3)cc2)CC1,[*:2]Nc1cccc2c1C(=O)N(C1CCC(=O)NC1=O)C2=O,[*:1]Cc1cn(CCOCCOCCOCC[*:2])nn1
Nc1ncc(-c2ccc(S(=O)(=O)N3CCN(CCc4cn(CCOCCOCCOCCOCCNc5cccc6c5C(=O)N(C5CCC(=O)NC5=O)C6=O)nn4)CC3)cc2)nc1C(=O)Nc1cccnc1,[*:1]CN1CCN(S(=O)(=O)c2ccc(-c3cnc(N)c(C(=O)Nc4cccnc4)n3)cc2)CC1,[*:2]Nc1cccc2c1C(=O)N(C1CCC(=O)NC1=O)C2=O,[*:1]Cc1cn(CCOCCOCCOCCOCC[*:2])nn1
Nc1ncc(-c2ccc(S(=O)(=O)N3CCN(CCc4cn(CCOCCOCCOCCOCCOCCNc5cccc6c5C(=O)N(C5CCC(=O)NC5=O)C6=O)nn4)CC3)cc2)nc1C(=O)Nc1cccnc1,[*:1]CN1CCN(S(=O)(=O)c2ccc(-c3cnc(N)c(C(=O)Nc4cccnc4)n3)cc2)CC1,[*:2]Nc1cccc2c1C(=O)N(C1CCC(=O)NC1=O)C2=O,[*:1]Cc1cn(CCOCCOCCOCCOCCOCC[*:2])nn1
Nc1ncc(-c2ccc(S(=O)(=O)N3CCN(CCc4cn(CCOCCOCCOCCOCCOCCOCCNc5cccc6c5C(=O)N(C5CCC(=O)NC5=O)C6=O)nn4)CC3)cc2)nc1C(=O)Nc1cccnc1,[*:1]CN1CCN(S(=O)(=O)c2ccc(-c3cnc(N)c(C(=O)Nc4cccnc4)n3)cc2)CC1,[*:2]Nc1cccc2c1C(=O)N(C1CCC(=O)NC1=O)C2=O,[*:1]Cc1cn(CCOCCOCCOCCOCCOCCOCC[*:2])nn1
Nc1ncc(-c2ccc(S(=O)(=O)N3CCN(CCCCc4cn(CCOCCOCCNc5cccc6c5C(=O)N(C5CCC(=O)NC5=O)C6=O)nn4)CC3)cc2)nc1C(=O)Nc1cccnc1,[*:1]CN1CCN(S(=O)(=O)c2ccc(-c3cnc(N)c(C(=O)Nc4cccnc4)n3)cc2)CC1,[*:2]Nc1cccc2c1C(=O)N(C1CCC(=O)NC1=O)C2=O,[*:1]CCCc1cn(CCOCCOCC[*:2])nn1
Nc1ncc(-c2ccc(S(=O)(=O)N3CCN(CCCCc4cn(CCOCCOCCOCCNc5cccc6c5C(=O)N(C5CCC(=O)NC5=O)C6=O)nn4)CC3)cc2)nc1C(=O)Nc1cccnc1,[*:1]CN1CCN(S(=O)(=O)c2ccc(-c3cnc(N)c(C(=O)Nc4cccnc4)n3)cc2)CC1,[*:2]Nc1cccc2c1C(=O)N(C1CCC(=O)NC1=O)C2=O,[*:1]CCCc1cn(CCOCCOCCOCC[*:2])nn1
Nc1ncc(-c2ccc(S(=O)(=O)N3CCN(CCCCc4cn(CCOCCOCCOCCOCCNc5cccc6c5C(=O)N(C5CCC(=O)NC5=O)C6=O)nn4)CC3)cc2)nc1C(=O)Nc1cccnc1,[*:1]CN1CCN(S(=O)(=O)c2ccc(-c3cnc(N)c(C(=O)Nc4cccnc4)n3)cc2)CC1,[*:2]Nc1cccc2c1C(=O)N(C1CCC(=O)NC1=O)C2=O,[*:1]CCCc1cn(CCOCCOCCOCCOCC[*:2])nn1
Nc1ncc(-c2ccc(S(=O)(=O)N3CCN(CCCCc4cn(CCOCCOCCOCCOCCOCCNc5cccc6c5C(=O)N(C5CCC(=O)NC5=O)C6=O)nn4)CC3)cc2)nc1C(=O)Nc1cccnc1,[*:1]CN1CCN(S(=O)(=O)c2ccc(-c3cnc(N)c(C(=O)Nc4cccnc4)n3)cc2)CC1,[*:2]Nc1cccc2c1C(=O)N(C1CCC(=O)NC1=O)C2=O,[*:1]CCCc1cn(CCOCCOCCOCCOCCOCC[*:2])nn1
Nc1ncc(-c2ccc(S(=O)(=O)N3CCN(CCCCc4cn(CCOCCOCCOCCOCCOCCOCCNc5cccc6c5C(=O)N(C5CCC(=O)NC5=O)C6=O)nn4)CC3)cc2)nc1C(=O)Nc1cccnc1,[*:1]CN1CCN(S(=O)(=O)c2ccc(-c3cnc(N)c(C(=O)Nc4cccnc4)n3)cc2)CC1,[*:2]Nc1cccc2c1C(=O)N(C1CCC(=O)NC1=O)C2=O,[*:1]CCCc1cn(CCOCCOCCOCCOCCOCCOCC[*:2])nn1
CCOC(=O)c1[nH]c2cc(Cl)ccc2c1C(C(=O)NC(C)(C)C)N(Cc1cc(F)c(F)c(F)c1)C(=O)CCC#Cc1cccc2c1CN(C1CCC(=O)NC1=O)C2=O,[*:1]C(=O)N(Cc1cc(F)c(F)c(F)c1)C(C(=O)NC(C)(C)C)c1c(C(=O)OCC)[nH]c2cc(Cl)ccc12,[*:2]#Cc1cccc2c1CN(C1CCC(=O)NC1=O)C2=O,[*:1]CCC#[*:2]
CCOC(=O)c1[nH]c2cc(Cl)ccc2c1C(C(=O)NC(C)(C)C)N(Cc1cc(F)c(F)c(F)c1)C(=O)CCCC#Cc1cccc2c1CN(C1CCC(=O)NC1=O)C2=O,[*:1]C(=O)N(Cc1cc(F)c(F)c(F)c1)C(C(=O)NC(C)(C)C)c1c(C(=O)OCC)[nH]c2cc(Cl)ccc12,[*:2]#Cc1cccc2c1CN(C1CCC(=O)NC1=O)C2=O,[*:1]CCCC#[*:2]
CCOC(=O)c1[nH]c2cc(Cl)ccc2c1C(C(=O)NC(C)(C)C)N(Cc1cc(F)c(F)c(F)c1)C(=O)CCCCC#Cc1cccc2c1CN(C1CCC(=O)NC1=O)C2=O,[*:1]C(=O)N(Cc1cc(F)c(F)c(F)c1)C(C(=O)NC(C)(C)C)c1c(C(=O)OCC)[nH]c2cc(Cl)ccc12,[*:2]#Cc1cccc2c1CN(C1CCC(=O)NC1=O)C2=O,[*:1]CCCCC#[*:2]
CCOC(=O)c1[nH]c2cc(Cl)ccc2c1C(C(=O)NC(C)(C)C)N(Cc1cc(F)c(F)c(F)c1)C(=O)CCCCCC#Cc1cccc2c1CN(C1CCC(=O)NC1=O)C2=O,[*:1]C(=O)N(Cc1cc(F)c(F)c(F)c1)C(C(=O)NC(C)(C)C)c1c(C(=O)OCC)[nH]c2cc(Cl)ccc12,[*:2]#Cc1cccc2c1CN(C1CCC(=O)NC1=O)C2=O,[*:1]CCCCCC#[*:2]
CCOC(=O)c1[nH]c2cc(Cl)ccc2c1C(C(=O)NC(C)(C)C)N(Cc1cc(F)c(F)c(F)c1)C(=O)CCCCCCC#Cc1cccc2c1CN(C1CCC(=O)NC1=O)C2=O,[*:1]C(=O)N(Cc1cc(F)c(F)c(F)c1)C(C(=O)NC(C)(C)C)c1c(C(=O)OCC)[nH]c2cc(Cl)ccc12,[*:2]#Cc1cccc2c1CN(C1CCC(=O)NC1=O)C2=O,[*:1]CCCCCCC#[*:2]
CCOC(=O)c1[nH]c2cc(Cl)ccc2c1C(C(=O)NC(C)(C)C)N(Cc1cc(F)c(F)c(F)c1)C(=O)CCCCCCCC#Cc1cccc2c1CN(C1CCC(=O)NC1=O)C2=O,[*:1]C(=O)N(Cc1cc(F)c(F)c(F)c1)C(C(=O)NC(C)(C)C)c1c(C(=O)OCC)[nH]c2cc(Cl)ccc12,[*:2]#Cc1cccc2c1CN(C1CCC(=O)NC1=O)C2=O,[*:1]CCCCCCCC#[*:2]
CCOC(=O)c1[nH]c2cc(Cl)ccc2c1C(C(=O)NC(C)(C)C)N(Cc1cc(F)c(F)c(F)c1)C(=O)CCCCCCCCC#Cc1cccc2c1CN(C1CCC(=O)NC1=O)C2=O,[*:1]C(=O)N(Cc1cc(F)c(F)c(F)c1)C(C(=O)NC(C)(C)C)c1c(C(=O)OCC)[nH]c2cc(Cl)ccc12,[*:2]#Cc1cccc2c1CN(C1CCC(=O)NC1=O)C2=O,[*:1]CCCCCCCCC#[*:2]
CCOC(=O)c1[nH]c2cc(Cl)ccc2c1C(C(=O)NC(C)(C)C)N(Cc1cc(F)c(F)c(F)c1)C(=O)c1cccc(C#Cc2cccc3c2CN(C2CCC(=O)NC2=O)C3=O)c1,[*:1]C(=O)N(Cc1cc(F)c(F)c(F)c1)C(C(=O)NC(C)(C)C)c1c(C(=O)OCC)[nH]c2cc(Cl)ccc12,[*:2]#Cc1cccc2c1CN(C1CCC(=O)NC1=O)C2=O,[*:1]c1cccc(C#[*:2])c1
CCOC(=O)c1[nH]c2cc(Cl)ccc2c1C(C(=O)NC(C)(C)C)N(Cc1cc(F)c(F)c(F)c1)C(=O)c1ccc(C#Cc2cccc3c2CN(C2CCC(=O)NC2=O)C3=O)cc1,[*:1]C(=O)N(Cc1cc(F)c(F)c(F)c1)C(C(=O)NC(C)(C)C)c1c(C(=O)OCC)[nH]c2cc(Cl)ccc12,[*:2]#Cc1cccc2c1CN(C1CCC(=O)NC1=O)C2=O,[*:1]c1ccc(C#[*:2])cc1
CCOC(=O)c1[nH]c2cc(Cl)ccc2c1C(C(=O)NC(C)(C)C)N(Cc1cc(F)c(F)c(F)c1)C(=O)c1cccc(NC(=O)CCC#Cc2cccc3c2CN(C2CCC(=O)NC2=O)C3=O)c1,[*:1]C(=O)N(Cc1cc(F)c(F)c(F)c1)C(C(=O)NC(C)(C)C)c1c(C(=O)OCC)[nH]c2cc(Cl)ccc12,[*:2]#Cc1cccc2c1CN(C1CCC(=O)NC1=O)C2=O,[*:1]c1cccc(NC(=O)CCC#[*:2])c1
CCOC(=O)c1[nH]c2cc(Cl)ccc2c1C(C(=O)NC(C)(C)C)N(Cc1cc(F)c(F)c(F)c1)C(=O)c1cccc(NC(=O)CCCC#Cc2cccc3c2CN(C2CCC(=O)NC2=O)C3=O)c1,[*:1]C(=O)N(Cc1cc(F)c(F)c(F)c1)C(C(=O)NC(C)(C)C)c1c(C(=O)OCC)[nH]c2cc(Cl)ccc12,[*:2]#Cc1cccc2c1CN(C1CCC(=O)NC1=O)C2=O,[*:1]c1cccc(NC(=O)CCCC#[*:2])c1
CCOC(=O)c1[nH]c2cc(Cl)ccc2c1C(C(=O)NC(C)(C)C)N(Cc1cc(F)c(F)c(F)c1)C(=O)c1cccc(NC(=O)CCCCC#Cc2cccc3c2CN(C2CCC(=O)NC2=O)C3=O)c1,[*:1]C(=O)N(Cc1cc(F)c(F)c(F)c1)C(C(=O)NC(C)(C)C)c1c(C(=O)OCC)[nH]c2cc(Cl)ccc12,[*:2]#Cc1cccc2c1CN(C1CCC(=O)NC1=O)C2=O,[*:1]c1cccc(NC(=O)CCCCC#[*:2])c1
CCOC(=O)c1[nH]c2cc(Cl)ccc2c1C(C(=O)NC(C)(C)C)N(Cc1cc(F)c(F)c(F)c1)C(=O)c1ccc(NC(=O)CCC#Cc2cccc3c2CN(C2CCC(=O)NC2=O)C3=O)cc1,[*:1]C(=O)N(Cc1cc(F)c(F)c(F)c1)C(C(=O)NC(C)(C)C)c1c(C(=O)OCC)[nH]c2cc(Cl)ccc12,[*:2]#Cc1cccc2c1CN(C1CCC(=O)NC1=O)C2=O,[*:1]c1ccc(NC(=O)CCC#[*:2])cc1
CCOC(=O)c1[nH]c2cc(Cl)ccc2c1C(C(=O)NC(C)(C)C)N(Cc1cc(F)c(F)c(F)c1)C(=O)c1ccc(NC(=O)CCCC#Cc2cccc3c2CN(C2CCC(=O)NC2=O)C3=O)cc1,[*:1]C(=O)N(Cc1cc(F)c(F)c(F)c1)C(C(=O)NC(C)(C)C)c1c(C(=O)OCC)[nH]c2cc(Cl)ccc12,[*:2]#Cc1cccc2c1CN(C1CCC(=O)NC1=O)C2=O,[*:1]c1ccc(NC(=O)CCCC#[*:2])cc1
CCOC(=O)c1[nH]c2cc(Cl)ccc2c1C(C(=O)NC(C)(C)C)N(Cc1cc(F)c(F)c(F)c1)C(=O)c1ccc(NC(=O)CCCCC#Cc2cccc3c2CN(C2CCC(=O)NC2=O)C3=O)cc1,[*:1]C(=O)N(Cc1cc(F)c(F)c(F)c1)C(C(=O)NC(C)(C)C)c1c(C(=O)OCC)[nH]c2cc(Cl)ccc12,[*:2]#Cc1cccc2c1CN(C1CCC(=O)NC1=O)C2=O,[*:1]c1ccc(NC(=O)CCCCC#[*:2])cc1
CCOC(=O)c1[nH]c2cc(Cl)ccc2c1C(C(=O)NC(C)(C)C)N(Cc1cc(F)c(F)c(F)c1)C(=O)c1cccc(OCC#Cc2cccc3c2CN(C2CCC(=O)NC2=O)C3=O)c1,[*:1]C(=O)N(Cc1cc(F)c(F)c(F)c1)C(C(=O)NC(C)(C)C)c1c(C(=O)OCC)[nH]c2cc(Cl)ccc12,[*:2]#Cc1cccc2c1CN(C1CCC(=O)NC1=O)C2=O,[*:1]c1cccc(OCC#[*:2])c1
CCOC(=O)c1[nH]c2cc(Cl)ccc2c1C(C(=O)NC(C)(C)C)N(Cc1cc(F)c(F)c(F)c1)C(=O)c1cccc(OCCC#Cc2cccc3c2CN(C2CCC(=O)NC2=O)C3=O)c1,[*:1]C(=O)N(Cc1cc(F)c(F)c(F)c1)C(C(=O)NC(C)(C)C)c1c(C(=O)OCC)[nH]c2cc(Cl)ccc12,[*:2]#Cc1cccc2c1CN(C1CCC(=O)NC1=O)C2=O,[*:1]c1cccc(OCCC#[*:2])c1
Cc1ncsc1-c1ccc(CNC(=O)[C@@H]2C[C@@H](O)CN2C(=O)[C@@H](NC(=O)CCOCCCN2CCC[C@H]2COc2nc3c(c(N4CCN(C(=O)/C(C#N)=C\C5CC5)[C@@H](CC#N)C4)n2)CCN(c2cccc4cccc(Cl)c24)C3)C(C)(C)C)cc1,[*:1]CN1CCC[C@H]1COc1nc2c(c(N3CCN(C(=O)/C(C#N)=C\C4CC4)[C@@H](CC#N)C3)n1)CCN(c1cccc3cccc(Cl)c13)C2,[*:2]CC(=O)N[C@H](C(=O)N1C[C@H](O)C[C@H]1C(=O)NCc1ccc(-c2scnc2C)cc1)C(C)(C)C,[*:1]CCOC[*:2]
O=C1CCC(N2C(=O)c3cccc(NCCCCNC(=O)N[C@H]4CC[C@@H](Nc5ncnc6[nH]cc(C(=O)c7ccc(Oc8ccccc8)cc7Cl)c56)CC4)c3C2=O)C(=O)N1,[*:1]N[C@H]1CC[C@@H](Nc2ncnc3[nH]cc(C(=O)c4ccc(Oc5ccccc5)cc4Cl)c23)CC1,[*:2]Nc1cccc2c1C(=O)N(C1CCC(=O)NC1=O)C2=O,[*:1]C(=O)NCCCC[*:2]
O=C1CCC(N2C(=O)c3cccc(NCCOCCOCCNC(=O)N[C@H]4CC[C@@H](Nc5ncnc6[nH]cc(C(=O)c7ccc(Oc8ccccc8)cc7Cl)c56)CC4)c3C2=O)C(=O)N1,[*:1]N[C@H]1CC[C@@H](Nc2ncnc3[nH]cc(C(=O)c4ccc(Oc5ccccc5)cc4Cl)c23)CC1,[*:2]Nc1cccc2c1C(=O)N(C1CCC(=O)NC1=O)C2=O,[*:1]C(=O)NCCOCCOCC[*:2]
O=C1CCC(N2C(=O)c3cccc(NCCOCCOCCOCCNC(=O)N[C@H]4CC[C@@H](Nc5ncnc6[nH]cc(C(=O)c7ccc(Oc8ccccc8)cc7Cl)c56)CC4)c3C2=O)C(=O)N1,[*:1]N[C@H]1CC[C@@H](Nc2ncnc3[nH]cc(C(=O)c4ccc(Oc5ccccc5)cc4Cl)c23)CC1,[*:2]Nc1cccc2c1C(=O)N(C1CCC(=O)NC1=O)C2=O,[*:1]C(=O)NCCOCCOCCOCC[*:2]
O=C1CCC(N2C(=O)c3cccc(NCCOCCOCCOCCOCCNC(=O)N[C@H]4CC[C@@H](Nc5ncnc6[nH]cc(C(=O)c7ccc(Oc8ccccc8)cc7Cl)c56)CC4)c3C2=O)C(=O)N1,[*:1]N[C@H]1CC[C@@H](Nc2ncnc3[nH]cc(C(=O)c4ccc(Oc5ccccc5)cc4Cl)c23)CC1,[*:2]Nc1cccc2c1C(=O)N(C1CCC(=O)NC1=O)C2=O,[*:1]C(=O)NCCOCCOCCOCCOCC[*:2]
O=C1CCC(N2C(=O)c3cccc(NCCOCCOCCOCCOCCOCCNC(=O)N[C@H]4CC[C@@H](Nc5ncnc6[nH]cc(C(=O)c7ccc(Oc8ccccc8)cc7Cl)c56)CC4)c3C2=O)C(=O)N1,[*:1]N[C@H]1CC[C@@H](Nc2ncnc3[nH]cc(C(=O)c4ccc(Oc5ccccc5)cc4Cl)c23)CC1,[*:2]Nc1cccc2c1C(=O)N(C1CCC(=O)NC1=O)C2=O,[*:1]C(=O)NCCOCCOCCOCCOCCOCC[*:2]
O=C(CCCO/N=C1C(=C2/C(=O)N(Cc3cn(CCOCCNc4cccc5c4C(=O)N(C4CCC(=O)NC4=O)C5=O)nn3)c3ccccc32)/Nc2ccccc2/1)NO,[*:1]N1C(=O)/C(=C2\Nc3ccccc3\C2=N/OCCCC(=O)NO)c2ccccc21,[*:2]Nc1cccc2c1C(=O)N(C1CCC(=O)NC1=O)C2=O,[*:1]Cc1cn(CCOCC[*:2])nn1
O=C(CCCO/N=C1C(=C2/C(=O)N(Cc3cn(CCOCCOCCNc4cccc5c4C(=O)N(C4CCC(=O)NC4=O)C5=O)nn3)c3ccccc32)/Nc2ccccc2/1)NO,[*:1]N1C(=O)/C(=C2\Nc3ccccc3\C2=N/OCCCC(=O)NO)c2ccccc21,[*:2]Nc1cccc2c1C(=O)N(C1CCC(=O)NC1=O)C2=O,[*:1]Cc1cn(CCOCCOCC[*:2])nn1
O=C(CCCO/N=C1C(=C2/C(=O)N(Cc3cn(CCOCCOCCOCCNc4cccc5c4C(=O)N(C4CCC(=O)NC4=O)C5=O)nn3)c3ccccc32)/Nc2ccccc2/1)NO,[*:1]N1C(=O)/C(=C2\Nc3ccccc3\C2=N/OCCCC(=O)NO)c2ccccc21,[*:2]Nc1cccc2c1C(=O)N(C1CCC(=O)NC1=O)C2=O,[*:1]Cc1cn(CCOCCOCCOCC[*:2])nn1
O=C(CCCO/N=C1C(=C2/C(=O)N(Cc3cn(CCOCCOCCOCCOCCNc4cccc5c4C(=O)N(C4CCC(=O)NC4=O)C5=O)nn3)c3ccccc32)/Nc2ccccc2/1)NO,[*:1]N1C(=O)/C(=C2\Nc3ccccc3\C2=N/OCCCC(=O)NO)c2ccccc21,[*:2]Nc1cccc2c1C(=O)N(C1CCC(=O)NC1=O)C2=O,[*:1]Cc1cn(CCOCCOCCOCCOCC[*:2])nn1
O=C(CCCO/N=C1C(=C2/C(=O)N(Cc3cn(CCOCCOCCOCCOCCOCCNc4cccc5c4C(=O)N(C4CCC(=O)NC4=O)C5=O)nn3)c3ccccc32)/Nc2ccccc2/1)NO,[*:1]N1C(=O)/C(=C2\Nc3ccccc3\C2=N/OCCCC(=O)NO)c2ccccc21,[*:2]Nc1cccc2c1C(=O)N(C1CCC(=O)NC1=O)C2=O,[*:1]Cc1cn(CCOCCOCCOCCOCCOCC[*:2])nn1
CCS(=O)(=O)N1CC(CC#N)(n2cc(-c3nc(Nc4ccc(C(=O)NCCCCNc5cccc6c5C(=O)N(C5CCC(=O)NC5=O)C6=O)cc4)nc4[nH]ccc34)cn2)C1,[*:1]c1nc(-c2cnn(C3(CC#N)CN(S(=O)(=O)CC)C3)c2)c2cc[nH]c2n1,[*:2]Nc1cccc2c1C(=O)N(C1CCC(=O)NC1=O)C2=O,[*:1]Nc1ccc(C(=O)NCCCC[*:2])cc1
CCS(=O)(=O)N1CC(CC#N)(n2cc(-c3nc(Nc4ccc(C(=O)NCCCCOc5cccc6c5C(=O)N(C5CCC(=O)NC5=O)C6=O)cc4)nc4[nH]ccc34)cn2)C1,[*:1]c1nc(-c2cnn(C3(CC#N)CN(S(=O)(=O)CC)C3)c2)c2cc[nH]c2n1,[*:2]c1cccc2c1C(=O)N(C1CCC(=O)NC1=O)C2=O,[*:1]Nc1ccc(C(=O)NCCCCO[*:2])cc1
CCS(=O)(=O)N1CC(CC#N)(n2cc(-c3nc(Nc4ccc(C(=O)NC5CCN(c6ccc7c(c6)C(=O)N(C6CCC(=O)NC6=O)C7=O)CC5)cc4)nc4[nH]ccc34)cn2)C1,[*:1]c1nc(-c2cnn(C3(CC#N)CN(S(=O)(=O)CC)C3)c2)c2cc[nH]c2n1,[*:2]c1ccc2c(c1)C(=O)N(C1CCC(=O)NC1=O)C2=O,[*:1]Nc1ccc(C(=O)NC2CCN([*:2])CC2)cc1
CCS(=O)(=O)N1CC(CC#N)(n2cc(-c3nc(Nc4ccc(C(=O)NCCN5CCN(c6ccc7c(c6)C(=O)N(C6CCC(=O)NC6=O)C7=O)CC5)cc4)nc4[nH]ccc34)cn2)C1,[*:1]c1nc(-c2cnn(C3(CC#N)CN(S(=O)(=O)CC)C3)c2)c2cc[nH]c2n1,[*:2]c1ccc2c(c1)C(=O)N(C1CCC(=O)NC1=O)C2=O,[*:1]Nc1ccc(C(=O)NCCN2CCN([*:2])CC2)cc1
CCS(=O)(=O)N1CC(CC#N)(n2cc(-c3nc(Nc4ccc(C(=O)NCCCCNc5cccc(C6CCC(=O)NC6=O)c5)cc4)nc4[nH]ccc34)cn2)C1,[*:1]c1nc(-c2cnn(C3(CC#N)CN(S(=O)(=O)CC)C3)c2)c2cc[nH]c2n1,[*:2]c1cccc(C2CCC(=O)NC2=O)c1,[*:1]Nc1ccc(C(=O)NCCCCN[*:2])cc1
CCS(=O)(=O)N1CC(CC#N)(n2cc(-c3nc(Nc4ccc(C(=O)NCCCCOc5ccc(C6CCC(=O)NC6=O)cc5)cc4)nc4[nH]ccc34)cn2)C1,[*:1]c1nc(-c2cnn(C3(CC#N)CN(S(=O)(=O)CC)C3)c2)c2cc[nH]c2n1,[*:2]c1ccc(C2CCC(=O)NC2=O)cc1,[*:1]Nc1ccc(C(=O)NCCCCO[*:2])cc1
CCS(=O)(=O)N1CC(CC#N)(n2cc(-c3nc(Nc4ccc(C(=O)NCCCCOc5cccc(C6CCC(=O)NC6=O)c5)cc4)nc4[nH]ccc34)cn2)C1,[*:1]c1nc(-c2cnn(C3(CC#N)CN(S(=O)(=O)CC)C3)c2)c2cc[nH]c2n1,[*:2]c1cccc(C2CCC(=O)NC2=O)c1,[*:1]Nc1ccc(C(=O)NCCCCO[*:2])cc1
CCS(=O)(=O)N1CC(CC#N)(n2cc(-c3nc(Nc4ccc(C(=O)NC5CCN(c6ccc(C7CCC(=O)NC7=O)cc6)CC5)cc4)nc4[nH]ccc34)cn2)C1,[*:1]c1nc(-c2cnn(C3(CC#N)CN(S(=O)(=O)CC)C3)c2)c2cc[nH]c2n1,[*:2]c1ccc(C2CCC(=O)NC2=O)cc1,[*:1]Nc1ccc(C(=O)NC2CCN([*:2])CC2)cc1
CCS(=O)(=O)N1CC(CC#N)(n2cc(-c3nc(Nc4ccc(C(=O)NCCN5CCN(c6ccc(C7CCC(=O)NC7=O)cc6)CC5)cc4)nc4[nH]ccc34)cn2)C1,[*:1]c1nc(-c2cnn(C3(CC#N)CN(S(=O)(=O)CC)C3)c2)c2cc[nH]c2n1,[*:2]c1ccc(C2CCC(=O)NC2=O)cc1,[*:1]Nc1ccc(C(=O)NCCN2CCN([*:2])CC2)cc1
CCS(=O)(=O)N1CC(CC#N)(n2cc(-c3nc(Nc4ccc(C(=O)NCCCN5CCN(c6ccc(C7CCC(=O)NC7=O)cc6)CC5)cc4)nc4[nH]ccc34)cn2)C1,[*:1]c1nc(-c2cnn(C3(CC#N)CN(S(=O)(=O)CC)C3)c2)c2cc[nH]c2n1,[*:2]c1ccc(C2CCC(=O)NC2=O)cc1,[*:1]Nc1ccc(C(=O)NCCCN2CCN([*:2])CC2)cc1
CCS(=O)(=O)N1CC(CC#N)(n2cc(-c3nc(Nc4ccc(C(=O)NCCCN5CC6CC5CN6c5ccc(C6CCC(=O)NC6=O)cc5)cc4)nc4[nH]ccc34)cn2)C1,[*:1]c1nc(-c2cnn(C3(CC#N)CN(S(=O)(=O)CC)C3)c2)c2cc[nH]c2n1,[*:2]c1ccc(C2CCC(=O)NC2=O)cc1,[*:1]Nc1ccc(C(=O)NCCCN2CC3CC2CN3[*:2])cc1
CCS(=O)(=O)N1CC(CC#N)(n2cc(-c3nc(Nc4ccc(C(=O)NCCCN5CCC6(CC5)CCN(c5ccc(C7CCC(=O)NC7=O)cc5)CC6)cc4)nc4[nH]ccc34)cn2)C1,[*:1]c1nc(-c2cnn(C3(CC#N)CN(S(=O)(=O)CC)C3)c2)c2cc[nH]c2n1,[*:2]c1ccc(C2CCC(=O)NC2=O)cc1,[*:1]Nc1ccc(C(=O)NCCCN2CCC3(CCN([*:2])CC3)CC2)cc1
COc1cc(C2CCN(CCCCCC(=O)N[C@H](C(=O)N3C[C@H](O)C[C@H]3C(=O)N[C@@H](C)c3ccc(-c4scnc4C)cc3)C(C)(C)C)CC2)ccc1Nc1ncc(Cl)c(Nc2ccccc2NS(C)(=O)=O)n1,[*:1]N1CCC(c2ccc(Nc3ncc(Cl)c(Nc4ccccc4NS(C)(=O)=O)n3)c(OC)c2)CC1,[*:2]CC(=O)N[C@H](C(=O)N1C[C@H](O)C[C@H]1C(=O)N[C@@H](C)c1ccc(-c2scnc2C)cc1)C(C)(C)C,[*:1]CCCC[*:2]
COc1cc(N2CCN(CCCCCC(=O)N[C@H](C(=O)N3C[C@H](O)C[C@H]3C(=O)N[C@@H](C)c3ccc(-c4scnc4C)cc3)C(C)(C)C)CC2)ccc1Nc1ncc(Cl)c(Nc2ccccc2P(C)(C)=O)n1,[*:1]N1CCN(c2ccc(Nc3ncc(Cl)c(Nc4ccccc4P(C)(C)=O)n3)c(OC)c2)CC1,[*:2]CC(=O)N[C@H](C(=O)N1C[C@H](O)C[C@H]1C(=O)N[C@@H](C)c1ccc(-c2scnc2C)cc1)C(C)(C)C,[*:1]CCCC[*:2]
COc1cc(N2CCN(CCCC(=O)N[C@H](C(=O)N3C[C@H](O)C[C@H]3C(=O)N[C@@H](C)c3ccc(-c4scnc4C)cc3)C(C)(C)C)CC2)ccc1Nc1ncc(Cl)c(Nc2ccccc2P(C)(C)=O)n1,[*:1]N1CCN(c2ccc(Nc3ncc(Cl)c(Nc4ccccc4P(C)(C)=O)n3)c(OC)c2)CC1,[*:2]CC(=O)N[C@H](C(=O)N1C[C@H](O)C[C@H]1C(=O)N[C@@H](C)c1ccc(-c2scnc2C)cc1)C(C)(C)C,[*:1]CC[*:2]
COc1cc(N2CCN(CCCCC(=O)N[C@H](C(=O)N3C[C@H](O)C[C@H]3C(=O)N[C@@H](C)c3ccc(-c4scnc4C)cc3)C(C)(C)C)CC2)ccc1Nc1ncc(Cl)c(Nc2ccccc2P(C)(C)=O)n1,[*:1]N1CCN(c2ccc(Nc3ncc(Cl)c(Nc4ccccc4P(C)(C)=O)n3)c(OC)c2)CC1,[*:2]CC(=O)N[C@H](C(=O)N1C[C@H](O)C[C@H]1C(=O)N[C@@H](C)c1ccc(-c2scnc2C)cc1)C(C)(C)C,[*:1]CCC[*:2]
COc1cc(N2CCN(CCCCCCC(=O)N[C@H](C(=O)N3C[C@H](O)C[C@H]3C(=O)N[C@@H](C)c3ccc(-c4scnc4C)cc3)C(C)(C)C)CC2)ccc1Nc1ncc(Cl)c(Nc2ccccc2P(C)(C)=O)n1,[*:1]N1CCN(c2ccc(Nc3ncc(Cl)c(Nc4ccccc4P(C)(C)=O)n3)c(OC)c2)CC1,[*:2]CC(=O)N[C@H](C(=O)N1C[C@H](O)C[C@H]1C(=O)N[C@@H](C)c1ccc(-c2scnc2C)cc1)C(C)(C)C,[*:1]CCCCC[*:2]
COc1cc(N2CCN(CCCCCCCC(=O)N[C@H](C(=O)N3C[C@H](O)C[C@H]3C(=O)N[C@@H](C)c3ccc(-c4scnc4C)cc3)C(C)(C)C)CC2)ccc1Nc1ncc(Cl)c(Nc2ccccc2P(C)(C)=O)n1,[*:1]N1CCN(c2ccc(Nc3ncc(Cl)c(Nc4ccccc4P(C)(C)=O)n3)c(OC)c2)CC1,[*:2]CC(=O)N[C@H](C(=O)N1C[C@H](O)C[C@H]1C(=O)N[C@@H](C)c1ccc(-c2scnc2C)cc1)C(C)(C)C,[*:1]CCCCCC[*:2]
COc1cc(N2CCN(CCCCCCCCC(=O)N[C@H](C(=O)N3C[C@H](O)C[C@H]3C(=O)N[C@@H](C)c3ccc(-c4scnc4C)cc3)C(C)(C)C)CC2)ccc1Nc1ncc(Cl)c(Nc2ccccc2P(C)(C)=O)n1,[*:1]N1CCN(c2ccc(Nc3ncc(Cl)c(Nc4ccccc4P(C)(C)=O)n3)c(OC)c2)CC1,[*:2]CC(=O)N[C@H](C(=O)N1C[C@H](O)C[C@H]1C(=O)N[C@@H](C)c1ccc(-c2scnc2C)cc1)C(C)(C)C,[*:1]CCCCCCC[*:2]
NC(=O)CC[C@H](NC(=O)[C@@H]1CC[C@@H]2CCN(C(=O)CCCCCC#Cc3cccc4c3CN(C3CCC(=O)NC3=O)C4=O)C[C@H](NC(=O)c3cc4cc(C(=O)P(=O)(O)O)ccc4[nH]3)C(=O)N21)C(=O)NC(c1ccccc1)c1ccccc1,[*:1]CC(=O)N1CC[C@H]2CC[C@@H](C(=O)N[C@@H](CCC(N)=O)C(=O)NC(c3ccccc3)c3ccccc3)N2C(=O)[C@@H](NC(=O)c2cc3cc(C(=O)P(=O)(O)O)ccc3[nH]2)C1,[*:2]#Cc1cccc2c1CN(C1CCC(=O)NC1=O)C2=O,[*:1]CCCCC#[*:2]
COc1cc(OC)c(Cl)c(NC(=O)N(C)c2cc(Nc3ccc(N4CCN(CCC(=O)N[C@H](C(=O)N5C[C@H](O)C[C@H]5C(=O)N[C@@H](C)c5ccc(-c6scnc6C)cc5)C(C)(C)C)CC4)cc3)ncn2)c1Cl,[*:1]CCN1CCN(c2ccc(Nc3cc(N(C)C(=O)Nc4c(Cl)c(OC)cc(OC)c4Cl)ncn3)cc2)CC1,[*:2]N[C@H](C(=O)N1C[C@H](O)C[C@H]1C(=O)N[C@@H](C)c1ccc(-c2scnc2C)cc1)C(C)(C)C,[*:1]C([*:2])=O
COc1cc(OC)c(Cl)c(NC(=O)N(C)c2cc(Nc3ccc(N4CCN(CCCC(=O)N[C@H](C(=O)N5C[C@H](O)C[C@H]5C(=O)N[C@@H](C)c5ccc(-c6scnc6C)cc5)C(C)(C)C)CC4)cc3)ncn2)c1Cl,[*:1]CCN1CCN(c2ccc(Nc3cc(N(C)C(=O)Nc4c(Cl)c(OC)cc(OC)c4Cl)ncn3)cc2)CC1,[*:2]N[C@H](C(=O)N1C[C@H](O)C[C@H]1C(=O)N[C@@H](C)c1ccc(-c2scnc2C)cc1)C(C)(C)C,[*:1]CC([*:2])=O
COc1cc(OC)c(Cl)c(NC(=O)N(C)c2cc(Nc3ccc(N4CCN(CCCCCC(=O)N[C@H](C(=O)N5C[C@H](O)C[C@H]5C(=O)N[C@@H](C)c5ccc(-c6scnc6C)cc5)C(C)(C)C)CC4)cc3)ncn2)c1Cl,[*:1]CCN1CCN(c2ccc(Nc3cc(N(C)C(=O)Nc4c(Cl)c(OC)cc(OC)c4Cl)ncn3)cc2)CC1,[*:2]CC(=O)N[C@H](C(=O)N1C[C@H](O)C[C@H]1C(=O)N[C@@H](C)c1ccc(-c2scnc2C)cc1)C(C)(C)C,[*:1]CC[*:2]
Cc1ncsc1-c1ccc(CNC(=O)[C@@H]2C[C@@H](O)CN2C(=O)[C@@H](NC(=O)COCc2cn(CCOCCOCCOc3cc(C(=O)c4cc(Cl)ccc4NS(=O)(=O)c4ccc(C(C)(C)C)cc4)cc[n+]3[O-])nn2)C(C)(C)C)cc1,[*:1]c1cc(C(=O)c2cc(Cl)ccc2NS(=O)(=O)c2ccc(C(C)(C)C)cc2)cc[n+]1[O-],[*:2]CC(=O)N[C@H](C(=O)N1C[C@H](O)C[C@H]1C(=O)NCc1ccc(-c2scnc2C)cc1)C(C)(C)C,[*:1]OCCOCCOCCn1cc(CO[*:2])nn1
Cc1sc2c(c1C)C(c1ccc(Cl)cc1)=N[C@@H](CC(=O)NCc1cn(CCCCNC(=O)COc3cccc4c3C(=O)N(C3CCC(=O)NC3=O)C4=O)nn1)c1nnc(C)n1-2,[*:1]NC(=O)C[C@@H]1N=C(c2ccc(Cl)cc2)c2c(sc(C)c2C)-n2c(C)nnc21,[*:2]c1cccc2c1C(=O)N(C1CCC(=O)NC1=O)C2=O,[*:1]Cc1cn(CCCCNC(=O)CO[*:2])nn1
Cc1sc2c(c1C)C(c1ccc(Cl)cc1)=N[C@@H](CC(=O)NCc1cn(CCCCNC(=O)CNc3cccc4c3C(=O)N(C3CCC(=O)NC3=O)C4=O)nn1)c1nnc(C)n1-2,[*:1]NC(=O)C[C@@H]1N=C(c2ccc(Cl)cc2)c2c(sc(C)c2C)-n2c(C)nnc21,[*:2]Nc1cccc2c1C(=O)N(C1CCC(=O)NC1=O)C2=O,[*:1]Cc1cn(CCCCNC(=O)C[*:2])nn1
Cc1sc2c(c1C)C(c1ccc(Cl)cc1)=N[C@@H](CC(=O)NCc1cn(CCCCNC(=O)COc3ccc(C4CCC(=O)NC4=O)cc3)nn1)c1nnc(C)n1-2,[*:1]NC(=O)C[C@@H]1N=C(c2ccc(Cl)cc2)c2c(sc(C)c2C)-n2c(C)nnc21,[*:2]c1ccc(C2CCC(=O)NC2=O)cc1,[*:1]Cc1cn(CCCCNC(=O)CO[*:2])nn1
Cc1sc2c(c1C)C(c1ccc(Cl)cc1)=N[C@@H](CC(=O)NCc1cn(CCCCNC(=O)CNc3ccc(C4CCC(=O)NC4=O)cc3)nn1)c1nnc(C)n1-2,[*:1]NC(=O)C[C@@H]1N=C(c2ccc(Cl)cc2)c2c(sc(C)c2C)-n2c(C)nnc21,[*:2]c1ccc(C2CCC(=O)NC2=O)cc1,[*:1]Cc1cn(CCCCNC(=O)CN[*:2])nn1
Cc1sc2c(c1C)C(c1ccc(Cl)cc1)=N[C@@H](CC(=O)NCCCCNC(=O)COc1ccc(C3CCC(=O)NC3=O)cc1)c1nnc(C)n1-2,[*:1]NC(=O)C[C@@H]1N=C(c2ccc(Cl)cc2)c2c(sc(C)c2C)-n2c(C)nnc21,[*:2]c1ccc(C2CCC(=O)NC2=O)cc1,[*:1]CCCCNC(=O)CO[*:2]
Cc1sc2c(c1C)C(c1ccc(Cl)cc1)=N[C@@H](CC(=O)NCCCCCNC(=O)COc1ccc(C3CCC(=O)NC3=O)cc1)c1nnc(C)n1-2,[*:1]NC(=O)C[C@@H]1N=C(c2ccc(Cl)cc2)c2c(sc(C)c2C)-n2c(C)nnc21,[*:2]c1ccc(C2CCC(=O)NC2=O)cc1,[*:1]CCCCCNC(=O)CO[*:2]
Cc1sc2c(c1C)C(c1ccc(Cl)cc1)=N[C@@H](CC(=O)NCCCCNC(=O)COc1cccc(C3CCC(=O)NC3=O)c1)c1nnc(C)n1-2,[*:1]NC(=O)C[C@@H]1N=C(c2ccc(Cl)cc2)c2c(sc(C)c2C)-n2c(C)nnc21,[*:2]c1cccc(C2CCC(=O)NC2=O)c1,[*:1]CCCCNC(=O)CO[*:2]
Cc1sc2c(c1C)C(c1ccc(Cl)cc1)=N[C@@H](CC(=O)NCCCCCNC(=O)COc1cccc(C3CCC(=O)NC3=O)c1)c1nnc(C)n1-2,[*:1]NC(=O)C[C@@H]1N=C(c2ccc(Cl)cc2)c2c(sc(C)c2C)-n2c(C)nnc21,[*:2]c1cccc(C2CCC(=O)NC2=O)c1,[*:1]CCCCCNC(=O)CO[*:2]
CC(C)(C)c1cc(NC(=O)Nc2ccc(-c3cn(Cc4cn(CCC(=O)Nc5cccc6c5CN(C5CCC(=O)NC5=O)C6=O)nn4)c4ncnc(N)c34)cc2)no1,[*:1]n1cc(-c2ccc(NC(=O)Nc3cc(C(C)(C)C)on3)cc2)c2c(N)ncnc21,[*:2]Nc1cccc2c1CN(C1CCC(=O)NC1=O)C2=O,[*:1]Cc1cn(CCC([*:2])=O)nn1
CC(C)(C)c1cc(NC(=O)Nc2ccc(-c3cn(Cc4cn(CCCC(=O)Nc5cccc6c5CN(C5CCC(=O)NC5=O)C6=O)nn4)c4ncnc(N)c34)cc2)no1,[*:1]n1cc(-c2ccc(NC(=O)Nc3cc(C(C)(C)C)on3)cc2)c2c(N)ncnc21,[*:2]Nc1cccc2c1CN(C1CCC(=O)NC1=O)C2=O,[*:1]Cc1cn(CCCC([*:2])=O)nn1
CC(C)(C)c1cc(NC(=O)Nc2ccc(-c3cn(Cc4cn(CCCCC(=O)Nc5cccc6c5CN(C5CCC(=O)NC5=O)C6=O)nn4)c4ncnc(N)c34)cc2)no1,[*:1]n1cc(-c2ccc(NC(=O)Nc3cc(C(C)(C)C)on3)cc2)c2c(N)ncnc21,[*:2]Nc1cccc2c1CN(C1CCC(=O)NC1=O)C2=O,[*:1]Cc1cn(CCCCC([*:2])=O)nn1
CC(C)(C)c1cc(NC(=O)Nc2ccc(-c3cn(Cc4cn(CCCCCC(=O)Nc5cccc6c5CN(C5CCC(=O)NC5=O)C6=O)nn4)c4ncnc(N)c34)cc2)no1,[*:1]n1cc(-c2ccc(NC(=O)Nc3cc(C(C)(C)C)on3)cc2)c2c(N)ncnc21,[*:2]Nc1cccc2c1CN(C1CCC(=O)NC1=O)C2=O,[*:1]Cc1cn(CCCCCC([*:2])=O)nn1
CC(C)(C)c1cc(NC(=O)Nc2ccc(-c3cn(Cc4cn(CC(=O)Nc5cccc6c5CN(C5CCC(=O)NC5=O)C6=O)nn4)c4ncnc(N)c34)cc2)no1,[*:1]n1cc(-c2ccc(NC(=O)Nc3cc(C(C)(C)C)on3)cc2)c2c(N)ncnc21,[*:2]Nc1cccc2c1CN(C1CCC(=O)NC1=O)C2=O,[*:1]Cc1cn(CC([*:2])=O)nn1
CC(C(=O)Nc1cccc2c1CN(C1CCC(=O)NC1=O)C2=O)n1cc(Cn2cc(-c3ccc(NC(=O)Nc4cc(C(C)(C)C)on4)cc3)c3c(N)ncnc32)nn1,[*:1]n1cc(-c2ccc(NC(=O)Nc3cc(C(C)(C)C)on3)cc2)c2c(N)ncnc21,[*:2]Nc1cccc2c1CN(C1CCC(=O)NC1=O)C2=O,[*:1]Cc1cn(C(C)C([*:2])=O)nn1
CC(C)(C)c1cc(NC(=O)Nc2ccc(-c3cn(CCCc4cn(CCC(=O)Nc5cccc6c5CN(C5CCC(=O)NC5=O)C6=O)nn4)c4ncnc(N)c34)cc2)no1,[*:1]n1cc(-c2ccc(NC(=O)Nc3cc(C(C)(C)C)on3)cc2)c2c(N)ncnc21,[*:2]Nc1cccc2c1CN(C1CCC(=O)NC1=O)C2=O,[*:1]CCCc1cn(CCC([*:2])=O)nn1
CC(C)(C)c1cc(NC(=O)Nc2ccc(-c3cn(CCCc4cn(CCCC(=O)Nc5cccc6c5CN(C5CCC(=O)NC5=O)C6=O)nn4)c4ncnc(N)c34)cc2)no1,[*:1]n1cc(-c2ccc(NC(=O)Nc3cc(C(C)(C)C)on3)cc2)c2c(N)ncnc21,[*:2]Nc1cccc2c1CN(C1CCC(=O)NC1=O)C2=O,[*:1]CCCc1cn(CCCC([*:2])=O)nn1
CC(C)(C)c1cc(NC(=O)Nc2ccc(-c3cn(CCCc4cn(CCCCC(=O)Nc5cccc6c5CN(C5CCC(=O)NC5=O)C6=O)nn4)c4ncnc(N)c34)cc2)no1,[*:1]n1cc(-c2ccc(NC(=O)Nc3cc(C(C)(C)C)on3)cc2)c2c(N)ncnc21,[*:2]Nc1cccc2c1CN(C1CCC(=O)NC1=O)C2=O,[*:1]CCCc1cn(CCCCC([*:2])=O)nn1
CC(C)(C)c1cc(NC(=O)Nc2ccc(-c3cn(CCCc4cn(CCCCCC(=O)Nc5cccc6c5CN(C5CCC(=O)NC5=O)C6=O)nn4)c4ncnc(N)c34)cc2)no1,[*:1]n1cc(-c2ccc(NC(=O)Nc3cc(C(C)(C)C)on3)cc2)c2c(N)ncnc21,[*:2]Nc1cccc2c1CN(C1CCC(=O)NC1=O)C2=O,[*:1]CCCc1cn(CCCCCC([*:2])=O)nn1
CC(C)(C)c1cc(NC(=O)Nc2ccc(-c3cn(CCCc4cn(CC(=O)Nc5cccc6c5CN(C5CCC(=O)NC5=O)C6=O)nn4)c4ncnc(N)c34)cc2)no1,[*:1]n1cc(-c2ccc(NC(=O)Nc3cc(C(C)(C)C)on3)cc2)c2c(N)ncnc21,[*:2]Nc1cccc2c1CN(C1CCC(=O)NC1=O)C2=O,[*:1]CCCc1cn(CC([*:2])=O)nn1
CC(C(=O)Nc1cccc2c1CN(C1CCC(=O)NC1=O)C2=O)n1cc(CCCn2cc(-c3ccc(NC(=O)Nc4cc(C(C)(C)C)on4)cc3)c3c(N)ncnc32)nn1,[*:1]n1cc(-c2ccc(NC(=O)Nc3cc(C(C)(C)C)on3)cc2)c2c(N)ncnc21,[*:2]Nc1cccc2c1CN(C1CCC(=O)NC1=O)C2=O,[*:1]CCCc1cn(C(C)C([*:2])=O)nn1
CC(C)(C)c1cc(NC(=O)Nc2ccc(-c3cn(CCCCc4cn(CCC(=O)Nc5cccc6c5CN(C5CCC(=O)NC5=O)C6=O)nn4)c4ncnc(N)c34)cc2)no1,[*:1]n1cc(-c2ccc(NC(=O)Nc3cc(C(C)(C)C)on3)cc2)c2c(N)ncnc21,[*:2]Nc1cccc2c1CN(C1CCC(=O)NC1=O)C2=O,[*:1]CCCCc1cn(CCC([*:2])=O)nn1
CC(C)(C)c1cc(NC(=O)Nc2ccc(-c3cn(CCCCc4cn(CCCC(=O)Nc5cccc6c5CN(C5CCC(=O)NC5=O)C6=O)nn4)c4ncnc(N)c34)cc2)no1,[*:1]n1cc(-c2ccc(NC(=O)Nc3cc(C(C)(C)C)on3)cc2)c2c(N)ncnc21,[*:2]Nc1cccc2c1CN(C1CCC(=O)NC1=O)C2=O,[*:1]CCCCc1cn(CCCC([*:2])=O)nn1
CC(C)(C)c1cc(NC(=O)Nc2ccc(-c3cn(CCCCc4cn(CCCCC(=O)Nc5cccc6c5CN(C5CCC(=O)NC5=O)C6=O)nn4)c4ncnc(N)c34)cc2)no1,[*:1]n1cc(-c2ccc(NC(=O)Nc3cc(C(C)(C)C)on3)cc2)c2c(N)ncnc21,[*:2]Nc1cccc2c1CN(C1CCC(=O)NC1=O)C2=O,[*:1]CCCCc1cn(CCCCC([*:2])=O)nn1
CC(C)(C)c1cc(NC(=O)Nc2ccc(-c3cn(CCCCc4cn(CCCCCC(=O)Nc5cccc6c5CN(C5CCC(=O)NC5=O)C6=O)nn4)c4ncnc(N)c34)cc2)no1,[*:1]n1cc(-c2ccc(NC(=O)Nc3cc(C(C)(C)C)on3)cc2)c2c(N)ncnc21,[*:2]Nc1cccc2c1CN(C1CCC(=O)NC1=O)C2=O,[*:1]CCCCc1cn(CCCCCC([*:2])=O)nn1
CC(C)(C)c1cc(NC(=O)Nc2ccc(-c3cn(CCCCc4cn(CC(=O)Nc5cccc6c5CN(C5CCC(=O)NC5=O)C6=O)nn4)c4ncnc(N)c34)cc2)no1,[*:1]n1cc(-c2ccc(NC(=O)Nc3cc(C(C)(C)C)on3)cc2)c2c(N)ncnc21,[*:2]Nc1cccc2c1CN(C1CCC(=O)NC1=O)C2=O,[*:1]CCCCc1cn(CC([*:2])=O)nn1
CC(C(=O)Nc1cccc2c1CN(C1CCC(=O)NC1=O)C2=O)n1cc(CCCCn2cc(-c3ccc(NC(=O)Nc4cc(C(C)(C)C)on4)cc3)c3c(N)ncnc32)nn1,[*:1]n1cc(-c2ccc(NC(=O)Nc3cc(C(C)(C)C)on3)cc2)c2c(N)ncnc21,[*:2]Nc1cccc2c1CN(C1CCC(=O)NC1=O)C2=O,[*:1]CCCCc1cn(C(C)C([*:2])=O)nn1
C[C@H]1[C@H](C)CC[C@]2(C(=O)OCCOC(=O)CCOCCOCCOCCNc3cccc4c3C(=O)N(C3CCC(=O)NC3=O)C4=O)CC[C@]3(C)C(=CC[C@@H]4[C@@]5(C)CC[C@H](O)C(C)(C)C5CC[C@]43C)[C@H]12,[*:1]OC(=O)[C@]12CC[C@@H](C)[C@H](C)[C@H]1C1=CC[C@@H]3[C@@]4(C)CC[C@H](O)C(C)(C)C4CC[C@@]3(C)[C@]1(C)CC2,[*:2]Nc1cccc2c1C(=O)N(C1CCC(=O)NC1=O)C2=O,[*:1]CCOC(=O)CCOCCOCCOCC[*:2]
C[C@H]1[C@H](C)CC[C@]2(C(=O)OCCOC(=O)CCOCCOCCn3cc(CNc4cccc5c4C(=O)N(C4CCC(=O)NC4=O)C5=O)nn3)CC[C@]3(C)C(=CC[C@@H]4[C@@]5(C)CC[C@H](O)C(C)(C)C5CC[C@]43C)[C@H]12,[*:1]OC(=O)[C@]12CC[C@@H](C)[C@H](C)[C@H]1C1=CC[C@@H]3[C@@]4(C)CC[C@H](O)C(C)(C)C4CC[C@@]3(C)[C@]1(C)CC2,[*:2]Nc1cccc2c1C(=O)N(C1CCC(=O)NC1=O)C2=O,[*:1]CCOC(=O)CCOCCOCCn1cc(C[*:2])nn1
COc1cc(OCc2cccc(-c3ccccc3)c2C)cc(OC)c1CNCCNC(=O)CCCC#Cc1ccc2c(c1)C(=O)N(C1CCC(=O)NC1=O)C2=O,[*:1]CC(=O)NCCNCc1c(OC)cc(OCc2cccc(-c3ccccc3)c2C)cc1OC,[*:2]c1ccc2c(c1)C(=O)N(C1CCC(=O)NC1=O)C2=O,[*:1]CCC#C[*:2]
COc1cc(OCc2cccc(-c3ccccc3)c2C)cc(OC)c1CNCCNC(=O)CCCCC#Cc1ccc2c(c1)C(=O)N(C1CCC(=O)NC1=O)C2=O,[*:1]CC(=O)NCCNCc1c(OC)cc(OCc2cccc(-c3ccccc3)c2C)cc1OC,[*:2]c1ccc2c(c1)C(=O)N(C1CCC(=O)NC1=O)C2=O,[*:1]CCCC#C[*:2]
COc1cc(OCc2cccc(-c3ccccc3)c2C)cc(OC)c1CNCCNC(=O)CCCC#Cc1cccc2c1C(=O)N(C1CCC(=O)NC1=O)C2=O,[*:1]CC(=O)NCCNCc1c(OC)cc(OCc2cccc(-c3ccccc3)c2C)cc1OC,[*:2]c1cccc2c1C(=O)N(C1CCC(=O)NC1=O)C2=O,[*:1]CCC#C[*:2]
COc1cc(OCc2cccc(-c3ccccc3)c2C)cc(OC)c1CNCCNC(=O)CCCCC#Cc1cccc2c1C(=O)N(C1CCC(=O)NC1=O)C2=O,[*:1]CC(=O)NCCNCc1c(OC)cc(OCc2cccc(-c3ccccc3)c2C)cc1OC,[*:2]c1cccc2c1C(=O)N(C1CCC(=O)NC1=O)C2=O,[*:1]CCCC#C[*:2]
COc1cc(Cl)c(-c2cc(Cl)ccc2Cl)cc1C(=O)N1CCN(C(=O)/C=C/C(=O)NCCNc2cccc3c2C(=O)N(C2CCC(=O)NC2=O)C3=O)CC1,[*:1]/C=C/C(=O)N1CCN(C(=O)c2cc(-c3cc(Cl)ccc3Cl)c(Cl)cc2OC)CC1,[*:2]Nc1cccc2c1C(=O)N(C1CCC(=O)NC1=O)C2=O,[*:1]C(=O)NCC[*:2]
COc1cc(Cl)c(-c2cc(Cl)ccc2Cl)cc1C(=O)N1CCN(C(=O)/C=C/C(=O)NCCCNc2cccc3c2C(=O)N(C2CCC(=O)NC2=O)C3=O)CC1,[*:1]/C=C/C(=O)N1CCN(C(=O)c2cc(-c3cc(Cl)ccc3Cl)c(Cl)cc2OC)CC1,[*:2]Nc1cccc2c1C(=O)N(C1CCC(=O)NC1=O)C2=O,[*:1]C(=O)NCCC[*:2]
COc1cc(Cl)c(-c2cc(Cl)ccc2Cl)cc1C(=O)N1CCN(C(=O)/C=C/C(=O)NCCCCNc2cccc3c2C(=O)N(C2CCC(=O)NC2=O)C3=O)CC1,[*:1]/C=C/C(=O)N1CCN(C(=O)c2cc(-c3cc(Cl)ccc3Cl)c(Cl)cc2OC)CC1,[*:2]Nc1cccc2c1C(=O)N(C1CCC(=O)NC1=O)C2=O,[*:1]C(=O)NCCCC[*:2]
COc1cc(Cl)c(-c2cc(Cl)ccc2Cl)cc1C(=O)N1CCN(C(=O)/C=C/C(=O)NCCCCCCNc2cccc3c2C(=O)N(C2CCC(=O)NC2=O)C3=O)CC1,[*:1]/C=C/C(=O)N1CCN(C(=O)c2cc(-c3cc(Cl)ccc3Cl)c(Cl)cc2OC)CC1,[*:2]Nc1cccc2c1C(=O)N(C1CCC(=O)NC1=O)C2=O,[*:1]C(=O)NCCCCCC[*:2]
COc1cc(Cl)c(-c2cc(Cl)ccc2Cl)cc1C(=O)N1CCN(C(=O)/C=C/C(=O)N2CCN(CC(=O)NCCNc3cccc4c3C(=O)N(C3CCC(=O)NC3=O)C4=O)CC2)CC1,[*:1]/C=C/C(=O)N1CCN(C(=O)c2cc(-c3cc(Cl)ccc3Cl)c(Cl)cc2OC)CC1,[*:2]Nc1cccc2c1C(=O)N(C1CCC(=O)NC1=O)C2=O,[*:1]C(=O)N1CCN(CC(=O)NCC[*:2])CC1
COc1cc(Cl)c(-c2cc(Cl)ccc2Cl)cc1C(=O)N1CCN(C(=O)/C=C/C(=O)N2CCN(CC(=O)NCCCNc3cccc4c3C(=O)N(C3CCC(=O)NC3=O)C4=O)CC2)CC1,[*:1]/C=C/C(=O)N1CCN(C(=O)c2cc(-c3cc(Cl)ccc3Cl)c(Cl)cc2OC)CC1,[*:2]Nc1cccc2c1C(=O)N(C1CCC(=O)NC1=O)C2=O,[*:1]C(=O)N1CCN(CC(=O)NCCC[*:2])CC1
COc1cc(Cl)c(-c2cc(Cl)ccc2Cl)cc1C(=O)N1CCN(C(=O)/C=C/C(=O)N2CCN(CC(=O)NCCCCNc3cccc4c3C(=O)N(C3CCC(=O)NC3=O)C4=O)CC2)CC1,[*:1]/C=C/C(=O)N1CCN(C(=O)c2cc(-c3cc(Cl)ccc3Cl)c(Cl)cc2OC)CC1,[*:2]Nc1cccc2c1C(=O)N(C1CCC(=O)NC1=O)C2=O,[*:1]C(=O)N1CCN(CC(=O)NCCCC[*:2])CC1
COc1cc(Cl)c(-c2cc(Cl)ccc2Cl)cc1C(=O)N1CCN(C(=O)/C=C/C(=O)N2CCN(CC(=O)NCCCCCCNc3cccc4c3C(=O)N(C3CCC(=O)NC3=O)C4=O)CC2)CC1,[*:1]/C=C/C(=O)N1CCN(C(=O)c2cc(-c3cc(Cl)ccc3Cl)c(Cl)cc2OC)CC1,[*:2]Nc1cccc2c1C(=O)N(C1CCC(=O)NC1=O)C2=O,[*:1]C(=O)N1CCN(CC(=O)NCCCCCC[*:2])CC1
CC1(N)CCN(c2cnc(-c3ccc(CCOCCOCCOCCOCCOCCNC(=O)COc4cccc5c4C(=O)N(C4CCC(=O)NC4=O)C5=O)c(Cl)c3Cl)c(N)n2)CC1,[*:1]c1ccc(-c2ncc(N3CCC(C)(N)CC3)nc2N)c(Cl)c1Cl,[*:2]c1cccc2c1C(=O)N(C1CCC(=O)NC1=O)C2=O,[*:1]CCOCCOCCOCCOCCOCCNC(=O)CO[*:2]
CC1(N)CCN(c2cnc(-c3cc(CCOCCOCCOCCOCCOCCNC(=O)COc4cccc5c4C(=O)N(C4CCC(=O)NC4=O)C5=O)cc(Cl)c3Cl)c(N)n2)CC1,[*:1]c1cc(Cl)c(Cl)c(-c2ncc(N3CCC(C)(N)CC3)nc2N)c1,[*:2]c1cccc2c1C(=O)N(C1CCC(=O)NC1=O)C2=O,[*:1]CCOCCOCCOCCOCCOCCNC(=O)CO[*:2]
CC1(N)CCN(c2cnc(-c3ccc(OCCOCCOCCOCCOCCOCCNC(=O)COc4cccc5c4C(=O)N(C4CCC(=O)NC4=O)C5=O)c(Cl)c3Cl)c(N)n2)CC1,[*:1]c1ccc(-c2ncc(N3CCC(C)(N)CC3)nc2N)c(Cl)c1Cl,[*:2]c1cccc2c1C(=O)N(C1CCC(=O)NC1=O)C2=O,[*:1]OCCOCCOCCOCCOCCOCCNC(=O)CO[*:2]
CC1(N)CCN(c2cnc(-c3cc(OCCOCCOCCOCCOCCOCCNC(=O)COc4cccc5c4C(=O)N(C4CCC(=O)NC4=O)C5=O)cc(Cl)c3Cl)c(N)n2)CC1,[*:1]c1cc(Cl)c(Cl)c(-c2ncc(N3CCC(C)(N)CC3)nc2N)c1,[*:2]c1cccc2c1C(=O)N(C1CCC(=O)NC1=O)C2=O,[*:1]OCCOCCOCCOCCOCCOCCNC(=O)CO[*:2]
Cc1nc(N2CCC3(CC2)CO[C@@H](C)[C@H]3N)c(CO)nc1-c1ccc(OCCOCCOCCOCCNC(=O)COc2cccc3c2C(=O)N(C2CCC(=O)NC2=O)C3=O)c(Cl)c1Cl,[*:1]c1ccc(-c2nc(CO)c(N3CCC4(CC3)CO[C@@H](C)[C@H]4N)nc2C)c(Cl)c1Cl,[*:2]c1cccc2c1C(=O)N(C1CCC(=O)NC1=O)C2=O,[*:1]OCCOCCOCCOCCNC(=O)CO[*:2]
Cc1nc(N2CCC3(CC2)CO[C@@H](C)[C@H]3N)c(CO)nc1-c1ccc(OCCOCCOCCOCCOCCOCCNC(=O)COc2cccc3c2C(=O)N(C2CCC(=O)NC2=O)C3=O)c(Cl)c1Cl,[*:1]c1ccc(-c2nc(CO)c(N3CCC4(CC3)CO[C@@H](C)[C@H]4N)nc2C)c(Cl)c1Cl,[*:2]c1cccc2c1C(=O)N(C1CCC(=O)NC1=O)C2=O,[*:1]OCCOCCOCCOCCOCCOCCNC(=O)CO[*:2]
Cc1nc(N2CCC3(CC2)CO[C@@H](C)[C@H]3N)c(CO)nc1-c1ccc(OCCOCCOCCOCCOCCOCCOCCOCCNC(=O)COc2cccc3c2C(=O)N(C2CCC(=O)NC2=O)C3=O)c(Cl)c1Cl,[*:1]c1ccc(-c2nc(CO)c(N3CCC4(CC3)CO[C@@H](C)[C@H]4N)nc2C)c(Cl)c1Cl,[*:2]c1cccc2c1C(=O)N(C1CCC(=O)NC1=O)C2=O,[*:1]OCCOCCOCCOCCOCCOCCOCCOCCNC(=O)CO[*:2]
C=CCn1c(=O)c2cnc(Nc3ccc(N4CCN(CCCC(=O)N[C@H](C(=O)N5C[C@H](O)C[C@H]5C(=O)NCc5ccc(-c6scnc6C)cc5)C(C)(C)C)CC4)cc3)nc2n1-c1cccc(C(C)(C)O)n1,[*:1]CN1CCN(c2ccc(Nc3ncc4c(=O)n(CC=C)n(-c5cccc(C(C)(C)O)n5)c4n3)cc2)CC1,[*:2]CC(=O)N[C@H](C(=O)N1C[C@H](O)C[C@H]1C(=O)NCc1ccc(-c2scnc2C)cc1)C(C)(C)C,[*:1]C[*:2]
C=CCn1c(=O)c2cnc(Nc3ccc(N4CCN(CCCC(=O)NCCCC(=O)N[C@H](C(=O)N5C[C@H](O)C[C@H]5C(=O)NCc5ccc(-c6scnc6C)cc5)C(C)(C)C)CC4)cc3)nc2n1-c1cccc(C(C)(C)O)n1,[*:1]CN1CCN(c2ccc(Nc3ncc4c(=O)n(CC=C)n(-c5cccc(C(C)(C)O)n5)c4n3)cc2)CC1,[*:2]CC(=O)N[C@H](C(=O)N1C[C@H](O)C[C@H]1C(=O)NCc1ccc(-c2scnc2C)cc1)C(C)(C)C,[*:1]CCC(=O)NCC[*:2]
C=CCn1c(=O)c2cnc(Nc3ccc(N4CCN(CCCC(=O)NCCCCCC(=O)N[C@H](C(=O)N5C[C@H](O)C[C@H]5C(=O)NCc5ccc(-c6scnc6C)cc5)C(C)(C)C)CC4)cc3)nc2n1-c1cccc(C(C)(C)O)n1,[*:1]CN1CCN(c2ccc(Nc3ncc4c(=O)n(CC=C)n(-c5cccc(C(C)(C)O)n5)c4n3)cc2)CC1,[*:2]CC(=O)N[C@H](C(=O)N1C[C@H](O)C[C@H]1C(=O)NCc1ccc(-c2scnc2C)cc1)C(C)(C)C,[*:1]CCC(=O)NCCCC[*:2]
C=CCn1c(=O)c2cnc(Nc3ccc(N4CCN(CCCC(=O)NCCCCCCCC(=O)N[C@H](C(=O)N5C[C@H](O)C[C@H]5C(=O)NCc5ccc(-c6scnc6C)cc5)C(C)(C)C)CC4)cc3)nc2n1-c1cccc(C(C)(C)O)n1,[*:1]CN1CCN(c2ccc(Nc3ncc4c(=O)n(CC=C)n(-c5cccc(C(C)(C)O)n5)c4n3)cc2)CC1,[*:2]CC(=O)N[C@H](C(=O)N1C[C@H](O)C[C@H]1C(=O)NCc1ccc(-c2scnc2C)cc1)C(C)(C)C,[*:1]CCC(=O)NCCCCCC[*:2]
C=CCn1c(=O)c2cnc(Nc3ccc(N4CCN(CCCC(=O)NCCCCCCCCCCC(=O)N[C@H](C(=O)N5C[C@H](O)C[C@H]5C(=O)NCc5ccc(-c6scnc6C)cc5)C(C)(C)C)CC4)cc3)nc2n1-c1cccc(C(C)(C)O)n1,[*:1]CN1CCN(c2ccc(Nc3ncc4c(=O)n(CC=C)n(-c5cccc(C(C)(C)O)n5)c4n3)cc2)CC1,[*:2]CC(=O)N[C@H](C(=O)N1C[C@H](O)C[C@H]1C(=O)NCc1ccc(-c2scnc2C)cc1)C(C)(C)C,[*:1]CCC(=O)NCCCCCCCCC[*:2]
C=CCn1c(=O)c2cnc(Nc3ccc(N4CCN(CCCC(=O)NCCOCCOCCOCC(=O)N[C@H](C(=O)N5C[C@H](O)C[C@H]5C(=O)NCc5ccc(-c6scnc6C)cc5)C(C)(C)C)CC4)cc3)nc2n1-c1cccc(C(C)(C)O)n1,[*:1]CN1CCN(c2ccc(Nc3ncc4c(=O)n(CC=C)n(-c5cccc(C(C)(C)O)n5)c4n3)cc2)CC1,[*:2]CC(=O)N[C@H](C(=O)N1C[C@H](O)C[C@H]1C(=O)NCc1ccc(-c2scnc2C)cc1)C(C)(C)C,[*:1]CCC(=O)NCCOCCOCCO[*:2]
C=CCn1c(=O)c2cnc(Nc3ccc(N4CCN(CCCC(=O)NCCOCCOCCOCCOCCC(=O)N[C@H](C(=O)N5C[C@H](O)C[C@H]5C(=O)NCc5ccc(-c6scnc6C)cc5)C(C)(C)C)CC4)cc3)nc2n1-c1cccc(C(C)(C)O)n1,[*:1]CN1CCN(c2ccc(Nc3ncc4c(=O)n(CC=C)n(-c5cccc(C(C)(C)O)n5)c4n3)cc2)CC1,[*:2]CC(=O)N[C@H](C(=O)N1C[C@H](O)C[C@H]1C(=O)NCc1ccc(-c2scnc2C)cc1)C(C)(C)C,[*:1]CCC(=O)NCCOCCOCCOCCOC[*:2]
C=CCn1c(=O)c2cnc(Nc3ccc(N4CCN(CCCC(=O)NCCNc5cccc6c5C(=O)N(C5CCC(=O)NC5=O)C6=O)CC4)cc3)nc2n1-c1cccc(C(C)(C)O)n1,[*:1]CN1CCN(c2ccc(Nc3ncc4c(=O)n(CC=C)n(-c5cccc(C(C)(C)O)n5)c4n3)cc2)CC1,[*:2]Nc1cccc2c1C(=O)N(C1CCC(=O)NC1=O)C2=O,[*:1]CCC(=O)NCC[*:2]
C=CCn1c(=O)c2cnc(Nc3ccc(N4CCN(CCCC(=O)NCCCCCCNc5cccc6c5C(=O)N(C5CCC(=O)NC5=O)C6=O)CC4)cc3)nc2n1-c1cccc(C(C)(C)O)n1,[*:1]CN1CCN(c2ccc(Nc3ncc4c(=O)n(CC=C)n(-c5cccc(C(C)(C)O)n5)c4n3)cc2)CC1,[*:2]Nc1cccc2c1C(=O)N(C1CCC(=O)NC1=O)C2=O,[*:1]CCC(=O)NCCCCCC[*:2]
C=CCn1c(=O)c2cnc(Nc3ccc(N4CCN(CCCC(=O)NCCOCCNc5cccc6c5C(=O)N(C5CCC(=O)NC5=O)C6=O)CC4)cc3)nc2n1-c1cccc(C(C)(C)O)n1,[*:1]CN1CCN(c2ccc(Nc3ncc4c(=O)n(CC=C)n(-c5cccc(C(C)(C)O)n5)c4n3)cc2)CC1,[*:2]Nc1cccc2c1C(=O)N(C1CCC(=O)NC1=O)C2=O,[*:1]CCC(=O)NCCOCC[*:2]
C=CCn1c(=O)c2cnc(Nc3ccc(N4CCN(CCCC(=O)NCCOCCOCCNc5cccc6c5C(=O)N(C5CCC(=O)NC5=O)C6=O)CC4)cc3)nc2n1-c1cccc(C(C)(C)O)n1,[*:1]CN1CCN(c2ccc(Nc3ncc4c(=O)n(CC=C)n(-c5cccc(C(C)(C)O)n5)c4n3)cc2)CC1,[*:2]Nc1cccc2c1C(=O)N(C1CCC(=O)NC1=O)C2=O,[*:1]CCC(=O)NCCOCCOCC[*:2]
C=CCn1c(=O)c2cnc(Nc3ccc(N4CCN(CCCC(=O)NCCOCCOCCOCCNc5cccc6c5C(=O)N(C5CCC(=O)NC5=O)C6=O)CC4)cc3)nc2n1-c1cccc(C(C)(C)O)n1,[*:1]CN1CCN(c2ccc(Nc3ncc4c(=O)n(CC=C)n(-c5cccc(C(C)(C)O)n5)c4n3)cc2)CC1,[*:2]Nc1cccc2c1C(=O)N(C1CCC(=O)NC1=O)C2=O,[*:1]CCC(=O)NCCOCCOCCOCC[*:2]
C=CCn1c(=O)c2cnc(Nc3ccc(N4CCN(CCCC(=O)NCCOCCOCCOCCOCCNc5cccc6c5C(=O)N(C5CCC(=O)NC5=O)C6=O)CC4)cc3)nc2n1-c1cccc(C(C)(C)O)n1,[*:1]CN1CCN(c2ccc(Nc3ncc4c(=O)n(CC=C)n(-c5cccc(C(C)(C)O)n5)c4n3)cc2)CC1,[*:2]Nc1cccc2c1C(=O)N(C1CCC(=O)NC1=O)C2=O,[*:1]CCC(=O)NCCOCCOCCOCCOCC[*:2]
C=CCn1c(=O)c2cnc(Nc3ccc(N4CCN(CCCC(=O)NCCOCCOCCOCCOCCOCCNc5cccc6c5C(=O)N(C5CCC(=O)NC5=O)C6=O)CC4)cc3)nc2n1-c1cccc(C(C)(C)O)n1,[*:1]CN1CCN(c2ccc(Nc3ncc4c(=O)n(CC=C)n(-c5cccc(C(C)(C)O)n5)c4n3)cc2)CC1,[*:2]Nc1cccc2c1C(=O)N(C1CCC(=O)NC1=O)C2=O,[*:1]CCC(=O)NCCOCCOCCOCCOCCOCC[*:2]
C=CCn1c(=O)c2cnc(Nc3ccc(N4CCN(CCCC(=O)NCCOCCOCC(=O)NCCNc5cccc6c5C(=O)N(C5CCC(=O)NC5=O)C6=O)CC4)cc3)nc2n1-c1cccc(C(C)(C)O)n1,[*:1]CN1CCN(c2ccc(Nc3ncc4c(=O)n(CC=C)n(-c5cccc(C(C)(C)O)n5)c4n3)cc2)CC1,[*:2]Nc1cccc2c1C(=O)N(C1CCC(=O)NC1=O)C2=O,[*:1]CCC(=O)NCCOCCOCC(=O)NCC[*:2]
C=CCn1c(=O)c2cnc(Nc3ccc(N4CCN(CCCC(=O)NCCOCCOCCOCC(=O)NCCNc5cccc6c5C(=O)N(C5CCC(=O)NC5=O)C6=O)CC4)cc3)nc2n1-c1cccc(C(C)(C)O)n1,[*:1]CN1CCN(c2ccc(Nc3ncc4c(=O)n(CC=C)n(-c5cccc(C(C)(C)O)n5)c4n3)cc2)CC1,[*:2]Nc1cccc2c1C(=O)N(C1CCC(=O)NC1=O)C2=O,[*:1]CCC(=O)NCCOCCOCCOCC(=O)NCC[*:2]
C=CCn1c(=O)c2cnc(Nc3ccc(N4CCN(CCCC(=O)NCCCC(=O)NCCNc5cccc6c5C(=O)N(C5CCC(=O)NC5=O)C6=O)CC4)cc3)nc2n1-c1cccc(C(C)(C)O)n1,[*:1]CN1CCN(c2ccc(Nc3ncc4c(=O)n(CC=C)n(-c5cccc(C(C)(C)O)n5)c4n3)cc2)CC1,[*:2]Nc1cccc2c1C(=O)N(C1CCC(=O)NC1=O)C2=O,[*:1]CCC(=O)NCCCC(=O)NCC[*:2]
C=CCn1c(=O)c2cnc(Nc3ccc(N4CCN(CCCC(=O)NCCCCCC(=O)NCCNc5cccc6c5C(=O)N(C5CCC(=O)NC5=O)C6=O)CC4)cc3)nc2n1-c1cccc(C(C)(C)O)n1,[*:1]CN1CCN(c2ccc(Nc3ncc4c(=O)n(CC=C)n(-c5cccc(C(C)(C)O)n5)c4n3)cc2)CC1,[*:2]Nc1cccc2c1C(=O)N(C1CCC(=O)NC1=O)C2=O,[*:1]CCC(=O)NCCCCCC(=O)NCC[*:2]
C=CCn1c(=O)c2cnc(Nc3ccc(N4CCN(CCCC(=O)NCCCCCCCC(=O)NCCNc5cccc6c5C(=O)N(C5CCC(=O)NC5=O)C6=O)CC4)cc3)nc2n1-c1cccc(C(C)(C)O)n1,[*:1]CN1CCN(c2ccc(Nc3ncc4c(=O)n(CC=C)n(-c5cccc(C(C)(C)O)n5)c4n3)cc2)CC1,[*:2]Nc1cccc2c1C(=O)N(C1CCC(=O)NC1=O)C2=O,[*:1]CCC(=O)NCCCCCCCC(=O)NCC[*:2]
C=CCn1c(=O)c2cnc(Nc3ccc(N4CCN(CCCC(=O)NCCCCCCCCCCC(=O)NCCNc5cccc6c5C(=O)N(C5CCC(=O)NC5=O)C6=O)CC4)cc3)nc2n1-c1cccc(C(C)(C)O)n1,[*:1]CN1CCN(c2ccc(Nc3ncc4c(=O)n(CC=C)n(-c5cccc(C(C)(C)O)n5)c4n3)cc2)CC1,[*:2]Nc1cccc2c1C(=O)N(C1CCC(=O)NC1=O)C2=O,[*:1]CCC(=O)NCCCCCCCCCCC(=O)NCC[*:2]
Cc1ncsc1-c1ccc([C@H](C)NC(=O)[C@@H]2C[C@@H](O)CN2C(=O)[C@@H](NC(=O)CCOc2ccc(-c3csc(N4CCOCC4)n3)cc2)C(C)(C)C)cc1,[*:1]c1ccc(-c2csc(N3CCOCC3)n2)cc1,[*:2]CC(=O)N[C@H](C(=O)N1C[C@H](O)C[C@H]1C(=O)N[C@@H](C)c1ccc(-c2scnc2C)cc1)C(C)(C)C,[*:1]OC[*:2]
Cc1ncsc1-c1ccc([C@H](C)NC(=O)[C@@H]2C[C@@H](O)CN2C(=O)[C@@H](NC(=O)CCCOc2ccc(-c3csc(N4CCOCC4)n3)cc2)C(C)(C)C)cc1,[*:1]c1ccc(-c2csc(N3CCOCC3)n2)cc1,[*:2]CC(=O)N[C@H](C(=O)N1C[C@H](O)C[C@H]1C(=O)N[C@@H](C)c1ccc(-c2scnc2C)cc1)C(C)(C)C,[*:1]OCC[*:2]
Cc1ncsc1-c1ccc([C@H](C)NC(=O)[C@@H]2C[C@@H](O)CN2C(=O)[C@@H](NC(=O)COc2ccc(-c3csc(N4CCOCC4)n3)cc2)C(C)(C)C)cc1,[*:1]c1ccc(-c2csc(N3CCOCC3)n2)cc1,[*:2]CC(=O)N[C@H](C(=O)N1C[C@H](O)C[C@H]1C(=O)N[C@@H](C)c1ccc(-c2scnc2C)cc1)C(C)(C)C,[*:1]O[*:2]
Cc1ncsc1-c1ccc([C@H](C)NC(=O)[C@@H]2C[C@@H](O)CN2C(=O)[C@@H](NC(=O)c2ccc(-c3csc(N4CCOCC4)n3)cc2)C(C)(C)C)cc1,[*:1]c1ccc(-c2csc(N3CCOCC3)n2)cc1,[*:2]N[C@H](C(=O)N1C[C@H](O)C[C@H]1C(=O)N[C@@H](C)c1ccc(-c2scnc2C)cc1)C(C)(C)C,[*:1]C([*:2])=O
Cc1ncsc1-c1ccc([C@H](C)NC(=O)[C@@H]2C[C@@H](O)CN2C(=O)[C@@H](NC(=O)CCCCOc2ccc(-c3csc(N4CCOCC4)n3)cc2)C(C)(C)C)cc1,[*:1]c1ccc(-c2csc(N3CCOCC3)n2)cc1,[*:2]CC(=O)N[C@H](C(=O)N1C[C@H](O)C[C@H]1C(=O)N[C@@H](C)c1ccc(-c2scnc2C)cc1)C(C)(C)C,[*:1]OCCC[*:2]
Cc1ncsc1-c1ccc([C@H](C)NC(=O)[C@@H]2C[C@@H](O)CN2C(=O)[C@@H](NC(=O)CCCCCOc2ccc(-c3csc(N4CCOCC4)n3)cc2)C(C)(C)C)cc1,[*:1]c1ccc(-c2csc(N3CCOCC3)n2)cc1,[*:2]CC(=O)N[C@H](C(=O)N1C[C@H](O)C[C@H]1C(=O)N[C@@H](C)c1ccc(-c2scnc2C)cc1)C(C)(C)C,[*:1]OCCCC[*:2]
Cc1ncsc1-c1ccc(CNC(=O)[C@@H]2C[C@@H](O)CN2C(=O)[C@@H](NC(=O)C2(F)CC2)C(C)(C)C)c(OCCOc2ccc(-c3csc(N4CCOCC4)n3)cc2)c1,[*:1]c1ccc(-c2csc(N3CCOCC3)n2)cc1,[*:2]Oc1cc(-c2scnc2C)ccc1CNC(=O)[C@@H]1C[C@@H](O)CN1C(=O)[C@@H](NC(=O)C1(F)CC1)C(C)(C)C,[*:1]OCC[*:2]
Cc1ncsc1-c1ccc(CNC(=O)[C@@H]2C[C@@H](O)CN2C(=O)[C@@H](NC(=O)C2(F)CC2)C(C)(C)C)c(OCCCOc2ccc(-c3csc(N4CCOCC4)n3)cc2)c1,[*:1]c1ccc(-c2csc(N3CCOCC3)n2)cc1,[*:2]Oc1cc(-c2scnc2C)ccc1CNC(=O)[C@@H]1C[C@@H](O)CN1C(=O)[C@@H](NC(=O)C1(F)CC1)C(C)(C)C,[*:1]OCCC[*:2]
Cc1ncsc1-c1ccc(CNC(=O)[C@@H]2C[C@@H](O)CN2C(=O)[C@@H](NC(=O)C2(F)CC2)C(C)(C)C)c(OCCCCOc2ccc(-c3csc(N4CCOCC4)n3)cc2)c1,[*:1]c1ccc(-c2csc(N3CCOCC3)n2)cc1,[*:2]Oc1cc(-c2scnc2C)ccc1CNC(=O)[C@@H]1C[C@@H](O)CN1C(=O)[C@@H](NC(=O)C1(F)CC1)C(C)(C)C,[*:1]OCCCC[*:2]
Cc1ncsc1-c1ccc(CNC(=O)[C@@H]2C[C@@H](O)CN2C(=O)[C@@H](NC(=O)C2(F)CC2)C(C)(C)C)c(OCCCCCCOc2ccc(-c3csc(N4CCOCC4)n3)cc2)c1,[*:1]c1ccc(-c2csc(N3CCOCC3)n2)cc1,[*:2]Oc1cc(-c2scnc2C)ccc1CNC(=O)[C@@H]1C[C@@H](O)CN1C(=O)[C@@H](NC(=O)C1(F)CC1)C(C)(C)C,[*:1]OCCCCCC[*:2]
Cc1ncsc1-c1ccc(CNC(=O)[C@@H]2C[C@@H](O)CN2C(=O)[C@@H](NC(=O)C2(F)CC2)C(C)(C)C)c(OCCCCCCCCOc2ccc(-c3csc(N4CCOCC4)n3)cc2)c1,[*:1]c1ccc(-c2csc(N3CCOCC3)n2)cc1,[*:2]Oc1cc(-c2scnc2C)ccc1CNC(=O)[C@@H]1C[C@@H](O)CN1C(=O)[C@@H](NC(=O)C1(F)CC1)C(C)(C)C,[*:1]OCCCCCCCC[*:2]
CC(C)CNc1ccnc(NCc2csc(-c3ccc(C(=O)NCCOCCOCCNC(=O)[C@H](CC(C)C)NC(=O)[C@@H](O)[C@H](N)Cc4ccccc4)cc3)n2)n1,[*:1]COCCNC(=O)c1ccc(-c2nc(CNc3nccc(NCC(C)C)n3)cs2)cc1,[*:2]CNC(=O)[C@H](CC(C)C)NC(=O)[C@@H](O)[C@H](N)Cc1ccccc1,[*:1]COC[*:2]
CC(C)CNc1ccnc(NCc2csc(-c3ccc(C(=O)NCCOCCOCCOCCNC(=O)[C@H](CC(C)C)NC(=O)[C@@H](O)[C@H](N)Cc4ccccc4)cc3)n2)n1,[*:1]COCCNC(=O)c1ccc(-c2nc(CNc3nccc(NCC(C)C)n3)cs2)cc1,[*:2]CNC(=O)[C@H](CC(C)C)NC(=O)[C@@H](O)[C@H](N)Cc1ccccc1,[*:1]COCCOC[*:2]
CN[C@@H](C)C(=O)N[C@H](C(=O)N1CCC[C@H]1c1nc(C(=O)c2cccc(OCCOCCOCCNC(=O)c3ccc(-c4nc(CNc5nccc(NCC(C)C)n5)cs4)cc3)c2)cs1)C1CCCCC1,[*:1]COCCNC(=O)c1ccc(-c2nc(CNc3nccc(NCC(C)C)n3)cs2)cc1,[*:2]COc1cccc(C(=O)c2csc([C@@H]3CCCN3C(=O)[C@@H](NC(=O)[C@H](C)NC)C3CCCCC3)n2)c1,[*:1]COC[*:2]
CN[C@@H](C)C(=O)N[C@H](C(=O)N1CCC[C@H]1c1nc(C(=O)c2cccc(OCCOCCOCCOCCNC(=O)c3ccc(-c4nc(CNc5nccc(NCC(C)C)n5)cs4)cc3)c2)cs1)C1CCCCC1,[*:1]COCCNC(=O)c1ccc(-c2nc(CNc3nccc(NCC(C)C)n3)cs2)cc1,[*:2]COc1cccc(C(=O)c2csc([C@@H]3CCCN3C(=O)[C@@H](NC(=O)[C@H](C)NC)C3CCCCC3)n2)c1,[*:1]COCCOC[*:2]
CN[C@@H](C)C(=O)N[C@H](C(=O)N1CCC[C@H]1c1nc(C(=O)c2cccc(OCCOCCOCCOCCOCCNC(=O)c3ccc(-c4nc(CNc5nccc(NCC(C)C)n5)cs4)cc3)c2)cs1)C1CCCCC1,[*:1]COCCNC(=O)c1ccc(-c2nc(CNc3nccc(NCC(C)C)n3)cs2)cc1,[*:2]COc1cccc(C(=O)c2csc([C@@H]3CCCN3C(=O)[C@@H](NC(=O)[C@H](C)NC)C3CCCCC3)n2)c1,[*:1]COCCOCCOC[*:2]
CN[C@@H](C)C(=O)N[C@H](C(=O)N1C[C@@H](Oc2cccc(OCCOCCOCCNC(=O)c3ccc(-c4nc(CNc5nccc(NCC(C)C)n5)cs4)cc3)c2)C[C@H]1C(=O)N[C@@H]1CCCc2ccccc21)C1CCCCC1,[*:1]COCCNC(=O)c1ccc(-c2nc(CNc3nccc(NCC(C)C)n3)cs2)cc1,[*:2]c1cccc(O[C@H]2C[C@@H](C(=O)N[C@@H]3CCCc4ccccc43)N(C(=O)[C@@H](NC(=O)[C@H](C)NC)C3CCCCC3)C2)c1,[*:1]COCCO[*:2]
CN[C@@H](C)C(=O)N[C@H](C(=O)N1C[C@@H](Oc2cccc(OCCOCCOCCOCCNC(=O)c3ccc(-c4nc(CNc5nccc(NCC(C)C)n5)cs4)cc3)c2)C[C@H]1C(=O)N[C@@H]1CCCc2ccccc21)C1CCCCC1,[*:1]COCCNC(=O)c1ccc(-c2nc(CNc3nccc(NCC(C)C)n3)cs2)cc1,[*:2]c1cccc(O[C@H]2C[C@@H](C(=O)N[C@@H]3CCCc4ccccc43)N(C(=O)[C@@H](NC(=O)[C@H](C)NC)C3CCCCC3)C2)c1,[*:1]COCCOCCO[*:2]
CN[C@@H](C)C(=O)N[C@H](C(=O)N1C[C@@H](Oc2cccc(OCCOCCOCCOCCOCCNC(=O)c3ccc(-c4nc(CNc5nccc(NCC(C)C)n5)cs4)cc3)c2)C[C@H]1C(=O)N[C@@H]1CCCc2ccccc21)C1CCCCC1,[*:1]COCCNC(=O)c1ccc(-c2nc(CNc3nccc(NCC(C)C)n3)cs2)cc1,[*:2]c1cccc(O[C@H]2C[C@@H](C(=O)N[C@@H]3CCCc4ccccc43)N(C(=O)[C@@H](NC(=O)[C@H](C)NC)C3CCCCC3)C2)c1,[*:1]COCCOCCOCCO[*:2]
C[C@H]1CC2(CCN(c3ccc(C(=O)N4CCC(CN5Cc6cc7c(cc6C5)C(=O)N(C5CCC(=O)NC5=O)C7=O)CC4)cc3)CC2)CN1c1ccc(C#N)c(Cl)c1,[*:1]N1CCC2(CC1)C[C@H](C)N(c1ccc(C#N)c(Cl)c1)C2,[*:2]N1Cc2cc3c(cc2C1)C(=O)N(C1CCC(=O)NC1=O)C3=O,[*:1]c1ccc(C(=O)N2CCC(C[*:2])CC2)cc1
Cc1c(N2CCC3(CCN(c4ccc(C(=O)N5CCC(N6Cc7cc8c(cc7C6)C(=O)N(C6CCC(=O)NC6=O)C8=O)CC5)cc4)CC3)C2C)ccc(C#N)c1Cl,[*:1]N1CCC2(CC1)CCN(c1ccc(C#N)c(Cl)c1C)C2C,[*:2]N1Cc2cc3c(cc2C1)C(=O)N(C1CCC(=O)NC1=O)C3=O,[*:1]c1ccc(C(=O)N2CCC([*:2])CC2)cc1
Cc1c(N2CCC3(CCN(c4ccc(C(=O)N5CCC(CN6Cc7cc8c(cc7C6)C(=O)N(C6CCC(=O)NC6=O)C8=O)CC5)cc4)CC3)C2C)ccc(C#N)c1Cl,[*:1]N1CCC2(CC1)CCN(c1ccc(C#N)c(Cl)c1C)C2C,[*:2]N1Cc2cc3c(cc2C1)C(=O)N(C1CCC(=O)NC1=O)C3=O,[*:1]c1ccc(C(=O)N2CCC(C[*:2])CC2)cc1
COC1(CN2Cc3cc4c(cc3C2)C(=O)N(C2CCC(=O)NC2=O)C4=O)CCN(C(=O)c2ccc(N3CCC4(CC3)C[C@H](C)N(c3ccc(C#N)c(Cl)c3)C4)cc2)CC1,[*:1]N1CCC2(CC1)C[C@H](C)N(c1ccc(C#N)c(Cl)c1)C2,[*:2]N1Cc2cc3c(cc2C1)C(=O)N(C1CCC(=O)NC1=O)C3=O,[*:1]c1ccc(C(=O)N2CCC(C[*:2])(OC)CC2)cc1
CC[C@H]1CC2(CCN(c3ccc(C(=O)N4CCC(N5Cc6cc7c(cc6C5)C(=O)N(C5CCC(=O)NC5=O)C7=O)CC4)cc3)CC2)CN1c1ccc(C#N)c(Cl)c1,[*:1]N1CCC2(CC1)C[C@H](CC)N(c1ccc(C#N)c(Cl)c1)C2,[*:2]N1Cc2cc3c(cc2C1)C(=O)N(C1CCC(=O)NC1=O)C3=O,[*:1]c1ccc(C(=O)N2CCC([*:2])CC2)cc1
CC[C@H]1CC2(CCN(c3ccc(C(=O)N4CCN(C5CN(c6ccc7c(c6)C(=O)N(C6CCC(=O)NC6=O)C7=O)C5)CC4)cc3)CC2)CN1c1ccc(C#N)c(Cl)c1,[*:1]N1CCC2(CC1)C[C@H](CC)N(c1ccc(C#N)c(Cl)c1)C2,[*:2]c1ccc2c(c1)C(=O)N(C1CCC(=O)NC1=O)C2=O,[*:1]c1ccc(C(=O)N2CCN(C3CN([*:2])C3)CC2)cc1
C[C@H]1CC2(CCN(c3ccc(C(=O)N4CC(CN5Cc6cc7c(cc6C5)C(=O)N(C5CCC(=O)NC5=O)C7=O)C4)cc3)CC2)CN1c1ccc(C#N)c(Cl)c1,[*:1]N1CCC2(CC1)C[C@H](C)N(c1ccc(C#N)c(Cl)c1)C2,[*:2]N1Cc2cc3c(cc2C1)C(=O)N(C1CCC(=O)NC1=O)C3=O,[*:1]c1ccc(C(=O)N2CC(C[*:2])C2)cc1
C[C@H]1CC2(CCN(c3ccc(C(=O)N4CCC(F)(CN5Cc6cc7c(cc6C5)C(=O)N(C5CCC(=O)NC5=O)C7)CC4)cc3)CC2)CN1c1ccc(C#N)c(Cl)c1,[*:1]N1CCC2(CC1)C[C@H](C)N(c1ccc(C#N)c(Cl)c1)C2,[*:2]N1Cc2cc3c(cc2C1)C(=O)N(C1CCC(=O)NC1=O)C3,[*:1]c1ccc(C(=O)N2CCC(F)(C[*:2])CC2)cc1
C[C@H]1CC2(CCN(c3ccc(C(=O)N4CCC5(CC4)CC(N4Cc6cc7c(cc6C4)C(=O)N(C4CCC(=O)NC4=O)C7=O)C5)cc3)CC2)CN1c1ccc(C#N)c(Cl)c1,[*:1]N1CCC2(CC1)C[C@H](C)N(c1ccc(C#N)c(Cl)c1)C2,[*:2]N1Cc2cc3c(cc2C1)C(=O)N(C1CCC(=O)NC1=O)C3=O,[*:1]c1ccc(C(=O)N2CCC3(CC2)CC([*:2])C3)cc1
C[C@H]1CC2(CCN(c3ccc(C(=O)N4CCN(CC(=O)N5Cc6cc7c(cc6C5)C(=O)N(C5CCC(=O)NC5=O)C7=O)CC4)cc3)CC2)CN1c1ccc(C#N)c(Cl)c1,[*:1]CN1CCN(C(=O)c2ccc(N3CCC4(CC3)C[C@H](C)N(c3ccc(C#N)c(Cl)c3)C4)cc2)CC1,[*:2]N1Cc2cc3c(cc2C1)C(=O)N(C1CCC(=O)NC1=O)C3=O,[*:1]C([*:2])=O
C[C@H]1CC2(CCN(c3ccc(C(=O)N4CCN(C(=O)CN5Cc6cc7c(cc6C5)C(=O)N(C5CCC(=O)NC5=O)C7=O)CC4)cc3)CC2)CN1c1ccc(C#N)c(Cl)c1,[*:1]N1CCC2(CC1)C[C@H](C)N(c1ccc(C#N)c(Cl)c1)C2,[*:2]N1Cc2cc3c(cc2C1)C(=O)N(C1CCC(=O)NC1=O)C3=O,[*:1]c1ccc(C(=O)N2CCN(C(=O)C[*:2])CC2)cc1
C[C@H]1CC2(CCN(c3ccc(C(=O)N4CCN(C(=O)CN5Cc6cc7c(cc6C5)C(=O)N(C5CCC(=O)NC5=O)C7)CC4)cc3)CC2)CN1c1ccc(C#N)c(Cl)c1,[*:1]N1CCC2(CC1)C[C@H](C)N(c1ccc(C#N)c(Cl)c1)C2,[*:2]N1Cc2cc3c(cc2C1)C(=O)N(C1CCC(=O)NC1=O)C3,[*:1]c1ccc(C(=O)N2CCN(C(=O)C[*:2])CC2)cc1
CCCn1cc(-c2nc(Nc3ccc(C(=O)NCCCCNc4cccc5c4C(=O)N(C4CCC(=O)NC4=O)C5=O)cc3)nc3[nH]ccc23)cn1,[*:1]c1nc(-c2cnn(CCC)c2)c2cc[nH]c2n1,[*:2]Nc1cccc2c1C(=O)N(C1CCC(=O)NC1=O)C2=O,[*:1]Nc1ccc(C(=O)NCCCC[*:2])cc1
CCCn1cc(-c2nc(Nc3ccc(C(=O)NCCCCCc4cccc5c4CN(C4CCC(=O)NC4=O)C5=O)cc3)nc3[nH]ccc23)cn1,[*:1]c1nc(-c2cnn(CCC)c2)c2cc[nH]c2n1,[*:2]Cc1cccc2c1CN(C1CCC(=O)NC1=O)C2=O,[*:1]Nc1ccc(C(=O)NCCCC[*:2])cc1
CCCn1cc(-c2nc(Nc3ccc(C(=O)NCCCCCCNc4cccc5c4C(=O)N(C4CCC(=O)NC4=O)C5=O)cc3)nc3[nH]ccc23)cn1,[*:1]c1nc(-c2cnn(CCC)c2)c2cc[nH]c2n1,[*:2]Nc1cccc2c1C(=O)N(C1CCC(=O)NC1=O)C2=O,[*:1]Nc1ccc(C(=O)NCCCCCC[*:2])cc1
CCCn1cc(-c2nc(Nc3ccc(C(=O)NCCCNc4cccc5c4C(=O)N(C4CCC(=O)NC4=O)C5=O)cc3)nc3[nH]ccc23)cn1,[*:1]c1nc(-c2cnn(CCC)c2)c2cc[nH]c2n1,[*:2]Nc1cccc2c1C(=O)N(C1CCC(=O)NC1=O)C2=O,[*:1]Nc1ccc(C(=O)NCCC[*:2])cc1
CCCn1cc(-c2nc(Nc3ccc(C(=O)NCCCCCNc4cccc5c4C(=O)N(C4CCC(=O)NC4=O)C5=O)cc3)nc3[nH]ccc23)cn1,[*:1]c1nc(-c2cnn(CCC)c2)c2cc[nH]c2n1,[*:2]Nc1cccc2c1C(=O)N(C1CCC(=O)NC1=O)C2=O,[*:1]Nc1ccc(C(=O)NCCCCC[*:2])cc1
CCCn1cc(-c2nc(Nc3ccc(C(=O)NCCOCCNc4cccc5c4C(=O)N(C4CCC(=O)NC4=O)C5=O)cc3)nc3[nH]ccc23)cn1,[*:1]c1nc(-c2cnn(CCC)c2)c2cc[nH]c2n1,[*:2]Nc1cccc2c1C(=O)N(C1CCC(=O)NC1=O)C2=O,[*:1]Nc1ccc(C(=O)NCCOCC[*:2])cc1
CCCn1cc(-c2nc(Nc3ccc(C(=O)NCCOCCOCCOCCOCCOCCOCCNc4cccc5c4C(=O)N(C4CCC(=O)NC4=O)C5=O)cc3)nc3[nH]ccc23)cn1,[*:1]c1nc(-c2cnn(CCC)c2)c2cc[nH]c2n1,[*:2]Nc1cccc2c1C(=O)N(C1CCC(=O)NC1=O)C2=O,[*:1]Nc1ccc(C(=O)NCCOCCOCCOCCOCCOCCOCC[*:2])cc1
CCCn1cc(-c2nc(Nc3ccc(C(=O)NCCOCCOCCOCCOCCOCCNc4cccc5c4C(=O)N(C4CCC(=O)NC4=O)C5=O)cc3)nc3[nH]ccc23)cn1,[*:1]c1nc(-c2cnn(CCC)c2)c2cc[nH]c2n1,[*:2]Nc1cccc2c1C(=O)N(C1CCC(=O)NC1=O)C2=O,[*:1]Nc1ccc(C(=O)NCCOCCOCCOCCOCCOCC[*:2])cc1
CCCn1cc(-c2nc(Nc3ccc(C(=O)NCCOCCOCCOCCOCCNc4cccc5c4C(=O)N(C4CCC(=O)NC4=O)C5=O)cc3)nc3[nH]ccc23)cn1,[*:1]c1nc(-c2cnn(CCC)c2)c2cc[nH]c2n1,[*:2]Nc1cccc2c1C(=O)N(C1CCC(=O)NC1=O)C2=O,[*:1]Nc1ccc(C(=O)NCCOCCOCCOCCOCC[*:2])cc1
N#CC[C@H](C1CCCC1)n1cc(-c2nc(Nc3ccc(C(=O)NCCCCNc4cccc5c4C(=O)N(C4CCC(=O)NC4=O)C5=O)cc3)nc3[nH]ccc23)cn1,[*:1]c1nc(-c2cnn([C@H](CC#N)C3CCCC3)c2)c2cc[nH]c2n1,[*:2]Nc1cccc2c1C(=O)N(C1CCC(=O)NC1=O)C2=O,[*:1]Nc1ccc(C(=O)NCCCC[*:2])cc1
COc1cc(-c2cn(C)c(=O)c(C)c2C)cc(OC)c1CCN1CCC(OC2CCN(C(=O)c3ccc(Cl)c(N4CCC(=O)NC4=O)c3)CC2)CC1,[*:1]Cc1c(OC)cc(-c2cn(C)c(=O)c(C)c2C)cc1OC,[*:2]c1ccc(Cl)c(N2CCC(=O)NC2=O)c1,[*:1]CN1CCC(OC2CCN(C([*:2])=O)CC2)CC1
CCCCn1cc(-c2ccc(OC3CCN(CC4CCN(C(=O)c5ccc(Cl)c(N6CCC(=O)NC6=O)c5)CC4)CC3)c(OC)c2)c2ccncc2c1=O,[*:1]Oc1ccc(-c2cn(CCCC)c(=O)c3cnccc23)cc1OC,[*:2]c1ccc(Cl)c(N2CCC(=O)NC2=O)c1,[*:1]C1CCN(CC2CCN(C([*:2])=O)CC2)CC1
CCCCn1cc(-c2ccc(O[C@H]3CCN(CC4CCN(C(=O)c5ccc(OC)c(N6CCC(=O)NC6=O)c5)CC4)C[C@@H]3F)c(OC)c2)c2ccncc2c1=O,[*:1]Oc1ccc(-c2cn(CCCC)c(=O)c3cnccc23)cc1OC,[*:2]c1ccc(OC)c(N2CCC(=O)NC2=O)c1,[*:1][C@H]1CCN(CC2CCN(C([*:2])=O)CC2)C[C@@H]1F
CCCCn1cc(-c2cc(F)c(O[C@H]3CCN(CC4CCN(C(=O)c5ccc(OC)c(N6CCC(=O)NC6=O)c5)CC4)C[C@@H]3F)c(F)c2)c2ccncc2c1=O,[*:1]Oc1c(F)cc(-c2cn(CCCC)c(=O)c3cnccc23)cc1F,[*:2]c1ccc(OC)c(N2CCC(=O)NC2=O)c1,[*:1][C@H]1CCN(CC2CCN(C([*:2])=O)CC2)C[C@@H]1F
Nc1nnc(-c2ccccc2O)cc1N1CCN(c2cccc(CN3CCN(C(=O)C4CCN(c5ccc6c(c5)C(=O)N(C5CCC(=O)NC5=O)C6=O)CC4)CC3)c2)C2(CC2)C1,[*:1]N1CCN(c2cc(-c3ccccc3O)nnc2N)CC12CC2,[*:2]c1ccc2c(c1)C(=O)N(C1CCC(=O)NC1=O)C2=O,[*:1]c1cccc(CN2CCN(C(=O)C3CCN([*:2])CC3)CC2)c1
Nc1nnc(-c2ccccc2O)cc1N1CC2CCC(C1)N2c1cccc(OCCN2CCN(CC3CCN(c4ccc5c(c4)C(=O)N(C4CCC(=O)NC4=O)C5=O)CC3)CC2)c1,[*:1]N1C2CCC1CN(c1cc(-c3ccccc3O)nnc1N)C2,[*:2]c1ccc2c(c1)C(=O)N(C1CCC(=O)NC1=O)C2=O,[*:1]c1cccc(OCCN2CCN(CC3CCN([*:2])CC3)CC2)c1
Nc1nnc(-c2ccccc2O)cc1N1CC2CCC(C1)N2c1cccc(OCCN2CCN(CCCC3CCN(c4ccc5c(c4)C(=O)N(C4CCC(=O)NC4=O)C5=O)CC3)CC2)c1,[*:1]N1C2CCC1CN(c1cc(-c3ccccc3O)nnc1N)C2,[*:2]c1ccc2c(c1)C(=O)N(C1CCC(=O)NC1=O)C2=O,[*:1]c1cccc(OCCN2CCN(CCCC3CCN([*:2])CC3)CC2)c1
Nc1nnc(-c2ccccc2O)cc1N1CC(Oc2cccc(CN3CCN(C(=O)CN4CCC(c5ccc(NC6CCC(=O)NC6=O)cc5)CC4)CC3)c2)C1,[*:1]c1cccc(OC2CN(c3cc(-c4ccccc4O)nnc3N)C2)c1,[*:2]c1ccc(NC2CCC(=O)NC2=O)cc1,[*:1]CN1CCN(C(=O)CN2CCC([*:2])CC2)CC1
Nc1nnc(-c2ccccc2O)cc1N1CCC(C(=O)N2CCC(C(=O)N3CCN(c4ccc(C5CCC(=O)NC5=O)cc4)CC3)CC2)(c2ccccc2)CC1,[*:1]C1(c2ccccc2)CCN(c2cc(-c3ccccc3O)nnc2N)CC1,[*:2]c1ccc(C2CCC(=O)NC2=O)cc1,[*:1]C(=O)N1CCC(C(=O)N2CCN([*:2])CC2)CC1
Cc1ccc(C(=O)Nc2ccc(CN3CCN(CCOCCOCCC(=O)Nc4cccc5c4C(=O)N(C4CCC(=O)NC4=O)C5=O)CC3)c(C(F)(F)F)c2)cc1C#Cc1cnc2[nH]ncc2c1,[*:1]CN1CCN(Cc2ccc(NC(=O)c3ccc(C)c(C#Cc4cnc5[nH]ncc5c4)c3)cc2C(F)(F)F)CC1,[*:2]Nc1cccc2c1C(=O)N(C1CCC(=O)NC1=O)C2=O,[*:1]COCCOCCC([*:2])=O
Cc1ccc(C(=O)Nc2ccc(CN3CCN(CCOCCOCCC(=O)Nc4cccc5c4CN(C4CCC(=O)NC4=O)C5=O)CC3)c(C(F)(F)F)c2)cc1C#Cc1cnc2[nH]ncc2c1,[*:1]CN1CCN(Cc2ccc(NC(=O)c3ccc(C)c(C#Cc4cnc5[nH]ncc5c4)c3)cc2C(F)(F)F)CC1,[*:2]Nc1cccc2c1CN(C1CCC(=O)NC1=O)C2=O,[*:1]COCCOCCC([*:2])=O
Cc1ccc(C(=O)Nc2ccc(CN3CCN(CCOCCOCCOc4cccc5c4C(=O)N(C4CCC(=O)NC4=O)C5=O)CC3)c(C(F)(F)F)c2)cc1C#Cc1cnc2[nH]ncc2c1,[*:1]CN1CCN(Cc2ccc(NC(=O)c3ccc(C)c(C#Cc4cnc5[nH]ncc5c4)c3)cc2C(F)(F)F)CC1,[*:2]c1cccc2c1C(=O)N(C1CCC(=O)NC1=O)C2=O,[*:1]COCCOCCO[*:2]
Cc1ccc(C(=O)Nc2ccc(CN3CCN(CCOCCOCCNC(=O)[C@H](CC(C)C)NC(=O)[C@@H](O)[C@H](N)Cc4ccccc4)CC3)c(C(F)(F)F)c2)cc1C#Cc1cnc2[nH]ncc2c1,[*:1]CN1CCN(Cc2ccc(NC(=O)c3ccc(C)c(C#Cc4cnc5[nH]ncc5c4)c3)cc2C(F)(F)F)CC1,[*:2]CNC(=O)[C@H](CC(C)C)NC(=O)[C@@H](O)[C@H](N)Cc1ccccc1,[*:1]COCCOC[*:2]
Cc1ccc(C(=O)Nc2ccc(CN3CCN(CCOCCC(=O)Nc4cccc5c4C(=O)N(C4CCC(=O)NC4=O)C5=O)CC3)c(C(F)(F)F)c2)cc1C#Cc1cnc2[nH]ncc2c1,[*:1]CN1CCN(Cc2ccc(NC(=O)c3ccc(C)c(C#Cc4cnc5[nH]ncc5c4)c3)cc2C(F)(F)F)CC1,[*:2]Nc1cccc2c1C(=O)N(C1CCC(=O)NC1=O)C2=O,[*:1]COCCC([*:2])=O
Cc1ccc(C(=O)Nc2ccc(CN3CCN(CCOCCOCCOCCC(=O)Nc4cccc5c4C(=O)N(C4CCC(=O)NC4=O)C5=O)CC3)c(C(F)(F)F)c2)cc1C#Cc1cnc2[nH]ncc2c1,[*:1]CN1CCN(Cc2ccc(NC(=O)c3ccc(C)c(C#Cc4cnc5[nH]ncc5c4)c3)cc2C(F)(F)F)CC1,[*:2]Nc1cccc2c1C(=O)N(C1CCC(=O)NC1=O)C2=O,[*:1]COCCOCCOCCC([*:2])=O
Cc1ccc(C(=O)Nc2ccc(CN3CCN(CCOCCOCCOCCOCCC(=O)Nc4cccc5c4C(=O)N(C4CCC(=O)NC4=O)C5=O)CC3)c(C(F)(F)F)c2)cc1C#Cc1cnc2[nH]ncc2c1,[*:1]CN1CCN(Cc2ccc(NC(=O)c3ccc(C)c(C#Cc4cnc5[nH]ncc5c4)c3)cc2C(F)(F)F)CC1,[*:2]Nc1cccc2c1C(=O)N(C1CCC(=O)NC1=O)C2=O,[*:1]COCCOCCOCCOCCC([*:2])=O
Cc1ccc(C(=O)Nc2ccc(CN3CCN(CCOCCOCCOCCOCCOCCC(=O)Nc4cccc5c4C(=O)N(C4CCC(=O)NC4=O)C5=O)CC3)c(C(F)(F)F)c2)cc1C#Cc1cnc2[nH]ncc2c1,[*:1]CN1CCN(Cc2ccc(NC(=O)c3ccc(C)c(C#Cc4cnc5[nH]ncc5c4)c3)cc2C(F)(F)F)CC1,[*:2]Nc1cccc2c1C(=O)N(C1CCC(=O)NC1=O)C2=O,[*:1]COCCOCCOCCOCCOCCC([*:2])=O
Cc1ccc(C(=O)Nc2ccc(CN3CCN(CCOCCOCCOCCOCCOCCOCCC(=O)Nc4cccc5c4C(=O)N(C4CCC(=O)NC4=O)C5=O)CC3)c(C(F)(F)F)c2)cc1C#Cc1cnc2[nH]ncc2c1,[*:1]CN1CCN(Cc2ccc(NC(=O)c3ccc(C)c(C#Cc4cnc5[nH]ncc5c4)c3)cc2C(F)(F)F)CC1,[*:2]Nc1cccc2c1C(=O)N(C1CCC(=O)NC1=O)C2=O,[*:1]COCCOCCOCCOCCOCCOCCC([*:2])=O
Cc1ccc(C(=O)Nc2ccc(CN3CCN(CCC(=O)Nc4cccc5c4C(=O)N(C4CCC(=O)NC4=O)C5=O)CC3)c(C(F)(F)F)c2)cc1C#Cc1cnc2[nH]ncc2c1,[*:1]CN1CCN(Cc2ccc(NC(=O)c3ccc(C)c(C#Cc4cnc5[nH]ncc5c4)c3)cc2C(F)(F)F)CC1,[*:2]Nc1cccc2c1C(=O)N(C1CCC(=O)NC1=O)C2=O,[*:1]CC([*:2])=O
Cc1ccc(C(=O)Nc2ccc(CN3CCN(CCCCC(=O)Nc4cccc5c4C(=O)N(C4CCC(=O)NC4=O)C5=O)CC3)c(C(F)(F)F)c2)cc1C#Cc1cnc2[nH]ncc2c1,[*:1]CN1CCN(Cc2ccc(NC(=O)c3ccc(C)c(C#Cc4cnc5[nH]ncc5c4)c3)cc2C(F)(F)F)CC1,[*:2]Nc1cccc2c1C(=O)N(C1CCC(=O)NC1=O)C2=O,[*:1]CCCC([*:2])=O
Cc1ccc(C(=O)Nc2ccc(CN3CCN(CCCCCC(=O)Nc4cccc5c4C(=O)N(C4CCC(=O)NC4=O)C5=O)CC3)c(C(F)(F)F)c2)cc1C#Cc1cnc2[nH]ncc2c1,[*:1]CN1CCN(Cc2ccc(NC(=O)c3ccc(C)c(C#Cc4cnc5[nH]ncc5c4)c3)cc2C(F)(F)F)CC1,[*:2]Nc1cccc2c1C(=O)N(C1CCC(=O)NC1=O)C2=O,[*:1]CCCCC([*:2])=O
Cc1ccc(C(=O)Nc2ccc(CN3CCN(CCCCCCC(=O)Nc4cccc5c4C(=O)N(C4CCC(=O)NC4=O)C5=O)CC3)c(C(F)(F)F)c2)cc1C#Cc1cnc2[nH]ncc2c1,[*:1]CN1CCN(Cc2ccc(NC(=O)c3ccc(C)c(C#Cc4cnc5[nH]ncc5c4)c3)cc2C(F)(F)F)CC1,[*:2]Nc1cccc2c1C(=O)N(C1CCC(=O)NC1=O)C2=O,[*:1]CCCCCC([*:2])=O
Cc1ccc(C(=O)Nc2ccc(CN3CCN(CCCCCCCCC(=O)Nc4cccc5c4C(=O)N(C4CCC(=O)NC4=O)C5=O)CC3)c(C(F)(F)F)c2)cc1C#Cc1cnc2[nH]ncc2c1,[*:1]CN1CCN(Cc2ccc(NC(=O)c3ccc(C)c(C#Cc4cnc5[nH]ncc5c4)c3)cc2C(F)(F)F)CC1,[*:2]Nc1cccc2c1C(=O)N(C1CCC(=O)NC1=O)C2=O,[*:1]CCCCCCCC([*:2])=O
Cc1ccc(C(=O)Nc2ccc(CN3CCN(CCCCCCCCCCC(=O)Nc4cccc5c4C(=O)N(C4CCC(=O)NC4=O)C5=O)CC3)c(C(F)(F)F)c2)cc1C#Cc1cnc2[nH]ncc2c1,[*:1]CN1CCN(Cc2ccc(NC(=O)c3ccc(C)c(C#Cc4cnc5[nH]ncc5c4)c3)cc2C(F)(F)F)CC1,[*:2]Nc1cccc2c1C(=O)N(C1CCC(=O)NC1=O)C2=O,[*:1]CCCCCCCCCC([*:2])=O
Cc1ccc(C(=O)Nc2ccc(CN3CCN(CCCCCCCCCCCCC(=O)Nc4cccc5c4C(=O)N(C4CCC(=O)NC4=O)C5=O)CC3)c(C(F)(F)F)c2)cc1C#Cc1cnc2[nH]ncc2c1,[*:1]CN1CCN(Cc2ccc(NC(=O)c3ccc(C)c(C#Cc4cnc5[nH]ncc5c4)c3)cc2C(F)(F)F)CC1,[*:2]Nc1cccc2c1C(=O)N(C1CCC(=O)NC1=O)C2=O,[*:1]CCCCCCCCCCCC([*:2])=O
Cc1ccc(C(=O)Nc2ccc(CN3CCN(CCCCCCCCCCCCCCC(=O)Nc4cccc5c4C(=O)N(C4CCC(=O)NC4=O)C5=O)CC3)c(C(F)(F)F)c2)cc1C#Cc1cnc2[nH]ncc2c1,[*:1]CN1CCN(Cc2ccc(NC(=O)c3ccc(C)c(C#Cc4cnc5[nH]ncc5c4)c3)cc2C(F)(F)F)CC1,[*:2]Nc1cccc2c1C(=O)N(C1CCC(=O)NC1=O)C2=O,[*:1]CCCCCCCCCCCCCC([*:2])=O
CC(=O)c1c(C)c2cnc(Nc3ccc(N4CCN(CC(=O)NCCOCCOCCOCC(=O)Nc5cccc6c5CN(C5CCC(=O)NC5=O)C6=O)CC4)cn3)nc2n(C2CCCC2)c1=O,[*:1]N1CCN(c2ccc(Nc3ncc4c(C)c(C(C)=O)c(=O)n(C5CCCC5)c4n3)nc2)CC1,[*:2]Nc1cccc2c1CN(C1CCC(=O)NC1=O)C2=O,[*:1]CC(=O)NCCOCCOCCOCC([*:2])=O
CC(=O)c1c(C)c2cnc(Nc3ccc(N4CCN(CC(=O)NCCOCCOCCOCC(=O)NCc5cccc6c5C(=O)N(C5CCC(=O)NC5=O)C6=O)CC4)cn3)nc2n(C2CCCC2)c1=O,[*:1]N1CCN(c2ccc(Nc3ncc4c(C)c(C(C)=O)c(=O)n(C5CCCC5)c4n3)nc2)CC1,[*:2]c1cccc2c1C(=O)N(C1CCC(=O)NC1=O)C2=O,[*:1]CC(=O)NCCOCCOCCOCC(=O)NC[*:2]
CC(=O)c1c(C)c2cnc(Nc3ccc(N4CCN(CC(=O)NCCOCCOCCOCCNC(=O)COc5cccc6c5C(=O)N(C5CCC(=O)NC5=O)C6=O)CC4)cn3)nc2n(C2CCCC2)c1=O,[*:1]N1CCN(c2ccc(Nc3ncc4c(C)c(C(C)=O)c(=O)n(C5CCCC5)c4n3)nc2)CC1,[*:2]c1cccc2c1C(=O)N(C1CCC(=O)NC1=O)C2=O,[*:1]CC(=O)NCCOCCOCCOCCNC(=O)CO[*:2]
CC1(C)C(=O)N(c2ccc(C#N)c(C(F)(F)F)c2)C(=S)N1c1ccc(C(=O)NCCOCCOCCNc2cccc3c2C(=O)N(C2CCC(=O)NC2=O)C3=O)c(F)c1,[*:1]CNC(=O)c1ccc(N2C(=S)N(c3ccc(C#N)c(C(F)(F)F)c3)C(=O)C2(C)C)cc1F,[*:2]Nc1cccc2c1C(=O)N(C1CCC(=O)NC1=O)C2=O,[*:1]COCCOCC[*:2]
CC1(C)C(=O)N(c2ccc(C#N)c(C(F)(F)F)c2)C(=S)N1c1ccc(C(=O)NCCOCCOCCOCCNc2cccc3c2C(=O)N(C2CCC(=O)NC2=O)C3=O)c(F)c1,[*:1]CNC(=O)c1ccc(N2C(=S)N(c3ccc(C#N)c(C(F)(F)F)c3)C(=O)C2(C)C)cc1F,[*:2]Nc1cccc2c1C(=O)N(C1CCC(=O)NC1=O)C2=O,[*:1]COCCOCCOCC[*:2]
CC1(C)C(=O)N(c2ccc(C#N)c(C(F)(F)F)c2)C(=S)N1c1ccc(C(=O)NCCCCCCNc2cccc3c2C(=O)N(C2CCC(=O)NC2=O)C3=O)c(F)c1,[*:1]CNC(=O)c1ccc(N2C(=S)N(c3ccc(C#N)c(C(F)(F)F)c3)C(=O)C2(C)C)cc1F,[*:2]Nc1cccc2c1C(=O)N(C1CCC(=O)NC1=O)C2=O,[*:1]CCCCC[*:2]
CC1(C)C(=O)N(c2ccc(C#N)c(C(F)(F)F)c2)C(=S)N1c1ccc(C(=O)NCCCCCCCCNc2cccc3c2C(=O)N(C2CCC(=O)NC2=O)C3=O)c(F)c1,[*:1]CNC(=O)c1ccc(N2C(=S)N(c3ccc(C#N)c(C(F)(F)F)c3)C(=O)C2(C)C)cc1F,[*:2]Nc1cccc2c1C(=O)N(C1CCC(=O)NC1=O)C2=O,[*:1]CCCCCCC[*:2]
CC1(C)C(=O)N(c2ccc(C#N)c(C(F)(F)F)c2)C(=S)N1c1ccc(C(=O)NCCCCCCCCCCNc2cccc3c2C(=O)N(C2CCC(=O)NC2=O)C3=O)c(F)c1,[*:1]CNC(=O)c1ccc(N2C(=S)N(c3ccc(C#N)c(C(F)(F)F)c3)C(=O)C2(C)C)cc1F,[*:2]Nc1cccc2c1C(=O)N(C1CCC(=O)NC1=O)C2=O,[*:1]CCCCCCCCC[*:2]
Nc1ncnc2c1c(-c1ccc(Oc3ccccc3)cc1)nn2[C@@H]1CCCN(C(=O)c2cn(CCOCCOCCOCCCc3cccc4c3CN(C3CCC(=O)NC3=O)C4=O)nn2)C1,[*:1]N1CCC[C@@H](n2nc(-c3ccc(Oc4ccccc4)cc3)c3c(N)ncnc32)C1,[*:2]Cc1cccc2c1CN(C1CCC(=O)NC1=O)C2=O,[*:1]C(=O)c1cn(CCOCCOCCOCC[*:2])nn1
Nc1ncnc2c1c(-c1ccc(Oc3ccccc3)cc1)nn2[C@@H]1CCCN(C(=O)CCCCCNc2cccc3c2C(=O)N(C2CCC(=O)NC2=O)C3=O)C1,[*:1]N1CCC[C@@H](n2nc(-c3ccc(Oc4ccccc4)cc3)c3c(N)ncnc32)C1,[*:2]Nc1cccc2c1C(=O)N(C1CCC(=O)NC1=O)C2=O,[*:1]C(=O)CCCCC[*:2]
Nc1ncnc2c1c(-c1ccc(Oc3ccccc3)cc1)nn2[C@@H]1CCCN(C(=O)CCCCCNc2ccc3c(c2)C(=O)N(C2CCC(=O)NC2=O)C3=O)C1,[*:1]N1CCC[C@@H](n2nc(-c3ccc(Oc4ccccc4)cc3)c3c(N)ncnc32)C1,[*:2]Nc1ccc2c(c1)C(=O)N(C1CCC(=O)NC1=O)C2=O,[*:1]C(=O)CCCCC[*:2]
Nc1ncnc2c1c(-c1ccc(Oc3ccccc3)cc1)nn2[C@@H]1CCCN(C(=O)CCCCCCNc2cccc3c2C(=O)N(C2CCC(=O)NC2=O)C3=O)C1,[*:1]N1CCC[C@@H](n2nc(-c3ccc(Oc4ccccc4)cc3)c3c(N)ncnc32)C1,[*:2]Nc1cccc2c1C(=O)N(C1CCC(=O)NC1=O)C2=O,[*:1]C(=O)CCCCCC[*:2]
Nc1ncnc2c1c(-c1ccc(Oc3ccccc3)cc1)nn2[C@@H]1CCCN(C(=O)CCCCCCNc2ccc3c(c2)C(=O)N(C2CCC(=O)NC2=O)C3=O)C1,[*:1]N1CCC[C@@H](n2nc(-c3ccc(Oc4ccccc4)cc3)c3c(N)ncnc32)C1,[*:2]Nc1ccc2c(c1)C(=O)N(C1CCC(=O)NC1=O)C2=O,[*:1]C(=O)CCCCCC[*:2]
Nc1ncnc2c1c(-c1ccc(Oc3ccccc3)cc1)nn2[C@@H]1CCCN(C(=O)CCCCCCCNc2ccc3c(c2)C(=O)N(C2CCC(=O)NC2=O)C3=O)C1,[*:1]N1CCC[C@@H](n2nc(-c3ccc(Oc4ccccc4)cc3)c3c(N)ncnc32)C1,[*:2]Nc1ccc2c(c1)C(=O)N(C1CCC(=O)NC1=O)C2=O,[*:1]C(=O)CCCCCCC[*:2]
Nc1ncnc2c1c(-c1ccc(Oc3ccccc3)cc1)nn2[C@@H]1CCCN(C(=O)CCCCCCCCNc2cccc3c2C(=O)N(C2CCC(=O)NC2=O)C3=O)C1,[*:1]N1CCC[C@@H](n2nc(-c3ccc(Oc4ccccc4)cc3)c3c(N)ncnc32)C1,[*:2]Nc1cccc2c1C(=O)N(C1CCC(=O)NC1=O)C2=O,[*:1]C(=O)CCCCCCCC[*:2]
Nc1ncnc2c1c(-c1ccc(Oc3ccccc3)cc1)nn2[C@@H]1CCCN(C(=O)CCCCCCCCNc2ccc3c(c2)C(=O)N(C2CCC(=O)NC2=O)C3=O)C1,[*:1]N1CCC[C@@H](n2nc(-c3ccc(Oc4ccccc4)cc3)c3c(N)ncnc32)C1,[*:2]Nc1ccc2c(c1)C(=O)N(C1CCC(=O)NC1=O)C2=O,[*:1]C(=O)CCCCCCCC[*:2]
Nc1ncnc2c1c(-c1ccc(Oc3ccccc3)cc1)nn2[C@@H]1CCCN(C(=O)CCCCCCCCCNc2cccc3c2C(=O)N(C2CCC(=O)NC2=O)C3=O)C1,[*:1]N1CCC[C@@H](n2nc(-c3ccc(Oc4ccccc4)cc3)c3c(N)ncnc32)C1,[*:2]Nc1cccc2c1C(=O)N(C1CCC(=O)NC1=O)C2=O,[*:1]C(=O)CCCCCCCCC[*:2]
Nc1ncnc2c1c(-c1ccc(Oc3ccccc3)cc1)nn2[C@@H]1CCCN(C(=O)CCCCCCCCCNc2ccc3c(c2)C(=O)N(C2CCC(=O)NC2=O)C3=O)C1,[*:1]N1CCC[C@@H](n2nc(-c3ccc(Oc4ccccc4)cc3)c3c(N)ncnc32)C1,[*:2]Nc1ccc2c(c1)C(=O)N(C1CCC(=O)NC1=O)C2=O,[*:1]C(=O)CCCCCCCCC[*:2]
Nc1ncnc2c1c(-c1ccc(Oc3ccccc3)cc1)nn2[C@@H]1CCCN(C(=O)CCCCCCCCCCNc2cccc3c2C(=O)N(C2CCC(=O)NC2=O)C3=O)C1,[*:1]N1CCC[C@@H](n2nc(-c3ccc(Oc4ccccc4)cc3)c3c(N)ncnc32)C1,[*:2]Nc1cccc2c1C(=O)N(C1CCC(=O)NC1=O)C2=O,[*:1]C(=O)CCCCCCCCCC[*:2]
Nc1ncnc2c1c(-c1ccc(Oc3ccccc3)cc1)nn2[C@@H]1CCCN(C(=O)CCCCCCCCCCNc2ccc3c(c2)C(=O)N(C2CCC(=O)NC2=O)C3=O)C1,[*:1]N1CCC[C@@H](n2nc(-c3ccc(Oc4ccccc4)cc3)c3c(N)ncnc32)C1,[*:2]Nc1ccc2c(c1)C(=O)N(C1CCC(=O)NC1=O)C2=O,[*:1]C(=O)CCCCCCCCCC[*:2]
Nc1ncnc2c1c(-c1ccc(Oc3ccccc3)cc1)nn2[C@@H]1CCCN(C(=O)CCCCCCCCCCCNc2cccc3c2C(=O)N(C2CCC(=O)NC2=O)C3=O)C1,[*:1]N1CCC[C@@H](n2nc(-c3ccc(Oc4ccccc4)cc3)c3c(N)ncnc32)C1,[*:2]Nc1cccc2c1C(=O)N(C1CCC(=O)NC1=O)C2=O,[*:1]C(=O)CCCCCCCCCCC[*:2]
Nc1ncnc2c1c(-c1ccc(Oc3ccccc3)cc1)nn2[C@@H]1CCCN(C(=O)CCCCCCCCCCCNc2ccc3c(c2)C(=O)N(C2CCC(=O)NC2=O)C3=O)C1,[*:1]N1CCC[C@@H](n2nc(-c3ccc(Oc4ccccc4)cc3)c3c(N)ncnc32)C1,[*:2]Nc1ccc2c(c1)C(=O)N(C1CCC(=O)NC1=O)C2=O,[*:1]C(=O)CCCCCCCCCCC[*:2]
Nc1ncnc2c1c(-c1ccc(Oc3ccccc3)cc1)nn2[C@@H]1CCCN(C(=O)CCOCCOCCNc2ccc3c(c2)C(=O)N(C2CCC(=O)NC2=O)C3=O)C1,[*:1]N1CCC[C@@H](n2nc(-c3ccc(Oc4ccccc4)cc3)c3c(N)ncnc32)C1,[*:2]Nc1ccc2c(c1)C(=O)N(C1CCC(=O)NC1=O)C2=O,[*:1]C(=O)CCOCCOCC[*:2]
O=C1CCC(N2C(=O)c3cccc(NCCCCCNC(=O)c4cccc(SCc5cn(-c6cccc(C(=O)NO)c6)nn5)c4)c3C2=O)C(=O)N1,[*:1]c1cccc(SCc2cn(-c3cccc(C(=O)NO)c3)nn2)c1,[*:2]Nc1cccc2c1C(=O)N(C1CCC(=O)NC1=O)C2=O,[*:1]C(=O)NCCCCC[*:2]
O=C1CCC(N2C(=O)c3cccc(NCCCCCCCCNC(=O)c4cccc(SCc5cn(-c6cccc(C(=O)NO)c6)nn5)c4)c3C2=O)C(=O)N1,[*:1]c1cccc(SCc2cn(-c3cccc(C(=O)NO)c3)nn2)c1,[*:2]Nc1cccc2c1C(=O)N(C1CCC(=O)NC1=O)C2=O,[*:1]C(=O)NCCCCCCCC[*:2]
O=C1CCC(N2C(=O)c3cccc(NCCCCCCCCCCCNC(=O)c4cccc(SCc5cn(-c6cccc(C(=O)NO)c6)nn5)c4)c3C2=O)C(=O)N1,[*:1]c1cccc(SCc2cn(-c3cccc(C(=O)NO)c3)nn2)c1,[*:2]Nc1cccc2c1C(=O)N(C1CCC(=O)NC1=O)C2=O,[*:1]C(=O)NCCCCCCCCCCC[*:2]
O=C1CCC(N2C(=O)c3cccc(NCCCCCCCCCCCNC(=O)c4ccc(SCc5cn(-c6cccc(C(=O)NO)c6)nn5)cc4)c3C2=O)C(=O)N1,[*:1]c1ccc(SCc2cn(-c3cccc(C(=O)NO)c3)nn2)cc1,[*:2]Nc1cccc2c1C(=O)N(C1CCC(=O)NC1=O)C2=O,[*:1]C(=O)NCCCCCCCCCCC[*:2]
Cc1ncsc1-c1ccc([C@H](C)NC(=O)[C@@H]2C[C@@H](O)CN2C(=O)[C@@H](NC(=O)CCCC(=O)N2CCN(CC3(C)CCC(c4ccc(Cl)cc4)=C(CN4CCN(c5ccc(C(=O)NS(=O)(=O)c6ccc(N[C@H](CCN7CCOCC7)CSc7ccccc7)c(S(=O)(=O)C(F)(F)F)c6)cc5)CC4)C3)CC2)C(C)(C)C)cc1,[*:1]CC1(C)CCC(c2ccc(Cl)cc2)=C(CN2CCN(c3ccc(C(=O)NS(=O)(=O)c4ccc(N[C@H](CCN5CCOCC5)CSc5ccccc5)c(S(=O)(=O)C(F)(F)F)c4)cc3)CC2)C1,[*:2]CC(=O)N[C@H](C(=O)N1C[C@H](O)C[C@H]1C(=O)N[C@@H](C)c1ccc(-c2scnc2C)cc1)C(C)(C)C,[*:1]N1CCN(C(=O)CC[*:2])CC1
Cc1ncsc1-c1ccc([C@H](C)NC(=O)[C@@H]2C[C@@H](O)CN2C(=O)[C@@H](NC(=O)CCCCC(=O)N2CCN(CC3(C)CCC(c4ccc(Cl)cc4)=C(CN4CCN(c5ccc(C(=O)NS(=O)(=O)c6ccc(N[C@H](CCN7CCOCC7)CSc7ccccc7)c(S(=O)(=O)C(F)(F)F)c6)cc5)CC4)C3)CC2)C(C)(C)C)cc1,[*:1]CC1(C)CCC(c2ccc(Cl)cc2)=C(CN2CCN(c3ccc(C(=O)NS(=O)(=O)c4ccc(N[C@H](CCN5CCOCC5)CSc5ccccc5)c(S(=O)(=O)C(F)(F)F)c4)cc3)CC2)C1,[*:2]CC(=O)N[C@H](C(=O)N1C[C@H](O)C[C@H]1C(=O)N[C@@H](C)c1ccc(-c2scnc2C)cc1)C(C)(C)C,[*:1]N1CCN(C(=O)CCC[*:2])CC1
Cc1ncsc1-c1ccc([C@H](C)NC(=O)[C@@H]2C[C@@H](O)CN2C(=O)[C@@H](NC(=O)CCCCCC(=O)N2CCN(CC3(C)CCC(c4ccc(Cl)cc4)=C(CN4CCN(c5ccc(C(=O)NS(=O)(=O)c6ccc(N[C@H](CCN7CCOCC7)CSc7ccccc7)c(S(=O)(=O)C(F)(F)F)c6)cc5)CC4)C3)CC2)C(C)(C)C)cc1,[*:1]CC1(C)CCC(c2ccc(Cl)cc2)=C(CN2CCN(c3ccc(C(=O)NS(=O)(=O)c4ccc(N[C@H](CCN5CCOCC5)CSc5ccccc5)c(S(=O)(=O)C(F)(F)F)c4)cc3)CC2)C1,[*:2]CC(=O)N[C@H](C(=O)N1C[C@H](O)C[C@H]1C(=O)N[C@@H](C)c1ccc(-c2scnc2C)cc1)C(C)(C)C,[*:1]N1CCN(C(=O)CCCC[*:2])CC1
Cc1ncsc1-c1ccc([C@H](C)NC(=O)[C@@H]2C[C@@H](O)CN2C(=O)[C@@H](NC(=O)CCCCCCC(=O)N2CCN(CC3(C)CCC(c4ccc(Cl)cc4)=C(CN4CCN(c5ccc(C(=O)NS(=O)(=O)c6ccc(N[C@H](CCN7CCOCC7)CSc7ccccc7)c(S(=O)(=O)C(F)(F)F)c6)cc5)CC4)C3)CC2)C(C)(C)C)cc1,[*:1]CC1(C)CCC(c2ccc(Cl)cc2)=C(CN2CCN(c3ccc(C(=O)NS(=O)(=O)c4ccc(N[C@H](CCN5CCOCC5)CSc5ccccc5)c(S(=O)(=O)C(F)(F)F)c4)cc3)CC2)C1,[*:2]CC(=O)N[C@H](C(=O)N1C[C@H](O)C[C@H]1C(=O)N[C@@H](C)c1ccc(-c2scnc2C)cc1)C(C)(C)C,[*:1]N1CCN(C(=O)CCCCC[*:2])CC1
Cc1ncsc1-c1ccc([C@H](C)NC(=O)[C@@H]2C[C@@H](O)CN2C(=O)[C@@H](NC(=O)CCCCCCCC(=O)N2CCN(CC3(C)CCC(c4ccc(Cl)cc4)=C(CN4CCN(c5ccc(C(=O)NS(=O)(=O)c6ccc(N[C@H](CCN7CCOCC7)CSc7ccccc7)c(S(=O)(=O)C(F)(F)F)c6)cc5)CC4)C3)CC2)C(C)(C)C)cc1,[*:1]CC1(C)CCC(c2ccc(Cl)cc2)=C(CN2CCN(c3ccc(C(=O)NS(=O)(=O)c4ccc(N[C@H](CCN5CCOCC5)CSc5ccccc5)c(S(=O)(=O)C(F)(F)F)c4)cc3)CC2)C1,[*:2]CC(=O)N[C@H](C(=O)N1C[C@H](O)C[C@H]1C(=O)N[C@@H](C)c1ccc(-c2scnc2C)cc1)C(C)(C)C,[*:1]N1CCN(C(=O)CCCCCC[*:2])CC1
Cc1ncsc1-c1ccc([C@H](C)NC(=O)[C@@H]2C[C@@H](O)CN2C(=O)[C@@H](NC(=O)CCCCCCCCC(=O)N2CCN(CC3(C)CCC(c4ccc(Cl)cc4)=C(CN4CCN(c5ccc(C(=O)NS(=O)(=O)c6ccc(N[C@H](CCN7CCOCC7)CSc7ccccc7)c(S(=O)(=O)C(F)(F)F)c6)cc5)CC4)C3)CC2)C(C)(C)C)cc1,[*:1]CC1(C)CCC(c2ccc(Cl)cc2)=C(CN2CCN(c3ccc(C(=O)NS(=O)(=O)c4ccc(N[C@H](CCN5CCOCC5)CSc5ccccc5)c(S(=O)(=O)C(F)(F)F)c4)cc3)CC2)C1,[*:2]CC(=O)N[C@H](C(=O)N1C[C@H](O)C[C@H]1C(=O)N[C@@H](C)c1ccc(-c2scnc2C)cc1)C(C)(C)C,[*:1]N1CCN(C(=O)CCCCCCC[*:2])CC1
Cc1ncsc1-c1ccc([C@H](C)NC(=O)[C@@H]2C[C@@H](O)CN2C(=O)[C@@H](NC(=O)CCCCCCCCCC(=O)N2CCN(CC3(C)CCC(c4ccc(Cl)cc4)=C(CN4CCN(c5ccc(C(=O)NS(=O)(=O)c6ccc(N[C@H](CCN7CCOCC7)CSc7ccccc7)c(S(=O)(=O)C(F)(F)F)c6)cc5)CC4)C3)CC2)C(C)(C)C)cc1,[*:1]CC1(C)CCC(c2ccc(Cl)cc2)=C(CN2CCN(c3ccc(C(=O)NS(=O)(=O)c4ccc(N[C@H](CCN5CCOCC5)CSc5ccccc5)c(S(=O)(=O)C(F)(F)F)c4)cc3)CC2)C1,[*:2]CC(=O)N[C@H](C(=O)N1C[C@H](O)C[C@H]1C(=O)N[C@@H](C)c1ccc(-c2scnc2C)cc1)C(C)(C)C,[*:1]N1CCN(C(=O)CCCCCCCC[*:2])CC1
Cc1ncsc1-c1ccc([C@H](C)NC(=O)[C@@H]2C[C@@H](O)CN2C(=O)[C@@H](NC(=O)CCCCCCC(=O)N2CCN(C[C@@]3(C)CCC(c4ccc(Cl)cc4)=C(CN4CCN(c5ccc(C(=O)NS(=O)(=O)c6ccc(N[C@H](CCN7CCOCC7)CSc7ccccc7)c(S(=O)(=O)C(F)(F)F)c6)cc5)CC4)C3)CC2)C(C)(C)C)cc1,[*:1]C[C@@]1(C)CCC(c2ccc(Cl)cc2)=C(CN2CCN(c3ccc(C(=O)NS(=O)(=O)c4ccc(N[C@H](CCN5CCOCC5)CSc5ccccc5)c(S(=O)(=O)C(F)(F)F)c4)cc3)CC2)C1,[*:2]CC(=O)N[C@H](C(=O)N1C[C@H](O)C[C@H]1C(=O)N[C@@H](C)c1ccc(-c2scnc2C)cc1)C(C)(C)C,[*:1]N1CCN(C(=O)CCCCC[*:2])CC1
Cc1ncsc1-c1ccc([C@H](C)NC(=O)[C@@H]2C[C@@H](O)CN2C(=O)[C@@H](NC(=O)CCCCCCC(=O)N2CCN(C[C@]3(C)CCC(c4ccc(Cl)cc4)=C(CN4CCN(c5ccc(C(=O)NS(=O)(=O)c6ccc(N[C@H](CCN7CCOCC7)CSc7ccccc7)c(S(=O)(=O)C(F)(F)F)c6)cc5)CC4)C3)CC2)C(C)(C)C)cc1,[*:1]C[C@]1(C)CCC(c2ccc(Cl)cc2)=C(CN2CCN(c3ccc(C(=O)NS(=O)(=O)c4ccc(N[C@H](CCN5CCOCC5)CSc5ccccc5)c(S(=O)(=O)C(F)(F)F)c4)cc3)CC2)C1,[*:2]CC(=O)N[C@H](C(=O)N1C[C@H](O)C[C@H]1C(=O)N[C@@H](C)c1ccc(-c2scnc2C)cc1)C(C)(C)C,[*:1]N1CCN(C(=O)CCCCC[*:2])CC1
O=C(CCCCCC(=O)Nc1cccc2c1CN(C1CCC(=O)NC1=O)C2=O)NO,[*:1]C(=O)NO,[*:2]Nc1cccc2c1CN(C1CCC(=O)NC1=O)C2=O,[*:1]CCCCCC([*:2])=O
O=C(CCCCCCC(=O)Nc1cccc2c1CN(C1CCC(=O)NC1=O)C2=O)NO,[*:1]C(=O)NO,[*:2]Nc1cccc2c1CN(C1CCC(=O)NC1=O)C2=O,[*:1]CCCCCCC([*:2])=O
O=C(CCCCCCCC(=O)Nc1cccc2c1CN(C1CCC(=O)NC1=O)C2=O)NO,[*:1]C(=O)NO,[*:2]Nc1cccc2c1CN(C1CCC(=O)NC1=O)C2=O,[*:1]CCCCCCCC([*:2])=O
O=C(CCCCCCCCC(=O)Nc1cccc2c1CN(C1CCC(=O)NC1=O)C2=O)NO,[*:1]C(=O)NO,[*:2]Nc1cccc2c1CN(C1CCC(=O)NC1=O)C2=O,[*:1]CCCCCCCCC([*:2])=O
O=C(CCCCCCC(=O)Nc1cccc2c1C(=O)N(C1CCC(=O)NC1=O)C2=O)NO,[*:1]C(=O)NO,[*:2]Nc1cccc2c1C(=O)N(C1CCC(=O)NC1=O)C2=O,[*:1]CCCCCCC([*:2])=O
O=C(CCCCCNC(=O)Nc1cccc2c1CN(C1CCC(=O)NC1=O)C2=O)NO,[*:1]C(=O)NO,[*:2]Nc1cccc2c1CN(C1CCC(=O)NC1=O)C2=O,[*:1]CCCCCNC([*:2])=O
O=C(CCCCCCNC(=O)Nc1cccc2c1CN(C1CCC(=O)NC1=O)C2=O)NO,[*:1]C(=O)NO,[*:2]Nc1cccc2c1CN(C1CCC(=O)NC1=O)C2=O,[*:1]CCCCCCNC([*:2])=O
O=C(CCCCCCCCNC(=O)Nc1cccc2c1CN(C1CCC(=O)NC1=O)C2=O)NO,[*:1]C(=O)NO,[*:2]Nc1cccc2c1CN(C1CCC(=O)NC1=O)C2=O,[*:1]CCCCCCCCNC([*:2])=O
O=C(CCCCCNC(=O)Nc1cccc2c1C(=O)N(C1CCC(=O)NC1=O)C2=O)NO,[*:1]C(=O)NO,[*:2]Nc1cccc2c1C(=O)N(C1CCC(=O)NC1=O)C2=O,[*:1]CCCCCNC([*:2])=O
Nc1ccccc1NC(=O)c1ccc(COc2cccc3c2C(=O)N(C2CCC(=O)NC2=O)C3=O)cc1,[*:1]C(=O)Nc1ccccc1N,[*:2]c1cccc2c1C(=O)N(C1CCC(=O)NC1=O)C2=O,[*:1]c1ccc(CO[*:2])cc1
O=C1CCC(N2C(=O)c3cccc(OCc4ccc(C(=O)NO)cc4)c3C2=O)C(=O)N1,[*:1]C(=O)NO,[*:2]c1cccc2c1C(=O)N(C1CCC(=O)NC1=O)C2=O,[*:1]c1ccc(CO[*:2])cc1
O=C1CCC(N2C(=O)c3cccc(NCCCCNc4ccc([N+](=O)[O-])c(Nc5ccc6[nH]ncc6c5)n4)c3C2=O)C(=O)N1,[*:1]CNc1ccc([N+](=O)[O-])c(Nc2ccc3[nH]ncc3c2)n1,[*:2]Nc1cccc2c1C(=O)N(C1CCC(=O)NC1=O)C2=O,[*:1]CCC[*:2]
O=C1CCC(N2C(=O)c3cccc(NCCCOCCOCCOCCCNc4ccc([N+](=O)[O-])c(Nc5ccc6[nH]ncc6c5)n4)c3C2=O)C(=O)N1,[*:1]CNc1ccc([N+](=O)[O-])c(Nc2ccc3[nH]ncc3c2)n1,[*:2]Nc1cccc2c1C(=O)N(C1CCC(=O)NC1=O)C2=O,[*:1]CCOCCOCCOCCC[*:2]
O=C(CNc1cccc2c1C(=O)N(C1CCC(=O)NC1=O)C2=O)NCCCOCCOCCOCCCNc1ccc([N+](=O)[O-])c(Nc2ccc3[nH]ncc3c2)n1,[*:1]CNc1ccc([N+](=O)[O-])c(Nc2ccc3[nH]ncc3c2)n1,[*:2]Nc1cccc2c1C(=O)N(C1CCC(=O)NC1=O)C2=O,[*:1]CCOCCOCCOCCCNC(=O)C[*:2]
CC(=O)c1c(C)c2cnc(Nc3ccc(N4CCN(C(=O)CNc5cccc6c5C(=O)N(C5CCC(=O)NC5=O)C6=O)CC4)cn3)nc2n(C2CCCC2)c1=O,[*:1]N1CCN(c2ccc(Nc3ncc4c(C)c(C(C)=O)c(=O)n(C5CCCC5)c4n3)nc2)CC1,[*:2]Nc1cccc2c1C(=O)N(C1CCC(=O)NC1=O)C2=O,[*:1]C(=O)C[*:2]
Cc1ncsc1-c1ccc([C@H](C)NC(=O)[C@@H]2C[C@@H](O)CN2C(=O)[C@@H](NC(=O)CN2CCN(c3cc(-c4ccccc4O)nnc3N)CC2)C(C)(C)C)cc1,[*:1]N1CCN(c2cc(-c3ccccc3O)nnc2N)CC1,[*:2]N[C@H](C(=O)N1C[C@H](O)C[C@H]1C(=O)N[C@@H](C)c1ccc(-c2scnc2C)cc1)C(C)(C)C,[*:1]CC([*:2])=O
C[C@H]1CCCN1Cc1nc2ccc(NC(=O)c3ccc4c(cnn4CCCCCCCCNc4cccc5c4C(=O)N(C4CCC(=O)NC4=O)C5=O)c3)cc2[nH]1,[*:1]Cn1ncc2cc(C(=O)Nc3ccc4nc(CN5CCC[C@@H]5C)[nH]c4c3)ccc21,[*:2]Nc1cccc2c1C(=O)N(C1CCC(=O)NC1=O)C2=O,[*:1]CCCCCCC[*:2]
C[C@H]1CCCN1Cc1nc2ccc(NC(=O)c3ccc4c(cnn4CCCCCCNc4cccc5c4C(=O)N(C4CCC(=O)NC4=O)C5=O)c3)cc2[nH]1,[*:1]Cn1ncc2cc(C(=O)Nc3ccc4nc(CN5CCC[C@@H]5C)[nH]c4c3)ccc21,[*:2]Nc1cccc2c1C(=O)N(C1CCC(=O)NC1=O)C2=O,[*:1]CCCCC[*:2]
C[C@H]1CCCN1Cc1nc2ccc(NC(=O)c3ccc4c(cnn4CCCCNc4cccc5c4C(=O)N(C4CCC(=O)NC4=O)C5=O)c3)cc2[nH]1,[*:1]Cn1ncc2cc(C(=O)Nc3ccc4nc(CN5CCC[C@@H]5C)[nH]c4c3)ccc21,[*:2]Nc1cccc2c1C(=O)N(C1CCC(=O)NC1=O)C2=O,[*:1]CCC[*:2]
Cc1ncsc1-c1ccc(C(C)NC(=O)C2CC(O)CN2C(=O)C(NC(=O)CC(=O)N2CCN(CCC(CSc3ccccc3)Nc3ccc(S(=O)(=O)NC(=O)c4ccc(N5CCN(CC6=C(c7ccc(Cl)cc7)CCC(C)(C)C6)CC5)cc4)cc3S(=O)(=O)C(F)(F)F)CC2)C(C)(C)C)cc1,[*:1]N1CCN(CCC(CSc2ccccc2)Nc2ccc(S(=O)(=O)NC(=O)c3ccc(N4CCN(CC5=C(c6ccc(Cl)cc6)CCC(C)(C)C5)CC4)cc3)cc2S(=O)(=O)C(F)(F)F)CC1,[*:2]CC(=O)NC(C(=O)N1CC(O)CC1C(=O)NC(C)c1ccc(-c2scnc2C)cc1)C(C)(C)C,[*:1]C([*:2])=O
Cc1ncsc1-c1ccc(C(C)NC(=O)C2CC(O)CN2C(=O)C(NC(=O)CCC(=O)N2CCN(CCC(CSc3ccccc3)Nc3ccc(S(=O)(=O)NC(=O)c4ccc(N5CCN(CC6=C(c7ccc(Cl)cc7)CCC(C)(C)C6)CC5)cc4)cc3S(=O)(=O)C(F)(F)F)CC2)C(C)(C)C)cc1,[*:1]N1CCN(CCC(CSc2ccccc2)Nc2ccc(S(=O)(=O)NC(=O)c3ccc(N4CCN(CC5=C(c6ccc(Cl)cc6)CCC(C)(C)C5)CC4)cc3)cc2S(=O)(=O)C(F)(F)F)CC1,[*:2]CC(=O)NC(C(=O)N1CC(O)CC1C(=O)NC(C)c1ccc(-c2scnc2C)cc1)C(C)(C)C,[*:1]C(=O)C[*:2]
Cc1ncsc1-c1ccc(C(C)NC(=O)C2CC(O)CN2C(=O)C(NC(=O)CCCC(=O)N2CCN(CCC(CSc3ccccc3)Nc3ccc(S(=O)(=O)NC(=O)c4ccc(N5CCN(CC6=C(c7ccc(Cl)cc7)CCC(C)(C)C6)CC5)cc4)cc3S(=O)(=O)C(F)(F)F)CC2)C(C)(C)C)cc1,[*:1]N1CCN(CCC(CSc2ccccc2)Nc2ccc(S(=O)(=O)NC(=O)c3ccc(N4CCN(CC5=C(c6ccc(Cl)cc6)CCC(C)(C)C5)CC4)cc3)cc2S(=O)(=O)C(F)(F)F)CC1,[*:2]CC(=O)NC(C(=O)N1CC(O)CC1C(=O)NC(C)c1ccc(-c2scnc2C)cc1)C(C)(C)C,[*:1]C(=O)CC[*:2]
Cc1ncsc1-c1ccc(C(C)NC(=O)C2CC(O)CN2C(=O)C(NC(=O)CCCCC(=O)N2CCN(CCC(CSc3ccccc3)Nc3ccc(S(=O)(=O)NC(=O)c4ccc(N5CCN(CC6=C(c7ccc(Cl)cc7)CCC(C)(C)C6)CC5)cc4)cc3S(=O)(=O)C(F)(F)F)CC2)C(C)(C)C)cc1,[*:1]N1CCN(CCC(CSc2ccccc2)Nc2ccc(S(=O)(=O)NC(=O)c3ccc(N4CCN(CC5=C(c6ccc(Cl)cc6)CCC(C)(C)C5)CC4)cc3)cc2S(=O)(=O)C(F)(F)F)CC1,[*:2]CC(=O)NC(C(=O)N1CC(O)CC1C(=O)NC(C)c1ccc(-c2scnc2C)cc1)C(C)(C)C,[*:1]C(=O)CCC[*:2]
Cc1ncsc1-c1ccc(C(C)NC(=O)C2CC(O)CN2C(=O)C(NC(=O)CCCCCC(=O)N2CCN(CCC(CSc3ccccc3)Nc3ccc(S(=O)(=O)NC(=O)c4ccc(N5CCN(CC6=C(c7ccc(Cl)cc7)CCC(C)(C)C6)CC5)cc4)cc3S(=O)(=O)C(F)(F)F)CC2)C(C)(C)C)cc1,[*:1]N1CCN(CCC(CSc2ccccc2)Nc2ccc(S(=O)(=O)NC(=O)c3ccc(N4CCN(CC5=C(c6ccc(Cl)cc6)CCC(C)(C)C5)CC4)cc3)cc2S(=O)(=O)C(F)(F)F)CC1,[*:2]CC(=O)NC(C(=O)N1CC(O)CC1C(=O)NC(C)c1ccc(-c2scnc2C)cc1)C(C)(C)C,[*:1]C(=O)CCCC[*:2]
Cc1ncsc1-c1ccc(C(C)NC(=O)C2CC(O)CN2C(=O)C(NC(=O)CCCCCCC(=O)N2CCN(CCC(CSc3ccccc3)Nc3ccc(S(=O)(=O)NC(=O)c4ccc(N5CCN(CC6=C(c7ccc(Cl)cc7)CCC(C)(C)C6)CC5)cc4)cc3S(=O)(=O)C(F)(F)F)CC2)C(C)(C)C)cc1,[*:1]N1CCN(CCC(CSc2ccccc2)Nc2ccc(S(=O)(=O)NC(=O)c3ccc(N4CCN(CC5=C(c6ccc(Cl)cc6)CCC(C)(C)C5)CC4)cc3)cc2S(=O)(=O)C(F)(F)F)CC1,[*:2]CC(=O)NC(C(=O)N1CC(O)CC1C(=O)NC(C)c1ccc(-c2scnc2C)cc1)C(C)(C)C,[*:1]C(=O)CCCCC[*:2]
Cc1ncsc1-c1ccc(C(C)NC(=O)C2CC(O)CN2C(=O)C(NC(=O)CCCCN2CCN(CCC(CSc3ccccc3)Nc3ccc(S(=O)(=O)NC(=O)c4ccc(N5CCN(CC6=C(c7ccc(Cl)cc7)CCC(C)(C)C6)CC5)cc4)cc3S(=O)(=O)C(F)(F)F)CC2)C(C)(C)C)cc1,[*:1]N1CCN(CCC(CSc2ccccc2)Nc2ccc(S(=O)(=O)NC(=O)c3ccc(N4CCN(CC5=C(c6ccc(Cl)cc6)CCC(C)(C)C5)CC4)cc3)cc2S(=O)(=O)C(F)(F)F)CC1,[*:2]CC(=O)NC(C(=O)N1CC(O)CC1C(=O)NC(C)c1ccc(-c2scnc2C)cc1)C(C)(C)C,[*:1]CCC[*:2]
Cc1ncsc1-c1ccc(C(C)NC(=O)C2CC(O)CN2C(=O)C(NC(=O)CCCCCN2CCN(CCC(CSc3ccccc3)Nc3ccc(S(=O)(=O)NC(=O)c4ccc(N5CCN(CC6=C(c7ccc(Cl)cc7)CCC(C)(C)C6)CC5)cc4)cc3S(=O)(=O)C(F)(F)F)CC2)C(C)(C)C)cc1,[*:1]N1CCN(CCC(CSc2ccccc2)Nc2ccc(S(=O)(=O)NC(=O)c3ccc(N4CCN(CC5=C(c6ccc(Cl)cc6)CCC(C)(C)C5)CC4)cc3)cc2S(=O)(=O)C(F)(F)F)CC1,[*:2]CC(=O)NC(C(=O)N1CC(O)CC1C(=O)NC(C)c1ccc(-c2scnc2C)cc1)C(C)(C)C,[*:1]CCCC[*:2]
Cc1ncsc1-c1ccc(C(C)NC(=O)C2CC(O)CN2C(=O)C(NC(=O)CCCCCCN2CCN(CCC(CSc3ccccc3)Nc3ccc(S(=O)(=O)NC(=O)c4ccc(N5CCN(CC6=C(c7ccc(Cl)cc7)CCC(C)(C)C6)CC5)cc4)cc3S(=O)(=O)C(F)(F)F)CC2)C(C)(C)C)cc1,[*:1]N1CCN(CCC(CSc2ccccc2)Nc2ccc(S(=O)(=O)NC(=O)c3ccc(N4CCN(CC5=C(c6ccc(Cl)cc6)CCC(C)(C)C5)CC4)cc3)cc2S(=O)(=O)C(F)(F)F)CC1,[*:2]CC(=O)NC(C(=O)N1CC(O)CC1C(=O)NC(C)c1ccc(-c2scnc2C)cc1)C(C)(C)C,[*:1]CCCCC[*:2]
Cc1ncsc1-c1ccc(C(C)NC(=O)C2CC(O)CN2C(=O)C(NC(=O)CCCCCCCN2CCN(CCC(CSc3ccccc3)Nc3ccc(S(=O)(=O)NC(=O)c4ccc(N5CCN(CC6=C(c7ccc(Cl)cc7)CCC(C)(C)C6)CC5)cc4)cc3S(=O)(=O)C(F)(F)F)CC2)C(C)(C)C)cc1,[*:1]N1CCN(CCC(CSc2ccccc2)Nc2ccc(S(=O)(=O)NC(=O)c3ccc(N4CCN(CC5=C(c6ccc(Cl)cc6)CCC(C)(C)C5)CC4)cc3)cc2S(=O)(=O)C(F)(F)F)CC1,[*:2]CC(=O)NC(C(=O)N1CC(O)CC1C(=O)NC(C)c1ccc(-c2scnc2C)cc1)C(C)(C)C,[*:1]CCCCCC[*:2]
Cc1ncsc1-c1ccc(C(C)NC(=O)C2CC(O)CN2C(=O)C(NC(=O)CCOCCC(=O)N2CCN(CCC(CSc3ccccc3)Nc3ccc(S(=O)(=O)NC(=O)c4ccc(N5CCN(CC6=C(c7ccc(Cl)cc7)CCC(C)(C)C6)CC5)cc4)cc3S(=O)(=O)C(F)(F)F)CC2)C(C)(C)C)cc1,[*:1]N1CCN(CCC(CSc2ccccc2)Nc2ccc(S(=O)(=O)NC(=O)c3ccc(N4CCN(CC5=C(c6ccc(Cl)cc6)CCC(C)(C)C5)CC4)cc3)cc2S(=O)(=O)C(F)(F)F)CC1,[*:2]CC(=O)NC(C(=O)N1CC(O)CC1C(=O)NC(C)c1ccc(-c2scnc2C)cc1)C(C)(C)C,[*:1]C(=O)CCOC[*:2]
Cc1ncsc1-c1ccc(C(C)NC(=O)C2CC(O)CN2C(=O)C(NC(=O)COCCOCC(=O)N2CCN(CCC(CSc3ccccc3)Nc3ccc(S(=O)(=O)NC(=O)c4ccc(N5CCN(CC6=C(c7ccc(Cl)cc7)CCC(C)(C)C6)CC5)cc4)cc3S(=O)(=O)C(F)(F)F)CC2)C(C)(C)C)cc1,[*:1]N1CCN(CCC(CSc2ccccc2)Nc2ccc(S(=O)(=O)NC(=O)c3ccc(N4CCN(CC5=C(c6ccc(Cl)cc6)CCC(C)(C)C5)CC4)cc3)cc2S(=O)(=O)C(F)(F)F)CC1,[*:2]CC(=O)NC(C(=O)N1CC(O)CC1C(=O)NC(C)c1ccc(-c2scnc2C)cc1)C(C)(C)C,[*:1]C(=O)COCCO[*:2]
Cc1ncsc1-c1ccc(C(C)NC(=O)C2CC(O)CN2C(=O)C(NC(=O)COCCCOCC(=O)N2CCN(CCC(CSc3ccccc3)Nc3ccc(S(=O)(=O)NC(=O)c4ccc(N5CCN(CC6=C(c7ccc(Cl)cc7)CCC(C)(C)C6)CC5)cc4)cc3S(=O)(=O)C(F)(F)F)CC2)C(C)(C)C)cc1,[*:1]N1CCN(CCC(CSc2ccccc2)Nc2ccc(S(=O)(=O)NC(=O)c3ccc(N4CCN(CC5=C(c6ccc(Cl)cc6)CCC(C)(C)C5)CC4)cc3)cc2S(=O)(=O)C(F)(F)F)CC1,[*:2]CC(=O)NC(C(=O)N1CC(O)CC1C(=O)NC(C)c1ccc(-c2scnc2C)cc1)C(C)(C)C,[*:1]C(=O)COCCCO[*:2]
Cc1ncsc1-c1ccc(C(C)NC(=O)C2CC(O)CN2C(=O)C(NC(=O)COCCN2CCN(CCC(CSc3ccccc3)Nc3ccc(S(=O)(=O)NC(=O)c4ccc(N5CCN(CC6=C(c7ccc(Cl)cc7)CCC(C)(C)C6)CC5)cc4)cc3S(=O)(=O)C(F)(F)F)CC2)C(C)(C)C)cc1,[*:1]N1CCN(CCC(CSc2ccccc2)Nc2ccc(S(=O)(=O)NC(=O)c3ccc(N4CCN(CC5=C(c6ccc(Cl)cc6)CCC(C)(C)C5)CC4)cc3)cc2S(=O)(=O)C(F)(F)F)CC1,[*:2]CC(=O)NC(C(=O)N1CC(O)CC1C(=O)NC(C)c1ccc(-c2scnc2C)cc1)C(C)(C)C,[*:1]CCO[*:2]
Cc1ncsc1-c1ccc(C(C)NC(=O)C2CC(O)CN2C(=O)C(NC(=O)COCCOCCN2CCN(CCC(CSc3ccccc3)Nc3ccc(S(=O)(=O)NC(=O)c4ccc(N5CCN(CC6=C(c7ccc(Cl)cc7)CCC(C)(C)C6)CC5)cc4)cc3S(=O)(=O)C(F)(F)F)CC2)C(C)(C)C)cc1,[*:1]N1CCN(CCC(CSc2ccccc2)Nc2ccc(S(=O)(=O)NC(=O)c3ccc(N4CCN(CC5=C(c6ccc(Cl)cc6)CCC(C)(C)C5)CC4)cc3)cc2S(=O)(=O)C(F)(F)F)CC1,[*:2]CC(=O)NC(C(=O)N1CC(O)CC1C(=O)NC(C)c1ccc(-c2scnc2C)cc1)C(C)(C)C,[*:1]CCOCCO[*:2]
Cc1ncsc1-c1ccc(C(C)NC(=O)C2CC(O)CN2C(=O)C(NC(=O)CCCCN(C)CCC(CSc2ccccc2)Nc2ccc(S(=O)(=O)NC(=O)c3ccc(N4CCN(CC5=C(c6ccc(Cl)cc6)CCC(C)(C)C5)CC4)cc3)cc2S(=O)(=O)C(F)(F)F)C(C)(C)C)cc1,[*:1]CN(C)CCC(CSc1ccccc1)Nc1ccc(S(=O)(=O)NC(=O)c2ccc(N3CCN(CC4=C(c5ccc(Cl)cc5)CCC(C)(C)C4)CC3)cc2)cc1S(=O)(=O)C(F)(F)F,[*:2]CC(=O)NC(C(=O)N1CC(O)CC1C(=O)NC(C)c1ccc(-c2scnc2C)cc1)C(C)(C)C,[*:1]CC[*:2]
Cc1ncsc1-c1ccc(C(C)NC(=O)C2CC(O)CN2C(=O)C(NC(=O)CCCCCN(C)CCC(CSc2ccccc2)Nc2ccc(S(=O)(=O)NC(=O)c3ccc(N4CCN(CC5=C(c6ccc(Cl)cc6)CCC(C)(C)C5)CC4)cc3)cc2S(=O)(=O)C(F)(F)F)C(C)(C)C)cc1,[*:1]CN(C)CCC(CSc1ccccc1)Nc1ccc(S(=O)(=O)NC(=O)c2ccc(N3CCN(CC4=C(c5ccc(Cl)cc5)CCC(C)(C)C4)CC3)cc2)cc1S(=O)(=O)C(F)(F)F,[*:2]CC(=O)NC(C(=O)N1CC(O)CC1C(=O)NC(C)c1ccc(-c2scnc2C)cc1)C(C)(C)C,[*:1]CCC[*:2]
Cc1ncsc1-c1ccc(C(C)NC(=O)C2CC(O)CN2C(=O)C(NC(=O)CCCCCCN(C)CCC(CSc2ccccc2)Nc2ccc(S(=O)(=O)NC(=O)c3ccc(N4CCN(CC5=C(c6ccc(Cl)cc6)CCC(C)(C)C5)CC4)cc3)cc2S(=O)(=O)C(F)(F)F)C(C)(C)C)cc1,[*:1]CN(C)CCC(CSc1ccccc1)Nc1ccc(S(=O)(=O)NC(=O)c2ccc(N3CCN(CC4=C(c5ccc(Cl)cc5)CCC(C)(C)C4)CC3)cc2)cc1S(=O)(=O)C(F)(F)F,[*:2]CC(=O)NC(C(=O)N1CC(O)CC1C(=O)NC(C)c1ccc(-c2scnc2C)cc1)C(C)(C)C,[*:1]CCCC[*:2]
Cc1ncsc1-c1ccc(C(C)NC(=O)C2CC(O)CN2C(=O)C(NC(=O)CCCCCCCN(C)CCC(CSc2ccccc2)Nc2ccc(S(=O)(=O)NC(=O)c3ccc(N4CCN(CC5=C(c6ccc(Cl)cc6)CCC(C)(C)C5)CC4)cc3)cc2S(=O)(=O)C(F)(F)F)C(C)(C)C)cc1,[*:1]CN(C)CCC(CSc1ccccc1)Nc1ccc(S(=O)(=O)NC(=O)c2ccc(N3CCN(CC4=C(c5ccc(Cl)cc5)CCC(C)(C)C4)CC3)cc2)cc1S(=O)(=O)C(F)(F)F,[*:2]CC(=O)NC(C(=O)N1CC(O)CC1C(=O)NC(C)c1ccc(-c2scnc2C)cc1)C(C)(C)C,[*:1]CCCCC[*:2]
Cc1ncsc1-c1ccc(C(C)NC(=O)C2CC(O)CN2C(=O)C(NC(=O)CCCCCCCCN(C)CCC(CSc2ccccc2)Nc2ccc(S(=O)(=O)NC(=O)c3ccc(N4CCN(CC5=C(c6ccc(Cl)cc6)CCC(C)(C)C5)CC4)cc3)cc2S(=O)(=O)C(F)(F)F)C(C)(C)C)cc1,[*:1]CN(C)CCC(CSc1ccccc1)Nc1ccc(S(=O)(=O)NC(=O)c2ccc(N3CCN(CC4=C(c5ccc(Cl)cc5)CCC(C)(C)C4)CC3)cc2)cc1S(=O)(=O)C(F)(F)F,[*:2]CC(=O)NC(C(=O)N1CC(O)CC1C(=O)NC(C)c1ccc(-c2scnc2C)cc1)C(C)(C)C,[*:1]CCCCCC[*:2]
Cc1ncsc1-c1ccc(C(C)NC(=O)C2CC(O)CN2C(=O)C(NC(=O)CCCCCCCCCN(C)CCC(CSc2ccccc2)Nc2ccc(S(=O)(=O)NC(=O)c3ccc(N4CCN(CC5=C(c6ccc(Cl)cc6)CCC(C)(C)C5)CC4)cc3)cc2S(=O)(=O)C(F)(F)F)C(C)(C)C)cc1,[*:1]CN(C)CCC(CSc1ccccc1)Nc1ccc(S(=O)(=O)NC(=O)c2ccc(N3CCN(CC4=C(c5ccc(Cl)cc5)CCC(C)(C)C4)CC3)cc2)cc1S(=O)(=O)C(F)(F)F,[*:2]CC(=O)NC(C(=O)N1CC(O)CC1C(=O)NC(C)c1ccc(-c2scnc2C)cc1)C(C)(C)C,[*:1]CCCCCCC[*:2]
Cc1ncsc1-c1ccc(C(C)NC(=O)C2CC(O)CN2C(=O)C(NC(=O)COCCOCCN(C)CCC(CSc2ccccc2)Nc2ccc(S(=O)(=O)NC(=O)c3ccc(N4CCN(CC5=C(c6ccc(Cl)cc6)CCC(C)(C)C5)CC4)cc3)cc2S(=O)(=O)C(F)(F)F)C(C)(C)C)cc1,[*:1]CN(C)CCC(CSc1ccccc1)Nc1ccc(S(=O)(=O)NC(=O)c2ccc(N3CCN(CC4=C(c5ccc(Cl)cc5)CCC(C)(C)C4)CC3)cc2)cc1S(=O)(=O)C(F)(F)F,[*:2]CC(=O)NC(C(=O)N1CC(O)CC1C(=O)NC(C)c1ccc(-c2scnc2C)cc1)C(C)(C)C,[*:1]COCCO[*:2]
Cc1ncsc1-c1ccc(C(C)NC(=O)C2CC(O)CN2C(=O)C(NC(=O)COCCOCCOCCN(C)CCC(CSc2ccccc2)Nc2ccc(S(=O)(=O)NC(=O)c3ccc(N4CCN(CC5=C(c6ccc(Cl)cc6)CCC(C)(C)C5)CC4)cc3)cc2S(=O)(=O)C(F)(F)F)C(C)(C)C)cc1,[*:1]CN(C)CCC(CSc1ccccc1)Nc1ccc(S(=O)(=O)NC(=O)c2ccc(N3CCN(CC4=C(c5ccc(Cl)cc5)CCC(C)(C)C4)CC3)cc2)cc1S(=O)(=O)C(F)(F)F,[*:2]CC(=O)NC(C(=O)N1CC(O)CC1C(=O)NC(C)c1ccc(-c2scnc2C)cc1)C(C)(C)C,[*:1]COCCOCCO[*:2]
Cc1ncsc1-c1ccc(C(C)NC(=O)C2CC(O)CN2C(=O)C(NC(=O)COCCOCCOCCOCCN(C)CCC(CSc2ccccc2)Nc2ccc(S(=O)(=O)NC(=O)c3ccc(N4CCN(CC5=C(c6ccc(Cl)cc6)CCC(C)(C)C5)CC4)cc3)cc2S(=O)(=O)C(F)(F)F)C(C)(C)C)cc1,[*:1]CN(C)CCC(CSc1ccccc1)Nc1ccc(S(=O)(=O)NC(=O)c2ccc(N3CCN(CC4=C(c5ccc(Cl)cc5)CCC(C)(C)C4)CC3)cc2)cc1S(=O)(=O)C(F)(F)F,[*:2]CC(=O)NC(C(=O)N1CC(O)CC1C(=O)NC(C)c1ccc(-c2scnc2C)cc1)C(C)(C)C,[*:1]COCCOCCOCCO[*:2]
CC1(C)CCC(c2ccc(Cl)cc2)=C(CN2CCN(c3ccc(C(=O)NS(=O)(=O)c4ccc(NC(CCN5CCN(C(=O)CCCNc6cccc7c6C(=O)N(C6CCC(=O)NC6=O)C7=O)CC5)CSc5ccccc5)c(S(=O)(=O)C(F)(F)F)c4)cc3)CC2)C1,[*:1]N1CCN(CCC(CSc2ccccc2)Nc2ccc(S(=O)(=O)NC(=O)c3ccc(N4CCN(CC5=C(c6ccc(Cl)cc6)CCC(C)(C)C5)CC4)cc3)cc2S(=O)(=O)C(F)(F)F)CC1,[*:2]Nc1cccc2c1C(=O)N(C1CCC(=O)NC1=O)C2=O,[*:1]C(=O)CCC[*:2]
CC1(C)CCC(c2ccc(Cl)cc2)=C(CN2CCN(c3ccc(C(=O)NS(=O)(=O)c4ccc(NC(CCN5CCN(C(=O)CCCCNc6cccc7c6C(=O)N(C6CCC(=O)NC6=O)C7=O)CC5)CSc5ccccc5)c(S(=O)(=O)C(F)(F)F)c4)cc3)CC2)C1,[*:1]N1CCN(CCC(CSc2ccccc2)Nc2ccc(S(=O)(=O)NC(=O)c3ccc(N4CCN(CC5=C(c6ccc(Cl)cc6)CCC(C)(C)C5)CC4)cc3)cc2S(=O)(=O)C(F)(F)F)CC1,[*:2]Nc1cccc2c1C(=O)N(C1CCC(=O)NC1=O)C2=O,[*:1]C(=O)CCCC[*:2]
CC1(C)CCC(c2ccc(Cl)cc2)=C(CN2CCN(c3ccc(C(=O)NS(=O)(=O)c4ccc(NC(CCN5CCN(C(=O)CCCCCNc6cccc7c6C(=O)N(C6CCC(=O)NC6=O)C7=O)CC5)CSc5ccccc5)c(S(=O)(=O)C(F)(F)F)c4)cc3)CC2)C1,[*:1]N1CCN(CCC(CSc2ccccc2)Nc2ccc(S(=O)(=O)NC(=O)c3ccc(N4CCN(CC5=C(c6ccc(Cl)cc6)CCC(C)(C)C5)CC4)cc3)cc2S(=O)(=O)C(F)(F)F)CC1,[*:2]Nc1cccc2c1C(=O)N(C1CCC(=O)NC1=O)C2=O,[*:1]C(=O)CCCCC[*:2]
CC1(C)CCC(c2ccc(Cl)cc2)=C(CN2CCN(c3ccc(C(=O)NS(=O)(=O)c4ccc(NC(CCN5CCN(C(=O)CCCCCCNc6cccc7c6C(=O)N(C6CCC(=O)NC6=O)C7=O)CC5)CSc5ccccc5)c(S(=O)(=O)C(F)(F)F)c4)cc3)CC2)C1,[*:1]N1CCN(CCC(CSc2ccccc2)Nc2ccc(S(=O)(=O)NC(=O)c3ccc(N4CCN(CC5=C(c6ccc(Cl)cc6)CCC(C)(C)C5)CC4)cc3)cc2S(=O)(=O)C(F)(F)F)CC1,[*:2]Nc1cccc2c1C(=O)N(C1CCC(=O)NC1=O)C2=O,[*:1]C(=O)CCCCCC[*:2]
CC1(C)CCC(c2ccc(Cl)cc2)=C(CN2CCN(c3ccc(C(=O)NS(=O)(=O)c4ccc(NC(CCN5CCN(C(=O)CCCCCCCNc6cccc7c6C(=O)N(C6CCC(=O)NC6=O)C7=O)CC5)CSc5ccccc5)c(S(=O)(=O)C(F)(F)F)c4)cc3)CC2)C1,[*:1]N1CCN(CCC(CSc2ccccc2)Nc2ccc(S(=O)(=O)NC(=O)c3ccc(N4CCN(CC5=C(c6ccc(Cl)cc6)CCC(C)(C)C5)CC4)cc3)cc2S(=O)(=O)C(F)(F)F)CC1,[*:2]Nc1cccc2c1C(=O)N(C1CCC(=O)NC1=O)C2=O,[*:1]C(=O)CCCCCCC[*:2]
CC1(C)CCC(c2ccc(Cl)cc2)=C(CN2CCN(c3ccc(C(=O)NS(=O)(=O)c4ccc(NC(CCN5CCN(CCCNc6cccc7c6C(=O)N(C6CCC(=O)NC6=O)C7=O)CC5)CSc5ccccc5)c(S(=O)(=O)C(F)(F)F)c4)cc3)CC2)C1,[*:1]N1CCN(CCC(CSc2ccccc2)Nc2ccc(S(=O)(=O)NC(=O)c3ccc(N4CCN(CC5=C(c6ccc(Cl)cc6)CCC(C)(C)C5)CC4)cc3)cc2S(=O)(=O)C(F)(F)F)CC1,[*:2]Nc1cccc2c1C(=O)N(C1CCC(=O)NC1=O)C2=O,[*:1]CCC[*:2]
CC1(C)CCC(c2ccc(Cl)cc2)=C(CN2CCN(c3ccc(C(=O)NS(=O)(=O)c4ccc(NC(CCN5CCN(CCCCNc6cccc7c6C(=O)N(C6CCC(=O)NC6=O)C7=O)CC5)CSc5ccccc5)c(S(=O)(=O)C(F)(F)F)c4)cc3)CC2)C1,[*:1]N1CCN(CCC(CSc2ccccc2)Nc2ccc(S(=O)(=O)NC(=O)c3ccc(N4CCN(CC5=C(c6ccc(Cl)cc6)CCC(C)(C)C5)CC4)cc3)cc2S(=O)(=O)C(F)(F)F)CC1,[*:2]Nc1cccc2c1C(=O)N(C1CCC(=O)NC1=O)C2=O,[*:1]CCCC[*:2]
CC1(C)CCC(c2ccc(Cl)cc2)=C(CN2CCN(c3ccc(C(=O)NS(=O)(=O)c4ccc(NC(CCN5CCN(CCCCCNc6cccc7c6C(=O)N(C6CCC(=O)NC6=O)C7=O)CC5)CSc5ccccc5)c(S(=O)(=O)C(F)(F)F)c4)cc3)CC2)C1,[*:1]N1CCN(CCC(CSc2ccccc2)Nc2ccc(S(=O)(=O)NC(=O)c3ccc(N4CCN(CC5=C(c6ccc(Cl)cc6)CCC(C)(C)C5)CC4)cc3)cc2S(=O)(=O)C(F)(F)F)CC1,[*:2]Nc1cccc2c1C(=O)N(C1CCC(=O)NC1=O)C2=O,[*:1]CCCCC[*:2]
CC1(C)CCC(c2ccc(Cl)cc2)=C(CN2CCN(c3ccc(C(=O)NS(=O)(=O)c4ccc(NC(CCN5CCN(C(=O)COCCOCCNc6cccc7c6C(=O)N(C6CCC(=O)NC6=O)C7=O)CC5)CSc5ccccc5)c(S(=O)(=O)C(F)(F)F)c4)cc3)CC2)C1,[*:1]N1CCN(CCC(CSc2ccccc2)Nc2ccc(S(=O)(=O)NC(=O)c3ccc(N4CCN(CC5=C(c6ccc(Cl)cc6)CCC(C)(C)C5)CC4)cc3)cc2S(=O)(=O)C(F)(F)F)CC1,[*:2]Nc1cccc2c1C(=O)N(C1CCC(=O)NC1=O)C2=O,[*:1]C(=O)COCCOCC[*:2]
CC1(C)CCC(c2ccc(Cl)cc2)=C(CN2CCN(c3ccc(C(=O)NS(=O)(=O)c4ccc(NC(CCN5CCN(C(=O)COCCOCCOCCNc6cccc7c6C(=O)N(C6CCC(=O)NC6=O)C7=O)CC5)CSc5ccccc5)c(S(=O)(=O)C(F)(F)F)c4)cc3)CC2)C1,[*:1]N1CCN(CCC(CSc2ccccc2)Nc2ccc(S(=O)(=O)NC(=O)c3ccc(N4CCN(CC5=C(c6ccc(Cl)cc6)CCC(C)(C)C5)CC4)cc3)cc2S(=O)(=O)C(F)(F)F)CC1,[*:2]Nc1cccc2c1C(=O)N(C1CCC(=O)NC1=O)C2=O,[*:1]C(=O)COCCOCCOCC[*:2]
CC1(C)CCC(c2ccc(Cl)cc2)=C(CN2CCN(c3ccc(C(=O)NS(=O)(=O)c4ccc(NC(CCN5CCN(C(=O)COCCOCCOCCOCCNc6cccc7c6C(=O)N(C6CCC(=O)NC6=O)C7=O)CC5)CSc5ccccc5)c(S(=O)(=O)C(F)(F)F)c4)cc3)CC2)C1,[*:1]N1CCN(CCC(CSc2ccccc2)Nc2ccc(S(=O)(=O)NC(=O)c3ccc(N4CCN(CC5=C(c6ccc(Cl)cc6)CCC(C)(C)C5)CC4)cc3)cc2S(=O)(=O)C(F)(F)F)CC1,[*:2]Nc1cccc2c1C(=O)N(C1CCC(=O)NC1=O)C2=O,[*:1]C(=O)COCCOCCOCCOCC[*:2]
CC1(C)CCC(c2ccc(Cl)cc2)=C(CN2CCN(c3ccc(C(=O)NS(=O)(=O)c4ccc(NC(CCN5CCN(C(=O)NCCOCCOCCNc6cccc7c6C(=O)N(C6CCC(=O)NC6=O)C7=O)CC5)CSc5ccccc5)c(S(=O)(=O)C(F)(F)F)c4)cc3)CC2)C1,[*:1]N1CCN(CCC(CSc2ccccc2)Nc2ccc(S(=O)(=O)NC(=O)c3ccc(N4CCN(CC5=C(c6ccc(Cl)cc6)CCC(C)(C)C5)CC4)cc3)cc2S(=O)(=O)C(F)(F)F)CC1,[*:2]Nc1cccc2c1C(=O)N(C1CCC(=O)NC1=O)C2=O,[*:1]C(=O)NCCOCCOCC[*:2]
CC1(C)CCC(c2ccc(Cl)cc2)=C(CN2CCN(c3ccc(C(=O)NS(=O)(=O)c4ccc(NC(CCN5CCN(C(=S)NCCOCCOCCNc6cccc7c6C(=O)N(C6CCC(=O)NC6=O)C7=O)CC5)CSc5ccccc5)c(S(=O)(=O)C(F)(F)F)c4)cc3)CC2)C1,[*:1]N1CCN(CCC(CSc2ccccc2)Nc2ccc(S(=O)(=O)NC(=O)c3ccc(N4CCN(CC5=C(c6ccc(Cl)cc6)CCC(C)(C)C5)CC4)cc3)cc2S(=O)(=O)C(F)(F)F)CC1,[*:2]Nc1cccc2c1C(=O)N(C1CCC(=O)NC1=O)C2=O,[*:1]C(=S)NCCOCCOCC[*:2]
CC1(C)CCC(c2ccc(Cl)cc2)=C(CN2CCN(c3ccc(C(=O)NS(=O)(=O)c4ccc(NC(CCN5CCN(CCOCCNc6cccc7c6C(=O)N(C6CCC(=O)NC6=O)C7=O)CC5)CSc5ccccc5)c(S(=O)(=O)C(F)(F)F)c4)cc3)CC2)C1,[*:1]N1CCN(CCC(CSc2ccccc2)Nc2ccc(S(=O)(=O)NC(=O)c3ccc(N4CCN(CC5=C(c6ccc(Cl)cc6)CCC(C)(C)C5)CC4)cc3)cc2S(=O)(=O)C(F)(F)F)CC1,[*:2]Nc1cccc2c1C(=O)N(C1CCC(=O)NC1=O)C2=O,[*:1]CCOCC[*:2]
CC1(C)CCC(c2ccc(Cl)cc2)=C(CN2CCN(c3ccc(C(=O)NS(=O)(=O)c4ccc(NC(CCN5CCN(CCOCCOCCNc6cccc7c6C(=O)N(C6CCC(=O)NC6=O)C7=O)CC5)CSc5ccccc5)c(S(=O)(=O)C(F)(F)F)c4)cc3)CC2)C1,[*:1]N1CCN(CCC(CSc2ccccc2)Nc2ccc(S(=O)(=O)NC(=O)c3ccc(N4CCN(CC5=C(c6ccc(Cl)cc6)CCC(C)(C)C5)CC4)cc3)cc2S(=O)(=O)C(F)(F)F)CC1,[*:2]Nc1cccc2c1C(=O)N(C1CCC(=O)NC1=O)C2=O,[*:1]CCOCCOCC[*:2]
CC1(C)CCC(c2ccc(Cl)cc2)=C(CN2CCN(c3ccc(C(=O)NS(=O)(=O)c4ccc(NC(CCN5CCN(CCOCCOCCOCCNc6cccc7c6C(=O)N(C6CCC(=O)NC6=O)C7=O)CC5)CSc5ccccc5)c(S(=O)(=O)C(F)(F)F)c4)cc3)CC2)C1,[*:1]N1CCN(CCC(CSc2ccccc2)Nc2ccc(S(=O)(=O)NC(=O)c3ccc(N4CCN(CC5=C(c6ccc(Cl)cc6)CCC(C)(C)C5)CC4)cc3)cc2S(=O)(=O)C(F)(F)F)CC1,[*:2]Nc1cccc2c1C(=O)N(C1CCC(=O)NC1=O)C2=O,[*:1]CCOCCOCCOCC[*:2]
CN(CCC(CSc1ccccc1)Nc1ccc(S(=O)(=O)NC(=O)c2ccc(N3CCN(CC4=C(c5ccc(Cl)cc5)CCC(C)(C)C4)CC3)cc2)cc1S(=O)(=O)C(F)(F)F)C(=O)CCCn1cc(COCCOCCNc2cccc3c2C(=O)N(C2CCC(=O)NC2=O)C3=O)nn1,[*:1]N(C)CCC(CSc1ccccc1)Nc1ccc(S(=O)(=O)NC(=O)c2ccc(N3CCN(CC4=C(c5ccc(Cl)cc5)CCC(C)(C)C4)CC3)cc2)cc1S(=O)(=O)C(F)(F)F,[*:2]Nc1cccc2c1C(=O)N(C1CCC(=O)NC1=O)C2=O,[*:1]C(=O)CCCn1cc(COCCOCC[*:2])nn1
CN(CCC(CSc1ccccc1)Nc1ccc(S(=O)(=O)NC(=O)c2ccc(N3CCN(CC4=C(c5ccc(Cl)cc5)CCC(C)(C)C4)CC3)cc2)cc1S(=O)(=O)C(F)(F)F)C(=O)CCCn1cc(COCCOCCOCCNc2cccc3c2C(=O)N(C2CCC(=O)NC2=O)C3=O)nn1,[*:1]N(C)CCC(CSc1ccccc1)Nc1ccc(S(=O)(=O)NC(=O)c2ccc(N3CCN(CC4=C(c5ccc(Cl)cc5)CCC(C)(C)C4)CC3)cc2)cc1S(=O)(=O)C(F)(F)F,[*:2]Nc1cccc2c1C(=O)N(C1CCC(=O)NC1=O)C2=O,[*:1]C(=O)CCCn1cc(COCCOCCOCC[*:2])nn1
CN(CCC(CSc1ccccc1)Nc1ccc(S(=O)(=O)NC(=O)c2ccc(N3CCN(CC4=C(c5ccc(Cl)cc5)CCC(C)(C)C4)CC3)cc2)cc1S(=O)(=O)C(F)(F)F)C(=O)CCCCCCn1cc(COCCOCCNc2cccc3c2C(=O)N(C2CCC(=O)NC2=O)C3=O)nn1,[*:1]N(C)CCC(CSc1ccccc1)Nc1ccc(S(=O)(=O)NC(=O)c2ccc(N3CCN(CC4=C(c5ccc(Cl)cc5)CCC(C)(C)C4)CC3)cc2)cc1S(=O)(=O)C(F)(F)F,[*:2]Nc1cccc2c1C(=O)N(C1CCC(=O)NC1=O)C2=O,[*:1]C(=O)CCCCCCn1cc(COCCOCC[*:2])nn1
CN(CCC(CSc1ccccc1)Nc1ccc(S(=O)(=O)NC(=O)c2ccc(N3CCN(CC4=C(c5ccc(Cl)cc5)CCC(C)(C)C4)CC3)cc2)cc1S(=O)(=O)C(F)(F)F)C(=O)CCCCCCn1cc(COCCOCCOCCNc2cccc3c2C(=O)N(C2CCC(=O)NC2=O)C3=O)nn1,[*:1]N(C)CCC(CSc1ccccc1)Nc1ccc(S(=O)(=O)NC(=O)c2ccc(N3CCN(CC4=C(c5ccc(Cl)cc5)CCC(C)(C)C4)CC3)cc2)cc1S(=O)(=O)C(F)(F)F,[*:2]Nc1cccc2c1C(=O)N(C1CCC(=O)NC1=O)C2=O,[*:1]C(=O)CCCCCCn1cc(COCCOCCOCC[*:2])nn1
CN(CCCCCCCn1cc(COCCOCCNc2cccc3c2C(=O)N(C2CCC(=O)NC2=O)C3=O)nn1)CCC(CSc1ccccc1)Nc1ccc(S(=O)(=O)NC(=O)c2ccc(N3CCN(CC4=C(c5ccc(Cl)cc5)CCC(C)(C)C4)CC3)cc2)cc1S(=O)(=O)C(F)(F)F,[*:1]CN(C)CCC(CSc1ccccc1)Nc1ccc(S(=O)(=O)NC(=O)c2ccc(N3CCN(CC4=C(c5ccc(Cl)cc5)CCC(C)(C)C4)CC3)cc2)cc1S(=O)(=O)C(F)(F)F,[*:2]Nc1cccc2c1C(=O)N(C1CCC(=O)NC1=O)C2=O,[*:1]CCCCCCn1cc(COCCOCC[*:2])nn1
CN(CCCCCCCn1cc(COCCOCCOCCNc2cccc3c2C(=O)N(C2CCC(=O)NC2=O)C3=O)nn1)CCC(CSc1ccccc1)Nc1ccc(S(=O)(=O)NC(=O)c2ccc(N3CCN(CC4=C(c5ccc(Cl)cc5)CCC(C)(C)C4)CC3)cc2)cc1S(=O)(=O)C(F)(F)F,[*:1]CN(C)CCC(CSc1ccccc1)Nc1ccc(S(=O)(=O)NC(=O)c2ccc(N3CCN(CC4=C(c5ccc(Cl)cc5)CCC(C)(C)C4)CC3)cc2)cc1S(=O)(=O)C(F)(F)F,[*:2]Nc1cccc2c1C(=O)N(C1CCC(=O)NC1=O)C2=O,[*:1]CCCCCCn1cc(COCCOCCOCC[*:2])nn1
CN(CCCNc1cccc2c1C(=O)N(C1CCC(=O)NC1=O)C2=O)CCC(CSc1ccccc1)Nc1ccc(S(=O)(=O)NC(=O)c2ccc(N3CCN(CC4=C(c5ccc(Cl)cc5)CCC(C)(C)C4)CC3)cc2)cc1S(=O)(=O)C(F)(F)F,[*:1]CN(C)CCC(CSc1ccccc1)Nc1ccc(S(=O)(=O)NC(=O)c2ccc(N3CCN(CC4=C(c5ccc(Cl)cc5)CCC(C)(C)C4)CC3)cc2)cc1S(=O)(=O)C(F)(F)F,[*:2]Nc1cccc2c1C(=O)N(C1CCC(=O)NC1=O)C2=O,[*:1]CC[*:2]
CN(CCCCNc1cccc2c1C(=O)N(C1CCC(=O)NC1=O)C2=O)CCC(CSc1ccccc1)Nc1ccc(S(=O)(=O)NC(=O)c2ccc(N3CCN(CC4=C(c5ccc(Cl)cc5)CCC(C)(C)C4)CC3)cc2)cc1S(=O)(=O)C(F)(F)F,[*:1]CN(C)CCC(CSc1ccccc1)Nc1ccc(S(=O)(=O)NC(=O)c2ccc(N3CCN(CC4=C(c5ccc(Cl)cc5)CCC(C)(C)C4)CC3)cc2)cc1S(=O)(=O)C(F)(F)F,[*:2]Nc1cccc2c1C(=O)N(C1CCC(=O)NC1=O)C2=O,[*:1]CCC[*:2]
CN(CCCCCNc1cccc2c1C(=O)N(C1CCC(=O)NC1=O)C2=O)CCC(CSc1ccccc1)Nc1ccc(S(=O)(=O)NC(=O)c2ccc(N3CCN(CC4=C(c5ccc(Cl)cc5)CCC(C)(C)C4)CC3)cc2)cc1S(=O)(=O)C(F)(F)F,[*:1]CN(C)CCC(CSc1ccccc1)Nc1ccc(S(=O)(=O)NC(=O)c2ccc(N3CCN(CC4=C(c5ccc(Cl)cc5)CCC(C)(C)C4)CC3)cc2)cc1S(=O)(=O)C(F)(F)F,[*:2]Nc1cccc2c1C(=O)N(C1CCC(=O)NC1=O)C2=O,[*:1]CCCC[*:2]
CN(CCCCCCNc1cccc2c1C(=O)N(C1CCC(=O)NC1=O)C2=O)CCC(CSc1ccccc1)Nc1ccc(S(=O)(=O)NC(=O)c2ccc(N3CCN(CC4=C(c5ccc(Cl)cc5)CCC(C)(C)C4)CC3)cc2)cc1S(=O)(=O)C(F)(F)F,[*:1]CN(C)CCC(CSc1ccccc1)Nc1ccc(S(=O)(=O)NC(=O)c2ccc(N3CCN(CC4=C(c5ccc(Cl)cc5)CCC(C)(C)C4)CC3)cc2)cc1S(=O)(=O)C(F)(F)F,[*:2]Nc1cccc2c1C(=O)N(C1CCC(=O)NC1=O)C2=O,[*:1]CCCCC[*:2]
CN(CCCCCCCCNc1cccc2c1C(=O)N(C1CCC(=O)NC1=O)C2=O)CCC(CSc1ccccc1)Nc1ccc(S(=O)(=O)NC(=O)c2ccc(N3CCN(CC4=C(c5ccc(Cl)cc5)CCC(C)(C)C4)CC3)cc2)cc1S(=O)(=O)C(F)(F)F,[*:1]CN(C)CCC(CSc1ccccc1)Nc1ccc(S(=O)(=O)NC(=O)c2ccc(N3CCN(CC4=C(c5ccc(Cl)cc5)CCC(C)(C)C4)CC3)cc2)cc1S(=O)(=O)C(F)(F)F,[*:2]Nc1cccc2c1C(=O)N(C1CCC(=O)NC1=O)C2=O,[*:1]CCCCCCC[*:2]
CN(CCOCCOCCNc1cccc2c1C(=O)N(C1CCC(=O)NC1=O)C2=O)CCC(CSc1ccccc1)Nc1ccc(S(=O)(=O)NC(=O)c2ccc(N3CCN(CC4=C(c5ccc(Cl)cc5)CCC(C)(C)C4)CC3)cc2)cc1S(=O)(=O)C(F)(F)F,[*:1]CN(C)CCC(CSc1ccccc1)Nc1ccc(S(=O)(=O)NC(=O)c2ccc(N3CCN(CC4=C(c5ccc(Cl)cc5)CCC(C)(C)C4)CC3)cc2)cc1S(=O)(=O)C(F)(F)F,[*:2]Nc1cccc2c1C(=O)N(C1CCC(=O)NC1=O)C2=O,[*:1]COCCOCC[*:2]
CN(CCOCCOCCOCCNc1cccc2c1C(=O)N(C1CCC(=O)NC1=O)C2=O)CCC(CSc1ccccc1)Nc1ccc(S(=O)(=O)NC(=O)c2ccc(N3CCN(CC4=C(c5ccc(Cl)cc5)CCC(C)(C)C4)CC3)cc2)cc1S(=O)(=O)C(F)(F)F,[*:1]CN(C)CCC(CSc1ccccc1)Nc1ccc(S(=O)(=O)NC(=O)c2ccc(N3CCN(CC4=C(c5ccc(Cl)cc5)CCC(C)(C)C4)CC3)cc2)cc1S(=O)(=O)C(F)(F)F,[*:2]Nc1cccc2c1C(=O)N(C1CCC(=O)NC1=O)C2=O,[*:1]COCCOCCOCC[*:2]
CN(CCOCCOCCOCCOCCNc1cccc2c1C(=O)N(C1CCC(=O)NC1=O)C2=O)CCC(CSc1ccccc1)Nc1ccc(S(=O)(=O)NC(=O)c2ccc(N3CCN(CC4=C(c5ccc(Cl)cc5)CCC(C)(C)C4)CC3)cc2)cc1S(=O)(=O)C(F)(F)F,[*:1]CN(C)CCC(CSc1ccccc1)Nc1ccc(S(=O)(=O)NC(=O)c2ccc(N3CCN(CC4=C(c5ccc(Cl)cc5)CCC(C)(C)C4)CC3)cc2)cc1S(=O)(=O)C(F)(F)F,[*:2]Nc1cccc2c1C(=O)N(C1CCC(=O)NC1=O)C2=O,[*:1]COCCOCCOCCOCC[*:2]
C=CC(=O)Nc1cccc(-n2c(=O)cc(C)c3cnc(Nc4ccc(N5CCN(CCCCCCCCCCCCNC(=O)c6ccc(NC(=O)C7NC(CC(C)(C)C)C(C#N)(c8ccc(Cl)cc8F)C7c7cccc(Cl)c7F)c(OC)c6)CC5)cc4OC)nc32)c1,[*:1]CN1CCN(c2ccc(Nc3ncc4c(C)cc(=O)n(-c5cccc(NC(=O)C=C)c5)c4n3)c(OC)c2)CC1,[*:2]NC(=O)c1ccc(NC(=O)C2NC(CC(C)(C)C)C(C#N)(c3ccc(Cl)cc3F)C2c2cccc(Cl)c2F)c(OC)c1,[*:1]CCCCCCCCCCC[*:2]
C=CC(=O)Nc1cccc(-n2c(=O)cc(C)c3cnc(Nc4ccc(N5CCN(CCCCCCCCCCCC(=O)NC(C(=O)N6CC(O)CC6C(=O)NCc6ccc(-c7scnc7C)cc6)C(C)(C)C)CC5)cc4OC)nc32)c1,[*:1]CN1CCN(c2ccc(Nc3ncc4c(C)cc(=O)n(-c5cccc(NC(=O)C=C)c5)c4n3)c(OC)c2)CC1,[*:2]CC(=O)NC(C(=O)N1CC(O)CC1C(=O)NCc1ccc(-c2scnc2C)cc1)C(C)(C)C,[*:1]CCCCCCCCC[*:2]
C=CC(=O)Nc1cccc(-n2c(=O)cc(C)c3cnc(Nc4ccc(N5CCN(CCCCCCCCCC(=O)NC(C(=O)N6CC(O)CC6C(=O)NCc6ccc(-c7scnc7C)cc6)C(C)(C)C)CC5)cc4OC)nc32)c1,[*:1]CN1CCN(c2ccc(Nc3ncc4c(C)cc(=O)n(-c5cccc(NC(=O)C=C)c5)c4n3)c(OC)c2)CC1,[*:2]CC(=O)NC(C(=O)N1CC(O)CC1C(=O)NCc1ccc(-c2scnc2C)cc1)C(C)(C)C,[*:1]CCCCCCC[*:2]
C=CC(=O)Nc1cccc(-n2c(=O)cc(C)c3cnc(Nc4ccc(N5CCN(CCCCCCCC(=O)NC(C(=O)N6CC(O)CC6C(=O)NCc6ccc(-c7scnc7C)cc6)C(C)(C)C)CC5)cc4OC)nc32)c1,[*:1]CN1CCN(c2ccc(Nc3ncc4c(C)cc(=O)n(-c5cccc(NC(=O)C=C)c5)c4n3)c(OC)c2)CC1,[*:2]CC(=O)NC(C(=O)N1CC(O)CC1C(=O)NCc1ccc(-c2scnc2C)cc1)C(C)(C)C,[*:1]CCCCC[*:2]
C=CC(=O)Nc1cccc(-n2c(=O)cc(C)c3cnc(Nc4ccc(N5CCN(CCCCCC(=O)NC(C(=O)N6CC(O)CC6C(=O)NCc6ccc(-c7scnc7C)cc6)C(C)(C)C)CC5)cc4OC)nc32)c1,[*:1]CN1CCN(c2ccc(Nc3ncc4c(C)cc(=O)n(-c5cccc(NC(=O)C=C)c5)c4n3)c(OC)c2)CC1,[*:2]CC(=O)NC(C(=O)N1CC(O)CC1C(=O)NCc1ccc(-c2scnc2C)cc1)C(C)(C)C,[*:1]CCC[*:2]
C=CC(=O)Nc1cccc(-n2c(=O)cc(C)c3cnc(Nc4ccc(N5CCN(CCCC(=O)NC(C(=O)N6CC(O)CC6C(=O)NCc6ccc(-c7scnc7C)cc6)C(C)(C)C)CC5)cc4OC)nc32)c1,[*:1]CN1CCN(c2ccc(Nc3ncc4c(C)cc(=O)n(-c5cccc(NC(=O)C=C)c5)c4n3)c(OC)c2)CC1,[*:2]CC(=O)NC(C(=O)N1CC(O)CC1C(=O)NCc1ccc(-c2scnc2C)cc1)C(C)(C)C,[*:1]C[*:2]
COc1cc2c(OCC3CCC(=O)N3)ncc(C#CCOCCOCCOCCC(=O)NC(C(=O)N3CC(O)CC3C(=O)NCc3ccc(-c4scnc4C)cc3)C(C)(C)C)c2cc1C(N)=O,[*:1]c1cnc(OCC2CCC(=O)N2)c2cc(OC)c(C(N)=O)cc12,[*:2]CC(=O)NC(C(=O)N1CC(O)CC1C(=O)NCc1ccc(-c2scnc2C)cc1)C(C)(C)C,[*:1]C#CCOCCOCCOC[*:2]
COc1cc2c(OCC3CCC(=O)N3)ncc(C#CCCCCCCCCCCC(=O)NC(C(=O)N3CC(O)CC3C(=O)NCc3ccc(-c4scnc4C)cc3)C(C)(C)C)c2cc1C(N)=O,[*:1]c1cnc(OCC2CCC(=O)N2)c2cc(OC)c(C(N)=O)cc12,[*:2]CC(=O)NC(C(=O)N1CC(O)CC1C(=O)NCc1ccc(-c2scnc2C)cc1)C(C)(C)C,[*:1]C#CCCCCCCCCC[*:2]
COc1cc2c(OCC3CCC(=O)N3)ncc(C#CCOCCOCCOCCOc3cccc4c3C(=O)N(C3CCC(=O)NC3=O)C4=O)c2cc1C(N)=O,[*:1]c1cnc(OCC2CCC(=O)N2)c2cc(OC)c(C(N)=O)cc12,[*:2]c1cccc2c1C(=O)N(C1CCC(=O)NC1=O)C2=O,[*:1]C#CCOCCOCCOCCO[*:2]
COc1cc2c(OCC3CCC(=O)N3)ncc(C#CCCCCCCCCCCOc3cccc4c3C(=O)N(C3CCC(=O)NC3=O)C4=O)c2cc1C(N)=O,[*:1]c1cnc(OCC2CCC(=O)N2)c2cc(OC)c(C(N)=O)cc12,[*:2]c1cccc2c1C(=O)N(C1CCC(=O)NC1=O)C2=O,[*:1]C#CCCCCCCCCCCO[*:2]
CNC(C)C(=O)NC(C(=O)N1CC(NC(=O)CCOCCOCCOCC#Cc2cnc(OCC3CCC(=O)N3)c3cc(OC)c(C(N)=O)cc23)CC1C(=O)NC1CCCc2ccccc21)C1CCCCC1,[*:1]c1cnc(OCC2CCC(=O)N2)c2cc(OC)c(C(N)=O)cc12,[*:2]NC1CC(C(=O)NC2CCCc3ccccc32)N(C(=O)C(NC(=O)C(C)NC)C2CCCCC2)C1,[*:1]C#CCOCCOCCOCCC([*:2])=O
CNC(C)C(=O)NC(C(=O)N1CC(NC(=O)CCCCCCCCCCC#Cc2cnc(OCC3CCC(=O)N3)c3cc(OC)c(C(N)=O)cc23)CC1C(=O)NC1CCCc2ccccc21)C1CCCCC1,[*:1]c1cnc(OCC2CCC(=O)N2)c2cc(OC)c(C(N)=O)cc12,[*:2]NC1CC(C(=O)NC2CCCc3ccccc32)N(C(=O)C(NC(=O)C(C)NC)C2CCCCC2)C1,[*:1]C#CCCCCCCCCCCC([*:2])=O
COc1cc2c(OCC3CCC(=O)N3)ncc(C#CCCC(=O)NC(C(=O)N3CC(O)CC3C(=O)NCc3ccc(-c4scnc4C)cc3)C(C)(C)C)c2cc1C(N)=O,[*:1]c1cnc(OCC2CCC(=O)N2)c2cc(OC)c(C(N)=O)cc12,[*:2]CC(=O)NC(C(=O)N1CC(O)CC1C(=O)NCc1ccc(-c2scnc2C)cc1)C(C)(C)C,[*:1]C#CC[*:2]
COc1cc2c(OCC3CCC(=O)N3)ncc(C#CCCCC(=O)NC(C(=O)N3CC(O)CC3C(=O)NCc3ccc(-c4scnc4C)cc3)C(C)(C)C)c2cc1C(N)=O,[*:1]c1cnc(OCC2CCC(=O)N2)c2cc(OC)c(C(N)=O)cc12,[*:2]CC(=O)NC(C(=O)N1CC(O)CC1C(=O)NCc1ccc(-c2scnc2C)cc1)C(C)(C)C,[*:1]C#CCC[*:2]
CCC1C(COc2ncc(C#CCCCCCCCCCCC(=O)NC(C(=O)N3CC(O)CC3C(=O)NCc3ccc(-c4scnc4C)cc3)C(C)(C)C)c3cc(C(N)=O)c(OC)cc23)NC(=O)C1F,[*:1]c1cnc(OCC2NC(=O)C(F)C2CC)c2cc(OC)c(C(N)=O)cc12,[*:2]CC(=O)NC(C(=O)N1CC(O)CC1C(=O)NCc1ccc(-c2scnc2C)cc1)C(C)(C)C,[*:1]C#CCCCCCCCCC[*:2]
CCC1C(COc2ncc(C#CCN3CCC4(CC3)CCN(c3ncc(C(=O)NC(C(=O)N5CC(O)CC5C(=O)NCc5ccc(-c6scnc6C)cc5)C(C)(C)C)cn3)CC4)c3cc(C(N)=O)c(OC)cc23)NC(=O)C1F,[*:1]c1cnc(OCC2NC(=O)C(F)C2CC)c2cc(OC)c(C(N)=O)cc12,[*:2]NC(C(=O)N1CC(O)CC1C(=O)NCc1ccc(-c2scnc2C)cc1)C(C)(C)C,[*:1]C#CCN1CCC2(CC1)CCN(c1ncc(C([*:2])=O)cn1)CC2
COc1cc(C=C2SC(=O)N(Cc3cn(CCCNC(=O)C(N)CCCNC(=N)N)nn3)C2=O)ccc1Oc1ccc(C#N)cc1C(F)(F)F,[*:1]CN1C(=O)SC(=Cc2ccc(Oc3ccc(C#N)cc3C(F)(F)F)c(OC)c2)C1=O,[*:2]NC(=O)C(N)CCCNC(=N)N,[*:1]c1cn(CCC[*:2])nn1
COc1cc(C=C2SC(=O)N(Cc3cn(CCCNC(=O)C(N)Cc4c[nH]cn4)nn3)C2=O)ccc1Oc1ccc(C#N)cc1C(F)(F)F,[*:1]CN1C(=O)SC(=Cc2ccc(Oc3ccc(C#N)cc3C(F)(F)F)c(OC)c2)C1=O,[*:2]NC(=O)C(N)Cc1c[nH]cn1,[*:1]c1cn(CCC[*:2])nn1
CCC(C)C(N)c1cn(C(Cc2ccc(O)cc2)C(=O)N2CCN(c3nc(NCCOCCOCCOCc4cn(CCOCCOCCOCCOCCOCCNC(=O)CN5CCN(C(=O)N6C(c7ccc(OC)cc7OC(C)C)=NC(c7ccc(Cl)cc7)C6c6ccc(Cl)cc6)CC5=O)nn4)nc(N4CCN(C(=O)C(Cc5ccc(O)cc5)n5cc(C(N)C(C)CC)nn5)CC4)n3)CC2)nn1,[*:1]Nc1nc(N2CCN(C(=O)C(Cc3ccc(O)cc3)n3cc(C(N)C(C)CC)nn3)CC2)nc(N2CCN(C(=O)C(Cc3ccc(O)cc3)n3cc(C(N)C(C)CC)nn3)CC2)n1,[*:2]N1CCN(C(=O)N2C(c3ccc(OC)cc3OC(C)C)=NC(c3ccc(Cl)cc3)C2c2ccc(Cl)cc2)CC1=O,[*:1]CCOCCOCCOCc1cn(CCOCCOCCOCCOCCOCCNC(=O)C[*:2])nn1
CCC(C)C(N)c1cn(C(Cc2ccc(O)cc2)C(=O)N2CCN(c3nc(NCCOCCOCCOCc4cn(CCCCCC(=O)Nc5cccc6c5C(=O)N(C5CCC(=O)NC5=O)C6=O)nn4)nc(N4CCN(C(=O)C(Cc5ccc(O)cc5)n5cc(C(N)C(C)CC)nn5)CC4)n3)CC2)nn1,[*:1]Nc1nc(N2CCN(C(=O)C(Cc3ccc(O)cc3)n3cc(C(N)C(C)CC)nn3)CC2)nc(N2CCN(C(=O)C(Cc3ccc(O)cc3)n3cc(C(N)C(C)CC)nn3)CC2)n1,[*:2]Nc1cccc2c1C(=O)N(C1CCC(=O)NC1=O)C2=O,[*:1]CCOCCOCCOCc1cn(CCCCCC([*:2])=O)nn1
CCC1C(=O)N(C)c2cnc(Nc3ccc(C(=O)NCCOCCOCCNc4cccc5c4C(=O)N(C4CCC(=O)NC4=O)C5=O)cc3OC)nc2N1C1CCCC1,[*:1]c1ccc(Nc2ncc3c(n2)N(C2CCCC2)C(CC)C(=O)N3C)c(OC)c1,[*:2]Nc1cccc2c1C(=O)N(C1CCC(=O)NC1=O)C2=O,[*:1]C(=O)NCCOCCOCC[*:2]
CNC(C)C(=O)NC(C(=O)N1CC(NC(=O)CCCCCCCCCn2cc(Nc3ncc(Cl)c(NCc4cc(F)ccc4F)n3)cn2)CC1C(=O)NC1CCCc2ccccc21)C1CCCCC1,[*:1]Cn1cc(Nc2ncc(Cl)c(NCc3cc(F)ccc3F)n2)cn1,[*:2]NC1CC(C(=O)NC2CCCc3ccccc32)N(C(=O)C(NC(=O)C(C)NC)C2CCCCC2)C1,[*:1]CCCCCCCCC([*:2])=O
Cc1ncsc1-c1ccc(CNC(=O)C2CC(O)CN2C(=O)C(NC(=O)CCCCCCCCCn2cc(Nc3ncc(Cl)c(NCc4cc(F)ccc4F)n3)cn2)C(C)(C)C)cc1,[*:1]Cn1cc(Nc2ncc(Cl)c(NCc3cc(F)ccc3F)n2)cn1,[*:2]CC(=O)NC(C(=O)N1CC(O)CC1C(=O)NCc1ccc(-c2scnc2C)cc1)C(C)(C)C,[*:1]CCCCCCC[*:2]
CNC(C)C(=O)NC(C(=O)N1CC(NC(=O)COCCOCCOCCOCCn2cc(Nc3ncc(Cl)c(NCc4cc(F)ccc4F)n3)cn2)CC1C(=O)NC1CCCc2ccccc21)C1CCCCC1,[*:1]OCCn1cc(Nc2ncc(Cl)c(NCc3cc(F)ccc3F)n2)cn1,[*:2]NC1CC(C(=O)NC2CCCc3ccccc32)N(C(=O)C(NC(=O)C(C)NC)C2CCCCC2)C1,[*:1]CCOCCOCCOCC([*:2])=O
Cc1ncsc1-c1ccc(CNC(=O)C2CC(O)CN2C(=O)C(NC(=O)COCCOCCOCCOCCn2cc(Nc3ncc(Cl)c(NCc4cc(F)ccc4F)n3)cn2)C(C)(C)C)cc1,[*:1]OCCn1cc(Nc2ncc(Cl)c(NCc3cc(F)ccc3F)n2)cn1,[*:2]CC(=O)NC(C(=O)N1CC(O)CC1C(=O)NCc1ccc(-c2scnc2C)cc1)C(C)(C)C,[*:1]CCOCCOCCO[*:2]
CNC(C)C(=O)NC(C(=O)N1CC(NC(=O)CCCCCCCCCOc2cc(F)cc(CNc3nc(Nc4cnn(C)c4)ncc3Cl)c2F)CC1C(=O)NC1CCCc2ccccc21)C1CCCCC1,[*:1]c1cc(F)cc(CNc2nc(Nc3cnn(C)c3)ncc2Cl)c1F,[*:2]NC1CC(C(=O)NC2CCCc3ccccc32)N(C(=O)C(NC(=O)C(C)NC)C2CCCCC2)C1,[*:1]OCCCCCCCCCC([*:2])=O
Cc1ncsc1-c1ccc(CNC(=O)C2CC(O)CN2C(=O)C(NC(=O)CCCCCCCCCOc2cc(F)cc(CNc3nc(Nc4cnn(C)c4)ncc3Cl)c2F)C(C)(C)C)cc1,[*:1]c1cc(F)cc(CNc2nc(Nc3cnn(C)c3)ncc2Cl)c1F,[*:2]CC(=O)NC(C(=O)N1CC(O)CC1C(=O)NCc1ccc(-c2scnc2C)cc1)C(C)(C)C,[*:1]OCCCCCCCC[*:2]
CNC(C)C(=O)NC(C(=O)N1CC(NC(=O)COCCOCCOCCOCCOc2cc(F)cc(CNc3nc(Nc4cnn(C)c4)ncc3Cl)c2F)CC1C(=O)NC1CCCc2ccccc21)C1CCCCC1,[*:1]c1cc(F)cc(CNc2nc(Nc3cnn(C)c3)ncc2Cl)c1F,[*:2]NC1CC(C(=O)NC2CCCc3ccccc32)N(C(=O)C(NC(=O)C(C)NC)C2CCCCC2)C1,[*:1]OCCOCCOCCOCCOCC([*:2])=O
Cc1ncsc1-c1ccc(CNC(=O)C2CC(O)CN2C(=O)C(NC(=O)COCCOCCOCCOCCOc2cc(F)cc(CNc3nc(Nc4cnn(C)c4)ncc3Cl)c2F)C(C)(C)C)cc1,[*:1]c1cc(F)cc(CNc2nc(Nc3cnn(C)c3)ncc2Cl)c1F,[*:2]CC(=O)NC(C(=O)N1CC(O)CC1C(=O)NCc1ccc(-c2scnc2C)cc1)C(C)(C)C,[*:1]OCCOCCOCCOCCO[*:2]
CNC(C)C(=O)NC(C(=O)N1CC(NC(=O)COCCOCCOCCOCCOCCOCCOc2cc(F)cc(CNc3nc(Nc4cnn(C)c4)ncc3Cl)c2F)CC1C(=O)NC1CCCc2ccccc21)C1CCCCC1,[*:1]c1cc(F)cc(CNc2nc(Nc3cnn(C)c3)ncc2Cl)c1F,[*:2]NC1CC(C(=O)NC2CCCc3ccccc32)N(C(=O)C(NC(=O)C(C)NC)C2CCCCC2)C1,[*:1]OCCOCCOCCOCCOCCOCCOCC([*:2])=O
Cc1ncsc1-c1ccc(CNC(=O)C2CC(O)CN2C(=O)C(NC(=O)COCCOCCOCCOCCOCCOCCOc2cc(F)cc(CNc3nc(Nc4cnn(C)c4)ncc3Cl)c2F)C(C)(C)C)cc1,[*:1]c1cc(F)cc(CNc2nc(Nc3cnn(C)c3)ncc2Cl)c1F,[*:2]CC(=O)NC(C(=O)N1CC(O)CC1C(=O)NCc1ccc(-c2scnc2C)cc1)C(C)(C)C,[*:1]OCCOCCOCCOCCOCCOCCO[*:2]
Cc1ncsc1-c1ccc(CNC(=O)C2CC(O)CN2C(=O)C(NC(=O)COCCCCOc2ccc(Nc3ncc(Br)c(NCCCN(C)C(=O)C4CCC4)n3)cc2)C(C)(C)C)cc1,[*:1]c1ccc(Nc2ncc(Br)c(NCCCN(C)C(=O)C3CCC3)n2)cc1,[*:2]CC(=O)NC(C(=O)N1CC(O)CC1C(=O)NCc1ccc(-c2scnc2C)cc1)C(C)(C)C,[*:1]OCCCCO[*:2]
Cc1ncsc1-c1ccc(CNC(=O)C2CC(O)CN2C(=O)C(NC(=O)COCCOCCOc2ccc(Nc3ncc(Br)c(NCCCN(C)C(=O)C4CCC4)n3)cc2)C(C)(C)C)cc1,[*:1]c1ccc(Nc2ncc(Br)c(NCCCN(C)C(=O)C3CCC3)n2)cc1,[*:2]CC(=O)NC(C(=O)N1CC(O)CC1C(=O)NCc1ccc(-c2scnc2C)cc1)C(C)(C)C,[*:1]OCCOCCO[*:2]
Cc1ncsc1-c1ccc(CNC(=O)C2CC(O)CN2C(=O)C(NC(=O)CCCCCOCCOc2ccc(Nc3ncc(Br)c(NCCCN(C)C(=O)C4CCC4)n3)cc2)C(C)(C)C)cc1,[*:1]c1ccc(Nc2ncc(Br)c(NCCCN(C)C(=O)C3CCC3)n2)cc1,[*:2]CC(=O)NC(C(=O)N1CC(O)CC1C(=O)NCc1ccc(-c2scnc2C)cc1)C(C)(C)C,[*:1]OCCOCCCC[*:2]
Cc1ncsc1-c1ccc(CNC(=O)C2CC(O)CN2C(=O)C(NC(=O)COCCCOCCCOc2ccc(Nc3ncc(Br)c(NCCCN(C)C(=O)C4CCC4)n3)cc2)C(C)(C)C)cc1,[*:1]c1ccc(Nc2ncc(Br)c(NCCCN(C)C(=O)C3CCC3)n2)cc1,[*:2]CC(=O)NC(C(=O)N1CC(O)CC1C(=O)NCc1ccc(-c2scnc2C)cc1)C(C)(C)C,[*:1]OCCCOCCCO[*:2]
Cc1ncsc1-c1ccc(CNC(=O)C2CC(O)CN2C(=O)C(NC(=O)COCCOCCOCCOc2ccc(Nc3ncc(Br)c(NCCCN(C)C(=O)C4CCC4)n3)cc2)C(C)(C)C)cc1,[*:1]c1ccc(Nc2ncc(Br)c(NCCCN(C)C(=O)C3CCC3)n2)cc1,[*:2]CC(=O)NC(C(=O)N1CC(O)CC1C(=O)NCc1ccc(-c2scnc2C)cc1)C(C)(C)C,[*:1]OCCOCCOCCO[*:2]
Cc1ncsc1-c1ccc(CNC(=O)C2CC(O)CN2C(=O)C(NC(=O)COCCCOCCCCCOc2ccc(Nc3ncc(Br)c(NCCCN(C)C(=O)C4CCC4)n3)cc2)C(C)(C)C)cc1,[*:1]c1ccc(Nc2ncc(Br)c(NCCCN(C)C(=O)C3CCC3)n2)cc1,[*:2]CC(=O)NC(C(=O)N1CC(O)CC1C(=O)NCc1ccc(-c2scnc2C)cc1)C(C)(C)C,[*:1]OCCCCCOCCCO[*:2]
Cc1ncsc1-c1ccc(CNC(=O)C2CC(O)CN2C(=O)C(NC(=O)COCCOCCOCCCCOc2ccc(Nc3ncc(Br)c(NCCCN(C)C(=O)C4CCC4)n3)cc2)C(C)(C)C)cc1,[*:1]c1ccc(Nc2ncc(Br)c(NCCCN(C)C(=O)C3CCC3)n2)cc1,[*:2]CC(=O)NC(C(=O)N1CC(O)CC1C(=O)NCc1ccc(-c2scnc2C)cc1)C(C)(C)C,[*:1]OCCCCOCCOCCO[*:2]
Cc1ncsc1-c1ccc(CNC(=O)C2CC(O)CN2C(=O)C(NC(=O)COCCOCCOCCOCCOc2ccc(Nc3ncc(Br)c(NCCCN(C)C(=O)C4CCC4)n3)cc2)C(C)(C)C)cc1,[*:1]c1ccc(Nc2ncc(Br)c(NCCCN(C)C(=O)C3CCC3)n2)cc1,[*:2]CC(=O)NC(C(=O)N1CC(O)CC1C(=O)NCc1ccc(-c2scnc2C)cc1)C(C)(C)C,[*:1]OCCOCCOCCOCCO[*:2]
Cc1ncsc1-c1ccc(CNC(=O)C2CC(O)CN2C(=O)C(NC(=O)COCCCOCCCCOCCCOc2ccc(Nc3ncc(Br)c(NCCCN(C)C(=O)C4CCC4)n3)cc2)C(C)(C)C)cc1,[*:1]c1ccc(Nc2ncc(Br)c(NCCCN(C)C(=O)C3CCC3)n2)cc1,[*:2]CC(=O)NC(C(=O)N1CC(O)CC1C(=O)NCc1ccc(-c2scnc2C)cc1)C(C)(C)C,[*:1]OCCCOCCCCOCCCO[*:2]
Cc1ncsc1-c1ccc(CNC(=O)C2CC(O)CN2C(=O)C(NC(=O)CCCCCOCCCCOCCCCOc2ccc(Nc3ncc(Br)c(NCCCN(C)C(=O)C4CCC4)n3)cc2)C(C)(C)C)cc1,[*:1]c1ccc(Nc2ncc(Br)c(NCCCN(C)C(=O)C3CCC3)n2)cc1,[*:2]CC(=O)NC(C(=O)N1CC(O)CC1C(=O)NCc1ccc(-c2scnc2C)cc1)C(C)(C)C,[*:1]OCCCCOCCCCOCCCC[*:2]
Cc1ncsc1-c1ccc(CNC(=O)C2CC(O)CN2C(=O)C(NC(=O)COCCOCCOCCOCCOCCOc2ccc(Nc3ncc(Br)c(NCCCN(C)C(=O)C4CCC4)n3)cc2)C(C)(C)C)cc1,[*:1]c1ccc(Nc2ncc(Br)c(NCCCN(C)C(=O)C3CCC3)n2)cc1,[*:2]CC(=O)NC(C(=O)N1CC(O)CC1C(=O)NCc1ccc(-c2scnc2C)cc1)C(C)(C)C,[*:1]OCCOCCOCCOCCOCCO[*:2]
Cc1ncsc1-c1ccc(CNC(=O)C2CC(O)CN2C(=O)C(NC(=O)COCCOCCCCOCCCCOCCOc2ccc(Nc3ncc(Br)c(NCCCN(C)C(=O)C4CCC4)n3)cc2)C(C)(C)C)cc1,[*:1]c1ccc(Nc2ncc(Br)c(NCCCN(C)C(=O)C3CCC3)n2)cc1,[*:2]CC(=O)NC(C(=O)N1CC(O)CC1C(=O)NCc1ccc(-c2scnc2C)cc1)C(C)(C)C,[*:1]OCCOCCCCOCCCCOCCO[*:2]
Cc1ncsc1-c1ccc(CNC(=O)C2CC(O)CN2C(=O)C(NC(=O)CCOCCCOCCCOCCCOCCCOc2ccc(Nc3ncc(Br)c(NCCCN(C)C(=O)C4CCC4)n3)cc2)C(C)(C)C)cc1,[*:1]c1ccc(Nc2ncc(Br)c(NCCCN(C)C(=O)C3CCC3)n2)cc1,[*:2]CC(=O)NC(C(=O)N1CC(O)CC1C(=O)NCc1ccc(-c2scnc2C)cc1)C(C)(C)C,[*:1]OCCCOCCCOCCCOCCCOC[*:2]
Cc1ncsc1-c1ccc(CNC(=O)C2CC(O)CN2C(=O)C(NC(=O)COCCOCCOCCOCCOCCOCCOc2ccc(Nc3ncc(Br)c(NCCCN(C)C(=O)C4CCC4)n3)cc2)C(C)(C)C)cc1,[*:1]c1ccc(Nc2ncc(Br)c(NCCCN(C)C(=O)C3CCC3)n2)cc1,[*:2]CC(=O)NC(C(=O)N1CC(O)CC1C(=O)NCc1ccc(-c2scnc2C)cc1)C(C)(C)C,[*:1]OCCOCCOCCOCCOCCOCCO[*:2]
Cc1ncsc1-c1ccc(CNC(=O)C2CC(O)CN2C(=O)C(NC(=O)COCCOCCCCOCCCCOCCOCCOc2ccc(Nc3ncc(Br)c(NCCCN(C)C(=O)C4CCC4)n3)cc2)C(C)(C)C)cc1,[*:1]c1ccc(Nc2ncc(Br)c(NCCCN(C)C(=O)C3CCC3)n2)cc1,[*:2]CC(=O)NC(C(=O)N1CC(O)CC1C(=O)NCc1ccc(-c2scnc2C)cc1)C(C)(C)C,[*:1]OCCOCCOCCCCOCCCCOCCO[*:2]
Cc1ncsc1-c1ccc(CNC(=O)C2CC(O)CN2C(=O)C(NC(=O)COCCCCCOCCCCOCCCCOCCCCOCCCCCOc2ccc(Nc3ncc(Br)c(NCCCN(C)C(=O)C4CCC4)n3)cc2)C(C)(C)C)cc1,[*:1]c1ccc(Nc2ncc(Br)c(NCCCN(C)C(=O)C3CCC3)n2)cc1,[*:2]CC(=O)NC(C(=O)N1CC(O)CC1C(=O)NCc1ccc(-c2scnc2C)cc1)C(C)(C)C,[*:1]OCCCCCOCCCCOCCCCOCCCCOCCCCCO[*:2]
Cc1ncsc1-c1ccc(CNC(=O)C2CC(O)CN2C(=O)C(NC(=O)COCCCOCCCCOCCCOc2ccc(Nc3nccc(NCCCN(C)C(=O)C4CCC4)n3)cc2)C(C)(C)C)cc1,[*:1]c1ccc(Nc2nccc(NCCCN(C)C(=O)C3CCC3)n2)cc1,[*:2]CC(=O)NC(C(=O)N1CC(O)CC1C(=O)NCc1ccc(-c2scnc2C)cc1)C(C)(C)C,[*:1]OCCCOCCCCOCCCO[*:2]
Cc1ncsc1-c1ccc(CNC(=O)C2CC(O)CN2C(=O)C(NC(=O)COCCCOCCCCOCCCOc2ccc(Nc3ncc(F)c(NCCCN(C)C(=O)C4CCC4)n3)cc2)C(C)(C)C)cc1,[*:1]c1ccc(Nc2ncc(F)c(NCCCN(C)C(=O)C3CCC3)n2)cc1,[*:2]CC(=O)NC(C(=O)N1CC(O)CC1C(=O)NCc1ccc(-c2scnc2C)cc1)C(C)(C)C,[*:1]OCCCOCCCCOCCCO[*:2]
Cc1ncsc1-c1ccc(CNC(=O)C2CC(O)CN2C(=O)C(NC(=O)COCCCOCCCCOCCCOc2ccc(Nc3ncc(Cl)c(NCCCN(C)C(=O)C4CCC4)n3)cc2)C(C)(C)C)cc1,[*:1]c1ccc(Nc2ncc(Cl)c(NCCCN(C)C(=O)C3CCC3)n2)cc1,[*:2]CC(=O)NC(C(=O)N1CC(O)CC1C(=O)NCc1ccc(-c2scnc2C)cc1)C(C)(C)C,[*:1]OCCCOCCCCOCCCO[*:2]
Cc1ncsc1-c1ccc(CNC(=O)C2CC(O)CN2C(=O)C(NC(=O)COCCCOCCCCOCCCOc2ccc(Nc3ncc(I)c(NCCCN(C)C(=O)C4CCC4)n3)cc2)C(C)(C)C)cc1,[*:1]c1ccc(Nc2ncc(I)c(NCCCN(C)C(=O)C3CCC3)n2)cc1,[*:2]CC(=O)NC(C(=O)N1CC(O)CC1C(=O)NCc1ccc(-c2scnc2C)cc1)C(C)(C)C,[*:1]OCCCOCCCCOCCCO[*:2]
Cc1ncsc1-c1ccc(CNC(=O)C2CC(O)CN2C(=O)C(NC(=O)COCCCOCCCCOCCCOc2ccc(Nc3ncc(C(F)(F)F)c(NCCCN(C)C(=O)C4CCC4)n3)cc2)C(C)(C)C)cc1,[*:1]c1ccc(Nc2ncc(C(F)(F)F)c(NCCCN(C)C(=O)C3CCC3)n2)cc1,[*:2]CC(=O)NC(C(=O)N1CC(O)CC1C(=O)NCc1ccc(-c2scnc2C)cc1)C(C)(C)C,[*:1]OCCCOCCCCOCCCO[*:2]
Cc1cnc(Nc2ccc(OCCCOCCCCOCCCOCC(=O)NC(C(=O)N3CC(O)CC3C(=O)NCc3ccc(-c4scnc4C)cc3)C(C)(C)C)cc2)nc1NCCCN(C)C(=O)C1CCC1,[*:1]c1ccc(Nc2ncc(C)c(NCCCN(C)C(=O)C3CCC3)n2)cc1,[*:2]CC(=O)NC(C(=O)N1CC(O)CC1C(=O)NCc1ccc(-c2scnc2C)cc1)C(C)(C)C,[*:1]OCCCOCCCCOCCCO[*:2]
CCc1cnc(Nc2ccc(OCCCOCCCCOCCCOCC(=O)NC(C(=O)N3CC(O)CC3C(=O)NCc3ccc(-c4scnc4C)cc3)C(C)(C)C)cc2)nc1NCCCN(C)C(=O)C1CCC1,[*:1]c1ccc(Nc2ncc(CC)c(NCCCN(C)C(=O)C3CCC3)n2)cc1,[*:2]CC(=O)NC(C(=O)N1CC(O)CC1C(=O)NCc1ccc(-c2scnc2C)cc1)C(C)(C)C,[*:1]OCCCOCCCCOCCCO[*:2]
Cc1ncsc1-c1ccc(CNC(=O)C2CC(O)CN2C(=O)C(NC(=O)COCCCOCCCCOCCCOc2ccc(Nc3ncc(C4CCC4)c(NCCCN(C)C(=O)C4CCC4)n3)cc2)C(C)(C)C)cc1,[*:1]c1ccc(Nc2ncc(C3CCC3)c(NCCCN(C)C(=O)C3CCC3)n2)cc1,[*:2]CC(=O)NC(C(=O)N1CC(O)CC1C(=O)NCc1ccc(-c2scnc2C)cc1)C(C)(C)C,[*:1]OCCCOCCCCOCCCO[*:2]
C=Cc1cnc(Nc2ccc(OCCCOCCCCOCCCOCC(=O)NC(C(=O)N3CC(O)CC3C(=O)NCc3ccc(-c4scnc4C)cc3)C(C)(C)C)cc2)nc1NCCCN(C)C(=O)C1CCC1,[*:1]c1ccc(Nc2ncc(C=C)c(NCCCN(C)C(=O)C3CCC3)n2)cc1,[*:2]CC(=O)NC(C(=O)N1CC(O)CC1C(=O)NCc1ccc(-c2scnc2C)cc1)C(C)(C)C,[*:1]OCCCOCCCCOCCCO[*:2]
Cc1ncsc1-c1ccc(CNC(=O)C2CC(O)CN2C(=O)C(NC(=O)COCCCOCCCCOCCCOc2ccc(Nc3ncc(C4CC4)c(NCCCN(C)C(=O)C4CCC4)n3)cc2)C(C)(C)C)cc1,[*:1]c1ccc(Nc2ncc(C3CC3)c(NCCCN(C)C(=O)C3CCC3)n2)cc1,[*:2]CC(=O)NC(C(=O)N1CC(O)CC1C(=O)NCc1ccc(-c2scnc2C)cc1)C(C)(C)C,[*:1]OCCCOCCCCOCCCO[*:2]
Cc1ncsc1-c1ccc(CNC(=O)C2CC(O)CN2C(=O)CNC(=O)COCCCOCCCCOCCCOc2ccc(Nc3ncc(Br)c(NCCCN(C)C(=O)C4CCC4)n3)cc2)cc1,[*:1]c1ccc(Nc2ncc(Br)c(NCCCN(C)C(=O)C3CCC3)n2)cc1,[*:2]NCC(=O)N1CC(O)CC1C(=O)NCc1ccc(-c2scnc2C)cc1,[*:1]OCCCOCCCCOCCCOCC([*:2])=O
Cc1ncsc1-c1ccc(CNC(=O)C2CC(O)CN2C(=O)C(C)NC(=O)COCCCOCCCCOCCCOc2ccc(Nc3ncc(Br)c(NCCCN(C)C(=O)C4CCC4)n3)cc2)cc1,[*:1]c1ccc(Nc2ncc(Br)c(NCCCN(C)C(=O)C3CCC3)n2)cc1,[*:2]NC(C)C(=O)N1CC(O)CC1C(=O)NCc1ccc(-c2scnc2C)cc1,[*:1]OCCCOCCCCOCCCOCC([*:2])=O
CCC(NC(=O)COCCCOCCCCOCCCOc1ccc(Nc2ncc(Br)c(NCCCN(C)C(=O)C3CCC3)n2)cc1)C(=O)N1CC(O)CC1C(=O)NCc1ccc(-c2scnc2C)cc1,[*:1]c1ccc(Nc2ncc(Br)c(NCCCN(C)C(=O)C3CCC3)n2)cc1,[*:2]NC(CC)C(=O)N1CC(O)CC1C(=O)NCc1ccc(-c2scnc2C)cc1,[*:1]OCCCOCCCCOCCCOCC([*:2])=O
CCCC(NC(=O)COCCCOCCCCOCCCOc1ccc(Nc2ncc(Br)c(NCCCN(C)C(=O)C3CCC3)n2)cc1)C(=O)N1CC(O)CC1C(=O)NCc1ccc(-c2scnc2C)cc1,[*:1]c1ccc(Nc2ncc(Br)c(NCCCN(C)C(=O)C3CCC3)n2)cc1,[*:2]NC(CCC)C(=O)N1CC(O)CC1C(=O)NCc1ccc(-c2scnc2C)cc1,[*:1]OCCCOCCCCOCCCOCC([*:2])=O
Cc1ncsc1-c1ccc(CNC(=O)C2CC(O)CN2C(=O)C(NC(=O)COCCCOCCCCOCCCOc2ccc(Nc3ncc(Br)c(NCCCN(C)C(=O)C4CCC4)n3)cc2)C(C)C)cc1,[*:1]c1ccc(Nc2ncc(Br)c(NCCCN(C)C(=O)C3CCC3)n2)cc1,[*:2]CC(=O)NC(C(=O)N1CC(O)CC1C(=O)NCc1ccc(-c2scnc2C)cc1)C(C)C,[*:1]OCCCOCCCCOCCCO[*:2]
Cc1ncsc1-c1ccc(CNC(=O)C2CC(O)CN2C(=O)C(NC(=O)COCCOCCOCCOCCOc2cc3nccc(Nc4ccc5scnc5c4)c3cc2S(=O)(=O)C(C)(C)C)C(C)(C)C)cc1,[*:1]COc1cc2nccc(Nc3ccc4scnc4c3)c2cc1S(=O)(=O)C(C)(C)C,[*:2]CC(=O)NC(C(=O)N1CC(O)CC1C(=O)NCc1ccc(-c2scnc2C)cc1)C(C)(C)C,[*:1]COCCOCCOCCO[*:2]
COc1cc(C=C2SC(=O)N(CCOCCC(=O)NC(C(=O)N3CC(O)CC3C(=O)NCc3ccc(-c4scnc4C)cc3)C(C)(C)C)C2=O)ccc1Oc1ccc(C#N)cc1C(F)(F)F,[*:1]CN1C(=O)SC(=Cc2ccc(Oc3ccc(C#N)cc3C(F)(F)F)c(OC)c2)C1=O,[*:2]CC(=O)NC(C(=O)N1CC(O)CC1C(=O)NCc1ccc(-c2scnc2C)cc1)C(C)(C)C,[*:1]COC[*:2]
Cc1sc2c(c1C)C(c1ccc(Cl)cc1)=NC(CC(=O)NCCCCNC(=O)COc1cccc3c1C(=O)N(C1CCC(=O)NC1=O)C3=O)c1nnc(C)n1-2,[*:1]NC(=O)CC1N=C(c2ccc(Cl)cc2)c2c(sc(C)c2C)-n2c(C)nnc21,[*:2]c1cccc2c1C(=O)N(C1CCC(=O)NC1=O)C2=O,[*:1]CCCCNC(=O)CO[*:2]
CCC(C)(C)C(=O)C(=O)N1CCCCC1C(=O)OC(CCc1ccc(OC)c(OC)c1)c1cccc(NC(=O)CCC(=O)NCCCCNC(=O)COc2cccc3c2C(=O)N(C2CCC(=O)NC2=O)C3=O)c1,[*:1]Nc1cccc(C(CCc2ccc(OC)c(OC)c2)OC(=O)C2CCCCN2C(=O)C(=O)C(C)(C)CC)c1,[*:2]c1cccc2c1C(=O)N(C1CCC(=O)NC1=O)C2=O,[*:1]C(=O)CCC(=O)NCCCCNC(=O)CO[*:2]
CCC(C)(C)C(=O)C(=O)N1CCCCC1C(=O)OC(CCc1ccc(OC)c(OC)c1)c1cccc(NC(=O)CCC(=O)NCCCOCCOCCOCCCNC(=O)COc2cccc3c2C(=O)N(C2CCC(=O)NC2=O)C3=O)c1,[*:1]Nc1cccc(C(CCc2ccc(OC)c(OC)c2)OC(=O)C2CCCCN2C(=O)C(=O)C(C)(C)CC)c1,[*:2]c1cccc2c1C(=O)N(C1CCC(=O)NC1=O)C2=O,[*:1]C(=O)CCC(=O)NCCCOCCOCCOCCCNC(=O)CO[*:2]
Cc1ccc(NC(=O)c2ccc(CN3CCN(CCCCCCOCCOCCOCCCCCC(=O)NC(C(=O)N4CC(O)CC4C(=O)NCc4ccc(-c5scnc5C)cc4)C(C)(C)C)CC3)cc2)cc1Nc1nccc(-c2cccnc2)n1,[*:1]CN1CCN(Cc2ccc(C(=O)Nc3ccc(C)c(Nc4nccc(-c5cccnc5)n4)c3)cc2)CC1,[*:2]CC(=O)NC(C(=O)N1CC(O)CC1C(=O)NCc1ccc(-c2scnc2C)cc1)C(C)(C)C,[*:1]CCCCCOCCOCCOCCCC[*:2]
Cc1ccc(NC(=O)c2ccc(CN3CCN(CCCCCCOCCOCC(=O)NC(C(=O)N4CC(O)CC4C(=O)NCc4ccc(-c5scnc5C)cc4)C(C)(C)C)CC3)cc2)cc1Nc1nccc(-c2cccnc2)n1,[*:1]CN1CCN(Cc2ccc(C(=O)Nc3ccc(C)c(Nc4nccc(-c5cccnc5)n4)c3)cc2)CC1,[*:2]CC(=O)NC(C(=O)N1CC(O)CC1C(=O)NCc1ccc(-c2scnc2C)cc1)C(C)(C)C,[*:1]CCCCCOCCO[*:2]
Cc1ccc(NC(=O)c2ccc(CN3CCN(CCCCCCOCCOCCOCCOCCOCCOCC(=O)NC(C(=O)N4CC(O)CC4C(=O)NCc4ccc(-c5scnc5C)cc4)C(C)(C)C)CC3)cc2)cc1Nc1nccc(-c2cccnc2)n1,[*:1]CN1CCN(Cc2ccc(C(=O)Nc3ccc(C)c(Nc4nccc(-c5cccnc5)n4)c3)cc2)CC1,[*:2]CC(=O)NC(C(=O)N1CC(O)CC1C(=O)NCc1ccc(-c2scnc2C)cc1)C(C)(C)C,[*:1]CCCCCOCCOCCOCCOCCOCCO[*:2]
Cc1ccc(NC(=O)c2ccc(CN3CCN(CCCCCCOCCCCCOCCCCCC(=O)NC(C(=O)N4CC(O)CC4C(=O)NCc4ccc(-c5scnc5C)cc4)C(C)(C)C)CC3)cc2)cc1Nc1nccc(-c2cccnc2)n1,[*:1]CN1CCN(Cc2ccc(C(=O)Nc3ccc(C)c(Nc4nccc(-c5cccnc5)n4)c3)cc2)CC1,[*:2]CC(=O)NC(C(=O)N1CC(O)CC1C(=O)NCc1ccc(-c2scnc2C)cc1)C(C)(C)C,[*:1]CCCCCOCCCCCOCCCC[*:2]
COc1cc(Nc2c(C#N)cnc3cc(OCCCN4CCN(CCCCCCOCCOCCOCCCCCC(=O)NC(C(=O)N5CC(O)CC5C(=O)NCc5ccc(-c6scnc6C)cc5)C(C)(C)C)CC4)c(OC)cc23)c(Cl)cc1Cl,[*:1]CN1CCN(CCCOc2cc3ncc(C#N)c(Nc4cc(OC)c(Cl)cc4Cl)c3cc2OC)CC1,[*:2]CC(=O)NC(C(=O)N1CC(O)CC1C(=O)NCc1ccc(-c2scnc2C)cc1)C(C)(C)C,[*:1]CCCCCOCCOCCOCCCC[*:2]
COc1cc(Nc2c(C#N)cnc3cc(OCCCN4CCN(CCCCCCOCCOCC(=O)NC(C(=O)N5CC(O)CC5C(=O)NCc5ccc(-c6scnc6C)cc5)C(C)(C)C)CC4)c(OC)cc23)c(Cl)cc1Cl,[*:1]CN1CCN(CCCOc2cc3ncc(C#N)c(Nc4cc(OC)c(Cl)cc4Cl)c3cc2OC)CC1,[*:2]CC(=O)NC(C(=O)N1CC(O)CC1C(=O)NCc1ccc(-c2scnc2C)cc1)C(C)(C)C,[*:1]CCCCCOCCO[*:2]
COc1cc(Nc2c(C#N)cnc3cc(OCCCN4CCN(CCCCCCOCCOCCOCCOCCOCCOCC(=O)NC(C(=O)N5CC(O)CC5C(=O)NCc5ccc(-c6scnc6C)cc5)C(C)(C)C)CC4)c(OC)cc23)c(Cl)cc1Cl,[*:1]CN1CCN(CCCOc2cc3ncc(C#N)c(Nc4cc(OC)c(Cl)cc4Cl)c3cc2OC)CC1,[*:2]CC(=O)NC(C(=O)N1CC(O)CC1C(=O)NCc1ccc(-c2scnc2C)cc1)C(C)(C)C,[*:1]CCCCCOCCOCCOCCOCCOCCO[*:2]
COc1cc(Nc2c(C#N)cnc3cc(OCCCN4CCN(CCCCCCOCCCCCOCCCCCC(=O)NC(C(=O)N5CC(O)CC5C(=O)NCc5ccc(-c6scnc6C)cc5)C(C)(C)C)CC4)c(OC)cc23)c(Cl)cc1Cl,[*:1]CN1CCN(CCCOc2cc3ncc(C#N)c(Nc4cc(OC)c(Cl)cc4Cl)c3cc2OC)CC1,[*:2]CC(=O)NC(C(=O)N1CC(O)CC1C(=O)NCc1ccc(-c2scnc2C)cc1)C(C)(C)C,[*:1]CCCCCOCCCCCOCCCC[*:2]
COc1ccc(-c2cn(C)c(=O)c3cc(C(=N)NC4CCS(=O)(=O)CC4)sc23)cc1OCC(=O)NCCOCCOCCOCCNC(C(=O)N1CC(O)CC1C(=O)NCc1ccc(-c2scnc2C)cc1)C(C)(C)C,[*:1]COc1cc(-c2cn(C)c(=O)c3cc(C(=N)NC4CCS(=O)(=O)CC4)sc23)ccc1OC,[*:2]NC(C(=O)N1CC(O)CC1C(=O)NCc1ccc(-c2scnc2C)cc1)C(C)(C)C,[*:1]C(=O)NCCOCCOCCOCC[*:2]
COc1ccc(-c2cn(C)c(=O)c3cc(C(=N)NC4CCS(=O)(=O)CC4)sc23)cc1OCC(=O)NCCOCCOCCNC(C(=O)N1CC(O)CC1C(=O)NCc1ccc(-c2scnc2C)cc1)C(C)(C)C,[*:1]COc1cc(-c2cn(C)c(=O)c3cc(C(=N)NC4CCS(=O)(=O)CC4)sc23)ccc1OC,[*:2]NC(C(=O)N1CC(O)CC1C(=O)NCc1ccc(-c2scnc2C)cc1)C(C)(C)C,[*:1]C(=O)NCCOCCOCC[*:2]
COc1cc(-c2cn(C)c(=O)c3cnccc23)cc(OC)c1CN(C)CC(=O)NCCOCCOCCOCC(=O)NC(C(=O)N1CC(O)CC1C(=O)NCc1ccc(-c2scnc2C)cc1)C(C)(C)C,[*:1]CN(C)Cc1c(OC)cc(-c2cn(C)c(=O)c3cnccc23)cc1OC,[*:2]CC(=O)NC(C(=O)N1CC(O)CC1C(=O)NCc1ccc(-c2scnc2C)cc1)C(C)(C)C,[*:1]C(=O)NCCOCCOCCO[*:2]
Cc1ncsc1-c1ccc(CNC(=O)C2CC(O)CN2C(=O)C(NC(=O)C2(F)CC2)C(C)(C)C)c(OCCOCCOCCN2CCN(c3cc(-c4ccccc4O)nnc3N)CC2)c1,[*:1]N1CCN(c2cc(-c3ccccc3O)nnc2N)CC1,[*:2]Oc1cc(-c2scnc2C)ccc1CNC(=O)C1CC(O)CN1C(=O)C(NC(=O)C1(F)CC1)C(C)(C)C,[*:1]CCOCCOCC[*:2]
Cc1ncsc1-c1ccc(CNC(=O)C2CC(O)CN2C(=O)C(NC(=O)C2(F)CC2)C(C)(C)C)c(OCCc2ccc(CN3CCN(c4cc(-c5ccccc5O)nnc4N)CC3)cc2)c1,[*:1]N1CCN(c2cc(-c3ccccc3O)nnc2N)CC1,[*:2]Oc1cc(-c2scnc2C)ccc1CNC(=O)C1CC(O)CN1C(=O)C(NC(=O)C1(F)CC1)C(C)(C)C,[*:1]Cc1ccc(CC[*:2])cc1
Cc1ncsc1-c1ccc(CNC(=O)C2CC(O)CN2C(=O)C(NC(=O)C2(F)CC2)C(C)(C)C)c(OCCOc2ccc(CN3CCN(c4cc(-c5ccccc5O)nnc4N)CC3)cc2)c1,[*:1]N1CCN(c2cc(-c3ccccc3O)nnc2N)CC1,[*:2]Oc1cc(-c2scnc2C)ccc1CNC(=O)C1CC(O)CN1C(=O)C(NC(=O)C1(F)CC1)C(C)(C)C,[*:1]Cc1ccc(OCC[*:2])cc1
Cc1cc(C(C(=O)N2CC(O)CC2C(=O)NC(CC(=O)N2CCC(N3CCC(C#Cc4ccc(C(=O)NC5C(C)(C)C(Oc6ccc(C#N)c(Cl)c6)C5(C)C)cc4)CC3)CC2)c2ccc(-c3scnc3C)cc2)C(C)C)on1,[*:1]#Cc1ccc(C(=O)NC2C(C)(C)C(Oc3ccc(C#N)c(Cl)c3)C2(C)C)cc1,[*:2]C(NC(=O)C1CC(O)CN1C(=O)C(c1cc(C)no1)C(C)C)c1ccc(-c2scnc2C)cc1,[*:1]#CC1CCN(C2CCN(C(=O)C[*:2])CC2)CC1
Cc1cc(C(C(=O)N2CC(O)CC2C(=O)NC(CC(=O)N2CCC(C#Cc3ccc(C(=O)NC4C(C)(C)C(Oc5ccc(C#N)c(Cl)c5)C4(C)C)cc3)CC2)c2ccc(-c3scnc3C)cc2)C(C)C)on1,[*:1]#Cc1ccc(C(=O)NC2C(C)(C)C(Oc3ccc(C#N)c(Cl)c3)C2(C)C)cc1,[*:2]C(NC(=O)C1CC(O)CN1C(=O)C(c1cc(C)no1)C(C)C)c1ccc(-c2scnc2C)cc1,[*:1]#CC1CCN(C(=O)C[*:2])CC1
CC(=O)NC(C(=O)N1CC(O)CC1C(=O)NC(CC(=O)N1CCC(C#Cc2ccc(C(=O)NC3C(C)(C)C(Oc4ccc(C#N)c(Cl)c4)C3(C)C)cc2)CC1)c1ccccc1)C(C)C,[*:1]#Cc1ccc(C(=O)NC2C(C)(C)C(Oc3ccc(C#N)c(Cl)c3)C2(C)C)cc1,[*:2]C(=O)CC(NC(=O)C1CC(O)CN1C(=O)C(NC(C)=O)C(C)C)c1ccccc1,[*:1]#CC1CCN([*:2])CC1
Cc1sc2c(c1C)C(c1ccc(Cl)cc1)=NC(CC(=O)NCCOCCOCCNc1cccc3nnn(C4CCC(=O)NC4=O)c(=O)c13)c1nnc(C)n1-2,[*:1]NC(=O)CC1N=C(c2ccc(Cl)cc2)c2c(sc(C)c2C)-n2c(C)nnc21,[*:2]Nc1cccc2nnn(C3CCC(=O)NC3=O)c(=O)c12,[*:1]CCOCCOCC[*:2]
Cc1sc2c(c1C)C(c1ccc(Cl)cc1)=NC(CC(=O)NCCCCCCCCNc1cccc3nnn(C4CCC(=O)NC4=O)c(=O)c13)c1nnc(C)n1-2,[*:1]NC(=O)CC1N=C(c2ccc(Cl)cc2)c2c(sc(C)c2C)-n2c(C)nnc21,[*:2]Nc1cccc2nnn(C3CCC(=O)NC3=O)c(=O)c12,[*:1]CCCCCCCC[*:2]
Cc1sc2c(c1C)C(c1ccc(Cl)cc1)=NC(CC(=O)Nc1ccc(OCCOCCOCCNc3cccc4nnn(C5CCC(=O)NC5=O)c(=O)c34)cc1)c1nnc(C)n1-2,[*:1]Oc1ccc(NC(=O)CC2N=C(c3ccc(Cl)cc3)c3c(sc(C)c3C)-n3c(C)nnc32)cc1,[*:2]Nc1cccc2nnn(C3CCC(=O)NC3=O)c(=O)c12,[*:1]CCOCCOCC[*:2]
Cc1sc2c(c1C)C(c1ccc(Cl)cc1)=NC(CC(=O)Nc1cccc(OCCOCCOCCNc3cccc4nnn(C5CCC(=O)NC5=O)c(=O)c34)c1)c1nnc(C)n1-2,[*:1]NC(=O)CC1N=C(c2ccc(Cl)cc2)c2c(sc(C)c2C)-n2c(C)nnc21,[*:2]Nc1cccc2nnn(C3CCC(=O)NC3=O)c(=O)c12,[*:1]c1cccc(OCCOCCOCC[*:2])c1
Cc1ncsc1-c1ccc(CNC(=O)C2C(F)C(O)CN2C(=O)C(NC(=O)COCCOCCOCCNC(=O)CC2N=C(c3ccc(Cl)cc3)c3c(sc(C)c3C)-n3c(C)nnc32)C(C)(C)C)cc1,[*:1]NC(=O)CC1N=C(c2ccc(Cl)cc2)c2c(sc(C)c2C)-n2c(C)nnc21,[*:2]CC(=O)NC(C(=O)N1CC(O)C(F)C1C(=O)NCc1ccc(-c2scnc2C)cc1)C(C)(C)C,[*:1]CCOCCOCCO[*:2]
O=C(CCCCCCC(=O)NN=Cc1ccc(OCCn2cc(CNc3cccc4c3C(=O)N(C3CCC(=O)NC3=O)C4=O)nn2)cc1)NO,[*:1]COc1ccc(C=NNC(=O)CCCCCCC(=O)NO)cc1,[*:2]Nc1cccc2c1C(=O)N(C1CCC(=O)NC1=O)C2=O,[*:1]Cn1cc(C[*:2])nn1
O=C(CCCCCCC(=O)NN=Cc1ccc(OCCOCCn2cc(CNc3cccc4c3C(=O)N(C3CCC(=O)NC3=O)C4=O)nn2)cc1)NO,[*:1]COc1ccc(C=NNC(=O)CCCCCCC(=O)NO)cc1,[*:2]Nc1cccc2c1C(=O)N(C1CCC(=O)NC1=O)C2=O,[*:1]COCCn1cc(C[*:2])nn1
O=C(CCCCCCC(=O)NN=Cc1ccc(OCCOCCOCCn2cc(CNc3cccc4c3C(=O)N(C3CCC(=O)NC3=O)C4=O)nn2)cc1)NO,[*:1]COc1ccc(C=NNC(=O)CCCCCCC(=O)NO)cc1,[*:2]Nc1cccc2c1C(=O)N(C1CCC(=O)NC1=O)C2=O,[*:1]COCCOCCn1cc(C[*:2])nn1
O=C(CCCCCCC(=O)NN=Cc1ccc(OCCOCCOCCOCCn2cc(CNc3cccc4c3C(=O)N(C3CCC(=O)NC3=O)C4=O)nn2)cc1)NO,[*:1]COc1ccc(C=NNC(=O)CCCCCCC(=O)NO)cc1,[*:2]Nc1cccc2c1C(=O)N(C1CCC(=O)NC1=O)C2=O,[*:1]COCCOCCOCCn1cc(C[*:2])nn1
Cc1sc2c(c1C)C(c1ccc(Cl)cc1)=NC(CC(=O)NCCn1cc(COc3cccc4c3C(=O)N(C3CCC(=O)NC3=O)C4=O)nn1)c1nnc(C)n1-2,[*:1]NC(=O)CC1N=C(c2ccc(Cl)cc2)c2c(sc(C)c2C)-n2c(C)nnc21,[*:2]c1cccc2c1C(=O)N(C1CCC(=O)NC1=O)C2=O,[*:1]CCn1cc(CO[*:2])nn1
Cc1sc2c(c1C)C(c1ccc(Cl)cc1)=NC(CC(=O)NCCn1cc(COCCOc3cccc4c3C(=O)N(C3CCC(=O)NC3=O)C4=O)nn1)c1nnc(C)n1-2,[*:1]NC(=O)CC1N=C(c2ccc(Cl)cc2)c2c(sc(C)c2C)-n2c(C)nnc21,[*:2]c1cccc2c1C(=O)N(C1CCC(=O)NC1=O)C2=O,[*:1]CCn1cc(COCCO[*:2])nn1
Cc1sc2c(c1C)C(c1ccc(Cl)cc1)=NC(CC(=O)NCCn1cc(COCCOCCOc3cccc4c3C(=O)N(C3CCC(=O)NC3=O)C4=O)nn1)c1nnc(C)n1-2,[*:1]NC(=O)CC1N=C(c2ccc(Cl)cc2)c2c(sc(C)c2C)-n2c(C)nnc21,[*:2]c1cccc2c1C(=O)N(C1CCC(=O)NC1=O)C2=O,[*:1]CCn1cc(COCCOCCO[*:2])nn1
Cc1sc2c(c1C)C(c1ccc(Cl)cc1)=NC(CC(=O)NCCn1cc(COCCOCCOCCOc3cccc4c3C(=O)N(C3CCC(=O)NC3=O)C4=O)nn1)c1nnc(C)n1-2,[*:1]NC(=O)CC1N=C(c2ccc(Cl)cc2)c2c(sc(C)c2C)-n2c(C)nnc21,[*:2]c1cccc2c1C(=O)N(C1CCC(=O)NC1=O)C2=O,[*:1]CCn1cc(COCCOCCOCCO[*:2])nn1
Cc1sc2c(c1C)C(c1ccc(Cl)cc1)=NC(CC(=O)NCCn1cc(COCCOCCOCCOCCOc3cccc4c3C(=O)N(C3CCC(=O)NC3=O)C4=O)nn1)c1nnc(C)n1-2,[*:1]NC(=O)CC1N=C(c2ccc(Cl)cc2)c2c(sc(C)c2C)-n2c(C)nnc21,[*:2]c1cccc2c1C(=O)N(C1CCC(=O)NC1=O)C2=O,[*:1]CCn1cc(COCCOCCOCCOCCO[*:2])nn1
Cc1ncsc1-c1ccc(CNC(=O)C2CC(O)CN2C(=O)C(NC(=O)COCc2cn(CCNC(=O)CC3N=C(c4ccc(Cl)cc4)c4c(sc(C)c4C)-n4c(C)nnc43)nn2)C(C)(C)C)cc1,[*:1]NC(=O)CC1N=C(c2ccc(Cl)cc2)c2c(sc(C)c2C)-n2c(C)nnc21,[*:2]CC(=O)NC(C(=O)N1CC(O)CC1C(=O)NCc1ccc(-c2scnc2C)cc1)C(C)(C)C,[*:1]CCn1cc(CO[*:2])nn1
Cc1ncsc1-c1ccc(CNC(=O)C2CC(O)CN2C(=O)C(NC(=O)COCCOCc2cn(CCNC(=O)CC3N=C(c4ccc(Cl)cc4)c4c(sc(C)c4C)-n4c(C)nnc43)nn2)C(C)(C)C)cc1,[*:1]NC(=O)CC1N=C(c2ccc(Cl)cc2)c2c(sc(C)c2C)-n2c(C)nnc21,[*:2]CC(=O)NC(C(=O)N1CC(O)CC1C(=O)NCc1ccc(-c2scnc2C)cc1)C(C)(C)C,[*:1]CCn1cc(COCCO[*:2])nn1
Cc1ncsc1-c1ccc(CNC(=O)C2CC(O)CN2C(=O)C(NC(=O)COCCOCCOCc2cn(CCNC(=O)CC3N=C(c4ccc(Cl)cc4)c4c(sc(C)c4C)-n4c(C)nnc43)nn2)C(C)(C)C)cc1,[*:1]NC(=O)CC1N=C(c2ccc(Cl)cc2)c2c(sc(C)c2C)-n2c(C)nnc21,[*:2]CC(=O)NC(C(=O)N1CC(O)CC1C(=O)NCc1ccc(-c2scnc2C)cc1)C(C)(C)C,[*:1]CCn1cc(COCCOCCO[*:2])nn1
Cc1ncsc1-c1ccc(CNC(=O)C2CC(O)CN2C(=O)C(NC(=O)COCCOCCOCCOCc2cn(CCNC(=O)CC3N=C(c4ccc(Cl)cc4)c4c(sc(C)c4C)-n4c(C)nnc43)nn2)C(C)(C)C)cc1,[*:1]NC(=O)CC1N=C(c2ccc(Cl)cc2)c2c(sc(C)c2C)-n2c(C)nnc21,[*:2]CC(=O)NC(C(=O)N1CC(O)CC1C(=O)NCc1ccc(-c2scnc2C)cc1)C(C)(C)C,[*:1]CCn1cc(COCCOCCOCCO[*:2])nn1
Cc1ncsc1-c1ccc(CNC(=O)C2CC(O)CN2C(=O)C(NC(=O)COCCOCCOCCOCCOCc2cn(CCNC(=O)CC3N=C(c4ccc(Cl)cc4)c4c(sc(C)c4C)-n4c(C)nnc43)nn2)C(C)(C)C)cc1,[*:1]NC(=O)CC1N=C(c2ccc(Cl)cc2)c2c(sc(C)c2C)-n2c(C)nnc21,[*:2]CC(=O)NC(C(=O)N1CC(O)CC1C(=O)NCc1ccc(-c2scnc2C)cc1)C(C)(C)C,[*:1]CCn1cc(COCCOCCOCCOCCO[*:2])nn1
Cc1ncsc1-c1ccc(CNC(=O)C2CC(O)CN2C(=O)C(NC(=O)COCCOCCOCCNC(=O)CC2N=C(c3ccc(Cl)cc3)c3c(sc(C)c3C)-n3c(C)nnc32)C(C)(C)C)cc1,[*:1]NC(=O)CC1N=C(c2ccc(Cl)cc2)c2c(sc(C)c2C)-n2c(C)nnc21,[*:2]CC(=O)NC(C(=O)N1CC(O)CC1C(=O)NCc1ccc(-c2scnc2C)cc1)C(C)(C)C,[*:1]CCOCCOCCO[*:2]
Cc1ncsc1-c1ccc(CNC(=O)C2CC(O)CN2C(=O)C(NC(=O)COCCOCCOCCOCCNC(=O)CC2N=C(c3ccc(Cl)cc3)c3c(sc(C)c3C)-n3c(C)nnc32)C(C)(C)C)cc1,[*:1]NC(=O)CC1N=C(c2ccc(Cl)cc2)c2c(sc(C)c2C)-n2c(C)nnc21,[*:2]CC(=O)NC(C(=O)N1CC(O)CC1C(=O)NCc1ccc(-c2scnc2C)cc1)C(C)(C)C,[*:1]CCOCCOCCOCCO[*:2]
Cc1ncsc1-c1ccc(CNC(=O)C2CC(O)CN2C(=O)C(NC(=O)C(Cc2ccccc2)NC(=O)COCCOCCOCCNC(=O)CC2N=C(c3ccc(Cl)cc3)c3c(sc(C)c3C)-n3c(C)nnc32)C(C)(C)C)cc1,[*:1]NC(=O)CC1N=C(c2ccc(Cl)cc2)c2c(sc(C)c2C)-n2c(C)nnc21,[*:2]CC(=O)NC(Cc1ccccc1)C(=O)NC(C(=O)N1CC(O)CC1C(=O)NCc1ccc(-c2scnc2C)cc1)C(C)(C)C,[*:1]CCOCCOCCO[*:2]
Cc1ncsc1-c1ccc(CNC(=O)C2CC(O)CN2C(=O)C(NC(=O)COCCOCCNC(=O)CC2N=C(c3ccc(Cl)cc3)c3c(sc(C)c3C)-n3c(C)nnc32)C(C)(C)C)cc1,[*:1]NC(=O)CC1N=C(c2ccc(Cl)cc2)c2c(sc(C)c2C)-n2c(C)nnc21,[*:2]CC(=O)NC(C(=O)N1CC(O)CC1C(=O)NCc1ccc(-c2scnc2C)cc1)C(C)(C)C,[*:1]CCOCCO[*:2]
CC(=O)NC(C(=O)N1CC(O)CC1C(=O)NCc1ccc(-c2scnc2C)cc1)C(C)(C)SCCCCCCNC(=O)CC1N=C(c2ccc(Cl)cc2)c2c(sc(C)c2C)-n2c(C)nnc21,[*:1]NC(=O)CC1N=C(c2ccc(Cl)cc2)c2c(sc(C)c2C)-n2c(C)nnc21,[*:2]C(C)(C)C(NC(C)=O)C(=O)N1CC(O)CC1C(=O)NCc1ccc(-c2scnc2C)cc1,[*:1]CCCCCCS[*:2]
CC(=O)NC(C(=O)N1CC(O)CC1C(=O)NCc1ccc(-c2scnc2C)cc1)C(C)(C)SCCCCNC(=O)CC1N=C(c2ccc(Cl)cc2)c2c(sc(C)c2C)-n2c(C)nnc21,[*:1]NC(=O)CC1N=C(c2ccc(Cl)cc2)c2c(sc(C)c2C)-n2c(C)nnc21,[*:2]C(C)(C)C(NC(C)=O)C(=O)N1CC(O)CC1C(=O)NCc1ccc(-c2scnc2C)cc1,[*:1]CCCCS[*:2]
CC(=O)NC(C(=O)N1CC(O)CC1C(=O)NCc1ccc(-c2scnc2C)cc1)C(C)(C)SCCOCCNC(=O)CC1N=C(c2ccc(Cl)cc2)c2c(sc(C)c2C)-n2c(C)nnc21,[*:1]NC(=O)CC1N=C(c2ccc(Cl)cc2)c2c(sc(C)c2C)-n2c(C)nnc21,[*:2]C(C)(C)C(NC(C)=O)C(=O)N1CC(O)CC1C(=O)NCc1ccc(-c2scnc2C)cc1,[*:1]CCOCCS[*:2]
CC(=O)NC(C(=O)N1CC(O)CC1C(=O)NCc1ccc(-c2scnc2C)cc1)C(C)(C)SCCCOCCCNC(=O)CC1N=C(c2ccc(Cl)cc2)c2c(sc(C)c2C)-n2c(C)nnc21,[*:1]NC(=O)CC1N=C(c2ccc(Cl)cc2)c2c(sc(C)c2C)-n2c(C)nnc21,[*:2]C(C)(C)C(NC(C)=O)C(=O)N1CC(O)CC1C(=O)NCc1ccc(-c2scnc2C)cc1,[*:1]CCCOCCCS[*:2]
CC(=O)NC(C(=O)N1CC(O)CC1C(=O)NCc1ccc(-c2scnc2C)cc1)C(C)(C)SCCCCOCCNC(=O)CC1N=C(c2ccc(Cl)cc2)c2c(sc(C)c2C)-n2c(C)nnc21,[*:1]NC(=O)CC1N=C(c2ccc(Cl)cc2)c2c(sc(C)c2C)-n2c(C)nnc21,[*:2]C(C)(C)C(NC(C)=O)C(=O)N1CC(O)CC1C(=O)NCc1ccc(-c2scnc2C)cc1,[*:1]CCOCCCCS[*:2]
CC(=O)NC(C(=O)N1CC(O)CC1C(=O)NCc1ccc(-c2scnc2C)cc1)C(C)(C)SCCOCCOCCNC(=O)CC1N=C(c2ccc(Cl)cc2)c2c(sc(C)c2C)-n2c(C)nnc21,[*:1]NC(=O)CC1N=C(c2ccc(Cl)cc2)c2c(sc(C)c2C)-n2c(C)nnc21,[*:2]C(C)(C)C(NC(C)=O)C(=O)N1CC(O)CC1C(=O)NCc1ccc(-c2scnc2C)cc1,[*:1]CCOCCOCCS[*:2]
Cc1nc(CCC(=O)NCCCCC(=O)NC(C(=O)N2CC(O)CC2C(=O)NCc2ccc(-c3scnc3C)cc2)C(C)(C)C)ccc1-c1cnc(NCc2c(F)ccc3c2CCO3)n2cnnc12,[*:1]CNC(=O)CCc1ccc(-c2cnc(NCc3c(F)ccc4c3CCO4)n3cnnc23)c(C)n1,[*:2]CC(=O)NC(C(=O)N1CC(O)CC1C(=O)NCc1ccc(-c2scnc2C)cc1)C(C)(C)C,[*:1]CC[*:2]
Cc1nc(CCC(=O)NCCOc2ccc(OCC(=O)NC(C(=O)N3CC(O)CC3C(=O)NCc3ccc(-c4scnc4C)cc3)C(C)(C)C)cc2)ccc1-c1cnc(NCc2c(F)ccc3c2CCO3)n2cnnc12,[*:1]CNC(=O)CCc1ccc(-c2cnc(NCc3c(F)ccc4c3CCO4)n3cnnc23)c(C)n1,[*:2]CC(=O)NC(C(=O)N1CC(O)CC1C(=O)NCc1ccc(-c2scnc2C)cc1)C(C)(C)C,[*:1]COc1ccc(O[*:2])cc1
Cc1sc2c(c1C)C(c1ccc(Cl)cc1)=NC(CC(=O)Nc1ccc(OCCOCCOCCOCCNc3cccc4c3C(=O)N(C3CCC(=O)NC3=O)C4=O)cc1)c1nnc(C)n1-2,[*:1]Oc1ccc(NC(=O)CC2N=C(c3ccc(Cl)cc3)c3c(sc(C)c3C)-n3c(C)nnc32)cc1,[*:2]Nc1cccc2c1C(=O)N(C1CCC(=O)NC1=O)C2=O,[*:1]CCOCCOCCOCC[*:2]
Nc1ncnc2c1c(-c1ccc(Oc3ccccc3)cc1)nn2C1CCCN(C(=O)c2cn(CCOCCOCCOCCNc3cccc4c3C(=O)N(C3CCC(=O)NC3=O)C4=O)nn2)C1,[*:1]N1CCCC(n2nc(-c3ccc(Oc4ccccc4)cc3)c3c(N)ncnc32)C1,[*:2]Nc1cccc2c1C(=O)N(C1CCC(=O)NC1=O)C2=O,[*:1]C(=O)c1cn(CCOCCOCCOCC[*:2])nn1
NC(=O)c1c(-c2ccc(Oc3ccc(F)cc3F)cc2)nn(C2CCCN(C(=O)COCCNc3cccc4c3C(=O)N(C3CCC(=O)NC3=O)C4=O)C2)c1N,[*:1]CC(=O)N1CCCC(n2nc(-c3ccc(Oc4ccc(F)cc4F)cc3)c(C(N)=O)c2N)C1,[*:2]Nc1cccc2c1C(=O)N(C1CCC(=O)NC1=O)C2=O,[*:1]OCC[*:2]
NC(=O)c1c(-c2ccc(Oc3ccc(F)cc3F)cc2)nn(C2CCCN(C(=O)COCCOCCNc3cccc4c3C(=O)N(C3CCC(=O)NC3=O)C4=O)C2)c1N,[*:1]CC(=O)N1CCCC(n2nc(-c3ccc(Oc4ccc(F)cc4F)cc3)c(C(N)=O)c2N)C1,[*:2]Nc1cccc2c1C(=O)N(C1CCC(=O)NC1=O)C2=O,[*:1]OCCOCC[*:2]
NC(=O)c1c(-c2ccc(Oc3ccc(F)cc3F)cc2)nn(C2CCCN(C(=O)COCCOCCOCCOCCNc3cccc4c3C(=O)N(C3CCC(=O)NC3=O)C4=O)C2)c1N,[*:1]CC(=O)N1CCCC(n2nc(-c3ccc(Oc4ccc(F)cc4F)cc3)c(C(N)=O)c2N)C1,[*:2]Nc1cccc2c1C(=O)N(C1CCC(=O)NC1=O)C2=O,[*:1]OCCOCCOCCOCC[*:2]
NC(=O)c1c(-c2ccc(Oc3ccc(F)cc3F)cc2)nn(C2CCCN(C(=O)COCCOCCOCCOCCOCCNc3cccc4c3C(=O)N(C3CCC(=O)NC3=O)C4=O)C2)c1N,[*:1]CC(=O)N1CCCC(n2nc(-c3ccc(Oc4ccc(F)cc4F)cc3)c(C(N)=O)c2N)C1,[*:2]Nc1cccc2c1C(=O)N(C1CCC(=O)NC1=O)C2=O,[*:1]OCCOCCOCCOCCOCC[*:2]
NC(=O)c1c(-c2ccc(Oc3ccc(F)cc3F)cc2)nn(C2CCCN(C(=O)COCCOCCOCCOCCOCCOCCNc3cccc4c3C(=O)N(C3CCC(=O)NC3=O)C4=O)C2)c1N,[*:1]CC(=O)N1CCCC(n2nc(-c3ccc(Oc4ccc(F)cc4F)cc3)c(C(N)=O)c2N)C1,[*:2]Nc1cccc2c1C(=O)N(C1CCC(=O)NC1=O)C2=O,[*:1]OCCOCCOCCOCCOCCOCC[*:2]
Cc1nc[nH]c1-c1ccc(CNC(=O)C2CC(O)CN2C(=O)C(NC(=O)CCOCCOCCOCCOCCOCCC(=O)N2CCCC(n3nc(-c4ccc(Oc5ccc(F)cc5F)cc4)c(C(N)=O)c3N)C2)C(C)(C)C)cc1,[*:1]CC(=O)N1CCCC(n2nc(-c3ccc(Oc4ccc(F)cc4F)cc3)c(C(N)=O)c2N)C1,[*:2]CC(=O)NC(C(=O)N1CC(O)CC1C(=O)NCc1ccc(-c2[nH]cnc2C)cc1)C(C)(C)C,[*:1]COCCOCCOCCOCCOC[*:2]
Cc1nc[nH]c1-c1ccc(CNC(=O)C2CC(O)CN2C(=O)C(NC(=O)CCOCCOCCOCCOCCOCCOCCC(=O)N2CCCC(n3nc(-c4ccc(Oc5ccc(F)cc5F)cc4)c(C(N)=O)c3N)C2)C(C)(C)C)cc1,[*:1]CC(=O)N1CCCC(n2nc(-c3ccc(Oc4ccc(F)cc4F)cc3)c(C(N)=O)c2N)C1,[*:2]CC(=O)NC(C(=O)N1CC(O)CC1C(=O)NCc1ccc(-c2[nH]cnc2C)cc1)C(C)(C)C,[*:1]COCCOCCOCCOCCOCCOC[*:2]
C=CC(=O)N1CC(n2nc(-c3ccc(Oc4ccccc4)cc3)c3c(N)ncnc32)CC1C(=O)OCCOCCOCC(=O)Nc1cccc2c1C(=O)N(C1CCC(=O)NC1=O)C2=O,[*:1]OC(=O)C1CC(n2nc(-c3ccc(Oc4ccccc4)cc3)c3c(N)ncnc32)CN1C(=O)C=C,[*:2]Nc1cccc2c1C(=O)N(C1CCC(=O)NC1=O)C2=O,[*:1]CCOCCOCC([*:2])=O
C=CC(=O)N1CC(n2nc(-c3ccc(Oc4ccccc4)cc3)c3c(N)ncnc32)CC1C(=O)OCCOCCOCCOCC(=O)Nc1cccc2c1C(=O)N(C1CCC(=O)NC1=O)C2=O,[*:1]OC(=O)C1CC(n2nc(-c3ccc(Oc4ccccc4)cc3)c3c(N)ncnc32)CN1C(=O)C=C,[*:2]Nc1cccc2c1C(=O)N(C1CCC(=O)NC1=O)C2=O,[*:1]CCOCCOCCOCC([*:2])=O
C=CC(=O)N1CC(n2nc(-c3ccc(Oc4ccccc4)cc3)c3c(N)ncnc32)CC1C(=O)OCCOCCOCCOCCOCC(=O)Nc1cccc2c1C(=O)N(C1CCC(=O)NC1=O)C2=O,[*:1]OC(=O)C1CC(n2nc(-c3ccc(Oc4ccccc4)cc3)c3c(N)ncnc32)CN1C(=O)C=C,[*:2]Nc1cccc2c1C(=O)N(C1CCC(=O)NC1=O)C2=O,[*:1]CCOCCOCCOCCOCC([*:2])=O
C=CC(=O)N1CC(n2nc(-c3ccc(Oc4ccccc4)cc3)c3c(N)ncnc32)CC1C(=O)OCCOCCOCCOCCOCCOCC(=O)Nc1cccc2c1C(=O)N(C1CCC(=O)NC1=O)C2=O,[*:1]OC(=O)C1CC(n2nc(-c3ccc(Oc4ccccc4)cc3)c3c(N)ncnc32)CN1C(=O)C=C,[*:2]Nc1cccc2c1C(=O)N(C1CCC(=O)NC1=O)C2=O,[*:1]CCOCCOCCOCCOCCOCC([*:2])=O
C=CC(=O)NC(CCC(=O)OCCOCCOCC(=O)Nc1cccc2c1C(=O)N(C1CCC(=O)NC1=O)C2=O)C(=O)Nc1cccc(Nc2ncc(NC(=O)c3cc(NC(=O)c4cccc(C)c4)ccc3C)cn2)c1,[*:1]OC(=O)CCC(NC(=O)C=C)C(=O)Nc1cccc(Nc2ncc(NC(=O)c3cc(NC(=O)c4cccc(C)c4)ccc3C)cn2)c1,[*:2]Nc1cccc2c1C(=O)N(C1CCC(=O)NC1=O)C2=O,[*:1]CCOCCOCC([*:2])=O
C=CC(=O)NC(CCC(=O)OCCOCCOCCOCCOCC(=O)Nc1cccc2c1C(=O)N(C1CCC(=O)NC1=O)C2=O)C(=O)Nc1cccc(Nc2ncc(NC(=O)c3cc(NC(=O)c4cccc(C)c4)ccc3C)cn2)c1,[*:1]OC(=O)CCC(NC(=O)C=C)C(=O)Nc1cccc(Nc2ncc(NC(=O)c3cc(NC(=O)c4cccc(C)c4)ccc3C)cn2)c1,[*:2]Nc1cccc2c1C(=O)N(C1CCC(=O)NC1=O)C2=O,[*:1]CCOCCOCCOCCOCC([*:2])=O
C=CC(=O)N1CC(n2nc(-c3ccc(Oc4ccccc4)cc3)c3c(N)ncnc32)CC1C(=O)OCCOCCOCC(=O)NC(C(=O)N1CC(O)CC1C(=O)NCc1ccc(-c2scnc2C)cc1)C(C)(C)C,[*:1]OC(=O)C1CC(n2nc(-c3ccc(Oc4ccccc4)cc3)c3c(N)ncnc32)CN1C(=O)C=C,[*:2]CC(=O)NC(C(=O)N1CC(O)CC1C(=O)NCc1ccc(-c2scnc2C)cc1)C(C)(C)C,[*:1]CCOCCO[*:2]
CCC(=O)N1CC(n2nc(-c3ccc(Oc4ccccc4)cc3)c3c(N)ncnc32)CC1C(=O)OCCOCCOCC(=O)NC(C(=O)N1CC(O)CC1C(=O)NCc1ccc(-c2scnc2C)cc1)C(C)(C)C,[*:1]OC(=O)C1CC(n2nc(-c3ccc(Oc4ccccc4)cc3)c3c(N)ncnc32)CN1C(=O)CC,[*:2]CC(=O)NC(C(=O)N1CC(O)CC1C(=O)NCc1ccc(-c2scnc2C)cc1)C(C)(C)C,[*:1]CCOCCO[*:2]
COc1ccc(C2=NC(c3ccc(Cl)cc3)C(c3ccc(Cl)cc3)N2C(=O)N2CCN(CC(=O)NCCOCCn3cc(CN4CCN(c5ccc(Nc6ncc7c(C)c(C(C)=O)c(=O)n(C8CCCC8)c7n6)nc5)CC4)nn3)C(=O)C2)c(OC(C)C)c1,[*:1]N1CCN(c2ccc(Nc3ncc4c(C)c(C(C)=O)c(=O)n(C5CCCC5)c4n3)nc2)CC1,[*:2]N1CCN(C(=O)N2C(c3ccc(OC)cc3OC(C)C)=NC(c3ccc(Cl)cc3)C2c2ccc(Cl)cc2)CC1=O,[*:1]Cc1cn(CCOCCNC(=O)C[*:2])nn1
COc1ccc(C2=NC(c3ccc(Cl)cc3)C(c3ccc(Cl)cc3)N2C(=O)N2CCN(CC(=O)NCCOCCOCCn3cc(CN4CCN(c5ccc(Nc6ncc7c(C)c(C(C)=O)c(=O)n(C8CCCC8)c7n6)nc5)CC4)nn3)C(=O)C2)c(OC(C)C)c1,[*:1]N1CCN(c2ccc(Nc3ncc4c(C)c(C(C)=O)c(=O)n(C5CCCC5)c4n3)nc2)CC1,[*:2]N1CCN(C(=O)N2C(c3ccc(OC)cc3OC(C)C)=NC(c3ccc(Cl)cc3)C2c2ccc(Cl)cc2)CC1=O,[*:1]Cc1cn(CCOCCOCCNC(=O)C[*:2])nn1
COc1ccc(C2=NC(c3ccc(Cl)cc3)C(c3ccc(Cl)cc3)N2C(=O)N2CCN(CC(=O)NCCOCCOCCOCCn3cc(CN4CCN(c5ccc(Nc6ncc7c(C)c(C(C)=O)c(=O)n(C8CCCC8)c7n6)nc5)CC4)nn3)C(=O)C2)c(OC(C)C)c1,[*:1]N1CCN(c2ccc(Nc3ncc4c(C)c(C(C)=O)c(=O)n(C5CCCC5)c4n3)nc2)CC1,[*:2]N1CCN(C(=O)N2C(c3ccc(OC)cc3OC(C)C)=NC(c3ccc(Cl)cc3)C2c2ccc(Cl)cc2)CC1=O,[*:1]Cc1cn(CCOCCOCCOCCNC(=O)C[*:2])nn1
CC(=O)c1c(C)c2cnc(Nc3ccc(N4CCN(Cc5cn(CCOCCNC(=O)CCC(=O)NC(C(=O)N6CC(O)CC6C(=O)NCc6ccc(-c7scnc7C)cc6)C(C)(C)C)nn5)CC4)cn3)nc2n(C2CCCC2)c1=O,[*:1]N1CCN(c2ccc(Nc3ncc4c(C)c(C(C)=O)c(=O)n(C5CCCC5)c4n3)nc2)CC1,[*:2]CC(=O)NC(C(=O)N1CC(O)CC1C(=O)NCc1ccc(-c2scnc2C)cc1)C(C)(C)C,[*:1]Cc1cn(CCOCCNC(=O)C[*:2])nn1
CC(=O)c1c(C)c2cnc(Nc3ccc(N4CCN(Cc5cn(CCOCCOCCNC(=O)CCC(=O)NC(C(=O)N6CC(O)CC6C(=O)NCc6ccc(-c7scnc7C)cc6)C(C)(C)C)nn5)CC4)cn3)nc2n(C2CCCC2)c1=O,[*:1]N1CCN(c2ccc(Nc3ncc4c(C)c(C(C)=O)c(=O)n(C5CCCC5)c4n3)nc2)CC1,[*:2]CC(=O)NC(C(=O)N1CC(O)CC1C(=O)NCc1ccc(-c2scnc2C)cc1)C(C)(C)C,[*:1]Cc1cn(CCOCCOCCNC(=O)C[*:2])nn1
CC(=O)c1c(C)c2cnc(Nc3ccc(N4CCN(Cc5cn(CCOCCOCCOCCNC(=O)CCC(=O)NC(C(=O)N6CC(O)CC6C(=O)NCc6ccc(-c7scnc7C)cc6)C(C)(C)C)nn5)CC4)cn3)nc2n(C2CCCC2)c1=O,[*:1]N1CCN(c2ccc(Nc3ncc4c(C)c(C(C)=O)c(=O)n(C5CCCC5)c4n3)nc2)CC1,[*:2]CC(=O)NC(C(=O)N1CC(O)CC1C(=O)NCc1ccc(-c2scnc2C)cc1)C(C)(C)C,[*:1]Cc1cn(CCOCCOCCOCCNC(=O)C[*:2])nn1
CC(=O)c1c(C)c2cnc(Nc3ccc(N4CCN(Cc5cn(CCOCCOCCOCCOCCNC(=O)CCC(=O)NC(C(=O)N6CC(O)CC6C(=O)NCc6ccc(-c7scnc7C)cc6)C(C)(C)C)nn5)CC4)cn3)nc2n(C2CCCC2)c1=O,[*:1]N1CCN(c2ccc(Nc3ncc4c(C)c(C(C)=O)c(=O)n(C5CCCC5)c4n3)nc2)CC1,[*:2]CC(=O)NC(C(=O)N1CC(O)CC1C(=O)NCc1ccc(-c2scnc2C)cc1)C(C)(C)C,[*:1]Cc1cn(CCOCCOCCOCCOCCNC(=O)C[*:2])nn1
Cc1ncsc1-c1ccc(CNC(=O)C2CC(O)CN2C(=O)C(NC(=O)COCCOCCNc2cccc3c2C(=O)N(C2CCC(=O)NC2=O)C3=O)C(C)(C)C)cc1,[*:1]CC(=O)NC(C(=O)N1CC(O)CC1C(=O)NCc1ccc(-c2scnc2C)cc1)C(C)(C)C,[*:2]Nc1cccc2c1C(=O)N(C1CCC(=O)NC1=O)C2=O,[*:1]OCCOCC[*:2]
Cc1ncsc1-c1ccc(CNC(=O)C2CC(O)CN2C(=O)C(NC(=O)COCCOCCOCCNc2cccc3c2C(=O)N(C2CCC(=O)NC2=O)C3=O)C(C)(C)C)cc1,[*:1]CC(=O)NC(C(=O)N1CC(O)CC1C(=O)NCc1ccc(-c2scnc2C)cc1)C(C)(C)C,[*:2]Nc1cccc2c1C(=O)N(C1CCC(=O)NC1=O)C2=O,[*:1]OCCOCCOCC[*:2]
Cc1ncsc1-c1ccc(CNC(=O)C2CC(O)CN2C(=O)C(NC(=O)CCCCOCCOCCOCCNc2cccc3c2C(=O)N(C2CCC(=O)NC2=O)C3=O)C(C)(C)C)cc1,[*:1]CC(=O)NC(C(=O)N1CC(O)CC1C(=O)NCc1ccc(-c2scnc2C)cc1)C(C)(C)C,[*:2]Nc1cccc2c1C(=O)N(C1CCC(=O)NC1=O)C2=O,[*:1]CCCOCCOCCOCC[*:2]
Cc1ncsc1-c1ccc(CNC(=O)C2CC(O)CN2C(=O)C(NC(=O)CCCCOCCCCCOCCCCCCNc2cccc3c2C(=O)N(C2CCC(=O)NC2=O)C3=O)C(C)(C)C)cc1,[*:1]CC(=O)NC(C(=O)N1CC(O)CC1C(=O)NCc1ccc(-c2scnc2C)cc1)C(C)(C)C,[*:2]Nc1cccc2c1C(=O)N(C1CCC(=O)NC1=O)C2=O,[*:1]CCCOCCCCCOCCCCCC[*:2]
Cc1ncsc1-c1ccc(CNC(=O)C2CC(O)CN2C(=O)C(NC(=O)CCCCCOCCCCCCOCCCCCCNc2cccc3c2C(=O)N(C2CCC(=O)NC2=O)C3=O)C(C)(C)C)cc1,[*:1]CC(=O)NC(C(=O)N1CC(O)CC1C(=O)NCc1ccc(-c2scnc2C)cc1)C(C)(C)C,[*:2]Nc1cccc2c1C(=O)N(C1CCC(=O)NC1=O)C2=O,[*:1]CCCCOCCCCCCOCCCCCC[*:2]
Cc1ncsc1-c1ccc(CNC(=O)C2CC(O)CN2C(=O)C(NC(=O)CCCCCOCCCCOCCCCOCCCCNc2cccc3c2C(=O)N(C2CCC(=O)NC2=O)C3=O)C(C)(C)C)cc1,[*:1]CC(=O)NC(C(=O)N1CC(O)CC1C(=O)NCc1ccc(-c2scnc2C)cc1)C(C)(C)C,[*:2]Nc1cccc2c1C(=O)N(C1CCC(=O)NC1=O)C2=O,[*:1]CCCCOCCCCOCCCCOCCCC[*:2]
Cc1ncsc1-c1ccc(CNC(=O)C2CC(O)CN2C(=O)C(NC(=O)CCCCCOCCOCCOCCOCCOCCOCCCCCCNc2cccc3c2C(=O)N(C2CCC(=O)NC2=O)C3=O)C(C)(C)C)cc1,[*:1]CC(=O)NC(C(=O)N1CC(O)CC1C(=O)NCc1ccc(-c2scnc2C)cc1)C(C)(C)C,[*:2]Nc1cccc2c1C(=O)N(C1CCC(=O)NC1=O)C2=O,[*:1]CCCCOCCOCCOCCOCCOCCOCCCCCC[*:2]
Cc1ncsc1-c1ccc(CNC(=O)C2CC(O)CN2C(=O)C(NC(=O)CCCCCOCCCCOCCCCOCCCCOCCCCCCNc2cccc3c2C(=O)N(C2CCC(=O)NC2=O)C3=O)C(C)(C)C)cc1,[*:1]CC(=O)NC(C(=O)N1CC(O)CC1C(=O)NCc1ccc(-c2scnc2C)cc1)C(C)(C)C,[*:2]Nc1cccc2c1C(=O)N(C1CCC(=O)NC1=O)C2=O,[*:1]CCCCOCCCCOCCCCOCCCCOCCCCCC[*:2]
Nc1ncnc2c1c(-c1ccc(Oc3ccccc3)cc1)nn2C1CCCN(CC(=O)NCCOCCOCC(=O)NCCOCCOc2cccc3c2C(=O)N(C2CCC(=O)NC2=O)C3=O)C1,[*:1]N1CCCC(n2nc(-c3ccc(Oc4ccccc4)cc3)c3c(N)ncnc32)C1,[*:2]c1cccc2c1C(=O)N(C1CCC(=O)NC1=O)C2=O,[*:1]CC(=O)NCCOCCOCC(=O)NCCOCCO[*:2]
Nc1ncnc2c1c(-c1ccc(Oc3ccccc3)cc1)nn2C1CCCN(CC(=O)NCCOCCOc2cccc3c2C(=O)N(C2CCC(=O)NC2=O)C3=O)C1,[*:1]N1CCCC(n2nc(-c3ccc(Oc4ccccc4)cc3)c3c(N)ncnc32)C1,[*:2]c1cccc2c1C(=O)N(C1CCC(=O)NC1=O)C2=O,[*:1]CC(=O)NCCOCCO[*:2]
Nc1ncnc2c1c(-c1ccc(Oc3ccccc3)cc1)nn2C1CCCN(CC(=O)NCCOCCOCCC(=O)NCCOCCOCC(=O)NCCOCCOc2cccc3c2C(=O)N(C2CCC(=O)NC2=O)C3=O)C1,[*:1]N1CCCC(n2nc(-c3ccc(Oc4ccccc4)cc3)c3c(N)ncnc32)C1,[*:2]c1cccc2c1C(=O)N(C1CCC(=O)NC1=O)C2=O,[*:1]CC(=O)NCCOCCOCCC(=O)NCCOCCOCC(=O)NCCOCCO[*:2]
COc1cc(C(=O)NCCOCCOCCOCCNC(=O)CC2N=C(c3ccc(Cl)cc3)c3c(sc(C)c3C)-n3c(C)nnc32)ccc1NC(=O)C1NC(CC(C)(C)C)C(C#N)(c2ccc(Cl)cc2F)C1c1cccc(Cl)c1F,[*:1]NC(=O)CC1N=C(c2ccc(Cl)cc2)c2c(sc(C)c2C)-n2c(C)nnc21,[*:2]NC(=O)c1ccc(NC(=O)C2NC(CC(C)(C)C)C(C#N)(c3ccc(Cl)cc3F)C2c2cccc(Cl)c2F)c(OC)c1,[*:1]CCOCCOCCOCC[*:2]
Cc1ncsc1-c1ccc(CNC(=O)C2CC(O)CN2C(=O)C(NC(=O)CCC(=O)NCCOCCOCCOCCn2cc(-c3ccc(-n4cc5cccc(C(N)=O)c5n4)cc3)nn2)C(C)(C)C)cc1,[*:1]c1ccc(-n2cc3cccc(C(N)=O)c3n2)cc1,[*:2]CC(=O)NC(C(=O)N1CC(O)CC1C(=O)NCc1ccc(-c2scnc2C)cc1)C(C)(C)C,[*:1]c1cn(CCOCCOCCOCCNC(=O)C[*:2])nn1
Cc1ncsc1-c1ccc(CNC(=O)C2CC(O)CN2C(=O)C(NC(=O)CCOCCOCCOc2ccc3c(c2)sc2nc(-c4ccc(NC(=O)Nc5cc(C(C)(C)C)on5)cc4)cn23)C(C)(C)C)cc1,[*:1]CCOc1ccc2c(c1)sc1nc(-c3ccc(NC(=O)Nc4cc(C(C)(C)C)on4)cc3)cn12,[*:2]CC(=O)NC(C(=O)N1CC(O)CC1C(=O)NCc1ccc(-c2scnc2C)cc1)C(C)(C)C,[*:1]OCCOC[*:2]
Cc1cc(C(C(=O)N2CC(O)CC2C(=O)NC(CC(=O)N2CCC(N3CCC(C#Cc4ccc(N5C(=S)N(c6cnc(C#N)c(C(F)(F)F)c6)C(=O)C56CCC6)cc4)CC3)CC2)c2ccc(-c3scnc3C)cc2)C(C)C)on1,[*:1]#Cc1ccc(N2C(=S)N(c3cnc(C#N)c(C(F)(F)F)c3)C(=O)C23CCC3)cc1,[*:2]C(NC(=O)C1CC(O)CN1C(=O)C(c1cc(C)no1)C(C)C)c1ccc(-c2scnc2C)cc1,[*:1]#CC1CCN(C2CCN(C(=O)C[*:2])CC2)CC1
COc1cc2c(Oc3ccc(NC(=O)C4(C(=O)Nc5ccc(F)cc5)CC4)cc3F)ccnc2cc1OCCCCOCCCCOCC(=O)NC(C(=O)N1CC(O)CC1C(=O)NCc1ccc(-c2scnc2C)cc1)C(C)(C)C,[*:1]Oc1cc2nccc(Oc3ccc(NC(=O)C4(C(=O)Nc5ccc(F)cc5)CC4)cc3F)c2cc1OC,[*:2]CC(=O)NC(C(=O)N1CC(O)CC1C(=O)NCc1ccc(-c2scnc2C)cc1)C(C)(C)C,[*:1]CCCCOCCCCO[*:2]
COc1cc2c(Oc3ccc(NC(=O)C4(C(=O)Nc5ccc(F)cc5)CC4)cc3F)ccnc2cc1OCCOCCOCCOc1cc(-c2scnc2C)ccc1CNC(=O)C1CC(O)CN1C(=O)C(C(C)C)N1Cc2ccccc2C1=O,[*:1]Oc1cc2nccc(Oc3ccc(NC(=O)C4(C(=O)Nc5ccc(F)cc5)CC4)cc3F)c2cc1OC,[*:2]Oc1cc(-c2scnc2C)ccc1CNC(=O)C1CC(O)CN1C(=O)C(C(C)C)N1Cc2ccccc2C1=O,[*:1]CCOCCOCC[*:2]
Cc1ncsc1-c1ccc(CNC(=O)C2CC(O)CN2C(=O)C(NC(=O)COCCNC(=O)c2cccc(-c3cc(Nc4ccc(OC(F)(F)F)cc4)ncn3)c2)C(C)(C)C)cc1,[*:1]OCCNC(=O)c1cccc(-c2cc(Nc3ccc(OC(F)(F)F)cc3)ncn2)c1,[*:2]NC(C(=O)N1CC(O)CC1C(=O)NCc1ccc(-c2scnc2C)cc1)C(C)(C)C,[*:1]CC([*:2])=O
Cc1ncsc1-c1ccc(CNC(=O)C2CC(O)CN2C(=O)C(NC(=O)COCCOc2cccc(-c3cc(Nc4ccc(OC(F)(F)F)cc4)ncn3)c2)C(C)(C)C)cc1,[*:1]Oc1cccc(-c2cc(Nc3ccc(OC(F)(F)F)cc3)ncn2)c1,[*:2]CC(=O)NC(C(=O)N1CC(O)CC1C(=O)NCc1ccc(-c2scnc2C)cc1)C(C)(C)C,[*:1]CCO[*:2]
Cc1ccc(F)c(S(=O)(=O)Nc2ccc(-c3nc(OCC4CN(CCOCCOCCOCC(=O)NC(C(=O)N5CC(O)CC5C(=O)NCc5ccc(-c6scnc6C)cc5)C(C)(C)C)CCO4)c4cn[nH]c4n3)cc2)c1,[*:1]N1CCOC(COc2nc(-c3ccc(NS(=O)(=O)c4cc(C)ccc4F)cc3)nc3[nH]ncc23)C1,[*:2]CC(=O)NC(C(=O)N1CC(O)CC1C(=O)NCc1ccc(-c2scnc2C)cc1)C(C)(C)C,[*:1]CCOCCOCCO[*:2]
COc1ccc(Cl)c(S(=O)(=O)Nc2ccc(-c3nc(OCC4CN(CCOCCOCCOCC(=O)NC(C(=O)N5CC(O)CC5C(=O)NCc5ccc(-c6scnc6C)cc5)C(C)(C)C)CCO4)c4c(C)n[nH]c4n3)cc2)c1,[*:1]N1CCOC(COc2nc(-c3ccc(NS(=O)(=O)c4cc(OC)ccc4Cl)cc3)nc3[nH]nc(C)c23)C1,[*:2]CC(=O)NC(C(=O)N1CC(O)CC1C(=O)NCc1ccc(-c2scnc2C)cc1)C(C)(C)C,[*:1]CCOCCOCCO[*:2]
Cc1ccc(F)c(S(=O)(=O)Nc2ccc(-c3nc(OCC4CN(CCOCCOCCOCC(=O)NCCNc5cccc6c5C(=O)N(C5CCC(=O)NC5=O)C6=O)CCO4)c4cn[nH]c4n3)cc2)c1,[*:1]N1CCOC(COc2nc(-c3ccc(NS(=O)(=O)c4cc(C)ccc4F)cc3)nc3[nH]ncc23)C1,[*:2]Nc1cccc2c1C(=O)N(C1CCC(=O)NC1=O)C2=O,[*:1]CCOCCOCCOCC(=O)NCC[*:2]
COc1ccc(Cl)c(S(=O)(=O)Nc2ccc(-c3nc(OCC4CN(CCOCCOCCOCC(=O)NCCNc5cccc6c5C(=O)N(C5CCC(=O)NC5=O)C6=O)CCO4)c4c(C)n[nH]c4n3)cc2)c1,[*:1]N1CCOC(COc2nc(-c3ccc(NS(=O)(=O)c4cc(OC)ccc4Cl)cc3)nc3[nH]nc(C)c23)C1,[*:2]Nc1cccc2c1C(=O)N(C1CCC(=O)NC1=O)C2=O,[*:1]CCOCCOCCOCC(=O)NCC[*:2]
Cc1ccc(F)c(S(=O)(=O)Nc2ccc(-c3nc(OCC4CN(CCOCCOCC(=O)NC(C(=O)N5CC(O)CC5C(=O)NCc5ccc(-c6scnc6C)cc5)C(C)(C)C)CCO4)c4cn[nH]c4n3)cc2)c1,[*:1]N1CCOC(COc2nc(-c3ccc(NS(=O)(=O)c4cc(C)ccc4F)cc3)nc3[nH]ncc23)C1,[*:2]CC(=O)NC(C(=O)N1CC(O)CC1C(=O)NCc1ccc(-c2scnc2C)cc1)C(C)(C)C,[*:1]CCOCCO[*:2]
Cc1ccc(F)c(S(=O)(=O)Nc2ccc(-c3nc(OCC4CN(CCOCCOCCOCCOCC(=O)NC(C(=O)N5CC(O)CC5C(=O)NCc5ccc(-c6scnc6C)cc5)C(C)(C)C)CCO4)c4cn[nH]c4n3)cc2)c1,[*:1]N1CCOC(COc2nc(-c3ccc(NS(=O)(=O)c4cc(C)ccc4F)cc3)nc3[nH]ncc23)C1,[*:2]CC(=O)NC(C(=O)N1CC(O)CC1C(=O)NCc1ccc(-c2scnc2C)cc1)C(C)(C)C,[*:1]CCOCCOCCOCCO[*:2]
Cc1ccc(F)c(S(=O)(=O)Nc2ccc(-c3nc(OCC4CN(CCOCCOCCOCCOCCOCC(=O)NC(C(=O)N5CC(O)CC5C(=O)NCc5ccc(-c6scnc6C)cc5)C(C)(C)C)CCO4)c4cn[nH]c4n3)cc2)c1,[*:1]N1CCOC(COc2nc(-c3ccc(NS(=O)(=O)c4cc(C)ccc4F)cc3)nc3[nH]ncc23)C1,[*:2]CC(=O)NC(C(=O)N1CC(O)CC1C(=O)NCc1ccc(-c2scnc2C)cc1)C(C)(C)C,[*:1]CCOCCOCCOCCOCCO[*:2]
Cc1ccc(F)c(S(=O)(=O)Nc2ccc(-c3nc(OCC4CN(CCCCCCOCCOCCOCC(=O)NC(C(=O)N5CC(O)CC5C(=O)NCc5ccc(-c6scnc6C)cc5)C(C)(C)C)CCO4)c4cn[nH]c4n3)cc2)c1,[*:1]N1CCOC(COc2nc(-c3ccc(NS(=O)(=O)c4cc(C)ccc4F)cc3)nc3[nH]ncc23)C1,[*:2]CC(=O)NC(C(=O)N1CC(O)CC1C(=O)NCc1ccc(-c2scnc2C)cc1)C(C)(C)C,[*:1]CCCCCCOCCOCCO[*:2]
Cc1ccc(F)c(S(=O)(=O)Nc2ccc(-c3nc(OCC4CN(CCCCCCOCCOCCOCCOCC(=O)NC(C(=O)N5CC(O)CC5C(=O)NCc5ccc(-c6scnc6C)cc5)C(C)(C)C)CCO4)c4cn[nH]c4n3)cc2)c1,[*:1]N1CCOC(COc2nc(-c3ccc(NS(=O)(=O)c4cc(C)ccc4F)cc3)nc3[nH]ncc23)C1,[*:2]CC(=O)NC(C(=O)N1CC(O)CC1C(=O)NCc1ccc(-c2scnc2C)cc1)C(C)(C)C,[*:1]CCCCCCOCCOCCOCCO[*:2]
Cc1ccc(F)c(S(=O)(=O)Nc2ccc(-c3nc(OCC4CN(CCCCCCOCCCCCCOCC(=O)NC(C(=O)N5CC(O)CC5C(=O)NCc5ccc(-c6scnc6C)cc5)C(C)(C)C)CCO4)c4cn[nH]c4n3)cc2)c1,[*:1]N1CCOC(COc2nc(-c3ccc(NS(=O)(=O)c4cc(C)ccc4F)cc3)nc3[nH]ncc23)C1,[*:2]CC(=O)NC(C(=O)N1CC(O)CC1C(=O)NCc1ccc(-c2scnc2C)cc1)C(C)(C)C,[*:1]CCCCCCOCCCCCCO[*:2]
COc1ccc(Cl)c(S(=O)(=O)Nc2ccc(-c3nc(OCC4CN(CCCCCCOCCOCCOCCOCC(=O)NC(C(=O)N5CC(O)CC5C(=O)NCc5ccc(-c6scnc6C)cc5)C(C)(C)C)CCO4)c4c(C)n[nH]c4n3)cc2)c1,[*:1]N1CCOC(COc2nc(-c3ccc(NS(=O)(=O)c4cc(OC)ccc4Cl)cc3)nc3[nH]nc(C)c23)C1,[*:2]CC(=O)NC(C(=O)N1CC(O)CC1C(=O)NCc1ccc(-c2scnc2C)cc1)C(C)(C)C,[*:1]CCCCCCOCCOCCOCCO[*:2]
COc1cc(C=C(C#N)C(=O)NCCNC(C(=O)N2CC(O)CC2C(=O)NCc2ccc(-c3scnc3C)cc2)C(C)(C)C)ccc1OCc1ccc(C(F)(F)F)cc1C(F)(F)F,[*:1]NC(=O)C(C#N)=Cc1ccc(OCc2ccc(C(F)(F)F)cc2C(F)(F)F)c(OC)c1,[*:2]NC(C(=O)N1CC(O)CC1C(=O)NCc1ccc(-c2scnc2C)cc1)C(C)(C)C,[*:1]CC[*:2]
COc1cc(C=C(C#N)C(=O)NCCCNC(C(=O)N2CC(O)CC2C(=O)NCc2ccc(-c3scnc3C)cc2)C(C)(C)C)ccc1OCc1ccc(C(F)(F)F)cc1C(F)(F)F,[*:1]NC(=O)C(C#N)=Cc1ccc(OCc2ccc(C(F)(F)F)cc2C(F)(F)F)c(OC)c1,[*:2]NC(C(=O)N1CC(O)CC1C(=O)NCc1ccc(-c2scnc2C)cc1)C(C)(C)C,[*:1]CCC[*:2]
COc1cc(C=C(C#N)C(=O)NCCCCNC(C(=O)N2CC(O)CC2C(=O)NCc2ccc(-c3scnc3C)cc2)C(C)(C)C)ccc1OCc1ccc(C(F)(F)F)cc1C(F)(F)F,[*:1]NC(=O)C(C#N)=Cc1ccc(OCc2ccc(C(F)(F)F)cc2C(F)(F)F)c(OC)c1,[*:2]NC(C(=O)N1CC(O)CC1C(=O)NCc1ccc(-c2scnc2C)cc1)C(C)(C)C,[*:1]CCCC[*:2]
COc1cc(C=C(C#N)C(=O)NCCCCCNC(C(=O)N2CC(O)CC2C(=O)NCc2ccc(-c3scnc3C)cc2)C(C)(C)C)ccc1OCc1ccc(C(F)(F)F)cc1C(F)(F)F,[*:1]NC(=O)C(C#N)=Cc1ccc(OCc2ccc(C(F)(F)F)cc2C(F)(F)F)c(OC)c1,[*:2]NC(C(=O)N1CC(O)CC1C(=O)NCc1ccc(-c2scnc2C)cc1)C(C)(C)C,[*:1]CCCCC[*:2]
COc1cc(C=C(C#N)C(=O)NCCCCCCNC(C(=O)N2CC(O)CC2C(=O)NCc2ccc(-c3scnc3C)cc2)C(C)(C)C)ccc1OCc1ccc(C(F)(F)F)cc1C(F)(F)F,[*:1]NC(=O)C(C#N)=Cc1ccc(OCc2ccc(C(F)(F)F)cc2C(F)(F)F)c(OC)c1,[*:2]NC(C(=O)N1CC(O)CC1C(=O)NCc1ccc(-c2scnc2C)cc1)C(C)(C)C,[*:1]CCCCCC[*:2]
COc1cc(C=C(C#N)C(=O)NCCCCCCCNC(C(=O)N2CC(O)CC2C(=O)NCc2ccc(-c3scnc3C)cc2)C(C)(C)C)ccc1OCc1ccc(C(F)(F)F)cc1C(F)(F)F,[*:1]NC(=O)C(C#N)=Cc1ccc(OCc2ccc(C(F)(F)F)cc2C(F)(F)F)c(OC)c1,[*:2]NC(C(=O)N1CC(O)CC1C(=O)NCc1ccc(-c2scnc2C)cc1)C(C)(C)C,[*:1]CCCCCCC[*:2]
COc1cc(C=C(C#N)C(=O)NCCOCNC(C(=O)N2CC(O)CC2C(=O)NCc2ccc(-c3scnc3C)cc2)C(C)(C)C)ccc1OCc1ccc(C(F)(F)F)cc1C(F)(F)F,[*:1]NC(=O)C(C#N)=Cc1ccc(OCc2ccc(C(F)(F)F)cc2C(F)(F)F)c(OC)c1,[*:2]NC(C(=O)N1CC(O)CC1C(=O)NCc1ccc(-c2scnc2C)cc1)C(C)(C)C,[*:1]CCOC[*:2]
COc1cc(C=C(C#N)C(=O)NCCOCCNC(C(=O)N2CC(O)CC2C(=O)NCc2ccc(-c3scnc3C)cc2)C(C)(C)C)ccc1OCc1ccc(C(F)(F)F)cc1C(F)(F)F,[*:1]NC(=O)C(C#N)=Cc1ccc(OCc2ccc(C(F)(F)F)cc2C(F)(F)F)c(OC)c1,[*:2]NC(C(=O)N1CC(O)CC1C(=O)NCc1ccc(-c2scnc2C)cc1)C(C)(C)C,[*:1]CCOCC[*:2]
COc1cc(C=C(C#N)C(=O)NCCOCCOCCNC(C(=O)N2CC(O)CC2C(=O)NCc2ccc(-c3scnc3C)cc2)C(C)(C)C)ccc1OCc1ccc(C(F)(F)F)cc1C(F)(F)F,[*:1]NC(=O)C(C#N)=Cc1ccc(OCc2ccc(C(F)(F)F)cc2C(F)(F)F)c(OC)c1,[*:2]NC(C(=O)N1CC(O)CC1C(=O)NCc1ccc(-c2scnc2C)cc1)C(C)(C)C,[*:1]CCOCCOCC[*:2]
COc1cc(C=C(C#N)C(=O)NCCOCCOCCOCCNC(C(=O)N2CC(O)CC2C(=O)NCc2ccc(-c3scnc3C)cc2)C(C)(C)C)ccc1OCc1ccc(C(F)(F)F)cc1C(F)(F)F,[*:1]NC(=O)C(C#N)=Cc1ccc(OCc2ccc(C(F)(F)F)cc2C(F)(F)F)c(OC)c1,[*:2]NC(C(=O)N1CC(O)CC1C(=O)NCc1ccc(-c2scnc2C)cc1)C(C)(C)C,[*:1]CCOCCOCCOCC[*:2]
COc1cc(C=C(C#N)C(=O)NCCCCNc2cccc3c2C(=O)N(C2CCC(=O)NC2=O)C3=O)ccc1OCc1ccc(C(F)(F)F)cc1C(F)(F)F,[*:1]NC(=O)C(C#N)=Cc1ccc(OCc2ccc(C(F)(F)F)cc2C(F)(F)F)c(OC)c1,[*:2]Nc1cccc2c1C(=O)N(C1CCC(=O)NC1=O)C2=O,[*:1]CCCC[*:2]
COc1cc(C=C(C#N)C(=O)NCCCCCCNc2cccc3c2C(=O)N(C2CCC(=O)NC2=O)C3=O)ccc1OCc1ccc(C(F)(F)F)cc1C(F)(F)F,[*:1]NC(=O)C(C#N)=Cc1ccc(OCc2ccc(C(F)(F)F)cc2C(F)(F)F)c(OC)c1,[*:2]Nc1cccc2c1C(=O)N(C1CCC(=O)NC1=O)C2=O,[*:1]CCCCCC[*:2]
COc1cc(C=C(C#N)C(=O)NCCOCCOCCNc2cccc3c2C(=O)N(C2CCC(=O)NC2=O)C3=O)ccc1OCc1ccc(C(F)(F)F)cc1C(F)(F)F,[*:1]NC(=O)C(C#N)=Cc1ccc(OCc2ccc(C(F)(F)F)cc2C(F)(F)F)c(OC)c1,[*:2]Nc1cccc2c1C(=O)N(C1CCC(=O)NC1=O)C2=O,[*:1]CCOCCOCC[*:2]
COc1cc(C=C(C#N)C(=O)NCCOCCOCCOCCNc2cccc3c2C(=O)N(C2CCC(=O)NC2=O)C3=O)ccc1OCc1ccc(C(F)(F)F)cc1C(F)(F)F,[*:1]NC(=O)C(C#N)=Cc1ccc(OCc2ccc(C(F)(F)F)cc2C(F)(F)F)c(OC)c1,[*:2]Nc1cccc2c1C(=O)N(C1CCC(=O)NC1=O)C2=O,[*:1]CCOCCOCCOCC[*:2]
COc1cc(C=C(C#N)C(=O)NCCCOCCCCOCCCNc2cccc3c2C(=O)N(C2CCC(=O)NC2=O)C3=O)ccc1OCc1ccc(C(F)(F)F)cc1C(F)(F)F,[*:1]NC(=O)C(C#N)=Cc1ccc(OCc2ccc(C(F)(F)F)cc2C(F)(F)F)c(OC)c1,[*:2]Nc1cccc2c1C(=O)N(C1CCC(=O)NC1=O)C2=O,[*:1]CCCOCCCCOCCC[*:2]
COc1cc(C=C(C#N)C(=O)NCCCOCCOCCOCCCNc2cccc3c2C(=O)N(C2CCC(=O)NC2=O)C3=O)ccc1OCc1ccc(C(F)(F)F)cc1C(F)(F)F,[*:1]NC(=O)C(C#N)=Cc1ccc(OCc2ccc(C(F)(F)F)cc2C(F)(F)F)c(OC)c1,[*:2]Nc1cccc2c1C(=O)N(C1CCC(=O)NC1=O)C2=O,[*:1]CCCOCCOCCOCCC[*:2]
COc1cc(C=C(C#N)C(=O)NCCOCCOCCOCCOCCNc2cccc3c2C(=O)N(C2CCC(=O)NC2=O)C3=O)ccc1OCc1ccc(C(F)(F)F)cc1C(F)(F)F,[*:1]NC(=O)C(C#N)=Cc1ccc(OCc2ccc(C(F)(F)F)cc2C(F)(F)F)c(OC)c1,[*:2]Nc1cccc2c1C(=O)N(C1CCC(=O)NC1=O)C2=O,[*:1]CCOCCOCCOCCOCC[*:2]
COc1cc(C=C(C#N)C(=O)NCCOCCOCCOCCOCCOCCNc2cccc3c2C(=O)N(C2CCC(=O)NC2=O)C3=O)ccc1OCc1ccc(C(F)(F)F)cc1C(F)(F)F,[*:1]NC(=O)C(C#N)=Cc1ccc(OCc2ccc(C(F)(F)F)cc2C(F)(F)F)c(OC)c1,[*:2]Nc1cccc2c1C(=O)N(C1CCC(=O)NC1=O)C2=O,[*:1]CCOCCOCCOCCOCCOCC[*:2]
COc1cc(C=C(C#N)C(=O)NCCCCNC(=O)C(CC(C)C)NC(=O)C(O)C(N)Cc2ccccc2)ccc1OCc1ccc(C(F)(F)F)cc1C(F)(F)F,[*:1]NC(=O)C(C#N)=Cc1ccc(OCc2ccc(C(F)(F)F)cc2C(F)(F)F)c(OC)c1,[*:2]CNC(=O)C(CC(C)C)NC(=O)C(O)C(N)Cc1ccccc1,[*:1]CCC[*:2]
COc1cc(C=C(C#N)C(=O)NCCOCCOCCNC(=O)C(CC(C)C)NC(=O)C(O)C(N)Cc2ccccc2)ccc1OCc1ccc(C(F)(F)F)cc1C(F)(F)F,[*:1]NC(=O)C(C#N)=Cc1ccc(OCc2ccc(C(F)(F)F)cc2C(F)(F)F)c(OC)c1,[*:2]CNC(=O)C(CC(C)C)NC(=O)C(O)C(N)Cc1ccccc1,[*:1]CCOCCOC[*:2]
COc1ccc(C2=NC(c3ccc(Cl)cc3)C(c3ccc(Cl)cc3)N2C(=O)N2CCN(CC(=O)CCNC(=O)C(C#N)=Cc3ccc(OCc4ccc(C(F)(F)F)cc4C(F)(F)F)c(OC)c3)C(=O)C2)c(OC(C)C)c1,[*:1]NC(=O)C(C#N)=Cc1ccc(OCc2ccc(C(F)(F)F)cc2C(F)(F)F)c(OC)c1,[*:2]N1CCN(C(=O)N2C(c3ccc(OC)cc3OC(C)C)=NC(c3ccc(Cl)cc3)C2c2ccc(Cl)cc2)CC1=O,[*:1]CCC(=O)C[*:2]
COc1ccc(C2=NC(c3ccc(Cl)cc3)C(c3ccc(Cl)cc3)N2C(=O)N2CCN(CC(=O)NCCCCCNC(=O)C(C#N)=Cc3ccc(OCc4ccc(C(F)(F)F)cc4C(F)(F)F)c(OC)c3)C(=O)C2)c(OC(C)C)c1,[*:1]NC(=O)C(C#N)=Cc1ccc(OCc2ccc(C(F)(F)F)cc2C(F)(F)F)c(OC)c1,[*:2]N1CCN(C(=O)N2C(c3ccc(OC)cc3OC(C)C)=NC(c3ccc(Cl)cc3)C2c2ccc(Cl)cc2)CC1=O,[*:1]CCCCCNC(=O)C[*:2]
CCC(=C(c1ccc(O)cc1)c1ccc(OCCN(CC)CCCCCCCC(=O)NC(C(=O)N2CC(O)CC2C(=O)NC(C)c2ccc(-c3scnc3C)cc2)C(C)(C)C)cc1)c1ccccc1,[*:1]CN(CC)CCOc1ccc(C(=C(CC)c2ccccc2)c2ccc(O)cc2)cc1,[*:2]CC(=O)NC(C(=O)N1CC(O)CC1C(=O)NC(C)c1ccc(-c2scnc2C)cc1)C(C)(C)C,[*:1]CCCCC[*:2]
COc1cc(N2CCN(C(=O)CCCCCCC(=O)NC(C(=O)N3CC(O)CC3C(=O)NCc3ccc(-c4scnc4C)cc3)C(C)(C)C)CC2)ccc1Nc1ncc(Cl)c(Nc2ccccc2P(C)(C)=O)n1,[*:1]N1CCN(c2ccc(Nc3ncc(Cl)c(Nc4ccccc4P(C)(C)=O)n3)c(OC)c2)CC1,[*:2]CC(=O)NC(C(=O)N1CC(O)CC1C(=O)NCc1ccc(-c2scnc2C)cc1)C(C)(C)C,[*:1]C(=O)CCCCC[*:2]
COc1cc(N2CCN(C(=O)CCCCCCCC(=O)NC(C(=O)N3CC(O)CC3C(=O)NCc3ccc(-c4scnc4C)cc3)C(C)(C)C)CC2)ccc1Nc1ncc(Cl)c(Nc2ccccc2P(C)(C)=O)n1,[*:1]N1CCN(c2ccc(Nc3ncc(Cl)c(Nc4ccccc4P(C)(C)=O)n3)c(OC)c2)CC1,[*:2]CC(=O)NC(C(=O)N1CC(O)CC1C(=O)NCc1ccc(-c2scnc2C)cc1)C(C)(C)C,[*:1]C(=O)CCCCCC[*:2]
COc1cc(N2CCN(C(=O)CCCCCCCCC(=O)NC(C(=O)N3CC(O)CC3C(=O)NCc3ccc(-c4scnc4C)cc3)C(C)(C)C)CC2)ccc1Nc1ncc(Cl)c(Nc2ccccc2P(C)(C)=O)n1,[*:1]N1CCN(c2ccc(Nc3ncc(Cl)c(Nc4ccccc4P(C)(C)=O)n3)c(OC)c2)CC1,[*:2]CC(=O)NC(C(=O)N1CC(O)CC1C(=O)NCc1ccc(-c2scnc2C)cc1)C(C)(C)C,[*:1]C(=O)CCCCCCC[*:2]
COc1cc(N2CCC(NC(=O)CCCCCCC(=O)NC(C(=O)N3CC(O)CC3C(=O)NCc3ccc(-c4scnc4C)cc3)C(C)(C)C)CC2)ccc1Nc1ncc(Cl)c(Nc2ccccc2P(C)(C)=O)n1,[*:1]NC1CCN(c2ccc(Nc3ncc(Cl)c(Nc4ccccc4P(C)(C)=O)n3)c(OC)c2)CC1,[*:2]CC(=O)NC(C(=O)N1CC(O)CC1C(=O)NCc1ccc(-c2scnc2C)cc1)C(C)(C)C,[*:1]C(=O)CCCCC[*:2]
COc1cc(N2CCC(NC(=O)CCCCCCCC(=O)NC(C(=O)N3CC(O)CC3C(=O)NCc3ccc(-c4scnc4C)cc3)C(C)(C)C)CC2)ccc1Nc1ncc(Cl)c(Nc2ccccc2P(C)(C)=O)n1,[*:1]NC1CCN(c2ccc(Nc3ncc(Cl)c(Nc4ccccc4P(C)(C)=O)n3)c(OC)c2)CC1,[*:2]CC(=O)NC(C(=O)N1CC(O)CC1C(=O)NCc1ccc(-c2scnc2C)cc1)C(C)(C)C,[*:1]C(=O)CCCCCC[*:2]
COc1cc(N2CCC(NC(=O)CCCCCCCCC(=O)NC(C(=O)N3CC(O)CC3C(=O)NCc3ccc(-c4scnc4C)cc3)C(C)(C)C)CC2)ccc1Nc1ncc(Cl)c(Nc2ccccc2P(C)(C)=O)n1,[*:1]NC1CCN(c2ccc(Nc3ncc(Cl)c(Nc4ccccc4P(C)(C)=O)n3)c(OC)c2)CC1,[*:2]CC(=O)NC(C(=O)N1CC(O)CC1C(=O)NCc1ccc(-c2scnc2C)cc1)C(C)(C)C,[*:1]C(=O)CCCCCCC[*:2]
COc1cc(N2CCC(N3CCN(C(=O)CCCCCCC(=O)NC(C(=O)N4CC(O)CC4C(=O)NCc4ccc(-c5scnc5C)cc4)C(C)(C)C)CC3)CC2)ccc1Nc1ncc(Cl)c(Nc2ccccc2P(C)(C)=O)n1,[*:1]N1CCN(C2CCN(c3ccc(Nc4ncc(Cl)c(Nc5ccccc5P(C)(C)=O)n4)c(OC)c3)CC2)CC1,[*:2]CC(=O)NC(C(=O)N1CC(O)CC1C(=O)NCc1ccc(-c2scnc2C)cc1)C(C)(C)C,[*:1]C(=O)CCCCC[*:2]
COc1cc(N2CCC(N3CCN(C(=O)CCCCCCCC(=O)NC(C(=O)N4CC(O)CC4C(=O)NCc4ccc(-c5scnc5C)cc4)C(C)(C)C)CC3)CC2)ccc1Nc1ncc(Cl)c(Nc2ccccc2P(C)(C)=O)n1,[*:1]N1CCN(C2CCN(c3ccc(Nc4ncc(Cl)c(Nc5ccccc5P(C)(C)=O)n4)c(OC)c3)CC2)CC1,[*:2]CC(=O)NC(C(=O)N1CC(O)CC1C(=O)NCc1ccc(-c2scnc2C)cc1)C(C)(C)C,[*:1]C(=O)CCCCCC[*:2]
COc1cc(N2CCC(N3CCN(C(=O)CCCCCCCCC(=O)NC(C(=O)N4CC(O)CC4C(=O)NCc4ccc(-c5scnc5C)cc4)C(C)(C)C)CC3)CC2)ccc1Nc1ncc(Cl)c(Nc2ccccc2P(C)(C)=O)n1,[*:1]N1CCN(C2CCN(c3ccc(Nc4ncc(Cl)c(Nc5ccccc5P(C)(C)=O)n4)c(OC)c3)CC2)CC1,[*:2]CC(=O)NC(C(=O)N1CC(O)CC1C(=O)NCc1ccc(-c2scnc2C)cc1)C(C)(C)C,[*:1]C(=O)CCCCCCC[*:2]
COc1cc(N2CCC(NC(=O)CCCCCCCCCC(=O)NC(C(=O)N3CC(O)CC3C(=O)NCc3ccc(-c4scnc4C)cc3)C(C)(C)C)CC2)ccc1Nc1ncc(Cl)c(Nc2ccccc2P(C)(C)=O)n1,[*:1]NC1CCN(c2ccc(Nc3ncc(Cl)c(Nc4ccccc4P(C)(C)=O)n3)c(OC)c2)CC1,[*:2]CC(=O)NC(C(=O)N1CC(O)CC1C(=O)NCc1ccc(-c2scnc2C)cc1)C(C)(C)C,[*:1]C(=O)CCCCCCCC[*:2]
Nc1ncnc2c1c(-c1ccc(Oc3ccccc3)cc1)nn2C1CCCN(C(=O)C=CCN2CCN(CCNC(=O)CCCCn3cc(COCCC(=O)Nc4cccc5c4CN(C4CCC(=O)NC4=O)C5=O)nn3)CC2)C1,[*:1]C=CC(=O)N1CCCC(n2nc(-c3ccc(Oc4ccccc4)cc3)c3c(N)ncnc32)C1,[*:2]Nc1cccc2c1CN(C1CCC(=O)NC1=O)C2=O,[*:1]CN1CCN(CCNC(=O)CCCCn2cc(COCCC([*:2])=O)nn2)CC1
Nc1ncnc2c1c(-c1ccc(Oc3ccccc3)cc1)nn2C1CCCN(C(=O)CCCNC(=O)CCCCn2cc(COCCC(=O)Nc3cccc4c3CN(C3CCC(=O)NC3=O)C4=O)nn2)C1,[*:1]N1CCCC(n2nc(-c3ccc(Oc4ccccc4)cc3)c3c(N)ncnc32)C1,[*:2]Nc1cccc2c1CN(C1CCC(=O)NC1=O)C2=O,[*:1]C(=O)CCCNC(=O)CCCCn1cc(COCCC([*:2])=O)nn1
Cc1ncsc1-c1ccc(CNC(=O)C2CC(O)CN2C(=O)C(NC(=O)CCOCCOCCOCCOCCOCCC(=O)NCCCOC(=O)NC(Nc2ncccn2)C(Cl)(Cl)Cl)C(C)(C)C)cc1,[*:1]NCCCOC(=O)NC(Nc1ncccn1)C(Cl)(Cl)Cl,[*:2]CC(=O)NC(C(=O)N1CC(O)CC1C(=O)NCc1ccc(-c2scnc2C)cc1)C(C)(C)C,[*:1]C(=O)CCOCCOCCOCCOCCOC[*:2]
NC(=O)CCC(NC(=O)C1CCC2CCN(C(=O)CCCC#Cc3cccc4c3CN(C3CCC(=O)NC3=O)C4=O)CC(NC(=O)c3cc4cc(C(F)(F)P(=O)(O)O)ccc4[nH]3)C(=O)N21)C(=O)NC(c1ccccc1)c1ccccc1,[*:1]CC(=O)N1CCC2CCC(C(=O)NC(CCC(N)=O)C(=O)NC(c3ccccc3)c3ccccc3)N2C(=O)C(NC(=O)c2cc3cc(C(F)(F)P(=O)(O)O)ccc3[nH]2)C1,[*:2]#Cc1cccc2c1CN(C1CCC(=O)NC1=O)C2=O,[*:1]CCC#[*:2]
NC(=O)CCC(NC(=O)C1CCC2CCN(C(=O)CCCCC#Cc3cccc4c3CN(C3CCC(=O)NC3=O)C4=O)CC(NC(=O)c3cc4cc(C(F)(F)P(=O)(O)O)ccc4[nH]3)C(=O)N21)C(=O)NC(c1ccccc1)c1ccccc1,[*:1]CC(=O)N1CCC2CCC(C(=O)NC(CCC(N)=O)C(=O)NC(c3ccccc3)c3ccccc3)N2C(=O)C(NC(=O)c2cc3cc(C(F)(F)P(=O)(O)O)ccc3[nH]2)C1,[*:2]#Cc1cccc2c1CN(C1CCC(=O)NC1=O)C2=O,[*:1]CCCC#[*:2]
NC(=O)CCC(NC(=O)C1CCC2CCN(C(=O)CCCCCC#Cc3cccc4c3CN(C3CCC(=O)NC3=O)C4=O)CC(NC(=O)c3cc4cc(C(F)(F)P(=O)(O)O)ccc4[nH]3)C(=O)N21)C(=O)NC(c1ccccc1)c1ccccc1,[*:1]CC(=O)N1CCC2CCC(C(=O)NC(CCC(N)=O)C(=O)NC(c3ccccc3)c3ccccc3)N2C(=O)C(NC(=O)c2cc3cc(C(F)(F)P(=O)(O)O)ccc3[nH]2)C1,[*:2]#Cc1cccc2c1CN(C1CCC(=O)NC1=O)C2=O,[*:1]CCCCC#[*:2]
NC(=O)CCC(NC(=O)C1CCC2CCN(C(=O)CCCCCCC#Cc3cccc4c3CN(C3CCC(=O)NC3=O)C4=O)CC(NC(=O)c3cc4cc(C(F)(F)P(=O)(O)O)ccc4[nH]3)C(=O)N21)C(=O)NC(c1ccccc1)c1ccccc1,[*:1]CC(=O)N1CCC2CCC(C(=O)NC(CCC(N)=O)C(=O)NC(c3ccccc3)c3ccccc3)N2C(=O)C(NC(=O)c2cc3cc(C(F)(F)P(=O)(O)O)ccc3[nH]2)C1,[*:2]#Cc1cccc2c1CN(C1CCC(=O)NC1=O)C2=O,[*:1]CCCCCC#[*:2]
NC(=O)CCC(NC(=O)C1CCC2CCN(C(=O)CCCCCCCCC#Cc3cccc4c3CN(C3CCC(=O)NC3=O)C4=O)CC(NC(=O)c3cc4cc(C(F)(F)P(=O)(O)O)ccc4[nH]3)C(=O)N21)C(=O)NC(c1ccccc1)c1ccccc1,[*:1]CC(=O)N1CCC2CCC(C(=O)NC(CCC(N)=O)C(=O)NC(c3ccccc3)c3ccccc3)N2C(=O)C(NC(=O)c2cc3cc(C(F)(F)P(=O)(O)O)ccc3[nH]2)C1,[*:2]#Cc1cccc2c1CN(C1CCC(=O)NC1=O)C2=O,[*:1]CCCCCCCC#[*:2]
NC(=O)CCC(NC(=O)C1CCC2CCN(C(=O)CCCn3cc(C#Cc4cccc5c4CN(C4CCC(=O)NC4=O)C5=O)cn3)CC(NC(=O)c3cc4cc(C(F)(F)P(=O)(O)O)ccc4[nH]3)C(=O)N21)C(=O)NC(c1ccccc1)c1ccccc1,[*:1]CC(=O)N1CCC2CCC(C(=O)NC(CCC(N)=O)C(=O)NC(c3ccccc3)c3ccccc3)N2C(=O)C(NC(=O)c2cc3cc(C(F)(F)P(=O)(O)O)ccc3[nH]2)C1,[*:2]#Cc1cccc2c1CN(C1CCC(=O)NC1=O)C2=O,[*:1]CCn1cc(C#[*:2])cn1
NC(=O)CCC(NC(=O)C1CCC2CCN(C(=O)CCN3CCC(C#Cc4cccc5c4CN(C4CCC(=O)NC4=O)C5=O)CC3)CC(NC(=O)c3cc4cc(C(F)(F)P(=O)(O)O)ccc4[nH]3)C(=O)N21)C(=O)NC(c1ccccc1)c1ccccc1,[*:1]CC(=O)N1CCC2CCC(C(=O)NC(CCC(N)=O)C(=O)NC(c3ccccc3)c3ccccc3)N2C(=O)C(NC(=O)c2cc3cc(C(F)(F)P(=O)(O)O)ccc3[nH]2)C1,[*:2]#Cc1cccc2c1CN(C1CCC(=O)NC1=O)C2=O,[*:1]CN1CCC(C#[*:2])CC1
NC(=O)CCC(NC(=O)C1CCC2CCN(C(=O)CC(=O)N3CCC(C#Cc4cccc5c4CN(C4CCC(=O)NC4=O)C5=O)CC3)CC(NC(=O)c3cc4cc(C(F)(F)P(=O)(O)O)ccc4[nH]3)C(=O)N21)C(=O)NC(c1ccccc1)c1ccccc1,[*:1]CC(=O)N1CCC2CCC(C(=O)NC(CCC(N)=O)C(=O)NC(c3ccccc3)c3ccccc3)N2C(=O)C(NC(=O)c2cc3cc(C(F)(F)P(=O)(O)O)ccc3[nH]2)C1,[*:2]#Cc1cccc2c1CN(C1CCC(=O)NC1=O)C2=O,[*:1]C(=O)N1CCC(C#[*:2])CC1
NC(=O)CCC(NC(=O)C1CCC2CCN(C(=O)CCCCCCCc3cccc4c3CN(C3CCC(=O)NC3=O)C4=O)CC(NC(=O)c3cc4cc(C(F)(F)P(=O)(O)O)ccc4[nH]3)C(=O)N21)C(=O)NC(c1ccccc1)c1ccccc1,[*:1]CC(=O)N1CCC2CCC(C(=O)NC(CCC(N)=O)C(=O)NC(c3ccccc3)c3ccccc3)N2C(=O)C(NC(=O)c2cc3cc(C(F)(F)P(=O)(O)O)ccc3[nH]2)C1,[*:2]Cc1cccc2c1CN(C1CCC(=O)NC1=O)C2=O,[*:1]CCCCC[*:2]
NC(=O)CCC(NC(=O)C1CCC2CCN(C(=O)CCCCCCNc3cccc4c3CN(C3CCC(=O)NC3=O)C4=O)CC(NC(=O)c3cc4cc(C(F)(F)P(=O)(O)O)ccc4[nH]3)C(=O)N21)C(=O)NC(c1ccccc1)c1ccccc1,[*:1]CC(=O)N1CCC2CCC(C(=O)NC(CCC(N)=O)C(=O)NC(c3ccccc3)c3ccccc3)N2C(=O)C(NC(=O)c2cc3cc(C(F)(F)P(=O)(O)O)ccc3[nH]2)C1,[*:2]Nc1cccc2c1CN(C1CCC(=O)NC1=O)C2=O,[*:1]CCCCC[*:2]
NC(=O)CCC(NC(=O)C1CCC2CCN(C(=O)CCCCCC#Cc3cccc4c3C(=O)N(C3CCC(=O)NC3=O)C4=O)CC(NC(=O)c3cc4cc(C(F)(F)P(=O)(O)O)ccc4[nH]3)C(=O)N21)C(=O)NC(c1ccccc1)c1ccccc1,[*:1]CC(=O)N1CCC2CCC(C(=O)NC(CCC(N)=O)C(=O)NC(c3ccccc3)c3ccccc3)N2C(=O)C(NC(=O)c2cc3cc(C(F)(F)P(=O)(O)O)ccc3[nH]2)C1,[*:2]c1cccc2c1C(=O)N(C1CCC(=O)NC1=O)C2=O,[*:1]CCCCC#C[*:2]
NC(=O)CCC(NC(=O)C1CCC2CCN(C(=O)CCCCCC#Cc3ccc4c(c3)C(=O)N(C3CCC(=O)NC3=O)C4)CC(NC(=O)c3cc4cc(C(F)(F)P(=O)(O)O)ccc4[nH]3)C(=O)N21)C(=O)NC(c1ccccc1)c1ccccc1,[*:1]CC(=O)N1CCC2CCC(C(=O)NC(CCC(N)=O)C(=O)NC(c3ccccc3)c3ccccc3)N2C(=O)C(NC(=O)c2cc3cc(C(F)(F)P(=O)(O)O)ccc3[nH]2)C1,[*:2]c1ccc2c(c1)C(=O)N(C1CCC(=O)NC1=O)C2,[*:1]CCCCC#C[*:2]
NC(=O)CCC(NC(=O)C1CCC2CCN(C(=O)CCCCCC#Cc3cccc4c3CN(C3CCC(=O)NC3=O)C4=O)CC(NC(=O)c3cc4cc(C(F)(F)P(=O)(O)O)ccc4[nH]3)C(=O)N21)C(=O)NCc1ccccc1,[*:1]CC(=O)N1CCC2CCC(C(=O)NC(CCC(N)=O)C(=O)NCc3ccccc3)N2C(=O)C(NC(=O)c2cc3cc(C(F)(F)P(=O)(O)O)ccc3[nH]2)C1,[*:2]#Cc1cccc2c1CN(C1CCC(=O)NC1=O)C2=O,[*:1]CCCCC#[*:2]
CNC(=O)C(CCC(N)=O)NC(=O)C1CCC2CCN(C(=O)CCCCCC#Cc3cccc4c3CN(C3CCC(=O)NC3=O)C4=O)CC(NC(=O)c3cc4cc(C(F)(F)P(=O)(O)O)ccc4[nH]3)C(=O)N21,[*:1]CC(=O)N1CCC2CCC(C(=O)NC(CCC(N)=O)C(=O)NC)N2C(=O)C(NC(=O)c2cc3cc(C(F)(F)P(=O)(O)O)ccc3[nH]2)C1,[*:2]#Cc1cccc2c1CN(C1CCC(=O)NC1=O)C2=O,[*:1]CCCCC#[*:2]
NC(=O)CCC(NC(=O)C1CCC2CCN(C(=O)CCCCCC#Cc3cccc4c3CN(C3CCC(=O)NC3=O)C4=O)CC(NC(=O)c3cc4cc(OP(=O)(O)O)ccc4[nH]3)C(=O)N21)C(=O)NC(c1ccccc1)c1ccccc1,[*:1]CC(=O)N1CCC2CCC(C(=O)NC(CCC(N)=O)C(=O)NC(c3ccccc3)c3ccccc3)N2C(=O)C(NC(=O)c2cc3cc(OP(=O)(O)O)ccc3[nH]2)C1,[*:2]#Cc1cccc2c1CN(C1CCC(=O)NC1=O)C2=O,[*:1]CCCCC#[*:2]
NC(=O)CCC(NC(=O)C1CCC2CCN(C(=O)CCCCCC#Cc3cccc4c3CN(C3CCC(=O)NC3=O)C4=O)CC(NC(=O)c3cc4cc(CP(=O)(O)O)ccc4[nH]3)C(=O)N21)C(=O)NC(c1ccccc1)c1ccccc1,[*:1]CC(=O)N1CCC2CCC(C(=O)NC(CCC(N)=O)C(=O)NC(c3ccccc3)c3ccccc3)N2C(=O)C(NC(=O)c2cc3cc(CP(=O)(O)O)ccc3[nH]2)C1,[*:2]#Cc1cccc2c1CN(C1CCC(=O)NC1=O)C2=O,[*:1]CCCCC#[*:2]
CC(=CC(=O)NC1CN(C(=O)CCCCCC#Cc2cccc3c2CN(C2CCC(=O)NC2=O)C3=O)CCC2CCC(C(=O)NC(CCC(N)=O)C(=O)NC(c3ccccc3)c3ccccc3)N2C1=O)c1ccc(C(F)(F)P(=O)(O)O)cc1,[*:1]CC(=O)N1CCC2CCC(C(=O)NC(CCC(N)=O)C(=O)NC(c3ccccc3)c3ccccc3)N2C(=O)C(NC(=O)C=C(C)c2ccc(C(F)(F)P(=O)(O)O)cc2)C1,[*:2]#Cc1cccc2c1CN(C1CCC(=O)NC1=O)C2=O,[*:1]CCCCC#[*:2]
O=C1CCC(N2C(=O)c3cccc(NCCCCNC(=O)c4ccc(NC(=O)C5NC6(CCCCC6)C6(C(=O)Nc7cc(Cl)ccc76)C5c5cccc(Cl)c5F)cc4)c3C2=O)C(=O)N1,[*:1]CNC(=O)c1ccc(NC(=O)C2NC3(CCCCC3)C3(C(=O)Nc4cc(Cl)ccc43)C2c2cccc(Cl)c2F)cc1,[*:2]Nc1cccc2c1C(=O)N(C1CCC(=O)NC1=O)C2=O,[*:1]CCC[*:2]
O=C1CCC(N2C(=O)c3cccc(NCCOCCOCCNC(=O)c4ccc(NC(=O)C5NC6(CCCCC6)C6(C(=O)Nc7cc(Cl)ccc76)C5c5cccc(Cl)c5F)cc4)c3C2=O)C(=O)N1,[*:1]CNC(=O)c1ccc(NC(=O)C2NC3(CCCCC3)C3(C(=O)Nc4cc(Cl)ccc43)C2c2cccc(Cl)c2F)cc1,[*:2]Nc1cccc2c1C(=O)N(C1CCC(=O)NC1=O)C2=O,[*:1]COCCOCC[*:2]
O=C1CCC(N2C(=O)c3cccc(NCCNC(=O)c4ccc(NC(=O)C5NC6(CCCCC6)C6(C(=O)Nc7cc(Cl)ccc76)C5c5cccc(Cl)c5F)cc4)c3C2=O)C(=O)N1,[*:1]CNC(=O)c1ccc(NC(=O)C2NC3(CCCCC3)C3(C(=O)Nc4cc(Cl)ccc43)C2c2cccc(Cl)c2F)cc1,[*:2]Nc1cccc2c1C(=O)N(C1CCC(=O)NC1=O)C2=O,[*:1]C[*:2]
O=C1CCC(N2C(=O)c3cccc(NCCCNC(=O)c4ccc(NC(=O)C5NC6(CCCCC6)C6(C(=O)Nc7cc(Cl)ccc76)C5c5cccc(Cl)c5F)cc4)c3C2=O)C(=O)N1,[*:1]CNC(=O)c1ccc(NC(=O)C2NC3(CCCCC3)C3(C(=O)Nc4cc(Cl)ccc43)C2c2cccc(Cl)c2F)cc1,[*:2]Nc1cccc2c1C(=O)N(C1CCC(=O)NC1=O)C2=O,[*:1]CC[*:2]
O=C1CCC(N2C(=O)c3cccc(NCCCCCNC(=O)c4ccc(NC(=O)C5NC6(CCCCC6)C6(C(=O)Nc7cc(Cl)ccc76)C5c5cccc(Cl)c5F)cc4)c3C2=O)C(=O)N1,[*:1]CNC(=O)c1ccc(NC(=O)C2NC3(CCCCC3)C3(C(=O)Nc4cc(Cl)ccc43)C2c2cccc(Cl)c2F)cc1,[*:2]Nc1cccc2c1C(=O)N(C1CCC(=O)NC1=O)C2=O,[*:1]CCCC[*:2]
O=C1CCC(N2C(=O)c3cccc(NCCCCCCNC(=O)c4ccc(NC(=O)C5NC6(CCCCC6)C6(C(=O)Nc7cc(Cl)ccc76)C5c5cccc(Cl)c5F)cc4)c3C2=O)C(=O)N1,[*:1]CNC(=O)c1ccc(NC(=O)C2NC3(CCCCC3)C3(C(=O)Nc4cc(Cl)ccc43)C2c2cccc(Cl)c2F)cc1,[*:2]Nc1cccc2c1C(=O)N(C1CCC(=O)NC1=O)C2=O,[*:1]CCCCC[*:2]
O=C1CCC(N2C(=O)c3cccc(NCCCCCCCNC(=O)c4ccc(NC(=O)C5NC6(CCCCC6)C6(C(=O)Nc7cc(Cl)ccc76)C5c5cccc(Cl)c5F)cc4)c3C2=O)C(=O)N1,[*:1]CNC(=O)c1ccc(NC(=O)C2NC3(CCCCC3)C3(C(=O)Nc4cc(Cl)ccc43)C2c2cccc(Cl)c2F)cc1,[*:2]Nc1cccc2c1C(=O)N(C1CCC(=O)NC1=O)C2=O,[*:1]CCCCCC[*:2]
O=C1CCC(N2C(=O)c3cccc(NCCOCCNC(=O)c4ccc(NC(=O)C5NC6(CCCCC6)C6(C(=O)Nc7cc(Cl)ccc76)C5c5cccc(Cl)c5F)cc4)c3C2=O)C(=O)N1,[*:1]CNC(=O)c1ccc(NC(=O)C2NC3(CCCCC3)C3(C(=O)Nc4cc(Cl)ccc43)C2c2cccc(Cl)c2F)cc1,[*:2]Nc1cccc2c1C(=O)N(C1CCC(=O)NC1=O)C2=O,[*:1]COCC[*:2]
O=C1CCC(N2C(=O)c3cccc(NCCOCCOCCOCCNC(=O)c4ccc(NC(=O)C5NC6(CCCCC6)C6(C(=O)Nc7cc(Cl)ccc76)C5c5cccc(Cl)c5F)cc4)c3C2=O)C(=O)N1,[*:1]CNC(=O)c1ccc(NC(=O)C2NC3(CCCCC3)C3(C(=O)Nc4cc(Cl)ccc43)C2c2cccc(Cl)c2F)cc1,[*:2]Nc1cccc2c1C(=O)N(C1CCC(=O)NC1=O)C2=O,[*:1]COCCOCCOCC[*:2]
O=C1CCC(N2Cc3c(CCCCCNC(=O)c4ccc(NC(=O)C5NC6(CCCCC6)C6(C(=O)Nc7cc(Cl)ccc76)C5c5cccc(Cl)c5F)cc4)cccc3C2=O)C(=O)N1,[*:1]CNC(=O)c1ccc(NC(=O)C2NC3(CCCCC3)C3(C(=O)Nc4cc(Cl)ccc43)C2c2cccc(Cl)c2F)cc1,[*:2]Cc1cccc2c1CN(C1CCC(=O)NC1=O)C2=O,[*:1]CCC[*:2]
O=C1CCC(N2Cc3c(C#CCCCNC(=O)c4ccc(NC(=O)C5NC6(CCCCC6)C6(C(=O)Nc7cc(Cl)ccc76)C5c5cccc(Cl)c5F)cc4)cccc3C2=O)C(=O)N1,[*:1]CNC(=O)c1ccc(NC(=O)C2NC3(CCCCC3)C3(C(=O)Nc4cc(Cl)ccc43)C2c2cccc(Cl)c2F)cc1,[*:2]#Cc1cccc2c1CN(C1CCC(=O)NC1=O)C2=O,[*:1]CCC#[*:2]
Cc1ncsc1-c1ccc(CNC(=O)C2CC(O)CN2C(=O)C(NC(=O)CCOCCOCCOCCNC(=O)c2ccc(NC(=O)C3NC4(CCCCC4)C4(C(=O)Nc5cc(Cl)ccc54)C3c3cccc(Cl)c3F)cc2)C(C)(C)C)cc1,[*:1]CNC(=O)c1ccc(NC(=O)C2NC3(CCCCC3)C3(C(=O)Nc4cc(Cl)ccc43)C2c2cccc(Cl)c2F)cc1,[*:2]CC(=O)NC(C(=O)N1CC(O)CC1C(=O)NCc1ccc(-c2scnc2C)cc1)C(C)(C)C,[*:1]COCCOCCOC[*:2]
Cc1ncsc1-c1ccc(CNC(=O)C2CC(O)CN2C(=O)C(NC(=O)CCNC(=O)c2ccc(N3C(=S)N(c4ccc(C#N)c(C(F)(F)F)c4)C(=O)C3(C)C)cc2F)C(C)(C)C)cc1,[*:1]CNC(=O)c1ccc(N2C(=S)N(c3ccc(C#N)c(C(F)(F)F)c3)C(=O)C2(C)C)cc1F,[*:2]NC(C(=O)N1CC(O)CC1C(=O)NCc1ccc(-c2scnc2C)cc1)C(C)(C)C,[*:1]CC([*:2])=O
Cc1ncsc1-c1ccc(CNC(=O)C2CC(O)CN2C(=O)C(NC(=O)CCCNC(=O)c2ccc(N3C(=S)N(c4ccc(C#N)c(C(F)(F)F)c4)C(=O)C3(C)C)cc2F)C(C)(C)C)cc1,[*:1]CNC(=O)c1ccc(N2C(=S)N(c3ccc(C#N)c(C(F)(F)F)c3)C(=O)C2(C)C)cc1F,[*:2]CC(=O)NC(C(=O)N1CC(O)CC1C(=O)NCc1ccc(-c2scnc2C)cc1)C(C)(C)C,[*:1]C[*:2]
Cc1ncsc1-c1ccc(CNC(=O)C2CC(O)CN2C(=O)C(NC(=O)CCCCNC(=O)c2ccc(N3C(=S)N(c4ccc(C#N)c(C(F)(F)F)c4)C(=O)C3(C)C)cc2F)C(C)(C)C)cc1,[*:1]CNC(=O)c1ccc(N2C(=S)N(c3ccc(C#N)c(C(F)(F)F)c3)C(=O)C2(C)C)cc1F,[*:2]CC(=O)NC(C(=O)N1CC(O)CC1C(=O)NCc1ccc(-c2scnc2C)cc1)C(C)(C)C,[*:1]CC[*:2]
Cc1ncsc1-c1ccc(CNC(=O)C2CC(O)CN2C(=O)C(NC(=O)CCCCCNC(=O)c2ccc(N3C(=S)N(c4ccc(C#N)c(C(F)(F)F)c4)C(=O)C3(C)C)cc2F)C(C)(C)C)cc1,[*:1]CNC(=O)c1ccc(N2C(=S)N(c3ccc(C#N)c(C(F)(F)F)c3)C(=O)C2(C)C)cc1F,[*:2]CC(=O)NC(C(=O)N1CC(O)CC1C(=O)NCc1ccc(-c2scnc2C)cc1)C(C)(C)C,[*:1]CCC[*:2]
Cc1ncsc1-c1ccc(CNC(=O)C2CC(O)CN2C(=O)C(NC(=O)CCCCCCNC(=O)c2ccc(N3C(=S)N(c4ccc(C#N)c(C(F)(F)F)c4)C(=O)C3(C)C)cc2F)C(C)(C)C)cc1,[*:1]CNC(=O)c1ccc(N2C(=S)N(c3ccc(C#N)c(C(F)(F)F)c3)C(=O)C2(C)C)cc1F,[*:2]CC(=O)NC(C(=O)N1CC(O)CC1C(=O)NCc1ccc(-c2scnc2C)cc1)C(C)(C)C,[*:1]CCCC[*:2]
Cc1ncsc1-c1ccc(CNC(=O)C2CC(O)CN2C(=O)C(NC(=O)CCCCCCCNC(=O)c2ccc(N3C(=S)N(c4ccc(C#N)c(C(F)(F)F)c4)C(=O)C3(C)C)cc2F)C(C)(C)C)cc1,[*:1]CNC(=O)c1ccc(N2C(=S)N(c3ccc(C#N)c(C(F)(F)F)c3)C(=O)C2(C)C)cc1F,[*:2]CC(=O)NC(C(=O)N1CC(O)CC1C(=O)NCc1ccc(-c2scnc2C)cc1)C(C)(C)C,[*:1]CCCCC[*:2]
Cc1ncsc1-c1ccc(CNC(=O)C2CC(O)CN2C(=O)C(NC(=O)CCCCCCCCNC(=O)c2ccc(N3C(=S)N(c4ccc(C#N)c(C(F)(F)F)c4)C(=O)C3(C)C)cc2F)C(C)(C)C)cc1,[*:1]CNC(=O)c1ccc(N2C(=S)N(c3ccc(C#N)c(C(F)(F)F)c3)C(=O)C2(C)C)cc1F,[*:2]CC(=O)NC(C(=O)N1CC(O)CC1C(=O)NCc1ccc(-c2scnc2C)cc1)C(C)(C)C,[*:1]CCCCCC[*:2]
Cc1ncsc1-c1ccc(CNC(=O)C2CC(O)CN2C(=O)C(NC(=O)CCCCCCCCCNC(=O)c2ccc(N3C(=S)N(c4ccc(C#N)c(C(F)(F)F)c4)C(=O)C3(C)C)cc2F)C(C)(C)C)cc1,[*:1]CNC(=O)c1ccc(N2C(=S)N(c3ccc(C#N)c(C(F)(F)F)c3)C(=O)C2(C)C)cc1F,[*:2]CC(=O)NC(C(=O)N1CC(O)CC1C(=O)NCc1ccc(-c2scnc2C)cc1)C(C)(C)C,[*:1]CCCCCCC[*:2]
Cc1ncsc1-c1ccc(CNC(=O)C2CC(O)CN2C(=O)C(NC(=O)CCCCCCCCCCNC(=O)c2ccc(N3C(=S)N(c4ccc(C#N)c(C(F)(F)F)c4)C(=O)C3(C)C)cc2F)C(C)(C)C)cc1,[*:1]CNC(=O)c1ccc(N2C(=S)N(c3ccc(C#N)c(C(F)(F)F)c3)C(=O)C2(C)C)cc1F,[*:2]CC(=O)NC(C(=O)N1CC(O)CC1C(=O)NCc1ccc(-c2scnc2C)cc1)C(C)(C)C,[*:1]CCCCCCCC[*:2]
Cc1ncsc1-c1ccc(CNC(=O)C2CC(O)CN2C(=O)C(NC(=O)CCCCCCCCCCCNC(=O)c2ccc(N3C(=S)N(c4ccc(C#N)c(C(F)(F)F)c4)C(=O)C3(C)C)cc2F)C(C)(C)C)cc1,[*:1]CNC(=O)c1ccc(N2C(=S)N(c3ccc(C#N)c(C(F)(F)F)c3)C(=O)C2(C)C)cc1F,[*:2]CC(=O)NC(C(=O)N1CC(O)CC1C(=O)NCc1ccc(-c2scnc2C)cc1)C(C)(C)C,[*:1]CCCCCCCCC[*:2]
Cc1ncsc1-c1ccc(CNC(=O)C2CC(O)CN2C(=O)C(NC(=O)CCOCCOCCNC(=O)c2ccc(N3C(=S)N(c4ccc(C#N)c(C(F)(F)F)c4)C(=O)C3(C)C)cc2F)C(C)(C)C)cc1,[*:1]CNC(=O)c1ccc(N2C(=S)N(c3ccc(C#N)c(C(F)(F)F)c3)C(=O)C2(C)C)cc1F,[*:2]CC(=O)NC(C(=O)N1CC(O)CC1C(=O)NCc1ccc(-c2scnc2C)cc1)C(C)(C)C,[*:1]COCCOC[*:2]
Cc1cc(C(C(=O)N2CC(O)CC2C(=O)NC(CC(=O)NCCCCCCCCCNC(=O)c2ccc(N3C(=S)N(c4ccc(C#N)c(C(F)(F)F)c4)C(=O)C3(C)C)cc2F)c2ccc(-c3scnc3C)cc2)C(C)C)on1,[*:1]CNC(=O)c1ccc(N2C(=S)N(c3ccc(C#N)c(C(F)(F)F)c3)C(=O)C2(C)C)cc1F,[*:2]CNC(=O)CC(NC(=O)C1CC(O)CN1C(=O)C(c1cc(C)no1)C(C)C)c1ccc(-c2scnc2C)cc1,[*:1]CCCCCCC[*:2]
Cc1cc(C(C(=O)N2CC(O)CC2C(=O)NC(CC(=O)N2CCC(N3CCC(C#Cc4ccc(S(=O)CC(C)(O)C(=O)Nc5ccc(C#N)c(C(F)(F)F)c5)cc4)CC3)CC2)c2ccc(-c3scnc3C)cc2)C(C)C)on1,[*:1]#Cc1ccc(S(=O)CC(C)(O)C(=O)Nc2ccc(C#N)c(C(F)(F)F)c2)cc1,[*:2]C(NC(=O)C1CC(O)CN1C(=O)C(c1cc(C)no1)C(C)C)c1ccc(-c2scnc2C)cc1,[*:1]#CC1CCN(C2CCN(C(=O)C[*:2])CC2)CC1
Cc1cc(C(C(=O)N2CC(O)CC2C(=O)NC(CC(=O)N2CCC(N3CCC(C#Cc4ccc(Cc5c(C)nn(-c6ccc(C#N)c(Cl)c6)c5C)cc4)CC3)CC2)c2ccc(-c3scnc3C)cc2)C(C)C)on1,[*:1]#Cc1ccc(Cc2c(C)nn(-c3ccc(C#N)c(Cl)c3)c2C)cc1,[*:2]C(NC(=O)C1CC(O)CN1C(=O)C(c1cc(C)no1)C(C)C)c1ccc(-c2scnc2C)cc1,[*:1]#CC1CCN(C2CCN(C(=O)C[*:2])CC2)CC1
Cc1ncsc1-c1ccc(C(CC(=O)N2CCC(N3CCC(C#Cc4ccc(C(=O)NC5C(C)(C)C(Oc6ccc(C#N)c(Cl)c6)C5(C)C)cc4)CC3)CC2)NC(=O)C2CC(O)CN2C(=O)C(NC(=O)C2(F)CC2)C(C)(C)C)cc1,[*:1]#Cc1ccc(C(=O)NC2C(C)(C)C(Oc3ccc(C#N)c(Cl)c3)C2(C)C)cc1,[*:2]CC(NC(=O)C1CC(O)CN1C(=O)C(NC(=O)C1(F)CC1)C(C)(C)C)c1ccc(-c2scnc2C)cc1,[*:1]#CC1CCN(C2CCN(C([*:2])=O)CC2)CC1
Cc1ncsc1-c1ccc(C(CC(=O)N2CCC(N3CCC(C#Cc4ccc(C(=O)NC5C(C)(C)C(Oc6ccc(C#N)c(Cl)c6)C5(C)C)cc4)CC3)CC2)NC(=O)C2CC(O)CN2C(=O)C(NC(=O)C2(C#N)CC2)C(C)(C)C)cc1,[*:1]#Cc1ccc(C(=O)NC2C(C)(C)C(Oc3ccc(C#N)c(Cl)c3)C2(C)C)cc1,[*:2]CC(NC(=O)C1CC(O)CN1C(=O)C(NC(=O)C1(C#N)CC1)C(C)(C)C)c1ccc(-c2scnc2C)cc1,[*:1]#CC1CCN(C2CCN(C([*:2])=O)CC2)CC1
CC(=O)NC(C(=O)N1CC(O)CC1C(=O)NC(CC(=O)N1CCC(N2CCC(C#Cc3ccc(C(=O)NC4C(C)(C)C(Oc5ccc(C#N)c(Cl)c5)C4(C)C)cc3)CC2)CC1)c1ccc(-c2scnc2C)cc1)C(C)(C)C,[*:1]#Cc1ccc(C(=O)NC2C(C)(C)C(Oc3ccc(C#N)c(Cl)c3)C2(C)C)cc1,[*:2]CC(NC(=O)C1CC(O)CN1C(=O)C(NC(C)=O)C(C)(C)C)c1ccc(-c2scnc2C)cc1,[*:1]#CC1CCN(C2CCN(C([*:2])=O)CC2)CC1
Cc1cc(C(C(=O)N2CC(O)CC2C(=O)NC(CC(=O)NCCCCCCCCCNC(=O)c2ccc(C(=O)NC3C(C)(C)C(Oc4ccc(C#N)c(Cl)c4)C3(C)C)cc2)c2ccc(-c3scnc3C)cc2)C(C)C)on1,[*:1]c1ccc(C(=O)NC2C(C)(C)C(Oc3ccc(C#N)c(Cl)c3)C2(C)C)cc1,[*:2]CNC(=O)CC(NC(=O)C1CC(O)CN1C(=O)C(c1cc(C)no1)C(C)C)c1ccc(-c2scnc2C)cc1,[*:1]C(=O)NCCCCCCCC[*:2]
CC1(C)C(NC(=O)c2ccc(C(=O)NCCCCCCCCCCc3cccc4c3C(=O)N(C3CCC(=O)NC3=O)C4=O)cc2)C(C)(C)C1Oc1ccc(C#N)c(Cl)c1,[*:1]c1ccc(C(=O)NC2C(C)(C)C(Oc3ccc(C#N)c(Cl)c3)C2(C)C)cc1,[*:2]c1cccc2c1C(=O)N(C1CCC(=O)NC1=O)C2=O,[*:1]C(=O)NCCCCCCCCCC[*:2]
CC1(C)C(NC(=O)c2ccc(C#CC3CCN(C4CCN(c5cccc6c5C(=O)N(C5CCC(=O)NC5=O)C6=O)CC4)CC3)cc2)C(C)(C)C1Oc1ccc(C#N)c(Cl)c1,[*:1]#Cc1ccc(C(=O)NC2C(C)(C)C(Oc3ccc(C#N)c(Cl)c3)C2(C)C)cc1,[*:2]c1cccc2c1C(=O)N(C1CCC(=O)NC1=O)C2=O,[*:1]#CC1CCN(C2CCN([*:2])CC2)CC1
Cc1ncsc1-c1ccc(CNC(=O)C2CC(O)CN2C(=O)C(NC(=O)CCCCCCCCNc2cccc3c2C(=O)N(C2CCC(=O)NC2=O)C3=O)C(C)(C)C)cc1,[*:1]CC(=O)NC(C(=O)N1CC(O)CC1C(=O)NCc1ccc(-c2scnc2C)cc1)C(C)(C)C,[*:2]Nc1cccc2c1C(=O)N(C1CCC(=O)NC1=O)C2=O,[*:1]CCCCCCC[*:2]
Cc1ncsc1-c1ccc(CNC(=O)C2CC(O)CN2C(=O)C(NC(=O)CCCCCCCCCCNc2cccc3c2C(=O)N(C2CCC(=O)NC2=O)C3=O)C(C)(C)C)cc1,[*:1]CC(=O)NC(C(=O)N1CC(O)CC1C(=O)NCc1ccc(-c2scnc2C)cc1)C(C)(C)C,[*:2]Nc1cccc2c1C(=O)N(C1CCC(=O)NC1=O)C2=O,[*:1]CCCCCCCCC[*:2]
Cc1ncsc1-c1ccc(CNC(=O)C2CC(O)CN2C(=O)C(NC(=O)CCCCCCNc2cccc3c2C(=O)N(C2CCC(=O)NC2=O)C3=O)C(C)(C)C)cc1,[*:1]CC(=O)NC(C(=O)N1CC(O)CC1C(=O)NCc1ccc(-c2scnc2C)cc1)C(C)(C)C,[*:2]Nc1cccc2c1C(=O)N(C1CCC(=O)NC1=O)C2=O,[*:1]CCCCC[*:2]
Cc1ncsc1-c1ccc(CNC(=O)C2CC(O)CN2C(=O)C(NC(=O)CCCCCCCCCCNC(=O)CNc2cccc3c2C(=O)N(C2CCC(=O)NC2=O)C3=O)C(C)(C)C)cc1,[*:1]CC(=O)NC(C(=O)N1CC(O)CC1C(=O)NCc1ccc(-c2scnc2C)cc1)C(C)(C)C,[*:2]Nc1cccc2c1C(=O)N(C1CCC(=O)NC1=O)C2=O,[*:1]CCCCCCCCCNC(=O)C[*:2]
Cc1ncsc1-c1ccc(CNC(=O)C2CC(O)CN2C(=O)C(NC(=O)CCCCCCCCCCNC(=O)COc2cccc3c2C(=O)N(C2CCC(=O)NC2=O)C3=O)C(C)(C)C)cc1,[*:1]CC(=O)NC(C(=O)N1CC(O)CC1C(=O)NCc1ccc(-c2scnc2C)cc1)C(C)(C)C,[*:2]c1cccc2c1C(=O)N(C1CCC(=O)NC1=O)C2=O,[*:1]CCCCCCCCCNC(=O)CO[*:2]
Cc1ncsc1-c1ccc(CNC(=O)C2CC(O)CN2C(=O)C(NC(=O)CCCCCC(=O)Nc2cccc3c2C(=O)N(C2CCC(=O)NC2=O)C3=O)C(C)(C)C)cc1,[*:1]CC(=O)NC(C(=O)N1CC(O)CC1C(=O)NCc1ccc(-c2scnc2C)cc1)C(C)(C)C,[*:2]Nc1cccc2c1C(=O)N(C1CCC(=O)NC1=O)C2=O,[*:1]CCCCC([*:2])=O
CC(=O)c1c(C)c2cnc(Nc3ccc(N4CCN(CCCCCCCC(=O)NC(C(=O)N5CC(O)CC5C(=O)NC(C)c5ccc(-c6scnc6C)cc5)C(C)(C)C)CC4)cn3)nc2n(C2CCCC2)c1=O,[*:1]N1CCN(c2ccc(Nc3ncc4c(C)c(C(C)=O)c(=O)n(C5CCCC5)c4n3)nc2)CC1,[*:2]CC(=O)NC(C(=O)N1CC(O)CC1C(=O)NC(C)c1ccc(-c2scnc2C)cc1)C(C)(C)C,[*:1]CCCCCC[*:2]
CC(=O)c1c(C)c2cnc(Nc3ccc(N4CCN(CCOCCOCCOCC(=O)NC(C(=O)N5CC(O)CC5C(=O)NC(C)c5ccc(-c6scnc6C)cc5)C(C)(C)C)CC4)cn3)nc2n(C2CCCC2)c1=O,[*:1]N1CCN(c2ccc(Nc3ncc4c(C)c(C(C)=O)c(=O)n(C5CCCC5)c4n3)nc2)CC1,[*:2]CC(=O)NC(C(=O)N1CC(O)CC1C(=O)NC(C)c1ccc(-c2scnc2C)cc1)C(C)(C)C,[*:1]CCOCCOCCO[*:2]
CC(=O)c1c(C)c2cnc(Nc3ccc(N4CCN(CC(=O)NCCOCCOCCOCCC(=O)NC(C(=O)N5CC(O)CC5C(=O)NC(C)c5ccc(-c6scnc6C)cc5)C(C)(C)C)CC4)cn3)nc2n(C2CCCC2)c1=O,[*:1]N1CCN(c2ccc(Nc3ncc4c(C)c(C(C)=O)c(=O)n(C5CCCC5)c4n3)nc2)CC1,[*:2]CC(=O)NC(C(=O)N1CC(O)CC1C(=O)NC(C)c1ccc(-c2scnc2C)cc1)C(C)(C)C,[*:1]CC(=O)NCCOCCOCCOC[*:2]
CNC(C)C(=O)NC(C(=O)N1CC(NC(=O)COCCOCCOCCN2CCN(c3ccc(Nc4ncc5c(C)c(C(C)=O)c(=O)n(C6CCCC6)c5n4)nc3)CC2)CC1C(=O)Nc1c(F)cccc1F)C(C)(C)C,[*:1]N1CCN(c2ccc(Nc3ncc4c(C)c(C(C)=O)c(=O)n(C5CCCC5)c4n3)nc2)CC1,[*:2]NC1CC(C(=O)Nc2c(F)cccc2F)N(C(=O)C(NC(=O)C(C)NC)C(C)(C)C)C1,[*:1]CCOCCOCCOCC([*:2])=O
Cc1ncsc1-c1ccc(C(C)NC(=O)C2CC(O)CN2C(=O)C(NC(=O)COCOCOCCNC(=O)CCc2ccc(S(=O)(=O)Nc3cc(C)c(=O)n(C)c3Nc3ccc(I)cc3F)cc2)C(C)(C)C)cc1,[*:1]c1ccc(S(=O)(=O)Nc2cc(C)c(=O)n(C)c2Nc2ccc(I)cc2F)cc1,[*:2]CC(=O)NC(C(=O)N1CC(O)CC1C(=O)NC(C)c1ccc(-c2scnc2C)cc1)C(C)(C)C,[*:1]CCC(=O)NCCOCOCO[*:2]
Cc1ncsc1-c1ccc(C(C)NC(=O)C2CC(O)CN2C(=O)C(NC(=O)COCOCOCOCCNC(=O)CCc2ccc(S(=O)(=O)Nc3cc(C)c(=O)n(C)c3Nc3ccc(I)cc3F)cc2)C(C)(C)C)cc1,[*:1]c1ccc(S(=O)(=O)Nc2cc(C)c(=O)n(C)c2Nc2ccc(I)cc2F)cc1,[*:2]CC(=O)NC(C(=O)N1CC(O)CC1C(=O)NC(C)c1ccc(-c2scnc2C)cc1)C(C)(C)C,[*:1]CCC(=O)NCCOCOCOCO[*:2]
Cc1ncsc1-c1ccc(C(C)NC(=O)C2CC(O)CN2C(=O)C(NC(=O)COCOCOCCNC(=O)COc2ccc(S(=O)(=O)Nc3cc(C)c(=O)n(C)c3Nc3ccc(I)cc3F)cc2)C(C)(C)C)cc1,[*:1]c1ccc(S(=O)(=O)Nc2cc(C)c(=O)n(C)c2Nc2ccc(I)cc2F)cc1,[*:2]CC(=O)NC(C(=O)N1CC(O)CC1C(=O)NC(C)c1ccc(-c2scnc2C)cc1)C(C)(C)C,[*:1]OCC(=O)NCCOCOCO[*:2]
CC(C)(C=C(C#N)C(=O)N1CCCC(n2nc(-c3ccc(Oc4ccccc4)cc3)c3c(N)ncnc32)C1)CCCOCCOCCOCCOCCOc1cccc2c1C(=O)N(C1CCC(=O)NC1=O)C2=O,[*:1]N1CCCC(n2nc(-c3ccc(Oc4ccccc4)cc3)c3c(N)ncnc32)C1,[*:2]c1cccc2c1C(=O)N(C1CCC(=O)NC1=O)C2=O,[*:1]C(=O)C(C#N)=CC(C)(C)CCCOCCOCCOCCOCCO[*:2]
Nc1ncnc2c1c(-c1ccc(Oc3ccccc3)cc1)nn2C1CCCN(C(=O)CCCCCCOCCOCCOCCOCCOc2cccc3c2C(=O)N(C2CCC(=O)NC2=O)C3=O)C1,[*:1]N1CCCC(n2nc(-c3ccc(Oc4ccccc4)cc3)c3c(N)ncnc32)C1,[*:2]c1cccc2c1C(=O)N(C1CCC(=O)NC1=O)C2=O,[*:1]C(=O)CCCCCCOCCOCCOCCOCCO[*:2]
Nc1ncnc2c1c(-c1ccc(Oc3ccccc3)cc1)nn2C1CCCN(C(=O)C=CCCCCOCCOCCOCCOCCOc2cccc3c2C(=O)N(C2CCC(=O)NC2=O)C3=O)C1,[*:1]C=CC(=O)N1CCCC(n2nc(-c3ccc(Oc4ccccc4)cc3)c3c(N)ncnc32)C1,[*:2]c1cccc2c1C(=O)N(C1CCC(=O)NC1=O)C2=O,[*:1]CCCCOCCOCCOCCOCCO[*:2]
Nc1ncnc2c1c(-c1ccc(Oc3ccccc3)cc1)nn2C1CCCN(C(=O)C=CCOCCOCCOCCOCCOCCOc2cccc3c2C(=O)N(C2CCC(=O)NC2=O)C3=O)C1,[*:1]C=CC(=O)N1CCCC(n2nc(-c3ccc(Oc4ccccc4)cc3)c3c(N)ncnc32)C1,[*:2]c1cccc2c1C(=O)N(C1CCC(=O)NC1=O)C2=O,[*:1]COCCOCCOCCOCCOCCO[*:2]
N#CC(=CCCCCOCCOCCOCCOCCOc1cccc2c1C(=O)N(C1CCC(=O)NC1=O)C2=O)C(=O)N1CCCC(n2nc(-c3ccc(Oc4ccccc4)cc3)c3c(N)ncnc32)C1,[*:1]N1CCCC(n2nc(-c3ccc(Oc4ccccc4)cc3)c3c(N)ncnc32)C1,[*:2]c1cccc2c1C(=O)N(C1CCC(=O)NC1=O)C2=O,[*:1]C(=O)C(C#N)=CCCCCOCCOCCOCCOCCO[*:2]
N#CC(=CCOCCOCCOCCOCCOCCOc1cccc2c1C(=O)N(C1CCC(=O)NC1=O)C2=O)C(=O)N1CCCC(n2nc(-c3ccc(Oc4ccccc4)cc3)c3c(N)ncnc32)C1,[*:1]N1CCCC(n2nc(-c3ccc(Oc4ccccc4)cc3)c3c(N)ncnc32)C1,[*:2]c1cccc2c1C(=O)N(C1CCC(=O)NC1=O)C2=O,[*:1]C(=O)C(C#N)=CCOCCOCCOCCOCCOCCO[*:2]
CNC(C)C(=O)NC(C(=O)N1Cc2cc(OCCOCCOCCOCCOc3cc4nccc(Nc5ccc6scnc6c5)c4cc3S(=O)(=O)C(C)(C)C)ccc2CC1C(=O)NC1CCCc2ccccc21)C(C)(C)C,[*:1]COc1cc2nccc(Nc3ccc4scnc4c3)c2cc1S(=O)(=O)C(C)(C)C,[*:2]c1ccc2c(c1)CN(C(=O)C(NC(=O)C(C)NC)C(C)(C)C)C(C(=O)NC1CCCc3ccccc31)C2,[*:1]COCCOCCOCCO[*:2]
CCC(=C(c1ccc(O)cc1)c1ccc(OCCN(C)CCOCCOCCOCC(=O)NC(C(=O)N2CC(O)CC2C(=O)NCc2ccc(-c3scnc3C)cc2)C(C)(C)C)cc1)c1ccccc1,[*:1]CN(C)CCOc1ccc(C(=C(CC)c2ccccc2)c2ccc(O)cc2)cc1,[*:2]CC(=O)NC(C(=O)N1CC(O)CC1C(=O)NCc1ccc(-c2scnc2C)cc1)C(C)(C)C,[*:1]COCCOCCO[*:2]
CCC(=C(c1ccc(O)cc1)c1ccc(OCCN(C)CCOCCOCCOCC(=O)NC(C(=O)N2CC(O)CC2C(=O)NCc2ccc(-c3scnc3C)cc2)C(C)C)cc1)c1ccccc1,[*:1]CN(C)CCOc1ccc(C(=C(CC)c2ccccc2)c2ccc(O)cc2)cc1,[*:2]CC(=O)NC(C(=O)N1CC(O)CC1C(=O)NCc1ccc(-c2scnc2C)cc1)C(C)C,[*:1]COCCOCCO[*:2]
Cc1ccnc(C(C)C)c1-n1c(=O)nc(N2CCN(C(=O)C=CCOCCOCCOCCOCCOCCOc3cccc4c3C(=O)N(C3CCC(=O)NC3=O)C4=O)CC2C)c2cc(F)c(-c3c(O)cccc3F)nc21,[*:1]C=CC(=O)N1CCN(c2nc(=O)n(-c3c(C)ccnc3C(C)C)c3nc(-c4c(O)cccc4F)c(F)cc23)C(C)C1,[*:2]c1cccc2c1C(=O)N(C1CCC(=O)NC1=O)C2=O,[*:1]COCCOCCOCCOCCOCCO[*:2]
Cc1ncsc1-c1ccc(CNC(=O)C2CC(O)CN2C(=O)C(NC(=O)CCCCC(=O)Nc2ccc(C(=O)Nc3ccccc3N)cc2)C(C)(C)C)cc1,[*:1]CC(=O)Nc1ccc(C(=O)Nc2ccccc2N)cc1,[*:2]CC(=O)NC(C(=O)N1CC(O)CC1C(=O)NCc1ccc(-c2scnc2C)cc1)C(C)(C)C,[*:1]CC[*:2]
Cc1ncsc1-c1ccc(CNC(=O)C2CC(O)CN2C(=O)C(NC(=O)CCCCCCCCCCC(=O)Nc2ccc(C(=O)Nc3ccccc3N)cc2)C(C)(C)C)cc1,[*:1]CC(=O)Nc1ccc(C(=O)Nc2ccccc2N)cc1,[*:2]CC(=O)NC(C(=O)N1CC(O)CC1C(=O)NCc1ccc(-c2scnc2C)cc1)C(C)(C)C,[*:1]CCCCCCCC[*:2]
Cc1ncsc1-c1ccc(C(C)NC(=O)C2CC(O)CN2C(=O)C(NC(=O)CCNC(=O)CC(=O)Nc2cccc(Sc3ncc(N4CCC(C)(N)CC4)nc3N)c2Cl)C(C)(C)C)cc1,[*:1]CC(=O)Nc1cccc(Sc2ncc(N3CCC(C)(N)CC3)nc2N)c1Cl,[*:2]CC(=O)NC(C(=O)N1CC(O)CC1C(=O)NC(C)c1ccc(-c2scnc2C)cc1)C(C)(C)C,[*:1]C(=O)NC[*:2]
Cc1ncsc1-c1ccc(C(C)NC(=O)C2CC(O)CN2C(=O)C(NC(=O)CCCNC(=O)CC(=O)Nc2cccc(Sc3ncc(N4CCC(C)(N)CC4)nc3N)c2Cl)C(C)(C)C)cc1,[*:1]CC(=O)Nc1cccc(Sc2ncc(N3CCC(C)(N)CC3)nc2N)c1Cl,[*:2]CC(=O)NC(C(=O)N1CC(O)CC1C(=O)NC(C)c1ccc(-c2scnc2C)cc1)C(C)(C)C,[*:1]C(=O)NCC[*:2]
Cc1ncsc1-c1ccc(C(C)NC(=O)C2CC(O)CN2C(=O)C(NC(=O)CCCCNC(=O)CC(=O)Nc2cccc(Sc3ncc(N4CCC(C)(N)CC4)nc3N)c2Cl)C(C)(C)C)cc1,[*:1]CC(=O)Nc1cccc(Sc2ncc(N3CCC(C)(N)CC3)nc2N)c1Cl,[*:2]CC(=O)NC(C(=O)N1CC(O)CC1C(=O)NC(C)c1ccc(-c2scnc2C)cc1)C(C)(C)C,[*:1]C(=O)NCCC[*:2]
Cc1ncsc1-c1ccc(C(C)NC(=O)C2CC(O)CN2C(=O)C(NC(=O)CCCCCNC(=O)CC(=O)Nc2cccc(Sc3ncc(N4CCC(C)(N)CC4)nc3N)c2Cl)C(C)(C)C)cc1,[*:1]CC(=O)Nc1cccc(Sc2ncc(N3CCC(C)(N)CC3)nc2N)c1Cl,[*:2]CC(=O)NC(C(=O)N1CC(O)CC1C(=O)NC(C)c1ccc(-c2scnc2C)cc1)C(C)(C)C,[*:1]C(=O)NCCCC[*:2]
Cc1ncsc1-c1ccc(C(C)NC(=O)C2CC(O)CN2C(=O)C(NC(=O)CCCCCCNC(=O)CC(=O)Nc2cccc(Sc3ncc(N4CCC(C)(N)CC4)nc3N)c2Cl)C(C)(C)C)cc1,[*:1]CC(=O)Nc1cccc(Sc2ncc(N3CCC(C)(N)CC3)nc2N)c1Cl,[*:2]CC(=O)NC(C(=O)N1CC(O)CC1C(=O)NC(C)c1ccc(-c2scnc2C)cc1)C(C)(C)C,[*:1]C(=O)NCCCCC[*:2]
Cc1ncsc1-c1ccc(C(C)NC(=O)C2CC(O)CN2C(=O)C(NC(=O)CCCCCCCNC(=O)CC(=O)Nc2cccc(Sc3ncc(N4CCC(C)(N)CC4)nc3N)c2Cl)C(C)(C)C)cc1,[*:1]CC(=O)Nc1cccc(Sc2ncc(N3CCC(C)(N)CC3)nc2N)c1Cl,[*:2]CC(=O)NC(C(=O)N1CC(O)CC1C(=O)NC(C)c1ccc(-c2scnc2C)cc1)C(C)(C)C,[*:1]C(=O)NCCCCCC[*:2]
Cc1ncsc1-c1ccc(C(C)NC(=O)C2CC(O)CN2C(=O)C(NC(=O)CCCCCCCCNC(=O)CC(=O)Nc2cccc(Sc3ncc(N4CCC(C)(N)CC4)nc3N)c2Cl)C(C)(C)C)cc1,[*:1]CC(=O)Nc1cccc(Sc2ncc(N3CCC(C)(N)CC3)nc2N)c1Cl,[*:2]CC(=O)NC(C(=O)N1CC(O)CC1C(=O)NC(C)c1ccc(-c2scnc2C)cc1)C(C)(C)C,[*:1]C(=O)NCCCCCCC[*:2]
Cc1ncsc1-c1ccc(C(C)NC(=O)C2CC(O)CN2C(=O)C(NC(=O)CCCCCCCCCNC(=O)CC(=O)Nc2cccc(Sc3ncc(N4CCC(C)(N)CC4)nc3N)c2Cl)C(C)(C)C)cc1,[*:1]CC(=O)Nc1cccc(Sc2ncc(N3CCC(C)(N)CC3)nc2N)c1Cl,[*:2]CC(=O)NC(C(=O)N1CC(O)CC1C(=O)NC(C)c1ccc(-c2scnc2C)cc1)C(C)(C)C,[*:1]C(=O)NCCCCCCCC[*:2]
Cc1ncsc1-c1ccc(C(C)NC(=O)C2CC(O)CN2C(=O)C(NC(=O)CCCCCCCCCCNC(=O)CC(=O)Nc2cccc(Sc3ncc(N4CCC(C)(N)CC4)nc3N)c2Cl)C(C)(C)C)cc1,[*:1]CC(=O)Nc1cccc(Sc2ncc(N3CCC(C)(N)CC3)nc2N)c1Cl,[*:2]CC(=O)NC(C(=O)N1CC(O)CC1C(=O)NC(C)c1ccc(-c2scnc2C)cc1)C(C)(C)C,[*:1]C(=O)NCCCCCCCCC[*:2]
Cc1ncsc1-c1ccc(C(C)NC(=O)C2CC(O)CN2C(=O)C(NC(=O)CCCCCCCCCCCNC(=O)CC(=O)Nc2cccc(Sc3ncc(N4CCC(C)(N)CC4)nc3N)c2Cl)C(C)(C)C)cc1,[*:1]CC(=O)Nc1cccc(Sc2ncc(N3CCC(C)(N)CC3)nc2N)c1Cl,[*:2]CC(=O)NC(C(=O)N1CC(O)CC1C(=O)NC(C)c1ccc(-c2scnc2C)cc1)C(C)(C)C,[*:1]C(=O)NCCCCCCCCCC[*:2]
Cc1ncsc1-c1ccc(C(C)NC(=O)C2CC(O)CN2C(=O)C(NC(=O)CCCCCCCCCCNC(=O)CCC(=O)Nc2cccc(Sc3ncc(N4CCC(C)(N)CC4)nc3N)c2Cl)C(C)(C)C)cc1,[*:1]CC(=O)Nc1cccc(Sc2ncc(N3CCC(C)(N)CC3)nc2N)c1Cl,[*:2]CC(=O)NC(C(=O)N1CC(O)CC1C(=O)NC(C)c1ccc(-c2scnc2C)cc1)C(C)(C)C,[*:1]CC(=O)NCCCCCCCCC[*:2]
Cc1ncsc1-c1ccc(C(C)NC(=O)C2CC(O)CN2C(=O)C(NC(=O)CCCCCCCCCCCNC(=O)CCC(=O)Nc2cccc(Sc3ncc(N4CCC(C)(N)CC4)nc3N)c2Cl)C(C)(C)C)cc1,[*:1]CC(=O)Nc1cccc(Sc2ncc(N3CCC(C)(N)CC3)nc2N)c1Cl,[*:2]CC(=O)NC(C(=O)N1CC(O)CC1C(=O)NC(C)c1ccc(-c2scnc2C)cc1)C(C)(C)C,[*:1]CC(=O)NCCCCCCCCCC[*:2]
Cc1ncsc1-c1ccc(C(C)NC(=O)C2CC(O)CN2C(=O)C(NC(=O)CCCCCCCCCCCNC(=O)CCCC(=O)Nc2cccc(Sc3ncc(N4CCC(C)(N)CC4)nc3N)c2Cl)C(C)(C)C)cc1,[*:1]CC(=O)Nc1cccc(Sc2ncc(N3CCC(C)(N)CC3)nc2N)c1Cl,[*:2]CC(=O)NC(C(=O)N1CC(O)CC1C(=O)NC(C)c1ccc(-c2scnc2C)cc1)C(C)(C)C,[*:1]CCC(=O)NCCCCCCCCCC[*:2]
Cc1ncsc1-c1ccc(C(C)NC(=O)C2CC(O)CN2C(=O)C(NC(=O)COCCOCCOCCNC(=O)CCC(=O)CCC(=O)Nc2cccc(Sc3ncc(N4CCC(C)(N)CC4)nc3N)c2Cl)C(C)(C)C)cc1,[*:1]CC(=O)Nc1cccc(Sc2ncc(N3CCC(C)(N)CC3)nc2N)c1Cl,[*:2]CC(=O)NC(C(=O)N1CC(O)CC1C(=O)NC(C)c1ccc(-c2scnc2C)cc1)C(C)(C)C,[*:1]CC(=O)CCC(=O)NCCOCCOCCO[*:2]
Cc1ncsc1-c1ccc(C(C)NC(=O)C2CC(O)CN2C(=O)C(NC(=O)CCOCCOCCOCCNC(=O)CCC(=O)CCC(=O)Nc2cccc(Sc3ncc(N4CCC(C)(N)CC4)nc3N)c2Cl)C(C)(C)C)cc1,[*:1]CC(=O)Nc1cccc(Sc2ncc(N3CCC(C)(N)CC3)nc2N)c1Cl,[*:2]CC(=O)NC(C(=O)N1CC(O)CC1C(=O)NC(C)c1ccc(-c2scnc2C)cc1)C(C)(C)C,[*:1]CC(=O)CCC(=O)NCCOCCOCCOC[*:2]
Cc1ncsc1-c1ccc(C(C)NC(=O)C2CC(O)CN2C(=O)C(NC(=O)CCOCCOCCOCCOCCNC(=O)CCC(=O)CCC(=O)Nc2cccc(Sc3ncc(N4CCC(C)(N)CC4)nc3N)c2Cl)C(C)(C)C)cc1,[*:1]CC(=O)Nc1cccc(Sc2ncc(N3CCC(C)(N)CC3)nc2N)c1Cl,[*:2]CC(=O)NC(C(=O)N1CC(O)CC1C(=O)NC(C)c1ccc(-c2scnc2C)cc1)C(C)(C)C,[*:1]CC(=O)CCC(=O)NCCOCCOCCOCCOC[*:2]
Cc1ncsc1-c1ccc(C(C)NC(=O)C2CC(O)CN2C(=O)C(NC(=O)CCCCCCCCCCN2CCN(CC(=O)Nc3cccc(Sc4ncc(N5CCC(C)(N)CC5)nc4N)c3Cl)CC2)C(C)(C)C)cc1,[*:1]CC(=O)Nc1cccc(Sc2ncc(N3CCC(C)(N)CC3)nc2N)c1Cl,[*:2]CC(=O)NC(C(=O)N1CC(O)CC1C(=O)NC(C)c1ccc(-c2scnc2C)cc1)C(C)(C)C,[*:1]N1CCN(CCCCCCCCC[*:2])CC1
Cc1ncsc1-c1ccc(C(C)NC(=O)C2CC(O)CN2C(=O)C(NC(=O)CCCCCCCCCCCN2CCN(CC(=O)Nc3cccc(Sc4ncc(N5CCC(C)(N)CC5)nc4N)c3Cl)CC2)C(C)(C)C)cc1,[*:1]CC(=O)Nc1cccc(Sc2ncc(N3CCC(C)(N)CC3)nc2N)c1Cl,[*:2]CC(=O)NC(C(=O)N1CC(O)CC1C(=O)NC(C)c1ccc(-c2scnc2C)cc1)C(C)(C)C,[*:1]N1CCN(CCCCCCCCCC[*:2])CC1
Cc1ncsc1-c1ccc(C(C)NC(=O)C2CC(O)CN2C(=O)C(NC(=O)CCCCCCCCCCCCCCC(=O)Nc2cccc(Sc3ncc(N4CCC(C)(N)CC4)nc3N)c2Cl)C(C)(C)C)cc1,[*:1]CC(=O)Nc1cccc(Sc2ncc(N3CCC(C)(N)CC3)nc2N)c1Cl,[*:2]CC(=O)NC(C(=O)N1CC(O)CC1C(=O)NC(C)c1ccc(-c2scnc2C)cc1)C(C)(C)C,[*:1]CCCCCCCCCCCC[*:2]
Cc1ncsc1-c1ccc(C(C)NC(=O)C2CC(O)CN2C(=O)C(NC(=O)CCCCCCCCN2CCN(C(=O)CCC(=O)Nc3cccc(Sc4ncc(N5CCC(C)(N)CC5)nc4N)c3Cl)CC2)C(C)(C)C)cc1,[*:1]CC(=O)Nc1cccc(Sc2ncc(N3CCC(C)(N)CC3)nc2N)c1Cl,[*:2]CC(=O)NC(C(=O)N1CC(O)CC1C(=O)NC(C)c1ccc(-c2scnc2C)cc1)C(C)(C)C,[*:1]CC(=O)N1CCN(CCCCCCC[*:2])CC1
Cc1ncsc1-c1ccc(C(C)NC(=O)C2CC(O)CN2C(=O)C(NC(=O)CCCCCCCCCN2CCN(C(=O)CCC(=O)Nc3cccc(Sc4ncc(N5CCC(C)(N)CC5)nc4N)c3Cl)CC2)C(C)(C)C)cc1,[*:1]CC(=O)Nc1cccc(Sc2ncc(N3CCC(C)(N)CC3)nc2N)c1Cl,[*:2]CC(=O)NC(C(=O)N1CC(O)CC1C(=O)NC(C)c1ccc(-c2scnc2C)cc1)C(C)(C)C,[*:1]CC(=O)N1CCN(CCCCCCCC[*:2])CC1
Cc1ncsc1-c1ccc(C(C)NC(=O)C2CC(O)CN2C(=O)C(NC(=O)CCCCCCCN2CCN(C(=O)CCC(=O)Nc3cccc(Sc4ncc(N5CCC(C)(N)CC5)nc4N)c3Cl)CC2)C(C)(C)C)cc1,[*:1]CC(=O)Nc1cccc(Sc2ncc(N3CCC(C)(N)CC3)nc2N)c1Cl,[*:2]CC(=O)NC(C(=O)N1CC(O)CC1C(=O)NC(C)c1ccc(-c2scnc2C)cc1)C(C)(C)C,[*:1]CC(=O)N1CCN(CCCCCC[*:2])CC1
Cc1ncsc1-c1ccc(C(C)NC(=O)C2CC(O)CN2C(=O)C(NC(=O)CCCCN2CCN(CCCCNC(=O)CCC(=O)Nc3cccc(Sc4ncc(N5CCC(C)(N)CC5)nc4N)c3Cl)CC2)C(C)(C)C)cc1,[*:1]CC(=O)Nc1cccc(Sc2ncc(N3CCC(C)(N)CC3)nc2N)c1Cl,[*:2]CC(=O)NC(C(=O)N1CC(O)CC1C(=O)NC(C)c1ccc(-c2scnc2C)cc1)C(C)(C)C,[*:1]CC(=O)NCCCCN1CCN(CCC[*:2])CC1
Cc1ncsc1-c1ccc(CNC(=O)C2CC(O)CN2C(=O)C(NC(=O)COCCOCCOCCOCC(=O)NC(C(=O)N2CC(O)CC2C(=O)NCc2ccc(-c3scnc3C)cc2)C(C)(C)C)C(C)(C)C)cc1,[*:1]CC(=O)NC(C(=O)N1CC(O)CC1C(=O)NCc1ccc(-c2scnc2C)cc1)C(C)(C)C,[*:2]CC(=O)NC(C(=O)N1CC(O)CC1C(=O)NCc1ccc(-c2scnc2C)cc1)C(C)(C)C,[*:1]OCCOCCOCCO[*:2]
Cc1ncsc1-c1ccc(CNC(=O)C2CC(O)CN2C(=O)C(NC(=O)COCCOCCOCCOCCOCC(=O)NC(C(=O)N2CC(O)CC2C(=O)NCc2ccc(-c3scnc3C)cc2)C(C)(C)C)C(C)(C)C)cc1,[*:1]CC(=O)NC(C(=O)N1CC(O)CC1C(=O)NCc1ccc(-c2scnc2C)cc1)C(C)(C)C,[*:2]CC(=O)NC(C(=O)N1CC(O)CC1C(=O)NCc1ccc(-c2scnc2C)cc1)C(C)(C)C,[*:1]OCCOCCOCCOCCO[*:2]
Cc1ncsc1-c1ccc(CNC(=O)C2CC(O)CN2C(=O)C(NC(=O)COCCOCCOCCOCCOCCOCC(=O)NC(C(=O)N2CC(O)CC2C(=O)NCc2ccc(-c3scnc3C)cc2)C(C)(C)C)C(C)(C)C)cc1,[*:1]CC(=O)NC(C(=O)N1CC(O)CC1C(=O)NCc1ccc(-c2scnc2C)cc1)C(C)(C)C,[*:2]CC(=O)NC(C(=O)N1CC(O)CC1C(=O)NCc1ccc(-c2scnc2C)cc1)C(C)(C)C,[*:1]OCCOCCOCCOCCOCCO[*:2]
CC(=O)NC(C(=O)N1CC(O)CC1C(=O)NCc1ccc(-c2scnc2C)cc1OCCOCCOCCOCCOCCOc1cc(-c2scnc2C)ccc1CNC(=O)C1CC(O)CN1C(=O)C(NC(C)=O)C(C)(C)C)C(C)(C)C,[*:1]c1cc(-c2scnc2C)ccc1CNC(=O)C1CC(O)CN1C(=O)C(NC(C)=O)C(C)(C)C,[*:2]c1cc(-c2scnc2C)ccc1CNC(=O)C1CC(O)CN1C(=O)C(NC(C)=O)C(C)(C)C,[*:1]OCCOCCOCCOCCOCCO[*:2]
CC(=O)NC(C(=O)N1CC(O)CC1C(=O)NCc1ccc(-c2scnc2C)cc1OCCOCCOCCOCCOCCOCC(=O)NC(C(=O)N1CC(O)CC1C(=O)NCc1ccc(-c2scnc2C)cc1)C(C)(C)C)C(C)(C)C,[*:1]c1cc(-c2scnc2C)ccc1CNC(=O)C1CC(O)CN1C(=O)C(NC(C)=O)C(C)(C)C,[*:2]CC(=O)NC(C(=O)N1CC(O)CC1C(=O)NCc1ccc(-c2scnc2C)cc1)C(C)(C)C,[*:1]OCCOCCOCCOCCOCCO[*:2]
Cc1ncsc1-c1ccc(CNC(=O)C2CC(O)CN2C(=O)C(NC(=O)C2(C#N)CC2)C(C)(C)C)c(OCCOCCOCCOCCOCCOc2cc(-c3scnc3C)ccc2CNC(=O)C2CC(O)CN2C(=O)C(NC(=O)C2(C#N)CC2)C(C)(C)C)c1,[*:1]c1cc(-c2scnc2C)ccc1CNC(=O)C1CC(O)CN1C(=O)C(NC(=O)C1(C#N)CC1)C(C)(C)C,[*:2]c1cc(-c2scnc2C)ccc1CNC(=O)C1CC(O)CN1C(=O)C(NC(=O)C1(C#N)CC1)C(C)(C)C,[*:1]OCCOCCOCCOCCOCCO[*:2]
Cc1ncsc1-c1ccc(CNC(=O)C2CC(O)CN2C(=O)C(NC(=O)COCCOCCOCCOCCOCCOc2cc(-c3scnc3C)ccc2CNC(=O)C2CC(O)CN2C(=O)C(NC(=O)C2(C#N)CC2)C(C)(C)C)C(C)(C)C)cc1,[*:1]c1cc(-c2scnc2C)ccc1CNC(=O)C1CC(O)CN1C(=O)C(NC(=O)C1(C#N)CC1)C(C)(C)C,[*:2]CC(=O)NC(C(=O)N1CC(O)CC1C(=O)NCc1ccc(-c2scnc2C)cc1)C(C)(C)C,[*:1]OCCOCCOCCOCCOCCO[*:2]
Cc1ncsc1-c1ccc(CNC(=O)C2CC(O)CN2C(=O)C(NC(=O)COCCOCCOCC(=O)NCCNc2cccc3c2C(=O)N(C2CCC(=O)NC2=O)C3=O)C(C)(C)C)cc1,[*:1]CC(=O)NC(C(=O)N1CC(O)CC1C(=O)NCc1ccc(-c2scnc2C)cc1)C(C)(C)C,[*:2]Nc1cccc2c1C(=O)N(C1CCC(=O)NC1=O)C2=O,[*:1]OCCOCCOCC(=O)NCC[*:2]
Cc1ncsc1-c1ccc(CNC(=O)C2CC(O)CN2C(=O)C(NC(=O)COCCOCCOCCOCCOCC(=O)NCCNc2cccc3c2C(=O)N(C2CCC(=O)NC2=O)C3=O)C(C)(C)C)cc1,[*:1]CC(=O)NC(C(=O)N1CC(O)CC1C(=O)NCc1ccc(-c2scnc2C)cc1)C(C)(C)C,[*:2]Nc1cccc2c1C(=O)N(C1CCC(=O)NC1=O)C2=O,[*:1]OCCOCCOCCOCCOCC(=O)NCC[*:2]
Cc1ncsc1-c1ccc(CNC(=O)C2CC(O)CN2C(=O)C(NC(=O)COCCCCCOCCOCCCCCOCC(=O)NCCNc2cccc3c2C(=O)N(C2CCC(=O)NC2=O)C3=O)C(C)(C)C)cc1,[*:1]CC(=O)NC(C(=O)N1CC(O)CC1C(=O)NCc1ccc(-c2scnc2C)cc1)C(C)(C)C,[*:2]Nc1cccc2c1C(=O)N(C1CCC(=O)NC1=O)C2=O,[*:1]OCCCCCOCCOCCCCCOCC(=O)NCC[*:2]
Cc1ncsc1-c1ccc(CNC(=O)C2CC(O)CN2C(=O)C(NC(=O)COCCCCCCOCC(=O)NCCNc2cccc3c2C(=O)N(C2CCC(=O)NC2=O)C3=O)C(C)(C)C)cc1,[*:1]CC(=O)NC(C(=O)N1CC(O)CC1C(=O)NCc1ccc(-c2scnc2C)cc1)C(C)(C)C,[*:2]Nc1cccc2c1C(=O)N(C1CCC(=O)NC1=O)C2=O,[*:1]OCCCCCCOCC(=O)NCC[*:2]
Cc1ncsc1-c1ccc(CNC(=O)C2CC(O)CN2C(=O)C(NC(=O)COCCOCCOCCOCCOCCOCC(=O)NCCNc2cccc3c2C(=O)N(C2CCC(=O)NC2=O)C3=O)C(C)(C)C)cc1,[*:1]CC(=O)NC(C(=O)N1CC(O)CC1C(=O)NCc1ccc(-c2scnc2C)cc1)C(C)(C)C,[*:2]Nc1cccc2c1C(=O)N(C1CCC(=O)NC1=O)C2=O,[*:1]OCCOCCOCCOCCOCCOCC(=O)NCC[*:2]
Cc1ncsc1-c1ccc(CNC(=O)C2CC(O)CN2C(=O)C(NC(=O)COCCOCCOCCOCCOCCOCCOCCOCCOCC(=O)NCCNc2cccc3c2C(=O)N(C2CCC(=O)NC2=O)C3=O)C(C)(C)C)cc1,[*:1]CC(=O)NC(C(=O)N1CC(O)CC1C(=O)NCc1ccc(-c2scnc2C)cc1)C(C)(C)C,[*:2]Nc1cccc2c1C(=O)N(C1CCC(=O)NC1=O)C2=O,[*:1]OCCOCCOCCOCCOCCOCCOCCOCCOCC(=O)NCC[*:2]
Cc1ncsc1-c1ccc(CNC(=O)C2CC(O)CN2C(=O)C(NC(=O)COCCOCCOCCOCC(=O)NCCNc2cccc3c2C(=O)N(C2CCC(=O)NC2=O)C3=O)C(C)(C)C)cc1,[*:1]CC(=O)NC(C(=O)N1CC(O)CC1C(=O)NCc1ccc(-c2scnc2C)cc1)C(C)(C)C,[*:2]Nc1cccc2c1C(=O)N(C1CCC(=O)NC1=O)C2=O,[*:1]OCCOCCOCCOCC(=O)NCC[*:2]
Cc1ncsc1-c1ccc(CNC(=O)C2CC(O)CN2C(=O)C(NC(=O)C2(F)CC2)C(C)(C)C)c(OCCOCCOCCOCC(=O)NCCNc2cccc3c2C(=O)N(C2CCC(=O)NC2=O)C3=O)c1,[*:1]Oc1cc(-c2scnc2C)ccc1CNC(=O)C1CC(O)CN1C(=O)C(NC(=O)C1(F)CC1)C(C)(C)C,[*:2]Nc1cccc2c1C(=O)N(C1CCC(=O)NC1=O)C2=O,[*:1]CCOCCOCCOCC(=O)NCC[*:2]
Cc1ncsc1-c1ccc(CNC(=O)C2CC(O)CN2C(=O)C(NC(=O)C2(F)CC2)C(C)(C)C)c(OCCOCCOCCOCCOCCOCC(=O)NCCNc2cccc3c2C(=O)N(C2CCC(=O)NC2=O)C3=O)c1,[*:1]Oc1cc(-c2scnc2C)ccc1CNC(=O)C1CC(O)CN1C(=O)C(NC(=O)C1(F)CC1)C(C)(C)C,[*:2]Nc1cccc2c1C(=O)N(C1CCC(=O)NC1=O)C2=O,[*:1]CCOCCOCCOCCOCCOCC(=O)NCC[*:2]
Cc1ncsc1-c1ccc(CNC(=O)C2CC(O)CN2C(=O)C(NC(=O)C2(F)CC2)C(C)(C)C)c(OCCCCC(=O)NCCNc2cccc3c2C(=O)N(C2CCC(=O)NC2=O)C3=O)c1,[*:1]Oc1cc(-c2scnc2C)ccc1CNC(=O)C1CC(O)CN1C(=O)C(NC(=O)C1(F)CC1)C(C)(C)C,[*:2]Nc1cccc2c1C(=O)N(C1CCC(=O)NC1=O)C2=O,[*:1]CCCCC(=O)NCC[*:2]
Cc1ncsc1-c1ccc(CNC(=O)C2CC(O)CN2C(=O)C(NC(=O)C2(F)CC2)C(C)(C)SCCOCCOCCOCC(=O)NCCNc2cccc3c2C(=O)N(C2CCC(=O)NC2=O)C3=O)cc1,[*:1]Nc1cccc2c1C(=O)N(C1CCC(=O)NC1=O)C2=O,[*:2]C(C)(C)C(NC(=O)C1(F)CC1)C(=O)N1CC(O)CC1C(=O)NCc1ccc(-c2scnc2C)cc1,[*:1]CCNC(=O)COCCOCCOCCS[*:2]
Cc1ncsc1-c1ccc(CNC(=O)C2CC(O)CN2C(=O)C(NC(=O)C2(F)CC2)C(C)(C)SCCOCCOCCOCCOCCOCC(=O)NCCNc2cccc3c2C(=O)N(C2CCC(=O)NC2=O)C3=O)cc1,[*:1]Nc1cccc2c1C(=O)N(C1CCC(=O)NC1=O)C2=O,[*:2]C(C)(C)C(NC(=O)C1(F)CC1)C(=O)N1CC(O)CC1C(=O)NCc1ccc(-c2scnc2C)cc1,[*:1]CCNC(=O)COCCOCCOCCOCCOCCS[*:2]
Cc1ncsc1-c1ccc(CNC(=O)C2CC(O)CN2C(=O)C(NC(=O)C2(F)CC2)C(C)(C)SCCCCC(=O)NCCNc2cccc3c2C(=O)N(C2CCC(=O)NC2=O)C3=O)cc1,[*:1]Nc1cccc2c1C(=O)N(C1CCC(=O)NC1=O)C2=O,[*:2]C(C)(C)C(NC(=O)C1(F)CC1)C(=O)N1CC(O)CC1C(=O)NCc1ccc(-c2scnc2C)cc1,[*:1]CCNC(=O)CCCCS[*:2]
Cc1sc2c(c1C)C(c1ccc(Cl)cc1)=NC(CC(=O)NCCCCOc1ccc(Oc3ccc(N(Cc4ccccc4)C(=O)CCl)cc3)cc1)c1nnc(C)n1-2,[*:1]NC(=O)CC1N=C(c2ccc(Cl)cc2)c2c(sc(C)c2C)-n2c(C)nnc21,[*:2]COc1ccc(Oc2ccc(N(Cc3ccccc3)C(=O)CCl)cc2)cc1,[*:1]CCC[*:2]
COC(=O)CC1C2(C)C3=C(C)C(c4ccoc4-c4ccc(C(=O)NCCCNC(=O)CC5N=C(c6ccc(Cl)cc6)c6c(sc(C)c6C)-n6c(C)nnc65)cc4)CC3OC2C2OC(=O)C3(C)C=CC(=O)C1(C)C23,[*:1]NC(=O)CC1N=C(c2ccc(Cl)cc2)c2c(sc(C)c2C)-n2c(C)nnc21,[*:2]c1occc1C1CC2OC3C4OC(=O)C5(C)C=CC(=O)C(C)(C45)C(CC(=O)OC)C3(C)C2=C1C,[*:1]CCCNC(=O)c1ccc([*:2])cc1
COc1cc(N=Nc2cccc3c2CN(C2CCC(=O)NC2=O)C3=O)cc(OC)c1OCC(=O)NCCNC(=O)CC1N=C(c2ccc(Cl)cc2)c2c(sc(C)c2C)-n2c(C)nnc21,[*:1]NC(=O)CC1N=C(c2ccc(Cl)cc2)c2c(sc(C)c2C)-n2c(C)nnc21,[*:2]=Nc1cccc2c1CN(C1CCC(=O)NC1=O)C2=O,[*:1]CCNC(=O)COc1c(OC)cc(N=[*:2])cc1OC
COc1cc(N=Nc2cccc3c2CN(C2CCC(=O)NC2=O)C3=O)cc(OC)c1OCC(=O)NCCCNC(=O)CC1N=C(c2ccc(Cl)cc2)c2c(sc(C)c2C)-n2c(C)nnc21,[*:1]NC(=O)CC1N=C(c2ccc(Cl)cc2)c2c(sc(C)c2C)-n2c(C)nnc21,[*:2]=Nc1cccc2c1CN(C1CCC(=O)NC1=O)C2=O,[*:1]CCCNC(=O)COc1c(OC)cc(N=[*:2])cc1OC
COc1cc(N=Nc2cccc3c2CN(C2CCC(=O)NC2=O)C3=O)cc(OC)c1OCC(=O)NCCCCNC(=O)CC1N=C(c2ccc(Cl)cc2)c2c(sc(C)c2C)-n2c(C)nnc21,[*:1]NC(=O)CC1N=C(c2ccc(Cl)cc2)c2c(sc(C)c2C)-n2c(C)nnc21,[*:2]=Nc1cccc2c1CN(C1CCC(=O)NC1=O)C2=O,[*:1]CCCCNC(=O)COc1c(OC)cc(N=[*:2])cc1OC
COc1cc(N=Nc2cccc3c2CN(C2CCC(=O)NC2=O)C3=O)cc(OC)c1OCC(=O)NCCCCCNC(=O)CC1N=C(c2ccc(Cl)cc2)c2c(sc(C)c2C)-n2c(C)nnc21,[*:1]NC(=O)CC1N=C(c2ccc(Cl)cc2)c2c(sc(C)c2C)-n2c(C)nnc21,[*:2]=Nc1cccc2c1CN(C1CCC(=O)NC1=O)C2=O,[*:1]CCCCCNC(=O)COc1c(OC)cc(N=[*:2])cc1OC
COc1cc(N=Nc2cccc3c2CN(C2CCC(=O)NC2=O)C3=O)cc(OC)c1OCC(=O)NCCCCCCNC(=O)CC1N=C(c2ccc(Cl)cc2)c2c(sc(C)c2C)-n2c(C)nnc21,[*:1]NC(=O)CC1N=C(c2ccc(Cl)cc2)c2c(sc(C)c2C)-n2c(C)nnc21,[*:2]=Nc1cccc2c1CN(C1CCC(=O)NC1=O)C2=O,[*:1]CCCCCCNC(=O)COc1c(OC)cc(N=[*:2])cc1OC
Cc1sc2c(c1C)C(c1ccc(Cl)cc1)=NC(CC(=O)NCCNC(=O)COc1ccc(N=Nc3cccc4c3CN(C3CCC(=O)NC3=O)C4=O)cc1)c1nnc(C)n1-2,[*:1]NC(=O)CC1N=C(c2ccc(Cl)cc2)c2c(sc(C)c2C)-n2c(C)nnc21,[*:2]=Nc1cccc2c1CN(C1CCC(=O)NC1=O)C2=O,[*:1]CCNC(=O)COc1ccc(N=[*:2])cc1
Cc1sc2c(c1C)C(c1ccc(Cl)cc1)=NC(CC(=O)NCCCCNC(=O)COc1ccc(N=Nc3cccc4c3CN(C3CCC(=O)NC3=O)C4=O)cc1)c1nnc(C)n1-2,[*:1]NC(=O)CC1N=C(c2ccc(Cl)cc2)c2c(sc(C)c2C)-n2c(C)nnc21,[*:2]=Nc1cccc2c1CN(C1CCC(=O)NC1=O)C2=O,[*:1]CCCCNC(=O)COc1ccc(N=[*:2])cc1
Cc1sc2c(c1C)C(c1ccc(Cl)cc1)=NC(CC(=O)NCCCCCCNC(=O)COc1ccc(N=Nc3cccc4c3CN(C3CCC(=O)NC3=O)C4=O)cc1)c1nnc(C)n1-2,[*:1]NC(=O)CC1N=C(c2ccc(Cl)cc2)c2c(sc(C)c2C)-n2c(C)nnc21,[*:2]=Nc1cccc2c1CN(C1CCC(=O)NC1=O)C2=O,[*:1]CCCCCCNC(=O)COc1ccc(N=[*:2])cc1
COc1cc(N=Nc2ccc3c(c2)C(=O)N(C2CCC(=O)NC2=O)C3=O)cc(OC)c1OCC(=O)NCCNC(=O)CC1N=C(c2ccc(Cl)cc2)c2c(sc(C)c2C)-n2c(C)nnc21,[*:1]NC(=O)CC1N=C(c2ccc(Cl)cc2)c2c(sc(C)c2C)-n2c(C)nnc21,[*:2]=Nc1ccc2c(c1)C(=O)N(C1CCC(=O)NC1=O)C2=O,[*:1]CCNC(=O)COc1c(OC)cc(N=[*:2])cc1OC
Cc1sc2c(c1C)C(c1ccc(Cl)cc1)=NC(CC(=O)Nc1ccc(N=Nc3ccc(NC(=O)COc4cccc5c4C(=O)N(C4CCC(=O)NC4=O)C5=O)cc3)cc1)c1nnc(C)n1-2,[*:1]NC(=O)CC1N=C(c2ccc(Cl)cc2)c2c(sc(C)c2C)-n2c(C)nnc21,[*:2]c1cccc2c1C(=O)N(C1CCC(=O)NC1=O)C2=O,[*:1]c1ccc(N=Nc2ccc(NC(=O)CO[*:2])cc2)cc1
Cc1sc2c(c1C)C(c1ccc(Cl)cc1)=NC(CC(=O)NCc1ccc(N=Nc3ccc(NC(=O)COc4cccc5c4C(=O)N(C4CCC(=O)NC4=O)C5=O)cc3)cc1)c1nnc(C)n1-2,[*:1]NC(=O)CC1N=C(c2ccc(Cl)cc2)c2c(sc(C)c2C)-n2c(C)nnc21,[*:2]c1cccc2c1C(=O)N(C1CCC(=O)NC1=O)C2=O,[*:1]Cc1ccc(N=Nc2ccc(NC(=O)CO[*:2])cc2)cc1
Cc1sc2c(c1C)C(c1ccc(Cl)cc1)=NC(CC(=O)NCCc1ccc(N=Nc3ccc(NC(=O)COc4cccc5c4C(=O)N(C4CCC(=O)NC4=O)C5=O)cc3)cc1)c1nnc(C)n1-2,[*:1]NC(=O)CC1N=C(c2ccc(Cl)cc2)c2c(sc(C)c2C)-n2c(C)nnc21,[*:2]c1cccc2c1C(=O)N(C1CCC(=O)NC1=O)C2=O,[*:1]CCc1ccc(N=Nc2ccc(NC(=O)CO[*:2])cc2)cc1
Cc1sc2c(c1C)C(c1ccc(Cl)cc1)=NC(CC(=O)Nc1ccc3c(c1)CCc1cc(NC(=O)COc4cccc5c4C(=O)N(C4CCC(=O)NC4=O)C5=O)ccc1N=N3)c1nnc(C)n1-2,[*:1]NC(=O)CC1N=C(c2ccc(Cl)cc2)c2c(sc(C)c2C)-n2c(C)nnc21,[*:2]c1cccc2c1C(=O)N(C1CCC(=O)NC1=O)C2=O,[*:1]c1ccc2c(c1)CCc1cc(NC(=O)CO[*:2])ccc1N=N2
Cc1nc(Nc2ncc(C(=O)Nc3c(C)cccc3Cl)s2)cc(N2CCN(CCOc3ccc(N=Nc4ccc(C(=O)Nc5cccc6c5CN(C5CCC(=O)NC5=O)C6=O)cc4)cc3)CC2)n1,[*:1]OCCN1CCN(c2cc(Nc3ncc(C(=O)Nc4c(C)cccc4Cl)s3)nc(C)n2)CC1,[*:2]Nc1cccc2c1CN(C1CCC(=O)NC1=O)C2=O,[*:1]c1ccc(N=Nc2ccc(C([*:2])=O)cc2)cc1
CCCCN(Cc1ccc(C(=O)NO)cc1)C(=O)Nc1ccc(OCCn2cc(CCCCC(=O)NC(C(=O)N3CC(O)CC3C(=O)NCc3ccc(-c4scnc4C)cc3)C(C)(C)C)nn2)cc1,[*:1]c1ccc(NC(=O)N(CCCC)Cc2ccc(C(=O)NO)cc2)cc1,[*:2]CC(=O)NC(C(=O)N1CC(O)CC1C(=O)NCc1ccc(-c2scnc2C)cc1)C(C)(C)C,[*:1]OCCn1cc(CCC[*:2])nn1
CCCCN(Cc1ccc(C(=O)NO)cc1)C(=O)Nc1ccc(OCCCn2cc(CCCCC(=O)NC(C(=O)N3CC(O)CC3C(=O)NCc3ccc(-c4scnc4C)cc3)C(C)(C)C)nn2)cc1,[*:1]c1ccc(NC(=O)N(CCCC)Cc2ccc(C(=O)NO)cc2)cc1,[*:2]CC(=O)NC(C(=O)N1CC(O)CC1C(=O)NCc1ccc(-c2scnc2C)cc1)C(C)(C)C,[*:1]OCCCn1cc(CCC[*:2])nn1
CCCCN(Cc1ccc(C(=O)NO)cc1)C(=O)Nc1ccc(OCCCCn2cc(CCCCC(=O)NC(C(=O)N3CC(O)CC3C(=O)NCc3ccc(-c4scnc4C)cc3)C(C)(C)C)nn2)cc1,[*:1]c1ccc(NC(=O)N(CCCC)Cc2ccc(C(=O)NO)cc2)cc1,[*:2]CC(=O)NC(C(=O)N1CC(O)CC1C(=O)NCc1ccc(-c2scnc2C)cc1)C(C)(C)C,[*:1]OCCCCn1cc(CCC[*:2])nn1
CCCCN(Cc1ccc(C(=O)NO)cc1)C(=O)Nc1ccc(OCCCCCn2cc(CCCCC(=O)NC(C(=O)N3CC(O)CC3C(=O)NCc3ccc(-c4scnc4C)cc3)C(C)(C)C)nn2)cc1,[*:1]c1ccc(NC(=O)N(CCCC)Cc2ccc(C(=O)NO)cc2)cc1,[*:2]CC(=O)NC(C(=O)N1CC(O)CC1C(=O)NCc1ccc(-c2scnc2C)cc1)C(C)(C)C,[*:1]OCCCCCn1cc(CCC[*:2])nn1
CCCCN(Cc1ccc(C(=O)NO)cc1)C(=O)Nc1ccc(OCCCCCCn2cc(CCCCC(=O)NC(C(=O)N3CC(O)CC3C(=O)NCc3ccc(-c4scnc4C)cc3)C(C)(C)C)nn2)cc1,[*:1]c1ccc(NC(=O)N(CCCC)Cc2ccc(C(=O)NO)cc2)cc1,[*:2]CC(=O)NC(C(=O)N1CC(O)CC1C(=O)NCc1ccc(-c2scnc2C)cc1)C(C)(C)C,[*:1]OCCCCCCn1cc(CCC[*:2])nn1
CCCCN(Cc1ccc(C(=O)NO)cc1)C(=O)Nc1ccc(OCCCCCCCn2cc(CCCCC(=O)NC(C(=O)N3CC(O)CC3C(=O)NCc3ccc(-c4scnc4C)cc3)C(C)(C)C)nn2)cc1,[*:1]c1ccc(NC(=O)N(CCCC)Cc2ccc(C(=O)NO)cc2)cc1,[*:2]CC(=O)NC(C(=O)N1CC(O)CC1C(=O)NCc1ccc(-c2scnc2C)cc1)C(C)(C)C,[*:1]OCCCCCCCn1cc(CCC[*:2])nn1
CCCCN(Cc1ccc(C(=O)NO)cc1)C(=O)Nc1ccc(OCCCCCCCCn2cc(CCCCC(=O)NC(C(=O)N3CC(O)CC3C(=O)NCc3ccc(-c4scnc4C)cc3)C(C)(C)C)nn2)cc1,[*:1]c1ccc(NC(=O)N(CCCC)Cc2ccc(C(=O)NO)cc2)cc1,[*:2]CC(=O)NC(C(=O)N1CC(O)CC1C(=O)NCc1ccc(-c2scnc2C)cc1)C(C)(C)C,[*:1]OCCCCCCCCn1cc(CCC[*:2])nn1
CCCCN(Cc1ccc(C(=O)NO)cc1)C(=O)Nc1ccc(OCCCCCCCCCn2cc(CCCCC(=O)NC(C(=O)N3CC(O)CC3C(=O)NCc3ccc(-c4scnc4C)cc3)C(C)(C)C)nn2)cc1,[*:1]c1ccc(NC(=O)N(CCCC)Cc2ccc(C(=O)NO)cc2)cc1,[*:2]CC(=O)NC(C(=O)N1CC(O)CC1C(=O)NCc1ccc(-c2scnc2C)cc1)C(C)(C)C,[*:1]OCCCCCCCCCn1cc(CCC[*:2])nn1
CCCCN(Cc1ccc(C(=O)NO)cc1)C(=O)Nc1ccc(OCCCCCCCCCCn2cc(CCCCC(=O)NC(C(=O)N3CC(O)CC3C(=O)NCc3ccc(-c4scnc4C)cc3)C(C)(C)C)nn2)cc1,[*:1]c1ccc(NC(=O)N(CCCC)Cc2ccc(C(=O)NO)cc2)cc1,[*:2]CC(=O)NC(C(=O)N1CC(O)CC1C(=O)NCc1ccc(-c2scnc2C)cc1)C(C)(C)C,[*:1]OCCCCCCCCCCn1cc(CCC[*:2])nn1
CCCCN(Cc1ccc(C(=O)NO)cc1)C(=O)Nc1ccc(OCCCCCCCCCCCn2cc(CCCCC(=O)NC(C(=O)N3CC(O)CC3C(=O)NCc3ccc(-c4scnc4C)cc3)C(C)(C)C)nn2)cc1,[*:1]c1ccc(NC(=O)N(CCCC)Cc2ccc(C(=O)NO)cc2)cc1,[*:2]CC(=O)NC(C(=O)N1CC(O)CC1C(=O)NCc1ccc(-c2scnc2C)cc1)C(C)(C)C,[*:1]OCCCCCCCCCCCn1cc(CCC[*:2])nn1
CCCCN(Cc1ccc(C(=O)NO)cc1)C(=O)Nc1ccc(OCCCCCCCCCCCCn2cc(CCCCC(=O)NC(C(=O)N3CC(O)CC3C(=O)NCc3ccc(-c4scnc4C)cc3)C(C)(C)C)nn2)cc1,[*:1]c1ccc(NC(=O)N(CCCC)Cc2ccc(C(=O)NO)cc2)cc1,[*:2]CC(=O)NC(C(=O)N1CC(O)CC1C(=O)NCc1ccc(-c2scnc2C)cc1)C(C)(C)C,[*:1]OCCCCCCCCCCCCn1cc(CCC[*:2])nn1
CCCCN(Cc1ccc(C(=O)NO)cc1)C(=O)Nc1ccc(OCCCn2cc(CCC(=O)NC(C(=O)N3CC(O)CC3C(=O)NCc3ccc(-c4scnc4C)cc3)C(C)(C)C)nn2)cc1,[*:1]c1ccc(NC(=O)N(CCCC)Cc2ccc(C(=O)NO)cc2)cc1,[*:2]CC(=O)NC(C(=O)N1CC(O)CC1C(=O)NCc1ccc(-c2scnc2C)cc1)C(C)(C)C,[*:1]OCCCn1cc(C[*:2])nn1
CCCCN(Cc1ccc(C(=O)NO)cc1)C(=O)Nc1ccc(OCCCn2cc(CCCC(=O)NC(C(=O)N3CC(O)CC3C(=O)NCc3ccc(-c4scnc4C)cc3)C(C)(C)C)nn2)cc1,[*:1]c1ccc(NC(=O)N(CCCC)Cc2ccc(C(=O)NO)cc2)cc1,[*:2]CC(=O)NC(C(=O)N1CC(O)CC1C(=O)NCc1ccc(-c2scnc2C)cc1)C(C)(C)C,[*:1]OCCCn1cc(CC[*:2])nn1
CCCCN(Cc1ccc(C(=O)NO)cc1)C(=O)Nc1ccc(OCCOCCn2cc(CCCCC(=O)NC(C(=O)N3CC(O)CC3C(=O)NCc3ccc(-c4scnc4C)cc3)C(C)(C)C)nn2)cc1,[*:1]c1ccc(NC(=O)N(CCCC)Cc2ccc(C(=O)NO)cc2)cc1,[*:2]CC(=O)NC(C(=O)N1CC(O)CC1C(=O)NCc1ccc(-c2scnc2C)cc1)C(C)(C)C,[*:1]OCCOCCn1cc(CCC[*:2])nn1
CCCCN(Cc1ccc(C(=O)NO)cc1)C(=O)Nc1ccc(OCCOCCOCCn2cc(CCCCC(=O)NC(C(=O)N3CC(O)CC3C(=O)NCc3ccc(-c4scnc4C)cc3)C(C)(C)C)nn2)cc1,[*:1]c1ccc(NC(=O)N(CCCC)Cc2ccc(C(=O)NO)cc2)cc1,[*:2]CC(=O)NC(C(=O)N1CC(O)CC1C(=O)NCc1ccc(-c2scnc2C)cc1)C(C)(C)C,[*:1]OCCOCCOCCn1cc(CCC[*:2])nn1
C=C(F)C(=O)N1CCN(c2nc(OCC3CCCN3CCC(=O)NCCOCCOCCC(=O)NC(C(=O)N3CC(O)CC3C(=O)NCc3ccc(-c4scnc4C)cc3)C(C)(C)C)nc3c2CCN(c2cccc4cccc(Cl)c24)C3)CC1CC#N,[*:1]CN1CCCC1COc1nc2c(c(N3CCN(C(=O)C(=C)F)C(CC#N)C3)n1)CCN(c1cccc3cccc(Cl)c13)C2,[*:2]CC(=O)NC(C(=O)N1CC(O)CC1C(=O)NCc1ccc(-c2scnc2C)cc1)C(C)(C)C,[*:1]CC(=O)NCCOCCOC[*:2]
C=C(F)C(=O)N1CCN(c2nc(OCC3CCCN3CCCOCCC(=O)NC(C(=O)N3CC(O)CC3C(=O)NCc3ccc(-c4scnc4C)cc3)C(C)(C)C)nc3c2CCN(c2cccc4cccc(Cl)c24)C3)CC1CC#N,[*:1]CN1CCCC1COc1nc2c(c(N3CCN(C(=O)C(=C)F)C(CC#N)C3)n1)CCN(c1cccc3cccc(Cl)c13)C2,[*:2]CC(=O)NC(C(=O)N1CC(O)CC1C(=O)NCc1ccc(-c2scnc2C)cc1)C(C)(C)C,[*:1]CCOC[*:2]
C=C(F)C(=O)N1CCN(c2nc(OCC3CCCN3CCC(=O)NCCC(=O)NC(C(=O)N3CC(O)CC3C(=O)NCc3ccc(-c4scnc4C)cc3)C(C)(C)C)nc3c2CCN(c2cccc4cccc(Cl)c24)C3)CC1CC#N,[*:1]CN1CCCC1COc1nc2c(c(N3CCN(C(=O)C(=C)F)C(CC#N)C3)n1)CCN(c1cccc3cccc(Cl)c13)C2,[*:2]CC(=O)NC(C(=O)N1CC(O)CC1C(=O)NCc1ccc(-c2scnc2C)cc1)C(C)(C)C,[*:1]CC(=O)NC[*:2]
C=C(F)C(=O)N1CCN(c2nc(OCC3CCCN3CCCCOCCC(=O)NC(C(=O)N3CC(O)CC3C(=O)NCc3ccc(-c4scnc4C)cc3)C(C)(C)C)nc3c2CCN(c2cccc4cccc(Cl)c24)C3)CC1CC#N,[*:1]CN1CCCC1COc1nc2c(c(N3CCN(C(=O)C(=C)F)C(CC#N)C3)n1)CCN(c1cccc3cccc(Cl)c13)C2,[*:2]CC(=O)NC(C(=O)N1CC(O)CC1C(=O)NCc1ccc(-c2scnc2C)cc1)C(C)(C)C,[*:1]CCCOC[*:2]
C=C(F)C(=O)N1CCN(c2nc(OCC3CCCN3CCOCCOCCC(=O)NC(C(=O)N3CC(O)CC3C(=O)NCc3ccc(-c4scnc4C)cc3)C(C)(C)C)nc3c2CCN(c2cccc4cccc(Cl)c24)C3)CC1CC#N,[*:1]CN1CCCC1COc1nc2c(c(N3CCN(C(=O)C(=C)F)C(CC#N)C3)n1)CCN(c1cccc3cccc(Cl)c13)C2,[*:2]CC(=O)NC(C(=O)N1CC(O)CC1C(=O)NCc1ccc(-c2scnc2C)cc1)C(C)(C)C,[*:1]COCCOC[*:2]
C=C(F)C(=O)N1CCN(c2nc(OCC3CCCN3CCC(=O)NCCOCCC(=O)NC(C(=O)N3CC(O)CC3C(=O)NCc3ccc(-c4scnc4C)cc3)C(C)(C)C)nc3c2CCN(c2cccc4cccc(Cl)c24)C3)CC1CC#N,[*:1]CN1CCCC1COc1nc2c(c(N3CCN(C(=O)C(=C)F)C(CC#N)C3)n1)CCN(c1cccc3cccc(Cl)c13)C2,[*:2]CC(=O)NC(C(=O)N1CC(O)CC1C(=O)NCc1ccc(-c2scnc2C)cc1)C(C)(C)C,[*:1]CC(=O)NCCOC[*:2]
Cc1ccc2nc(-c3ccc(NCCOCCOCCNC(=O)C(CC(C)C)NC(=O)C(O)C(N)Cc4ccccc4)cc3)sc2c1,[*:1]CNc1ccc(-c2nc3ccc(C)cc3s2)cc1,[*:2]CNC(=O)C(CC(C)C)NC(=O)C(O)C(N)Cc1ccccc1,[*:1]COCCOC[*:2]
CC(C)CC(NC(=O)C(O)C(N)Cc1ccccc1)C(=O)NCCOCCOCCOc1ccc2nc(N=Nc3ccc(N(C)C)cc3)sc2c1,[*:1]COc1ccc2nc(N=Nc3ccc(N(C)C)cc3)sc2c1,[*:2]CNC(=O)C(CC(C)C)NC(=O)C(O)C(N)Cc1ccccc1,[*:1]COCCOC[*:2]
Cc1cc(Nc2ncc(Cl)c(Nc3ccccc3S(=O)(=O)C(C)C)n2)c(OC(C)C)cc1C1CCN(C(=O)CCCC(=O)NC(C(=O)N2CC(O)CC2C(=O)NCc2ccc(-c3scnc3C)cc2)C(C)(C)C)CC1,[*:1]N1CCC(c2cc(OC(C)C)c(Nc3ncc(Cl)c(Nc4ccccc4S(=O)(=O)C(C)C)n3)cc2C)CC1,[*:2]CC(=O)NC(C(=O)N1CC(O)CC1C(=O)NCc1ccc(-c2scnc2C)cc1)C(C)(C)C,[*:1]C(=O)CC[*:2]
Cc1cc(Nc2ncc(Cl)c(Nc3ccccc3S(=O)(=O)C(C)C)n2)c(OC(C)C)cc1C1CCN(C(=O)CCCCCC(=O)NC(C(=O)N2CC(O)CC2C(=O)NCc2ccc(-c3scnc3C)cc2)C(C)(C)C)CC1,[*:1]N1CCC(c2cc(OC(C)C)c(Nc3ncc(Cl)c(Nc4ccccc4S(=O)(=O)C(C)C)n3)cc2C)CC1,[*:2]CC(=O)NC(C(=O)N1CC(O)CC1C(=O)NCc1ccc(-c2scnc2C)cc1)C(C)(C)C,[*:1]C(=O)CCCC[*:2]
Cc1cc(Nc2ncc(Cl)c(Nc3ccccc3S(=O)(=O)C(C)C)n2)c(OC(C)C)cc1C1CCN(CCCCC(=O)NC(C(=O)N2CC(O)CC2C(=O)NCc2ccc(-c3scnc3C)cc2)C(C)(C)C)CC1,[*:1]N1CCC(c2cc(OC(C)C)c(Nc3ncc(Cl)c(Nc4ccccc4S(=O)(=O)C(C)C)n3)cc2C)CC1,[*:2]CC(=O)NC(C(=O)N1CC(O)CC1C(=O)NCc1ccc(-c2scnc2C)cc1)C(C)(C)C,[*:1]CCC[*:2]
Cc1cc(Nc2ncc(Cl)c(Nc3ccccc3S(=O)(=O)C(C)C)n2)c(OC(C)C)cc1C1CCN(CCOCC(=O)NC(C(=O)N2CC(O)CC2C(=O)NCc2ccc(-c3scnc3C)cc2)C(C)(C)C)CC1,[*:1]N1CCC(c2cc(OC(C)C)c(Nc3ncc(Cl)c(Nc4ccccc4S(=O)(=O)C(C)C)n3)cc2C)CC1,[*:2]CC(=O)NC(C(=O)N1CC(O)CC1C(=O)NCc1ccc(-c2scnc2C)cc1)C(C)(C)C,[*:1]CCO[*:2]
Cc1cc(Nc2ncc(Cl)c(Nc3ccccc3S(=O)(=O)C(C)C)n2)c(OC(C)C)cc1C1CCN(CCCOCC(=O)NC(C(=O)N2CC(O)CC2C(=O)NCc2ccc(-c3scnc3C)cc2)C(C)(C)C)CC1,[*:1]N1CCC(c2cc(OC(C)C)c(Nc3ncc(Cl)c(Nc4ccccc4S(=O)(=O)C(C)C)n3)cc2C)CC1,[*:2]CC(=O)NC(C(=O)N1CC(O)CC1C(=O)NCc1ccc(-c2scnc2C)cc1)C(C)(C)C,[*:1]CCCO[*:2]
Cc1cc(Nc2ncc(Cl)c(Nc3ccccc3S(=O)(=O)C(C)C)n2)c(OC(C)C)cc1C1CCN(CCOCCOCCOCC(=O)NC(C(=O)N2CC(O)CC2C(=O)NCc2ccc(-c3scnc3C)cc2)C(C)(C)C)CC1,[*:1]N1CCC(c2cc(OC(C)C)c(Nc3ncc(Cl)c(Nc4ccccc4S(=O)(=O)C(C)C)n3)cc2C)CC1,[*:2]CC(=O)NC(C(=O)N1CC(O)CC1C(=O)NCc1ccc(-c2scnc2C)cc1)C(C)(C)C,[*:1]CCOCCOCCO[*:2]
Cc1ncsc1-c1ccc(C(C)NC(=O)C2CC(O)CN2C(=O)C(NC(=O)CCOCCOCCN2CCN(c3ccc(-c4ccc5c(c4)C(=O)N(C(C(=O)Nc4nccs4)c4ccccc4)C5)cn3)CC2)C(C)(C)C)cc1,[*:1]N1CCN(c2ccc(-c3ccc4c(c3)C(=O)N(C(C(=O)Nc3nccs3)c3ccccc3)C4)cn2)CC1,[*:2]CC(=O)NC(C(=O)N1CC(O)CC1C(=O)NC(C)c1ccc(-c2scnc2C)cc1)C(C)(C)C,[*:1]CCOCCOC[*:2]
Cc1ncsc1-c1ccc(C(C)NC(=O)C2CC(O)CN2C(=O)C(NC(=O)CCOCCOCCOCCN2CCN(c3ccc(-c4ccc5c(c4)C(=O)N(C(C(=O)Nc4nccs4)c4ccccc4)C5)cn3)CC2)C(C)(C)C)cc1,[*:1]N1CCN(c2ccc(-c3ccc4c(c3)C(=O)N(C(C(=O)Nc3nccs3)c3ccccc3)C4)cn2)CC1,[*:2]CC(=O)NC(C(=O)N1CC(O)CC1C(=O)NC(C)c1ccc(-c2scnc2C)cc1)C(C)(C)C,[*:1]CCOCCOCCOC[*:2]
CC(C=CC1=C(C)C(=NOCC(=O)NCCOCCOCCOC(=O)C(CC(C)C)NC(=O)C(O)C(N)Cc2ccccc2)CCC1(C)C)=CC=CC(C)=CC(=O)O,[*:1]=C1CCC(C)(C)C(C=CC(C)=CC=CC(C)=CC(=O)O)=C1C,[*:2]COC(=O)C(CC(C)C)NC(=O)C(O)C(N)Cc1ccccc1,[*:1]=NOCC(=O)NCCOCCOC[*:2]
CC(C=CC1=C(C)C(=NOCC(=O)NCCOCCOCCNC(=O)C(CC(C)C)NC(=O)C(O)C(N)Cc2ccccc2)CCC1(C)C)=CC=CC(C)=CC(=O)O,[*:1]=C1CCC(C)(C)C(C=CC(C)=CC=CC(C)=CC(=O)O)=C1C,[*:2]CNC(=O)C(CC(C)C)NC(=O)C(O)C(N)Cc1ccccc1,[*:1]=NOCC(=O)NCCOCCOC[*:2]
CC(C=CC1=C(C)C(=NOCC(=O)NCCOCCOCCNC(=O)C(CC(C)C)NC(=O)CCCc2ccccc2)CCC1(C)C)=CC=CC(C)=CC(=O)O,[*:1]=C1CCC(C)(C)C(C=CC(C)=CC=CC(C)=CC(=O)O)=C1C,[*:2]CNC(=O)C(CC(C)C)NC(=O)CCCc1ccccc1,[*:1]=NOCC(=O)NCCOCCOC[*:2]
CC(C)CC(NC(=O)C(O)C(N)Cc1ccccc1)C(=O)NCCOCCOCCOCC(=O)NCCCOc1cc(C=CC(=O)c2cc(C(C)(C)C)cc(C(C)(C)C)c2)ccc1C(=O)O,[*:1]c1cc(C=CC(=O)c2cc(C(C)(C)C)cc(C(C)(C)C)c2)ccc1C(=O)O,[*:2]CNC(=O)C(CC(C)C)NC(=O)C(O)C(N)Cc1ccccc1,[*:1]OCCCNC(=O)COCCOCCOC[*:2]
CC(C)CC(NC(=O)C(O)C(N)Cc1ccccc1)C(=O)NCCOCCOCCOCC(=O)OC1CCC2C3CCC4CC(=O)CCC4(C)C3CCC12C,[*:1]OC1CCC2C3CCC4CC(=O)CCC4(C)C3CCC12C,[*:2]CNC(=O)C(CC(C)C)NC(=O)C(O)C(N)Cc1ccccc1,[*:1]C(=O)COCCOCCOC[*:2]
CCC(=C(c1ccc(O)cc1)c1ccc(OCCN(C)C(=O)CCNC(=O)CCNC(=O)C(CC(C)C)NC(=O)C(O)C(N)Cc2ccccc2)cc1)c1ccccc1,[*:1]N(C)CCOc1ccc(C(=C(CC)c2ccccc2)c2ccc(O)cc2)cc1,[*:2]CNC(=O)C(CC(C)C)NC(=O)C(O)C(N)Cc1ccccc1,[*:1]C(=O)CCNC(=O)C[*:2]
CCC(=C(c1ccc(O)cc1)c1ccc(OCCN(C)C(=O)CCCCNC(=O)CCNC(=O)C(CC(C)C)NC(=O)C(O)C(N)Cc2ccccc2)cc1)c1ccccc1,[*:1]N(C)CCOc1ccc(C(=C(CC)c2ccccc2)c2ccc(O)cc2)cc1,[*:2]CNC(=O)C(CC(C)C)NC(=O)C(O)C(N)Cc1ccccc1,[*:1]C(=O)CCCCNC(=O)C[*:2]
CCC(=C(c1ccc(O)cc1)c1ccc(OCCN(C)C(=O)CCCCCCNC(=O)CCNC(=O)C(CC(C)C)NC(=O)C(O)C(N)Cc2ccccc2)cc1)c1ccccc1,[*:1]N(C)CCOc1ccc(C(=C(CC)c2ccccc2)c2ccc(O)cc2)cc1,[*:2]CNC(=O)C(CC(C)C)NC(=O)C(O)C(N)Cc1ccccc1,[*:1]C(=O)CCCCCCNC(=O)C[*:2]
COc1cc2c(Oc3ccc(NC(=O)C4(C(=O)Nc5ccc(F)cc5)CC4)cc3F)ccnc2cc1OCCCOCCCOCCC(=O)NC(C(=O)N1CC(O)CC1C(=O)NCc1ccc(-c2scnc2C)cc1)C(C)(C)C,[*:1]Oc1cc2nccc(Oc3ccc(NC(=O)C4(C(=O)Nc5ccc(F)cc5)CC4)cc3F)c2cc1OC,[*:2]CC(=O)NC(C(=O)N1CC(O)CC1C(=O)NCc1ccc(-c2scnc2C)cc1)C(C)(C)C,[*:1]CCCOCCCOC[*:2]
Nc1nc2c(ncn2C2OC(COP(=O)([O-])NCCCCCC(=O)Nc3cccc4c3CN(C3CCC(=O)NC3=O)C4=O)C(O)C2O)c(=O)[nH]1,[*:1]P(=O)([O-])OCC1OC(n2cnc3c(=O)[nH]c(N)nc32)C(O)C1O,[*:2]Nc1cccc2c1CN(C1CCC(=O)NC1=O)C2=O,[*:1]NCCCCCC([*:2])=O
Nc1nc2c(c(=O)[nH]1)[n+](Cc1ccc(F)cc1)cn2C1OC(COP(=O)(O)OP(=O)(O)NCCCCCC(=O)Nc2cccc3c2CN(C2CCC(=O)NC2=O)C3=O)C(O)C1O,[*:1]OP(=O)(O)OCC1OC(n2c[n+](Cc3ccc(F)cc3)c3c(=O)[nH]c(N)nc32)C(O)C1O,[*:2]Nc1cccc2c1CN(C1CCC(=O)NC1=O)C2=O,[*:1]P(=O)(O)NCCCCCC([*:2])=O
Nc1nc2c(c(=O)[nH]1)[n+](Cc1ccccc1)cn2C1OC(COP(=O)(O)OP(=O)(O)NCCCCCC(=O)Nc2cccc3c2CN(C2CCC(=O)NC2=O)C3=O)C(O)C1O,[*:1]OP(=O)(O)OCC1OC(n2c[n+](Cc3ccccc3)c3c(=O)[nH]c(N)nc32)C(O)C1O,[*:2]Nc1cccc2c1CN(C1CCC(=O)NC1=O)C2=O,[*:1]P(=O)(O)NCCCCCC([*:2])=O
Nc1nc2c(ncn2C2OC(COP(=O)(O)OP(=O)(O)NCCCCCC(=O)Nc3cccc4c3CN(C3CCC(=O)NC3=O)C4=O)C(O)C2O)c(=O)[nH]1,[*:1]OP(=O)(O)OCC1OC(n2cnc3c(=O)[nH]c(N)nc32)C(O)C1O,[*:2]Nc1cccc2c1CN(C1CCC(=O)NC1=O)C2=O,[*:1]P(=O)(O)NCCCCCC([*:2])=O
Nc1nc2c(ncn2C2OC(COP(=O)(O)OP(=O)(O)NCCOCCOCCOCCC(=O)Nc3cccc4c3CN(C3CCC(=O)NC3=O)C4=O)C(O)C2O)c(=O)[nH]1,[*:1]OP(=O)(O)OCC1OC(n2cnc3c(=O)[nH]c(N)nc32)C(O)C1O,[*:2]Nc1cccc2c1CN(C1CCC(=O)NC1=O)C2=O,[*:1]P(=O)(O)NCCOCCOCCOCCC([*:2])=O
Nc1nc2c(ncn2C2OC(COP(=O)(O)OP(=O)(O)NCCOCCOCCOCCOCCOCCOCCOCCC(=O)Nc3cccc4c3CN(C3CCC(=O)NC3=O)C4=O)C(O)C2O)c(=O)[nH]1,[*:1]OP(=O)(O)OCC1OC(n2cnc3c(=O)[nH]c(N)nc32)C(O)C1O,[*:2]Nc1cccc2c1CN(C1CCC(=O)NC1=O)C2=O,[*:1]P(=O)(O)NCCOCCOCCOCCOCCOCCOCCOCCC([*:2])=O
Nc1nc2c(c(=O)[nH]1)[n+](Cc1ccccc1)cn2C1OC(COP(=O)(O)OP(=O)(O)NCCOCCOCCOCCC(=O)Nc2cccc3c2CN(C2CCC(=O)NC2=O)C3=O)C(O)C1O,[*:1]OP(=O)(O)OCC1OC(n2c[n+](Cc3ccccc3)c3c(=O)[nH]c(N)nc32)C(O)C1O,[*:2]Nc1cccc2c1CN(C1CCC(=O)NC1=O)C2=O,[*:1]P(=O)(O)NCCOCCOCCOCCC([*:2])=O
Nc1nc2c(c(=O)[nH]1)[n+](Cc1ccccc1)cn2C1OC(COP(=O)(O)OP(=O)(O)NCCOCCOCCOCCOCCOCCOCCOCCC(=O)Nc2cccc3c2CN(C2CCC(=O)NC2=O)C3=O)C(O)C1O,[*:1]OP(=O)(O)OCC1OC(n2c[n+](Cc3ccccc3)c3c(=O)[nH]c(N)nc32)C(O)C1O,[*:2]Nc1cccc2c1CN(C1CCC(=O)NC1=O)C2=O,[*:1]P(=O)(O)NCCOCCOCCOCCOCCOCCOCCOCCC([*:2])=O
Nc1nc2c(c(=O)[nH]1)[n+](Cc1ccc(F)cc1)cn2C1OC(COP(=O)(O)OP(=O)(O)NCCOCCOCCOCCC(=O)Nc2cccc3c2CN(C2CCC(=O)NC2=O)C3=O)C(O)C1O,[*:1]OP(=O)(O)OCC1OC(n2c[n+](Cc3ccc(F)cc3)c3c(=O)[nH]c(N)nc32)C(O)C1O,[*:2]Nc1cccc2c1CN(C1CCC(=O)NC1=O)C2=O,[*:1]P(=O)(O)NCCOCCOCCOCCC([*:2])=O
Nc1nc2c(c(=O)[nH]1)[n+](Cc1ccc(F)cc1)cn2C1OC(COP(=O)(O)OP(=O)(O)NCCOCCOCCOCCOCCOCCOCCOCCC(=O)Nc2cccc3c2CN(C2CCC(=O)NC2=O)C3=O)C(O)C1O,[*:1]OP(=O)(O)OCC1OC(n2c[n+](Cc3ccc(F)cc3)c3c(=O)[nH]c(N)nc32)C(O)C1O,[*:2]Nc1cccc2c1CN(C1CCC(=O)NC1=O)C2=O,[*:1]P(=O)(O)NCCOCCOCCOCCOCCOCCOCCOCCC([*:2])=O
Cc1ncsc1-c1ccc(CNC(=O)C2CC(O)CN2C(=O)C(NC(=O)CCCCCNP(=O)(O)OP(=O)(O)OCC2OC(n3c[n+](Cc4ccc(F)cc4)c4c(=O)[nH]c(N)nc43)C(O)C2O)C(C)(C)C)cc1,[*:1]OP(=O)(O)OCC1OC(n2c[n+](Cc3ccc(F)cc3)c3c(=O)[nH]c(N)nc32)C(O)C1O,[*:2]CC(=O)NC(C(=O)N1CC(O)CC1C(=O)NCc1ccc(-c2scnc2C)cc1)C(C)(C)C,[*:1]P(=O)(O)NCCCC[*:2]
Cc1ncsc1-c1ccc(CNC(=O)C2CC(O)CN2C(=O)C(NC(=O)CCCCCNP(=O)(O)OP(=O)(O)OCC2OC(n3c[n+](Cc4ccccc4)c4c(=O)[nH]c(N)nc43)C(O)C2O)C(C)(C)C)cc1,[*:1]OP(=O)(O)OCC1OC(n2c[n+](Cc3ccccc3)c3c(=O)[nH]c(N)nc32)C(O)C1O,[*:2]CC(=O)NC(C(=O)N1CC(O)CC1C(=O)NCc1ccc(-c2scnc2C)cc1)C(C)(C)C,[*:1]P(=O)(O)NCCCC[*:2]
Cc1ncsc1-c1ccc(CNC(=O)C2CC(O)CN2C(=O)C(NC(=O)CCCCCNP(=O)(O)OP(=O)(O)OCC2OC(n3cnc4c(=O)[nH]c(N)nc43)C(O)C2O)C(C)(C)C)cc1,[*:1]OP(=O)(O)OCC1OC(n2cnc3c(=O)[nH]c(N)nc32)C(O)C1O,[*:2]CC(=O)NC(C(=O)N1CC(O)CC1C(=O)NCc1ccc(-c2scnc2C)cc1)C(C)(C)C,[*:1]P(=O)(O)NCCCC[*:2]
CC(C)c1c(C(=O)Nc2ccccc2)c(-c2cccc(OCCCc3cn(CCOCCOCCOCCOCCNc4cccc5c4C(=O)N(C4CCC(=O)NC4=O)C5=O)nn3)c2)c(-c2ccc(F)cc2)n1CCC(O)CC(O)CC(=O)O,[*:1]c1cccc(-c2c(C(=O)Nc3ccccc3)c(C(C)C)n(CCC(O)CC(O)CC(=O)O)c2-c2ccc(F)cc2)c1,[*:2]Nc1cccc2c1C(=O)N(C1CCC(=O)NC1=O)C2=O,[*:1]OCCCc1cn(CCOCCOCCOCCOCC[*:2])nn1
CC(C)c1c(C(=O)Nc2ccccc2)c(-c2cccc(OCCCc3cn(CCOCCNc4cccc5c4C(=O)N(C4CCC(=O)NC4=O)C5=O)nn3)c2)c(-c2ccc(F)cc2)n1CCC(O)CC(O)CC(=O)O,[*:1]c1cccc(-c2c(C(=O)Nc3ccccc3)c(C(C)C)n(CCC(O)CC(O)CC(=O)O)c2-c2ccc(F)cc2)c1,[*:2]Nc1cccc2c1C(=O)N(C1CCC(=O)NC1=O)C2=O,[*:1]OCCCc1cn(CCOCC[*:2])nn1
CC(C)c1c(C(=O)Nc2ccccc2)c(-c2cccc(OCCCCc3cn(CCOCCNc4cccc5c4C(=O)N(C4CCC(=O)NC4=O)C5=O)nn3)c2)c(-c2ccc(F)cc2)n1CCC(O)CC(O)CC(=O)O,[*:1]c1cccc(-c2c(C(=O)Nc3ccccc3)c(C(C)C)n(CCC(O)CC(O)CC(=O)O)c2-c2ccc(F)cc2)c1,[*:2]Nc1cccc2c1C(=O)N(C1CCC(=O)NC1=O)C2=O,[*:1]OCCCCc1cn(CCOCC[*:2])nn1
CC(C)c1c(C(=O)Nc2ccccc2)c(-c2cccc(OCCCCCc3cn(CCOCCNc4cccc5c4C(=O)N(C4CCC(=O)NC4=O)C5=O)nn3)c2)c(-c2ccc(F)cc2)n1CCC(O)CC(O)CC(=O)O,[*:1]c1cccc(-c2c(C(=O)Nc3ccccc3)c(C(C)C)n(CCC(O)CC(O)CC(=O)O)c2-c2ccc(F)cc2)c1,[*:2]Nc1cccc2c1C(=O)N(C1CCC(=O)NC1=O)C2=O,[*:1]OCCCCCc1cn(CCOCC[*:2])nn1
CC(C)c1c(C(=O)Nc2ccccc2)c(-c2cccc(OCCCc3cn(CCOCCOCCNc4cccc5c4C(=O)N(C4CCC(=O)NC4=O)C5=O)nn3)c2)c(-c2ccc(F)cc2)n1CCC(O)CC(O)CC(=O)O,[*:1]c1cccc(-c2c(C(=O)Nc3ccccc3)c(C(C)C)n(CCC(O)CC(O)CC(=O)O)c2-c2ccc(F)cc2)c1,[*:2]Nc1cccc2c1C(=O)N(C1CCC(=O)NC1=O)C2=O,[*:1]OCCCc1cn(CCOCCOCC[*:2])nn1
CC(C)c1c(C(=O)Nc2ccccc2)c(-c2cccc(OCCCCc3cn(CCOCCOCCNc4cccc5c4C(=O)N(C4CCC(=O)NC4=O)C5=O)nn3)c2)c(-c2ccc(F)cc2)n1CCC(O)CC(O)CC(=O)O,[*:1]c1cccc(-c2c(C(=O)Nc3ccccc3)c(C(C)C)n(CCC(O)CC(O)CC(=O)O)c2-c2ccc(F)cc2)c1,[*:2]Nc1cccc2c1C(=O)N(C1CCC(=O)NC1=O)C2=O,[*:1]OCCCCc1cn(CCOCCOCC[*:2])nn1
CC(C)c1c(C(=O)Nc2ccccc2)c(-c2cccc(OCCCCCc3cn(CCOCCOCCNc4cccc5c4C(=O)N(C4CCC(=O)NC4=O)C5=O)nn3)c2)c(-c2ccc(F)cc2)n1CCC(O)CC(O)CC(=O)O,[*:1]c1cccc(-c2c(C(=O)Nc3ccccc3)c(C(C)C)n(CCC(O)CC(O)CC(=O)O)c2-c2ccc(F)cc2)c1,[*:2]Nc1cccc2c1C(=O)N(C1CCC(=O)NC1=O)C2=O,[*:1]OCCCCCc1cn(CCOCCOCC[*:2])nn1
CC(C)c1c(C(=O)Nc2ccccc2)c(-c2cccc(OCCCc3cn(CCOCCOCCOCCNc4cccc5c4C(=O)N(C4CCC(=O)NC4=O)C5=O)nn3)c2)c(-c2ccc(F)cc2)n1CCC(O)CC(O)CC(=O)O,[*:1]c1cccc(-c2c(C(=O)Nc3ccccc3)c(C(C)C)n(CCC(O)CC(O)CC(=O)O)c2-c2ccc(F)cc2)c1,[*:2]Nc1cccc2c1C(=O)N(C1CCC(=O)NC1=O)C2=O,[*:1]OCCCc1cn(CCOCCOCCOCC[*:2])nn1
CC(C)c1c(C(=O)Nc2ccccc2)c(-c2cccc(OCCCCc3cn(CCOCCOCCOCCNc4cccc5c4C(=O)N(C4CCC(=O)NC4=O)C5=O)nn3)c2)c(-c2ccc(F)cc2)n1CCC(O)CC(O)CC(=O)O,[*:1]c1cccc(-c2c(C(=O)Nc3ccccc3)c(C(C)C)n(CCC(O)CC(O)CC(=O)O)c2-c2ccc(F)cc2)c1,[*:2]Nc1cccc2c1C(=O)N(C1CCC(=O)NC1=O)C2=O,[*:1]OCCCCc1cn(CCOCCOCCOCC[*:2])nn1
CC(C)c1c(C(=O)Nc2ccccc2)c(-c2cccc(OCCCCCc3cn(CCOCCOCCOCCNc4cccc5c4C(=O)N(C4CCC(=O)NC4=O)C5=O)nn3)c2)c(-c2ccc(F)cc2)n1CCC(O)CC(O)CC(=O)O,[*:1]c1cccc(-c2c(C(=O)Nc3ccccc3)c(C(C)C)n(CCC(O)CC(O)CC(=O)O)c2-c2ccc(F)cc2)c1,[*:2]Nc1cccc2c1C(=O)N(C1CCC(=O)NC1=O)C2=O,[*:1]OCCCCCc1cn(CCOCCOCCOCC[*:2])nn1
CC(C)c1c(C(=O)Nc2ccccc2)c(-c2cccc(OCCCCc3cn(CCOCCOCCOCCOCCNc4cccc5c4C(=O)N(C4CCC(=O)NC4=O)C5=O)nn3)c2)c(-c2ccc(F)cc2)n1CCC(O)CC(O)CC(=O)O,[*:1]c1cccc(-c2c(C(=O)Nc3ccccc3)c(C(C)C)n(CCC(O)CC(O)CC(=O)O)c2-c2ccc(F)cc2)c1,[*:2]Nc1cccc2c1C(=O)N(C1CCC(=O)NC1=O)C2=O,[*:1]OCCCCc1cn(CCOCCOCCOCCOCC[*:2])nn1
CC(C)c1c(C(=O)Nc2ccccc2)c(-c2cccc(OCCCCCc3cn(CCOCCOCCOCCOCCNc4cccc5c4C(=O)N(C4CCC(=O)NC4=O)C5=O)nn3)c2)c(-c2ccc(F)cc2)n1CCC(O)CC(O)CC(=O)O,[*:1]c1cccc(-c2c(C(=O)Nc3ccccc3)c(C(C)C)n(CCC(O)CC(O)CC(=O)O)c2-c2ccc(F)cc2)c1,[*:2]Nc1cccc2c1C(=O)N(C1CCC(=O)NC1=O)C2=O,[*:1]OCCCCCc1cn(CCOCCOCCOCCOCC[*:2])nn1
CC(C)c1c(C(=O)Nc2ccccc2)c(-c2cccc(OCCCc3cn(CCOCCOCCOCCOCCOCCNc4cccc5c4C(=O)N(C4CCC(=O)NC4=O)C5=O)nn3)c2)c(-c2ccc(F)cc2)n1CCC(O)CC(O)CC(=O)O,[*:1]c1cccc(-c2c(C(=O)Nc3ccccc3)c(C(C)C)n(CCC(O)CC(O)CC(=O)O)c2-c2ccc(F)cc2)c1,[*:2]Nc1cccc2c1C(=O)N(C1CCC(=O)NC1=O)C2=O,[*:1]OCCCc1cn(CCOCCOCCOCCOCCOCC[*:2])nn1
CC(C)c1c(C(=O)Nc2ccccc2)c(-c2cccc(OCCCCCc3cn(CCOCCOCCOCCOCCOCCNc4cccc5c4C(=O)N(C4CCC(=O)NC4=O)C5=O)nn3)c2)c(-c2ccc(F)cc2)n1CCC(O)CC(O)CC(=O)O,[*:1]c1cccc(-c2c(C(=O)Nc3ccccc3)c(C(C)C)n(CCC(O)CC(O)CC(=O)O)c2-c2ccc(F)cc2)c1,[*:2]Nc1cccc2c1C(=O)N(C1CCC(=O)NC1=O)C2=O,[*:1]OCCCCCc1cn(CCOCCOCCOCCOCCOCC[*:2])nn1
CC(C)c1c(C(=O)Nc2ccccc2)c(-c2cccc(OCc3cn(CCCCCCCNc4cccc5c4C(=O)N(C4CCC(=O)NC4=O)C5=O)nn3)c2)c(-c2ccc(F)cc2)n1CCC(O)CC(O)CC(=O)O,[*:1]c1cccc(-c2c(C(=O)Nc3ccccc3)c(C(C)C)n(CCC(O)CC(O)CC(=O)O)c2-c2ccc(F)cc2)c1,[*:2]Nc1cccc2c1C(=O)N(C1CCC(=O)NC1=O)C2=O,[*:1]OCc1cn(CCCCCCC[*:2])nn1
CC(C)c1c(C(=O)Nc2ccccc2)c(-c2cccc(OCCCc3cn(CCCCCCNc4cccc5c4C(=O)N(C4CCC(=O)NC4=O)C5=O)nn3)c2)c(-c2ccc(F)cc2)n1CCC(O)CC(O)CC(=O)O,[*:1]c1cccc(-c2c(C(=O)Nc3ccccc3)c(C(C)C)n(CCC(O)CC(O)CC(=O)O)c2-c2ccc(F)cc2)c1,[*:2]Nc1cccc2c1C(=O)N(C1CCC(=O)NC1=O)C2=O,[*:1]OCCCc1cn(CCCCCC[*:2])nn1
CC(C)c1c(C(=O)Nc2ccccc2)c(-c2cccc(OCCCc3cn(CCCCCCCNc4cccc5c4C(=O)N(C4CCC(=O)NC4=O)C5=O)nn3)c2)c(-c2ccc(F)cc2)n1CCC(O)CC(O)CC(=O)O,[*:1]c1cccc(-c2c(C(=O)Nc3ccccc3)c(C(C)C)n(CCC(O)CC(O)CC(=O)O)c2-c2ccc(F)cc2)c1,[*:2]Nc1cccc2c1C(=O)N(C1CCC(=O)NC1=O)C2=O,[*:1]OCCCc1cn(CCCCCCC[*:2])nn1
CC(C)c1c(C(=O)Nc2ccccc2)c(-c2cccc(OCCCCc3cn(CCCCCCCNc4cccc5c4C(=O)N(C4CCC(=O)NC4=O)C5=O)nn3)c2)c(-c2ccc(F)cc2)n1CCC(O)CC(O)CC(=O)O,[*:1]c1cccc(-c2c(C(=O)Nc3ccccc3)c(C(C)C)n(CCC(O)CC(O)CC(=O)O)c2-c2ccc(F)cc2)c1,[*:2]Nc1cccc2c1C(=O)N(C1CCC(=O)NC1=O)C2=O,[*:1]OCCCCc1cn(CCCCCCC[*:2])nn1
CC(C)c1c(C(=O)Nc2ccccc2)c(-c2cccc(OCCCCCc3cn(CCCCCCCNc4cccc5c4C(=O)N(C4CCC(=O)NC4=O)C5=O)nn3)c2)c(-c2ccc(F)cc2)n1CCC(O)CC(O)CC(=O)O,[*:1]c1cccc(-c2c(C(=O)Nc3ccccc3)c(C(C)C)n(CCC(O)CC(O)CC(=O)O)c2-c2ccc(F)cc2)c1,[*:2]Nc1cccc2c1C(=O)N(C1CCC(=O)NC1=O)C2=O,[*:1]OCCCCCc1cn(CCCCCCC[*:2])nn1
CC(C)c1c(C(=O)Nc2ccccc2)c(-c2cccc(OCCCCCCc3cn(CCCCCCCNc4cccc5c4C(=O)N(C4CCC(=O)NC4=O)C5=O)nn3)c2)c(-c2ccc(F)cc2)n1CCC(O)CC(O)CC(=O)O,[*:1]c1cccc(-c2c(C(=O)Nc3ccccc3)c(C(C)C)n(CCC(O)CC(O)CC(=O)O)c2-c2ccc(F)cc2)c1,[*:2]Nc1cccc2c1C(=O)N(C1CCC(=O)NC1=O)C2=O,[*:1]OCCCCCCc1cn(CCCCCCC[*:2])nn1
CC(C)c1c(C(=O)Nc2ccccc2)c(-c2cccc(OCCCCCCCc3cn(CCCCCCCNc4cccc5c4C(=O)N(C4CCC(=O)NC4=O)C5=O)nn3)c2)c(-c2ccc(F)cc2)n1CCC(O)CC(O)CC(=O)O,[*:1]c1cccc(-c2c(C(=O)Nc3ccccc3)c(C(C)C)n(CCC(O)CC(O)CC(=O)O)c2-c2ccc(F)cc2)c1,[*:2]Nc1cccc2c1C(=O)N(C1CCC(=O)NC1=O)C2=O,[*:1]OCCCCCCCc1cn(CCCCCCC[*:2])nn1
CC(C)c1c(C(=O)Nc2ccccc2)c(-c2cccc(OCCCc3cn(CCOCCOCCOCCNc4ccc5c(c4)C(=O)N(C4CCC(=O)NC4=O)C5=O)nn3)c2)c(-c2ccc(F)cc2)n1CCC(O)CC(O)CC(=O)O,[*:1]c1cccc(-c2c(C(=O)Nc3ccccc3)c(C(C)C)n(CCC(O)CC(O)CC(=O)O)c2-c2ccc(F)cc2)c1,[*:2]Nc1ccc2c(c1)C(=O)N(C1CCC(=O)NC1=O)C2=O,[*:1]OCCCc1cn(CCOCCOCCOCC[*:2])nn1
CC(C)c1c(C(=O)Nc2ccccc2)c(-c2cccc(OCCCCc3cn(CCOCCOCCOCCNc4ccc5c(c4)C(=O)N(C4CCC(=O)NC4=O)C5=O)nn3)c2)c(-c2ccc(F)cc2)n1CCC(O)CC(O)CC(=O)O,[*:1]c1cccc(-c2c(C(=O)Nc3ccccc3)c(C(C)C)n(CCC(O)CC(O)CC(=O)O)c2-c2ccc(F)cc2)c1,[*:2]Nc1ccc2c(c1)C(=O)N(C1CCC(=O)NC1=O)C2=O,[*:1]OCCCCc1cn(CCOCCOCCOCC[*:2])nn1
CC(C)c1c(C(=O)Nc2ccccc2)c(-c2cccc(OCCCCCc3cn(CCOCCOCCOCCNc4ccc5c(c4)C(=O)N(C4CCC(=O)NC4=O)C5=O)nn3)c2)c(-c2ccc(F)cc2)n1CCC(O)CC(O)CC(=O)O,[*:1]c1cccc(-c2c(C(=O)Nc3ccccc3)c(C(C)C)n(CCC(O)CC(O)CC(=O)O)c2-c2ccc(F)cc2)c1,[*:2]Nc1ccc2c(c1)C(=O)N(C1CCC(=O)NC1=O)C2=O,[*:1]OCCCCCc1cn(CCOCCOCCOCC[*:2])nn1
CC(C)c1c(C(=O)Nc2ccccc2)c(-c2cccc(OCCCc3cn(CCOCCOCCOCCOCCNc4ccc5c(c4)C(=O)N(C4CCC(=O)NC4=O)C5=O)nn3)c2)c(-c2ccc(F)cc2)n1CCC(O)CC(O)CC(=O)O,[*:1]c1cccc(-c2c(C(=O)Nc3ccccc3)c(C(C)C)n(CCC(O)CC(O)CC(=O)O)c2-c2ccc(F)cc2)c1,[*:2]Nc1ccc2c(c1)C(=O)N(C1CCC(=O)NC1=O)C2=O,[*:1]OCCCc1cn(CCOCCOCCOCCOCC[*:2])nn1
CC(C)c1c(C(=O)Nc2ccccc2)c(-c2cccc(OCCCCc3cn(CCOCCOCCOCCOCCNc4ccc5c(c4)C(=O)N(C4CCC(=O)NC4=O)C5=O)nn3)c2)c(-c2ccc(F)cc2)n1CCC(O)CC(O)CC(=O)O,[*:1]c1cccc(-c2c(C(=O)Nc3ccccc3)c(C(C)C)n(CCC(O)CC(O)CC(=O)O)c2-c2ccc(F)cc2)c1,[*:2]Nc1ccc2c(c1)C(=O)N(C1CCC(=O)NC1=O)C2=O,[*:1]OCCCCc1cn(CCOCCOCCOCCOCC[*:2])nn1
CC(C)c1c(C(=O)Nc2ccccc2)c(-c2cccc(OCCCCCc3cn(CCOCCOCCOCCOCCNc4ccc5c(c4)C(=O)N(C4CCC(=O)NC4=O)C5=O)nn3)c2)c(-c2ccc(F)cc2)n1CCC(O)CC(O)CC(=O)O,[*:1]c1cccc(-c2c(C(=O)Nc3ccccc3)c(C(C)C)n(CCC(O)CC(O)CC(=O)O)c2-c2ccc(F)cc2)c1,[*:2]Nc1ccc2c(c1)C(=O)N(C1CCC(=O)NC1=O)C2=O,[*:1]OCCCCCc1cn(CCOCCOCCOCCOCC[*:2])nn1
CC(C)c1c(C(=O)Nc2ccccc2)c(-c2cccc(OCCCc3cn(CCOCC#Cc4cccc5c4CN(C4CCC(=O)NC4=O)C5=O)nn3)c2)c(-c2ccc(F)cc2)n1CCC(O)CC(O)CC(=O)O,[*:1]c1cccc(-c2c(C(=O)Nc3ccccc3)c(C(C)C)n(CCC(O)CC(O)CC(=O)O)c2-c2ccc(F)cc2)c1,[*:2]#Cc1cccc2c1CN(C1CCC(=O)NC1=O)C2=O,[*:1]OCCCc1cn(CCOCC#[*:2])nn1
CC(C)c1c(C(=O)Nc2ccccc2)c(-c2cccc(OCCCc3cn(CCCOCC#Cc4cccc5c4CN(C4CCC(=O)NC4=O)C5=O)nn3)c2)c(-c2ccc(F)cc2)n1CCC(O)CC(O)CC(=O)O,[*:1]c1cccc(-c2c(C(=O)Nc3ccccc3)c(C(C)C)n(CCC(O)CC(O)CC(=O)O)c2-c2ccc(F)cc2)c1,[*:2]#Cc1cccc2c1CN(C1CCC(=O)NC1=O)C2=O,[*:1]OCCCc1cn(CCCOCC#[*:2])nn1
CC(C)c1c(C(=O)Nc2ccccc2)c(-c2cccc(OCCCc3cn(CCCCOCC#Cc4cccc5c4CN(C4CCC(=O)NC4=O)C5=O)nn3)c2)c(-c2ccc(F)cc2)n1CCC(O)CC(O)CC(=O)O,[*:1]c1cccc(-c2c(C(=O)Nc3ccccc3)c(C(C)C)n(CCC(O)CC(O)CC(=O)O)c2-c2ccc(F)cc2)c1,[*:2]#Cc1cccc2c1CN(C1CCC(=O)NC1=O)C2=O,[*:1]OCCCc1cn(CCCCOCC#[*:2])nn1
CC(C)c1c(C(=O)Nc2ccccc2)c(-c2cccc(OCCCc3cn(CCCCCOCC#Cc4cccc5c4CN(C4CCC(=O)NC4=O)C5=O)nn3)c2)c(-c2ccc(F)cc2)n1CCC(O)CC(O)CC(=O)O,[*:1]c1cccc(-c2c(C(=O)Nc3ccccc3)c(C(C)C)n(CCC(O)CC(O)CC(=O)O)c2-c2ccc(F)cc2)c1,[*:2]#Cc1cccc2c1CN(C1CCC(=O)NC1=O)C2=O,[*:1]OCCCc1cn(CCCCCOCC#[*:2])nn1
CC(C)c1c(C(=O)Nc2ccccc2)c(-c2cccc(OCCCc3cn(CCCCCCOCC#Cc4cccc5c4CN(C4CCC(=O)NC4=O)C5=O)nn3)c2)c(-c2ccc(F)cc2)n1CCC(O)CC(O)CC(=O)O,[*:1]c1cccc(-c2c(C(=O)Nc3ccccc3)c(C(C)C)n(CCC(O)CC(O)CC(=O)O)c2-c2ccc(F)cc2)c1,[*:2]#Cc1cccc2c1CN(C1CCC(=O)NC1=O)C2=O,[*:1]OCCCc1cn(CCCCCCOCC#[*:2])nn1
CC(C)c1c(C(=O)Nc2ccccc2)c(-c2cccc(OCCCc3cn(CCCCCCCOCC#Cc4cccc5c4CN(C4CCC(=O)NC4=O)C5=O)nn3)c2)c(-c2ccc(F)cc2)n1CCC(O)CC(O)CC(=O)O,[*:1]c1cccc(-c2c(C(=O)Nc3ccccc3)c(C(C)C)n(CCC(O)CC(O)CC(=O)O)c2-c2ccc(F)cc2)c1,[*:2]#Cc1cccc2c1CN(C1CCC(=O)NC1=O)C2=O,[*:1]OCCCc1cn(CCCCCCCOCC#[*:2])nn1
CC(C)c1c(C(=O)Nc2ccccc2)c(-c2cccc(OCCCc3cn(CCOCCCc4cccc5c4CN(C4CCC(=O)NC4=O)C5=O)nn3)c2)c(-c2ccc(F)cc2)n1CCC(O)CC(O)CC(=O)O,[*:1]c1cccc(-c2c(C(=O)Nc3ccccc3)c(C(C)C)n(CCC(O)CC(O)CC(=O)O)c2-c2ccc(F)cc2)c1,[*:2]Cc1cccc2c1CN(C1CCC(=O)NC1=O)C2=O,[*:1]OCCCc1cn(CCOCC[*:2])nn1
CC(C)c1c(C(=O)Nc2ccccc2)c(-c2cccc(OCCCc3cn(CCCOCCCc4cccc5c4CN(C4CCC(=O)NC4=O)C5=O)nn3)c2)c(-c2ccc(F)cc2)n1CCC(O)CC(O)CC(=O)O,[*:1]c1cccc(-c2c(C(=O)Nc3ccccc3)c(C(C)C)n(CCC(O)CC(O)CC(=O)O)c2-c2ccc(F)cc2)c1,[*:2]Cc1cccc2c1CN(C1CCC(=O)NC1=O)C2=O,[*:1]OCCCc1cn(CCCOCC[*:2])nn1
CC(C)c1c(C(=O)Nc2ccccc2)c(-c2cccc(OCCCc3cn(CCCCOCCCc4cccc5c4CN(C4CCC(=O)NC4=O)C5=O)nn3)c2)c(-c2ccc(F)cc2)n1CCC(O)CC(O)CC(=O)O,[*:1]c1cccc(-c2c(C(=O)Nc3ccccc3)c(C(C)C)n(CCC(O)CC(O)CC(=O)O)c2-c2ccc(F)cc2)c1,[*:2]Cc1cccc2c1CN(C1CCC(=O)NC1=O)C2=O,[*:1]OCCCc1cn(CCCCOCC[*:2])nn1
CC(C)c1c(C(=O)Nc2ccccc2)c(-c2cccc(OCCCc3cn(CCCCCOCCCc4cccc5c4CN(C4CCC(=O)NC4=O)C5=O)nn3)c2)c(-c2ccc(F)cc2)n1CCC(O)CC(O)CC(=O)O,[*:1]c1cccc(-c2c(C(=O)Nc3ccccc3)c(C(C)C)n(CCC(O)CC(O)CC(=O)O)c2-c2ccc(F)cc2)c1,[*:2]Cc1cccc2c1CN(C1CCC(=O)NC1=O)C2=O,[*:1]OCCCc1cn(CCCCCOCC[*:2])nn1
CC(C)c1c(C(=O)Nc2ccccc2)c(-c2cccc(OCCCc3cn(CCCCCCOCCCc4cccc5c4CN(C4CCC(=O)NC4=O)C5=O)nn3)c2)c(-c2ccc(F)cc2)n1CCC(O)CC(O)CC(=O)O,[*:1]c1cccc(-c2c(C(=O)Nc3ccccc3)c(C(C)C)n(CCC(O)CC(O)CC(=O)O)c2-c2ccc(F)cc2)c1,[*:2]Cc1cccc2c1CN(C1CCC(=O)NC1=O)C2=O,[*:1]OCCCc1cn(CCCCCCOCC[*:2])nn1
CC(C)c1c(C(=O)Nc2ccccc2)c(-c2cccc(OCCCc3cn(CCCCCCCOCCCc4cccc5c4CN(C4CCC(=O)NC4=O)C5=O)nn3)c2)c(-c2ccc(F)cc2)n1CCC(O)CC(O)CC(=O)O,[*:1]c1cccc(-c2c(C(=O)Nc3ccccc3)c(C(C)C)n(CCC(O)CC(O)CC(=O)O)c2-c2ccc(F)cc2)c1,[*:2]Cc1cccc2c1CN(C1CCC(=O)NC1=O)C2=O,[*:1]OCCCc1cn(CCCCCCCOCC[*:2])nn1
CNC(C)C(=O)NC(C(=O)N1CCCC1c1nc(C(=O)c2cccc(OCCOCCOCc3cn(CCCC(=O)N4CCN(CCC(CSc5ccccc5)Nc5ccc(S(=O)(=O)NC(=O)c6ccc(N7CCN(CC8=C(c9ccc(Cl)cc9)CCC(C)(C)C8)CC7)cc6)cc5S(=O)(=O)C(F)(F)F)CC4)nn3)c2)cs1)C1CCCCC1,[*:1]N1CCN(CCC(CSc2ccccc2)Nc2ccc(S(=O)(=O)NC(=O)c3ccc(N4CCN(CC5=C(c6ccc(Cl)cc6)CCC(C)(C)C5)CC4)cc3)cc2S(=O)(=O)C(F)(F)F)CC1,[*:2]COc1cccc(C(=O)c2csc(C3CCCN3C(=O)C(NC(=O)C(C)NC)C3CCCCC3)n2)c1,[*:1]C(=O)CCCn1cc(COCCOC[*:2])nn1
CNC(C)C(=O)NC(C(=O)N1CCCC1c1nc(C(=O)c2cccc(OCCOCCOCCOCc3cn(CCCC(=O)N4CCN(CCC(CSc5ccccc5)Nc5ccc(S(=O)(=O)NC(=O)c6ccc(N7CCN(CC8=C(c9ccc(Cl)cc9)CCC(C)(C)C8)CC7)cc6)cc5S(=O)(=O)C(F)(F)F)CC4)nn3)c2)cs1)C1CCCCC1,[*:1]N1CCN(CCC(CSc2ccccc2)Nc2ccc(S(=O)(=O)NC(=O)c3ccc(N4CCN(CC5=C(c6ccc(Cl)cc6)CCC(C)(C)C5)CC4)cc3)cc2S(=O)(=O)C(F)(F)F)CC1,[*:2]COc1cccc(C(=O)c2csc(C3CCCN3C(=O)C(NC(=O)C(C)NC)C3CCCCC3)n2)c1,[*:1]C(=O)CCCn1cc(COCCOCCOC[*:2])nn1
CNC(C)C(=O)NC(C(=O)N1CCCC1c1nc(C(=O)c2cccc(OCCOCCOCC(=O)N3CCN(CCC(CSc4ccccc4)Nc4ccc(S(=O)(=O)NC(=O)c5ccc(N6CCN(CC7=C(c8ccc(Cl)cc8)CCC(C)(C)C7)CC6)cc5)cc4S(=O)(=O)C(F)(F)F)CC3)c2)cs1)C1CCCCC1,[*:1]N1CCN(CCC(CSc2ccccc2)Nc2ccc(S(=O)(=O)NC(=O)c3ccc(N4CCN(CC5=C(c6ccc(Cl)cc6)CCC(C)(C)C5)CC4)cc3)cc2S(=O)(=O)C(F)(F)F)CC1,[*:2]COc1cccc(C(=O)c2csc(C3CCCN3C(=O)C(NC(=O)C(C)NC)C3CCCCC3)n2)c1,[*:1]C(=O)COCCOC[*:2]
CNC(C)C(=O)NC(C(=O)N1CCCC1c1nc(C(=O)c2cccc(OCCOCCOCCOCCOCC(=O)N3CCN(CCC(CSc4ccccc4)Nc4ccc(S(=O)(=O)NC(=O)c5ccc(N6CCN(CC7=C(c8ccc(Cl)cc8)CCC(C)(C)C7)CC6)cc5)cc4S(=O)(=O)C(F)(F)F)CC3)c2)cs1)C1CCCCC1,[*:1]N1CCN(CCC(CSc2ccccc2)Nc2ccc(S(=O)(=O)NC(=O)c3ccc(N4CCN(CC5=C(c6ccc(Cl)cc6)CCC(C)(C)C5)CC4)cc3)cc2S(=O)(=O)C(F)(F)F)CC1,[*:2]COc1cccc(C(=O)c2csc(C3CCCN3C(=O)C(NC(=O)C(C)NC)C3CCCCC3)n2)c1,[*:1]C(=O)COCCOCCOCCOC[*:2]
CNC(C)C(=O)NC(C(=O)N1CCCC1c1nc(C(=O)c2cccc(OCCCC(=O)N3CCN(CCC(CSc4ccccc4)Nc4ccc(S(=O)(=O)NC(=O)c5ccc(N6CCN(CC7=C(c8ccc(Cl)cc8)CCC(C)(C)C7)CC6)cc5)cc4S(=O)(=O)C(F)(F)F)CC3)c2)cs1)C1CCCCC1,[*:1]N1CCN(CCC(CSc2ccccc2)Nc2ccc(S(=O)(=O)NC(=O)c3ccc(N4CCN(CC5=C(c6ccc(Cl)cc6)CCC(C)(C)C5)CC4)cc3)cc2S(=O)(=O)C(F)(F)F)CC1,[*:2]COc1cccc(C(=O)c2csc(C3CCCN3C(=O)C(NC(=O)C(C)NC)C3CCCCC3)n2)c1,[*:1]C(=O)CC[*:2]
CNC(C)C(=O)NC(C(=O)N1CCCC1c1nc(C(=O)c2cccc(OCCCCC(=O)N3CCN(CCC(CSc4ccccc4)Nc4ccc(S(=O)(=O)NC(=O)c5ccc(N6CCN(CC7=C(c8ccc(Cl)cc8)CCC(C)(C)C7)CC6)cc5)cc4S(=O)(=O)C(F)(F)F)CC3)c2)cs1)C1CCCCC1,[*:1]N1CCN(CCC(CSc2ccccc2)Nc2ccc(S(=O)(=O)NC(=O)c3ccc(N4CCN(CC5=C(c6ccc(Cl)cc6)CCC(C)(C)C5)CC4)cc3)cc2S(=O)(=O)C(F)(F)F)CC1,[*:2]COc1cccc(C(=O)c2csc(C3CCCN3C(=O)C(NC(=O)C(C)NC)C3CCCCC3)n2)c1,[*:1]C(=O)CCC[*:2]
CNC(C)C(=O)NC(C(=O)N1CCCC1c1nc(C(=O)c2cccc(OCCCCCC(=O)N3CCN(CCC(CSc4ccccc4)Nc4ccc(S(=O)(=O)NC(=O)c5ccc(N6CCN(CC7=C(c8ccc(Cl)cc8)CCC(C)(C)C7)CC6)cc5)cc4S(=O)(=O)C(F)(F)F)CC3)c2)cs1)C1CCCCC1,[*:1]N1CCN(CCC(CSc2ccccc2)Nc2ccc(S(=O)(=O)NC(=O)c3ccc(N4CCN(CC5=C(c6ccc(Cl)cc6)CCC(C)(C)C5)CC4)cc3)cc2S(=O)(=O)C(F)(F)F)CC1,[*:2]COc1cccc(C(=O)c2csc(C3CCCN3C(=O)C(NC(=O)C(C)NC)C3CCCCC3)n2)c1,[*:1]C(=O)CCCC[*:2]
CNC(C)C(=O)NC(C(=O)N1CCCC1c1nc(C(=O)c2cccc(OCCCCCCC(=O)N3CCN(CCC(CSc4ccccc4)Nc4ccc(S(=O)(=O)NC(=O)c5ccc(N6CCN(CC7=C(c8ccc(Cl)cc8)CCC(C)(C)C7)CC6)cc5)cc4S(=O)(=O)C(F)(F)F)CC3)c2)cs1)C1CCCCC1,[*:1]N1CCN(CCC(CSc2ccccc2)Nc2ccc(S(=O)(=O)NC(=O)c3ccc(N4CCN(CC5=C(c6ccc(Cl)cc6)CCC(C)(C)C5)CC4)cc3)cc2S(=O)(=O)C(F)(F)F)CC1,[*:2]COc1cccc(C(=O)c2csc(C3CCCN3C(=O)C(NC(=O)C(C)NC)C3CCCCC3)n2)c1,[*:1]C(=O)CCCCC[*:2]
CNC(C)C(=O)NC1CCOC2CC(C)(C)C(C(=O)NC3CCCc4cc(OCCOCCOCc5cn(CCCC(=O)N6CCN(CCC(CSc7ccccc7)Nc7ccc(S(=O)(=O)NC(=O)c8ccc(N9CCN(CC%10=C(c%11ccc(Cl)cc%11)CCC(C)(C)C%10)CC9)cc8)cc7S(=O)(=O)C(F)(F)F)CC6)nn5)ccc43)N2C1=O,[*:1]N1CCN(CCC(CSc2ccccc2)Nc2ccc(S(=O)(=O)NC(=O)c3ccc(N4CCN(CC5=C(c6ccc(Cl)cc6)CCC(C)(C)C5)CC4)cc3)cc2S(=O)(=O)C(F)(F)F)CC1,[*:2]Oc1ccc2c(c1)CCCC2NC(=O)C1N2C(=O)C(NC(=O)C(C)NC)CCOC2CC1(C)C,[*:1]C(=O)CCCn1cc(COCCOCC[*:2])nn1
CNC(C)C(=O)NC1CCOC2CC(C)(C)C(C(=O)NC3CCCc4cc(OCCOCCOCCOCc5cn(CCCC(=O)N6CCN(CCC(CSc7ccccc7)Nc7ccc(S(=O)(=O)NC(=O)c8ccc(N9CCN(CC%10=C(c%11ccc(Cl)cc%11)CCC(C)(C)C%10)CC9)cc8)cc7S(=O)(=O)C(F)(F)F)CC6)nn5)ccc43)N2C1=O,[*:1]N1CCN(CCC(CSc2ccccc2)Nc2ccc(S(=O)(=O)NC(=O)c3ccc(N4CCN(CC5=C(c6ccc(Cl)cc6)CCC(C)(C)C5)CC4)cc3)cc2S(=O)(=O)C(F)(F)F)CC1,[*:2]Oc1ccc2c(c1)CCCC2NC(=O)C1N2C(=O)C(NC(=O)C(C)NC)CCOC2CC1(C)C,[*:1]C(=O)CCCn1cc(COCCOCCOCC[*:2])nn1
CNC(C)C(=O)NC1CCOC2CC(C)(C)C(C(=O)NC3CCCc4cc(OCCOCCOCC(=O)N5CCN(CCC(CSc6ccccc6)Nc6ccc(S(=O)(=O)NC(=O)c7ccc(N8CCN(CC9=C(c%10ccc(Cl)cc%10)CCC(C)(C)C9)CC8)cc7)cc6S(=O)(=O)C(F)(F)F)CC5)ccc43)N2C1=O,[*:1]N1CCN(CCC(CSc2ccccc2)Nc2ccc(S(=O)(=O)NC(=O)c3ccc(N4CCN(CC5=C(c6ccc(Cl)cc6)CCC(C)(C)C5)CC4)cc3)cc2S(=O)(=O)C(F)(F)F)CC1,[*:2]Oc1ccc2c(c1)CCCC2NC(=O)C1N2C(=O)C(NC(=O)C(C)NC)CCOC2CC1(C)C,[*:1]C(=O)COCCOCC[*:2]
CNC(C)C(=O)NC1CCOC2CC(C)(C)C(C(=O)NC3CCCc4cc(OCCCOCCOCCOCCOCC(=O)N5CCN(CCC(CSc6ccccc6)Nc6ccc(S(=O)(=O)NC(=O)c7ccc(N8CCN(CC9=C(c%10ccc(Cl)cc%10)CCC(C)(C)C9)CC8)cc7)cc6S(=O)(=O)C(F)(F)F)CC5)ccc43)N2C1=O,[*:1]N1CCN(CCC(CSc2ccccc2)Nc2ccc(S(=O)(=O)NC(=O)c3ccc(N4CCN(CC5=C(c6ccc(Cl)cc6)CCC(C)(C)C5)CC4)cc3)cc2S(=O)(=O)C(F)(F)F)CC1,[*:2]Oc1ccc2c(c1)CCCC2NC(=O)C1N2C(=O)C(NC(=O)C(C)NC)CCOC2CC1(C)C,[*:1]C(=O)COCCOCCOCCOCCC[*:2]
CNC(C)C(=O)NC1CCOC2CC(C)(C)C(C(=O)NC3CCCc4cc(OCCCC(=O)N5CCN(CCC(CSc6ccccc6)Nc6ccc(S(=O)(=O)NC(=O)c7ccc(N8CCN(CC9=C(c%10ccc(Cl)cc%10)CCC(C)(C)C9)CC8)cc7)cc6S(=O)(=O)C(F)(F)F)CC5)ccc43)N2C1=O,[*:1]N1CCN(CCC(CSc2ccccc2)Nc2ccc(S(=O)(=O)NC(=O)c3ccc(N4CCN(CC5=C(c6ccc(Cl)cc6)CCC(C)(C)C5)CC4)cc3)cc2S(=O)(=O)C(F)(F)F)CC1,[*:2]Oc1ccc2c(c1)CCCC2NC(=O)C1N2C(=O)C(NC(=O)C(C)NC)CCOC2CC1(C)C,[*:1]C(=O)CCC[*:2]
CNC(C)C(=O)NC1CCOC2CC(C)(C)C(C(=O)NC3CCCc4cc(OCCCCC(=O)N5CCN(CCC(CSc6ccccc6)Nc6ccc(S(=O)(=O)NC(=O)c7ccc(N8CCN(CC9=C(c%10ccc(Cl)cc%10)CCC(C)(C)C9)CC8)cc7)cc6S(=O)(=O)C(F)(F)F)CC5)ccc43)N2C1=O,[*:1]N1CCN(CCC(CSc2ccccc2)Nc2ccc(S(=O)(=O)NC(=O)c3ccc(N4CCN(CC5=C(c6ccc(Cl)cc6)CCC(C)(C)C5)CC4)cc3)cc2S(=O)(=O)C(F)(F)F)CC1,[*:2]Oc1ccc2c(c1)CCCC2NC(=O)C1N2C(=O)C(NC(=O)C(C)NC)CCOC2CC1(C)C,[*:1]C(=O)CCCC[*:2]
CNC(C)C(=O)NC1CCOC2CC(C)(C)C(C(=O)NC3CCCc4cc(OCCCCCC(=O)N5CCN(CCC(CSc6ccccc6)Nc6ccc(S(=O)(=O)NC(=O)c7ccc(N8CCN(CC9=C(c%10ccc(Cl)cc%10)CCC(C)(C)C9)CC8)cc7)cc6S(=O)(=O)C(F)(F)F)CC5)ccc43)N2C1=O,[*:1]N1CCN(CCC(CSc2ccccc2)Nc2ccc(S(=O)(=O)NC(=O)c3ccc(N4CCN(CC5=C(c6ccc(Cl)cc6)CCC(C)(C)C5)CC4)cc3)cc2S(=O)(=O)C(F)(F)F)CC1,[*:2]Oc1ccc2c(c1)CCCC2NC(=O)C1N2C(=O)C(NC(=O)C(C)NC)CCOC2CC1(C)C,[*:1]C(=O)CCCCC[*:2]
CNC(C)C(=O)NC1CCOC2CC(C)(C)C(C(=O)NC3CCCc4cc(OCCCCCCC(=O)N5CCN(CCC(CSc6ccccc6)Nc6ccc(S(=O)(=O)NC(=O)c7ccc(N8CCN(CC9=C(c%10ccc(Cl)cc%10)CCC(C)(C)C9)CC8)cc7)cc6S(=O)(=O)C(F)(F)F)CC5)ccc43)N2C1=O,[*:1]N1CCN(CCC(CSc2ccccc2)Nc2ccc(S(=O)(=O)NC(=O)c3ccc(N4CCN(CC5=C(c6ccc(Cl)cc6)CCC(C)(C)C5)CC4)cc3)cc2S(=O)(=O)C(F)(F)F)CC1,[*:2]Oc1ccc2c(c1)CCCC2NC(=O)C1N2C(=O)C(NC(=O)C(C)NC)CCOC2CC1(C)C,[*:1]C(=O)CCCCCC[*:2]
CCC1NC(=O)C(C(O)C(C)CC=CCCCCC(=O)NC(C(=O)N2CC(O)CC2C(=O)NC(C)c2ccc(-c3scnc3C)cc2)C(C)(C)C)N(C)C(=O)C(C(C)C)N(C)C(=O)C(CC(C)C)N(C)C(=O)C(CC(C)C)N(C)C(=O)C(C)NC(=O)C(C)NC(=O)C(CC(C)C)N(C)C(=O)C(C(C)C)NC(=O)C(CC(C)C)N(C)C(=O)CN(C)C1=O,[*:1]CC=CCC(C)C(O)C1C(=O)NC(CC)C(=O)N(C)CC(=O)N(C)C(CC(C)C)C(=O)NC(C(C)C)C(=O)N(C)C(CC(C)C)C(=O)NC(C)C(=O)NC(C)C(=O)N(C)C(CC(C)C)C(=O)N(C)C(CC(C)C)C(=O)N(C)C(C(C)C)C(=O)N1C,[*:2]CC(=O)NC(C(=O)N1CC(O)CC1C(=O)NC(C)c1ccc(-c2scnc2C)cc1)C(C)(C)C,[*:1]CC[*:2]
O=C1CCC(N2C(=O)c3cccc(CCCCCNC(=O)c4ccc(NC(=O)C5NC6(CCCCC6)C6(C(=O)Nc7cc(Cl)ccc76)C5c5cccc(Cl)c5F)cc4)c3C2=O)C(=O)N1,[*:1]CNC(=O)c1ccc(NC(=O)C2NC3(CCCCC3)C3(C(=O)Nc4cc(Cl)ccc43)C2c2cccc(Cl)c2F)cc1,[*:2]c1cccc2c1C(=O)N(C1CCC(=O)NC1=O)C2=O,[*:1]CCCC[*:2]
O=C1CCC(N2Cc3c(NCCCCNC(=O)c4ccc(NC(=O)C5NC6(CCCCC6)C6(C(=O)Nc7cc(Cl)ccc76)C5c5cccc(Cl)c5F)cc4)cccc3C2=O)C(=O)N1,[*:1]CNC(=O)c1ccc(NC(=O)C2NC3(CCCCC3)C3(C(=O)Nc4cc(Cl)ccc43)C2c2cccc(Cl)c2F)cc1,[*:2]Nc1cccc2c1CN(C1CCC(=O)NC1=O)C2=O,[*:1]CCC[*:2]
O=C1CCC(N2Cc3c(C#CCCNC(=O)c4ccc(NC(=O)C5NC6(CCCCC6)C6(C(=O)Nc7cc(Cl)ccc76)C5c5cccc(Cl)c5F)cc4)cccc3C2=O)C(=O)N1,[*:1]CNC(=O)c1ccc(NC(=O)C2NC3(CCCCC3)C3(C(=O)Nc4cc(Cl)ccc43)C2c2cccc(Cl)c2F)cc1,[*:2]#Cc1cccc2c1CN(C1CCC(=O)NC1=O)C2=O,[*:1]CC#[*:2]
Cc1ncsc1-c1ccc(C(C)NC(=O)C2CC(O)CN2C(=O)C(NC(=O)CCCCNC(=O)c2ccc(NC(=O)C3NC4(CCCCC4)C4(C(=O)Nc5cc(Cl)ccc54)C3c3cccc(Cl)c3F)cc2)C(C)(C)C)cc1,[*:1]CNC(=O)c1ccc(NC(=O)C2NC3(CCCCC3)C3(C(=O)Nc4cc(Cl)ccc43)C2c2cccc(Cl)c2F)cc1,[*:2]CC(=O)NC(C(=O)N1CC(O)CC1C(=O)NC(C)c1ccc(-c2scnc2C)cc1)C(C)(C)C,[*:1]CC[*:2]
Cc1ncsc1-c1ccc(C(C)NC(=O)C2CC(O)CN2C(=O)C(NC(=O)CCOCCOCCNC(=O)c2ccc(NC(=O)C3NC4(CCCCC4)C4(C(=O)Nc5cc(Cl)ccc54)C3c3cccc(Cl)c3F)cc2)C(C)(C)C)cc1,[*:1]CNC(=O)c1ccc(NC(=O)C2NC3(CCCCC3)C3(C(=O)Nc4cc(Cl)ccc43)C2c2cccc(Cl)c2F)cc1,[*:2]CC(=O)NC(C(=O)N1CC(O)CC1C(=O)NC(C)c1ccc(-c2scnc2C)cc1)C(C)(C)C,[*:1]COCCOC[*:2]
Cc1ncsc1-c1ccc(C(C)NC(=O)C2CC(O)CN2C(=O)C(NC(=O)CCOCCOCCOCCNC(=O)c2ccc(NC(=O)C3NC4(CCCCC4)C4(C(=O)Nc5cc(Cl)ccc54)C3c3cccc(Cl)c3F)cc2)C(C)(C)C)cc1,[*:1]CNC(=O)c1ccc(NC(=O)C2NC3(CCCCC3)C3(C(=O)Nc4cc(Cl)ccc43)C2c2cccc(Cl)c2F)cc1,[*:2]CC(=O)NC(C(=O)N1CC(O)CC1C(=O)NC(C)c1ccc(-c2scnc2C)cc1)C(C)(C)C,[*:1]COCCOCCOC[*:2]
CC1(C)C(NC(=O)c2ccc(C(=O)NCCCCCCCCCCNc3cccc4c3C(=O)N(C3CCC(=O)NC3=O)C4=O)cc2)C(C)(C)C1Oc1ccc(C#N)c(Cl)c1,[*:1]c1ccc(C(=O)NC2C(C)(C)C(Oc3ccc(C#N)c(Cl)c3)C2(C)C)cc1,[*:2]Nc1cccc2c1C(=O)N(C1CCC(=O)NC1=O)C2=O,[*:1]C(=O)NCCCCCCCCCC[*:2]
COc1cc2c(Oc3ccc(NC(=O)C4(C(=O)Nc5ccc(F)cc5)CC4)cc3F)ccnc2cc1OCCOCCOCCC(=O)NC(C(=O)N1CC(O)CC1C(=O)NCc1ccc(-c2scnc2C)cc1)C(C)(C)C,[*:1]Oc1cc2nccc(Oc3ccc(NC(=O)C4(C(=O)Nc5ccc(F)cc5)CC4)cc3F)c2cc1OC,[*:2]CC(=O)NC(C(=O)N1CC(O)CC1C(=O)NCc1ccc(-c2scnc2C)cc1)C(C)(C)C,[*:1]CCOCCOC[*:2]
COc1cc2c(Oc3ccc(NC(=O)C4(C(=O)Nc5ccc(F)cc5)CC4)cc3F)ccnc2cc1OCCCOCCOCCC(=O)NC(C(=O)N1CC(O)CC1C(=O)NCc1ccc(-c2scnc2C)cc1)C(C)(C)C,[*:1]Oc1cc2nccc(Oc3ccc(NC(=O)C4(C(=O)Nc5ccc(F)cc5)CC4)cc3F)c2cc1OC,[*:2]CC(=O)NC(C(=O)N1CC(O)CC1C(=O)NCc1ccc(-c2scnc2C)cc1)C(C)(C)C,[*:1]CCCOCCOC[*:2]
COc1cc2c(Oc3ccc(NC(=O)C4(C(=O)Nc5ccc(F)cc5)CC4)cc3F)ccnc2cc1OCCCCOCCCCOc1cc(-c2scnc2C)ccc1CNC(=O)C1CC(O)CN1C(=O)C(C(C)C)N1Cc2ccccc2C1=O,[*:1]Oc1cc2nccc(Oc3ccc(NC(=O)C4(C(=O)Nc5ccc(F)cc5)CC4)cc3F)c2cc1OC,[*:2]Oc1cc(-c2scnc2C)ccc1CNC(=O)C1CC(O)CN1C(=O)C(C(C)C)N1Cc2ccccc2C1=O,[*:1]CCCCOCCCC[*:2]
COc1cc2c(Oc3ccc(NC(=O)C4(C(=O)Nc5ccc(F)cc5)CC4)cc3F)ccnc2cc1OCCCOCCOCCCOc1cc(-c2scnc2C)ccc1CNC(=O)C1CC(O)CN1C(=O)C(C(C)C)N1Cc2ccccc2C1=O,[*:1]Oc1cc2nccc(Oc3ccc(NC(=O)C4(C(=O)Nc5ccc(F)cc5)CC4)cc3F)c2cc1OC,[*:2]Oc1cc(-c2scnc2C)ccc1CNC(=O)C1CC(O)CN1C(=O)C(C(C)C)N1Cc2ccccc2C1=O,[*:1]CCCOCCOCCC[*:2]
COc1cc2c(Oc3ccc(NC(=O)C4(C(=O)Nc5ccc(F)cc5)CC4)cc3F)ccnc2cc1OCCCOCCCOCCCOc1cc(-c2scnc2C)ccc1CNC(=O)C1CC(O)CN1C(=O)C(C(C)C)N1Cc2ccccc2C1=O,[*:1]Oc1cc2nccc(Oc3ccc(NC(=O)C4(C(=O)Nc5ccc(F)cc5)CC4)cc3F)c2cc1OC,[*:2]Oc1cc(-c2scnc2C)ccc1CNC(=O)C1CC(O)CN1C(=O)C(C(C)C)N1Cc2ccccc2C1=O,[*:1]CCCOCCCOCCC[*:2]
Cc1sc2c(c1C)C(c1ccc(Cl)cc1)=NC(CC(=O)NCCCCCNc1cccc3c1CN(C1CCC(=O)NC1=O)C3=O)c1nnc(C)n1-2,[*:1]NC(=O)CC1N=C(c2ccc(Cl)cc2)c2c(sc(C)c2C)-n2c(C)nnc21,[*:2]Nc1cccc2c1CN(C1CCC(=O)NC1=O)C2=O,[*:1]CCCCC[*:2]
COc1cc(C=C(C#N)C(=O)NCCC(=O)NC(C(=O)N2CC(O)CC2C(=O)NCc2ccc(-c3scnc3C)cc2)C(C)(C)C)ccc1OCc1ccc(C(F)(F)F)cc1C(F)(F)F,[*:1]NC(=O)C(C#N)=Cc1ccc(OCc2ccc(C(F)(F)F)cc2C(F)(F)F)c(OC)c1,[*:2]CC(=O)NC(C(=O)N1CC(O)CC1C(=O)NCc1ccc(-c2scnc2C)cc1)C(C)(C)C,[*:1]C[*:2]
COc1cc(C=C(C#N)C(=O)NCCCC(=O)NC(C(=O)N2CC(O)CC2C(=O)NCc2ccc(-c3scnc3C)cc2)C(C)(C)C)ccc1OCc1ccc(C(F)(F)F)cc1C(F)(F)F,[*:1]NC(=O)C(C#N)=Cc1ccc(OCc2ccc(C(F)(F)F)cc2C(F)(F)F)c(OC)c1,[*:2]CC(=O)NC(C(=O)N1CC(O)CC1C(=O)NCc1ccc(-c2scnc2C)cc1)C(C)(C)C,[*:1]CC[*:2]
COc1cc(C=C(C#N)C(=O)NCCCCC(=O)NC(C(=O)N2CC(O)CC2C(=O)NCc2ccc(-c3scnc3C)cc2)C(C)(C)C)ccc1OCc1ccc(C(F)(F)F)cc1C(F)(F)F,[*:1]NC(=O)C(C#N)=Cc1ccc(OCc2ccc(C(F)(F)F)cc2C(F)(F)F)c(OC)c1,[*:2]CC(=O)NC(C(=O)N1CC(O)CC1C(=O)NCc1ccc(-c2scnc2C)cc1)C(C)(C)C,[*:1]CCC[*:2]
COc1cc(C=C(C#N)C(=O)NCCCCCC(=O)NC(C(=O)N2CC(O)CC2C(=O)NCc2ccc(-c3scnc3C)cc2)C(C)(C)C)ccc1OCc1ccc(C(F)(F)F)cc1C(F)(F)F,[*:1]NC(=O)C(C#N)=Cc1ccc(OCc2ccc(C(F)(F)F)cc2C(F)(F)F)c(OC)c1,[*:2]CC(=O)NC(C(=O)N1CC(O)CC1C(=O)NCc1ccc(-c2scnc2C)cc1)C(C)(C)C,[*:1]CCCC[*:2]
COc1cc(C=C(C#N)C(=O)NCCCCCCC(=O)NC(C(=O)N2CC(O)CC2C(=O)NCc2ccc(-c3scnc3C)cc2)C(C)(C)C)ccc1OCc1ccc(C(F)(F)F)cc1C(F)(F)F,[*:1]NC(=O)C(C#N)=Cc1ccc(OCc2ccc(C(F)(F)F)cc2C(F)(F)F)c(OC)c1,[*:2]CC(=O)NC(C(=O)N1CC(O)CC1C(=O)NCc1ccc(-c2scnc2C)cc1)C(C)(C)C,[*:1]CCCCC[*:2]
COc1cc(C=C(C#N)C(=O)NCCCCCCCC(=O)NC(C(=O)N2CC(O)CC2C(=O)NCc2ccc(-c3scnc3C)cc2)C(C)(C)C)ccc1OCc1ccc(C(F)(F)F)cc1C(F)(F)F,[*:1]NC(=O)C(C#N)=Cc1ccc(OCc2ccc(C(F)(F)F)cc2C(F)(F)F)c(OC)c1,[*:2]CC(=O)NC(C(=O)N1CC(O)CC1C(=O)NCc1ccc(-c2scnc2C)cc1)C(C)(C)C,[*:1]CCCCCC[*:2]
COc1cc(C=C(C#N)C(=O)NCCOCC(=O)NC(C(=O)N2CC(O)CC2C(=O)NCc2ccc(-c3scnc3C)cc2)C(C)(C)C)ccc1OCc1ccc(C(F)(F)F)cc1C(F)(F)F,[*:1]NC(=O)C(C#N)=Cc1ccc(OCc2ccc(C(F)(F)F)cc2C(F)(F)F)c(OC)c1,[*:2]CC(=O)NC(C(=O)N1CC(O)CC1C(=O)NCc1ccc(-c2scnc2C)cc1)C(C)(C)C,[*:1]CCO[*:2]
COc1cc(C=C(C#N)C(=O)NCCOCCC(=O)NC(C(=O)N2CC(O)CC2C(=O)NCc2ccc(-c3scnc3C)cc2)C(C)(C)C)ccc1OCc1ccc(C(F)(F)F)cc1C(F)(F)F,[*:1]NC(=O)C(C#N)=Cc1ccc(OCc2ccc(C(F)(F)F)cc2C(F)(F)F)c(OC)c1,[*:2]CC(=O)NC(C(=O)N1CC(O)CC1C(=O)NCc1ccc(-c2scnc2C)cc1)C(C)(C)C,[*:1]CCOC[*:2]
COc1cc(C=C(C#N)C(=O)NCCOCCOCCC(=O)NC(C(=O)N2CC(O)CC2C(=O)NCc2ccc(-c3scnc3C)cc2)C(C)(C)C)ccc1OCc1ccc(C(F)(F)F)cc1C(F)(F)F,[*:1]NC(=O)C(C#N)=Cc1ccc(OCc2ccc(C(F)(F)F)cc2C(F)(F)F)c(OC)c1,[*:2]CC(=O)NC(C(=O)N1CC(O)CC1C(=O)NCc1ccc(-c2scnc2C)cc1)C(C)(C)C,[*:1]CCOCCOC[*:2]
COc1cc(C=C(C#N)C(=O)NCCOCCOCCOCCC(=O)NC(C(=O)N2CC(O)CC2C(=O)NCc2ccc(-c3scnc3C)cc2)C(C)(C)C)ccc1OCc1ccc(C(F)(F)F)cc1C(F)(F)F,[*:1]NC(=O)C(C#N)=Cc1ccc(OCc2ccc(C(F)(F)F)cc2C(F)(F)F)c(OC)c1,[*:2]CC(=O)NC(C(=O)N1CC(O)CC1C(=O)NCc1ccc(-c2scnc2C)cc1)C(C)(C)C,[*:1]CCOCCOCCOC[*:2]
Nc1ncnc2c1c(-c1ccc(Oc3ccccc3)cc1)nn2C1CCCN(CC(=O)NCCOCCOCC(=O)NCCOCCOCC(=O)NCCOCCOc2cccc3c2C(=O)N(C2CCC(=O)NC2=O)C3=O)C1,[*:1]N1CCCC(n2nc(-c3ccc(Oc4ccccc4)cc3)c3c(N)ncnc32)C1,[*:2]c1cccc2c1C(=O)N(C1CCC(=O)NC1=O)C2=O,[*:1]CC(=O)NCCOCCOCC(=O)NCCOCCOCC(=O)NCCOCCO[*:2]
Cc1ncsc1-c1ccc(CNC(=O)C2CC(O)CN2C(=O)C(NC(=O)COCCCCOCCCOc2ccc(NC(=O)CC3N=C(c4ccc(Cl)cc4)c4c(sc(C)c4C)-n4c(C)nnc43)cc2)C(C)(C)C)cc1,[*:1]Oc1ccc(NC(=O)CC2N=C(c3ccc(Cl)cc3)c3c(sc(C)c3C)-n3c(C)nnc32)cc1,[*:2]CC(=O)NC(C(=O)N1CC(O)CC1C(=O)NCc1ccc(-c2scnc2C)cc1)C(C)(C)C,[*:1]CCCOCCCCO[*:2]
COc1cc(OC)c(C=CS(=O)(=O)Cc2ccc(OC)c(NCC(=O)Nc3cccc4c3C(=O)N(C3CCC(=O)NC3=O)C4=O)c2)c(OC)c1,[*:1]CNc1cc(CS(=O)(=O)C=Cc2c(OC)cc(OC)cc2OC)ccc1OC,[*:2]Nc1cccc2c1C(=O)N(C1CCC(=O)NC1=O)C2=O,[*:1]C([*:2])=O
COc1cc(OC)c(C=CS(=O)(=O)Cc2ccc(OC)c(NCC(=O)NCC(=O)Nc3cccc4c3C(=O)N(C3CCC(=O)NC3=O)C4=O)c2)c(OC)c1,[*:1]CNc1cc(CS(=O)(=O)C=Cc2c(OC)cc(OC)cc2OC)ccc1OC,[*:2]Nc1cccc2c1C(=O)N(C1CCC(=O)NC1=O)C2=O,[*:1]C(=O)NCC([*:2])=O
Nc1ncnc2c1c(-c1ccc(Oc3ccccc3)cc1)nn2C1CCCN(C(=O)c2cn(CCOCCOCCNc3cccc4c3C(=O)N(C3CCC(=O)NC3=O)C4=O)nn2)C1,[*:1]N1CCCC(n2nc(-c3ccc(Oc4ccccc4)cc3)c3c(N)ncnc32)C1,[*:2]Nc1cccc2c1C(=O)N(C1CCC(=O)NC1=O)C2=O,[*:1]C(=O)c1cn(CCOCCOCC[*:2])nn1
Nc1ncnc2c1c(-c1ccc(Oc3ccccc3)cc1)nn2C1CCCN(C(=O)c2cn(CCOCCOCCOCCOCCNc3cccc4c3C(=O)N(C3CCC(=O)NC3=O)C4=O)nn2)C1,[*:1]N1CCCC(n2nc(-c3ccc(Oc4ccccc4)cc3)c3c(N)ncnc32)C1,[*:2]Nc1cccc2c1C(=O)N(C1CCC(=O)NC1=O)C2=O,[*:1]C(=O)c1cn(CCOCCOCCOCCOCC[*:2])nn1
Nc1ncnc2c1c(-c1ccc(Oc3ccccc3)cc1)nn2C1CCCN(C(=O)c2cnnn2CCOCCOCCOCCNc2cccc3c2C(=O)N(C2CCC(=O)NC2=O)C3=O)C1,[*:1]N1CCCC(n2nc(-c3ccc(Oc4ccccc4)cc3)c3c(N)ncnc32)C1,[*:2]Nc1cccc2c1C(=O)N(C1CCC(=O)NC1=O)C2=O,[*:1]C(=O)c1cnnn1CCOCCOCCOCC[*:2]
Nc1ncnc2c1c(-c1ccc(Oc3ccccc3)cc1)nn2C1CCCN(C(=O)c2cnnn2CCOCCOCCOCCOCCNc2cccc3c2C(=O)N(C2CCC(=O)NC2=O)C3=O)C1,[*:1]N1CCCC(n2nc(-c3ccc(Oc4ccccc4)cc3)c3c(N)ncnc32)C1,[*:2]Nc1cccc2c1C(=O)N(C1CCC(=O)NC1=O)C2=O,[*:1]C(=O)c1cnnn1CCOCCOCCOCCOCC[*:2]
COc1ccc(C2=NC(c3ccc(Cl)cc3)C(c3ccc(Cl)cc3)N2C(=O)N2CCN(CC(=O)NCCOCCOCCn3cc(CCCC(=O)N4CCCC(n5nc(-c6ccc(Oc7ccccc7)cc6)c6c(N)ncnc65)C4)nn3)C(=O)C2)c(OC(C)C)c1,[*:1]N1CCCC(n2nc(-c3ccc(Oc4ccccc4)cc3)c3c(N)ncnc32)C1,[*:2]N1CCN(C(=O)N2C(c3ccc(OC)cc3OC(C)C)=NC(c3ccc(Cl)cc3)C2c2ccc(Cl)cc2)CC1=O,[*:1]C(=O)CCCc1cn(CCOCCOCCNC(=O)C[*:2])nn1
Nc1ncnc2c1c(-c1ccc(Oc3ccccc3)cc1)nn2C1CCCN(C(=O)c2cn(CCCCCCCCCCCNc3cccc4c3C(=O)N(C3CCC(=O)NC3=O)C4=O)nn2)C1,[*:1]N1CCCC(n2nc(-c3ccc(Oc4ccccc4)cc3)c3c(N)ncnc32)C1,[*:2]Nc1cccc2c1C(=O)N(C1CCC(=O)NC1=O)C2=O,[*:1]C(=O)c1cn(CCCCCCCCCCC[*:2])nn1
Nc1ncnc2c1c(-c1ccc(Oc3ccccc3)cc1)nn2C1CCCN(C(=O)CCCc2cn(CCCCCNc3cccc4c3C(=O)N(C3CCC(=O)NC3=O)C4=O)nn2)C1,[*:1]N1CCCC(n2nc(-c3ccc(Oc4ccccc4)cc3)c3c(N)ncnc32)C1,[*:2]Nc1cccc2c1C(=O)N(C1CCC(=O)NC1=O)C2=O,[*:1]C(=O)CCCc1cn(CCCCC[*:2])nn1
Nc1ncnc2c1c(-c1ccc(Oc3ccccc3)cc1)nn2C1CCCN(C(=O)c2cn(CCCCCNc3cccc4c3C(=O)N(C3CCC(=O)NC3=O)C4=O)nn2)C1,[*:1]N1CCCC(n2nc(-c3ccc(Oc4ccccc4)cc3)c3c(N)ncnc32)C1,[*:2]Nc1cccc2c1C(=O)N(C1CCC(=O)NC1=O)C2=O,[*:1]C(=O)c1cn(CCCCC[*:2])nn1
Nc1ncnc2c1c(-c1ccc(Oc3ccccc3)cc1)nn2C1CCCN(C(=O)CCCCCCCNc2cccc3c2C(=O)N(C2CCC(=O)NC2=O)C3=O)C1,[*:1]N1CCCC(n2nc(-c3ccc(Oc4ccccc4)cc3)c3c(N)ncnc32)C1,[*:2]Nc1cccc2c1C(=O)N(C1CCC(=O)NC1=O)C2=O,[*:1]C(=O)CCCCCCC[*:2]
Cc1ncsc1-c1ccc(C(C)NC(=O)C2CC(O)CN2C(=O)C(NC(=O)COCCCOCCNC(=O)CC2N=C(c3ccc(Cl)cc3)c3c(sc(C)c3C)-n3c(C)nnc32)C(C)(C)C)cc1,[*:1]NC(=O)CC1N=C(c2ccc(Cl)cc2)c2c(sc(C)c2C)-n2c(C)nnc21,[*:2]CC(=O)NC(C(=O)N1CC(O)CC1C(=O)NC(C)c1ccc(-c2scnc2C)cc1)C(C)(C)C,[*:1]CCOCCCO[*:2]
Cc1sc2c(c1C)C(c1ccc(Cl)cc1)=NC(CC(=O)NCCCCCCCCNC(=O)COc1cccc3c1C(=O)N(C1CCC(=O)NC1=O)C3=O)c1nnc(C)n1-2,[*:1]NC(=O)CC1N=C(c2ccc(Cl)cc2)c2c(sc(C)c2C)-n2c(C)nnc21,[*:2]c1cccc2c1C(=O)N(C1CCC(=O)NC1=O)C2=O,[*:1]CCCCCCCCNC(=O)CO[*:2]
Cc1sc2c(c1C)C(c1ccc(Cl)cc1)=NC(CC(=O)NCCOCCOCCOCCOCCOCCOCCOCCOCCOCCNC(=O)COc1cccc3c1C(=O)N(C1CCC(=O)NC1=O)C3=O)c1nnc(C)n1-2,[*:1]NC(=O)CC1N=C(c2ccc(Cl)cc2)c2c(sc(C)c2C)-n2c(C)nnc21,[*:2]c1cccc2c1C(=O)N(C1CCC(=O)NC1=O)C2=O,[*:1]CCOCCOCCOCCOCCOCCOCCOCCOCCOCCNC(=O)CO[*:2]
Cc1sc2c(c1C)C(c1ccc(Cl)cc1)=NC(CC(=O)NCCNc1cccc3c1C(=O)N(C1CCC(=O)NC1=O)C3=O)c1nnc(C)n1-2,[*:1]NC(=O)CC1N=C(c2ccc(Cl)cc2)c2c(sc(C)c2C)-n2c(C)nnc21,[*:2]Nc1cccc2c1C(=O)N(C1CCC(=O)NC1=O)C2=O,[*:1]CC[*:2]
Cc1sc2c(c1C)C(c1ccc(Cl)cc1)=NC(CC(=O)NCCOc1cccc3c1C(=O)N(C1CCC(=O)NC1=O)C3=O)c1nnc(C)n1-2,[*:1]NC(=O)CC1N=C(c2ccc(Cl)cc2)c2c(sc(C)c2C)-n2c(C)nnc21,[*:2]c1cccc2c1C(=O)N(C1CCC(=O)NC1=O)C2=O,[*:1]CCO[*:2]
CC(=O)NC(C(=O)N1CC(O)CC1C(=O)NC(CC(=O)N1CCC(N2CCC(C#Cc3ccc(C(=O)NC4C(C)(C)C(Oc5ccc(C#N)c(Cl)c5)C4(C)C)cc3)CC2)CC1)c1ccccc1)C(C)C,[*:1]#Cc1ccc(C(=O)NC2C(C)(C)C(Oc3ccc(C#N)c(Cl)c3)C2(C)C)cc1,[*:2]C(=O)CC(NC(=O)C1CC(O)CN1C(=O)C(NC(C)=O)C(C)C)c1ccccc1,[*:1]#CC1CCN(C2CCN([*:2])CC2)CC1
Cc1ncsc1-c1ccc(CNC(=O)C2CC(O)CN2C(=O)C(NC(=O)CCOCCOCCOCCOCCOCCC(=O)N2CCCC(n3nc(-c4ccc(Oc5ccc(F)cc5F)cc4)c(C(N)=O)c3N)C2)C(C)(C)C)cc1,[*:1]CC(=O)N1CCCC(n2nc(-c3ccc(Oc4ccc(F)cc4F)cc3)c(C(N)=O)c2N)C1,[*:2]CC(=O)NC(C(=O)N1CC(O)CC1C(=O)NCc1ccc(-c2scnc2C)cc1)C(C)(C)C,[*:1]COCCOCCOCCOCCOC[*:2]
Cc1ncsc1-c1ccc(CNC(=O)C2CC(O)CN2C(=O)C(NC(=O)CCOCCOCCOCCOCCOCCOCCC(=O)N2CCCC(n3nc(-c4ccc(Oc5ccc(F)cc5F)cc4)c(C(N)=O)c3N)C2)C(C)(C)C)cc1,[*:1]CC(=O)N1CCCC(n2nc(-c3ccc(Oc4ccc(F)cc4F)cc3)c(C(N)=O)c2N)C1,[*:2]CC(=O)NC(C(=O)N1CC(O)CC1C(=O)NCc1ccc(-c2scnc2C)cc1)C(C)(C)C,[*:1]COCCOCCOCCOCCOCCOC[*:2]
CC(=O)c1c(C)c2cnc(Nc3ccc(N4CCN(Cc5cn(CCOCCNC(=O)C(CC(C)C)NC(=O)C(O)C(N)Cc6ccccc6)nn5)CC4)cn3)nc2n(C2CCCC2)c1=O,[*:1]N1CCN(c2ccc(Nc3ncc4c(C)c(C(C)=O)c(=O)n(C5CCCC5)c4n3)nc2)CC1,[*:2]CNC(=O)C(CC(C)C)NC(=O)C(O)C(N)Cc1ccccc1,[*:1]Cc1cn(CCOC[*:2])nn1
CC(=O)c1c(C)c2cnc(Nc3ccc(N4CCN(Cc5cn(CCOCCOCCNC(=O)C(CC(C)C)NC(=O)C(O)C(N)Cc6ccccc6)nn5)CC4)cn3)nc2n(C2CCCC2)c1=O,[*:1]N1CCN(c2ccc(Nc3ncc4c(C)c(C(C)=O)c(=O)n(C5CCCC5)c4n3)nc2)CC1,[*:2]CNC(=O)C(CC(C)C)NC(=O)C(O)C(N)Cc1ccccc1,[*:1]Cc1cn(CCOCCOC[*:2])nn1
CC(=O)c1c(C)c2cnc(Nc3ccc(N4CCN(Cc5cn(CCOCCOCCOCCNC(=O)C(CC(C)C)NC(=O)C(O)C(N)Cc6ccccc6)nn5)CC4)cn3)nc2n(C2CCCC2)c1=O,[*:1]N1CCN(c2ccc(Nc3ncc4c(C)c(C(C)=O)c(=O)n(C5CCCC5)c4n3)nc2)CC1,[*:2]CNC(=O)C(CC(C)C)NC(=O)C(O)C(N)Cc1ccccc1,[*:1]Cc1cn(CCOCCOCCOC[*:2])nn1
CC(=O)c1c(C)c2cnc(Nc3ccc(N4CCN(Cc5cn(CCOCCOCCOCCOCCNC(=O)C(CC(C)C)NC(=O)C(O)C(N)Cc6ccccc6)nn5)CC4)cn3)nc2n(C2CCCC2)c1=O,[*:1]N1CCN(c2ccc(Nc3ncc4c(C)c(C(C)=O)c(=O)n(C5CCCC5)c4n3)nc2)CC1,[*:2]CNC(=O)C(CC(C)C)NC(=O)C(O)C(N)Cc1ccccc1,[*:1]Cc1cn(CCOCCOCCOCCOC[*:2])nn1
Cc1ncsc1-c1ccc(C(C)NC(=O)C2CC(O)CN2C(=O)C(NC(=O)COCCOCCOCCNC(=O)CCc2ccc(S(=O)(=O)Nc3cc(C)c(=O)n(C)c3Nc3ccc(I)cc3F)cc2)C(C)(C)C)cc1,[*:1]c1ccc(S(=O)(=O)Nc2cc(C)c(=O)n(C)c2Nc2ccc(I)cc2F)cc1,[*:2]CC(=O)NC(C(=O)N1CC(O)CC1C(=O)NC(C)c1ccc(-c2scnc2C)cc1)C(C)(C)C,[*:1]CCC(=O)NCCOCCOCCO[*:2]
Cc1ncsc1-c1ccc(C(C)NC(=O)C2CC(O)CN2C(=O)C(NC(=O)COCCOCCOCCOCCNC(=O)CCc2ccc(S(=O)(=O)Nc3cc(C)c(=O)n(C)c3Nc3ccc(I)cc3F)cc2)C(C)(C)C)cc1,[*:1]c1ccc(S(=O)(=O)Nc2cc(C)c(=O)n(C)c2Nc2ccc(I)cc2F)cc1,[*:2]CC(=O)NC(C(=O)N1CC(O)CC1C(=O)NC(C)c1ccc(-c2scnc2C)cc1)C(C)(C)C,[*:1]CCC(=O)NCCOCCOCCOCCO[*:2]
Cc1ncsc1-c1ccc(C(C)NC(=O)C2CC(O)CN2C(=O)C(NC(=O)COCCOCCOCCNC(=O)COc2ccc(S(=O)(=O)Nc3cc(C)c(=O)n(C)c3Nc3ccc(I)cc3F)cc2)C(C)(C)C)cc1,[*:1]c1ccc(S(=O)(=O)Nc2cc(C)c(=O)n(C)c2Nc2ccc(I)cc2F)cc1,[*:2]CC(=O)NC(C(=O)N1CC(O)CC1C(=O)NC(C)c1ccc(-c2scnc2C)cc1)C(C)(C)C,[*:1]OCC(=O)NCCOCCOCCO[*:2]
Cc1ncsc1-c1ccc(C(C)NC(=O)C2CC(O)CN2C(=O)C(NC(=O)COCCOCCOCCOCCNC(=O)COc2ccc(S(=O)(=O)Nc3cc(C)c(=O)n(C)c3Nc3ccc(I)cc3F)cc2)C(C)(C)C)cc1,[*:1]c1ccc(S(=O)(=O)Nc2cc(C)c(=O)n(C)c2Nc2ccc(I)cc2F)cc1,[*:2]CC(=O)NC(C(=O)N1CC(O)CC1C(=O)NC(C)c1ccc(-c2scnc2C)cc1)C(C)(C)C,[*:1]OCC(=O)NCCOCCOCCOCCO[*:2]
Cc1ncsc1-c1ccc(C(C)NC(=O)C2CC(O)CN2C(=O)C(NC(=O)COCCOCCOCCNC(=O)c2ccc(S(=O)(=O)Nc3cc(C)c(=O)n(C)c3Nc3ccc(I)cc3F)cc2)C(C)(C)C)cc1,[*:1]c1ccc(S(=O)(=O)Nc2cc(C)c(=O)n(C)c2Nc2ccc(I)cc2F)cc1,[*:2]CC(=O)NC(C(=O)N1CC(O)CC1C(=O)NC(C)c1ccc(-c2scnc2C)cc1)C(C)(C)C,[*:1]C(=O)NCCOCCOCCO[*:2]
Cc1ncsc1-c1ccc(C(C)NC(=O)C2CC(O)CN2C(=O)C(NC(=O)COCCOCCOCCOCCNC(=O)c2ccc(S(=O)(=O)Nc3cc(C)c(=O)n(C)c3Nc3ccc(I)cc3F)cc2)C(C)(C)C)cc1,[*:1]c1ccc(S(=O)(=O)Nc2cc(C)c(=O)n(C)c2Nc2ccc(I)cc2F)cc1,[*:2]CC(=O)NC(C(=O)N1CC(O)CC1C(=O)NC(C)c1ccc(-c2scnc2C)cc1)C(C)(C)C,[*:1]C(=O)NCCOCCOCCOCCO[*:2]
Cc1ncsc1-c1ccc(C(C)NC(=O)C2CC(O)CN2C(=O)C(NC(=O)COCCOCCOCCNCc2ccc(S(=O)(=O)Nc3cc(C)c(=O)n(C)c3Nc3ccc(I)cc3F)cc2)C(C)(C)C)cc1,[*:1]c1ccc(S(=O)(=O)Nc2cc(C)c(=O)n(C)c2Nc2ccc(I)cc2F)cc1,[*:2]CC(=O)NC(C(=O)N1CC(O)CC1C(=O)NC(C)c1ccc(-c2scnc2C)cc1)C(C)(C)C,[*:1]CNCCOCCOCCO[*:2]
Cc1ncsc1-c1ccc(C(C)NC(=O)C2CC(O)CN2C(=O)C(NC(=O)COCCOCCOCCOCCNCc2ccc(S(=O)(=O)Nc3cc(C)c(=O)n(C)c3Nc3ccc(I)cc3F)cc2)C(C)(C)C)cc1,[*:1]c1ccc(S(=O)(=O)Nc2cc(C)c(=O)n(C)c2Nc2ccc(I)cc2F)cc1,[*:2]CC(=O)NC(C(=O)N1CC(O)CC1C(=O)NC(C)c1ccc(-c2scnc2C)cc1)C(C)(C)C,[*:1]CNCCOCCOCCOCCO[*:2]
Cc1ncsc1-c1ccc(C(C)NC(=O)C2CC(O)CN2C(=O)C(NC(=O)COCCOCCOCCNC(=O)Cc2ccc(S(=O)(=O)Nc3cc(C)c(=O)n(C)c3Nc3ccc(I)cc3F)cc2)C(C)(C)C)cc1,[*:1]c1ccc(S(=O)(=O)Nc2cc(C)c(=O)n(C)c2Nc2ccc(I)cc2F)cc1,[*:2]CC(=O)NC(C(=O)N1CC(O)CC1C(=O)NC(C)c1ccc(-c2scnc2C)cc1)C(C)(C)C,[*:1]CC(=O)NCCOCCOCCO[*:2]
Cc1ncsc1-c1ccc(C(C)NC(=O)C2CC(O)CN2C(=O)C(NC(=O)COCCOCCOCCOCCNC(=O)Cc2ccc(S(=O)(=O)Nc3cc(C)c(=O)n(C)c3Nc3ccc(I)cc3F)cc2)C(C)(C)C)cc1,[*:1]c1ccc(S(=O)(=O)Nc2cc(C)c(=O)n(C)c2Nc2ccc(I)cc2F)cc1,[*:2]CC(=O)NC(C(=O)N1CC(O)CC1C(=O)NC(C)c1ccc(-c2scnc2C)cc1)C(C)(C)C,[*:1]CC(=O)NCCOCCOCCOCCO[*:2]
COc1cc(N2CCN(C(=O)CCC(=O)NC(C(=O)N3CC(O)CC3C(=O)NCc3ccc(-c4scnc4C)cc3)C(C)(C)C)CC2)ccc1Nc1ncc(Cl)c(Nc2ccccc2P(C)(C)=O)n1,[*:1]N1CCN(c2ccc(Nc3ncc(Cl)c(Nc4ccccc4P(C)(C)=O)n3)c(OC)c2)CC1,[*:2]CC(=O)NC(C(=O)N1CC(O)CC1C(=O)NCc1ccc(-c2scnc2C)cc1)C(C)(C)C,[*:1]C(=O)C[*:2]
COc1cc(N2CCN(C(=O)CCCC(=O)NC(C(=O)N3CC(O)CC3C(=O)NCc3ccc(-c4scnc4C)cc3)C(C)(C)C)CC2)ccc1Nc1ncc(Cl)c(Nc2ccccc2P(C)(C)=O)n1,[*:1]N1CCN(c2ccc(Nc3ncc(Cl)c(Nc4ccccc4P(C)(C)=O)n3)c(OC)c2)CC1,[*:2]CC(=O)NC(C(=O)N1CC(O)CC1C(=O)NCc1ccc(-c2scnc2C)cc1)C(C)(C)C,[*:1]C(=O)CC[*:2]
COc1cc(N2CCN(C(=O)CCCCC(=O)NC(C(=O)N3CC(O)CC3C(=O)NCc3ccc(-c4scnc4C)cc3)C(C)(C)C)CC2)ccc1Nc1ncc(Cl)c(Nc2ccccc2P(C)(C)=O)n1,[*:1]N1CCN(c2ccc(Nc3ncc(Cl)c(Nc4ccccc4P(C)(C)=O)n3)c(OC)c2)CC1,[*:2]CC(=O)NC(C(=O)N1CC(O)CC1C(=O)NCc1ccc(-c2scnc2C)cc1)C(C)(C)C,[*:1]C(=O)CCC[*:2]
COc1cc(N2CCN(C(=O)CCCCCC(=O)NC(C(=O)N3CC(O)CC3C(=O)NCc3ccc(-c4scnc4C)cc3)C(C)(C)C)CC2)ccc1Nc1ncc(Cl)c(Nc2ccccc2P(C)(C)=O)n1,[*:1]N1CCN(c2ccc(Nc3ncc(Cl)c(Nc4ccccc4P(C)(C)=O)n3)c(OC)c2)CC1,[*:2]CC(=O)NC(C(=O)N1CC(O)CC1C(=O)NCc1ccc(-c2scnc2C)cc1)C(C)(C)C,[*:1]C(=O)CCCC[*:2]
COc1cc(N2CCC(NC(=O)CCC(=O)NC(C(=O)N3CC(O)CC3C(=O)NCc3ccc(-c4scnc4C)cc3)C(C)(C)C)CC2)ccc1Nc1ncc(Cl)c(Nc2ccccc2P(C)(C)=O)n1,[*:1]NC1CCN(c2ccc(Nc3ncc(Cl)c(Nc4ccccc4P(C)(C)=O)n3)c(OC)c2)CC1,[*:2]CC(=O)NC(C(=O)N1CC(O)CC1C(=O)NCc1ccc(-c2scnc2C)cc1)C(C)(C)C,[*:1]C(=O)C[*:2]
COc1cc(N2CCC(NC(=O)CCCC(=O)NC(C(=O)N3CC(O)CC3C(=O)NCc3ccc(-c4scnc4C)cc3)C(C)(C)C)CC2)ccc1Nc1ncc(Cl)c(Nc2ccccc2P(C)(C)=O)n1,[*:1]NC1CCN(c2ccc(Nc3ncc(Cl)c(Nc4ccccc4P(C)(C)=O)n3)c(OC)c2)CC1,[*:2]CC(=O)NC(C(=O)N1CC(O)CC1C(=O)NCc1ccc(-c2scnc2C)cc1)C(C)(C)C,[*:1]C(=O)CC[*:2]
COc1cc(N2CCC(NC(=O)CCCCC(=O)NC(C(=O)N3CC(O)CC3C(=O)NCc3ccc(-c4scnc4C)cc3)C(C)(C)C)CC2)ccc1Nc1ncc(Cl)c(Nc2ccccc2P(C)(C)=O)n1,[*:1]NC1CCN(c2ccc(Nc3ncc(Cl)c(Nc4ccccc4P(C)(C)=O)n3)c(OC)c2)CC1,[*:2]CC(=O)NC(C(=O)N1CC(O)CC1C(=O)NCc1ccc(-c2scnc2C)cc1)C(C)(C)C,[*:1]C(=O)CCC[*:2]
COc1cc(N2CCC(NC(=O)CCCCCC(=O)NC(C(=O)N3CC(O)CC3C(=O)NCc3ccc(-c4scnc4C)cc3)C(C)(C)C)CC2)ccc1Nc1ncc(Cl)c(Nc2ccccc2P(C)(C)=O)n1,[*:1]NC1CCN(c2ccc(Nc3ncc(Cl)c(Nc4ccccc4P(C)(C)=O)n3)c(OC)c2)CC1,[*:2]CC(=O)NC(C(=O)N1CC(O)CC1C(=O)NCc1ccc(-c2scnc2C)cc1)C(C)(C)C,[*:1]C(=O)CCCC[*:2]
COc1cc(N2CCC(N3CCN(C(=O)CCC(=O)NC(C(=O)N4CC(O)CC4C(=O)NCc4ccc(-c5scnc5C)cc4)C(C)(C)C)CC3)CC2)ccc1Nc1ncc(Cl)c(Nc2ccccc2P(C)(C)=O)n1,[*:1]N1CCN(C2CCN(c3ccc(Nc4ncc(Cl)c(Nc5ccccc5P(C)(C)=O)n4)c(OC)c3)CC2)CC1,[*:2]CC(=O)NC(C(=O)N1CC(O)CC1C(=O)NCc1ccc(-c2scnc2C)cc1)C(C)(C)C,[*:1]C(=O)C[*:2]
COc1cc(N2CCC(N3CCN(C(=O)CCCC(=O)NC(C(=O)N4CC(O)CC4C(=O)NCc4ccc(-c5scnc5C)cc4)C(C)(C)C)CC3)CC2)ccc1Nc1ncc(Cl)c(Nc2ccccc2P(C)(C)=O)n1,[*:1]N1CCN(C2CCN(c3ccc(Nc4ncc(Cl)c(Nc5ccccc5P(C)(C)=O)n4)c(OC)c3)CC2)CC1,[*:2]CC(=O)NC(C(=O)N1CC(O)CC1C(=O)NCc1ccc(-c2scnc2C)cc1)C(C)(C)C,[*:1]C(=O)CC[*:2]
COc1cc(N2CCC(N3CCN(C(=O)CCCCC(=O)NC(C(=O)N4CC(O)CC4C(=O)NCc4ccc(-c5scnc5C)cc4)C(C)(C)C)CC3)CC2)ccc1Nc1ncc(Cl)c(Nc2ccccc2P(C)(C)=O)n1,[*:1]N1CCN(C2CCN(c3ccc(Nc4ncc(Cl)c(Nc5ccccc5P(C)(C)=O)n4)c(OC)c3)CC2)CC1,[*:2]CC(=O)NC(C(=O)N1CC(O)CC1C(=O)NCc1ccc(-c2scnc2C)cc1)C(C)(C)C,[*:1]C(=O)CCC[*:2]
COc1cc(N2CCC(N3CCN(C(=O)CCCCCC(=O)NC(C(=O)N4CC(O)CC4C(=O)NCc4ccc(-c5scnc5C)cc4)C(C)(C)C)CC3)CC2)ccc1Nc1ncc(Cl)c(Nc2ccccc2P(C)(C)=O)n1,[*:1]N1CCN(C2CCN(c3ccc(Nc4ncc(Cl)c(Nc5ccccc5P(C)(C)=O)n4)c(OC)c3)CC2)CC1,[*:2]CC(=O)NC(C(=O)N1CC(O)CC1C(=O)NCc1ccc(-c2scnc2C)cc1)C(C)(C)C,[*:1]C(=O)CCCC[*:2]
COc1cc(N2CCN(C(=O)CCOCCOCCC(=O)NC(C(=O)N3CC(O)CC3C(=O)NCc3ccc(-c4scnc4C)cc3)C(C)(C)C)CC2)ccc1Nc1ncc(Cl)c(Nc2ccccc2P(C)(C)=O)n1,[*:1]N1CCN(c2ccc(Nc3ncc(Cl)c(Nc4ccccc4P(C)(C)=O)n3)c(OC)c2)CC1,[*:2]CC(=O)NC(C(=O)N1CC(O)CC1C(=O)NCc1ccc(-c2scnc2C)cc1)C(C)(C)C,[*:1]C(=O)CCOCCOC[*:2]
COc1cc(N2CCN(C(=O)CCOCCOCCOCCC(=O)NC(C(=O)N3CC(O)CC3C(=O)NCc3ccc(-c4scnc4C)cc3)C(C)(C)C)CC2)ccc1Nc1ncc(Cl)c(Nc2ccccc2P(C)(C)=O)n1,[*:1]N1CCN(c2ccc(Nc3ncc(Cl)c(Nc4ccccc4P(C)(C)=O)n3)c(OC)c2)CC1,[*:2]CC(=O)NC(C(=O)N1CC(O)CC1C(=O)NCc1ccc(-c2scnc2C)cc1)C(C)(C)C,[*:1]C(=O)CCOCCOCCOC[*:2]
COc1cc(N2CCN(C(=O)CCOCCOCCOCCOCCC(=O)NC(C(=O)N3CC(O)CC3C(=O)NCc3ccc(-c4scnc4C)cc3)C(C)(C)C)CC2)ccc1Nc1ncc(Cl)c(Nc2ccccc2P(C)(C)=O)n1,[*:1]N1CCN(c2ccc(Nc3ncc(Cl)c(Nc4ccccc4P(C)(C)=O)n3)c(OC)c2)CC1,[*:2]CC(=O)NC(C(=O)N1CC(O)CC1C(=O)NCc1ccc(-c2scnc2C)cc1)C(C)(C)C,[*:1]C(=O)CCOCCOCCOCCOC[*:2]
COc1cc(N2CCN(C(=O)CCOCCOCCOCCOCCOCCC(=O)NC(C(=O)N3CC(O)CC3C(=O)NCc3ccc(-c4scnc4C)cc3)C(C)(C)C)CC2)ccc1Nc1ncc(Cl)c(Nc2ccccc2P(C)(C)=O)n1,[*:1]N1CCN(c2ccc(Nc3ncc(Cl)c(Nc4ccccc4P(C)(C)=O)n3)c(OC)c2)CC1,[*:2]CC(=O)NC(C(=O)N1CC(O)CC1C(=O)NCc1ccc(-c2scnc2C)cc1)C(C)(C)C,[*:1]C(=O)CCOCCOCCOCCOCCOC[*:2]
COc1cc(N2CCC(NC(=O)CCOCCOCCC(=O)NC(C(=O)N3CC(O)CC3C(=O)NCc3ccc(-c4scnc4C)cc3)C(C)(C)C)CC2)ccc1Nc1ncc(Cl)c(Nc2ccccc2P(C)(C)=O)n1,[*:1]NC1CCN(c2ccc(Nc3ncc(Cl)c(Nc4ccccc4P(C)(C)=O)n3)c(OC)c2)CC1,[*:2]CC(=O)NC(C(=O)N1CC(O)CC1C(=O)NCc1ccc(-c2scnc2C)cc1)C(C)(C)C,[*:1]C(=O)CCOCCOC[*:2]
COc1cc(N2CCC(NC(=O)CCOCCOCCOCCC(=O)NC(C(=O)N3CC(O)CC3C(=O)NCc3ccc(-c4scnc4C)cc3)C(C)(C)C)CC2)ccc1Nc1ncc(Cl)c(Nc2ccccc2P(C)(C)=O)n1,[*:1]NC1CCN(c2ccc(Nc3ncc(Cl)c(Nc4ccccc4P(C)(C)=O)n3)c(OC)c2)CC1,[*:2]CC(=O)NC(C(=O)N1CC(O)CC1C(=O)NCc1ccc(-c2scnc2C)cc1)C(C)(C)C,[*:1]C(=O)CCOCCOCCOC[*:2]
COc1cc(N2CCC(NC(=O)CCOCCOCCOCCOCCC(=O)NC(C(=O)N3CC(O)CC3C(=O)NCc3ccc(-c4scnc4C)cc3)C(C)(C)C)CC2)ccc1Nc1ncc(Cl)c(Nc2ccccc2P(C)(C)=O)n1,[*:1]NC1CCN(c2ccc(Nc3ncc(Cl)c(Nc4ccccc4P(C)(C)=O)n3)c(OC)c2)CC1,[*:2]CC(=O)NC(C(=O)N1CC(O)CC1C(=O)NCc1ccc(-c2scnc2C)cc1)C(C)(C)C,[*:1]C(=O)CCOCCOCCOCCOC[*:2]
COc1cc(N2CCC(NC(=O)CCOCCOCCOCCOCCOCCC(=O)NC(C(=O)N3CC(O)CC3C(=O)NCc3ccc(-c4scnc4C)cc3)C(C)(C)C)CC2)ccc1Nc1ncc(Cl)c(Nc2ccccc2P(C)(C)=O)n1,[*:1]NC1CCN(c2ccc(Nc3ncc(Cl)c(Nc4ccccc4P(C)(C)=O)n3)c(OC)c2)CC1,[*:2]CC(=O)NC(C(=O)N1CC(O)CC1C(=O)NCc1ccc(-c2scnc2C)cc1)C(C)(C)C,[*:1]C(=O)CCOCCOCCOCCOCCOC[*:2]
COc1cc(N2CCC(N3CCN(C(=O)CCOCCOCCC(=O)NC(C(=O)N4CC(O)CC4C(=O)NCc4ccc(-c5scnc5C)cc4)C(C)(C)C)CC3)CC2)ccc1Nc1ncc(Cl)c(Nc2ccccc2P(C)(C)=O)n1,[*:1]N1CCN(C2CCN(c3ccc(Nc4ncc(Cl)c(Nc5ccccc5P(C)(C)=O)n4)c(OC)c3)CC2)CC1,[*:2]CC(=O)NC(C(=O)N1CC(O)CC1C(=O)NCc1ccc(-c2scnc2C)cc1)C(C)(C)C,[*:1]C(=O)CCOCCOC[*:2]
COc1cc(N2CCC(N3CCN(C(=O)CCOCCOCCOCCC(=O)NC(C(=O)N4CC(O)CC4C(=O)NCc4ccc(-c5scnc5C)cc4)C(C)(C)C)CC3)CC2)ccc1Nc1ncc(Cl)c(Nc2ccccc2P(C)(C)=O)n1,[*:1]N1CCN(C2CCN(c3ccc(Nc4ncc(Cl)c(Nc5ccccc5P(C)(C)=O)n4)c(OC)c3)CC2)CC1,[*:2]CC(=O)NC(C(=O)N1CC(O)CC1C(=O)NCc1ccc(-c2scnc2C)cc1)C(C)(C)C,[*:1]C(=O)CCOCCOCCOC[*:2]
COc1cc(N2CCC(N3CCN(C(=O)CCOCCOCCOCCOCCC(=O)NC(C(=O)N4CC(O)CC4C(=O)NCc4ccc(-c5scnc5C)cc4)C(C)(C)C)CC3)CC2)ccc1Nc1ncc(Cl)c(Nc2ccccc2P(C)(C)=O)n1,[*:1]N1CCN(C2CCN(c3ccc(Nc4ncc(Cl)c(Nc5ccccc5P(C)(C)=O)n4)c(OC)c3)CC2)CC1,[*:2]CC(=O)NC(C(=O)N1CC(O)CC1C(=O)NCc1ccc(-c2scnc2C)cc1)C(C)(C)C,[*:1]C(=O)CCOCCOCCOCCOC[*:2]
COc1cc(N2CCC(N3CCN(C(=O)CCOCCOCCOCCOCCOCCC(=O)NC(C(=O)N4CC(O)CC4C(=O)NCc4ccc(-c5scnc5C)cc4)C(C)(C)C)CC3)CC2)ccc1Nc1ncc(Cl)c(Nc2ccccc2P(C)(C)=O)n1,[*:1]N1CCN(C2CCN(c3ccc(Nc4ncc(Cl)c(Nc5ccccc5P(C)(C)=O)n4)c(OC)c3)CC2)CC1,[*:2]CC(=O)NC(C(=O)N1CC(O)CC1C(=O)NCc1ccc(-c2scnc2C)cc1)C(C)(C)C,[*:1]C(=O)CCOCCOCCOCCOCCOC[*:2]
COc1cc2ncnc(Nc3ccc(F)c(Cl)c3)c2cc1OCCCN1CCN(C(=O)CCOCCC(=O)NC(C(=O)N2CC(O)CC2C(=O)NCc2ccc(-c3scnc3C)cc2)C(C)(C)C)CC1,[*:1]N1CCN(CCCOc2cc3c(Nc4ccc(F)c(Cl)c4)ncnc3cc2OC)CC1,[*:2]CC(=O)NC(C(=O)N1CC(O)CC1C(=O)NCc1ccc(-c2scnc2C)cc1)C(C)(C)C,[*:1]C(=O)CCOC[*:2]
COc1cc2ncnc(Nc3ccc(F)c(Cl)c3)c2cc1OCCCN1CCN(C(=O)CCOCCOCCOCCC(=O)NC(C(=O)N2CC(O)CC2C(=O)NCc2ccc(-c3scnc3C)cc2)C(C)(C)C)CC1,[*:1]N1CCN(CCCOc2cc3c(Nc4ccc(F)c(Cl)c4)ncnc3cc2OC)CC1,[*:2]CC(=O)NC(C(=O)N1CC(O)CC1C(=O)NCc1ccc(-c2scnc2C)cc1)C(C)(C)C,[*:1]C(=O)CCOCCOCCOC[*:2]
COc1cc2ncnc(Nc3ccc(F)c(Cl)c3)c2cc1OCCCN1CCN(C(=O)CCOCCOCCOCCOCCOCCC(=O)NC(C(=O)N2CC(O)CC2C(=O)NCc2ccc(-c3scnc3C)cc2)C(C)(C)C)CC1,[*:1]N1CCN(CCCOc2cc3c(Nc4ccc(F)c(Cl)c4)ncnc3cc2OC)CC1,[*:2]CC(=O)NC(C(=O)N1CC(O)CC1C(=O)NCc1ccc(-c2scnc2C)cc1)C(C)(C)C,[*:1]C(=O)CCOCCOCCOCCOCCOC[*:2]
COc1cc2ncnc(Nc3ccc(F)c(Cl)c3)c2cc1OCCCN1CCN(C(=O)CCC(=O)NC(C(=O)N2CC(O)CC2C(=O)NCc2ccc(-c3scnc3C)cc2)C(C)(C)C)CC1,[*:1]N1CCN(CCCOc2cc3c(Nc4ccc(F)c(Cl)c4)ncnc3cc2OC)CC1,[*:2]CC(=O)NC(C(=O)N1CC(O)CC1C(=O)NCc1ccc(-c2scnc2C)cc1)C(C)(C)C,[*:1]C(=O)C[*:2]
COc1cc2ncnc(Nc3ccc(F)c(Cl)c3)c2cc1OCCCN1CCN(C(=O)CCCCCC(=O)NC(C(=O)N2CC(O)CC2C(=O)NCc2ccc(-c3scnc3C)cc2)C(C)(C)C)CC1,[*:1]N1CCN(CCCOc2cc3c(Nc4ccc(F)c(Cl)c4)ncnc3cc2OC)CC1,[*:2]CC(=O)NC(C(=O)N1CC(O)CC1C(=O)NCc1ccc(-c2scnc2C)cc1)C(C)(C)C,[*:1]C(=O)CCCC[*:2]
COc1cc2ncnc(Nc3ccc(F)c(Cl)c3)c2cc1OCCCN1CCN(C(=O)CCCCCCCCCC(=O)NC(C(=O)N2CC(O)CC2C(=O)NCc2ccc(-c3scnc3C)cc2)C(C)(C)C)CC1,[*:1]N1CCN(CCCOc2cc3c(Nc4ccc(F)c(Cl)c4)ncnc3cc2OC)CC1,[*:2]CC(=O)NC(C(=O)N1CC(O)CC1C(=O)NCc1ccc(-c2scnc2C)cc1)C(C)(C)C,[*:1]C(=O)CCCCCCCC[*:2]
Cc1ncsc1-c1ccc(C(C)NC(=O)C2CC(O)CN2C(=O)C(NC(=O)CCOCCN2CCN(CCC(CSc3ccccc3)Nc3ccc(S(=O)(=O)NC(=O)c4ccc(N5CCN(CC6=C(c7ccc(Cl)cc7)CCC(C)(C)C6)CC5)cc4)cc3S(=O)(=O)C(F)(F)F)CC2)C(C)(C)C)cc1,[*:1]N1CCN(CCC(CSc2ccccc2)Nc2ccc(S(=O)(=O)NC(=O)c3ccc(N4CCN(CC5=C(c6ccc(Cl)cc6)CCC(C)(C)C5)CC4)cc3)cc2S(=O)(=O)C(F)(F)F)CC1,[*:2]CC(=O)NC(C(=O)N1CC(O)CC1C(=O)NC(C)c1ccc(-c2scnc2C)cc1)C(C)(C)C,[*:1]CCOC[*:2]
Cc1ncsc1-c1ccc(C(C)NC(=O)C2CC(O)CN2C(=O)C(NC(=O)CCOCCOCCN2CCN(CCC(CSc3ccccc3)Nc3ccc(S(=O)(=O)NC(=O)c4ccc(N5CCN(CC6=C(c7ccc(Cl)cc7)CCC(C)(C)C6)CC5)cc4)cc3S(=O)(=O)C(F)(F)F)CC2)C(C)(C)C)cc1,[*:1]N1CCN(CCC(CSc2ccccc2)Nc2ccc(S(=O)(=O)NC(=O)c3ccc(N4CCN(CC5=C(c6ccc(Cl)cc6)CCC(C)(C)C5)CC4)cc3)cc2S(=O)(=O)C(F)(F)F)CC1,[*:2]CC(=O)NC(C(=O)N1CC(O)CC1C(=O)NC(C)c1ccc(-c2scnc2C)cc1)C(C)(C)C,[*:1]CCOCCOC[*:2]
Nc1nc2c(c(=O)[nH]1)[n+](Cc1ccccc1)cn2C1OC(COP(=O)(O)NCCCCCC(=O)Nc2cccc3c2CN(C2CCC(=O)NC2=O)C3=O)C(O)C1O,[*:1]P(=O)(O)OCC1OC(n2c[n+](Cc3ccccc3)c3c(=O)[nH]c(N)nc32)C(O)C1O,[*:2]Nc1cccc2c1CN(C1CCC(=O)NC1=O)C2=O,[*:1]NCCCCCC([*:2])=O
Nc1nc2c(c(=O)[nH]1)[n+](Cc1ccc(F)cc1)cn2C1OC(COP(=O)(O)NCCCCCC(=O)Nc2cccc3c2CN(C2CCC(=O)NC2=O)C3=O)C(O)C1O,[*:1]P(=O)(O)OCC1OC(n2c[n+](Cc3ccc(F)cc3)c3c(=O)[nH]c(N)nc32)C(O)C1O,[*:2]Nc1cccc2c1CN(C1CCC(=O)NC1=O)C2=O,[*:1]NCCCCCC([*:2])=O
CC(C=CC1=C(C)C(=NOCC(=O)NCCOCCOC(=O)C(CC(C)C)NC(=O)C(O)C(N)Cc2ccccc2)CCC1(C)C)=CC=CC(C)=CC(=O)O,[*:1]=C1CCC(C)(C)C(C=CC(C)=CC=CC(C)=CC(=O)O)=C1C,[*:2]COC(=O)C(CC(C)C)NC(=O)C(O)C(N)Cc1ccccc1,[*:1]=NOCC(=O)NCCOC[*:2]
CC(C=CC1=C(C)C(=NOCC(=O)NCCOCCOCCOCCOC(=O)C(CC(C)C)NC(=O)C(O)C(N)Cc2ccccc2)CCC1(C)C)=CC=CC(C)=CC(=O)O,[*:1]=C1CCC(C)(C)C(C=CC(C)=CC=CC(C)=CC(=O)O)=C1C,[*:2]COC(=O)C(CC(C)C)NC(=O)C(O)C(N)Cc1ccccc1,[*:1]=NOCC(=O)NCCOCCOCCOC[*:2]
Cc1ncsc1-c1ccc(CNC(=O)C2CC(O)CN2C(=O)C(NC(=O)COCCOCCOCCOCCNC(=O)c2ccc(CN(CC3CCNCC3)S(=O)(=O)c3ccc(S(=O)(=O)N(Cc4ccc(Cl)cc4)C4CCCC4)cc3)cc2)C(C)(C)C)cc1,[*:1]c1ccc(CN(CC2CCNCC2)S(=O)(=O)c2ccc(S(=O)(=O)N(Cc3ccc(Cl)cc3)C3CCCC3)cc2)cc1,[*:2]CC(=O)NC(C(=O)N1CC(O)CC1C(=O)NCc1ccc(-c2scnc2C)cc1)C(C)(C)C,[*:1]C(=O)NCCOCCOCCOCCO[*:2]
CNC(C)C(=O)NC(C(=O)N1CC(NC(=O)CCCCCCCN2CCN(c3ccc(Nc4ncc5c(C)c(C(C)=O)c(=O)n(C6CCCC6)c5n4)nc3)CC2)CC1C(=O)Nc1c(F)cccc1F)C(C)(C)C,[*:1]N1CCN(c2ccc(Nc3ncc4c(C)c(C(C)=O)c(=O)n(C5CCCC5)c4n3)nc2)CC1,[*:2]NC1CC(C(=O)Nc2c(F)cccc2F)N(C(=O)C(NC(=O)C(C)NC)C(C)(C)C)C1,[*:1]CCCCCCCC([*:2])=O
CNC(C)C(=O)NC(C(=O)N1CC(NC(=O)CCOCCOCCOCCNC(=O)CN2CCN(c3ccc(Nc4ncc5c(C)c(C(C)=O)c(=O)n(C6CCCC6)c5n4)nc3)CC2)CC1C(=O)Nc1c(F)cccc1F)C(C)(C)C,[*:1]N1CCN(c2ccc(Nc3ncc4c(C)c(C(C)=O)c(=O)n(C5CCCC5)c4n3)nc2)CC1,[*:2]NC1CC(C(=O)Nc2c(F)cccc2F)N(C(=O)C(NC(=O)C(C)NC)C(C)(C)C)C1,[*:1]CC(=O)NCCOCCOCCOCCC([*:2])=O
Cc1ncsc1-c1ccc(CNC(=O)C2CC(O)CN2C(=O)C(NC(=O)COCCOCCN2CCC(n3nc(-c4ccc(Oc5ccccc5)cc4)c4c(N)ncnc43)CC2)C(C)(C)C)cc1,[*:1]N1CCC(n2nc(-c3ccc(Oc4ccccc4)cc3)c3c(N)ncnc32)CC1,[*:2]CC(=O)NC(C(=O)N1CC(O)CC1C(=O)NCc1ccc(-c2scnc2C)cc1)C(C)(C)C,[*:1]CCOCCO[*:2]
Cc1ncsc1-c1ccc(CNC(=O)C2CC(O)CN2C(=O)C(C(C)C)N2Cc3ccccc3C2=O)c(OCCCCOCCCCN2CCC(n3nc(-c4ccc(Oc5ccccc5)cc4)c4c(N)ncnc43)CC2)c1,[*:1]N1CCC(n2nc(-c3ccc(Oc4ccccc4)cc3)c3c(N)ncnc32)CC1,[*:2]Oc1cc(-c2scnc2C)ccc1CNC(=O)C1CC(O)CN1C(=O)C(C(C)C)N1Cc2ccccc2C1=O,[*:1]CCCCOCCCC[*:2]
Cc1ncsc1-c1ccc(CNC(=O)C2CC(O)CN2C(=O)C(C(C)C)N2Cc3ccccc3C2=O)c(OCCCOCCC(=O)N2CCC(n3nc(-c4ccc(Oc5ccccc5)cc4)c4c(N)ncnc43)CC2)c1,[*:1]N1CCC(n2nc(-c3ccc(Oc4ccccc4)cc3)c3c(N)ncnc32)CC1,[*:2]Oc1cc(-c2scnc2C)ccc1CNC(=O)C1CC(O)CN1C(=O)C(C(C)C)N1Cc2ccccc2C1=O,[*:1]C(=O)CCOCCC[*:2]
CCC(C)(C)C(=O)C(=O)N1CCCCC1C(=O)OC(CCc1ccc(OC)c(OC)c1)c1cccc(NC(=O)CCOCCOCCNC(=O)COc2ccc3c(c2)CCCN3C(=O)CCl)c1,[*:1]Nc1cccc(C(CCc2ccc(OC)c(OC)c2)OC(=O)C2CCCCN2C(=O)C(=O)C(C)(C)CC)c1,[*:2]COc1ccc2c(c1)CCCN2C(=O)CCl,[*:1]C(=O)CCOCCOCCNC([*:2])=O
CCC(C)(C)C(=O)C(=O)N1CCCCC1C(=O)OC(CCc1ccc(OC)c(OC)c1)c1cccc(NC(=O)CCCC(=O)NCCCCC(=O)Nc2cccc3c2CN(C2CCC(=O)NC2=O)C3=O)c1,[*:1]Nc1cccc(C(CCc2ccc(OC)c(OC)c2)OC(=O)C2CCCCN2C(=O)C(=O)C(C)(C)CC)c1,[*:2]Nc1cccc2c1CN(C1CCC(=O)NC1=O)C2=O,[*:1]C(=O)CCCC(=O)NCCCCC([*:2])=O
CCC(C)(C)C(=O)C(=O)N1CCCCC1C(=O)OC(CCc1ccc(OC)c(OC)c1)c1cccc(NC(=O)COc2ccc3c(c2)CCCN3C(=O)CCl)c1,[*:1]Nc1cccc(C(CCc2ccc(OC)c(OC)c2)OC(=O)C2CCCCN2C(=O)C(=O)C(C)(C)CC)c1,[*:2]COc1ccc2c(c1)CCCN2C(=O)CCl,[*:1]C([*:2])=O
CCC(C)(C)C(=O)C(=O)N1CCCCC1C(=O)OC(CCc1ccc(OC)c(OC)c1)c1cccc(NC(=O)CCOCCOCCOCCOCCNC(=O)COc2ccc3c(c2)CCCN3C(=O)CCl)c1,[*:1]Nc1cccc(C(CCc2ccc(OC)c(OC)c2)OC(=O)C2CCCCN2C(=O)C(=O)C(C)(C)CC)c1,[*:2]COc1ccc2c(c1)CCCN2C(=O)CCl,[*:1]C(=O)CCOCCOCCOCCOCCNC([*:2])=O
Cc1sc2c(c1C)C(c1ccc(Cl)cc1)=NC(CC(=O)NCCOCCOCCNC(=O)COc1ccc3c(c1)CCCN3C(=O)CCl)c1nnc(C)n1-2,[*:1]NC(=O)CC1N=C(c2ccc(Cl)cc2)c2c(sc(C)c2C)-n2c(C)nnc21,[*:2]COc1ccc2c(c1)CCCN2C(=O)CCl,[*:1]CCOCCOCCNC([*:2])=O
CCC1C(=O)N(C)c2cnc(Nc3ccc(C(=O)NCCOCCOCCOCCOCCNc4cccc5c4C(=O)N(C4CCC(=O)NC4=O)C5=O)cc3OC)nc2N1C1CCCC1,[*:1]c1ccc(Nc2ncc3c(n2)N(C2CCCC2)C(CC)C(=O)N3C)c(OC)c1,[*:2]Nc1cccc2c1C(=O)N(C1CCC(=O)NC1=O)C2=O,[*:1]C(=O)NCCOCCOCCOCCOCC[*:2]
CC(C=CC1=C(C)C(=NOCC(=O)NCCOCCOCCOCc2ccc(-c3cc(=O)c4c(ccc5ccccc54)o3)cc2)CCC1(C)C)=CC=CC(C)=CC(=O)O,[*:1]=C1CCC(C)(C)C(C=CC(C)=CC=CC(C)=CC(=O)O)=C1C,[*:2]c1ccc(-c2cc(=O)c3c(ccc4ccccc43)o2)cc1,[*:1]=NOCC(=O)NCCOCCOCCOC[*:2]
CC(C=CC1=C(C)C(=NOCC(=O)NCCOCCOCCOCc2ccc(-c3cc(=O)c4ccc5ccccc5c4o3)cc2)CCC1(C)C)=CC=CC(C)=CC(=O)O,[*:1]=C1CCC(C)(C)C(C=CC(C)=CC=CC(C)=CC(=O)O)=C1C,[*:2]c1ccc(-c2cc(=O)c3ccc4ccccc4c3o2)cc1,[*:1]=NOCC(=O)NCCOCCOCCOC[*:2]
Cc1sc2c(c1C)C(c1ccc(Cl)cc1)=NC(CC(=O)NCCOCCOCCOCc1ccc(-c3cc(=O)c4c(ccc5ccccc54)o3)cc1)c1nnc(C)n1-2,[*:1]NC(=O)CC1N=C(c2ccc(Cl)cc2)c2c(sc(C)c2C)-n2c(C)nnc21,[*:2]c1ccc(-c2cc(=O)c3c(ccc4ccccc43)o2)cc1,[*:1]CCOCCOCCOC[*:2]
COc1ccc(Cl)c(S(=O)(=O)Nc2ccc(-c3nc(OCC4CN(CCCCCCOCCCCCCOCC(=O)NC(C(=O)N5CC(O)CC5C(=O)NCc5ccc(-c6scnc6C)cc5)C(C)(C)C)CCO4)c4c(C)n[nH]c4n3)cc2)c1,[*:1]N1CCOC(COc2nc(-c3ccc(NS(=O)(=O)c4cc(OC)ccc4Cl)cc3)nc3[nH]nc(C)c23)C1,[*:2]CC(=O)NC(C(=O)N1CC(O)CC1C(=O)NCc1ccc(-c2scnc2C)cc1)C(C)(C)C,[*:1]CCCCCCOCCCCCCO[*:2]
COC1CC2CCC(C)C(O)(O2)C(=O)C(=O)N2CCCCC2C(=O)OC(C(C)CC2CCC(OCCOCc3cn(CCOCCOCCNc4cccc5c4C(=O)N(C4CCC(=O)NC4=O)C5=O)nn3)C(OC)C2)CC(=O)C(C)C=C(C)C(O)C(OC)C(=O)C(C)CC(C)C=CC=CC=C1C,[*:1]OC1CCC(CC(C)C2CC(=O)C(C)C=C(C)C(O)C(OC)C(=O)C(C)CC(C)C=CC=CC=C(C)C(OC)CC3CCC(C)C(O)(O3)C(=O)C(=O)N3CCCCC3C(=O)O2)CC1OC,[*:2]Nc1cccc2c1C(=O)N(C1CCC(=O)NC1=O)C2=O,[*:1]CCOCc1cn(CCOCCOCC[*:2])nn1
Nc1ncnc2c1c(-c1ccc(Oc3ccccc3)cc1)nn2C1CCCN(C(=O)CCCc2cn(CCOCCOCCNc3cccc4c3C(=O)N(C3CCC(=O)NC3=O)C4=O)nn2)C1,[*:1]N1CCCC(n2nc(-c3ccc(Oc4ccccc4)cc3)c3c(N)ncnc32)C1,[*:2]Nc1cccc2c1C(=O)N(C1CCC(=O)NC1=O)C2=O,[*:1]C(=O)CCCc1cn(CCOCCOCC[*:2])nn1
CNC(C)C(=O)NC(C(=O)N1CC(NC(=O)c2cnc(N3CCN(CCCOc4cc5ncnc(Nc6n[nH]c(C)c6C)c5cc4S(=O)(=O)C(C)(C)C)CC3)cn2)CC1C(=O)Nc1c(F)cccc1F)C(C)(C)C,[*:1]COc1cc2ncnc(Nc3n[nH]c(C)c3C)c2cc1S(=O)(=O)C(C)(C)C,[*:2]NC1CC(C(=O)Nc2c(F)cccc2F)N(C(=O)C(NC(=O)C(C)NC)C(C)(C)C)C1,[*:1]CCN1CCN(c2cnc(C([*:2])=O)cn2)CC1
Cc1ncsc1-c1ccc(CNC(=O)C2CC(O)CN2C(=O)C(NC(=O)CCOCCOCCC(=O)NCCCOC(=O)NC(Nc2ncccn2)C(Cl)(Cl)Cl)C(C)(C)C)cc1,[*:1]NCCCOC(=O)NC(Nc1ncccn1)C(Cl)(Cl)Cl,[*:2]CC(=O)NC(C(=O)N1CC(O)CC1C(=O)NCc1ccc(-c2scnc2C)cc1)C(C)(C)C,[*:1]C(=O)CCOCCOC[*:2]
Cc1ncsc1-c1ccc(CNC(=O)C2CC(O)CN2C(=O)C(NC(=O)CCOCCOCCOCCC(=O)NCCCOC(=O)NC(Nc2ncccn2)C(Cl)(Cl)Cl)C(C)(C)C)cc1,[*:1]NCCCOC(=O)NC(Nc1ncccn1)C(Cl)(Cl)Cl,[*:2]CC(=O)NC(C(=O)N1CC(O)CC1C(=O)NCc1ccc(-c2scnc2C)cc1)C(C)(C)C,[*:1]C(=O)CCOCCOCCOC[*:2]
Cc1ncsc1-c1ccc(CNC(=O)C2CC(O)CN2C(=O)C(NC(=O)CCOCCOCCOCCOCCC(=O)NCCCOC(=O)NC(Nc2ncccn2)C(Cl)(Cl)Cl)C(C)(C)C)cc1,[*:1]NCCCOC(=O)NC(Nc1ncccn1)C(Cl)(Cl)Cl,[*:2]CC(=O)NC(C(=O)N1CC(O)CC1C(=O)NCc1ccc(-c2scnc2C)cc1)C(C)(C)C,[*:1]C(=O)CCOCCOCCOCCOC[*:2]
Cc1ncsc1-c1ccc(CNC(=O)C2CC(O)CN2C(=O)C(NC(=O)CCOCCOCCOCCOCCOCCOCCC(=O)NCCCOC(=O)NC(Nc2ncccn2)C(Cl)(Cl)Cl)C(C)(C)C)cc1,[*:1]NCCCOC(=O)NC(Nc1ncccn1)C(Cl)(Cl)Cl,[*:2]CC(=O)NC(C(=O)N1CC(O)CC1C(=O)NCc1ccc(-c2scnc2C)cc1)C(C)(C)C,[*:1]C(=O)CCOCCOCCOCCOCCOCCOC[*:2]
Cc1ncsc1-c1ccc(CNC(=O)C2CC(O)CN2C(=O)C(NC(=O)CCOCCOCCOCCOCCOCCOCCOCCC(=O)NCCCOC(=O)NC(Nc2ncccn2)C(Cl)(Cl)Cl)C(C)(C)C)cc1,[*:1]NCCCOC(=O)NC(Nc1ncccn1)C(Cl)(Cl)Cl,[*:2]CC(=O)NC(C(=O)N1CC(O)CC1C(=O)NCc1ccc(-c2scnc2C)cc1)C(C)(C)C,[*:1]C(=O)CCOCCOCCOCCOCCOCCOCCOC[*:2]
Cc1ncsc1-c1ccc(CNC(=O)C2CC(O)CN2C(=O)C(NC(=O)CCOCCOCCOCCOCCOCCOCCOCCOCCOCCC(=O)NCCCOC(=O)NC(Nc2ncccn2)C(Cl)(Cl)Cl)C(C)(C)C)cc1,[*:1]NCCCOC(=O)NC(Nc1ncccn1)C(Cl)(Cl)Cl,[*:2]CC(=O)NC(C(=O)N1CC(O)CC1C(=O)NCc1ccc(-c2scnc2C)cc1)C(C)(C)C,[*:1]C(=O)CCOCCOCCOCCOCCOCCOCCOCCOCCOC[*:2]
CCC(C)C(N)c1cn(C(Cc2ccc(O)cc2)C(=O)N2CCN(c3nc(NCCOCCOCCOCc4cn(CCOCCOCCOCCNC(=O)CN5CCN(C(=O)N6C(c7ccc(OC)cc7OC(C)C)=NC(c7ccc(Cl)cc7)C6c6ccc(Cl)cc6)CC5=O)nn4)nc(N4CCN(C(=O)C(Cc5ccc(O)cc5)n5cc(C(N)C(C)CC)nn5)CC4)n3)CC2)nn1,[*:1]Nc1nc(N2CCN(C(=O)C(Cc3ccc(O)cc3)n3cc(C(N)C(C)CC)nn3)CC2)nc(N2CCN(C(=O)C(Cc3ccc(O)cc3)n3cc(C(N)C(C)CC)nn3)CC2)n1,[*:2]N1CCN(C(=O)N2C(c3ccc(OC)cc3OC(C)C)=NC(c3ccc(Cl)cc3)C2c2ccc(Cl)cc2)CC1=O,[*:1]CCOCCOCCOCc1cn(CCOCCOCCOCCNC(=O)C[*:2])nn1
CC(C)CC(NC(=O)C(O)C(N)Cc1ccccc1)C(=O)NCCOCCOCCOCCNC(=O)c1cccc(-c2cc(Nc3ccc(OC(F)(F)F)cc3)ncn2)c1,[*:1]OCCNC(=O)c1cccc(-c2cc(Nc3ccc(OC(F)(F)F)cc3)ncn2)c1,[*:2]CNC(=O)C(CC(C)C)NC(=O)C(O)C(N)Cc1ccccc1,[*:1]CCOCCOC[*:2]
CNC(C)C(=O)NC(C(=O)N1CCCC1c1nc(C(=O)c2cccc(OCCOCCOCCOCCNC(=O)c3cccc(-c4cc(Nc5ccc(OC(F)(F)F)cc5)ncn4)c3)c2)cs1)C1CCCCC1,[*:1]OCCNC(=O)c1cccc(-c2cc(Nc3ccc(OC(F)(F)F)cc3)ncn2)c1,[*:2]COc1cccc(C(=O)c2csc(C3CCCN3C(=O)C(NC(=O)C(C)NC)C3CCCCC3)n2)c1,[*:1]CCOCCOC[*:2]
CCC(=C(c1ccc(O)cc1)c1ccc(OCCN(C)C(=O)CCNC(=O)C(CC(C)C)NC(=O)C(O)C(N)Cc2ccccc2)cc1)c1ccccc1,[*:1]N(C)CCOc1ccc(C(=C(CC)c2ccccc2)c2ccc(O)cc2)cc1,[*:2]CNC(=O)C(CC(C)C)NC(=O)C(O)C(N)Cc1ccccc1,[*:1]C(=O)C[*:2]
CCC(=C(c1ccc(O)cc1)c1ccc(OCCN(C)C(=O)CCCCNC(=O)C(CC(C)C)NC(=O)C(O)C(N)Cc2ccccc2)cc1)c1ccccc1,[*:1]N(C)CCOc1ccc(C(=C(CC)c2ccccc2)c2ccc(O)cc2)cc1,[*:2]CNC(=O)C(CC(C)C)NC(=O)C(O)C(N)Cc1ccccc1,[*:1]C(=O)CCC[*:2]
CCC(=C(c1ccc(O)cc1)c1ccc(OCCN(C)C(=O)CCCCCCNC(=O)C(CC(C)C)NC(=O)C(O)C(N)Cc2ccccc2)cc1)c1ccccc1,[*:1]N(C)CCOc1ccc(C(=C(CC)c2ccccc2)c2ccc(O)cc2)cc1,[*:2]CNC(=O)C(CC(C)C)NC(=O)C(O)C(N)Cc1ccccc1,[*:1]C(=O)CCCCC[*:2]
CCC(=C(c1ccc(O)cc1)c1ccc(OCCN(C)C(=O)COCCOCCOc2cccc(C(=O)c3csc(C4CCCN4C(=O)C(NC(=O)C(C)NC)C4CCCCC4)n3)c2)cc1)c1ccccc1,[*:1]N(C)CCOc1ccc(C(=C(CC)c2ccccc2)c2ccc(O)cc2)cc1,[*:2]COc1cccc(C(=O)c2csc(C3CCCN3C(=O)C(NC(=O)C(C)NC)C3CCCCC3)n2)c1,[*:1]C(=O)COCCOC[*:2]
CCC(=C(c1ccc(O)cc1)c1ccc(OCCN(C)C(=O)COCCOCCOCCOc2cccc(C(=O)c3csc(C4CCCN4C(=O)C(NC(=O)C(C)NC)C4CCCCC4)n3)c2)cc1)c1ccccc1,[*:1]N(C)CCOc1ccc(C(=C(CC)c2ccccc2)c2ccc(O)cc2)cc1,[*:2]COc1cccc(C(=O)c2csc(C3CCCN3C(=O)C(NC(=O)C(C)NC)C3CCCCC3)n2)c1,[*:1]C(=O)COCCOCCOC[*:2]
CCC(=C(c1ccc(O)cc1)c1ccc(OCCN(C)C(=O)COCCOCCOCCOCCOc2cccc(C(=O)c3csc(C4CCCN4C(=O)C(NC(=O)C(C)NC)C4CCCCC4)n3)c2)cc1)c1ccccc1,[*:1]N(C)CCOc1ccc(C(=C(CC)c2ccccc2)c2ccc(O)cc2)cc1,[*:2]COc1cccc(C(=O)c2csc(C3CCCN3C(=O)C(NC(=O)C(C)NC)C3CCCCC3)n2)c1,[*:1]C(=O)COCCOCCOCCOC[*:2]
CNC(C)C(=O)NC(C(=O)N1CCCC1c1nc(C(=O)c2cccc(OCCOCCOCCOCCNC(=O)CC3N=C(c4ccc(Cl)cc4)c4c(sc(C)c4C)-n4c(C)nnc43)c2)cs1)C1CCCCC1,[*:1]NC(=O)CC1N=C(c2ccc(Cl)cc2)c2c(sc(C)c2C)-n2c(C)nnc21,[*:2]COc1cccc(C(=O)c2csc(C3CCCN3C(=O)C(NC(=O)C(C)NC)C3CCCCC3)n2)c1,[*:1]CCOCCOCCOC[*:2]
CCC(=C(c1ccc(O)cc1)c1ccc(OCCN(C)C(=O)COCCOCCOCCNC(=O)C(CC(C)C)NC(=O)C(O)C(N)Cc2ccccc2)cc1)c1ccccc1,[*:1]N(C)CCOc1ccc(C(=C(CC)c2ccccc2)c2ccc(O)cc2)cc1,[*:2]CNC(=O)C(CC(C)C)NC(=O)C(O)C(N)Cc1ccccc1,[*:1]C(=O)COCCOCCOC[*:2]
CNC(C)C(=O)NC(C(=O)N1CCCC1c1nc(C(=O)c2cccc(OCCOCCOCCOCCOCCNC(=O)CC3N=C(c4ccc(Cl)cc4)c4c(sc(C)c4C)-n4c(C)nnc43)c2)cs1)C1CCCCC1,[*:1]NC(=O)CC1N=C(c2ccc(Cl)cc2)c2c(sc(C)c2C)-n2c(C)nnc21,[*:2]COc1cccc(C(=O)c2csc(C3CCCN3C(=O)C(NC(=O)C(C)NC)C3CCCCC3)n2)c1,[*:1]CCOCCOCCOCCOC[*:2]
CCC(=C(c1ccc(O)cc1)c1ccc(OCCN(C)C(=O)COCCOCCOCCOc2cccc(OC3CC(C(=O)NC4CCCc5ccccc54)N(C(=O)C(NC(=O)C(C)NC)C4CCCCC4)C3)c2)cc1)c1ccccc1,[*:1]N(C)CCOc1ccc(C(=C(CC)c2ccccc2)c2ccc(O)cc2)cc1,[*:2]c1cccc(OC2CC(C(=O)NC3CCCc4ccccc43)N(C(=O)C(NC(=O)C(C)NC)C3CCCCC3)C2)c1,[*:1]C(=O)COCCOCCOCCO[*:2]
CCC(=C(c1ccc(O)cc1)c1ccc(OCCN(C)C(=O)COCCOCCOCCOc2ccc(OC3CC(C(=O)NC4CCCc5ccccc54)N(C(=O)C(NC(=O)C(C)NC)C4CCCCC4)C3)cc2)cc1)c1ccccc1,[*:1]N(C)CCOc1ccc(C(=C(CC)c2ccccc2)c2ccc(O)cc2)cc1,[*:2]c1ccc(OC2CC(C(=O)NC3CCCc4ccccc43)N(C(=O)C(NC(=O)C(C)NC)C3CCCCC3)C2)cc1,[*:1]C(=O)COCCOCCOCCO[*:2]
CCC(=C(c1ccc(O)cc1)c1ccc(OCCN(C)C(=O)COCCOCCOCCOc2cccc(CCN3CC4CCC3C(NC(=O)C(NC(=O)C(C)NC)C3CCCCC3)C4)c2)cc1)c1ccccc1,[*:1]N(C)CCOc1ccc(C(=C(CC)c2ccccc2)c2ccc(O)cc2)cc1,[*:2]c1cccc(CCN2CC3CCC2C(NC(=O)C(NC(=O)C(C)NC)C2CCCCC2)C3)c1,[*:1]C(=O)COCCOCCOCCO[*:2]
CCC(=C(c1ccc(O)cc1)c1ccc(OCCN(C)C(=O)COCCOCCOCCOc2ccccc2OC2CC(C(=O)NC3CCCc4ccccc43)N(C(=O)C(NC(=O)C(C)NC)C3CCCCC3)C2)cc1)c1ccccc1,[*:1]N(C)CCOc1ccc(C(=C(CC)c2ccccc2)c2ccc(O)cc2)cc1,[*:2]c1ccccc1OC1CC(C(=O)NC2CCCc3ccccc32)N(C(=O)C(NC(=O)C(C)NC)C2CCCCC2)C1,[*:1]C(=O)COCCOCCOCCO[*:2]
CCC(=C(c1ccc(O)cc1)c1ccc(OCCN(C)C(=O)COCCOCCOCCOc2ccc(CCN3CC4CCC3C(NC(=O)C(NC(=O)C(C)NC)C3CCCCC3)C4)cc2)cc1)c1ccccc1,[*:1]N(C)CCOc1ccc(C(=C(CC)c2ccccc2)c2ccc(O)cc2)cc1,[*:2]c1ccc(CCN2CC3CCC2C(NC(=O)C(NC(=O)C(C)NC)C2CCCCC2)C3)cc1,[*:1]C(=O)COCCOCCOCCO[*:2]
CCC(=C(c1ccc(O)cc1)c1ccc(OCCN(C)C(=O)COCCOCCOCCOc2ccc(OC3CC(c4nc(-c5ccc(F)c6ccccc56)cs4)N(C(=O)C(NC(=O)C(C)NC)C4CCCCC4)C3)cc2)cc1)c1ccccc1,[*:1]N(C)CCOc1ccc(C(=C(CC)c2ccccc2)c2ccc(O)cc2)cc1,[*:2]C1CC(c2nc(-c3ccc(F)c4ccccc34)cs2)N(C(=O)C(NC(=O)C(C)NC)C2CCCCC2)C1,[*:1]C(=O)COCCOCCOCCOc1ccc(O[*:2])cc1
Cc1c(C#N)c(-c2ccc(C#N)cc2)c(C)n1Cc1ccc(C(=O)NCCOCCOCCOCCNC(=O)C(CC(C)C)NC(=O)C(O)C(N)Cc2ccccc2)cc1,[*:1]c1ccc(Cn2c(C)c(C#N)c(-c3ccc(C#N)cc3)c2C)cc1,[*:2]CNC(=O)C(CC(C)C)NC(=O)C(O)C(N)Cc1ccccc1,[*:1]C(=O)NCCOCCOCCOC[*:2]
CNC(C)C(=O)NC(C(=O)N1CCCC1c1nc(C(=O)c2cccc(OCCOCCOCCNC(=O)c3ccc(Cn4c(C)c(C#N)c(-c5ccc(C#N)cc5)c4C)cc3)c2)cs1)C1CCCCC1,[*:1]c1ccc(Cn2c(C)c(C#N)c(-c3ccc(C#N)cc3)c2C)cc1,[*:2]COc1cccc(C(=O)c2csc(C3CCCN3C(=O)C(NC(=O)C(C)NC)C3CCCCC3)n2)c1,[*:1]C(=O)NCCOCCOC[*:2]
CNC(C)C(=O)NC(C(=O)N1CCCC1c1nc(C(=O)c2cccc(OCCOCCOCCOCC#Cc3ccc(Cn4c(C)c(C#N)c(-c5ccc(C#N)cc5)c4C)cc3)c2)cs1)C1CCCCC1,[*:1]c1ccc(Cn2c(C)c(C#N)c(-c3ccc(C#N)cc3)c2C)cc1,[*:2]COc1cccc(C(=O)c2csc(C3CCCN3C(=O)C(NC(=O)C(C)NC)C3CCCCC3)n2)c1,[*:1]C#CCOCCOCCOC[*:2]
CNC(C)C(=O)NC(C(=O)N1CCCC1c1nc(C(=O)c2cccc(OCCOCCOCCOCCCc3ccc(Cn4c(C)c(C#N)c(-c5ccc(C#N)cc5)c4C)cc3)c2)cs1)C1CCCCC1,[*:1]c1ccc(Cn2c(C)c(C#N)c(-c3ccc(C#N)cc3)c2C)cc1,[*:2]COc1cccc(C(=O)c2csc(C3CCCN3C(=O)C(NC(=O)C(C)NC)C3CCCCC3)n2)c1,[*:1]CCCOCCOCCOC[*:2]
CNC(C)C(=O)NC(C(=O)N1CCCC1c1nc(C(=O)c2cccc(OCCOCCOCCOCCOc3ccc(Cn4c(C)c(C#N)c(-c5ccc(C#N)cc5)c4C)cc3)c2)cs1)C1CCCCC1,[*:1]c1ccc(Cn2c(C)c(C#N)c(-c3ccc(C#N)cc3)c2C)cc1,[*:2]COc1cccc(C(=O)c2csc(C3CCCN3C(=O)C(NC(=O)C(C)NC)C3CCCCC3)n2)c1,[*:1]OCCOCCOCCOC[*:2]
CNC(C)C(=O)NC(C(=O)N1CCCC1c1nc(C(=O)c2cccc(OCCOCCOCCOCCOc3cccc(Cn4c(C)c(C#N)c(-c5ccc(C#N)cc5)c4C)c3)c2)cs1)C1CCCCC1,[*:1]c1cccc(Cn2c(C)c(C#N)c(-c3ccc(C#N)cc3)c2C)c1,[*:2]COc1cccc(C(=O)c2csc(C3CCCN3C(=O)C(NC(=O)C(C)NC)C3CCCCC3)n2)c1,[*:1]OCCOCCOCCOC[*:2]
CNC(C)C(=O)NC(C(=O)N1CCCC1c1nc(C(=O)c2cccc(OCCOCCOCCOc3ccc(Cn4c(C)c(C#N)c(-c5ccc(C#N)cc5)c4C)cc3)c2)cs1)C1CCCCC1,[*:1]c1ccc(Cn2c(C)c(C#N)c(-c3ccc(C#N)cc3)c2C)cc1,[*:2]COc1cccc(C(=O)c2csc(C3CCCN3C(=O)C(NC(=O)C(C)NC)C3CCCCC3)n2)c1,[*:1]OCCOCCOC[*:2]
CNC(C)C(=O)NC(C(=O)N1CCCC1c1nc(C(=O)c2cccc(OCCOCCOCCOCCOCCOc3ccc(Cn4c(C)c(C#N)c(-c5ccc(C#N)cc5)c4C)cc3)c2)cs1)C1CCCCC1,[*:1]c1ccc(Cn2c(C)c(C#N)c(-c3ccc(C#N)cc3)c2C)cc1,[*:2]COc1cccc(C(=O)c2csc(C3CCCN3C(=O)C(NC(=O)C(C)NC)C3CCCCC3)n2)c1,[*:1]OCCOCCOCCOCCOC[*:2]
CNC(C)C(=O)NC(C(=O)N1CCCC1c1nc(C(=O)c2cccc(OCCOCCOCCOCCOc3ccccc3Cn3c(C)c(C#N)c(-c4ccc(C#N)cc4)c3C)c2)cs1)C1CCCCC1,[*:1]c1ccccc1Cn1c(C)c(C#N)c(-c2ccc(C#N)cc2)c1C,[*:2]COc1cccc(C(=O)c2csc(C3CCCN3C(=O)C(NC(=O)C(C)NC)C3CCCCC3)n2)c1,[*:1]OCCOCCOCCOC[*:2]
CNC(C)C(=O)NC(C(=O)N1CCCC1c1nc(C(=O)c2cccc(OCCOc3ccc(OCCOc4ccc(Cn5c(C)c(C#N)c(-c6ccc(C#N)cc6)c5C)cc4)cc3)c2)cs1)C1CCCCC1,[*:1]c1ccc(Cn2c(C)c(C#N)c(-c3ccc(C#N)cc3)c2C)cc1,[*:2]COc1cccc(C(=O)c2csc(C3CCCN3C(=O)C(NC(=O)C(C)NC)C3CCCCC3)n2)c1,[*:1]OCCOc1ccc(OC[*:2])cc1
CNC(C)C(=O)NC(C(=O)N1CCCC1c1nc(C(=O)c2cccc(OCCOc3cccc(OCCOc4ccc(Cn5c(C)c(C#N)c(-c6ccc(C#N)cc6)c5C)cc4)c3)c2)cs1)C1CCCCC1,[*:1]c1ccc(Cn2c(C)c(C#N)c(-c3ccc(C#N)cc3)c2C)cc1,[*:2]COc1cccc(C(=O)c2csc(C3CCCN3C(=O)C(NC(=O)C(C)NC)C3CCCCC3)n2)c1,[*:1]OCCOc1cccc(OC[*:2])c1
CNC(C)C(=O)NC(C(=O)N1CCCC1c1nc(C(=O)c2cccc(OCCOc3ccccc3OCCOc3ccc(Cn4c(C)c(C#N)c(-c5ccc(C#N)cc5)c4C)cc3)c2)cs1)C1CCCCC1,[*:1]c1ccc(Cn2c(C)c(C#N)c(-c3ccc(C#N)cc3)c2C)cc1,[*:2]COc1cccc(C(=O)c2csc(C3CCCN3C(=O)C(NC(=O)C(C)NC)C3CCCCC3)n2)c1,[*:1]OCCOc1ccccc1OC[*:2]
CC(C)c1c(C(=O)Nc2ccccc2)c(-c2cccc(OCCCCc3cn(CCOCCOCCOCCOCCOCCNc4cccc5c4C(=O)N(C4CCC(=O)NC4=O)C5=O)nn3)c2)c(-c2ccc(F)cc2)n1CCC(O)CC(O)CC(=O)O,[*:1]c1cccc(-c2c(C(=O)Nc3ccccc3)c(C(C)C)n(CCC(O)CC(O)CC(=O)O)c2-c2ccc(F)cc2)c1,[*:2]Nc1cccc2c1C(=O)N(C1CCC(=O)NC1=O)C2=O,[*:1]OCCCCc1cn(CCOCCOCCOCCOCCOCC[*:2])nn1
COc1cc(-c2cn(C)c(=O)c3cc(C(=N)NC4CCS(=O)(=O)CC4)sc23)ccc1OCC(=O)NCCOCCOCCOCC(=O)NC(C(=O)N1CC(O)CC1C(=O)NCc1ccc(-c2scnc2C)cc1)C(C)(C)C,[*:1]COc1ccc(-c2cn(C)c(=O)c3cc(C(=N)NC4CCS(=O)(=O)CC4)sc23)cc1OC,[*:2]CC(=O)NC(C(=O)N1CC(O)CC1C(=O)NCc1ccc(-c2scnc2C)cc1)C(C)(C)C,[*:1]C(=O)NCCOCCOCCO[*:2]
COc1cc(-c2cn(C)c(=O)c3cc(C(=N)NC4CCS(=O)(=O)CC4)sc23)ccc1OCC(=O)NCCOCCOCC(=O)NC(C(=O)N1CC(O)CC1C(=O)NCc1ccc(-c2scnc2C)cc1)C(C)(C)C,[*:1]COc1ccc(-c2cn(C)c(=O)c3cc(C(=N)NC4CCS(=O)(=O)CC4)sc23)cc1OC,[*:2]CC(=O)NC(C(=O)N1CC(O)CC1C(=O)NCc1ccc(-c2scnc2C)cc1)C(C)(C)C,[*:1]C(=O)NCCOCCO[*:2]
CNC(C)C(=O)NC1CCOC2CC(C)(C)C(C(=O)NC3CCCc4cc(OCCOCCOCCOCCOCC(=O)N5CCN(CCC(CSc6ccccc6)Nc6ccc(S(=O)(=O)NC(=O)c7ccc(N8CCN(CC9=C(c%10ccc(Cl)cc%10)CCC(C)(C)C9)CC8)cc7)cc6S(=O)(=O)C(F)(F)F)CC5)ccc43)N2C1=O,[*:1]N1CCN(CCC(CSc2ccccc2)Nc2ccc(S(=O)(=O)NC(=O)c3ccc(N4CCN(CC5=C(c6ccc(Cl)cc6)CCC(C)(C)C5)CC4)cc3)cc2S(=O)(=O)C(F)(F)F)CC1,[*:2]Oc1ccc2c(c1)CCCC2NC(=O)C1N2C(=O)C(NC(=O)C(C)NC)CCOC2CC1(C)C,[*:1]C(=O)COCCOCCOCCOCC[*:2]
CC1(c2nc3c(C(N)=O)cccc3[nH]2)CCCN1CCOCCOCCOCCOCCNc1cccc2c1C(=O)N(C1CCC(=O)NC1=O)C2=O,[*:1]N1CCCC1(C)c1nc2c(C(N)=O)cccc2[nH]1,[*:2]Nc1cccc2c1C(=O)N(C1CCC(=O)NC1=O)C2=O,[*:1]CCOCCOCCOCCOCC[*:2]
CC1(c2nc3c(C(N)=O)cccc3[nH]2)CCCN1CCOCCOCCOCCOCCOCCNc1cccc2c1C(=O)N(C1CCC(=O)NC1=O)C2=O,[*:1]N1CCCC1(C)c1nc2c(C(N)=O)cccc2[nH]1,[*:2]Nc1cccc2c1C(=O)N(C1CCC(=O)NC1=O)C2=O,[*:1]CCOCCOCCOCCOCCOCC[*:2]
CC1(c2nc3c(C(N)=O)cccc3[nH]2)CCCN1CCOCCOCCOCCOCCOCCOCCNc1cccc2c1C(=O)N(C1CCC(=O)NC1=O)C2=O,[*:1]N1CCCC1(C)c1nc2c(C(N)=O)cccc2[nH]1,[*:2]Nc1cccc2c1C(=O)N(C1CCC(=O)NC1=O)C2=O,[*:1]CCOCCOCCOCCOCCOCCOCC[*:2]
CC1(c2nc3c(C(N)=O)cccc3[nH]2)CCCN1CCOCCOCCOCCOCCOCCOCCOCCNc1cccc2c1C(=O)N(C1CCC(=O)NC1=O)C2=O,[*:1]N1CCCC1(C)c1nc2c(C(N)=O)cccc2[nH]1,[*:2]Nc1cccc2c1C(=O)N(C1CCC(=O)NC1=O)C2=O,[*:1]CCOCCOCCOCCOCCOCCOCCOCC[*:2]
NC(=O)c1cccc2cn(-c3ccc(C4CCCN(CCOCCOCCOCCOCCNc5cccc6c5C(=O)N(C5CCC(=O)NC5=O)C6=O)C4)cc3)nc12,[*:1]N1CCCC(c2ccc(-n3cc4cccc(C(N)=O)c4n3)cc2)C1,[*:2]Nc1cccc2c1C(=O)N(C1CCC(=O)NC1=O)C2=O,[*:1]CCOCCOCCOCCOCC[*:2]
NC(=O)c1cccc2cn(-c3ccc(C4CCCN(CCOCCOCCOCCOCCOCCNc5cccc6c5C(=O)N(C5CCC(=O)NC5=O)C6=O)C4)cc3)nc12,[*:1]N1CCCC(c2ccc(-n3cc4cccc(C(N)=O)c4n3)cc2)C1,[*:2]Nc1cccc2c1C(=O)N(C1CCC(=O)NC1=O)C2=O,[*:1]CCOCCOCCOCCOCCOCC[*:2]
NC(=O)c1cccc2cn(-c3ccc(C4CCCN(CCOCCOCCOCCOCCOCCOCCNc5cccc6c5C(=O)N(C5CCC(=O)NC5=O)C6=O)C4)cc3)nc12,[*:1]N1CCCC(c2ccc(-n3cc4cccc(C(N)=O)c4n3)cc2)C1,[*:2]Nc1cccc2c1C(=O)N(C1CCC(=O)NC1=O)C2=O,[*:1]CCOCCOCCOCCOCCOCCOCC[*:2]
NC(=O)c1cccc2cn(-c3ccc(C4CCCN(CCOCCOCCOCCOCCOCCOCCOCCNc5cccc6c5C(=O)N(C5CCC(=O)NC5=O)C6=O)C4)cc3)nc12,[*:1]N1CCCC(c2ccc(-n3cc4cccc(C(N)=O)c4n3)cc2)C1,[*:2]Nc1cccc2c1C(=O)N(C1CCC(=O)NC1=O)C2=O,[*:1]CCOCCOCCOCCOCCOCCOCCOCC[*:2]
O=C(CCCCCCC(=O)NN=Cc1ccc(OCC#Cc2cccc3c2CN(C2CCC(=O)NC2=O)C3=O)cc1)NO,[*:1]COc1ccc(C=NNC(=O)CCCCCCC(=O)NO)cc1,[*:2]#Cc1cccc2c1CN(C1CCC(=O)NC1=O)C2=O,[*:1]C#[*:2]
O=C(CCCCCCC(=O)NN=Cc1ccc(OCCCC#Cc2cccc3c2CN(C2CCC(=O)NC2=O)C3=O)cc1)NO,[*:1]COc1ccc(C=NNC(=O)CCCCCCC(=O)NO)cc1,[*:2]#Cc1cccc2c1CN(C1CCC(=O)NC1=O)C2=O,[*:1]CCC#[*:2]
CCC(C)C(C(CC(=O)N1CCCC1C(OC)C(C)C(=O)NC(C)C(O)c1ccccc1)OC)N(C)C(=O)C(NC(=O)C(C(C)C)N(C)CCOCCOCCOCCOCCNc1cccc2c1C(=O)N(C1CCC(=O)NC1=O)C2=O)C(C)C,[*:1]N(C)C(C(=O)NC(C(=O)N(C)C(C(C)CC)C(CC(=O)N1CCCC1C(OC)C(C)C(=O)NC(C)C(O)c1ccccc1)OC)C(C)C)C(C)C,[*:2]Nc1cccc2c1C(=O)N(C1CCC(=O)NC1=O)C2=O,[*:1]CCOCCOCCOCCOCC[*:2]
CCC(C)C(C(CC(=O)N1CCCC1C(OC)C(C)C(=O)NC(C)C(O)c1ccccc1)OC)N(C)C(=O)C(NC(=O)C(C(C)C)N(C)CCCCCCCCCCCCNc1cccc2c1C(=O)N(C1CCC(=O)NC1=O)C2=O)C(C)C,[*:1]N(C)C(C(=O)NC(C(=O)N(C)C(C(C)CC)C(CC(=O)N1CCCC1C(OC)C(C)C(=O)NC(C)C(O)c1ccccc1)OC)C(C)C)C(C)C,[*:2]Nc1cccc2c1C(=O)N(C1CCC(=O)NC1=O)C2=O,[*:1]CCCCCCCCCCCC[*:2]
CCC(C)C(C(CC(=O)N1CCCC1C(OC)C(C)C(=O)NC(C)C(O)c1ccccc1)OC)N(C)C(=O)C(NC(=O)C(C(C)C)N(C)C(=O)CCCCCCCCCCCNc1cccc2c1C(=O)N(C1CCC(=O)NC1=O)C2=O)C(C)C,[*:1]N(C)C(C(=O)NC(C(=O)N(C)C(C(C)CC)C(CC(=O)N1CCCC1C(OC)C(C)C(=O)NC(C)C(O)c1ccccc1)OC)C(C)C)C(C)C,[*:2]Nc1cccc2c1C(=O)N(C1CCC(=O)NC1=O)C2=O,[*:1]C(=O)CCCCCCCCCCC[*:2]
CCC(C)C(C(CC(=O)N1CCCC1C(OC)C(C)C(=O)NC(C)C(O)c1ccccc1)OC)N(C)C(=O)C(NC(=O)C(C(C)C)N(C)CCOCCOCCNc1cccc2c1C(=O)N(C1CCC(=O)NC1=O)C2=O)C(C)C,[*:1]N(C)C(C(=O)NC(C(=O)N(C)C(C(C)CC)C(CC(=O)N1CCCC1C(OC)C(C)C(=O)NC(C)C(O)c1ccccc1)OC)C(C)C)C(C)C,[*:2]Nc1cccc2c1C(=O)N(C1CCC(=O)NC1=O)C2=O,[*:1]CCOCCOCC[*:2]
CCC(C)C(C(CC(=O)N1CCCC1C(OC)C(C)C(=O)NC(C)C(O)c1ccccc1)OC)N(C)C(=O)C(NC(=O)C(C(C)C)N(C)CCOCCOCCOCCNc1cccc2c1C(=O)N(C1CCC(=O)NC1=O)C2=O)C(C)C,[*:1]N(C)C(C(=O)NC(C(=O)N(C)C(C(C)CC)C(CC(=O)N1CCCC1C(OC)C(C)C(=O)NC(C)C(O)c1ccccc1)OC)C(C)C)C(C)C,[*:2]Nc1cccc2c1C(=O)N(C1CCC(=O)NC1=O)C2=O,[*:1]CCOCCOCCOCC[*:2]
CCC(C)C(C(CC(=O)N1CCCC1C(OC)C(C)C(=O)NC(C)C(O)c1ccccc1)OC)N(C)C(=O)C(NC(=O)C(C(C)C)N(C)CCOCCOCCOCCOCCOCCNc1cccc2c1C(=O)N(C1CCC(=O)NC1=O)C2=O)C(C)C,[*:1]N(C)C(C(=O)NC(C(=O)N(C)C(C(C)CC)C(CC(=O)N1CCCC1C(OC)C(C)C(=O)NC(C)C(O)c1ccccc1)OC)C(C)C)C(C)C,[*:2]Nc1cccc2c1C(=O)N(C1CCC(=O)NC1=O)C2=O,[*:1]CCOCCOCCOCCOCCOCC[*:2]
CCC(C)C(C(CC(=O)N1CCCC1C(OC)C(C)C(=O)NC(C)C(O)c1ccccc1)OC)N(C)C(=O)C(NC(=O)C(C(C)C)N(C)CCCOCCOCCOCCOCCOCCOCCOCCOCCNc1cccc2c1C(=O)N(C1CCC(=O)NC1=O)C2=O)C(C)C,[*:1]N(C)C(C(=O)NC(C(=O)N(C)C(C(C)CC)C(CC(=O)N1CCCC1C(OC)C(C)C(=O)NC(C)C(O)c1ccccc1)OC)C(C)C)C(C)C,[*:2]Nc1cccc2c1C(=O)N(C1CCC(=O)NC1=O)C2=O,[*:1]CCCOCCOCCOCCOCCOCCOCCOCCOCC[*:2]
CCC(C)C(C(CC(=O)N1CCCC1C(OC)C(C)C(=O)NC(C)C(O)c1ccccc1)OC)N(C)C(=O)C(NC(=O)C(C(C)C)N(C)C(=O)CCCCCCCCCNc1cccc2c1C(=O)N(C1CCC(=O)NC1=O)C2=O)C(C)C,[*:1]N(C)C(C(=O)NC(C(=O)N(C)C(C(C)CC)C(CC(=O)N1CCCC1C(OC)C(C)C(=O)NC(C)C(O)c1ccccc1)OC)C(C)C)C(C)C,[*:2]Nc1cccc2c1C(=O)N(C1CCC(=O)NC1=O)C2=O,[*:1]C(=O)CCCCCCCCC[*:2]
COc1ccc(C=Cc2cc(OC)c(OC)c(OC)c2)cc1OCCOCCOCCNc1cccc2c1C(=O)N(C1CCC(=O)NC1=O)C2=O,[*:1]Oc1cc(C=Cc2cc(OC)c(OC)c(OC)c2)ccc1OC,[*:2]Nc1cccc2c1C(=O)N(C1CCC(=O)NC1=O)C2=O,[*:1]CCOCCOCC[*:2]
COc1ccc(C=Cc2cc(OC)c(OC)c(OC)c2)cc1OCCOCCOCCOCCNc1cccc2c1C(=O)N(C1CCC(=O)NC1=O)C2=O,[*:1]Oc1cc(C=Cc2cc(OC)c(OC)c(OC)c2)ccc1OC,[*:2]Nc1cccc2c1C(=O)N(C1CCC(=O)NC1=O)C2=O,[*:1]CCOCCOCCOCC[*:2]
COc1ccc(C=Cc2cc(OC)c(OC)c(OC)c2)cc1OCCOCCOCCOCCOCCNc1cccc2c1C(=O)N(C1CCC(=O)NC1=O)C2=O,[*:1]Oc1cc(C=Cc2cc(OC)c(OC)c(OC)c2)ccc1OC,[*:2]Nc1cccc2c1C(=O)N(C1CCC(=O)NC1=O)C2=O,[*:1]CCOCCOCCOCCOCC[*:2]
COc1ccc(C=Cc2cc(OC)c(OC)c(OC)c2)cc1OCCOCCOCCOCCOCCOCCNc1cccc2c1C(=O)N(C1CCC(=O)NC1=O)C2=O,[*:1]Oc1cc(C=Cc2cc(OC)c(OC)c(OC)c2)ccc1OC,[*:2]Nc1cccc2c1C(=O)N(C1CCC(=O)NC1=O)C2=O,[*:1]CCOCCOCCOCCOCCOCC[*:2]
O=C1CCC(N2C(=O)c3cccc(NCCOCCOCCOCCC(=O)NC(Cc4ccccc4)C(=O)N4CC(=Cc5ccc(Cl)c(Cl)c5)C(=O)C(=Cc5ccc(Cl)c(Cl)c5)C4)c3C2=O)C(=O)N1,[*:1]NC(Cc1ccccc1)C(=O)N1CC(=Cc2ccc(Cl)c(Cl)c2)C(=O)C(=Cc2ccc(Cl)c(Cl)c2)C1,[*:2]Nc1cccc2c1C(=O)N(C1CCC(=O)NC1=O)C2=O,[*:1]C(=O)CCOCCOCCOCC[*:2]
CCCC(NC(=O)C1C2CCCC2CN1C(=O)C(NC(=O)C(NC(=O)c1cnc(C(=O)NCCCCCCNc2cccc3c2CN(C2CCC(=O)NC2=O)C3=O)cn1)C1CCCCC1)C(C)(C)C)C(=O)C(=O)NC1CC1,[*:1]c1cnc(C(=O)NC(C(=O)NC(C(=O)N2CC3CCCC3C2C(=O)NC(CCC)C(=O)C(=O)NC2CC2)C(C)(C)C)C2CCCCC2)cn1,[*:2]Nc1cccc2c1CN(C1CCC(=O)NC1=O)C2=O,[*:1]C(=O)NCCCCCC[*:2]
CCCC(NC(=O)C1C2CCCC2CN1C(=O)C(NC(=O)C(NC(=O)c1cnc(C(=O)NCCOCCOCCNc2cccc3c2C(=O)N(C2CCC(=O)NC2=O)C3=O)cn1)C1CCCCC1)C(C)(C)C)C(=O)C(=O)NC1CC1,[*:1]c1cnc(C(=O)NC(C(=O)NC(C(=O)N2CC3CCCC3C2C(=O)NC(CCC)C(=O)C(=O)NC2CC2)C(C)(C)C)C2CCCCC2)cn1,[*:2]Nc1cccc2c1C(=O)N(C1CCC(=O)NC1=O)C2=O,[*:1]C(=O)NCCOCCOCC[*:2]
CCCC(NC(=O)C1C2CCCC2CN1C(=O)C(NC(=O)C(NC(=O)c1cnc(C(=O)NCCOCCOCCOc2cc3c4c(cccc4c2)C(=O)N(C2CCC(=O)NC2=O)C3=O)cn1)C1CCCCC1)C(C)(C)C)C(=O)C(=O)NC1CC1,[*:1]c1cnc(C(=O)NC(C(=O)NC(C(=O)N2CC3CCCC3C2C(=O)NC(CCC)C(=O)C(=O)NC2CC2)C(C)(C)C)C2CCCCC2)cn1,[*:2]c1cc2c3c(cccc3c1)C(=O)N(C1CCC(=O)NC1=O)C2=O,[*:1]C(=O)NCCOCCOCCO[*:2]
C=CC(=O)NC(CCC(=O)OCCOCCOCC(=O)Nc1cccc2c1C(=O)N(C1CCC(=O)NC1=O)C2=O)C(=O)Nc1cccc(Nc2ncc(NC(=O)c3cc(NC(=O)c4cccc(C(F)(F)F)c4)ccc3C)cn2)c1,[*:1]OC(=O)CCC(NC(=O)C=C)C(=O)Nc1cccc(Nc2ncc(NC(=O)c3cc(NC(=O)c4cccc(C(F)(F)F)c4)ccc3C)cn2)c1,[*:2]Nc1cccc2c1C(=O)N(C1CCC(=O)NC1=O)C2=O,[*:1]CCOCCOCC([*:2])=O
C=CC(=O)NC(CCC(=O)OCCOCCOCCOCCOCC(=O)Nc1cccc2c1C(=O)N(C1CCC(=O)NC1=O)C2=O)C(=O)Nc1cccc(Nc2ncc(NC(=O)c3cc(NC(=O)c4cccc(C(F)(F)F)c4)ccc3C)cn2)c1,[*:1]OC(=O)CCC(NC(=O)C=C)C(=O)Nc1cccc(Nc2ncc(NC(=O)c3cc(NC(=O)c4cccc(C(F)(F)F)c4)ccc3C)cn2)c1,[*:2]Nc1cccc2c1C(=O)N(C1CCC(=O)NC1=O)C2=O,[*:1]CCOCCOCCOCCOCC([*:2])=O
N#CC(=CCOCCOCCOCCOCCOc1cccc2c1C(=O)N(C1CCC(=O)NC1=O)C2=O)C(=O)N1CCCC(n2nc(-c3ccc(Oc4ccccc4)cc3)c3c(N)ncnc32)C1,[*:1]N1CCCC(n2nc(-c3ccc(Oc4ccccc4)cc3)c3c(N)ncnc32)C1,[*:2]c1cccc2c1C(=O)N(C1CCC(=O)NC1=O)C2=O,[*:1]C(=O)C(C#N)=CCOCCOCCOCCOCCO[*:2]
N#CC(=CCOCCOCCOCCOc1cccc2c1C(=O)N(C1CCC(=O)NC1=O)C2=O)C(=O)N1CCCC(n2nc(-c3ccc(Oc4ccccc4)cc3)c3c(N)ncnc32)C1,[*:1]N1CCCC(n2nc(-c3ccc(Oc4ccccc4)cc3)c3c(N)ncnc32)C1,[*:2]c1cccc2c1C(=O)N(C1CCC(=O)NC1=O)C2=O,[*:1]C(=O)C(C#N)=CCOCCOCCOCCO[*:2]
Cc1ncsc1-c1ccc(CNC(=O)C2CC(O)CN2C(=O)C(NC(=O)OCCOCCOCCOCCOCCOCCn2cc(CCC=C(C#N)C(=O)N3CCCC(n4nc(-c5ccc(Oc6ccccc6)cc5)c5c(N)ncnc54)C3)nn2)C(C)(C)C)cc1,[*:1]N1CCCC(n2nc(-c3ccc(Oc4ccccc4)cc3)c3c(N)ncnc32)C1,[*:2]NC(C(=O)N1CC(O)CC1C(=O)NCc1ccc(-c2scnc2C)cc1)C(C)(C)C,[*:1]C(=O)C(C#N)=CCCc1cn(CCOCCOCCOCCOCCOCCOC([*:2])=O)nn1
Cc1ncsc1-c1ccc(CNC(=O)C2CC(O)CN2C(=O)C(NC(=O)OCCOCCOCCOCCn2cc(CCC=C(C#N)C(=O)N3CCCC(n4nc(-c5ccc(Oc6ccccc6)cc5)c5c(N)ncnc54)C3)nn2)C(C)(C)C)cc1,[*:1]N1CCCC(n2nc(-c3ccc(Oc4ccccc4)cc3)c3c(N)ncnc32)C1,[*:2]NC(C(=O)N1CC(O)CC1C(=O)NCc1ccc(-c2scnc2C)cc1)C(C)(C)C,[*:1]C(=O)C(C#N)=CCCc1cn(CCOCCOCCOCCOC([*:2])=O)nn1
Cc1ncsc1-c1ccc(CNC(=O)C2CC(O)CN2C(=O)C(NC(=O)OCCOCCOCCn2cc(CCC=C(C#N)C(=O)N3CCCC(n4nc(-c5ccc(Oc6ccccc6)cc5)c5c(N)ncnc54)C3)nn2)C(C)(C)C)cc1,[*:1]N1CCCC(n2nc(-c3ccc(Oc4ccccc4)cc3)c3c(N)ncnc32)C1,[*:2]NC(C(=O)N1CC(O)CC1C(=O)NCc1ccc(-c2scnc2C)cc1)C(C)(C)C,[*:1]C(=O)C(C#N)=CCCc1cn(CCOCCOCCOC([*:2])=O)nn1
Cc1ncsc1-c1ccc(CNC(=O)C2CC(O)CN2C(=O)C(NC(=O)OCCOCCn2cc(CCC=C(C#N)C(=O)N3CCCC(n4nc(-c5ccc(Oc6ccccc6)cc5)c5c(N)ncnc54)C3)nn2)C(C)(C)C)cc1,[*:1]N1CCCC(n2nc(-c3ccc(Oc4ccccc4)cc3)c3c(N)ncnc32)C1,[*:2]NC(C(=O)N1CC(O)CC1C(=O)NCc1ccc(-c2scnc2C)cc1)C(C)(C)C,[*:1]C(=O)C(C#N)=CCCc1cn(CCOCCOC([*:2])=O)nn1
N#CC(=CCCc1cn(CCOCCOCCOCCOC(=O)NCCOc2cccc3c2C(=O)N(C2CCC(=O)NC2=O)C3=O)nn1)C(=O)N1CCCC(n2nc(-c3ccc(Oc4ccccc4)cc3)c3c(N)ncnc32)C1,[*:1]N1CCCC(n2nc(-c3ccc(Oc4ccccc4)cc3)c3c(N)ncnc32)C1,[*:2]c1cccc2c1C(=O)N(C1CCC(=O)NC1=O)C2=O,[*:1]C(=O)C(C#N)=CCCc1cn(CCOCCOCCOCCOC(=O)NCCO[*:2])nn1
N#CC(=CCCc1cn(CCOCCOCCOC(=O)NCCOc2cccc3c2C(=O)N(C2CCC(=O)NC2=O)C3=O)nn1)C(=O)N1CCCC(n2nc(-c3ccc(Oc4ccccc4)cc3)c3c(N)ncnc32)C1,[*:1]N1CCCC(n2nc(-c3ccc(Oc4ccccc4)cc3)c3c(N)ncnc32)C1,[*:2]c1cccc2c1C(=O)N(C1CCC(=O)NC1=O)C2=O,[*:1]C(=O)C(C#N)=CCCc1cn(CCOCCOCCOC(=O)NCCO[*:2])nn1
N#CC(=CCCc1cn(CCOCCOC(=O)NCCOc2cccc3c2C(=O)N(C2CCC(=O)NC2=O)C3=O)nn1)C(=O)N1CCCC(n2nc(-c3ccc(Oc4ccccc4)cc3)c3c(N)ncnc32)C1,[*:1]N1CCCC(n2nc(-c3ccc(Oc4ccccc4)cc3)c3c(N)ncnc32)C1,[*:2]c1cccc2c1C(=O)N(C1CCC(=O)NC1=O)C2=O,[*:1]C(=O)C(C#N)=CCCc1cn(CCOCCOC(=O)NCCO[*:2])nn1
N#CC(=CCCc1cn(CCOCCOCCOCCOCCOCCOC(=O)NCCOc2cccc3c2C(=O)N(C2CCC(=O)NC2=O)C3=O)nn1)C(=O)N1CCCC(n2nc(-c3ccc(Oc4ccccc4)cc3)c3c(N)ncnc32)C1,[*:1]N1CCCC(n2nc(-c3ccc(Oc4ccccc4)cc3)c3c(N)ncnc32)C1,[*:2]c1cccc2c1C(=O)N(C1CCC(=O)NC1=O)C2=O,[*:1]C(=O)C(C#N)=CCCc1cn(CCOCCOCCOCCOCCOCCOC(=O)NCCO[*:2])nn1
CCN(CCCCCCCCNc1cccc2c1C(=O)N(C1CCC(=O)NC1=O)C2=O)CCNC(=O)c1c(C)[nH]c(C=C2C(=O)Nc3ccc(F)cc32)c1C,[*:1]CCN(CC)CCNC(=O)c1c(C)[nH]c(C=C2C(=O)Nc3ccc(F)cc32)c1C,[*:2]Nc1cccc2c1C(=O)N(C1CCC(=O)NC1=O)C2=O,[*:1]CCCCCC[*:2]
CC(=O)c1c(C)c2cnc(Nc3ccc(N4CCN(C(=O)Cc5cn(CCOCCOCCOCC(=O)NC(C(=O)N6CC(O)CC6C(=O)NCc6ccc(-c7scnc7C)cc6)C(C)(C)C)nn5)CC4)cn3)nc2n(C2CCCC2)c1=O,[*:1]N1CCN(c2ccc(Nc3ncc4c(C)c(C(C)=O)c(=O)n(C5CCCC5)c4n3)nc2)CC1,[*:2]CC(=O)NC(C(=O)N1CC(O)CC1C(=O)NCc1ccc(-c2scnc2C)cc1)C(C)(C)C,[*:1]C(=O)Cc1cn(CCOCCOCCO[*:2])nn1
Cc1ncsc1-c1ccc(CNC(=O)C2CC(O)CN2C(=O)C(NC(=O)COCCCOCCCCCOc2ccc(N3C(=O)N(c4ccc(C#N)c(C(F)(F)F)c4)C(=O)C3(C)C)cc2)C(C)(C)C)cc1,[*:1]Oc1ccc(N2C(=O)N(c3ccc(C#N)c(C(F)(F)F)c3)C(=O)C2(C)C)cc1,[*:2]CC(=O)NC(C(=O)N1CC(O)CC1C(=O)NCc1ccc(-c2scnc2C)cc1)C(C)(C)C,[*:1]CCCCCOCCCO[*:2]
Cc1ncsc1-c1ccc(C(C)NC(=O)C2CC(O)CN2C(=O)C(NC(=O)COCCCCCNc2ccc(C(=O)NC3C(C)(C)C(Oc4ccc(C#N)c(Cl)c4)C3(C)C)cc2)C(C)(C)C)cc1,[*:1]c1ccc(C(=O)NC2C(C)(C)C(Oc3ccc(C#N)c(Cl)c3)C2(C)C)cc1,[*:2]CC(=O)NC(C(=O)N1CC(O)CC1C(=O)NC(C)c1ccc(-c2scnc2C)cc1)C(C)(C)C,[*:1]NCCCCCO[*:2]
Cc1ncsc1-c1ccc(CNC(=O)C2CC(O)CN2C(=O)C(NC(=O)COCCc2ccc(-c3ccc(C(=O)NC4C(C)(C)C(Oc5ccc(C#N)c(Cl)c5)C4(C)C)cc3)cc2)C(C)(C)C)cc1,[*:1]c1ccc(C(=O)NC2C(C)(C)C(Oc3ccc(C#N)c(Cl)c3)C2(C)C)cc1,[*:2]CC(=O)NC(C(=O)N1CC(O)CC1C(=O)NCc1ccc(-c2scnc2C)cc1)C(C)(C)C,[*:1]c1ccc(CCO[*:2])cc1
Cc1sc2c(c1C)C(c1ccc(Cl)cc1)=NC(CC(=O)NCCCCCCCCN1CCN(c3ccc(NC4CCC(=O)NC4=O)cc3)CC1)c1nnc(C)n1-2,[*:1]NC(=O)CC1N=C(c2ccc(Cl)cc2)c2c(sc(C)c2C)-n2c(C)nnc21,[*:2]CN1CCN(c2ccc(NC3CCC(=O)NC3=O)cc2)CC1,[*:1]CCCCCCC[*:2]
CC1(C)C(NC(=O)c2ccc(OCCCCCOCCCNc3cccc4c3C(=O)N(C3CCC(=O)NC3=O)C4=O)cc2)C(C)(C)C1Oc1ccc(C#N)c(Cl)c1,[*:1]c1ccc(C(=O)NC2C(C)(C)C(Oc3ccc(C#N)c(Cl)c3)C2(C)C)cc1,[*:2]Nc1cccc2c1C(=O)N(C1CCC(=O)NC1=O)C2=O,[*:1]OCCCCCOCCC[*:2]
Cc1sc2c(c1C)C(c1ccc(Cl)cc1)=NC(CC(=O)Nc1ccc(OCCOCCOCCOCCOCCNc3cccc4c3C(=O)N(C3CCC(=O)NC3=O)C4=O)cc1)c1nnc(C)n1-2,[*:1]Oc1ccc(NC(=O)CC2N=C(c3ccc(Cl)cc3)c3c(sc(C)c3C)-n3c(C)nnc32)cc1,[*:2]Nc1cccc2c1C(=O)N(C1CCC(=O)NC1=O)C2=O,[*:1]CCOCCOCCOCCOCC[*:2]
Cc1sc2c(c1C)C(c1ccc(Cl)cc1)=NC(CC(=O)Nc1ccc(OCCOCCOCCNc3cccc4c3C(=O)N(C3CCC(=O)NC3=O)C4=O)cc1)c1nnc(C)n1-2,[*:1]Oc1ccc(NC(=O)CC2N=C(c3ccc(Cl)cc3)c3c(sc(C)c3C)-n3c(C)nnc32)cc1,[*:2]Nc1cccc2c1C(=O)N(C1CCC(=O)NC1=O)C2=O,[*:1]CCOCCOCC[*:2]
COc1cc(C=C2SC(=O)N(CCCOCCNc3cccc4c3C(=O)N(C3CCC(=O)NC3=O)C4=O)C2=O)ccc1Oc1ccc(C#N)cc1C(F)(F)F,[*:1]CN1C(=O)SC(=Cc2ccc(Oc3ccc(C#N)cc3C(F)(F)F)c(OC)c2)C1=O,[*:2]Nc1cccc2c1C(=O)N(C1CCC(=O)NC1=O)C2=O,[*:1]CCOCC[*:2]
Cc1sc2c(c1C)C(c1ccc(Cl)cc1)=NC(CC(=O)NC(C)c1ccc(OCCOCCNc3cccc4c3C(=O)N(C3CCC(=O)NC3=O)C4=O)cc1)c1nnc(C)n1-2,[*:1]NC(=O)CC1N=C(c2ccc(Cl)cc2)c2c(sc(C)c2C)-n2c(C)nnc21,[*:2]Nc1cccc2c1C(=O)N(C1CCC(=O)NC1=O)C2=O,[*:1]C(C)c1ccc(OCCOCC[*:2])cc1
Cc1sc2c(c1C)C(c1ccc(Cl)cc1)=NC(CC(=O)NCCOCCNc1cccc3c1C(=O)N(C1CCC(=O)NC1=O)C3=O)c1nnc(C)n1-2,[*:1]NC(=O)CC1N=C(c2ccc(Cl)cc2)c2c(sc(C)c2C)-n2c(C)nnc21,[*:2]Nc1cccc2c1C(=O)N(C1CCC(=O)NC1=O)C2=O,[*:1]CCOCC[*:2]
Cc1cc(Nc2ncc(Cl)c(Nc3ccccc3S(=O)(=O)C(C)C)n2)c(OC(C)C)cc1C1CCN(C(=O)COCCOCC(=O)NC(C(=O)N2CC(O)CC2C(=O)NC(C)c2ccc(-c3scnc3C)cc2)C(C)(C)C)CC1,[*:1]N1CCC(c2cc(OC(C)C)c(Nc3ncc(Cl)c(Nc4ccccc4S(=O)(=O)C(C)C)n3)cc2C)CC1,[*:2]CC(=O)NC(C(=O)N1CC(O)CC1C(=O)NC(C)c1ccc(-c2scnc2C)cc1)C(C)(C)C,[*:1]C(=O)COCCO[*:2]
Cc1cc(Nc2ncc(Cl)c(Nc3ccccc3S(=O)(=O)C(C)C)n2)c(OC(C)C)cc1C1CCN(C(=O)CCCC(=O)NC(C(=O)N2CC(O)CC2C(=O)NC(C)c2ccc(-c3scnc3C)cc2)C(C)(C)C)CC1,[*:1]N1CCC(c2cc(OC(C)C)c(Nc3ncc(Cl)c(Nc4ccccc4S(=O)(=O)C(C)C)n3)cc2C)CC1,[*:2]CC(=O)NC(C(=O)N1CC(O)CC1C(=O)NC(C)c1ccc(-c2scnc2C)cc1)C(C)(C)C,[*:1]C(=O)CC[*:2]
C=CC(=O)N1CCN(c2nc(NCCC(=O)N(C)CCOCCOCCOCCOCC(=O)NC(C(=O)N3CC(O)CC3C(=O)NC(C)c3ccc(-c4scnc4C)cc3)C(C)(C)C)nc3c(F)c(-c4cc(O)cc5ccccc45)c(Cl)cc23)CC1,[*:1]c1nc(N2CCN(C(=O)C=C)CC2)c2cc(Cl)c(-c3cc(O)cc4ccccc34)c(F)c2n1,[*:2]CC(=O)NC(C(=O)N1CC(O)CC1C(=O)NC(C)c1ccc(-c2scnc2C)cc1)C(C)(C)C,[*:1]NCCC(=O)N(C)CCOCCOCCOCCO[*:2]
C=CC(=O)N1CCN(c2nc(NCCC(=O)N(C)CCOCCOCCOCCOCCOCC(=O)NC(C(=O)N3CC(O)CC3C(=O)NC(C)c3ccc(-c4scnc4C)cc3)C(C)(C)C)nc3c(F)c(-c4cc(O)cc5ccccc45)c(Cl)cc23)CC1,[*:1]c1nc(N2CCN(C(=O)C=C)CC2)c2cc(Cl)c(-c3cc(O)cc4ccccc34)c(F)c2n1,[*:2]CC(=O)NC(C(=O)N1CC(O)CC1C(=O)NC(C)c1ccc(-c2scnc2C)cc1)C(C)(C)C,[*:1]NCCC(=O)N(C)CCOCCOCCOCCOCCO[*:2]
C=CC(=O)N1CCN(c2nc(NCCC(=O)N(C)CCOCCOCCOCCC(=O)NC(C(=O)N3CC(O)CC3C(=O)NC(C)c3ccc(-c4scnc4C)cc3)C(C)(C)C)nc3c(F)c(-c4cc(O)cc5ccccc45)c(Cl)cc23)CC1,[*:1]c1nc(N2CCN(C(=O)C=C)CC2)c2cc(Cl)c(-c3cc(O)cc4ccccc34)c(F)c2n1,[*:2]CC(=O)NC(C(=O)N1CC(O)CC1C(=O)NC(C)c1ccc(-c2scnc2C)cc1)C(C)(C)C,[*:1]NCCC(=O)N(C)CCOCCOCCOC[*:2]
CCC(=O)N1CCN(c2nc(NCCC(=O)N(C)CCOCCOCCOCCOCC(=O)NC(C(=O)N3CC(O)CC3C(=O)NC(C)c3ccc(-c4scnc4C)cc3)C(C)(C)C)nc3c(F)c(-c4cc(O)cc5ccccc45)c(Cl)cc23)CC1,[*:1]c1nc(N2CCN(C(=O)CC)CC2)c2cc(Cl)c(-c3cc(O)cc4ccccc34)c(F)c2n1,[*:2]CC(=O)NC(C(=O)N1CC(O)CC1C(=O)NC(C)c1ccc(-c2scnc2C)cc1)C(C)(C)C,[*:1]NCCC(=O)N(C)CCOCCOCCOCCO[*:2]
Cc1ncsc1-c1ccc(C(C)NC(=O)C2CC(O)CN2C(=O)C(NC(=O)COCCOCCOCCNC(=O)CCC(=O)Nc2cccc(Sc3ncc(N4CCC(C)(N)CC4)nc3N)c2Cl)C(C)(C)C)cc1,[*:1]CC(=O)Nc1cccc(Sc2ncc(N3CCC(C)(N)CC3)nc2N)c1Cl,[*:2]CC(=O)NC(C(=O)N1CC(O)CC1C(=O)NC(C)c1ccc(-c2scnc2C)cc1)C(C)(C)C,[*:1]CC(=O)NCCOCCOCCO[*:2]
Cc1ncsc1-c1ccc(C(C)NC(=O)C2CC(O)CN2C(=O)C(NC(=O)CCOCCOCCOCCNC(=O)CCC(=O)Nc2cccc(Sc3ncc(N4CCC(C)(N)CC4)nc3N)c2Cl)C(C)(C)C)cc1,[*:1]CC(=O)Nc1cccc(Sc2ncc(N3CCC(C)(N)CC3)nc2N)c1Cl,[*:2]CC(=O)NC(C(=O)N1CC(O)CC1C(=O)NC(C)c1ccc(-c2scnc2C)cc1)C(C)(C)C,[*:1]CC(=O)NCCOCCOCCOC[*:2]
Cc1ncsc1-c1ccc(C(C)NC(=O)C2CC(O)CN2C(=O)C(NC(=O)CCOCCOCCOCCOCCNC(=O)CCC(=O)Nc2cccc(Sc3ncc(N4CCC(C)(N)CC4)nc3N)c2Cl)C(C)(C)C)cc1,[*:1]CC(=O)Nc1cccc(Sc2ncc(N3CCC(C)(N)CC3)nc2N)c1Cl,[*:2]CC(=O)NC(C(=O)N1CC(O)CC1C(=O)NC(C)c1ccc(-c2scnc2C)cc1)C(C)(C)C,[*:1]CC(=O)NCCOCCOCCOCCOC[*:2]
Cc1ncsc1-c1ccc(C(C)NC(=O)C2CC(O)CN2C(=O)C(NC(=O)CCCCCCCOc2ccc(NC(=O)CCC(=O)Nc3cccc(Sc4ncc(N5CCC(C)(N)CC5)nc4N)c3Cl)cc2)C(C)(C)C)cc1,[*:1]CC(=O)Nc1cccc(Sc2ncc(N3CCC(C)(N)CC3)nc2N)c1Cl,[*:2]CC(=O)NC(C(=O)N1CC(O)CC1C(=O)NC(C)c1ccc(-c2scnc2C)cc1)C(C)(C)C,[*:1]CC(=O)Nc1ccc(OCCCCCC[*:2])cc1
Cc1ncsc1-c1ccc(CNC(=O)C2CC(O)CN2C(=O)C(NC(=O)CCOCCOCCN2CCN(c3ccc(-c4ccc5c(c4)C(=O)N(C(C(=O)Nc4nccs4)c4ccccc4)C5)cn3)CC2)C(C)(C)C)cc1,[*:1]N1CCN(c2ccc(-c3ccc4c(c3)C(=O)N(C(C(=O)Nc3nccs3)c3ccccc3)C4)cn2)CC1,[*:2]CC(=O)NC(C(=O)N1CC(O)CC1C(=O)NCc1ccc(-c2scnc2C)cc1)C(C)(C)C,[*:1]CCOCCOC[*:2]
Cc1ncsc1-c1ccc(CNC(=O)C2CC(O)CN2C(=O)C(NC(=O)CCOCCOCCOCCN2CCN(c3ccc(-c4ccc5c(c4)C(=O)N(C(C(=O)Nc4nccs4)c4ccccc4)C5)cn3)CC2)C(C)(C)C)cc1,[*:1]N1CCN(c2ccc(-c3ccc4c(c3)C(=O)N(C(C(=O)Nc3nccs3)c3ccccc3)C4)cn2)CC1,[*:2]CC(=O)NC(C(=O)N1CC(O)CC1C(=O)NCc1ccc(-c2scnc2C)cc1)C(C)(C)C,[*:1]CCOCCOCCOC[*:2]
Cc1ncsc1-c1ccc(CNC(=O)C2CC(O)CN2C(=O)C(NC(=O)CCOCCOCCOc2ccc(C(=O)NC3C(C)(C)C(Oc4ccc(C#N)c(C(F)(F)F)c4)C3(C)C)cc2)C(C)(C)C)cc1,[*:1]Oc1ccc(C(=O)NC2C(C)(C)C(Oc3ccc(C#N)c(C(F)(F)F)c3)C2(C)C)cc1,[*:2]CC(=O)NC(C(=O)N1CC(O)CC1C(=O)NCc1ccc(-c2scnc2C)cc1)C(C)(C)C,[*:1]CCOCCOC[*:2]
Cc1ncsc1-c1ccc(CNC(=O)C2CC(O)CN2C(=O)C(NC(=O)COCCCCCOc2ccc(C(=O)NC3C(C)(C)C(Oc4ccc(C#N)c(C(F)(F)F)c4)C3(C)C)cc2)C(C)(C)C)cc1,[*:1]Oc1ccc(C(=O)NC2C(C)(C)C(Oc3ccc(C#N)c(C(F)(F)F)c3)C2(C)C)cc1,[*:2]CC(=O)NC(C(=O)N1CC(O)CC1C(=O)NCc1ccc(-c2scnc2C)cc1)C(C)(C)C,[*:1]CCCCCO[*:2]
CNc1ccc(-c2nc3ccc(OCCOCCOCC(=O)NC(C(=O)N4CC(O)CC4C(=O)NC(C)c4ccc(-c5scnc5C)cc4)C(C)(C)C)cc3s2)cc1,[*:1]c1ccc2nc(-c3ccc(NC)cc3)sc2c1,[*:2]CC(=O)NC(C(=O)N1CC(O)CC1C(=O)NC(C)c1ccc(-c2scnc2C)cc1)C(C)(C)C,[*:1]OCCOCCO[*:2]
CNc1ccc(-c2nc3ccc(OCCOCCOCCOCCOCCOCC(=O)NC(C(=O)N4CC(O)CC4C(=O)NC(C)c4ccc(-c5scnc5C)cc4)C(C)(C)C)cc3s2)cc1,[*:1]c1ccc2nc(-c3ccc(NC)cc3)sc2c1,[*:2]CC(=O)NC(C(=O)N1CC(O)CC1C(=O)NC(C)c1ccc(-c2scnc2C)cc1)C(C)(C)C,[*:1]OCCOCCOCCOCCOCCO[*:2]
CNc1ccc(-c2nc3ccc(OCCOCCOCCOCCOCCOCCOCC(=O)NC(C(=O)N4CC(O)CC4C(=O)NC(C)c4ccc(-c5scnc5C)cc4)C(C)(C)C)cc3s2)cc1,[*:1]c1ccc2nc(-c3ccc(NC)cc3)sc2c1,[*:2]CC(=O)NC(C(=O)N1CC(O)CC1C(=O)NC(C)c1ccc(-c2scnc2C)cc1)C(C)(C)C,[*:1]OCCOCCOCCOCCOCCOCCO[*:2]
Cc1ncsc1-c1ccc(C(C)NC(=O)C2CC(O)CN2C(=O)C(NC(=O)COCCOCCOc2ccc(CN3C(=O)C(=CC=Cc4ccc([N+](=O)[O-])cc4)c4ccccc43)cc2)C(C)(C)C)cc1,[*:1]c1ccc(CN2C(=O)C(=CC=Cc3ccc([N+](=O)[O-])cc3)c3ccccc32)cc1,[*:2]CC(=O)NC(C(=O)N1CC(O)CC1C(=O)NC(C)c1ccc(-c2scnc2C)cc1)C(C)(C)C,[*:1]OCCOCCO[*:2]
O=C1CCC(N2C(=O)c3ccc(N4CCN(CCCOC5CC(Oc6ccc7c(c6)Sc6cc([N+](=O)[O-])ccc6N7)C5)CC4)cc3C2=O)C(=O)N1,[*:1]c1ccc2c(c1)Sc1cc([N+](=O)[O-])ccc1N2,[*:2]c1ccc2c(c1)C(=O)N(C1CCC(=O)NC1=O)C2=O,[*:1]OC1CC(OCCCN2CCN([*:2])CC2)C1
Cc1ncsc1-c1ccc(C(C)NC(=O)C2CC(O)CN2C(=O)C(NC(=O)CN2CCN(CCN3CCC(OC4CC(Oc5ccc6c(c5)Sc5cc([N+](=O)[O-])ccc5N6)C4)CC3)CC2)C(C)(C)C)cc1,[*:1]c1ccc2c(c1)Sc1cc([N+](=O)[O-])ccc1N2,[*:2]CC(=O)NC(C(=O)N1CC(O)CC1C(=O)NC(C)c1ccc(-c2scnc2C)cc1)C(C)(C)C,[*:1]OC1CC(OC2CCN(CCN3CCN([*:2])CC3)CC2)C1
Cc1ncsc1-c1ccc(CNC(=O)C2CC(O)CN2C(=O)C(NC(=O)COCCCOCCCCCOc2ccc(N3C(=S)N(c4cnc(C#N)c(C(F)(F)F)c4)C(=O)C3(C)C)cc2)C(C)(C)C)cc1,[*:1]Oc1ccc(N2C(=S)N(c3cnc(C#N)c(C(F)(F)F)c3)C(=O)C2(C)C)cc1,[*:2]CC(=O)NC(C(=O)N1CC(O)CC1C(=O)NCc1ccc(-c2scnc2C)cc1)C(C)(C)C,[*:1]CCCCCOCCCO[*:2]
Cc1ncsc1-c1ccc(C(C)NC(=O)C2CC(O)CN2C(=O)C(NC(=O)COCCCOCCCCCOc2c(F)cc(N3C(=S)N(c4ccc(C#N)c(C(F)(F)F)c4)C(=O)C3(C)C)cc2F)C(C)(C)C)cc1,[*:1]COc1c(F)cc(N2C(=S)N(c3ccc(C#N)c(C(F)(F)F)c3)C(=O)C2(C)C)cc1F,[*:2]CC(=O)NC(C(=O)N1CC(O)CC1C(=O)NC(C)c1ccc(-c2scnc2C)cc1)C(C)(C)C,[*:1]CCCCOCCCO[*:2]
Cc1ncsc1-c1ccc(CNC(=O)C2CC(O)CN2C(=O)C(NC(=O)COCCCOCCCCOc2ccc(N3C(=S)N(c4cnc(C#N)c(C(F)(F)F)c4)C(=O)C3(C)C)cc2)C(C)(C)C)cc1,[*:1]Oc1ccc(N2C(=S)N(c3cnc(C#N)c(C(F)(F)F)c3)C(=O)C2(C)C)cc1,[*:2]CC(=O)NC(C(=O)N1CC(O)CC1C(=O)NCc1ccc(-c2scnc2C)cc1)C(C)(C)C,[*:1]CCCCOCCCO[*:2]
Cc1ncsc1-c1ccc(CNC(=O)C2CC(O)CN2C(=O)C(NC(=O)COCCCOCCCCOc2ccc(N3C(=S)N(c4ccc(C#N)c(Cl)c4)C(=O)C3(C)C)cc2)C(C)(C)C)cc1,[*:1]Oc1ccc(N2C(=S)N(c3ccc(C#N)c(Cl)c3)C(=O)C2(C)C)cc1,[*:2]CC(=O)NC(C(=O)N1CC(O)CC1C(=O)NCc1ccc(-c2scnc2C)cc1)C(C)(C)C,[*:1]CCCCOCCCO[*:2]
COC(=O)CC1C2(C)C3=C(C)C(c4ccoc4-c4ccc(C(=O)NCCOCCOCCOCCNC(=O)CC5N=C(c6ccc(Cl)cc6)c6c(sc(C)c6C)-n6c(C)nnc65)cc4)CC3OC2C2OC(=O)C3(C)C=CC(=O)C1(C)C23,[*:1]NC(=O)CC1N=C(c2ccc(Cl)cc2)c2c(sc(C)c2C)-n2c(C)nnc21,[*:2]c1occc1C1CC2OC3C4OC(=O)C5(C)C=CC(=O)C(C)(C45)C(CC(=O)OC)C3(C)C2=C1C,[*:1]CCOCCOCCOCCNC(=O)c1ccc([*:2])cc1
COC(=O)CC1C2(C)C3=C(C)C(c4ccoc4-c4ccc(C(=O)NCCOCCOCCOCCN5CCN(c6cc(Nc7ncc(C(=O)Nc8c(C)cccc8Cl)s7)nc(C)n6)CC5)cc4)CC3OC2C2OC(=O)C3(C)C=CC(=O)C1(C)C23,[*:1]OCCN1CCN(c2cc(Nc3ncc(C(=O)Nc4c(C)cccc4Cl)s3)nc(C)n2)CC1,[*:2]c1occc1C1CC2OC3C4OC(=O)C5(C)C=CC(=O)C(C)(C45)C(CC(=O)OC)C3(C)C2=C1C,[*:1]CCOCCOCCNC(=O)c1ccc([*:2])cc1
Cc1ccc(C(=O)NCCCCc2cn(CCC(NC(=O)OC(C)(C)C)C(=O)NCCCCNc3cccc4c3C(=O)N(C3CCC(=O)NC3=O)C4=O)nn2)cc1-n1c(C)cc(OCc2ccc(F)cc2F)c(Br)c1=O,[*:1]CNC(=O)c1ccc(C)c(-n2c(C)cc(OCc3ccc(F)cc3F)c(Br)c2=O)c1,[*:2]Nc1cccc2c1C(=O)N(C1CCC(=O)NC1=O)C2=O,[*:1]CCCc1cn(CCC(NC(=O)OC(C)(C)C)C(=O)NCCCC[*:2])nn1
Cc1ncsc1-c1ccc(CNC(=O)C2CC(O)CN2C(=O)C(NC(=O)COCCOCCOCCOCC(=O)N2CCN(C3CCC(Nc4ncnn5ccc(C(C)C)c45)CC3)CC2)C(C)(C)C)cc1,[*:1]CC(=O)N1CCN(C2CCC(Nc3ncnn4ccc(C(C)C)c34)CC2)CC1,[*:2]CC(=O)NC(C(=O)N1CC(O)CC1C(=O)NCc1ccc(-c2scnc2C)cc1)C(C)(C)C,[*:1]OCCOCCOCCO[*:2]
Cc1ncsc1-c1ccc(CNC(=O)C2CC(O)CN2C(=O)C(NC(=O)COCCOCCOCCOCCOCC(=O)N2CCN(C3CCC(Nc4ncnn5ccc(C(C)C)c45)CC3)CC2)C(C)(C)C)cc1,[*:1]CC(=O)N1CCN(C2CCC(Nc3ncnn4ccc(C(C)C)c34)CC2)CC1,[*:2]CC(=O)NC(C(=O)N1CC(O)CC1C(=O)NCc1ccc(-c2scnc2C)cc1)C(C)(C)C,[*:1]OCCOCCOCCOCCO[*:2]
Cc1ncsc1-c1ccc(CNC(=O)C2CC(O)CN2C(=O)C(NC(=O)COCCOCCOCCOCCOCCOCC(=O)N2CCN(C3CCC(Nc4ncnn5ccc(C(C)C)c45)CC3)CC2)C(C)(C)C)cc1,[*:1]CC(=O)N1CCN(C2CCC(Nc3ncnn4ccc(C(C)C)c34)CC2)CC1,[*:2]CC(=O)NC(C(=O)N1CC(O)CC1C(=O)NCc1ccc(-c2scnc2C)cc1)C(C)(C)C,[*:1]OCCOCCOCCOCCOCCO[*:2]
CC(C)c1ccn2ncnc(NC3CCC(N4CCN(C(=O)CCOCCOCCOCCNc5cccc6c5C(=O)N(C5CCC(=O)NC5=O)C6=O)CC4)CC3)c12,[*:1]CC(=O)N1CCN(C2CCC(Nc3ncnn4ccc(C(C)C)c34)CC2)CC1,[*:2]Nc1cccc2c1C(=O)N(C1CCC(=O)NC1=O)C2=O,[*:1]COCCOCCOCC[*:2]
CC(C)c1ccn2ncnc(NC3CCC(N4CCN(C(=O)CCOCCOCCOCCOCCNc5cccc6c5C(=O)N(C5CCC(=O)NC5=O)C6=O)CC4)CC3)c12,[*:1]CC(=O)N1CCN(C2CCC(Nc3ncnn4ccc(C(C)C)c34)CC2)CC1,[*:2]Nc1cccc2c1C(=O)N(C1CCC(=O)NC1=O)C2=O,[*:1]COCCOCCOCCOCC[*:2]
CC(C)c1ccn2ncnc(NC3CCC(N4CCN(C(=O)CCOCCOCCOCCOCCOCCNc5cccc6c5C(=O)N(C5CCC(=O)NC5=O)C6=O)CC4)CC3)c12,[*:1]CC(=O)N1CCN(C2CCC(Nc3ncnn4ccc(C(C)C)c34)CC2)CC1,[*:2]Nc1cccc2c1C(=O)N(C1CCC(=O)NC1=O)C2=O,[*:1]COCCOCCOCCOCCOCC[*:2]
Cc1ncsc1-c1ccc(CNC(=O)C2CC(O)CN2C(=O)C(NC(=O)COCCOCCNC(=O)CCC(=O)N2CCN(C3CCC(Nc4ncnn5ccc(C(C)C)c45)CC3)CC2)C(C)(C)C)cc1,[*:1]CC(=O)N1CCN(C2CCC(Nc3ncnn4ccc(C(C)C)c34)CC2)CC1,[*:2]CC(=O)NC(C(=O)N1CC(O)CC1C(=O)NCc1ccc(-c2scnc2C)cc1)C(C)(C)C,[*:1]CC(=O)NCCOCCO[*:2]
Cc1ncsc1-c1ccc(CNC(=O)C2CC(O)CN2C(=O)C(NC(=O)COCCOCCOCCNC(=O)CCC(=O)N2CCN(C3CCC(Nc4ncnn5ccc(C(C)C)c45)CC3)CC2)C(C)(C)C)cc1,[*:1]CC(=O)N1CCN(C2CCC(Nc3ncnn4ccc(C(C)C)c34)CC2)CC1,[*:2]CC(=O)NC(C(=O)N1CC(O)CC1C(=O)NCc1ccc(-c2scnc2C)cc1)C(C)(C)C,[*:1]CC(=O)NCCOCCOCCO[*:2]
Cc1ncsc1-c1ccc(CNC(=O)C2CC(O)CN2C(=O)C(NC(=O)COCCOCCOCCOCCNC(=O)CCC(=O)N2CCN(C3CCC(Nc4ncnn5ccc(C(C)C)c45)CC3)CC2)C(C)(C)C)cc1,[*:1]CC(=O)N1CCN(C2CCC(Nc3ncnn4ccc(C(C)C)c34)CC2)CC1,[*:2]CC(=O)NC(C(=O)N1CC(O)CC1C(=O)NCc1ccc(-c2scnc2C)cc1)C(C)(C)C,[*:1]CC(=O)NCCOCCOCCOCCO[*:2]
Cc1ncsc1-c1ccc(CNC(=O)C2CC(O)CN2C(=O)C(NC(=O)CCCNC(=O)CCC(=O)N2CCN(C3CCC(Nc4ncnn5ccc(C(C)C)c45)CC3)CC2)C(C)(C)C)cc1,[*:1]CC(=O)N1CCN(C2CCC(Nc3ncnn4ccc(C(C)C)c34)CC2)CC1,[*:2]CC(=O)NC(C(=O)N1CC(O)CC1C(=O)NCc1ccc(-c2scnc2C)cc1)C(C)(C)C,[*:1]CC(=O)NCC[*:2]
Cc1ncsc1-c1ccc(CNC(=O)C2CC(O)CN2C(=O)C(NC(=O)CCCCCCNC(=O)CCC(=O)N2CCN(C3CCC(Nc4ncnn5ccc(C(C)C)c45)CC3)CC2)C(C)(C)C)cc1,[*:1]CC(=O)N1CCN(C2CCC(Nc3ncnn4ccc(C(C)C)c34)CC2)CC1,[*:2]CC(=O)NC(C(=O)N1CC(O)CC1C(=O)NCc1ccc(-c2scnc2C)cc1)C(C)(C)C,[*:1]CC(=O)NCCCCC[*:2]
CC(C)c1ccn2ncnc(NC3CCC(N4CCN(C(=O)CCC(=O)NCCOCCOCCNc5cccc6c5C(=O)N(C5CCC(=O)NC5=O)C6=O)CC4)CC3)c12,[*:1]CC(=O)N1CCN(C2CCC(Nc3ncnn4ccc(C(C)C)c34)CC2)CC1,[*:2]Nc1cccc2c1C(=O)N(C1CCC(=O)NC1=O)C2=O,[*:1]CC(=O)NCCOCCOCC[*:2]
CC(C)c1ccn2ncnc(NC3CCC(N4CCN(C(=O)CCC(=O)NCCOCCOCCOCCNc5cccc6c5C(=O)N(C5CCC(=O)NC5=O)C6=O)CC4)CC3)c12,[*:1]CC(=O)N1CCN(C2CCC(Nc3ncnn4ccc(C(C)C)c34)CC2)CC1,[*:2]Nc1cccc2c1C(=O)N(C1CCC(=O)NC1=O)C2=O,[*:1]CC(=O)NCCOCCOCCOCC[*:2]
CC(C)c1ccn2ncnc(NC3CCC(N4CCN(C(=O)CCC(=O)NCCOCCOCCOCCOCCNc5cccc6c5C(=O)N(C5CCC(=O)NC5=O)C6=O)CC4)CC3)c12,[*:1]CC(=O)N1CCN(C2CCC(Nc3ncnn4ccc(C(C)C)c34)CC2)CC1,[*:2]Nc1cccc2c1C(=O)N(C1CCC(=O)NC1=O)C2=O,[*:1]CC(=O)NCCOCCOCCOCCOCC[*:2]
CC(C)c1ccn2ncnc(NC3CCC(N4CCN(C(=O)CCC(=O)NCCCCNc5cccc6c5C(=O)N(C5CCC(=O)NC5=O)C6=O)CC4)CC3)c12,[*:1]CC(=O)N1CCN(C2CCC(Nc3ncnn4ccc(C(C)C)c34)CC2)CC1,[*:2]Nc1cccc2c1C(=O)N(C1CCC(=O)NC1=O)C2=O,[*:1]CC(=O)NCCCC[*:2]
CC(C)c1ccn2ncnc(NC3CCC(N4CCN(C(=O)CCC(=O)NCCCCCCNc5cccc6c5C(=O)N(C5CCC(=O)NC5=O)C6=O)CC4)CC3)c12,[*:1]CC(=O)N1CCN(C2CCC(Nc3ncnn4ccc(C(C)C)c34)CC2)CC1,[*:2]Nc1cccc2c1C(=O)N(C1CCC(=O)NC1=O)C2=O,[*:1]CC(=O)NCCCCCC[*:2]
CC(C)c1ccn2ncnc(NC3CCC(N4CCN(C(=O)CCC(=O)N5CCC(CN6CCN(c7ccc8c(c7)C(=O)N(C7CCC(=O)NC7=O)C8=O)CC6)CC5)CC4)CC3)c12,[*:1]CC(=O)N1CCN(C2CCC(Nc3ncnn4ccc(C(C)C)c34)CC2)CC1,[*:2]c1ccc2c(c1)C(=O)N(C1CCC(=O)NC1=O)C2=O,[*:1]CC(=O)N1CCC(CN2CCN([*:2])CC2)CC1
CC(C)c1ccn2ncnc(NC3CCC(N4CCN(C(=O)CCC(=O)N5CCC(CCN6CCN(c7ccc8c(c7)C(=O)N(C7CCC(=O)NC7=O)C8=O)CC6)CC5)CC4)CC3)c12,[*:1]CC(=O)N1CCN(C2CCC(Nc3ncnn4ccc(C(C)C)c34)CC2)CC1,[*:2]c1ccc2c(c1)C(=O)N(C1CCC(=O)NC1=O)C2=O,[*:1]CC(=O)N1CCC(CCN2CCN([*:2])CC2)CC1
CCC(C)n1cc(C)c2c(C(=O)NCc3c(C)cc(C)[nH]c3=O)cc(-c3ccc(N4CCN(CCCCOc5cccc6c5C(=O)N(C5CCC(=O)NC5=O)C6=O)CC4)nc3)cc21,[*:1]N1CCN(c2ccc(-c3cc(C(=O)NCc4c(C)cc(C)[nH]c4=O)c4c(C)cn(C(C)CC)c4c3)cn2)CC1,[*:2]c1cccc2c1C(=O)N(C1CCC(=O)NC1=O)C2=O,[*:1]CCCCO[*:2]
CCC(C)n1cc(C)c2c(C(=O)NCc3c(C)cc(C)[nH]c3=O)cc(-c3ccc(N4CCN(CCCCCOc5cccc6c5C(=O)N(C5CCC(=O)NC5=O)C6=O)CC4)nc3)cc21,[*:1]N1CCN(c2ccc(-c3cc(C(=O)NCc4c(C)cc(C)[nH]c4=O)c4c(C)cn(C(C)CC)c4c3)cn2)CC1,[*:2]c1cccc2c1C(=O)N(C1CCC(=O)NC1=O)C2=O,[*:1]CCCCCO[*:2]
CCC(C)n1cc(C)c2c(C(=O)NCc3c(C)cc(C)[nH]c3=O)cc(-c3ccc(N4CCN(CCCCCCOc5cccc6c5C(=O)N(C5CCC(=O)NC5=O)C6=O)CC4)nc3)cc21,[*:1]N1CCN(c2ccc(-c3cc(C(=O)NCc4c(C)cc(C)[nH]c4=O)c4c(C)cn(C(C)CC)c4c3)cn2)CC1,[*:2]c1cccc2c1C(=O)N(C1CCC(=O)NC1=O)C2=O,[*:1]CCCCCCO[*:2]
CCC(C)n1cc(C)c2c(C(=O)NCc3c(C)cc(C)[nH]c3=O)cc(-c3ccc(N4CCN(CCCCCCCOc5cccc6c5C(=O)N(C5CCC(=O)NC5=O)C6=O)CC4)nc3)cc21,[*:1]N1CCN(c2ccc(-c3cc(C(=O)NCc4c(C)cc(C)[nH]c4=O)c4c(C)cn(C(C)CC)c4c3)cn2)CC1,[*:2]c1cccc2c1C(=O)N(C1CCC(=O)NC1=O)C2=O,[*:1]CCCCCCCO[*:2]
CCC(C)n1cc(C)c2c(C(=O)NCc3c(C)cc(C)[nH]c3=O)cc(-c3ccc(N4CCN(CCCCCCCCOc5cccc6c5C(=O)N(C5CCC(=O)NC5=O)C6=O)CC4)nc3)cc21,[*:1]N1CCN(c2ccc(-c3cc(C(=O)NCc4c(C)cc(C)[nH]c4=O)c4c(C)cn(C(C)CC)c4c3)cn2)CC1,[*:2]c1cccc2c1C(=O)N(C1CCC(=O)NC1=O)C2=O,[*:1]CCCCCCCCO[*:2]
CCC(C)n1cc(C)c2c(C(=O)NCc3c(C)cc(C)[nH]c3=O)cc(-c3ccc(N4CCN(CCCCCCCCCOc5cccc6c5C(=O)N(C5CCC(=O)NC5=O)C6=O)CC4)nc3)cc21,[*:1]N1CCN(c2ccc(-c3cc(C(=O)NCc4c(C)cc(C)[nH]c4=O)c4c(C)cn(C(C)CC)c4c3)cn2)CC1,[*:2]c1cccc2c1C(=O)N(C1CCC(=O)NC1=O)C2=O,[*:1]CCCCCCCCCO[*:2]
CCC(C)n1cc(C)c2c(C(=O)NCc3c(C)cc(C)[nH]c3=O)cc(-c3ccc(N4CCN(CCCCCCCCCCOc5cccc6c5C(=O)N(C5CCC(=O)NC5=O)C6=O)CC4)nc3)cc21,[*:1]N1CCN(c2ccc(-c3cc(C(=O)NCc4c(C)cc(C)[nH]c4=O)c4c(C)cn(C(C)CC)c4c3)cn2)CC1,[*:2]c1cccc2c1C(=O)N(C1CCC(=O)NC1=O)C2=O,[*:1]CCCCCCCCCCO[*:2]
CCC(C)n1cc(C)c2c(C(=O)NCc3c(C)cc(C)[nH]c3=O)cc(-c3ccc(N4CCN(CCCCCCCCCCCOc5cccc6c5C(=O)N(C5CCC(=O)NC5=O)C6=O)CC4)nc3)cc21,[*:1]N1CCN(c2ccc(-c3cc(C(=O)NCc4c(C)cc(C)[nH]c4=O)c4c(C)cn(C(C)CC)c4c3)cn2)CC1,[*:2]c1cccc2c1C(=O)N(C1CCC(=O)NC1=O)C2=O,[*:1]CCCCCCCCCCCO[*:2]
CCC(C)n1cc(C)c2c(C(=O)NCc3c(C)cc(C)[nH]c3=O)cc(-c3ccc(N4CCN(CCCCCCCCCCCCOc5cccc6c5C(=O)N(C5CCC(=O)NC5=O)C6=O)CC4)nc3)cc21,[*:1]N1CCN(c2ccc(-c3cc(C(=O)NCc4c(C)cc(C)[nH]c4=O)c4c(C)cn(C(C)CC)c4c3)cn2)CC1,[*:2]c1cccc2c1C(=O)N(C1CCC(=O)NC1=O)C2=O,[*:1]CCCCCCCCCCCCO[*:2]
Cc1ncsc1-c1ccc(CNC(=O)C2CC(O)CN2C(=O)C(NC(=O)COCCOCCOCCNC(=O)c2cc3c(cc2CS(C)(=O)=O)-c2cn(C)c(=O)c4[nH]cc(c24)CN3c2ncc(F)cc2F)C(C)(C)C)cc1,[*:1]CNC(=O)c1cc2c(cc1CS(C)(=O)=O)-c1cn(C)c(=O)c3[nH]cc(c13)CN2c1ncc(F)cc1F,[*:2]CC(=O)NC(C(=O)N1CC(O)CC1C(=O)NCc1ccc(-c2scnc2C)cc1)C(C)(C)C,[*:1]COCCOCCO[*:2]
Cc1ncsc1-c1ccc(CNC(=O)C2CC(O)CN2C(=O)C(NC(=O)CCCCCCCCCCNC(=O)c2cc3c(cc2CS(C)(=O)=O)-c2cn(C)c(=O)c4[nH]cc(c24)CN3c2ncc(F)cc2F)C(C)(C)C)cc1,[*:1]CNC(=O)c1cc2c(cc1CS(C)(=O)=O)-c1cn(C)c(=O)c3[nH]cc(c13)CN2c1ncc(F)cc1F,[*:2]CC(=O)NC(C(=O)N1CC(O)CC1C(=O)NCc1ccc(-c2scnc2C)cc1)C(C)(C)C,[*:1]CCCCCCCC[*:2]
Cc1ncsc1-c1ccc(CNC(=O)C2CC(O)CN2C(=O)C(NC(=O)COCCc2cc(N)cc(OCCNC(=O)c3cc4c(cc3CS(C)(=O)=O)-c3cn(C)c(=O)c5[nH]cc(c35)CN4c3ncc(F)cc3F)c2)C(C)(C)C)cc1,[*:1]CNC(=O)c1cc2c(cc1CS(C)(=O)=O)-c1cn(C)c(=O)c3[nH]cc(c13)CN2c1ncc(F)cc1F,[*:2]CC(=O)NC(C(=O)N1CC(O)CC1C(=O)NCc1ccc(-c2scnc2C)cc1)C(C)(C)C,[*:1]COc1cc(N)cc(CCO[*:2])c1
Cc1ncsc1-c1ccc(CNC(=O)C2CC(O)CN2C(=O)C(NC(=O)COCCc2cc(O)cc(OCCNC(=O)c3cc4c(cc3CS(C)(=O)=O)-c3cn(C)c(=O)c5[nH]cc(c35)CN4c3ncc(F)cc3F)c2)C(C)(C)C)cc1,[*:1]CNC(=O)c1cc2c(cc1CS(C)(=O)=O)-c1cn(C)c(=O)c3[nH]cc(c13)CN2c1ncc(F)cc1F,[*:2]CC(=O)NC(C(=O)N1CC(O)CC1C(=O)NCc1ccc(-c2scnc2C)cc1)C(C)(C)C,[*:1]COc1cc(O)cc(CCO[*:2])c1
CNCCOc1cc(-c2scnc2C)ccc1CNC(=O)C1CC(O)CN1C(=O)C(NC(=O)COCCOCCOCCNC(=O)CC1N=C(c2ccc(Cl)cc2)c2c(sc(C)c2C)-n2c(C)nnc21)C(C)(C)C,[*:1]NC(=O)CC1N=C(c2ccc(Cl)cc2)c2c(sc(C)c2C)-n2c(C)nnc21,[*:2]NC(C(=O)N1CC(O)CC1C(=O)NCc1ccc(-c2scnc2C)cc1OCCNC)C(C)(C)C,[*:1]CCOCCOCCOCC([*:2])=O
Cc1ncsc1-c1ccc(CNC(=O)C2CC(O)CN2C(=O)C(NC(=O)COCCc2cc(N)cc(OCCNC(=O)CC3N=C(c4ccc(Cl)cc4)c4c(sc(C)c4C)-n4c(C)nnc43)c2)C(C)(C)C)cc1,[*:1]NC(=O)CC1N=C(c2ccc(Cl)cc2)c2c(sc(C)c2C)-n2c(C)nnc21,[*:2]CC(=O)NC(C(=O)N1CC(O)CC1C(=O)NCc1ccc(-c2scnc2C)cc1)C(C)(C)C,[*:1]CCOc1cc(N)cc(CCO[*:2])c1
Cc1ncsc1-c1ccc(CNC(=O)C2CC(O)CN2C(=O)C(NC(=O)COCC2CNCC(COCCNC(=O)CC3N=C(c4ccc(Cl)cc4)c4c(sc(C)c4C)-n4c(C)nnc43)C2)C(C)(C)C)cc1,[*:1]NC(=O)CC1N=C(c2ccc(Cl)cc2)c2c(sc(C)c2C)-n2c(C)nnc21,[*:2]CC(=O)NC(C(=O)N1CC(O)CC1C(=O)NCc1ccc(-c2scnc2C)cc1)C(C)(C)C,[*:1]CCOCC1CNCC(CO[*:2])C1
Cc1ncsc1-c1ccc(CNC(=O)C2CC(O)CN2C(=O)C(NC(=O)COCC#CC#CCNC(=O)CC2N=C(c3ccc(Cl)cc3)c3c(sc(C)c3C)-n3c(C)nnc32)C(C)(C)C)cc1,[*:1]NC(=O)CC1N=C(c2ccc(Cl)cc2)c2c(sc(C)c2C)-n2c(C)nnc21,[*:2]CC(=O)NC(C(=O)N1CC(O)CC1C(=O)NCc1ccc(-c2scnc2C)cc1)C(C)(C)C,[*:1]CC#CC#CCO[*:2]
COC(=O)C1=CCC23CCC(C(C)(C=CC=C(C)C(=O)OCOc4cccc5c4C(=O)N(C4CCC(=O)NC4=O)C5=O)OC2=O)C3(OC(C)=O)CC1,[*:1]OC(=O)C(C)=CC=CC1(C)OC(=O)C23CC=C(C(=O)OC)CCC2(OC(C)=O)C1CC3,[*:2]c1cccc2c1C(=O)N(C1CCC(=O)NC1=O)C2=O,[*:1]CO[*:2]
COC(=O)C1=CCC23CCC(C(C)(C=CC=C(C)C(=O)OCCOc4cccc5c4C(=O)N(C4CCC(=O)NC4=O)C5=O)OC2=O)C3(OC(C)=O)CC1,[*:1]OC(=O)C(C)=CC=CC1(C)OC(=O)C23CC=C(C(=O)OC)CCC2(OC(C)=O)C1CC3,[*:2]c1cccc2c1C(=O)N(C1CCC(=O)NC1=O)C2=O,[*:1]CCO[*:2]
COC(=O)C1=CCC23CCC(C(C)(C=CC=C(C)C(=O)OCCCOc4cccc5c4C(=O)N(C4CCC(=O)NC4=O)C5=O)OC2=O)C3(OC(C)=O)CC1,[*:1]OC(=O)C(C)=CC=CC1(C)OC(=O)C23CC=C(C(=O)OC)CCC2(OC(C)=O)C1CC3,[*:2]c1cccc2c1C(=O)N(C1CCC(=O)NC1=O)C2=O,[*:1]CCCO[*:2]
COC(=O)C1=CCC23CCC(C(C)(C=CC=C(C)C(=O)OCCCCCOc4cccc5c4C(=O)N(C4CCC(=O)NC4=O)C5=O)OC2=O)C3(OC(C)=O)CC1,[*:1]OC(=O)C(C)=CC=CC1(C)OC(=O)C23CC=C(C(=O)OC)CCC2(OC(C)=O)C1CC3,[*:2]c1cccc2c1C(=O)N(C1CCC(=O)NC1=O)C2=O,[*:1]CCCCCO[*:2]
COC(=O)C1=CCC23CCC(C(C)(C=CC=C(C)C(=O)OCCCCCCCOc4cccc5c4C(=O)N(C4CCC(=O)NC4=O)C5=O)OC2=O)C3(OC(C)=O)CC1,[*:1]OC(=O)C(C)=CC=CC1(C)OC(=O)C23CC=C(C(=O)OC)CCC2(OC(C)=O)C1CC3,[*:2]c1cccc2c1C(=O)N(C1CCC(=O)NC1=O)C2=O,[*:1]CCCCCCCO[*:2]
COC(=O)C1=CCC23CCC(C(C)(C=CC=C(C)C(=O)OCCOCCOCCOc4cccc5c4C(=O)N(C4CCC(=O)NC4=O)C5=O)OC2=O)C3(OC(C)=O)CC1,[*:1]OC(=O)C(C)=CC=CC1(C)OC(=O)C23CC=C(C(=O)OC)CCC2(OC(C)=O)C1CC3,[*:2]c1cccc2c1C(=O)N(C1CCC(=O)NC1=O)C2=O,[*:1]CCOCCOCCO[*:2]
COC(=O)C1=CCC23CCC(C(C)(C=CC=C(C)C(=O)OCCOCCOCCOCCOc4cccc5c4C(=O)N(C4CCC(=O)NC4=O)C5=O)OC2=O)C3(OC(C)=O)CC1,[*:1]OC(=O)C(C)=CC=CC1(C)OC(=O)C23CC=C(C(=O)OC)CCC2(OC(C)=O)C1CC3,[*:2]c1cccc2c1C(=O)N(C1CCC(=O)NC1=O)C2=O,[*:1]CCOCCOCCOCCO[*:2]
N#Cc1ccc(OC2CC3CCC(C2)N3C(=O)c2ccc(N3CCN(CCCCCCCCCOc4cccc5c4C(=O)N(C4CCC(=O)NC4=O)C5=O)CC3)cc2)cc1Cl,[*:1]N1C2CCC1CC(Oc1ccc(C#N)c(Cl)c1)C2,[*:2]c1cccc2c1C(=O)N(C1CCC(=O)NC1=O)C2=O,[*:1]C(=O)c1ccc(N2CCN(CCCCCCCCCO[*:2])CC2)cc1
N#Cc1ccc(OC2CC3CCC(C2)N3C(=O)c2ccc(N3CCN(CCCCCCCCCNc4cccc5c4C(=O)N(C4CCC(=O)NC4=O)C5=O)CC3)cc2)cc1Cl,[*:1]N1C2CCC1CC(Oc1ccc(C#N)c(Cl)c1)C2,[*:2]Nc1cccc2c1C(=O)N(C1CCC(=O)NC1=O)C2=O,[*:1]C(=O)c1ccc(N2CCN(CCCCCCCCC[*:2])CC2)cc1
N#Cc1ccc(OC2CC3CCC(C2)N3C(=O)c2ccc(N3CCN(CCCCCCCCNc4cccc5c4C(=O)N(C4CCC(=O)NC4=O)C5=O)CC3)cc2)cc1Cl,[*:1]N1C2CCC1CC(Oc1ccc(C#N)c(Cl)c1)C2,[*:2]Nc1cccc2c1C(=O)N(C1CCC(=O)NC1=O)C2=O,[*:1]C(=O)c1ccc(N2CCN(CCCCCCCC[*:2])CC2)cc1
N#Cc1ccc(OC2CC3CCC(C2)N3C(=O)c2ccc(N3CCN(CCCCCCCNc4cccc5c4C(=O)N(C4CCC(=O)NC4=O)C5=O)CC3)cc2)cc1Cl,[*:1]N1C2CCC1CC(Oc1ccc(C#N)c(Cl)c1)C2,[*:2]Nc1cccc2c1C(=O)N(C1CCC(=O)NC1=O)C2=O,[*:1]C(=O)c1ccc(N2CCN(CCCCCCC[*:2])CC2)cc1
N#Cc1ccc(OC2CC3CCC(C2)N3C(=O)c2cnc(N3CCN(CCCCNc4cccc5c4C(=O)N(C4CCC(=O)NC4=O)C5=O)CC3)nc2)cc1Cl,[*:1]N1C2CCC1CC(Oc1ccc(C#N)c(Cl)c1)C2,[*:2]Nc1cccc2c1C(=O)N(C1CCC(=O)NC1=O)C2=O,[*:1]C(=O)c1cnc(N2CCN(CCCC[*:2])CC2)nc1
N#Cc1ccc(OC2CC3CCC(C2)N3C(=O)c2cnc(N3CCN(CCCNc4cccc5c4C(=O)N(C4CCC(=O)NC4=O)C5=O)CC3)nc2)cc1Cl,[*:1]N1C2CCC1CC(Oc1ccc(C#N)c(Cl)c1)C2,[*:2]Nc1cccc2c1C(=O)N(C1CCC(=O)NC1=O)C2=O,[*:1]C(=O)c1cnc(N2CCN(CCC[*:2])CC2)nc1
N#Cc1ccc(OC2CC3CCC(C2)N3C(=O)c2cnc(N3CCN(CCCCCNc4cccc5c4C(=O)N(C4CCC(=O)NC4=O)C5=O)CC3)nc2)cc1Cl,[*:1]N1C2CCC1CC(Oc1ccc(C#N)c(Cl)c1)C2,[*:2]Nc1cccc2c1C(=O)N(C1CCC(=O)NC1=O)C2=O,[*:1]C(=O)c1cnc(N2CCN(CCCCC[*:2])CC2)nc1
N#Cc1ccc(OC2CC3CCC(C2)N3C(=O)c2cnc(N3CCN(CCCCCCNc4cccc5c4C(=O)N(C4CCC(=O)NC4=O)C5=O)CC3)nc2)cc1Cl,[*:1]N1C2CCC1CC(Oc1ccc(C#N)c(Cl)c1)C2,[*:2]Nc1cccc2c1C(=O)N(C1CCC(=O)NC1=O)C2=O,[*:1]C(=O)c1cnc(N2CCN(CCCCCC[*:2])CC2)nc1
N#Cc1ccc(OC2CC3CCC(C2)N3C(=O)c2cnc(N3CCN(CCCCCCCNc4cccc5c4C(=O)N(C4CCC(=O)NC4=O)C5=O)CC3)nc2)cc1Cl,[*:1]N1C2CCC1CC(Oc1ccc(C#N)c(Cl)c1)C2,[*:2]Nc1cccc2c1C(=O)N(C1CCC(=O)NC1=O)C2=O,[*:1]C(=O)c1cnc(N2CCN(CCCCCCC[*:2])CC2)nc1
N#Cc1ccc(OC2CC3CCC(C2)N3C(=O)c2cnc(N3CCN(CCCCCCNc4ccc5c(c4)C(=O)N(C4CCC(=O)NC4=O)C5=O)CC3)nc2)cc1Cl,[*:1]N1C2CCC1CC(Oc1ccc(C#N)c(Cl)c1)C2,[*:2]Nc1ccc2c(c1)C(=O)N(C1CCC(=O)NC1=O)C2=O,[*:1]C(=O)c1cnc(N2CCN(CCCCCC[*:2])CC2)nc1
N#Cc1ccc(OC2CC3CCC(C2)N3C(=O)c2cnc(N3CCN(CCCCCNc4ccc5c(c4)C(=O)N(C4CCC(=O)NC4=O)C5=O)CC3)nc2)cc1Cl,[*:1]N1C2CCC1CC(Oc1ccc(C#N)c(Cl)c1)C2,[*:2]Nc1ccc2c(c1)C(=O)N(C1CCC(=O)NC1=O)C2=O,[*:1]C(=O)c1cnc(N2CCN(CCCCC[*:2])CC2)nc1
N#Cc1ccc(OC2CC3CCC(C2)N3C(=O)c2cnc(N3CCN(CCCCNc4ccc5c(c4)C(=O)N(C4CCC(=O)NC4=O)C5=O)CC3)nc2)cc1Cl,[*:1]N1C2CCC1CC(Oc1ccc(C#N)c(Cl)c1)C2,[*:2]Nc1ccc2c(c1)C(=O)N(C1CCC(=O)NC1=O)C2=O,[*:1]C(=O)c1cnc(N2CCN(CCCC[*:2])CC2)nc1
N#Cc1ccc(OC2CC3CCC(C2)N3C(=O)c2cnc(N3CCN(CCCNc4ccc5c(c4)C(=O)N(C4CCC(=O)NC4=O)C5=O)CC3)nc2)cc1Cl,[*:1]N1C2CCC1CC(Oc1ccc(C#N)c(Cl)c1)C2,[*:2]Nc1ccc2c(c1)C(=O)N(C1CCC(=O)NC1=O)C2=O,[*:1]C(=O)c1cnc(N2CCN(CCC[*:2])CC2)nc1
N#Cc1ccc(OC2CC3CCC(C2)N3C(=O)c2cnc(N3CCN(CCCCCCCNc4ccc5c(c4)C(=O)N(C4CCC(=O)NC4=O)C5=O)CC3)nc2)cc1Cl,[*:1]N1C2CCC1CC(Oc1ccc(C#N)c(Cl)c1)C2,[*:2]Nc1ccc2c(c1)C(=O)N(C1CCC(=O)NC1=O)C2=O,[*:1]C(=O)c1cnc(N2CCN(CCCCCCC[*:2])CC2)nc1
N#Cc1ccc(OC2CC3CCC(C2)N3C(=O)c2ccc(C#CC3CCN(C4CCN(c5ccc6c(c5)C(=O)N(C5CCC(=O)NC5=O)C6=O)CC4)CC3)cc2)cc1Cl,[*:1]N1C2CCC1CC(Oc1ccc(C#N)c(Cl)c1)C2,[*:2]c1ccc2c(c1)C(=O)N(C1CCC(=O)NC1=O)C2=O,[*:1]C(=O)c1ccc(C#CC2CCN(C3CCN([*:2])CC3)CC2)cc1
CC12CC(NC(=O)c3ccc(N4CCN(CCCCCCCCNc5ccc6c(c5)C(=O)N(C5CCC(=O)NC5=O)C6=O)CC4)cc3)CC1(C)CC(Oc1ccc(C#N)c(Cl)c1)C2,[*:1]NC1CC2(C)CC(Oc3ccc(C#N)c(Cl)c3)CC2(C)C1,[*:2]Nc1ccc2c(c1)C(=O)N(C1CCC(=O)NC1=O)C2=O,[*:1]C(=O)c1ccc(N2CCN(CCCCCCCC[*:2])CC2)cc1
CC12CC(NC(=O)c3ccc(N4CCN(CCCCCCCCCNc5ccc6c(c5)C(=O)N(C5CCC(=O)NC5=O)C6=O)CC4)cc3)CC1(C)CC(Oc1ccc(C#N)c(Cl)c1)C2,[*:1]NC1CC2(C)CC(Oc3ccc(C#N)c(Cl)c3)CC2(C)C1,[*:2]Nc1ccc2c(c1)C(=O)N(C1CCC(=O)NC1=O)C2=O,[*:1]C(=O)c1ccc(N2CCN(CCCCCCCCC[*:2])CC2)cc1
CC12CC(NC(=O)c3ccc(N4CCN(CCCCCNc5ccc6c(c5)C(=O)N(C5CCC(=O)NC5=O)C6=O)CC4)cc3)CC1(C)CC(Oc1ccc(C#N)c(Cl)c1)C2,[*:1]NC1CC2(C)CC(Oc3ccc(C#N)c(Cl)c3)CC2(C)C1,[*:2]Nc1ccc2c(c1)C(=O)N(C1CCC(=O)NC1=O)C2=O,[*:1]C(=O)c1ccc(N2CCN(CCCCC[*:2])CC2)cc1
CC12CC(NC(=O)c3ccc(N4CCN(CCCCCCNc5ccc6c(c5)C(=O)N(C5CCC(=O)NC5=O)C6=O)CC4)cc3)CC1(C)CC(Oc1ccc(C#N)c(Cl)c1)C2,[*:1]NC1CC2(C)CC(Oc3ccc(C#N)c(Cl)c3)CC2(C)C1,[*:2]Nc1ccc2c(c1)C(=O)N(C1CCC(=O)NC1=O)C2=O,[*:1]C(=O)c1ccc(N2CCN(CCCCCC[*:2])CC2)cc1
CC12CC(NC(=O)c3ccc(N4CCN(CCCCCCCNc5ccc6c(c5)C(=O)N(C5CCC(=O)NC5=O)C6=O)CC4)cc3)CC1(C)CC(Oc1ccc(C#N)c(Cl)c1)C2,[*:1]NC1CC2(C)CC(Oc3ccc(C#N)c(Cl)c3)CC2(C)C1,[*:2]Nc1ccc2c(c1)C(=O)N(C1CCC(=O)NC1=O)C2=O,[*:1]C(=O)c1ccc(N2CCN(CCCCCCC[*:2])CC2)cc1
Cc1ncsc1-c1ccc(C(CC(=O)NCCCCCCCCCN2CCN(c3ccc(C(=O)N4C5CCC4CC(Oc4ccc(C#N)c(Cl)c4)C5)cc3)CC2)NC(=O)C2CC(O)CN2C(=O)C(NC(=O)C2(F)CC2)C(C)(C)C)cc1,[*:1]N1C2CCC1CC(Oc1ccc(C#N)c(Cl)c1)C2,[*:2]CNC(=O)CC(NC(=O)C1CC(O)CN1C(=O)C(NC(=O)C1(F)CC1)C(C)(C)C)c1ccc(-c2scnc2C)cc1,[*:1]C(=O)c1ccc(N2CCN(CCCCCCCC[*:2])CC2)cc1
Cc1ncsc1-c1ccc(C(CC(=O)NCCCCCCCCN2CCN(c3ccc(C(=O)N4C5CCC4CC(Oc4ccc(C#N)c(Cl)c4)C5)cc3)CC2)NC(=O)C2CC(O)CN2C(=O)C(NC(=O)C2(F)CC2)C(C)(C)C)cc1,[*:1]N1C2CCC1CC(Oc1ccc(C#N)c(Cl)c1)C2,[*:2]CNC(=O)CC(NC(=O)C1CC(O)CN1C(=O)C(NC(=O)C1(F)CC1)C(C)(C)C)c1ccc(-c2scnc2C)cc1,[*:1]C(=O)c1ccc(N2CCN(CCCCCCC[*:2])CC2)cc1
Cc1ncsc1-c1ccc(C(CC(=O)NCCCCCCCN2CCN(c3ccc(C(=O)N4C5CCC4CC(Oc4ccc(C#N)c(Cl)c4)C5)cc3)CC2)NC(=O)C2CC(O)CN2C(=O)C(NC(=O)C2(F)CC2)C(C)(C)C)cc1,[*:1]N1C2CCC1CC(Oc1ccc(C#N)c(Cl)c1)C2,[*:2]CNC(=O)CC(NC(=O)C1CC(O)CN1C(=O)C(NC(=O)C1(F)CC1)C(C)(C)C)c1ccc(-c2scnc2C)cc1,[*:1]C(=O)c1ccc(N2CCN(CCCCCC[*:2])CC2)cc1
Cc1ncsc1-c1ccc(CNC(=O)C2CC(O)CN2C(=O)C(NC(=O)COCCN2CCN(c3ccc(C(=O)N4C5CCC4CC(Oc4ccc(C#N)c(Cl)c4)C5)cc3)CC2)C(C)(C)C)cc1,[*:1]N1C2CCC1CC(Oc1ccc(C#N)c(Cl)c1)C2,[*:2]CC(=O)NC(C(=O)N1CC(O)CC1C(=O)NCc1ccc(-c2scnc2C)cc1)C(C)(C)C,[*:1]C(=O)c1ccc(N2CCN(CCO[*:2])CC2)cc1
Cc1ncsc1-c1ccc(CNC(=O)C2CC(O)CN2C(=O)C(NC(=O)CN2CCN(c3ccc(C(=O)N4C5CCC4CC(Oc4ccc(C#N)c(Cl)c4)C5)cc3)CC2)C(C)(C)C)cc1,[*:1]N1C2CCC1CC(Oc1ccc(C#N)c(Cl)c1)C2,[*:2]CC(=O)NC(C(=O)N1CC(O)CC1C(=O)NCc1ccc(-c2scnc2C)cc1)C(C)(C)C,[*:1]C(=O)c1ccc(N2CCN([*:2])CC2)cc1
Cc1ncsc1-c1ccc(CNC(=O)C2CC(O)CN2C(=O)C(NC(=O)CCN2CCN(c3ccc(C(=O)N4C5CCC4CC(Oc4ccc(C#N)c(Cl)c4)C5)cc3)CC2)C(C)(C)C)cc1,[*:1]N1C2CCC1CC(Oc1ccc(C#N)c(Cl)c1)C2,[*:2]CC(=O)NC(C(=O)N1CC(O)CC1C(=O)NCc1ccc(-c2scnc2C)cc1)C(C)(C)C,[*:1]C(=O)c1ccc(N2CCN(C[*:2])CC2)cc1
Cc1ncsc1-c1ccc(C(C)NC(=O)C2CC(O)CN2C(=O)C(NC(=O)COCCN2CCN(c3ccc(C(=O)N4C5CCC4CC(Oc4ccc(C#N)c(Cl)c4)C5)nn3)CC2)C(C)(C)C)cc1,[*:1]N1C2CCC1CC(Oc1ccc(C#N)c(Cl)c1)C2,[*:2]CC(=O)NC(C(=O)N1CC(O)CC1C(=O)NC(C)c1ccc(-c2scnc2C)cc1)C(C)(C)C,[*:1]C(=O)c1ccc(N2CCN(CCO[*:2])CC2)nn1
Cc1ncsc1-c1ccc(C(C)NC(=O)C2CC(O)CN2C(=O)C(NC(=O)COCCN2CCN(c3ccc(C(=O)N4C5CCC4CC(Oc4ccc(C#N)c(Cl)c4)C5)cc3)CC2)C(C)(C)C)cc1,[*:1]N1C2CCC1CC(Oc1ccc(C#N)c(Cl)c1)C2,[*:2]CC(=O)NC(C(=O)N1CC(O)CC1C(=O)NC(C)c1ccc(-c2scnc2C)cc1)C(C)(C)C,[*:1]C(=O)c1ccc(N2CCN(CCO[*:2])CC2)cc1
Cc1ncsc1-c1ccc(C(C)NC(=O)C2CC(O)CN2C(=O)C(NC(=O)COCCN2CCN(c3ccc(C(=O)N4C5CCC4CC(Oc4ccc(C#N)c(Cl)c4)C5)cn3)CC2)C(C)(C)C)cc1,[*:1]N1C2CCC1CC(Oc1ccc(C#N)c(Cl)c1)C2,[*:2]CC(=O)NC(C(=O)N1CC(O)CC1C(=O)NC(C)c1ccc(-c2scnc2C)cc1)C(C)(C)C,[*:1]C(=O)c1ccc(N2CCN(CCO[*:2])CC2)nc1
Cc1ncsc1-c1ccc(C(C)NC(=O)C2CC(O)CN2C(=O)C(NC(=O)COCCN2CCN(c3cnc(C(=O)N4C5CCC4CC(Oc4ccc(C#N)c(Cl)c4)C5)cn3)CC2)C(C)(C)C)cc1,[*:1]N1C2CCC1CC(Oc1ccc(C#N)c(Cl)c1)C2,[*:2]CC(=O)NC(C(=O)N1CC(O)CC1C(=O)NC(C)c1ccc(-c2scnc2C)cc1)C(C)(C)C,[*:1]C(=O)c1cnc(N2CCN(CCO[*:2])CC2)cn1
Cc1ncsc1-c1ccc(C(C)NC(=O)C2CC(O)CN2C(=O)C(NC(=O)COCCN2CCN(c3ncc(C(=O)N4C5CCC4CC(Oc4ccc(C#N)c(Cl)c4)C5)cn3)CC2)C(C)(C)C)cc1,[*:1]N1C2CCC1CC(Oc1ccc(C#N)c(Cl)c1)C2,[*:2]CC(=O)NC(C(=O)N1CC(O)CC1C(=O)NC(C)c1ccc(-c2scnc2C)cc1)C(C)(C)C,[*:1]C(=O)c1cnc(N2CCN(CCO[*:2])CC2)nc1
Cc1ncsc1-c1ccc(C(C)NC(=O)C2CC(O)CN2C(=O)C(NC(=O)COCCN2CCN(c3ccc(C(=O)N4C5CCC4CC(Oc4ccc(C#N)c(Cl)c4)C5)nc3)CC2)C(C)(C)C)cc1,[*:1]N1C2CCC1CC(Oc1ccc(C#N)c(Cl)c1)C2,[*:2]CC(=O)NC(C(=O)N1CC(O)CC1C(=O)NC(C)c1ccc(-c2scnc2C)cc1)C(C)(C)C,[*:1]C(=O)c1ccc(N2CCN(CCO[*:2])CC2)cn1
Cc1ncsc1-c1ccc(CNC(=O)C2CC(O)CN2C(=O)C(NC(=O)CCCCCC(=O)n2nc(N)c3c(-c4cccc(NC(=O)Nc5cccc(C(C)C)c5)c4)cccc32)C(C)(C)C)cc1,[*:1]n1nc(N)c2c(-c3cccc(NC(=O)Nc4cccc(C(C)C)c4)c3)cccc21,[*:2]CC(=O)NC(C(=O)N1CC(O)CC1C(=O)NCc1ccc(-c2scnc2C)cc1)C(C)(C)C,[*:1]C(=O)CCCC[*:2]
Cc1ncsc1-c1ccc(CNC(=O)C2CC(O)CN2C(=O)C(NC(=O)CCCCCCCCCCC(=O)n2nc(N)c3c(-c4cccc(NC(=O)Nc5cccc(C(C)C)c5)c4)cccc32)C(C)(C)C)cc1,[*:1]n1nc(N)c2c(-c3cccc(NC(=O)Nc4cccc(C(C)C)c4)c3)cccc21,[*:2]CC(=O)NC(C(=O)N1CC(O)CC1C(=O)NCc1ccc(-c2scnc2C)cc1)C(C)(C)C,[*:1]C(=O)CCCCCCCCC[*:2]
Cc1ncsc1-c1ccc(CNC(=O)C2CC(O)CN2C(=O)C(NC(=O)CCCCCCCCCCCCCCC(=O)n2nc(N)c3c(-c4cccc(NC(=O)Nc5cccc(C(C)C)c5)c4)cccc32)C(C)(C)C)cc1,[*:1]n1nc(N)c2c(-c3cccc(NC(=O)Nc4cccc(C(C)C)c4)c3)cccc21,[*:2]CC(=O)NC(C(=O)N1CC(O)CC1C(=O)NCc1ccc(-c2scnc2C)cc1)C(C)(C)C,[*:1]C(=O)CCCCCCCCCCCCC[*:2]
Cc1ccc(F)c(NC(=O)Nc2ccc(-c3cccc4c3c(N)nn4C(=O)CCCCCC(=O)NC(C(=O)N3CC(O)CC3C(=O)NCc3ccc(-c4scnc4C)cc3)C(C)(C)C)cc2)c1,[*:1]n1nc(N)c2c(-c3ccc(NC(=O)Nc4cc(C)ccc4F)cc3)cccc21,[*:2]CC(=O)NC(C(=O)N1CC(O)CC1C(=O)NCc1ccc(-c2scnc2C)cc1)C(C)(C)C,[*:1]C(=O)CCCC[*:2]
Cc1ccc(F)c(NC(=O)Nc2ccc(-c3cccc4c3c(N)nn4C(=O)CCCCCCCCCCC(=O)NC(C(=O)N3CC(O)CC3C(=O)NCc3ccc(-c4scnc4C)cc3)C(C)(C)C)cc2)c1,[*:1]n1nc(N)c2c(-c3ccc(NC(=O)Nc4cc(C)ccc4F)cc3)cccc21,[*:2]CC(=O)NC(C(=O)N1CC(O)CC1C(=O)NCc1ccc(-c2scnc2C)cc1)C(C)(C)C,[*:1]C(=O)CCCCCCCCC[*:2]
Cc1ccc(F)c(NC(=O)Nc2ccc(-c3cccc4c3c(N)nn4C(=O)CCCCCCCCCCCCCCC(=O)NC(C(=O)N3CC(O)CC3C(=O)NCc3ccc(-c4scnc4C)cc3)C(C)(C)C)cc2)c1,[*:1]n1nc(N)c2c(-c3ccc(NC(=O)Nc4cc(C)ccc4F)cc3)cccc21,[*:2]CC(=O)NC(C(=O)N1CC(O)CC1C(=O)NCc1ccc(-c2scnc2C)cc1)C(C)(C)C,[*:1]C(=O)CCCCCCCCCCCCC[*:2]
Cc1ncsc1-c1ccc(CNC(=O)C2CC(O)CN2C(=O)C(NC(=O)CCCCCCN2CCN(c3ccc(Nc4ncc5nc(Nc6ccccc6)n(C6CCCC6)c5n4)cc3)CC2)C(C)(C)C)cc1,[*:1]CN1CCN(c2ccc(Nc3ncc4nc(Nc5ccccc5)n(C5CCCC5)c4n3)cc2)CC1,[*:2]CC(=O)NC(C(=O)N1CC(O)CC1C(=O)NCc1ccc(-c2scnc2C)cc1)C(C)(C)C,[*:1]CCCC[*:2]
Cc1ncsc1-c1ccc(CNC(=O)C2CC(O)CN2C(=O)C(NC(=O)CCCCCCCN2CCN(c3ccc(Nc4ncc5nc(Nc6ccccc6)n(C6CCCC6)c5n4)cc3)CC2)C(C)(C)C)cc1,[*:1]CN1CCN(c2ccc(Nc3ncc4nc(Nc5ccccc5)n(C5CCCC5)c4n3)cc2)CC1,[*:2]CC(=O)NC(C(=O)N1CC(O)CC1C(=O)NCc1ccc(-c2scnc2C)cc1)C(C)(C)C,[*:1]CCCCC[*:2]
Cc1ncsc1-c1ccc(CNC(=O)C2CC(O)CN2C(=O)C(NCCOCCOCCN2CCN(c3ccc(Nc4ncc5nc(Nc6ccccc6)n(C6CCCC6)c5n4)cc3)CC2)C(C)(C)C)cc1,[*:1]CN1CCN(c2ccc(Nc3ncc4nc(Nc5ccccc5)n(C5CCCC5)c4n3)cc2)CC1,[*:2]NC(C(=O)N1CC(O)CC1C(=O)NCc1ccc(-c2scnc2C)cc1)C(C)(C)C,[*:1]COCCOCC[*:2]
Cc1ncsc1-c1ccc(CNC(=O)C2CC(O)CN2C(=O)C(NCCOCCOCCOCCN2CCN(c3ccc(Nc4ncc5nc(Nc6ccccc6)n(C6CCCC6)c5n4)cc3)CC2)C(C)(C)C)cc1,[*:1]CN1CCN(c2ccc(Nc3ncc4nc(Nc5ccccc5)n(C5CCCC5)c4n3)cc2)CC1,[*:2]NC(C(=O)N1CC(O)CC1C(=O)NCc1ccc(-c2scnc2C)cc1)C(C)(C)C,[*:1]COCCOCCOCC[*:2]
Cc1ncsc1-c1ccc(CNC(=O)C2CC(O)CN2C(=O)C(NCCOCCOCCOCCOCCN2CCN(c3ccc(Nc4ncc5nc(Nc6ccccc6)n(C6CCCC6)c5n4)cc3)CC2)C(C)(C)C)cc1,[*:1]CN1CCN(c2ccc(Nc3ncc4nc(Nc5ccccc5)n(C5CCCC5)c4n3)cc2)CC1,[*:2]NC(C(=O)N1CC(O)CC1C(=O)NCc1ccc(-c2scnc2C)cc1)C(C)(C)C,[*:1]COCCOCCOCCOCC[*:2]
CC(=O)c1c(C)c2cnc(Nc3ccc(N4CCN(CCCCCCCC(=O)NC(C(=O)N5CC(O)CC5C(=O)NCc5ccc(-c6scnc6C)cc5)C(C)(C)C)CC4)cn3)nc2n(C2CCCC2)c1=O,[*:1]N1CCN(c2ccc(Nc3ncc4c(C)c(C(C)=O)c(=O)n(C5CCCC5)c4n3)nc2)CC1,[*:2]CC(=O)NC(C(=O)N1CC(O)CC1C(=O)NCc1ccc(-c2scnc2C)cc1)C(C)(C)C,[*:1]CCCCCC[*:2]
CC(=O)c1c(C)c2cnc(Nc3ccc(N4CCN(CCOCCOCC(=O)NC(C(=O)N5CC(O)CC5C(=O)NCc5ccc(-c6scnc6C)cc5)C(C)(C)C)CC4)cn3)nc2n(C2CCCC2)c1=O,[*:1]N1CCN(c2ccc(Nc3ncc4c(C)c(C(C)=O)c(=O)n(C5CCCC5)c4n3)nc2)CC1,[*:2]CC(=O)NC(C(=O)N1CC(O)CC1C(=O)NCc1ccc(-c2scnc2C)cc1)C(C)(C)C,[*:1]CCOCCO[*:2]
CC(=O)c1c(C)c2cnc(Nc3ccc(N4CCN(CCOCCOCCOCC(=O)NC(C(=O)N5CC(O)CC5C(=O)NCc5ccc(-c6scnc6C)cc5)C(C)(C)C)CC4)cn3)nc2n(C2CCCC2)c1=O,[*:1]N1CCN(c2ccc(Nc3ncc4c(C)c(C(C)=O)c(=O)n(C5CCCC5)c4n3)nc2)CC1,[*:2]CC(=O)NC(C(=O)N1CC(O)CC1C(=O)NCc1ccc(-c2scnc2C)cc1)C(C)(C)C,[*:1]CCOCCOCCO[*:2]
CC(=O)c1c(C)c2cnc(Nc3ccc(N4CCN(CCCCCCOCCCCCOCCCCC(=O)NC(C(=O)N5CC(O)CC5C(=O)NCc5ccc(-c6scnc6C)cc5)C(C)(C)C)CC4)cn3)nc2n(C2CCCC2)c1=O,[*:1]N1CCN(c2ccc(Nc3ncc4c(C)c(C(C)=O)c(=O)n(C5CCCC5)c4n3)nc2)CC1,[*:2]CC(=O)NC(C(=O)N1CC(O)CC1C(=O)NCc1ccc(-c2scnc2C)cc1)C(C)(C)C,[*:1]CCCCCCOCCCCCOCCC[*:2]
CC(=O)c1c(C)c2cnc(Nc3ccc(N4CCN(CCCCCCCCOc5cc(-c6scnc6C)ccc5CNC(=O)C5CC(O)CN5C(=O)C(C(C)C)N5Cc6ccccc6C5=O)CC4)cn3)nc2n(C2CCCC2)c1=O,[*:1]N1CCN(c2ccc(Nc3ncc4c(C)c(C(C)=O)c(=O)n(C5CCCC5)c4n3)nc2)CC1,[*:2]Oc1cc(-c2scnc2C)ccc1CNC(=O)C1CC(O)CN1C(=O)C(C(C)C)N1Cc2ccccc2C1=O,[*:1]CCCCCCCC[*:2]
CC(=O)c1c(C)c2cnc(Nc3ccc(N4CCN(CCOCCOCCOc5cc(-c6scnc6C)ccc5CNC(=O)C5CC(O)CN5C(=O)C(C(C)C)N5Cc6ccccc6C5=O)CC4)cn3)nc2n(C2CCCC2)c1=O,[*:1]N1CCN(c2ccc(Nc3ncc4c(C)c(C(C)=O)c(=O)n(C5CCCC5)c4n3)nc2)CC1,[*:2]Oc1cc(-c2scnc2C)ccc1CNC(=O)C1CC(O)CN1C(=O)C(C(C)C)N1Cc2ccccc2C1=O,[*:1]CCOCCOCC[*:2]
CC(=O)c1c(C)c2cnc(Nc3ccc(N4CCN(CCOCCOCCOCCOc5cc(-c6scnc6C)ccc5CNC(=O)C5CC(O)CN5C(=O)C(C(C)C)N5Cc6ccccc6C5=O)CC4)cn3)nc2n(C2CCCC2)c1=O,[*:1]N1CCN(c2ccc(Nc3ncc4c(C)c(C(C)=O)c(=O)n(C5CCCC5)c4n3)nc2)CC1,[*:2]Oc1cc(-c2scnc2C)ccc1CNC(=O)C1CC(O)CN1C(=O)C(C(C)C)N1Cc2ccccc2C1=O,[*:1]CCOCCOCCOCC[*:2]
CC(=O)c1c(C)c2cnc(Nc3ccc(N4CCN(CCCCCCOCCCCCOCCCCCOc5cc(-c6scnc6C)ccc5CNC(=O)C5CC(O)CN5C(=O)C(C(C)C)N5Cc6ccccc6C5=O)CC4)cn3)nc2n(C2CCCC2)c1=O,[*:1]N1CCN(c2ccc(Nc3ncc4c(C)c(C(C)=O)c(=O)n(C5CCCC5)c4n3)nc2)CC1,[*:2]Oc1cc(-c2scnc2C)ccc1CNC(=O)C1CC(O)CN1C(=O)C(C(C)C)N1Cc2ccccc2C1=O,[*:1]CCCCCCOCCCCCOCCCCC[*:2]
CC(=O)c1c(C)c2cnc(Nc3ccc(N4CCN(CCOCCOCCOc5cc(-c6scnc6C)ccc5CNC(=O)C5CC(O)CN5C(=O)C(NC(=O)C5(C#N)CC5)C(C)(C)C)CC4)cn3)nc2n(C2CCCC2)c1=O,[*:1]N1CCN(c2ccc(Nc3ncc4c(C)c(C(C)=O)c(=O)n(C5CCCC5)c4n3)nc2)CC1,[*:2]c1cc(-c2scnc2C)ccc1CNC(=O)C1CC(O)CN1C(=O)C(NC(=O)C1(C#N)CC1)C(C)(C)C,[*:1]CCOCCOCCO[*:2]
CC(=O)c1c(C)c2cnc(Nc3ccc(N4CCN(CCOCCOCCOc5cc(-c6scnc6C)ccc5CNC(=O)C5CC(O)CN5C(=O)C(NC(=O)C5(F)CC5)C(C)(C)C)CC4)cn3)nc2n(C2CCCC2)c1=O,[*:1]N1CCN(c2ccc(Nc3ncc4c(C)c(C(C)=O)c(=O)n(C5CCCC5)c4n3)nc2)CC1,[*:2]Oc1cc(-c2scnc2C)ccc1CNC(=O)C1CC(O)CN1C(=O)C(NC(=O)C1(F)CC1)C(C)(C)C,[*:1]CCOCCOCC[*:2]
CNC(C)C(=O)NC(C(=O)N1CC(Oc2cccc(OCCOCCOCCOCCN3CCN(c4ccc(Nc5ncc6c(C)c(C(C)=O)c(=O)n(C7CCCC7)c6n5)nc4)CC3)c2)CC1C(=O)NC1CCCc2ccccc21)C1CCCCC1,[*:1]N1CCN(c2ccc(Nc3ncc4c(C)c(C(C)=O)c(=O)n(C5CCCC5)c4n3)nc2)CC1,[*:2]c1cccc(OC2CC(C(=O)NC3CCCc4ccccc43)N(C(=O)C(NC(=O)C(C)NC)C3CCCCC3)C2)c1,[*:1]CCOCCOCCOCCO[*:2]
COc1cc(C(=O)NCCOCCOCCOCCN2CCN(c3ccc(Nc4ncc5c(C)c(C(C)=O)c(=O)n(C6CCCC6)c5n4)nc3)CC2)ccc1NC(=O)C1NC(CC(C)(C)C)C(C#N)(c2ccc(Cl)cc2F)C1c1cccc(Cl)c1F,[*:1]N1CCN(c2ccc(Nc3ncc4c(C)c(C(C)=O)c(=O)n(C5CCCC5)c4n3)nc2)CC1,[*:2]NC(=O)c1ccc(NC(=O)C2NC(CC(C)(C)C)C(C#N)(c3ccc(Cl)cc3F)C2c2cccc(Cl)c2F)c(OC)c1,[*:1]CCOCCOCCOCC[*:2]
Cc1ncsc1-c1ccc(CNC(=O)C2CC(O)CN2C(=O)C(NC(=O)CCC(=O)NCCCCCCNc2nccc(-c3sc(C(C)(C)C)nc3-c3cccc(NS(=O)(=O)c4c(F)cccc4F)c3F)n2)C(C)(C)C)cc1,[*:1]Nc1nccc(-c2sc(C(C)(C)C)nc2-c2cccc(NS(=O)(=O)c3c(F)cccc3F)c2F)n1,[*:2]CC(=O)NC(C(=O)N1CC(O)CC1C(=O)NCc1ccc(-c2scnc2C)cc1)C(C)(C)C,[*:1]CCCCCCNC(=O)C[*:2]
CNC(C)C(=O)NC(C(=O)N1CCCC1c1nc(C(=O)c2ccc(F)cc2)cs1)C1CCN(CCCC(=O)N2CCCC(n3nc(-c4ccc(Oc5ccc(F)cc5F)cc4)c(C(N)=O)c3N)C2)CC1,[*:1]CC(=O)N1CCCC(n2nc(-c3ccc(Oc4ccc(F)cc4F)cc3)c(C(N)=O)c2N)C1,[*:2]CN1CCC(C(NC(=O)C(C)NC)C(=O)N2CCCC2c2nc(C(=O)c3ccc(F)cc3)cs2)CC1,[*:1]C[*:2]
CN(CCCNC(=O)CNc1cccc2c1C(=O)N(C1CCC(=O)NC1=O)C2=O)C(C)(C)C=C(C#N)C(=O)N1CCCC(n2nc(-c3ccc(Oc4ccccc4)cc3)c3c(N)ncnc32)C1,[*:1]N1CCCC(n2nc(-c3ccc(Oc4ccccc4)cc3)c3c(N)ncnc32)C1,[*:2]Nc1cccc2c1C(=O)N(C1CCC(=O)NC1=O)C2=O,[*:1]C(=O)C(C#N)=CC(C)(C)N(C)CCCNC(=O)C[*:2]
CN(CCCCNC(=O)CNc1cccc2c1C(=O)N(C1CCC(=O)NC1=O)C2=O)C(C)(C)C=C(C#N)C(=O)N1CCCC(n2nc(-c3ccc(Oc4ccccc4)cc3)c3c(N)ncnc32)C1,[*:1]N1CCCC(n2nc(-c3ccc(Oc4ccccc4)cc3)c3c(N)ncnc32)C1,[*:2]Nc1cccc2c1C(=O)N(C1CCC(=O)NC1=O)C2=O,[*:1]C(=O)C(C#N)=CC(C)(C)N(C)CCCCNC(=O)C[*:2]
CN(CCOCCNC(=O)CNc1cccc2c1C(=O)N(C1CCC(=O)NC1=O)C2=O)C(C)(C)C=C(C#N)C(=O)N1CCCC(n2nc(-c3ccc(Oc4ccccc4)cc3)c3c(N)ncnc32)C1,[*:1]N1CCCC(n2nc(-c3ccc(Oc4ccccc4)cc3)c3c(N)ncnc32)C1,[*:2]Nc1cccc2c1C(=O)N(C1CCC(=O)NC1=O)C2=O,[*:1]C(=O)C(C#N)=CC(C)(C)N(C)CCOCCNC(=O)C[*:2]
CN(CCOCCOCCNC(=O)CNc1cccc2c1C(=O)N(C1CCC(=O)NC1=O)C2=O)C(C)(C)C=C(C#N)C(=O)N1CCCC(n2nc(-c3ccc(Oc4ccccc4)cc3)c3c(N)ncnc32)C1,[*:1]N1CCCC(n2nc(-c3ccc(Oc4ccccc4)cc3)c3c(N)ncnc32)C1,[*:2]Nc1cccc2c1C(=O)N(C1CCC(=O)NC1=O)C2=O,[*:1]C(=O)C(C#N)=CC(C)(C)N(C)CCOCCOCCNC(=O)C[*:2]
CN(CCOCCOCCOCCNC(=O)CNc1cccc2c1C(=O)N(C1CCC(=O)NC1=O)C2=O)C(C)(C)C=C(C#N)C(=O)N1CCCC(n2nc(-c3ccc(Oc4ccccc4)cc3)c3c(N)ncnc32)C1,[*:1]N1CCCC(n2nc(-c3ccc(Oc4ccccc4)cc3)c3c(N)ncnc32)C1,[*:2]Nc1cccc2c1C(=O)N(C1CCC(=O)NC1=O)C2=O,[*:1]C(=O)C(C#N)=CC(C)(C)N(C)CCOCCOCCOCCNC(=O)C[*:2]
CN(CCNC(=O)CNc1cccc2c1C(=O)N(C1CCC(=O)NC1=O)C2=O)C(C)(C)C=C(C#N)C(=O)N1CCCC(n2nc(-c3ccc(Oc4ccccc4)cc3)c3c(N)ncnc32)C1,[*:1]N1CCCC(n2nc(-c3ccc(Oc4ccccc4)cc3)c3c(N)ncnc32)C1,[*:2]Nc1cccc2c1C(=O)N(C1CCC(=O)NC1=O)C2=O,[*:1]C(=O)C(C#N)=CC(C)(C)N(C)CCNC(=O)C[*:2]
CN(CCCCNc1cccc2c1C(=O)N(C1CCC(=O)NC1=O)C2=O)C(C)(C)C=C(C#N)C(=O)N1CCCC(n2nc(-c3ccc(Oc4ccccc4)cc3)c3c(N)ncnc32)C1,[*:1]N1CCCC(n2nc(-c3ccc(Oc4ccccc4)cc3)c3c(N)ncnc32)C1,[*:2]Nc1cccc2c1C(=O)N(C1CCC(=O)NC1=O)C2=O,[*:1]C(=O)C(C#N)=CC(C)(C)N(C)CCCC[*:2]
CN(CCCNc1cccc2c1C(=O)N(C1CCC(=O)NC1=O)C2=O)C(C)(C)C=C(C#N)C(=O)N1CCCC(n2nc(-c3ccc(Oc4ccccc4)cc3)c3c(N)ncnc32)C1,[*:1]N1CCCC(n2nc(-c3ccc(Oc4ccccc4)cc3)c3c(N)ncnc32)C1,[*:2]Nc1cccc2c1C(=O)N(C1CCC(=O)NC1=O)C2=O,[*:1]C(=O)C(C#N)=CC(C)(C)N(C)CCC[*:2]
CN(CCCNC(=O)COc1cccc2c1C(=O)N(C1CCC(=O)NC1=O)C2=O)C(C)(C)C=C(C#N)C(=O)N1CCCC(n2nc(-c3ccc(Oc4ccccc4)cc3)c3c(N)ncnc32)C1,[*:1]N1CCCC(n2nc(-c3ccc(Oc4ccccc4)cc3)c3c(N)ncnc32)C1,[*:2]c1cccc2c1C(=O)N(C1CCC(=O)NC1=O)C2=O,[*:1]C(=O)C(C#N)=CC(C)(C)N(C)CCCNC(=O)CO[*:2]
CN(CC=CC(=O)N1CCCC(n2nc(-c3ccc(Oc4ccccc4)cc3)c3c(N)ncnc32)C1)CCCNC(=O)CNc1cccc2c1C(=O)N(C1CCC(=O)NC1=O)C2=O,[*:1]C=CC(=O)N1CCCC(n2nc(-c3ccc(Oc4ccccc4)cc3)c3c(N)ncnc32)C1,[*:2]Nc1cccc2c1C(=O)N(C1CCC(=O)NC1=O)C2=O,[*:1]CN(C)CCCNC(=O)C[*:2]
CN(CCCNC(=O)CNc1cccc2c1C(=O)N(C1CCC(=O)NC1=O)C2=O)CCCC(=O)N1CCCC(n2nc(-c3ccc(Oc4ccccc4)cc3)c3c(N)ncnc32)C1,[*:1]N1CCCC(n2nc(-c3ccc(Oc4ccccc4)cc3)c3c(N)ncnc32)C1,[*:2]Nc1cccc2c1C(=O)N(C1CCC(=O)NC1=O)C2=O,[*:1]C(=O)CCCN(C)CCCNC(=O)C[*:2]
CN(CC=CC(=O)N1CCCC(n2nc(-c3ccc(Oc4ccccc4)cc3)c3c(N)ncnc32)C1)CCOCCNC(=O)CNc1cccc2c1C(=O)N(C1CCC(=O)NC1=O)C2=O,[*:1]C=CC(=O)N1CCCC(n2nc(-c3ccc(Oc4ccccc4)cc3)c3c(N)ncnc32)C1,[*:2]Nc1cccc2c1C(=O)N(C1CCC(=O)NC1=O)C2=O,[*:1]CN(C)CCOCCNC(=O)C[*:2]
CN(CCCC(=O)N1CCCC(n2nc(-c3ccc(Oc4ccccc4)cc3)c3c(N)ncnc32)C1)CCOCCNC(=O)CNc1cccc2c1C(=O)N(C1CCC(=O)NC1=O)C2=O,[*:1]N1CCCC(n2nc(-c3ccc(Oc4ccccc4)cc3)c3c(N)ncnc32)C1,[*:2]Nc1cccc2c1C(=O)N(C1CCC(=O)NC1=O)C2=O,[*:1]C(=O)CCCN(C)CCOCCNC(=O)C[*:2]
CN(CCCNC(=O)CNc1cccc2c1C(=O)N(C1CCC(=O)NC1=O)C2=O)C(C)(C)CC(C#N)C(=O)N1CCCC(n2nc(-c3ccc(Oc4ccccc4)cc3)c3c(N)ncnc32)C1,[*:1]N1CCCC(n2nc(-c3ccc(Oc4ccccc4)cc3)c3c(N)ncnc32)C1,[*:2]Nc1cccc2c1C(=O)N(C1CCC(=O)NC1=O)C2=O,[*:1]C(=O)C(C#N)CC(C)(C)N(C)CCCNC(=O)C[*:2]
CN(CCCNC(=O)CNc1cccc2c1C(=O)N(C1CCC(=O)NC1=O)C2=O)C(C)(C)C=CC(=O)N1CCCC(n2nc(-c3ccc(Oc4ccccc4)cc3)c3c(N)ncnc32)C1,[*:1]C=CC(=O)N1CCCC(n2nc(-c3ccc(Oc4ccccc4)cc3)c3c(N)ncnc32)C1,[*:2]Nc1cccc2c1C(=O)N(C1CCC(=O)NC1=O)C2=O,[*:1]C(C)(C)N(C)CCCNC(=O)C[*:2]
CN(CC=CC(=O)N1CCCC(n2nc(-c3ccc(Oc4ccccc4)cc3)c3c(N)ncnc32)C1)CCOCCNC(=O)CNc1ccc2c(c1)C(=O)N(C1CCC(=O)NC1=O)C2=O,[*:1]C=CC(=O)N1CCCC(n2nc(-c3ccc(Oc4ccccc4)cc3)c3c(N)ncnc32)C1,[*:2]Nc1ccc2c(c1)C(=O)N(C1CCC(=O)NC1=O)C2=O,[*:1]CN(C)CCOCCNC(=O)C[*:2]
CN(CCCC(=O)N1CCCC(n2nc(-c3ccc(Oc4ccccc4)cc3)c3c(N)ncnc32)C1)CCOCCNC(=O)CNc1ccc2c(c1)C(=O)N(C1CCC(=O)NC1=O)C2=O,[*:1]N1CCCC(n2nc(-c3ccc(Oc4ccccc4)cc3)c3c(N)ncnc32)C1,[*:2]Nc1ccc2c(c1)C(=O)N(C1CCC(=O)NC1=O)C2=O,[*:1]C(=O)CCCN(C)CCOCCNC(=O)C[*:2]
CN(CCOCCNC(=O)CNc1ccc2c(c1)C(=O)N(C1CCC(=O)NC1=O)C2=O)C(C)(C)C=C(C#N)C(=O)N1CCCC(n2nc(-c3ccc(Oc4ccccc4)cc3)c3c(N)ncnc32)C1,[*:1]N1CCCC(n2nc(-c3ccc(Oc4ccccc4)cc3)c3c(N)ncnc32)C1,[*:2]Nc1ccc2c(c1)C(=O)N(C1CCC(=O)NC1=O)C2=O,[*:1]C(=O)C(C#N)=CC(C)(C)N(C)CCOCCNC(=O)C[*:2]
CCCNc1nc(Nc2ccc(C#N)cc2)ncc1C#CCCCNC(=O)C(C)N(C)C(=O)C=CCN(C)CCCNC(=O)CCNc1cccc2c1C(=O)N(C1CCC(=O)NC1=O)C2=O,[*:1]CN(C)CC=CC(=O)N(C)C(C)C(=O)NCCCC#Cc1cnc(Nc2ccc(C#N)cc2)nc1NCCC,[*:2]Nc1cccc2c1C(=O)N(C1CCC(=O)NC1=O)C2=O,[*:1]CCNC(=O)CC[*:2]
CCCNc1nc(Nc2ccc(C#N)cc2)ncc1C#CCCCNC(=O)C(C)N(C)C(=O)C(C#N)=CC(C)(C)N(C)CCCNC(=O)CCNc1cccc2c1C(=O)N(C1CCC(=O)NC1=O)C2=O,[*:1]CN(C)C(C)(C)C=C(C#N)C(=O)N(C)C(C)C(=O)NCCCC#Cc1cnc(Nc2ccc(C#N)cc2)nc1NCCC,[*:2]Nc1cccc2c1C(=O)N(C1CCC(=O)NC1=O)C2=O,[*:1]CCNC(=O)CC[*:2]
CC(C)CC(NC(=O)C(O)C(N)Cc1ccccc1)C(=O)NCCCCCC(=O)Nc1ccc(NC(=O)CCCCCCC(=O)NO)cc1,[*:1]c1ccc(NC(=O)CCCCCCC(=O)NO)cc1,[*:2]CNC(=O)C(CC(C)C)NC(=O)C(O)C(N)Cc1ccccc1,[*:1]NC(=O)CCCC[*:2]
CC(C)CC(NC(=O)C(O)C(N)Cc1ccccc1)C(=O)NCCOCCOCCNC(=O)c1cccc(C(=O)NO)c1,[*:1]CNC(=O)c1cccc(C(=O)NO)c1,[*:2]CNC(=O)C(CC(C)C)NC(=O)C(O)C(N)Cc1ccccc1,[*:1]COCCOC[*:2]
CC(C)CC(NC(=O)C(O)C(N)Cc1ccccc1)C(=O)NCCOCCOCC(=O)Nc1cccc(C(=O)NO)c1,[*:1]C(=O)NO,[*:2]CNC(=O)C(CC(C)C)NC(=O)C(O)C(N)Cc1ccccc1,[*:1]c1cccc(NC(=O)COCCOC[*:2])c1
Cc1ncsc1-c1ccc(CNC(=O)C2CC(O)CN2C(=O)C(NC(=O)C2(F)CC2)C(C)(C)C)c(OCCc2ccc(OCCN3CCN(c4cc(-c5ccccc5O)nnc4N)CC3)cc2)c1,[*:1]N1CCN(c2cc(-c3ccccc3O)nnc2N)CC1,[*:2]Oc1cc(-c2scnc2C)ccc1CNC(=O)C1CC(O)CN1C(=O)C(NC(=O)C1(F)CC1)C(C)(C)C,[*:1]CCOc1ccc(CC[*:2])cc1
Cc1ncsc1-c1ccc(CNC(=O)C2CC(O)CN2C(=O)C(NC(=O)C2(F)CC2)C(C)(C)C)c(OCCCOc2ccc(CN3CCN(c4cc(-c5ccccc5O)nnc4N)CC3)cc2)c1,[*:1]N1CCN(c2cc(-c3ccccc3O)nnc2N)CC1,[*:2]Oc1cc(-c2scnc2C)ccc1CNC(=O)C1CC(O)CN1C(=O)C(NC(=O)C1(F)CC1)C(C)(C)C,[*:1]Cc1ccc(OCCC[*:2])cc1
Cc1ncsc1-c1ccc(CNC(=O)C2CC(O)CN2C(=O)C(NC(=O)C2(F)CC2)C(C)(C)C)c(OCCCc2ccc(CN3CCN(c4cc(-c5ccccc5O)nnc4N)CC3)cc2)c1,[*:1]N1CCN(c2cc(-c3ccccc3O)nnc2N)CC1,[*:2]Oc1cc(-c2scnc2C)ccc1CNC(=O)C1CC(O)CN1C(=O)C(NC(=O)C1(F)CC1)C(C)(C)C,[*:1]Cc1ccc(CCC[*:2])cc1
Cc1ncsc1-c1ccc(CNC(=O)C2CC(O)CN2C(=O)C(NC(=O)C2(F)CC2)C(C)(C)C)c(OCCc2ccc(CN3CCN(c4cc(-c5ccccc5O)nnc4N)CC3)c(F)c2)c1,[*:1]N1CCN(c2cc(-c3ccccc3O)nnc2N)CC1,[*:2]Oc1cc(-c2scnc2C)ccc1CNC(=O)C1CC(O)CN1C(=O)C(NC(=O)C1(F)CC1)C(C)(C)C,[*:1]Cc1ccc(CC[*:2])cc1F
Cc1ncsc1-c1ccc(C(C)NC(=O)C2CC(O)CN2C(=O)C(NC(=O)CCCCCCCC(=O)NCCCNc2cc(Nc3cc(C4CC4)[nH]n3)nc(Nc3ccc(CC#N)cc3)n2)C(C)(C)C)cc1,[*:1]CNc1cc(Nc2cc(C3CC3)[nH]n2)nc(Nc2ccc(CC#N)cc2)n1,[*:2]CC(=O)NC(C(=O)N1CC(O)CC1C(=O)NC(C)c1ccc(-c2scnc2C)cc1)C(C)(C)C,[*:1]CCNC(=O)CCCCCC[*:2]
Cc1ncsc1-c1ccc(C(C)NC(=O)C2CC(O)CN2C(=O)C(NC(=O)CCCCCN2CCc3cc(Nc4ncc(C5CC5)c(NCCCNC(=O)C5CCC5)n4)ccc3C2)C(C)(C)C)cc1,[*:1]CN1CCc2cc(Nc3ncc(C4CC4)c(NCCCNC(=O)C4CCC4)n3)ccc2C1,[*:2]CC(=O)NC(C(=O)N1CC(O)CC1C(=O)NC(C)c1ccc(-c2scnc2C)cc1)C(C)(C)C,[*:1]CCC[*:2]
Cc1ccc(NC(=O)c2cccc(C(C)(C)C#N)c2)cc1Nc1ccc2ncn(CCOCCOCCC(=O)NC(C(=O)N3CC(O)CC3C(=O)NCc3ccc(-c4scnc4C)cc3)C(C)(C)C)c(=O)c2c1,[*:1]Cn1cnc2ccc(Nc3cc(NC(=O)c4cccc(C(C)(C)C#N)c4)ccc3C)cc2c1=O,[*:2]CC(=O)NC(C(=O)N1CC(O)CC1C(=O)NCc1ccc(-c2scnc2C)cc1)C(C)(C)C,[*:1]COCCOC[*:2]
Nc1ncnc2c1c(-c1ccc(Oc3ccccc3)cc1)nn2C1CCCN(C(=O)CCCN2CCN(CCNC(=O)CCOCCOCCNc3cccc4c3C(=O)N(C3CCC(=O)NC3=O)C4=O)CC2)C1,[*:1]N1CCCC(n2nc(-c3ccc(Oc4ccccc4)cc3)c3c(N)ncnc32)C1,[*:2]Nc1cccc2c1C(=O)N(C1CCC(=O)NC1=O)C2=O,[*:1]C(=O)CCCN1CCN(CCNC(=O)CCOCCOCC[*:2])CC1
Cc1ncsc1-c1ccc(C(C)NC(=O)C2CC(O)CN2C(=O)C(NC(=O)CCOCCOCCNc2nccc(-c3sc(C(C)(C)C)nc3-c3cccc(NS(=O)(=O)c4c(F)cccc4F)c3F)n2)C(C)(C)C)cc1,[*:1]Nc1nccc(-c2sc(C(C)(C)C)nc2-c2cccc(NS(=O)(=O)c3c(F)cccc3F)c2F)n1,[*:2]CC(=O)NC(C(=O)N1CC(O)CC1C(=O)NC(C)c1ccc(-c2scnc2C)cc1)C(C)(C)C,[*:1]CCOCCOC[*:2]
Cc1ncsc1-c1ccc(C(C)NC(=O)C2CC(O)CN2C(=O)C(NC(=O)COCCOCCOCCNC(=O)c2ccc(NC(=O)C3(C(=O)Nc4cc(F)c(Oc5ccnc(-c6cnn(C)c6)c5)cc4F)CC3)cc2)C(C)(C)C)cc1,[*:1]c1ccc(NC(=O)C2(C(=O)Nc3cc(F)c(Oc4ccnc(-c5cnn(C)c5)c4)cc3F)CC2)cc1,[*:2]CC(=O)NC(C(=O)N1CC(O)CC1C(=O)NC(C)c1ccc(-c2scnc2C)cc1)C(C)(C)C,[*:1]C(=O)NCCOCCOCCO[*:2]
COc1cc(N2CCN(CCOCCOCCC(=O)NC(C(=O)N3CC(O)CC3C(=O)NC(C)c3ccc(-c4scnc4C)cc3)C(C)(C)C)CC2)ccc1Nc1ncc2c(n1)N(C)c1ccccc1C(=O)N2CC(F)(F)F,[*:1]CN1CCN(c2ccc(Nc3ncc4c(n3)N(C)c3ccccc3C(=O)N4CC(F)(F)F)c(OC)c2)CC1,[*:2]CC(=O)NC(C(=O)N1CC(O)CC1C(=O)NC(C)c1ccc(-c2scnc2C)cc1)C(C)(C)C,[*:1]COCCOC[*:2]
Cc1ncsc1-c1ccc(C(C)NC(=O)C2CC(O)CN2C(=O)C(NC(=O)CCOCCOCCN2CCN(c3ccc(Nc4ncc(Cl)c(Nc5ccccc5S(=O)(=O)C(C)C)n4)cc3)CC2)C(C)(C)C)cc1,[*:1]CN1CCN(c2ccc(Nc3ncc(Cl)c(Nc4ccccc4S(=O)(=O)C(C)C)n3)cc2)CC1,[*:2]CC(=O)NC(C(=O)N1CC(O)CC1C(=O)NC(C)c1ccc(-c2scnc2C)cc1)C(C)(C)C,[*:1]COCCOC[*:2]
Cc1ncsc1-c1ccc(C(C)NC(=O)C2CC(O)CN2C(=O)C(NC(=O)CCCCCCCCCOc2cccc(-c3ccc4nc(-c5cccnc5N)n(-c5ccc(CN)cc5)c4n3)c2)C(C)(C)C)cc1,[*:1]c1cccc(-c2ccc3nc(-c4cccnc4N)n(-c4ccc(CN)cc4)c3n2)c1,[*:2]CC(=O)NC(C(=O)N1CC(O)CC1C(=O)NC(C)c1ccc(-c2scnc2C)cc1)C(C)(C)C,[*:1]OCCCCCCCC[*:2]
Cc1ncsc1-c1ccc(C(C)NC(=O)C2CC(O)CN2C(=O)C(NC(=O)CCOCCOCCNCC(Cc2cccc(F)c2)NC(=O)c2cc(-c3c(Cl)cnn3C)c(Cl)s2)C(C)(C)C)cc1,[*:1]NCC(Cc1cccc(F)c1)NC(=O)c1cc(-c2c(Cl)cnn2C)c(Cl)s1,[*:2]CC(=O)NC(C(=O)N1CC(O)CC1C(=O)NC(C)c1ccc(-c2scnc2C)cc1)C(C)(C)C,[*:1]CCOCCOC[*:2]
Cc1ncsc1-c1ccc(C(C)NC(=O)C2CC(O)CN2C(=O)C(NC(=O)CCCCOc2ccccc2-c2ccc3nc(-c4cccnc4N)n(-c4ccc(C5(N)CCC5)cc4)c3n2)C(C)(C)C)cc1,[*:1]c1ccccc1-c1ccc2nc(-c3cccnc3N)n(-c3ccc(C4(N)CCC4)cc3)c2n1,[*:2]CC(=O)NC(C(=O)N1CC(O)CC1C(=O)NC(C)c1ccc(-c2scnc2C)cc1)C(C)(C)C,[*:1]OCCC[*:2]
Cc1cnc(Nc2ccc(N3CCN(CCOCCOCCC(=O)NC(C(=O)N4CC(O)CC4C(=O)NC(C)c4ccc(-c5scnc5C)cc4)C(C)(C)C)CC3)cc2)nc1Nc1cccc(S(=O)(=O)NC(C)(C)C)c1,[*:1]CN1CCN(c2ccc(Nc3ncc(C)c(Nc4cccc(S(=O)(=O)NC(C)(C)C)c4)n3)cc2)CC1,[*:2]CC(=O)NC(C(=O)N1CC(O)CC1C(=O)NC(C)c1ccc(-c2scnc2C)cc1)C(C)(C)C,[*:1]COCCOC[*:2]
Cc1cnc(Nc2ccc(N3CCN(CCCCCCC(=O)NC(C(=O)N4CC(O)CC4C(=O)NC(C)c4ccc(-c5scnc5C)cc4)C(C)(C)C)CC3)cc2)nc1Nc1cccc(S(=O)(=O)NC(C)(C)C)c1,[*:1]CN1CCN(c2ccc(Nc3ncc(C)c(Nc4cccc(S(=O)(=O)NC(C)(C)C)c4)n3)cc2)CC1,[*:2]CC(=O)NC(C(=O)N1CC(O)CC1C(=O)NC(C)c1ccc(-c2scnc2C)cc1)C(C)(C)C,[*:1]CCCC[*:2]
Cc1ncsc1-c1ccc(C(C)NC(=O)C2CC(O)CN2C(=O)C(NC(=O)CCCCCCN2CCN(c3cccc(Nc4nc5c(-c6ccc(S(C)(=O)=O)cc6)cccn5n4)c3)CC2)C(C)(C)C)cc1,[*:1]N1CCN(c2cccc(Nc3nc4c(-c5ccc(S(C)(=O)=O)cc5)cccn4n3)c2)CC1,[*:2]CC(=O)NC(C(=O)N1CC(O)CC1C(=O)NC(C)c1ccc(-c2scnc2C)cc1)C(C)(C)C,[*:1]CCCCC[*:2]
Cc1ncsc1-c1ccc(C(C)NC(=O)C2CC(O)CN2C(=O)C(NC(=O)CCCCCN2CCN(c3ccc(Nc4ncc5scc(-c6cccc(NS(C)(=O)=O)c6)c5n4)cc3)CC2)C(C)(C)C)cc1,[*:1]CCN1CCN(c2ccc(Nc3ncc4scc(-c5cccc(NS(C)(=O)=O)c5)c4n3)cc2)CC1,[*:2]CC(=O)NC(C(=O)N1CC(O)CC1C(=O)NC(C)c1ccc(-c2scnc2C)cc1)C(C)(C)C,[*:1]CC[*:2]
Cc1ncsc1-c1ccc(CNC(=O)C2CC(O)CN2C(=O)C(NC(=O)CCOCCOCCOCCN2CCC(C(=O)Nc3ncc(SCc4ncc(C(C)(C)C)o4)s3)CC2)C(C)(C)C)cc1,[*:1]N1CCC(C(=O)Nc2ncc(SCc3ncc(C(C)(C)C)o3)s2)CC1,[*:2]CC(=O)NC(C(=O)N1CC(O)CC1C(=O)NCc1ccc(-c2scnc2C)cc1)C(C)(C)C,[*:1]CCOCCOCCOC[*:2]
CC(C)S(=O)(=O)c1ccccc1Nc1nc(NC2CCCN(CCCCCCCNC(=O)COc3cccc4c3C(=O)N(C3CCC(=O)NC3=O)C4=O)C2)ncc1Cl,[*:1]N1CCCC(Nc2ncc(Cl)c(Nc3ccccc3S(=O)(=O)C(C)C)n2)C1,[*:2]c1cccc2c1C(=O)N(C1CCC(=O)NC1=O)C2=O,[*:1]CCCCCCCNC(=O)CO[*:2]
CC1(C)C(NC(=O)c2ccc(OCC(=O)NCCCOCCOCCOCCCN(C(=O)CCl)C(C(=O)NCc3ccccc3)c3ccc(Cl)c(Cl)c3)cc2)C(C)(C)C1Oc1ccc(C#N)c(Cl)c1,[*:1]c1ccc(C(=O)NC2C(C)(C)C(Oc3ccc(C#N)c(Cl)c3)C2(C)C)cc1,[*:2]N(C(=O)CCl)C(C(=O)NCc1ccccc1)c1ccc(Cl)c(Cl)c1,[*:1]OCC(=O)NCCCOCCOCCOCCC[*:2]
Cc1ncsc1-c1ccc(CNC(=O)C2CC(O)CN2C(=O)C(NC(=O)CCOCCOc2ccc(-c3cn4c(n3)CCC4)cc2CNC(=O)Cc2ccc(Cl)c(Cl)c2)C(C)(C)C)cc1,[*:1]c1ccc(-c2cn3c(n2)CCC3)cc1CNC(=O)Cc1ccc(Cl)c(Cl)c1,[*:2]CC(=O)NC(C(=O)N1CC(O)CC1C(=O)NCc1ccc(-c2scnc2C)cc1)C(C)(C)C,[*:1]OCCOC[*:2]
Cc1ncsc1-c1ccc(CNC(=O)C2CC(O)CN2C(=O)C(NC(=O)CCOCCOCCOc2ccc(-c3cn4c(n3)CCC4)cc2CNC(=O)Cc2ccc(Cl)c(Cl)c2)C(C)(C)C)cc1,[*:1]c1ccc(-c2cn3c(n2)CCC3)cc1CNC(=O)Cc1ccc(Cl)c(Cl)c1,[*:2]CC(=O)NC(C(=O)N1CC(O)CC1C(=O)NCc1ccc(-c2scnc2C)cc1)C(C)(C)C,[*:1]OCCOCCOC[*:2]
Cc1ncsc1-c1ccc(CNC(=O)C2CC(O)CN2C(=O)C(NC(=O)CCOCCOCCOCCOc2ccc(-c3cn4c(n3)CCC4)cc2CNC(=O)Cc2ccc(Cl)c(Cl)c2)C(C)(C)C)cc1,[*:1]c1ccc(-c2cn3c(n2)CCC3)cc1CNC(=O)Cc1ccc(Cl)c(Cl)c1,[*:2]CC(=O)NC(C(=O)N1CC(O)CC1C(=O)NCc1ccc(-c2scnc2C)cc1)C(C)(C)C,[*:1]OCCOCCOCCOC[*:2]
Cc1ncsc1-c1ccc(CNC(=O)C2CC(O)CN2C(=O)C(NC(=O)CCOCCOCCOCCOCCOc2ccc(-c3cn4c(n3)CCC4)cc2CNC(=O)Cc2ccc(Cl)c(Cl)c2)C(C)(C)C)cc1,[*:1]c1ccc(-c2cn3c(n2)CCC3)cc1CNC(=O)Cc1ccc(Cl)c(Cl)c1,[*:2]CC(=O)NC(C(=O)N1CC(O)CC1C(=O)NCc1ccc(-c2scnc2C)cc1)C(C)(C)C,[*:1]OCCOCCOCCOCCOC[*:2]
Cc1ncsc1-c1ccc(CNC(=O)C2CC(O)CN2C(=O)C(NC(=O)CCOCCOCCOCCOCCOCCOc2ccc(-c3cn4c(n3)CCC4)cc2CNC(=O)Cc2ccc(Cl)c(Cl)c2)C(C)(C)C)cc1,[*:1]c1ccc(-c2cn3c(n2)CCC3)cc1CNC(=O)Cc1ccc(Cl)c(Cl)c1,[*:2]CC(=O)NC(C(=O)N1CC(O)CC1C(=O)NCc1ccc(-c2scnc2C)cc1)C(C)(C)C,[*:1]OCCOCCOCCOCCOCCOC[*:2]
Cc1ncsc1-c1ccc(CNC(=O)C2CC(O)CN2C(=O)C(NC(=O)CCOCCOCCOCCOCCOCCOCCOc2ccc(-c3cn4c(n3)CCC4)cc2CNC(=O)Cc2ccc(Cl)c(Cl)c2)C(C)(C)C)cc1,[*:1]c1ccc(-c2cn3c(n2)CCC3)cc1CNC(=O)Cc1ccc(Cl)c(Cl)c1,[*:2]CC(=O)NC(C(=O)N1CC(O)CC1C(=O)NCc1ccc(-c2scnc2C)cc1)C(C)(C)C,[*:1]OCCOCCOCCOCCOCCOCCOC[*:2]
Cc1ncsc1-c1ccc(CNC(=O)C2CC(O)CN2C(=O)C(NC(=O)CCOCCOCCOCCOCCOCCOCCOCCOc2ccc(-c3cn4c(n3)CCC4)cc2CNC(=O)Cc2ccc(Cl)c(Cl)c2)C(C)(C)C)cc1,[*:1]c1ccc(-c2cn3c(n2)CCC3)cc1CNC(=O)Cc1ccc(Cl)c(Cl)c1,[*:2]CC(=O)NC(C(=O)N1CC(O)CC1C(=O)NCc1ccc(-c2scnc2C)cc1)C(C)(C)C,[*:1]OCCOCCOCCOCCOCCOCCOCCOC[*:2]
CC1(C)C(NC(=O)c2ccc(NCCCNc3ccc4c(c3)C(=O)N(C3CCC(=O)NC3=O)C4=O)cc2)C(C)(C)C1Oc1ccc(C#N)c(Cl)c1,[*:1]c1ccc(C(=O)NC2C(C)(C)C(Oc3ccc(C#N)c(Cl)c3)C2(C)C)cc1,[*:2]Nc1ccc2c(c1)C(=O)N(C1CCC(=O)NC1=O)C2=O,[*:1]NCCC[*:2]
CC1(C)C(NC(=O)c2ccc(NCCCCNc3ccc4c(c3)C(=O)N(C3CCC(=O)NC3=O)C4=O)cc2)C(C)(C)C1Oc1ccc(C#N)c(Cl)c1,[*:1]c1ccc(C(=O)NC2C(C)(C)C(Oc3ccc(C#N)c(Cl)c3)C2(C)C)cc1,[*:2]Nc1ccc2c(c1)C(=O)N(C1CCC(=O)NC1=O)C2=O,[*:1]NCCCC[*:2]
CC1(C)C(NC(=O)c2ccc(NCCCCCNc3ccc4c(c3)C(=O)N(C3CCC(=O)NC3=O)C4=O)cc2)C(C)(C)C1Oc1ccc(C#N)c(Cl)c1,[*:1]c1ccc(C(=O)NC2C(C)(C)C(Oc3ccc(C#N)c(Cl)c3)C2(C)C)cc1,[*:2]Nc1ccc2c(c1)C(=O)N(C1CCC(=O)NC1=O)C2=O,[*:1]NCCCCC[*:2]
CC1(C)C(NC(=O)c2ccc(NCCCCCCNc3ccc4c(c3)C(=O)N(C3CCC(=O)NC3=O)C4=O)cc2)C(C)(C)C1Oc1ccc(C#N)c(Cl)c1,[*:1]c1ccc(C(=O)NC2C(C)(C)C(Oc3ccc(C#N)c(Cl)c3)C2(C)C)cc1,[*:2]Nc1ccc2c(c1)C(=O)N(C1CCC(=O)NC1=O)C2=O,[*:1]NCCCCCC[*:2]
CC1(C)C(NC(=O)c2ccc(NCCCCCCCNc3ccc4c(c3)C(=O)N(C3CCC(=O)NC3=O)C4=O)cc2)C(C)(C)C1Oc1ccc(C#N)c(Cl)c1,[*:1]c1ccc(C(=O)NC2C(C)(C)C(Oc3ccc(C#N)c(Cl)c3)C2(C)C)cc1,[*:2]Nc1ccc2c(c1)C(=O)N(C1CCC(=O)NC1=O)C2=O,[*:1]NCCCCCCC[*:2]
CC1(C)C(NC(=O)c2ccc(NCCCCCCCCNc3ccc4c(c3)C(=O)N(C3CCC(=O)NC3=O)C4=O)cc2)C(C)(C)C1Oc1ccc(C#N)c(Cl)c1,[*:1]c1ccc(C(=O)NC2C(C)(C)C(Oc3ccc(C#N)c(Cl)c3)C2(C)C)cc1,[*:2]Nc1ccc2c(c1)C(=O)N(C1CCC(=O)NC1=O)C2=O,[*:1]NCCCCCCCC[*:2]
CC1(C)C(NC(=O)c2ccc(N3CCN(CCNc4ccc5c(c4)C(=O)N(C4CCC(=O)NC4=O)C5=O)CC3)cc2)C(C)(C)C1Oc1ccc(C#N)c(Cl)c1,[*:1]c1ccc(C(=O)NC2C(C)(C)C(Oc3ccc(C#N)c(Cl)c3)C2(C)C)cc1,[*:2]Nc1ccc2c(c1)C(=O)N(C1CCC(=O)NC1=O)C2=O,[*:1]N1CCN(CC[*:2])CC1
CC1(C)C(NC(=O)c2ccc(N3CCN(CCCNc4ccc5c(c4)C(=O)N(C4CCC(=O)NC4=O)C5=O)CC3)cc2)C(C)(C)C1Oc1ccc(C#N)c(Cl)c1,[*:1]c1ccc(C(=O)NC2C(C)(C)C(Oc3ccc(C#N)c(Cl)c3)C2(C)C)cc1,[*:2]Nc1ccc2c(c1)C(=O)N(C1CCC(=O)NC1=O)C2=O,[*:1]N1CCN(CCC[*:2])CC1
CC1(C)C(NC(=O)c2ccc(N3CCN(CCCCNc4ccc5c(c4)C(=O)N(C4CCC(=O)NC4=O)C5=O)CC3)cc2)C(C)(C)C1Oc1ccc(C#N)c(Cl)c1,[*:1]c1ccc(C(=O)NC2C(C)(C)C(Oc3ccc(C#N)c(Cl)c3)C2(C)C)cc1,[*:2]Nc1ccc2c(c1)C(=O)N(C1CCC(=O)NC1=O)C2=O,[*:1]N1CCN(CCCC[*:2])CC1
CC1(C)C(NC(=O)c2ccc(N3CCN(CCCCCNc4ccc5c(c4)C(=O)N(C4CCC(=O)NC4=O)C5=O)CC3)cc2)C(C)(C)C1Oc1ccc(C#N)c(Cl)c1,[*:1]c1ccc(C(=O)NC2C(C)(C)C(Oc3ccc(C#N)c(Cl)c3)C2(C)C)cc1,[*:2]Nc1ccc2c(c1)C(=O)N(C1CCC(=O)NC1=O)C2=O,[*:1]N1CCN(CCCCC[*:2])CC1
CC1(C)C(NC(=O)c2ccc(NCCCCCNc3cccc4c3C(=O)N(C3CCC(=O)NC3=O)C4=O)cc2)C(C)(C)C1Oc1ccc(C#N)c(Cl)c1,[*:1]c1ccc(C(=O)NC2C(C)(C)C(Oc3ccc(C#N)c(Cl)c3)C2(C)C)cc1,[*:2]Nc1cccc2c1C(=O)N(C1CCC(=O)NC1=O)C2=O,[*:1]NCCCCC[*:2]
CC1(C)C(NC(=O)c2ccc(NCCCCCCNc3cccc4c3C(=O)N(C3CCC(=O)NC3=O)C4=O)cc2)C(C)(C)C1Oc1ccc(C#N)c(Cl)c1,[*:1]c1ccc(C(=O)NC2C(C)(C)C(Oc3ccc(C#N)c(Cl)c3)C2(C)C)cc1,[*:2]Nc1cccc2c1C(=O)N(C1CCC(=O)NC1=O)C2=O,[*:1]NCCCCCC[*:2]
CC1(C)C(NC(=O)c2ccc(N3CCN(CCNc4cccc5c4C(=O)N(C4CCC(=O)NC4=O)C5=O)CC3)cc2)C(C)(C)C1Oc1ccc(C#N)c(Cl)c1,[*:1]c1ccc(C(=O)NC2C(C)(C)C(Oc3ccc(C#N)c(Cl)c3)C2(C)C)cc1,[*:2]Nc1cccc2c1C(=O)N(C1CCC(=O)NC1=O)C2=O,[*:1]N1CCN(CC[*:2])CC1
CC1(C)C(NC(=O)c2ccc(N3CCN(CCCNc4cccc5c4C(=O)N(C4CCC(=O)NC4=O)C5=O)CC3)cc2)C(C)(C)C1Oc1ccc(C#N)c(Cl)c1,[*:1]c1ccc(C(=O)NC2C(C)(C)C(Oc3ccc(C#N)c(Cl)c3)C2(C)C)cc1,[*:2]Nc1cccc2c1C(=O)N(C1CCC(=O)NC1=O)C2=O,[*:1]N1CCN(CCC[*:2])CC1
CC1(C)C(NC(=O)c2ccc(N3CCN(CCCCCNc4cccc5c4C(=O)N(C4CCC(=O)NC4=O)C5=O)CC3)cc2)C(C)(C)C1Oc1ccc(C#N)c(Cl)c1,[*:1]c1ccc(C(=O)NC2C(C)(C)C(Oc3ccc(C#N)c(Cl)c3)C2(C)C)cc1,[*:2]Nc1cccc2c1C(=O)N(C1CCC(=O)NC1=O)C2=O,[*:1]N1CCN(CCCCC[*:2])CC1
CC1(C)C(NC(=O)c2ccc(N3CCN(C4CN(c5ccc6c(c5)C(=O)N(C5CCC(=O)NC5=O)C6=O)C4)CC3)cc2)C(C)(C)C1Oc1ccc(C#N)c(Cl)c1,[*:1]c1ccc(C(=O)NC2C(C)(C)C(Oc3ccc(C#N)c(Cl)c3)C2(C)C)cc1,[*:2]c1ccc2c(c1)C(=O)N(C1CCC(=O)NC1=O)C2=O,[*:1]N1CCN(C2CN([*:2])C2)CC1
CC1(C)C(NC(=O)c2ccc(N3CCN(CC4CN(c5ccc6c(c5)C(=O)N(C5CCC(=O)NC5=O)C6=O)C4)CC3)cc2)C(C)(C)C1Oc1ccc(C#N)c(Cl)c1,[*:1]c1ccc(C(=O)NC2C(C)(C)C(Oc3ccc(C#N)c(Cl)c3)C2(C)C)cc1,[*:2]c1ccc2c(c1)C(=O)N(C1CCC(=O)NC1=O)C2=O,[*:1]N1CCN(CC2CN([*:2])C2)CC1
CC1(C)C(NC(=O)c2ccc(N3CCN(C4CCN(c5ccc6c(c5)C(=O)N(C5CCC(=O)NC5=O)C6=O)CC4)CC3)cc2)C(C)(C)C1Oc1ccc(C#N)c(Cl)c1,[*:1]c1ccc(C(=O)NC2C(C)(C)C(Oc3ccc(C#N)c(Cl)c3)C2(C)C)cc1,[*:2]c1ccc2c(c1)C(=O)N(C1CCC(=O)NC1=O)C2=O,[*:1]N1CCN(C2CCN([*:2])CC2)CC1
CC1(C)C(NC(=O)c2ccc(N3CCN(CC4CCN(c5ccc6c(c5)C(=O)N(C5CCC(=O)NC5=O)C6=O)CC4)CC3)cc2)C(C)(C)C1Oc1ccc(C#N)c(Cl)c1,[*:1]c1ccc(C(=O)NC2C(C)(C)C(Oc3ccc(C#N)c(Cl)c3)C2(C)C)cc1,[*:2]c1ccc2c(c1)C(=O)N(C1CCC(=O)NC1=O)C2=O,[*:1]N1CCN(CC2CCN([*:2])CC2)CC1
CC1(C)C(NC(=O)c2ccc(C(=O)N3CCN(C4CN(c5ccc6c(c5)C(=O)N(C5CCC(=O)NC5=O)C6=O)C4)CC3)cc2)C(C)(C)C1Oc1ccc(C#N)c(Cl)c1,[*:1]c1ccc(C(=O)NC2C(C)(C)C(Oc3ccc(C#N)c(Cl)c3)C2(C)C)cc1,[*:2]c1ccc2c(c1)C(=O)N(C1CCC(=O)NC1=O)C2=O,[*:1]C(=O)N1CCN(C2CN([*:2])C2)CC1
CC1(C)C(NC(=O)c2ccc(C(=O)N3CCN(CC4CN(c5ccc6c(c5)C(=O)N(C5CCC(=O)NC5=O)C6=O)C4)CC3)cc2)C(C)(C)C1Oc1ccc(C#N)c(Cl)c1,[*:1]c1ccc(C(=O)NC2C(C)(C)C(Oc3ccc(C#N)c(Cl)c3)C2(C)C)cc1,[*:2]c1ccc2c(c1)C(=O)N(C1CCC(=O)NC1=O)C2=O,[*:1]C(=O)N1CCN(CC2CN([*:2])C2)CC1
CC1(C)C(NC(=O)c2ccc(C(=O)N3CCN(C4CCN(c5ccc6c(c5)C(=O)N(C5CCC(=O)NC5=O)C6=O)CC4)CC3)cc2)C(C)(C)C1Oc1ccc(C#N)c(Cl)c1,[*:1]c1ccc(C(=O)NC2C(C)(C)C(Oc3ccc(C#N)c(Cl)c3)C2(C)C)cc1,[*:2]c1ccc2c(c1)C(=O)N(C1CCC(=O)NC1=O)C2=O,[*:1]C(=O)N1CCN(C2CCN([*:2])CC2)CC1
CC1(C)C(NC(=O)c2ccc(C(=O)N3CCN(CC4CCN(c5ccc6c(c5)C(=O)N(C5CCC(=O)NC5=O)C6=O)CC4)CC3)cc2)C(C)(C)C1Oc1ccc(C#N)c(Cl)c1,[*:1]c1ccc(C(=O)NC2C(C)(C)C(Oc3ccc(C#N)c(Cl)c3)C2(C)C)cc1,[*:2]c1ccc2c(c1)C(=O)N(C1CCC(=O)NC1=O)C2=O,[*:1]C(=O)N1CCN(CC2CCN([*:2])CC2)CC1
CC1(C)C(NC(=O)c2ccc(N3CCC(N4CCN(c5ccc6c(c5)C(=O)N(C5CCC(=O)NC5=O)C6=O)CC4)CC3)cc2)C(C)(C)C1Oc1ccc(C#N)c(Cl)c1,[*:1]c1ccc(C(=O)NC2C(C)(C)C(Oc3ccc(C#N)c(Cl)c3)C2(C)C)cc1,[*:2]c1ccc2c(c1)C(=O)N(C1CCC(=O)NC1=O)C2=O,[*:1]N1CCC(N2CCN([*:2])CC2)CC1
CC1(C)C(NC(=O)c2ccc(N3CCC(CN4CCN(c5ccc6c(c5)C(=O)N(C5CCC(=O)NC5=O)C6=O)CC4)CC3)cc2)C(C)(C)C1Oc1ccc(C#N)c(Cl)c1,[*:1]c1ccc(C(=O)NC2C(C)(C)C(Oc3ccc(C#N)c(Cl)c3)C2(C)C)cc1,[*:2]c1ccc2c(c1)C(=O)N(C1CCC(=O)NC1=O)C2=O,[*:1]N1CCC(CN2CCN([*:2])CC2)CC1
CC1(C)C(NC(=O)c2ccc(N3CCN(C4CC5(C4)CN(c4ccc6c(c4)C(=O)N(C4CCC(=O)NC4=O)C6=O)C5)CC3)cc2)C(C)(C)C1Oc1ccc(C#N)c(Cl)c1,[*:1]c1ccc(C(=O)NC2C(C)(C)C(Oc3ccc(C#N)c(Cl)c3)C2(C)C)cc1,[*:2]c1ccc2c(c1)C(=O)N(C1CCC(=O)NC1=O)C2=O,[*:1]N1CCN(C2CC3(C2)CN([*:2])C3)CC1
CC1(C)C(NC(=O)c2ccc(N3CCN(CC4CC5(C4)CN(c4ccc6c(c4)C(=O)N(C4CCC(=O)NC4=O)C6=O)C5)CC3)cc2)C(C)(C)C1Oc1ccc(C#N)c(Cl)c1,[*:1]c1ccc(C(=O)NC2C(C)(C)C(Oc3ccc(C#N)c(Cl)c3)C2(C)C)cc1,[*:2]c1ccc2c(c1)C(=O)N(C1CCC(=O)NC1=O)C2=O,[*:1]N1CCN(CC2CC3(C2)CN([*:2])C3)CC1
CC1(C)C(NC(=O)c2ccc(N3CCN(C4CC5(CCN(c6ccc7c(c6)C(=O)N(C6CCC(=O)NC6=O)C7=O)C5)C4)CC3)cc2)C(C)(C)C1Oc1ccc(C#N)c(Cl)c1,[*:1]c1ccc(C(=O)NC2C(C)(C)C(Oc3ccc(C#N)c(Cl)c3)C2(C)C)cc1,[*:2]c1ccc2c(c1)C(=O)N(C1CCC(=O)NC1=O)C2=O,[*:1]N1CCN(C2CC3(CCN([*:2])C3)C2)CC1
CC1(C)C(NC(=O)c2ccc(N3CCN(CC4CC5(CCN(c6ccc7c(c6)C(=O)N(C6CCC(=O)NC6=O)C7=O)C5)C4)CC3)cc2)C(C)(C)C1Oc1ccc(C#N)c(Cl)c1,[*:1]c1ccc(C(=O)NC2C(C)(C)C(Oc3ccc(C#N)c(Cl)c3)C2(C)C)cc1,[*:2]c1ccc2c(c1)C(=O)N(C1CCC(=O)NC1=O)C2=O,[*:1]N1CCN(CC2CC3(CCN([*:2])C3)C2)CC1
CC1(C)C(NC(=O)c2ccc(N3CCN(C4CCC5(CC4)CCN(c4ccc6c(c4)C(=O)N(C4CCC(=O)NC4=O)C6=O)CC5)CC3)cc2)C(C)(C)C1Oc1ccc(C#N)c(Cl)c1,[*:1]c1ccc(C(=O)NC2C(C)(C)C(Oc3ccc(C#N)c(Cl)c3)C2(C)C)cc1,[*:2]c1ccc2c(c1)C(=O)N(C1CCC(=O)NC1=O)C2=O,[*:1]N1CCN(C2CCC3(CC2)CCN([*:2])CC3)CC1
CC1(C)C(NC(=O)c2ccc(N3CCN(C4CCC5(CC4)CN(c4ccc6c(c4)C(=O)N(C4CCC(=O)NC4=O)C6=O)C5)CC3)cc2)C(C)(C)C1Oc1ccc(C#N)c(Cl)c1,[*:1]c1ccc(C(=O)NC2C(C)(C)C(Oc3ccc(C#N)c(Cl)c3)C2(C)C)cc1,[*:2]c1ccc2c(c1)C(=O)N(C1CCC(=O)NC1=O)C2=O,[*:1]N1CCN(C2CCC3(CC2)CN([*:2])C3)CC1
CC1(C)C(NC(=O)c2ccc(N3CCC4(CC3)CC(Nc3ccc5c(c3)C(=O)N(C3CCC(=O)NC3=O)C5=O)C4)cc2)C(C)(C)C1Oc1ccc(C#N)c(Cl)c1,[*:1]c1ccc(C(=O)NC2C(C)(C)C(Oc3ccc(C#N)c(Cl)c3)C2(C)C)cc1,[*:2]Nc1ccc2c(c1)C(=O)N(C1CCC(=O)NC1=O)C2=O,[*:1]N1CCC2(CC1)CC([*:2])C2
CC1(C)C(NC(=O)c2ccc(N3CCC4(CCC(Nc5ccc6c(c5)C(=O)N(C5CCC(=O)NC5=O)C6=O)CC4)CC3)cc2)C(C)(C)C1Oc1ccc(C#N)c(Cl)c1,[*:1]c1ccc(C(=O)NC2C(C)(C)C(Oc3ccc(C#N)c(Cl)c3)C2(C)C)cc1,[*:2]Nc1ccc2c(c1)C(=O)N(C1CCC(=O)NC1=O)C2=O,[*:1]N1CCC2(CCC([*:2])CC2)CC1
Cc1ncsc1-c1ccc(CNC(=O)C2CC(O)CN2C(=O)C(NC(=O)COCCCCCOCCNC(=O)CC2N=C(c3ccc(Cl)cc3)c3c(sc(C)c3C)-n3c(C)nnc32)C(C)(C)C)cc1,[*:1]NC(=O)CC1N=C(c2ccc(Cl)cc2)c2c(sc(C)c2C)-n2c(C)nnc21,[*:2]CC(=O)NC(C(=O)N1CC(O)CC1C(=O)NCc1ccc(-c2scnc2C)cc1)C(C)(C)C,[*:1]CCOCCCCCO[*:2]
Cc1ncsc1-c1ccc(CNC(=O)C2CC(O)CN2C(=O)C(NC(=O)COCCCOCCNC(=O)CC2N=C(c3ccc(Cl)cc3)c3c(sc(C)c3C)-n3c(C)nnc32)C(C)(C)C)cc1,[*:1]NC(=O)CC1N=C(c2ccc(Cl)cc2)c2c(sc(C)c2C)-n2c(C)nnc21,[*:2]CC(=O)NC(C(=O)N1CC(O)CC1C(=O)NCc1ccc(-c2scnc2C)cc1)C(C)(C)C,[*:1]CCOCCCO[*:2]
CCC(=O)NC1CCC(n2c(=O)cc(C)c3cnc(Nc4ccc(N5CCN(CCOCCC(=O)NC(C(=O)N6CC(O)CC6C(=O)NCc6ccc(-c7scnc7C)cc6)C(C)(C)C)CC5)cc4OC)nc32)CC1,[*:1]CN1CCN(c2ccc(Nc3ncc4c(C)cc(=O)n(C5CCC(NC(=O)CC)CC5)c4n3)c(OC)c2)CC1,[*:2]CC(=O)NC(C(=O)N1CC(O)CC1C(=O)NCc1ccc(-c2scnc2C)cc1)C(C)(C)C,[*:1]COC[*:2]
CCC(=O)NC1CCC(n2c(=O)cc(C)c3cnc(Nc4ccc(N5CCN(CCCCOCCC(=O)NC(C(=O)N6CC(O)CC6C(=O)NCc6ccc(-c7scnc7C)cc6)C(C)(C)C)CC5)cc4OC)nc32)CC1,[*:1]CN1CCN(c2ccc(Nc3ncc4c(C)cc(=O)n(C5CCC(NC(=O)CC)CC5)c4n3)c(OC)c2)CC1,[*:2]CC(=O)NC(C(=O)N1CC(O)CC1C(=O)NCc1ccc(-c2scnc2C)cc1)C(C)(C)C,[*:1]CCCOC[*:2]
CCC(=O)NC1CCC(n2c(=O)cc(C)c3cnc(Nc4ccc(N5CCN(CCCCCCOCCC(=O)NC(C(=O)N6CC(O)CC6C(=O)NCc6ccc(-c7scnc7C)cc6)C(C)(C)C)CC5)cc4OC)nc32)CC1,[*:1]CN1CCN(c2ccc(Nc3ncc4c(C)cc(=O)n(C5CCC(NC(=O)CC)CC5)c4n3)c(OC)c2)CC1,[*:2]CC(=O)NC(C(=O)N1CC(O)CC1C(=O)NCc1ccc(-c2scnc2C)cc1)C(C)(C)C,[*:1]CCCCCOC[*:2]
CCC(=O)NC1CCC(n2c(=O)cc(C)c3cnc(Nc4ccc(N5CCN(CCCCCCCCOCCC(=O)NC(C(=O)N6CC(O)CC6C(=O)NCc6ccc(-c7scnc7C)cc6)C(C)(C)C)CC5)cc4OC)nc32)CC1,[*:1]CN1CCN(c2ccc(Nc3ncc4c(C)cc(=O)n(C5CCC(NC(=O)CC)CC5)c4n3)c(OC)c2)CC1,[*:2]CC(=O)NC(C(=O)N1CC(O)CC1C(=O)NCc1ccc(-c2scnc2C)cc1)C(C)(C)C,[*:1]CCCCCCCOC[*:2]
CCC(NC(=O)C1CC(NC(=O)COCCOCCOCCOCCOc2cc3nccc(Nc4ccc5scnc5c4)c3cc2S(=O)(=O)C(C)(C)C)CN1C(=O)C(NC(=O)C(C)NC)C(C)(C)C)c1ccccc1,[*:1]COc1cc2nccc(Nc3ccc4scnc4c3)c2cc1S(=O)(=O)C(C)(C)C,[*:2]C1CC(C(=O)NC(CC)c2ccccc2)N(C(=O)C(NC(=O)C(C)NC)C(C)(C)C)C1,[*:1]COCCOCCOCCOCC(=O)N[*:2]
CNC(C)C(=O)NC(C(=O)N1Cc2cc(OCCOCCOCCOCCOc3cc4ncnc(Nc5n[nH]c(C)c5C)c4cc3S(=O)(=O)C(C)(C)C)ccc2CC1C(=O)NC1CCCc2ccccc21)C(C)(C)C,[*:1]COc1cc2ncnc(Nc3n[nH]c(C)c3C)c2cc1S(=O)(=O)C(C)(C)C,[*:2]c1ccc2c(c1)CN(C(=O)C(NC(=O)C(C)NC)C(C)(C)C)C(C(=O)NC1CCCc3ccccc31)C2,[*:1]COCCOCCOCCO[*:2]
CNC(C)C(=O)NC(C(=O)N1CC(NC(=O)c2cnc(N3CCN(CCCOc4cc5ncnc(Nc6n[nH]c(C)c6C)c5cc4S(=O)(=O)C(C)(C)C)CC3)cn2)CC1C(=O)NC1CCCc2ccccc21)C(C)(C)C,[*:1]COc1cc2ncnc(Nc3n[nH]c(C)c3C)c2cc1S(=O)(=O)C(C)(C)C,[*:2]C1CC(C(=O)NC2CCCc3ccccc32)N(C(=O)C(NC(=O)C(C)NC)C(C)(C)C)C1,[*:1]CCN1CCN(c2cnc(C(=O)N[*:2])cn2)CC1
Cc1ncsc1-c1ccc(C(C)NC(=O)C2CC(O)CN2C(=O)C(NC(=O)CCCCC(=O)NCC2(C)CCC(c3ccc(Cl)cc3)=C(CN3CCN(c4ccc(C(=O)NS(=O)(=O)c5ccc(NC(CCN6CCOCC6)CSc6ccccc6)c(S(=O)(=O)C(F)(F)F)c5)cc4)CC3)C2)C(C)(C)C)cc1,[*:1]CC1(C)CCC(c2ccc(Cl)cc2)=C(CN2CCN(c3ccc(C(=O)NS(=O)(=O)c4ccc(NC(CCN5CCOCC5)CSc5ccccc5)c(S(=O)(=O)C(F)(F)F)c4)cc3)CC2)C1,[*:2]CC(=O)NC(C(=O)N1CC(O)CC1C(=O)NC(C)c1ccc(-c2scnc2C)cc1)C(C)(C)C,[*:1]NC(=O)CCC[*:2]
Cc1ncsc1-c1ccc(C(C)NC(=O)C2CC(O)CN2C(=O)C(NC(=O)CCCCCC(=O)NCC2(C)CCC(c3ccc(Cl)cc3)=C(CN3CCN(c4ccc(C(=O)NS(=O)(=O)c5ccc(NC(CCN6CCOCC6)CSc6ccccc6)c(S(=O)(=O)C(F)(F)F)c5)cc4)CC3)C2)C(C)(C)C)cc1,[*:1]CC1(C)CCC(c2ccc(Cl)cc2)=C(CN2CCN(c3ccc(C(=O)NS(=O)(=O)c4ccc(NC(CCN5CCOCC5)CSc5ccccc5)c(S(=O)(=O)C(F)(F)F)c4)cc3)CC2)C1,[*:2]CC(=O)NC(C(=O)N1CC(O)CC1C(=O)NC(C)c1ccc(-c2scnc2C)cc1)C(C)(C)C,[*:1]NC(=O)CCCC[*:2]
Cc1ncsc1-c1ccc(C(C)NC(=O)C2CC(O)CN2C(=O)C(NC(=O)CCCCCCC(=O)NCC2(C)CCC(c3ccc(Cl)cc3)=C(CN3CCN(c4ccc(C(=O)NS(=O)(=O)c5ccc(NC(CCN6CCOCC6)CSc6ccccc6)c(S(=O)(=O)C(F)(F)F)c5)cc4)CC3)C2)C(C)(C)C)cc1,[*:1]CC1(C)CCC(c2ccc(Cl)cc2)=C(CN2CCN(c3ccc(C(=O)NS(=O)(=O)c4ccc(NC(CCN5CCOCC5)CSc5ccccc5)c(S(=O)(=O)C(F)(F)F)c4)cc3)CC2)C1,[*:2]CC(=O)NC(C(=O)N1CC(O)CC1C(=O)NC(C)c1ccc(-c2scnc2C)cc1)C(C)(C)C,[*:1]NC(=O)CCCCC[*:2]
Cc1ncsc1-c1ccc(C(C)NC(=O)C2CC(O)CN2C(=O)C(NC(=O)CCCCCCCC(=O)NCC2(C)CCC(c3ccc(Cl)cc3)=C(CN3CCN(c4ccc(C(=O)NS(=O)(=O)c5ccc(NC(CCN6CCOCC6)CSc6ccccc6)c(S(=O)(=O)C(F)(F)F)c5)cc4)CC3)C2)C(C)(C)C)cc1,[*:1]CC1(C)CCC(c2ccc(Cl)cc2)=C(CN2CCN(c3ccc(C(=O)NS(=O)(=O)c4ccc(NC(CCN5CCOCC5)CSc5ccccc5)c(S(=O)(=O)C(F)(F)F)c4)cc3)CC2)C1,[*:2]CC(=O)NC(C(=O)N1CC(O)CC1C(=O)NC(C)c1ccc(-c2scnc2C)cc1)C(C)(C)C,[*:1]NC(=O)CCCCCC[*:2]
Cc1ncsc1-c1ccc(C(C)NC(=O)C2CC(O)CN2C(=O)C(NC(=O)CCCCCCCCC(=O)NCC2(C)CCC(c3ccc(Cl)cc3)=C(CN3CCN(c4ccc(C(=O)NS(=O)(=O)c5ccc(NC(CCN6CCOCC6)CSc6ccccc6)c(S(=O)(=O)C(F)(F)F)c5)cc4)CC3)C2)C(C)(C)C)cc1,[*:1]CC1(C)CCC(c2ccc(Cl)cc2)=C(CN2CCN(c3ccc(C(=O)NS(=O)(=O)c4ccc(NC(CCN5CCOCC5)CSc5ccccc5)c(S(=O)(=O)C(F)(F)F)c4)cc3)CC2)C1,[*:2]CC(=O)NC(C(=O)N1CC(O)CC1C(=O)NC(C)c1ccc(-c2scnc2C)cc1)C(C)(C)C,[*:1]NC(=O)CCCCCCC[*:2]
Cc1ncsc1-c1ccc(C(C)NC(=O)C2CC(O)CN2C(=O)C(NC(=O)CCCCCCCCCC(=O)NCC2(C)CCC(c3ccc(Cl)cc3)=C(CN3CCN(c4ccc(C(=O)NS(=O)(=O)c5ccc(NC(CCN6CCOCC6)CSc6ccccc6)c(S(=O)(=O)C(F)(F)F)c5)cc4)CC3)C2)C(C)(C)C)cc1,[*:1]CC1(C)CCC(c2ccc(Cl)cc2)=C(CN2CCN(c3ccc(C(=O)NS(=O)(=O)c4ccc(NC(CCN5CCOCC5)CSc5ccccc5)c(S(=O)(=O)C(F)(F)F)c4)cc3)CC2)C1,[*:2]CC(=O)NC(C(=O)N1CC(O)CC1C(=O)NC(C)c1ccc(-c2scnc2C)cc1)C(C)(C)C,[*:1]NC(=O)CCCCCCCC[*:2]
Cc1ncsc1-c1ccc(C(C)NC(=O)C2CC(O)CN2C(=O)C(NC(=O)CCCCCCCCCCC(=O)NCC2(C)CCC(c3ccc(Cl)cc3)=C(CN3CCN(c4ccc(C(=O)NS(=O)(=O)c5ccc(NC(CCN6CCOCC6)CSc6ccccc6)c(S(=O)(=O)C(F)(F)F)c5)cc4)CC3)C2)C(C)(C)C)cc1,[*:1]CC1(C)CCC(c2ccc(Cl)cc2)=C(CN2CCN(c3ccc(C(=O)NS(=O)(=O)c4ccc(NC(CCN5CCOCC5)CSc5ccccc5)c(S(=O)(=O)C(F)(F)F)c4)cc3)CC2)C1,[*:2]CC(=O)NC(C(=O)N1CC(O)CC1C(=O)NC(C)c1ccc(-c2scnc2C)cc1)C(C)(C)C,[*:1]NC(=O)CCCCCCCCC[*:2]
Cc1ncsc1-c1ccc(C(C)NC(=O)C2CC(O)CN2C(=O)C(NC(=O)CCCCCCCCCCCC(=O)NCC2(C)CCC(c3ccc(Cl)cc3)=C(CN3CCN(c4ccc(C(=O)NS(=O)(=O)c5ccc(NC(CCN6CCOCC6)CSc6ccccc6)c(S(=O)(=O)C(F)(F)F)c5)cc4)CC3)C2)C(C)(C)C)cc1,[*:1]CC1(C)CCC(c2ccc(Cl)cc2)=C(CN2CCN(c3ccc(C(=O)NS(=O)(=O)c4ccc(NC(CCN5CCOCC5)CSc5ccccc5)c(S(=O)(=O)C(F)(F)F)c4)cc3)CC2)C1,[*:2]CC(=O)NC(C(=O)N1CC(O)CC1C(=O)NC(C)c1ccc(-c2scnc2C)cc1)C(C)(C)C,[*:1]NC(=O)CCCCCCCCCC[*:2]
O=C(C=CCN1CCCCC1)Nc1cc2c(Nc3ccc(F)c(Cl)c3)ncnc2cc1OCc1cn(CCCCC(=O)Nc2cccc3c2C(=O)N(C2CCC(=O)NC2=O)C3=O)nn1,[*:1]COc1cc2ncnc(Nc3ccc(F)c(Cl)c3)c2cc1NC(=O)C=CCN1CCCCC1,[*:2]Nc1cccc2c1C(=O)N(C1CCC(=O)NC1=O)C2=O,[*:1]c1cn(CCCCC([*:2])=O)nn1
O=C(C=CCN1CCCCC1)Nc1cc2c(Nc3ccc(F)c(Cl)c3)ncnc2cc1OCc1cn(CCCCCCCC(=O)Nc2cccc3c2C(=O)N(C2CCC(=O)NC2=O)C3=O)nn1,[*:1]COc1cc2ncnc(Nc3ccc(F)c(Cl)c3)c2cc1NC(=O)C=CCN1CCCCC1,[*:2]Nc1cccc2c1C(=O)N(C1CCC(=O)NC1=O)C2=O,[*:1]c1cn(CCCCCCCC([*:2])=O)nn1
O=C(C=CCN1CCCCC1)Nc1cc2c(Nc3ccc(F)c(Cl)c3)ncnc2cc1OCc1cn(CCCCCCCCC(=O)Nc2cccc3c2C(=O)N(C2CCC(=O)NC2=O)C3=O)nn1,[*:1]COc1cc2ncnc(Nc3ccc(F)c(Cl)c3)c2cc1NC(=O)C=CCN1CCCCC1,[*:2]Nc1cccc2c1C(=O)N(C1CCC(=O)NC1=O)C2=O,[*:1]c1cn(CCCCCCCCC([*:2])=O)nn1
O=C(C=CCN1CCCCC1)Nc1cc2c(Nc3ccc(F)c(Cl)c3)ncnc2cc1OCc1cn(CCCCCCCCCC(=O)Nc2cccc3c2C(=O)N(C2CCC(=O)NC2=O)C3=O)nn1,[*:1]COc1cc2ncnc(Nc3ccc(F)c(Cl)c3)c2cc1NC(=O)C=CCN1CCCCC1,[*:2]Nc1cccc2c1C(=O)N(C1CCC(=O)NC1=O)C2=O,[*:1]c1cn(CCCCCCCCCC([*:2])=O)nn1
O=C(C=CCN1CCCCC1)Nc1cc2c(Nc3ccc(F)c(Cl)c3)ncnc2cc1OCc1cn(CCCCCCCCCCC(=O)Nc2cccc3c2C(=O)N(C2CCC(=O)NC2=O)C3=O)nn1,[*:1]COc1cc2ncnc(Nc3ccc(F)c(Cl)c3)c2cc1NC(=O)C=CCN1CCCCC1,[*:2]Nc1cccc2c1C(=O)N(C1CCC(=O)NC1=O)C2=O,[*:1]c1cn(CCCCCCCCCCC([*:2])=O)nn1
O=C(C=CCN1CCCCC1)Nc1cc2c(Nc3ccc(F)c(Cl)c3)ncnc2cc1OCc1cn(CCOCCOCC(=O)Nc2cccc3c2C(=O)N(C2CCC(=O)NC2=O)C3=O)nn1,[*:1]COc1cc2ncnc(Nc3ccc(F)c(Cl)c3)c2cc1NC(=O)C=CCN1CCCCC1,[*:2]Nc1cccc2c1C(=O)N(C1CCC(=O)NC1=O)C2=O,[*:1]c1cn(CCOCCOCC([*:2])=O)nn1
O=C(C=CCN1CCCCC1)Nc1cc2c(Nc3ccc(F)c(Cl)c3)ncnc2cc1OCc1cn(CCOCCOCCOCC(=O)Nc2cccc3c2C(=O)N(C2CCC(=O)NC2=O)C3=O)nn1,[*:1]COc1cc2ncnc(Nc3ccc(F)c(Cl)c3)c2cc1NC(=O)C=CCN1CCCCC1,[*:2]Nc1cccc2c1C(=O)N(C1CCC(=O)NC1=O)C2=O,[*:1]c1cn(CCOCCOCCOCC([*:2])=O)nn1
O=C(C=CCN1CCCCC1)Nc1cc2c(Nc3ccc(F)c(Cl)c3)ncnc2cc1OCc1cn(CCOCCOCCOCCOCCOCC(=O)Nc2cccc3c2C(=O)N(C2CCC(=O)NC2=O)C3=O)nn1,[*:1]COc1cc2ncnc(Nc3ccc(F)c(Cl)c3)c2cc1NC(=O)C=CCN1CCCCC1,[*:2]Nc1cccc2c1C(=O)N(C1CCC(=O)NC1=O)C2=O,[*:1]c1cn(CCOCCOCCOCCOCCOCC([*:2])=O)nn1
Cc1ncsc1-c1ccc(CNC(=O)C2CC(O)CN2C(=O)C(NC(=O)CCCCn2cc(COc3cc4ncnc(Nc5ccc(F)c(Cl)c5)c4cc3NC(=O)C=CCN3CCCCC3)nn2)C(C)(C)C)cc1,[*:1]COc1cc2ncnc(Nc3ccc(F)c(Cl)c3)c2cc1NC(=O)C=CCN1CCCCC1,[*:2]CC(=O)NC(C(=O)N1CC(O)CC1C(=O)NCc1ccc(-c2scnc2C)cc1)C(C)(C)C,[*:1]c1cn(CCC[*:2])nn1
Cc1ncsc1-c1ccc(CNC(=O)C2CC(O)CN2C(=O)C(NC(=O)CCCCCCCn2cc(COc3cc4ncnc(Nc5ccc(F)c(Cl)c5)c4cc3NC(=O)C=CCN3CCCCC3)nn2)C(C)(C)C)cc1,[*:1]COc1cc2ncnc(Nc3ccc(F)c(Cl)c3)c2cc1NC(=O)C=CCN1CCCCC1,[*:2]CC(=O)NC(C(=O)N1CC(O)CC1C(=O)NCc1ccc(-c2scnc2C)cc1)C(C)(C)C,[*:1]c1cn(CCCCCC[*:2])nn1
Cc1ncsc1-c1ccc(CNC(=O)C2CC(O)CN2C(=O)C(NC(=O)CCCCCCCCn2cc(COc3cc4ncnc(Nc5ccc(F)c(Cl)c5)c4cc3NC(=O)C=CCN3CCCCC3)nn2)C(C)(C)C)cc1,[*:1]COc1cc2ncnc(Nc3ccc(F)c(Cl)c3)c2cc1NC(=O)C=CCN1CCCCC1,[*:2]CC(=O)NC(C(=O)N1CC(O)CC1C(=O)NCc1ccc(-c2scnc2C)cc1)C(C)(C)C,[*:1]c1cn(CCCCCCC[*:2])nn1
Cc1ncsc1-c1ccc(CNC(=O)C2CC(O)CN2C(=O)C(NC(=O)CCCCCCCCCn2cc(COc3cc4ncnc(Nc5ccc(F)c(Cl)c5)c4cc3NC(=O)C=CCN3CCCCC3)nn2)C(C)(C)C)cc1,[*:1]COc1cc2ncnc(Nc3ccc(F)c(Cl)c3)c2cc1NC(=O)C=CCN1CCCCC1,[*:2]CC(=O)NC(C(=O)N1CC(O)CC1C(=O)NCc1ccc(-c2scnc2C)cc1)C(C)(C)C,[*:1]c1cn(CCCCCCCC[*:2])nn1
Cc1ncsc1-c1ccc(CNC(=O)C2CC(O)CN2C(=O)C(NC(=O)CCCCCCCCCCn2cc(COc3cc4ncnc(Nc5ccc(F)c(Cl)c5)c4cc3NC(=O)C=CCN3CCCCC3)nn2)C(C)(C)C)cc1,[*:1]COc1cc2ncnc(Nc3ccc(F)c(Cl)c3)c2cc1NC(=O)C=CCN1CCCCC1,[*:2]CC(=O)NC(C(=O)N1CC(O)CC1C(=O)NCc1ccc(-c2scnc2C)cc1)C(C)(C)C,[*:1]c1cn(CCCCCCCCC[*:2])nn1
Cc1ncsc1-c1ccc(CNC(=O)C2CC(O)CN2C(=O)C(NC(=O)COCCOCCn2cc(COc3cc4ncnc(Nc5ccc(F)c(Cl)c5)c4cc3NC(=O)C=CCN3CCCCC3)nn2)C(C)(C)C)cc1,[*:1]COc1cc2ncnc(Nc3ccc(F)c(Cl)c3)c2cc1NC(=O)C=CCN1CCCCC1,[*:2]CC(=O)NC(C(=O)N1CC(O)CC1C(=O)NCc1ccc(-c2scnc2C)cc1)C(C)(C)C,[*:1]c1cn(CCOCCO[*:2])nn1
Cc1ncsc1-c1ccc(CNC(=O)C2CC(O)CN2C(=O)C(NC(=O)COCCOCCOCCOCCOCCn2cc(COc3cc4ncnc(Nc5ccc(F)c(Cl)c5)c4cc3NC(=O)C=CCN3CCCCC3)nn2)C(C)(C)C)cc1,[*:1]COc1cc2ncnc(Nc3ccc(F)c(Cl)c3)c2cc1NC(=O)C=CCN1CCCCC1,[*:2]CC(=O)NC(C(=O)N1CC(O)CC1C(=O)NCc1ccc(-c2scnc2C)cc1)C(C)(C)C,[*:1]c1cn(CCOCCOCCOCCOCCO[*:2])nn1
Cc1ncsc1-c1ccc(CNC(=O)C2CC(O)CN2C(=O)C(NC(=O)COCCOCCOCCn2cc(COc3cc4ncnc(Nc5ccc(F)c(Cl)c5)c4cc3NC(=O)C=CCN3CCCCC3)nn2)C(C)(C)C)cc1,[*:1]COc1cc2ncnc(Nc3ccc(F)c(Cl)c3)c2cc1NC(=O)C=CCN1CCCCC1,[*:2]CC(=O)NC(C(=O)N1CC(O)CC1C(=O)NCc1ccc(-c2scnc2C)cc1)C(C)(C)C,[*:1]c1cn(CCOCCOCCO[*:2])nn1
Cc1ncsc1-c1ccc(CNC(=O)C2CC(O)CN2C(=O)C(NC(=O)COCCOCCn2cc(CCCCCOc3cc4ncnc(Nc5ccc(F)c(Cl)c5)c4cc3NC(=O)C=CCN3CCCCC3)nn2)C(C)(C)C)cc1,[*:1]COc1cc2ncnc(Nc3ccc(F)c(Cl)c3)c2cc1NC(=O)C=CCN1CCCCC1,[*:2]CC(=O)NC(C(=O)N1CC(O)CC1C(=O)NCc1ccc(-c2scnc2C)cc1)C(C)(C)C,[*:1]CCCCc1cn(CCOCCO[*:2])nn1
Cc1ncsc1-c1ccc(CNC(=O)C2CC(O)CN2C(=O)C(NC(=O)CCCCCCCC(=O)Nc2ccc(C(=O)Nc3ccccc3N)cc2)C(C)(C)C)cc1,[*:1]CC(=O)Nc1ccc(C(=O)Nc2ccccc2N)cc1,[*:2]CC(=O)NC(C(=O)N1CC(O)CC1C(=O)NCc1ccc(-c2scnc2C)cc1)C(C)(C)C,[*:1]CCCCC[*:2]
Cc1ncsc1-c1ccc(CNC(=O)C2CC(O)CN2C(=O)C(NC(=O)CCCCCCCCC(=O)Nc2ccc(C(=O)Nc3ccccc3N)cc2)C(C)(C)C)cc1,[*:1]CC(=O)Nc1ccc(C(=O)Nc2ccccc2N)cc1,[*:2]CC(=O)NC(C(=O)N1CC(O)CC1C(=O)NCc1ccc(-c2scnc2C)cc1)C(C)(C)C,[*:1]CCCCCC[*:2]
Cc1ncsc1-c1ccc(CNC(=O)C2CC(O)CN2C(=O)C(NC(=O)CCCCCCCCCC(=O)Nc2ccc(C(=O)Nc3ccccc3N)cc2)C(C)(C)C)cc1,[*:1]CC(=O)Nc1ccc(C(=O)Nc2ccccc2N)cc1,[*:2]CC(=O)NC(C(=O)N1CC(O)CC1C(=O)NCc1ccc(-c2scnc2C)cc1)C(C)(C)C,[*:1]CCCCCCC[*:2]
Cc1ncsc1-c1ccc(CNC(=O)C2CC(O)CN2C(=O)C(NC(=O)CCCCCCCCCCCCC(=O)Nc2ccc(C(=O)Nc3ccccc3N)cc2)C(C)(C)C)cc1,[*:1]CC(=O)Nc1ccc(C(=O)Nc2ccccc2N)cc1,[*:2]CC(=O)NC(C(=O)N1CC(O)CC1C(=O)NCc1ccc(-c2scnc2C)cc1)C(C)(C)C,[*:1]CCCCCCCCCC[*:2]
Cc1ncsc1-c1ccc(CNC(=O)C2CC(O)CN2C(=O)C(NC(=O)COCCCCCCCCC(=O)Nc2ccc(C(=O)Nc3ccccc3N)cc2)C(C)(C)C)cc1,[*:1]CC(=O)Nc1ccc(C(=O)Nc2ccccc2N)cc1,[*:2]CC(=O)NC(C(=O)N1CC(O)CC1C(=O)NCc1ccc(-c2scnc2C)cc1)C(C)(C)C,[*:1]CCCCCCCO[*:2]
Cc1ncsc1-c1ccc(CNC(=O)C2CC(O)CN2C(=O)C(NC(=O)CCCCCCCCOCC(=O)Nc2ccc(C(=O)Nc3ccccc3N)cc2)C(C)(C)C)cc1,[*:1]CC(=O)Nc1ccc(C(=O)Nc2ccccc2N)cc1,[*:2]CC(=O)NC(C(=O)N1CC(O)CC1C(=O)NCc1ccc(-c2scnc2C)cc1)C(C)(C)C,[*:1]OCCCCCCC[*:2]
Cc1ncsc1-c1ccc(CNC(=O)C2CC(O)CN2C(=O)C(NC(=O)COCCCCCCOCC(=O)Nc2ccc(C(=O)Nc3ccccc3N)cc2)C(C)(C)C)cc1,[*:1]CC(=O)Nc1ccc(C(=O)Nc2ccccc2N)cc1,[*:2]CC(=O)NC(C(=O)N1CC(O)CC1C(=O)NCc1ccc(-c2scnc2C)cc1)C(C)(C)C,[*:1]OCCCCCCO[*:2]
Cc1ncsc1-c1ccc(CNC(=O)C2CC(O)CN2C(=O)C(NC(=O)COCCCCCCCCCOCC(=O)Nc2ccc(C(=O)Nc3ccccc3N)cc2)C(C)(C)C)cc1,[*:1]CC(=O)Nc1ccc(C(=O)Nc2ccccc2N)cc1,[*:2]CC(=O)NC(C(=O)N1CC(O)CC1C(=O)NCc1ccc(-c2scnc2C)cc1)C(C)(C)C,[*:1]OCCCCCCCCCO[*:2]
Cc1ncsc1-c1ccc(CNC(=O)C2CC(O)CN2C(=O)C(NC(=O)COCCOCC(=O)Nc2ccc(C(=O)Nc3ccccc3N)cc2)C(C)(C)C)cc1,[*:1]CC(=O)Nc1ccc(C(=O)Nc2ccccc2N)cc1,[*:2]CC(=O)NC(C(=O)N1CC(O)CC1C(=O)NCc1ccc(-c2scnc2C)cc1)C(C)(C)C,[*:1]OCCO[*:2]
Cc1ncsc1-c1ccc(CNC(=O)C2CC(O)CN2C(=O)C(NC(=O)COCCOCCOCC(=O)Nc2ccc(C(=O)Nc3ccccc3N)cc2)C(C)(C)C)cc1,[*:1]CC(=O)Nc1ccc(C(=O)Nc2ccccc2N)cc1,[*:2]CC(=O)NC(C(=O)N1CC(O)CC1C(=O)NCc1ccc(-c2scnc2C)cc1)C(C)(C)C,[*:1]OCCOCCO[*:2]
Cc1ncsc1-c1ccc(CNC(=O)C2CC(O)CN2C(=O)C(NC(=O)COCCOCCOCCOCC(=O)Nc2ccc(C(=O)Nc3ccccc3N)cc2)C(C)(C)C)cc1,[*:1]CC(=O)Nc1ccc(C(=O)Nc2ccccc2N)cc1,[*:2]CC(=O)NC(C(=O)N1CC(O)CC1C(=O)NCc1ccc(-c2scnc2C)cc1)C(C)(C)C,[*:1]OCCOCCOCCO[*:2]
Cc1ncsc1-c1ccc(CNC(=O)C2CC(O)CN2C(=O)C(NC(=O)CCCN2CCN(CCCC(=O)Nc3ccc(C(=O)Nc4ccccc4N)cc3)CC2)C(C)(C)C)cc1,[*:1]CC(=O)Nc1ccc(C(=O)Nc2ccccc2N)cc1,[*:2]CC(=O)NC(C(=O)N1CC(O)CC1C(=O)NCc1ccc(-c2scnc2C)cc1)C(C)(C)C,[*:1]CCN1CCN(CC[*:2])CC1
Cc1ncsc1-c1ccc(CNC(=O)C2CC(O)CN2C(=O)C(NC(=O)CCCCCCCC(=O)Nc2ccc(C(=O)Nc3ccc(F)cc3N)cc2)C(C)(C)C)cc1,[*:1]CC(=O)Nc1ccc(C(=O)Nc2ccc(F)cc2N)cc1,[*:2]CC(=O)NC(C(=O)N1CC(O)CC1C(=O)NCc1ccc(-c2scnc2C)cc1)C(C)(C)C,[*:1]CCCCC[*:2]
Cc1ncsc1-c1ccc(CNC(=O)C2CC(O)CN2C(=O)C(NC(=O)CCCCCCCCCCC(=O)Nc2ccc(C(=O)Nc3ccc(F)cc3N)cc2)C(C)(C)C)cc1,[*:1]CC(=O)Nc1ccc(C(=O)Nc2ccc(F)cc2N)cc1,[*:2]CC(=O)NC(C(=O)N1CC(O)CC1C(=O)NCc1ccc(-c2scnc2C)cc1)C(C)(C)C,[*:1]CCCCCCCC[*:2]
Cc1ncsc1-c1ccc(CNC(=O)C2CC(O)CN2C(=O)C(NC(=O)COCCOCCOCC(=O)Nc2ccc(C(=O)Nc3ccc(F)cc3N)cc2)C(C)(C)C)cc1,[*:1]CC(=O)Nc1ccc(C(=O)Nc2ccc(F)cc2N)cc1,[*:2]CC(=O)NC(C(=O)N1CC(O)CC1C(=O)NCc1ccc(-c2scnc2C)cc1)C(C)(C)C,[*:1]OCCOCCO[*:2]
Cc1ncsc1-c1ccc(CNC(=O)C2CC(O)CN2C(=O)C(NC(=O)COCCCCCCCCCOCC(=O)Nc2ccc(C(=O)Nc3ccc(F)cc3N)cc2)C(C)(C)C)cc1,[*:1]CC(=O)Nc1ccc(C(=O)Nc2ccc(F)cc2N)cc1,[*:2]CC(=O)NC(C(=O)N1CC(O)CC1C(=O)NCc1ccc(-c2scnc2C)cc1)C(C)(C)C,[*:1]OCCCCCCCCCO[*:2]
Cc1ncsc1-c1ccc(CNC(=O)C2CC(O)CN2C(=O)C(NC(=O)CCCCCCCC(=O)Nc2ccc(C(=O)Nc3cc(-c4cccs4)ccc3N)cc2)C(C)(C)C)cc1,[*:1]CC(=O)Nc1ccc(C(=O)Nc2cc(-c3cccs3)ccc2N)cc1,[*:2]CC(=O)NC(C(=O)N1CC(O)CC1C(=O)NCc1ccc(-c2scnc2C)cc1)C(C)(C)C,[*:1]CCCCC[*:2]
Cc1ncsc1-c1ccc(CNC(=O)C2CC(O)CN2C(=O)C(NC(=O)CCCCCCCCCCC(=O)Nc2ccc(C(=O)Nc3cc(-c4cccs4)ccc3N)cc2)C(C)(C)C)cc1,[*:1]CC(=O)Nc1ccc(C(=O)Nc2cc(-c3cccs3)ccc2N)cc1,[*:2]CC(=O)NC(C(=O)N1CC(O)CC1C(=O)NCc1ccc(-c2scnc2C)cc1)C(C)(C)C,[*:1]CCCCCCCC[*:2]
Cc1ncsc1-c1ccc(CNC(=O)C2CC(O)CN2C(=O)C(NC(=O)COCCOCCOCC(=O)Nc2ccc(C(=O)Nc3cc(-c4cccs4)ccc3N)cc2)C(C)(C)C)cc1,[*:1]CC(=O)Nc1ccc(C(=O)Nc2cc(-c3cccs3)ccc2N)cc1,[*:2]CC(=O)NC(C(=O)N1CC(O)CC1C(=O)NCc1ccc(-c2scnc2C)cc1)C(C)(C)C,[*:1]OCCOCCO[*:2]
CC(=O)NC(C(=O)N1CC(O)CC1C(=O)NCc1ccc(-c2scnc2C)cc1OCCCCCCCCCCCC(=O)Nc1ccc(C(=O)Nc2ccccc2N)cc1)C(C)(C)C,[*:1]CC(=O)Nc1ccc(C(=O)Nc2ccccc2N)cc1,[*:2]c1cc(-c2scnc2C)ccc1CNC(=O)C1CC(O)CN1C(=O)C(NC(C)=O)C(C)(C)C,[*:1]CCCCCCCCCCO[*:2]
Cc1ncsc1-c1ccc(CNC(=O)C2CC(O)CN2C(=O)C(NC(=O)C2(F)CC2)C(C)(C)C)c(OCCCCCCCCCCCC(=O)Nc2ccc(C(=O)Nc3ccccc3N)cc2)c1,[*:1]CC(=O)Nc1ccc(C(=O)Nc2ccccc2N)cc1,[*:2]Oc1cc(-c2scnc2C)ccc1CNC(=O)C1CC(O)CN1C(=O)C(NC(=O)C1(F)CC1)C(C)(C)C,[*:1]CCCCCCCCCC[*:2]
CC(=O)NC(C(=O)N1CC(O)CC1C(=O)NCc1ccc(-c2scnc2C)cc1OCCCCNC(=O)CCCCC(=O)Nc1ccc(C(=O)Nc2ccccc2N)cc1)C(C)(C)C,[*:1]CC(=O)Nc1ccc(C(=O)Nc2ccccc2N)cc1,[*:2]c1cc(-c2scnc2C)ccc1CNC(=O)C1CC(O)CN1C(=O)C(NC(C)=O)C(C)(C)C,[*:1]CCCC(=O)NCCCCO[*:2]
CC(=O)NC(C(=O)N1CC(O)CC1C(=O)NCc1ccc(-c2scnc2C)cc1OCCCCNC(=O)CCCCCCCC(=O)Nc1ccc(C(=O)Nc2ccccc2N)cc1)C(C)(C)C,[*:1]CC(=O)Nc1ccc(C(=O)Nc2ccccc2N)cc1,[*:2]c1cc(-c2scnc2C)ccc1CNC(=O)C1CC(O)CN1C(=O)C(NC(C)=O)C(C)(C)C,[*:1]CCCCCCC(=O)NCCCCO[*:2]
N#Cc1ccc(OC2CCC(NC(=O)c3ccc(NCCCNc4ccc5c(c4)C(=O)N(C4CCC(=O)NC4=O)C5=O)cc3)CC2)cc1Cl,[*:1]c1ccc(C(=O)NC2CCC(Oc3ccc(C#N)c(Cl)c3)CC2)cc1,[*:2]Nc1ccc2c(c1)C(=O)N(C1CCC(=O)NC1=O)C2=O,[*:1]NCCC[*:2]
N#Cc1ccc(OC2CCC(NC(=O)c3ccc(NCCCCNc4ccc5c(c4)C(=O)N(C4CCC(=O)NC4=O)C5=O)cc3)CC2)cc1Cl,[*:1]c1ccc(C(=O)NC2CCC(Oc3ccc(C#N)c(Cl)c3)CC2)cc1,[*:2]Nc1ccc2c(c1)C(=O)N(C1CCC(=O)NC1=O)C2=O,[*:1]NCCCC[*:2]
N#Cc1ccc(OC2CCC(NC(=O)c3ccc(NCCCCCNc4ccc5c(c4)C(=O)N(C4CCC(=O)NC4=O)C5=O)cc3)CC2)cc1Cl,[*:1]c1ccc(C(=O)NC2CCC(Oc3ccc(C#N)c(Cl)c3)CC2)cc1,[*:2]Nc1ccc2c(c1)C(=O)N(C1CCC(=O)NC1=O)C2=O,[*:1]NCCCCC[*:2]
N#Cc1ccc(OC2CCC(NC(=O)c3ccc(NCCCCCCNc4ccc5c(c4)C(=O)N(C4CCC(=O)NC4=O)C5=O)cc3)CC2)cc1Cl,[*:1]c1ccc(C(=O)NC2CCC(Oc3ccc(C#N)c(Cl)c3)CC2)cc1,[*:2]Nc1ccc2c(c1)C(=O)N(C1CCC(=O)NC1=O)C2=O,[*:1]NCCCCCC[*:2]
N#Cc1ccc(OC2CCC(NC(=O)c3ccc(NCCCCCCCNc4ccc5c(c4)C(=O)N(C4CCC(=O)NC4=O)C5=O)cc3)CC2)cc1Cl,[*:1]c1ccc(C(=O)NC2CCC(Oc3ccc(C#N)c(Cl)c3)CC2)cc1,[*:2]Nc1ccc2c(c1)C(=O)N(C1CCC(=O)NC1=O)C2=O,[*:1]NCCCCCCC[*:2]
N#Cc1ccc(OC2CCC(NC(=O)c3ccc(NCCCCCCCCNc4ccc5c(c4)C(=O)N(C4CCC(=O)NC4=O)C5=O)cc3)CC2)cc1Cl,[*:1]c1ccc(C(=O)NC2CCC(Oc3ccc(C#N)c(Cl)c3)CC2)cc1,[*:2]Nc1ccc2c(c1)C(=O)N(C1CCC(=O)NC1=O)C2=O,[*:1]NCCCCCCCC[*:2]
N#Cc1ccc(OC2CCC(NC(=O)c3ccc(NCCCCCCCCCNc4ccc5c(c4)C(=O)N(C4CCC(=O)NC4=O)C5=O)cc3)CC2)cc1Cl,[*:1]c1ccc(C(=O)NC2CCC(Oc3ccc(C#N)c(Cl)c3)CC2)cc1,[*:2]Nc1ccc2c(c1)C(=O)N(C1CCC(=O)NC1=O)C2=O,[*:1]NCCCCCCCCC[*:2]
N#Cc1ccc(OC2CCC(NC(=O)c3ccc(NCCCCCCCCCCNc4ccc5c(c4)C(=O)N(C4CCC(=O)NC4=O)C5=O)cc3)CC2)cc1Cl,[*:1]c1ccc(C(=O)NC2CCC(Oc3ccc(C#N)c(Cl)c3)CC2)cc1,[*:2]Nc1ccc2c(c1)C(=O)N(C1CCC(=O)NC1=O)C2=O,[*:1]NCCCCCCCCCC[*:2]
N#Cc1ccc(OC2CCC(NC(=O)c3ccc(NCCCCCCCCCCCNc4ccc5c(c4)C(=O)N(C4CCC(=O)NC4=O)C5=O)cc3)CC2)cc1Cl,[*:1]c1ccc(C(=O)NC2CCC(Oc3ccc(C#N)c(Cl)c3)CC2)cc1,[*:2]Nc1ccc2c(c1)C(=O)N(C1CCC(=O)NC1=O)C2=O,[*:1]NCCCCCCCCCCC[*:2]
N#Cc1ccc(OC2CCC(NC(=O)c3ccc(N4CCN(CCNc5ccc6c(c5)C(=O)N(C5CCC(=O)NC5=O)C6=O)CC4)cc3)CC2)cc1Cl,[*:1]c1ccc(C(=O)NC2CCC(Oc3ccc(C#N)c(Cl)c3)CC2)cc1,[*:2]Nc1ccc2c(c1)C(=O)N(C1CCC(=O)NC1=O)C2=O,[*:1]N1CCN(CC[*:2])CC1
N#Cc1ccc(OC2CCC(NC(=O)c3ccc(N4CCN(CCCNc5ccc6c(c5)C(=O)N(C5CCC(=O)NC5=O)C6=O)CC4)cc3)CC2)cc1Cl,[*:1]c1ccc(C(=O)NC2CCC(Oc3ccc(C#N)c(Cl)c3)CC2)cc1,[*:2]Nc1ccc2c(c1)C(=O)N(C1CCC(=O)NC1=O)C2=O,[*:1]N1CCN(CCC[*:2])CC1
N#Cc1ccc(OC2CCC(NC(=O)c3ccc(N4CCN(CCCCNc5ccc6c(c5)C(=O)N(C5CCC(=O)NC5=O)C6=O)CC4)cc3)CC2)cc1Cl,[*:1]c1ccc(C(=O)NC2CCC(Oc3ccc(C#N)c(Cl)c3)CC2)cc1,[*:2]Nc1ccc2c(c1)C(=O)N(C1CCC(=O)NC1=O)C2=O,[*:1]N1CCN(CCCC[*:2])CC1
N#Cc1ccc(OC2CCC(NC(=O)c3ccc(N4CCN(CCCCCNc5ccc6c(c5)C(=O)N(C5CCC(=O)NC5=O)C6=O)CC4)cc3)CC2)cc1Cl,[*:1]c1ccc(C(=O)NC2CCC(Oc3ccc(C#N)c(Cl)c3)CC2)cc1,[*:2]Nc1ccc2c(c1)C(=O)N(C1CCC(=O)NC1=O)C2=O,[*:1]N1CCN(CCCCC[*:2])CC1
N#Cc1ccc(OC2CCC(NC(=O)c3ccc(N4CCN(CC5CCN(c6ccc7c(c6)C(=O)N(C6CCC(=O)NC6=O)C7=O)CC5)CC4)cc3)CC2)cc1Cl,[*:1]c1ccc(C(=O)NC2CCC(Oc3ccc(C#N)c(Cl)c3)CC2)cc1,[*:2]c1ccc2c(c1)C(=O)N(C1CCC(=O)NC1=O)C2=O,[*:1]N1CCN(CC2CCN([*:2])CC2)CC1
N#Cc1ccc(OC2CCC(NC(=O)c3ccc(N4CCN(C5CCN(c6ccc7c(c6)C(=O)N(C6CCC(=O)NC6=O)C7=O)CC5)CC4)cc3)CC2)cc1Cl,[*:1]c1ccc(C(=O)NC2CCC(Oc3ccc(C#N)c(Cl)c3)CC2)cc1,[*:2]c1ccc2c(c1)C(=O)N(C1CCC(=O)NC1=O)C2=O,[*:1]N1CCN(C2CCN([*:2])CC2)CC1
N#Cc1ccc(OC2CCC(NC(=O)c3ccc(N4CCC(N5CCN(c6ccc7c(c6)C(=O)N(C6CCC(=O)NC6=O)C7=O)CC5)CC4)cc3)CC2)cc1Cl,[*:1]c1ccc(C(=O)NC2CCC(Oc3ccc(C#N)c(Cl)c3)CC2)cc1,[*:2]c1ccc2c(c1)C(=O)N(C1CCC(=O)NC1=O)C2=O,[*:1]N1CCC(N2CCN([*:2])CC2)CC1
N#Cc1ccc(OC2CCC(NC(=O)c3ccc(N4CCN(CC5CN(c6ccc7c(c6)C(=O)N(C6CCC(=O)NC6=O)C7=O)C5)CC4)cc3)CC2)cc1Cl,[*:1]c1ccc(C(=O)NC2CCC(Oc3ccc(C#N)c(Cl)c3)CC2)cc1,[*:2]c1ccc2c(c1)C(=O)N(C1CCC(=O)NC1=O)C2=O,[*:1]N1CCN(CC2CN([*:2])C2)CC1
N#Cc1ccc(OC2CCC(NC(=O)c3ccc(N4CCN(C5CN(c6ccc7c(c6)C(=O)N(C6CCC(=O)NC6=O)C7=O)C5)CC4)cc3)CC2)cc1Cl,[*:1]c1ccc(C(=O)NC2CCC(Oc3ccc(C#N)c(Cl)c3)CC2)cc1,[*:2]c1ccc2c(c1)C(=O)N(C1CCC(=O)NC1=O)C2=O,[*:1]N1CCN(C2CN([*:2])C2)CC1
N#Cc1ccc(OC2CCC(NC(=O)c3ccc(N4CCC(N5CCN(c6ccc7c(c6)C(=O)N(C6CCC(=O)NC6=O)C7=O)CC5)CC4)cc3)C2)cc1Cl,[*:1]c1ccc(C(=O)NC2CCC(Oc3ccc(C#N)c(Cl)c3)C2)cc1,[*:2]c1ccc2c(c1)C(=O)N(C1CCC(=O)NC1=O)C2=O,[*:1]N1CCC(N2CCN([*:2])CC2)CC1
N#Cc1ccc(OC2CCCC(NC(=O)c3ccc(N4CCC(N5CCN(c6ccc7c(c6)C(=O)N(C6CCC(=O)NC6=O)C7=O)CC5)CC4)cc3)CC2)cc1Cl,[*:1]c1ccc(C(=O)NC2CCCC(Oc3ccc(C#N)c(Cl)c3)CC2)cc1,[*:2]c1ccc2c(c1)C(=O)N(C1CCC(=O)NC1=O)C2=O,[*:1]N1CCC(N2CCN([*:2])CC2)CC1
N#Cc1ccc(OC2CCCC(NC(=O)c3ccc(N4CCC(N5CCN(c6ccc7c(c6)C(=O)N(C6CCC(=O)NC6=O)C7=O)CC5)CC4)cc3)CCC2)cc1Cl,[*:1]c1ccc(C(=O)NC2CCCC(Oc3ccc(C#N)c(Cl)c3)CCC2)cc1,[*:2]c1ccc2c(c1)C(=O)N(C1CCC(=O)NC1=O)C2=O,[*:1]N1CCC(N2CCN([*:2])CC2)CC1
N#Cc1ccc(NC2CCC(NC(=O)c3ccc(N4CCC(N5CCN(c6ccc7c(c6)C(=O)N(C6CCC(=O)NC6=O)C7=O)CC5)CC4)cc3)CC2)cc1Cl,[*:1]c1ccc(C(=O)NC2CCC(Nc3ccc(C#N)c(Cl)c3)CC2)cc1,[*:2]c1ccc2c(c1)C(=O)N(C1CCC(=O)NC1=O)C2=O,[*:1]N1CCC(N2CCN([*:2])CC2)CC1
CN(c1ccc(C#N)c(Cl)c1)C1CCC(NC(=O)c2ccc(N3CCC(N4CCN(c5ccc6c(c5)C(=O)N(C5CCC(=O)NC5=O)C6=O)CC4)CC3)cc2)CC1,[*:1]c1ccc(C(=O)NC2CCC(N(C)c3ccc(C#N)c(Cl)c3)CC2)cc1,[*:2]c1ccc2c(c1)C(=O)N(C1CCC(=O)NC1=O)C2=O,[*:1]N1CCC(N2CCN([*:2])CC2)CC1
CCN(c1ccc(C#N)c(Cl)c1)C1CCC(NC(=O)c2ccc(N3CCC(N4CCN(c5ccc6c(c5)C(=O)N(C5CCC(=O)NC5=O)C6=O)CC4)CC3)cc2)CC1,[*:1]c1ccc(C(=O)NC2CCC(N(CC)c3ccc(C#N)c(Cl)c3)CC2)cc1,[*:2]c1ccc2c(c1)C(=O)N(C1CCC(=O)NC1=O)C2=O,[*:1]N1CCC(N2CCN([*:2])CC2)CC1
CCCN(c1ccc(C#N)c(Cl)c1)C1CCC(NC(=O)c2ccc(N3CCC(N4CCN(c5ccc6c(c5)C(=O)N(C5CCC(=O)NC5=O)C6=O)CC4)CC3)cc2)CC1,[*:1]c1ccc(C(=O)NC2CCC(N(CCC)c3ccc(C#N)c(Cl)c3)CC2)cc1,[*:2]c1ccc2c(c1)C(=O)N(C1CCC(=O)NC1=O)C2=O,[*:1]N1CCC(N2CCN([*:2])CC2)CC1
CN(c1ccc(C#N)c(Cl)c1)C1CCC(NC(=O)c2ccc(N3CCN(CC4CCN(c5ccc6c(c5)C(=O)N(C5CCC(=O)NC5=O)C6=O)CC4)CC3)cc2)CC1,[*:1]c1ccc(C(=O)NC2CCC(N(C)c3ccc(C#N)c(Cl)c3)CC2)cc1,[*:2]c1ccc2c(c1)C(=O)N(C1CCC(=O)NC1=O)C2=O,[*:1]N1CCN(CC2CCN([*:2])CC2)CC1
CN(c1ccc(C#N)c(Cl)c1)C1CCC(NC(=O)c2ccc(N3CCC(CN4CCN(c5ccc6c(c5)C(=O)N(C5CCC(=O)NC5=O)C6=O)CC4)CC3)cc2)CC1,[*:1]c1ccc(C(=O)NC2CCC(N(C)c3ccc(C#N)c(Cl)c3)CC2)cc1,[*:2]c1ccc2c(c1)C(=O)N(C1CCC(=O)NC1=O)C2=O,[*:1]N1CCC(CN2CCN([*:2])CC2)CC1
CN(c1ccc(C#N)c(Cl)c1)C1CCC(NC(=O)c2ccc(N3CCN(C4CCN(c5ccc6c(c5)C(=O)N(C5CCC(=O)NC5=O)C6=O)CC4)CC3)cc2)CC1,[*:1]c1ccc(C(=O)NC2CCC(N(C)c3ccc(C#N)c(Cl)c3)CC2)cc1,[*:2]c1ccc2c(c1)C(=O)N(C1CCC(=O)NC1=O)C2=O,[*:1]N1CCN(C2CCN([*:2])CC2)CC1
CN(c1ccc(C#N)c(Cl)c1)C1CCC(NC(=O)c2ccc(N3CCN(CC4CN(c5ccc6c(c5)C(=O)N(C5CCC(=O)NC5=O)C6=O)C4)CC3)cc2)CC1,[*:1]c1ccc(C(=O)NC2CCC(N(C)c3ccc(C#N)c(Cl)c3)CC2)cc1,[*:2]c1ccc2c(c1)C(=O)N(C1CCC(=O)NC1=O)C2=O,[*:1]N1CCN(CC2CN([*:2])C2)CC1
CN(c1ccc(C#N)c(Cl)c1)C1CCC(NC(=O)c2ccc(N3CCN(C4CN(c5ccc6c(c5)C(=O)N(C5CCC(=O)NC5=O)C6=O)C4)CC3)cc2)CC1,[*:1]c1ccc(C(=O)NC2CCC(N(C)c3ccc(C#N)c(Cl)c3)CC2)cc1,[*:2]c1ccc2c(c1)C(=O)N(C1CCC(=O)NC1=O)C2=O,[*:1]N1CCN(C2CN([*:2])C2)CC1
CN(c1ccc(C#N)c(Cl)c1)C1CCC(NC(=O)c2ccc(N3CC(CN4CCN(c5ccc6c(c5)C(=O)N(C5CCC(=O)NC5=O)C6=O)CC4)C3)cc2)CC1,[*:1]c1ccc(C(=O)NC2CCC(N(C)c3ccc(C#N)c(Cl)c3)CC2)cc1,[*:2]c1ccc2c(c1)C(=O)N(C1CCC(=O)NC1=O)C2=O,[*:1]N1CC(CN2CCN([*:2])CC2)C1
CN(c1ccc(C#N)c(Cl)c1)C1CCC(NC(=O)c2ccc(N3CC(N4CCN(c5ccc6c(c5)C(=O)N(C5CCC(=O)NC5=O)C6=O)CC4)C3)cc2)CC1,[*:1]c1ccc(C(=O)NC2CCC(N(C)c3ccc(C#N)c(Cl)c3)CC2)cc1,[*:2]c1ccc2c(c1)C(=O)N(C1CCC(=O)NC1=O)C2=O,[*:1]N1CC(N2CCN([*:2])CC2)C1
COc1cc(N(C)CCN(C)C)c(NC(=O)C=CCN(C)CCN(C)C(=O)CCCC(=O)NC(C(=O)N2CC(O)CC2C(=O)NCc2ccc(-c3scnc3C)cc2)C(C)(C)C)cc1Nc1nccc(-c2cn(C)c3ccccc23)n1,[*:1]C=CC(=O)Nc1cc(Nc2nccc(-c3cn(C)c4ccccc34)n2)c(OC)cc1N(C)CCN(C)C,[*:2]CC(=O)NC(C(=O)N1CC(O)CC1C(=O)NCc1ccc(-c2scnc2C)cc1)C(C)(C)C,[*:1]CN(C)CCN(C)C(=O)CC[*:2]
COc1cc(N(C)CCN(C)C)c(NC(=O)C=CCN(C)CCN(C)C(=O)CCCCCC(=O)NC(C(=O)N2CC(O)CC2C(=O)NCc2ccc(-c3scnc3C)cc2)C(C)(C)C)cc1Nc1nccc(-c2cn(C)c3ccccc23)n1,[*:1]C=CC(=O)Nc1cc(Nc2nccc(-c3cn(C)c4ccccc34)n2)c(OC)cc1N(C)CCN(C)C,[*:2]CC(=O)NC(C(=O)N1CC(O)CC1C(=O)NCc1ccc(-c2scnc2C)cc1)C(C)(C)C,[*:1]CN(C)CCN(C)C(=O)CCCC[*:2]
COc1cc(N(C)CCN(C)C)c(NC(=O)C=CCN(C)CCN(C)C(=O)CCCCCCC(=O)NC(C(=O)N2CC(O)CC2C(=O)NCc2ccc(-c3scnc3C)cc2)C(C)(C)C)cc1Nc1nccc(-c2cn(C)c3ccccc23)n1,[*:1]C=CC(=O)Nc1cc(Nc2nccc(-c3cn(C)c4ccccc34)n2)c(OC)cc1N(C)CCN(C)C,[*:2]CC(=O)NC(C(=O)N1CC(O)CC1C(=O)NCc1ccc(-c2scnc2C)cc1)C(C)(C)C,[*:1]CN(C)CCN(C)C(=O)CCCCC[*:2]
COc1cc(N(C)CCN(C)C)c(NC(=O)C=CCN(C)CCCCCCCC(=O)NC(C(=O)N2CC(O)CC2C(=O)NCc2ccc(-c3scnc3C)cc2)C(C)(C)C)cc1Nc1nccc(-c2cn(C)c3ccccc23)n1,[*:1]C=CC(=O)Nc1cc(Nc2nccc(-c3cn(C)c4ccccc34)n2)c(OC)cc1N(C)CCN(C)C,[*:2]CC(=O)NC(C(=O)N1CC(O)CC1C(=O)NCc1ccc(-c2scnc2C)cc1)C(C)(C)C,[*:1]CN(C)CCCCCC[*:2]
COc1cc(N(C)CCN(C)C)c(NC(=O)C=CCN(C)CCCCCCCCCC(=O)NC(C(=O)N2CC(O)CC2C(=O)NCc2ccc(-c3scnc3C)cc2)C(C)(C)C)cc1Nc1nccc(-c2cn(C)c3ccccc23)n1,[*:1]C=CC(=O)Nc1cc(Nc2nccc(-c3cn(C)c4ccccc34)n2)c(OC)cc1N(C)CCN(C)C,[*:2]CC(=O)NC(C(=O)N1CC(O)CC1C(=O)NCc1ccc(-c2scnc2C)cc1)C(C)(C)C,[*:1]CN(C)CCCCCCCC[*:2]
C=CC(=O)Nc1cc(Nc2nccc(-c3cn(C)c4ccccc34)n2)c(OC)cc1N(CCCCCCC(=O)NC(C(=O)N1CC(O)CC1C(=O)NCc1ccc(-c2scnc2C)cc1)C(C)(C)C)CCN(C)C,[*:1]CN(CCN(C)C)c1cc(OC)c(Nc2nccc(-c3cn(C)c4ccccc34)n2)cc1NC(=O)C=C,[*:2]CC(=O)NC(C(=O)N1CC(O)CC1C(=O)NCc1ccc(-c2scnc2C)cc1)C(C)(C)C,[*:1]CCCC[*:2]
C=CC(=O)Nc1cc(Nc2nccc(-c3cn(C)c4ccccc34)n2)c(OC)cc1N(CCCCCCC(=O)NCCOCCOCC(=O)NC(C(=O)N1CC(O)CC1C(=O)NCc1ccc(-c2scnc2C)cc1)C(C)(C)C)CCN(C)C,[*:1]CN(CCN(C)C)c1cc(OC)c(Nc2nccc(-c3cn(C)c4ccccc34)n2)cc1NC(=O)C=C,[*:2]CC(=O)NC(C(=O)N1CC(O)CC1C(=O)NCc1ccc(-c2scnc2C)cc1)C(C)(C)C,[*:1]CCCCCC(=O)NCCOCCO[*:2]
C=CC(=O)Nc1cc(Nc2nccc(-c3cn(C)c4ccccc34)n2)c(OC)cc1N(CCCCCCC(=O)NCCCCCCC(=O)NC(C(=O)N1CC(O)CC1C(=O)NCc1ccc(-c2scnc2C)cc1)C(C)(C)C)CCN(C)C,[*:1]CN(CCN(C)C)c1cc(OC)c(Nc2nccc(-c3cn(C)c4ccccc34)n2)cc1NC(=O)C=C,[*:2]CC(=O)NC(C(=O)N1CC(O)CC1C(=O)NCc1ccc(-c2scnc2C)cc1)C(C)(C)C,[*:1]CCCCCC(=O)NCCCCC[*:2]
C=CC(=O)Nc1cc(Nc2nccc(-c3cn(C)c4ccccc34)n2)c(OC)cc1N(C)CCN(C)CCCCCCCC(=O)NC(C(=O)N1CC(O)CC1C(=O)NCc1ccc(-c2scnc2C)cc1)C(C)(C)C,[*:1]CN(C)CCN(C)c1cc(OC)c(Nc2nccc(-c3cn(C)c4ccccc34)n2)cc1NC(=O)C=C,[*:2]CC(=O)NC(C(=O)N1CC(O)CC1C(=O)NCc1ccc(-c2scnc2C)cc1)C(C)(C)C,[*:1]CCCCC[*:2]
C=CC(=O)Nc1cc(Nc2nccc(-c3cn(C)c4ccccc34)n2)c(OC)cc1N(C)CCN(C)CC(=O)NCCOCCOCC(=O)NC(C(=O)N1CC(O)CC1C(=O)NCc1ccc(-c2scnc2C)cc1)C(C)(C)C,[*:1]CN(C)CCN(C)c1cc(OC)c(Nc2nccc(-c3cn(C)c4ccccc34)n2)cc1NC(=O)C=C,[*:2]CC(=O)NC(C(=O)N1CC(O)CC1C(=O)NCc1ccc(-c2scnc2C)cc1)C(C)(C)C,[*:1]C(=O)NCCOCCO[*:2]
COc1cc(N2CCN(CC(=O)NCCCCCCC(=O)NC(C(=O)N3CC(O)CC3C(=O)NCc3ccc(-c4scnc4C)cc3)C(C)(C)C)CC2)c(NC(=O)C(C#N)=CC2CC2)cc1Nc1nccc(-c2cn(C)c3ccccc23)n1,[*:1]CN1CCN(c2cc(OC)c(Nc3nccc(-c4cn(C)c5ccccc45)n3)cc2NC(=O)C(C#N)=CC2CC2)CC1,[*:2]CC(=O)NC(C(=O)N1CC(O)CC1C(=O)NCc1ccc(-c2scnc2C)cc1)C(C)(C)C,[*:1]C(=O)NCCCCC[*:2]
COc1cc(N2CCN(CC(=O)NCCCCCCC(=O)NC(C(=O)N3CC(O)CC3C(=O)NCc3ccc(-c4scnc4C)cc3)C(C)(C)C)CC2)c(NC(=O)C(C#N)=Cc2ccncc2)cc1Nc1nccc(-c2cn(C)c3ccccc23)n1,[*:1]CN1CCN(c2cc(OC)c(Nc3nccc(-c4cn(C)c5ccccc45)n3)cc2NC(=O)C(C#N)=Cc2ccncc2)CC1,[*:2]CC(=O)NC(C(=O)N1CC(O)CC1C(=O)NCc1ccc(-c2scnc2C)cc1)C(C)(C)C,[*:1]C(=O)NCCCCC[*:2]
COc1cc(N2CCN(C)CC2)c(NC(=O)C(C#N)=CC(C)(C)NC(=O)CCCCCC(=O)NC(C(=O)N2CC(O)CC2C(=O)NCc2ccc(-c3scnc3C)cc2)C(C)(C)C)cc1Nc1nccc(-c2cn(C)c3ccccc23)n1,[*:1]C(=O)Nc1cc(Nc2nccc(-c3cn(C)c4ccccc34)n2)c(OC)cc1N1CCN(C)CC1,[*:2]CC(=O)NC(C(=O)N1CC(O)CC1C(=O)NCc1ccc(-c2scnc2C)cc1)C(C)(C)C,[*:1]C(C#N)=CC(C)(C)NC(=O)CCCC[*:2]
COc1cc(N(C)CCN(C)C)c(NC(=O)C(C#N)=CC(C)(C)NC(=O)CCCCCCC(=O)NC(C(=O)N2CC(O)CC2C(=O)NCc2ccc(-c3scnc3C)cc2)C(C)(C)C)cc1Nc1nccc(-c2cn(C)c3ccccc23)n1,[*:1]C(=O)Nc1cc(Nc2nccc(-c3cn(C)c4ccccc34)n2)c(OC)cc1N(C)CCN(C)C,[*:2]CC(=O)NC(C(=O)N1CC(O)CC1C(=O)NCc1ccc(-c2scnc2C)cc1)C(C)(C)C,[*:1]C(C#N)=CC(C)(C)NC(=O)CCCCC[*:2]
C=CC(=O)N1CCC(n2c(Nc3ccccc3)nc3cnc(Nc4ccc(N5CCN(CCCCCCC(=O)NC(C(=O)N6CC(O)CC6C(=O)NCc6ccc(-c7scnc7C)cc6)C(C)(C)C)CC5)cc4)nc32)C1,[*:1]CN1CCN(c2ccc(Nc3ncc4nc(Nc5ccccc5)n(C5CCN(C(=O)C=C)C5)c4n3)cc2)CC1,[*:2]CC(=O)NC(C(=O)N1CC(O)CC1C(=O)NCc1ccc(-c2scnc2C)cc1)C(C)(C)C,[*:1]CCCC[*:2]
C=CC(=O)N1CCCC(n2c(Nc3ccccc3)nc3cnc(Nc4ccc(N5CCN(CCCCCCC(=O)NC(C(=O)N6CC(O)CC6C(=O)NCc6ccc(-c7scnc7C)cc6)C(C)(C)C)CC5)cc4)nc32)C1,[*:1]CN1CCN(c2ccc(Nc3ncc4nc(Nc5ccccc5)n(C5CCCN(C(=O)C=C)C5)c4n3)cc2)CC1,[*:2]CC(=O)NC(C(=O)N1CC(O)CC1C(=O)NCc1ccc(-c2scnc2C)cc1)C(C)(C)C,[*:1]CCCC[*:2]
C=CC(=O)N1CCCC(n2c(Nc3ccccc3)nc3cnc(Nc4ccc(N5CCN(CCCCCCCC(=O)NC(C(=O)N6CC(O)CC6C(=O)NCc6ccc(-c7scnc7C)cc6)C(C)(C)C)CC5)cc4)nc32)C1,[*:1]CN1CCN(c2ccc(Nc3ncc4nc(Nc5ccccc5)n(C5CCCN(C(=O)C=C)C5)c4n3)cc2)CC1,[*:2]CC(=O)NC(C(=O)N1CC(O)CC1C(=O)NCc1ccc(-c2scnc2C)cc1)C(C)(C)C,[*:1]CCCCC[*:2]
C=CC(=O)N1CCCC(n2c(Nc3ccccc3)nc3cnc(Nc4ccc(N5CCN(CC(=O)NCCCCCC(=O)NC(C(=O)N6CC(O)CC6C(=O)NCc6ccc(-c7scnc7C)cc6)C(C)(C)C)CC5)cc4)nc32)C1,[*:1]CN1CCN(c2ccc(Nc3ncc4nc(Nc5ccccc5)n(C5CCCN(C(=O)C=C)C5)c4n3)cc2)CC1,[*:2]CC(=O)NC(C(=O)N1CC(O)CC1C(=O)NCc1ccc(-c2scnc2C)cc1)C(C)(C)C,[*:1]C(=O)NCCCC[*:2]
C=CC(=O)N1CCCC(n2c(Nc3ccccc3)nc3cnc(Nc4ccc(N5CCN(CC(=O)NCCCCCCC(=O)NC(C(=O)N6CC(O)CC6C(=O)NCc6ccc(-c7scnc7C)cc6)C(C)(C)C)CC5)cc4)nc32)C1,[*:1]CN1CCN(c2ccc(Nc3ncc4nc(Nc5ccccc5)n(C5CCCN(C(=O)C=C)C5)c4n3)cc2)CC1,[*:2]CC(=O)NC(C(=O)N1CC(O)CC1C(=O)NCc1ccc(-c2scnc2C)cc1)C(C)(C)C,[*:1]C(=O)NCCCCC[*:2]
C=CC(=O)N1CCCC(n2c(Nc3ccccc3)nc3cnc(Nc4ccc(N5CCN(CC(=O)NCCOCCOCC(=O)NC(C(=O)N6CC(O)CC6C(=O)NCc6ccc(-c7scnc7C)cc6)C(C)(C)C)CC5)cc4)nc32)C1,[*:1]CN1CCN(c2ccc(Nc3ncc4nc(Nc5ccccc5)n(C5CCCN(C(=O)C=C)C5)c4n3)cc2)CC1,[*:2]CC(=O)NC(C(=O)N1CC(O)CC1C(=O)NCc1ccc(-c2scnc2C)cc1)C(C)(C)C,[*:1]C(=O)NCCOCCO[*:2]
C=CC(=O)N1CCCC(n2c(Nc3ccccc3)nc3cnc(Nc4ccc(N5CCN(CCCCCCCC(=O)NC(C(=O)N6CC(O)CC6C(=O)NC(C)c6ccc(-c7scnc7C)cc6)C(C)(C)C)CC5)cc4)nc32)C1,[*:1]CN1CCN(c2ccc(Nc3ncc4nc(Nc5ccccc5)n(C5CCCN(C(=O)C=C)C5)c4n3)cc2)CC1,[*:2]CC(=O)NC(C(=O)N1CC(O)CC1C(=O)NC(C)c1ccc(-c2scnc2C)cc1)C(C)(C)C,[*:1]CCCCC[*:2]
CCC(=O)N1CCCC(n2c(Nc3ccccc3)nc3cnc(Nc4ccc(N5CCN(CCCCCCCC(=O)NC(C(=O)N6CC(O)CC6C(=O)NC(C)c6ccc(-c7scnc7C)cc6)C(C)(C)C)CC5)cc4)nc32)C1,[*:1]CN1CCN(c2ccc(Nc3ncc4nc(Nc5ccccc5)n(C5CCCN(C(=O)CC)C5)c4n3)cc2)CC1,[*:2]CC(=O)NC(C(=O)N1CC(O)CC1C(=O)NC(C)c1ccc(-c2scnc2C)cc1)C(C)(C)C,[*:1]CCCCC[*:2]
Cc1cc(Cn2c(N3CC4(CNC4)C3)nc3c(N4CCN(CCCCCC(=O)NC(C(=O)N5CC(O)CC5C(=O)NC(C)c5ccc(-c6scnc6C)cc5)C(C)(C)C)CC4)cc(Cl)cc32)cc(C)c1F,[*:1]CN1CCN(c2cc(Cl)cc3c2nc(N2CC4(CNC4)C2)n3Cc2cc(C)c(F)c(C)c2)CC1,[*:2]CC(=O)NC(C(=O)N1CC(O)CC1C(=O)NC(C)c1ccc(-c2scnc2C)cc1)C(C)(C)C,[*:1]CCC[*:2]
Cc1cc(Cn2c(N3CC4(CNC4)C3)nc3c(N4CCN(CCCCCCC(=O)NC(C(=O)N5CC(O)CC5C(=O)NC(C)c5ccc(-c6scnc6C)cc5)C(C)(C)C)CC4)cc(Cl)cc32)cc(C)c1F,[*:1]CN1CCN(c2cc(Cl)cc3c2nc(N2CC4(CNC4)C2)n3Cc2cc(C)c(F)c(C)c2)CC1,[*:2]CC(=O)NC(C(=O)N1CC(O)CC1C(=O)NC(C)c1ccc(-c2scnc2C)cc1)C(C)(C)C,[*:1]CCCC[*:2]
Cc1cc(Cn2c(N3CC4(CNC4)C3)nc3c(N4CCN(CCCCCCCC(=O)NC(C(=O)N5CC(O)CC5C(=O)NC(C)c5ccc(-c6scnc6C)cc5)C(C)(C)C)CC4)cc(Cl)cc32)cc(C)c1F,[*:1]CN1CCN(c2cc(Cl)cc3c2nc(N2CC4(CNC4)C2)n3Cc2cc(C)c(F)c(C)c2)CC1,[*:2]CC(=O)NC(C(=O)N1CC(O)CC1C(=O)NC(C)c1ccc(-c2scnc2C)cc1)C(C)(C)C,[*:1]CCCCC[*:2]
Cc1cc(Cn2c(N3CC4(CNC4)C3)nc3c(N4CCN(CCCCCCCCC(=O)NC(C(=O)N5CC(O)CC5C(=O)NC(C)c5ccc(-c6scnc6C)cc5)C(C)(C)C)CC4)cc(Cl)cc32)cc(C)c1F,[*:1]CN1CCN(c2cc(Cl)cc3c2nc(N2CC4(CNC4)C2)n3Cc2cc(C)c(F)c(C)c2)CC1,[*:2]CC(=O)NC(C(=O)N1CC(O)CC1C(=O)NC(C)c1ccc(-c2scnc2C)cc1)C(C)(C)C,[*:1]CCCCCC[*:2]
Cc1cc(Cn2c(N3CC4(CNC4)C3)nc3c(N4CCN(CCCCCCCCCC(=O)NC(C(=O)N5CC(O)CC5C(=O)NC(C)c5ccc(-c6scnc6C)cc5)C(C)(C)C)CC4)cc(Cl)cc32)cc(C)c1F,[*:1]CN1CCN(c2cc(Cl)cc3c2nc(N2CC4(CNC4)C2)n3Cc2cc(C)c(F)c(C)c2)CC1,[*:2]CC(=O)NC(C(=O)N1CC(O)CC1C(=O)NC(C)c1ccc(-c2scnc2C)cc1)C(C)(C)C,[*:1]CCCCCCC[*:2]
Cc1cc(Cn2c(N3CC4(CNC4)C3)nc3c(N4CCN(CCCCCCCCCCC(=O)NC(C(=O)N5CC(O)CC5C(=O)NC(C)c5ccc(-c6scnc6C)cc5)C(C)(C)C)CC4)cc(Cl)cc32)cc(C)c1F,[*:1]CN1CCN(c2cc(Cl)cc3c2nc(N2CC4(CNC4)C2)n3Cc2cc(C)c(F)c(C)c2)CC1,[*:2]CC(=O)NC(C(=O)N1CC(O)CC1C(=O)NC(C)c1ccc(-c2scnc2C)cc1)C(C)(C)C,[*:1]CCCCCCCC[*:2]
Cc1cc(Cn2c(N3CC4(CNC4)C3)nc3c(N4CCN(CCCCCCCCCCCC(=O)NC(C(=O)N5CC(O)CC5C(=O)NC(C)c5ccc(-c6scnc6C)cc5)C(C)(C)C)CC4)cc(Cl)cc32)cc(C)c1F,[*:1]CN1CCN(c2cc(Cl)cc3c2nc(N2CC4(CNC4)C2)n3Cc2cc(C)c(F)c(C)c2)CC1,[*:2]CC(=O)NC(C(=O)N1CC(O)CC1C(=O)NC(C)c1ccc(-c2scnc2C)cc1)C(C)(C)C,[*:1]CCCCCCCCC[*:2]
Cc1cc(Cn2c(N3CC4(CNC4)C3)nc3c(N4CCN(CCOCCOCC(=O)NC(C(=O)N5CC(O)CC5C(=O)NC(C)c5ccc(-c6scnc6C)cc5)C(C)(C)C)CC4)cc(Cl)cc32)cc(C)c1F,[*:1]CN1CCN(c2cc(Cl)cc3c2nc(N2CC4(CNC4)C2)n3Cc2cc(C)c(F)c(C)c2)CC1,[*:2]CC(=O)NC(C(=O)N1CC(O)CC1C(=O)NC(C)c1ccc(-c2scnc2C)cc1)C(C)(C)C,[*:1]COCCO[*:2]
Cc1cc(Cn2c(N3CC4(CNC4)C3)nc3c(N4CCN(CCOCCOCCC(=O)NC(C(=O)N5CC(O)CC5C(=O)NC(C)c5ccc(-c6scnc6C)cc5)C(C)(C)C)CC4)cc(Cl)cc32)cc(C)c1F,[*:1]CN1CCN(c2cc(Cl)cc3c2nc(N2CC4(CNC4)C2)n3Cc2cc(C)c(F)c(C)c2)CC1,[*:2]CC(=O)NC(C(=O)N1CC(O)CC1C(=O)NC(C)c1ccc(-c2scnc2C)cc1)C(C)(C)C,[*:1]COCCOC[*:2]
Cc1cc(Cn2c(N3CC4(CNC4)C3)nc3c(N4CCN(CCOCCOCCOCCC(=O)NC(C(=O)N5CC(O)CC5C(=O)NC(C)c5ccc(-c6scnc6C)cc5)C(C)(C)C)CC4)cc(Cl)cc32)cc(C)c1F,[*:1]CN1CCN(c2cc(Cl)cc3c2nc(N2CC4(CNC4)C2)n3Cc2cc(C)c(F)c(C)c2)CC1,[*:2]CC(=O)NC(C(=O)N1CC(O)CC1C(=O)NC(C)c1ccc(-c2scnc2C)cc1)C(C)(C)C,[*:1]COCCOCCOC[*:2]
Cc1cc(Cn2c(N3CC4(CNC4)C3)nc3c(N4CCN(CCC(=O)NCCCC(=O)NC(C(=O)N5CC(O)CC5C(=O)NC(C)c5ccc(-c6scnc6C)cc5)C(C)(C)C)CC4)cc(Cl)cc32)cc(C)c1F,[*:1]CN1CCN(c2cc(Cl)cc3c2nc(N2CC4(CNC4)C2)n3Cc2cc(C)c(F)c(C)c2)CC1,[*:2]CC(=O)NC(C(=O)N1CC(O)CC1C(=O)NC(C)c1ccc(-c2scnc2C)cc1)C(C)(C)C,[*:1]CC(=O)NCC[*:2]
Cc1cc(Cn2c(N3CC4(CNC4)C3)nc3c(N4CCN(CCCC(=O)NCCCC(=O)NC(C(=O)N5CC(O)CC5C(=O)NC(C)c5ccc(-c6scnc6C)cc5)C(C)(C)C)CC4)cc(Cl)cc32)cc(C)c1F,[*:1]CN1CCN(c2cc(Cl)cc3c2nc(N2CC4(CNC4)C2)n3Cc2cc(C)c(F)c(C)c2)CC1,[*:2]CC(=O)NC(C(=O)N1CC(O)CC1C(=O)NC(C)c1ccc(-c2scnc2C)cc1)C(C)(C)C,[*:1]CCC(=O)NCC[*:2]
Cc1cc(Cn2c(N3CC4(CNC4)C3)nc3c(N4CCN(CCCCC(=O)NCCCC(=O)NC(C(=O)N5CC(O)CC5C(=O)NC(C)c5ccc(-c6scnc6C)cc5)C(C)(C)C)CC4)cc(Cl)cc32)cc(C)c1F,[*:1]CN1CCN(c2cc(Cl)cc3c2nc(N2CC4(CNC4)C2)n3Cc2cc(C)c(F)c(C)c2)CC1,[*:2]CC(=O)NC(C(=O)N1CC(O)CC1C(=O)NC(C)c1ccc(-c2scnc2C)cc1)C(C)(C)C,[*:1]CCCC(=O)NCC[*:2]
Cc1cc(Cn2c(N3CC4(CNC4)C3)nc3c(N4CCN(CC5CCN(CC(=O)NC(C(=O)N6CC(O)CC6C(=O)NC(C)c6ccc(-c7scnc7C)cc6)C(C)(C)C)CC5)CC4)cc(Cl)cc32)cc(C)c1F,[*:1]CN1CCN(c2cc(Cl)cc3c2nc(N2CC4(CNC4)C2)n3Cc2cc(C)c(F)c(C)c2)CC1,[*:2]CC(=O)NC(C(=O)N1CC(O)CC1C(=O)NC(C)c1ccc(-c2scnc2C)cc1)C(C)(C)C,[*:1]C1CCN([*:2])CC1
Cc1cc(Cn2c(N3CC4(CNC4)C3)nc3c(N4CCN(CC5CCN(CCC(=O)NC(C(=O)N6CC(O)CC6C(=O)NC(C)c6ccc(-c7scnc7C)cc6)C(C)(C)C)CC5)CC4)cc(Cl)cc32)cc(C)c1F,[*:1]CN1CCN(c2cc(Cl)cc3c2nc(N2CC4(CNC4)C2)n3Cc2cc(C)c(F)c(C)c2)CC1,[*:2]CC(=O)NC(C(=O)N1CC(O)CC1C(=O)NC(C)c1ccc(-c2scnc2C)cc1)C(C)(C)C,[*:1]C1CCN(C[*:2])CC1
Cc1cc(Cn2c(N3CC4(CNC4)C3)nc3c(N4CCN(CC5CCN(CCCC(=O)NC(C(=O)N6CC(O)CC6C(=O)NC(C)c6ccc(-c7scnc7C)cc6)C(C)(C)C)CC5)CC4)cc(Cl)cc32)cc(C)c1F,[*:1]CN1CCN(c2cc(Cl)cc3c2nc(N2CC4(CNC4)C2)n3Cc2cc(C)c(F)c(C)c2)CC1,[*:2]CC(=O)NC(C(=O)N1CC(O)CC1C(=O)NC(C)c1ccc(-c2scnc2C)cc1)C(C)(C)C,[*:1]C1CCN(CC[*:2])CC1
O=C(COc1cccc2c1C(=O)N(C1CCC(=O)NC1=O)C2=O)NCCCCNC(=O)Cc1sc(NN=C(Cc2ccccc2[N+](=O)[O-])C(=O)O)nc1-c1ccc(Cl)c(Cl)c1,[*:1]c1sc(NN=C(Cc2ccccc2[N+](=O)[O-])C(=O)O)nc1-c1ccc(Cl)c(Cl)c1,[*:2]c1cccc2c1C(=O)N(C1CCC(=O)NC1=O)C2=O,[*:1]CC(=O)NCCCCNC(=O)CO[*:2]
Cc1ncsc1-c1ccc(CNC(=O)C2CC(O)CN2C(=O)C(NC(=O)COCCn2cc(CCCS(=O)(=O)c3ccc(Nc4nccc(-c5cnc(C)n5C(C)C)n4)cc3)nn2)C(C)(C)C)cc1,[*:1]CS(=O)(=O)c1ccc(Nc2nccc(-c3cnc(C)n3C(C)C)n2)cc1,[*:2]CC(=O)NC(C(=O)N1CC(O)CC1C(=O)NCc1ccc(-c2scnc2C)cc1)C(C)(C)C,[*:1]CCc1cn(CCO[*:2])nn1
O=C1CCC(N2C(=O)c3cccc(NCCOCCOCCOCCn4cc(COC5CCC(NC(=O)c6n[nH]cc6NC(=O)c6c(F)cccc6F)CC5)nn4)c3C2=O)C(=O)N1,[*:1]OC1CCC(NC(=O)c2n[nH]cc2NC(=O)c2c(F)cccc2F)CC1,[*:2]Nc1cccc2c1C(=O)N(C1CCC(=O)NC1=O)C2=O,[*:1]Cc1cn(CCOCCOCCOCC[*:2])nn1
Cc1ncsc1-c1ccc(CNC(=O)C2CC(O)CN2C(=O)C(NC(=O)COCCn2cc(COC3CCC(NC(=O)c4n[nH]cc4NC(=O)c4c(F)cccc4F)CC3)nn2)C(C)(C)C)cc1,[*:1]OC1CCC(NC(=O)c2n[nH]cc2NC(=O)c2c(F)cccc2F)CC1,[*:2]CC(=O)NC(C(=O)N1CC(O)CC1C(=O)NCc1ccc(-c2scnc2C)cc1)C(C)(C)C,[*:1]Cc1cn(CCO[*:2])nn1
CCC1c2nnc(C)n2-c2cnc(Nc3ccc(C(=O)NC4CCN(CCCCCOc5cccc6c5C(=O)N(C5CCC(=O)NC5=O)C6=O)CC4)cc3OC)nc2N1CC1CCCCC1,[*:1]CN1CCC(NC(=O)c2ccc(Nc3ncc4c(n3)N(CC3CCCCC3)C(CC)c3nnc(C)n3-4)c(OC)c2)CC1,[*:2]c1cccc2c1C(=O)N(C1CCC(=O)NC1=O)C2=O,[*:1]CCCCO[*:2]
CCC1c2nnc(C)n2-c2cnc(Nc3ccc(C(=O)NC4CCN(CCCCCCOc5cccc6c5C(=O)N(C5CCC(=O)NC5=O)C6=O)CC4)cc3OC)nc2N1CC1CCCCC1,[*:1]CN1CCC(NC(=O)c2ccc(Nc3ncc4c(n3)N(CC3CCCCC3)C(CC)c3nnc(C)n3-4)c(OC)c2)CC1,[*:2]c1cccc2c1C(=O)N(C1CCC(=O)NC1=O)C2=O,[*:1]CCCCCO[*:2]
CCC1c2nnc(C)n2-c2cnc(Nc3ccc(C(=O)NC4CCN(CCCCCCCOc5cccc6c5C(=O)N(C5CCC(=O)NC5=O)C6=O)CC4)cc3OC)nc2N1CC1CCCCC1,[*:1]CN1CCC(NC(=O)c2ccc(Nc3ncc4c(n3)N(CC3CCCCC3)C(CC)c3nnc(C)n3-4)c(OC)c2)CC1,[*:2]c1cccc2c1C(=O)N(C1CCC(=O)NC1=O)C2=O,[*:1]CCCCCCO[*:2]
CCC1c2nnc(C)n2-c2cnc(Nc3ccc(C(=O)NC4CCN(CCCCCCCCOc5cccc6c5C(=O)N(C5CCC(=O)NC5=O)C6=O)CC4)cc3OC)nc2N1CC1CCCCC1,[*:1]CN1CCC(NC(=O)c2ccc(Nc3ncc4c(n3)N(CC3CCCCC3)C(CC)c3nnc(C)n3-4)c(OC)c2)CC1,[*:2]c1cccc2c1C(=O)N(C1CCC(=O)NC1=O)C2=O,[*:1]CCCCCCCO[*:2]
CCC1c2nnc(C)n2-c2cnc(Nc3ccc(C(=O)NC4CCN(CCCCCCCCCOc5cccc6c5C(=O)N(C5CCC(=O)NC5=O)C6=O)CC4)cc3OC)nc2N1CC1CCCCC1,[*:1]CN1CCC(NC(=O)c2ccc(Nc3ncc4c(n3)N(CC3CCCCC3)C(CC)c3nnc(C)n3-4)c(OC)c2)CC1,[*:2]c1cccc2c1C(=O)N(C1CCC(=O)NC1=O)C2=O,[*:1]CCCCCCCCO[*:2]
CCC1c2nnc(C)n2-c2cnc(Nc3ccc(C(=O)NC4CCN(CCCCCCCCCCOc5cccc6c5C(=O)N(C5CCC(=O)NC5=O)C6=O)CC4)cc3OC)nc2N1CC1CCCCC1,[*:1]CN1CCC(NC(=O)c2ccc(Nc3ncc4c(n3)N(CC3CCCCC3)C(CC)c3nnc(C)n3-4)c(OC)c2)CC1,[*:2]c1cccc2c1C(=O)N(C1CCC(=O)NC1=O)C2=O,[*:1]CCCCCCCCCO[*:2]
CCC1c2nnc(C)n2-c2cnc(Nc3ccc(C(=O)NC4CCN(CCCCCCCCCCCOc5cccc6c5C(=O)N(C5CCC(=O)NC5=O)C6=O)CC4)cc3OC)nc2N1CC1CCCCC1,[*:1]CN1CCC(NC(=O)c2ccc(Nc3ncc4c(n3)N(CC3CCCCC3)C(CC)c3nnc(C)n3-4)c(OC)c2)CC1,[*:2]c1cccc2c1C(=O)N(C1CCC(=O)NC1=O)C2=O,[*:1]CCCCCCCCCCO[*:2]
CCC1c2nnc(C)n2-c2cnc(Nc3ccc(C(=O)NC4CCN(CCCCNC(=O)COc5cccc6c5C(=O)N(C5CCC(=O)NC5=O)C6=O)CC4)cc3OC)nc2N1CC1CCCCC1,[*:1]CN1CCC(NC(=O)c2ccc(Nc3ncc4c(n3)N(CC3CCCCC3)C(CC)c3nnc(C)n3-4)c(OC)c2)CC1,[*:2]c1cccc2c1C(=O)N(C1CCC(=O)NC1=O)C2=O,[*:1]CCCNC(=O)CO[*:2]
Cc1ncsc1-c1ccc(CNC(=O)C2CC(O)CN2C(=O)C(NC(=O)CCOCCCN2CCCC2COc2nc3c(c(N4CCN(C(=O)C(C#N)=CC5CC5)C(CC#N)C4)n2)CCN(c2cccc4cccc(Cl)c24)C3)C(C)(C)C)cc1,[*:1]CN1CCCC1COc1nc2c(c(N3CCN(C(=O)C(C#N)=CC4CC4)C(CC#N)C3)n1)CCN(c1cccc3cccc(Cl)c13)C2,[*:2]CC(=O)NC(C(=O)N1CC(O)CC1C(=O)NCc1ccc(-c2scnc2C)cc1)C(C)(C)C,[*:1]CCOC[*:2]
O=C1CCC(N2C(=O)c3cccc(NCCCCNC(=O)NC4CCC(Nc5ncnc6[nH]cc(C(=O)c7ccc(Oc8ccccc8)cc7Cl)c56)CC4)c3C2=O)C(=O)N1,[*:1]NC1CCC(Nc2ncnc3[nH]cc(C(=O)c4ccc(Oc5ccccc5)cc4Cl)c23)CC1,[*:2]Nc1cccc2c1C(=O)N(C1CCC(=O)NC1=O)C2=O,[*:1]C(=O)NCCCC[*:2]
O=C1CCC(N2C(=O)c3cccc(NCCOCCOCCNC(=O)NC4CCC(Nc5ncnc6[nH]cc(C(=O)c7ccc(Oc8ccccc8)cc7Cl)c56)CC4)c3C2=O)C(=O)N1,[*:1]NC1CCC(Nc2ncnc3[nH]cc(C(=O)c4ccc(Oc5ccccc5)cc4Cl)c23)CC1,[*:2]Nc1cccc2c1C(=O)N(C1CCC(=O)NC1=O)C2=O,[*:1]C(=O)NCCOCCOCC[*:2]
O=C1CCC(N2C(=O)c3cccc(NCCOCCOCCOCCNC(=O)NC4CCC(Nc5ncnc6[nH]cc(C(=O)c7ccc(Oc8ccccc8)cc7Cl)c56)CC4)c3C2=O)C(=O)N1,[*:1]NC1CCC(Nc2ncnc3[nH]cc(C(=O)c4ccc(Oc5ccccc5)cc4Cl)c23)CC1,[*:2]Nc1cccc2c1C(=O)N(C1CCC(=O)NC1=O)C2=O,[*:1]C(=O)NCCOCCOCCOCC[*:2]
O=C1CCC(N2C(=O)c3cccc(NCCOCCOCCOCCOCCNC(=O)NC4CCC(Nc5ncnc6[nH]cc(C(=O)c7ccc(Oc8ccccc8)cc7Cl)c56)CC4)c3C2=O)C(=O)N1,[*:1]NC1CCC(Nc2ncnc3[nH]cc(C(=O)c4ccc(Oc5ccccc5)cc4Cl)c23)CC1,[*:2]Nc1cccc2c1C(=O)N(C1CCC(=O)NC1=O)C2=O,[*:1]C(=O)NCCOCCOCCOCCOCC[*:2]
O=C1CCC(N2C(=O)c3cccc(NCCOCCOCCOCCOCCOCCNC(=O)NC4CCC(Nc5ncnc6[nH]cc(C(=O)c7ccc(Oc8ccccc8)cc7Cl)c56)CC4)c3C2=O)C(=O)N1,[*:1]NC1CCC(Nc2ncnc3[nH]cc(C(=O)c4ccc(Oc5ccccc5)cc4Cl)c23)CC1,[*:2]Nc1cccc2c1C(=O)N(C1CCC(=O)NC1=O)C2=O,[*:1]C(=O)NCCOCCOCCOCCOCCOCC[*:2]
O=C(CCCON=C1C(=C2C(=O)N(Cc3cn(CCOCCNc4cccc5c4C(=O)N(C4CCC(=O)NC4=O)C5=O)nn3)c3ccccc32)Nc2ccccc21)NO,[*:1]N1C(=O)C(=C2Nc3ccccc3C2=NOCCCC(=O)NO)c2ccccc21,[*:2]Nc1cccc2c1C(=O)N(C1CCC(=O)NC1=O)C2=O,[*:1]Cc1cn(CCOCC[*:2])nn1
O=C(CCCON=C1C(=C2C(=O)N(Cc3cn(CCOCCOCCNc4cccc5c4C(=O)N(C4CCC(=O)NC4=O)C5=O)nn3)c3ccccc32)Nc2ccccc21)NO,[*:1]N1C(=O)C(=C2Nc3ccccc3C2=NOCCCC(=O)NO)c2ccccc21,[*:2]Nc1cccc2c1C(=O)N(C1CCC(=O)NC1=O)C2=O,[*:1]Cc1cn(CCOCCOCC[*:2])nn1
O=C(CCCON=C1C(=C2C(=O)N(Cc3cn(CCOCCOCCOCCNc4cccc5c4C(=O)N(C4CCC(=O)NC4=O)C5=O)nn3)c3ccccc32)Nc2ccccc21)NO,[*:1]N1C(=O)C(=C2Nc3ccccc3C2=NOCCCC(=O)NO)c2ccccc21,[*:2]Nc1cccc2c1C(=O)N(C1CCC(=O)NC1=O)C2=O,[*:1]Cc1cn(CCOCCOCCOCC[*:2])nn1
O=C(CCCON=C1C(=C2C(=O)N(Cc3cn(CCOCCOCCOCCOCCNc4cccc5c4C(=O)N(C4CCC(=O)NC4=O)C5=O)nn3)c3ccccc32)Nc2ccccc21)NO,[*:1]N1C(=O)C(=C2Nc3ccccc3C2=NOCCCC(=O)NO)c2ccccc21,[*:2]Nc1cccc2c1C(=O)N(C1CCC(=O)NC1=O)C2=O,[*:1]Cc1cn(CCOCCOCCOCCOCC[*:2])nn1
O=C(CCCON=C1C(=C2C(=O)N(Cc3cn(CCOCCOCCOCCOCCOCCNc4cccc5c4C(=O)N(C4CCC(=O)NC4=O)C5=O)nn3)c3ccccc32)Nc2ccccc21)NO,[*:1]N1C(=O)C(=C2Nc3ccccc3C2=NOCCCC(=O)NO)c2ccccc21,[*:2]Nc1cccc2c1C(=O)N(C1CCC(=O)NC1=O)C2=O,[*:1]Cc1cn(CCOCCOCCOCCOCCOCC[*:2])nn1
COc1cc(C2CCN(CCCCCC(=O)NC(C(=O)N3CC(O)CC3C(=O)NC(C)c3ccc(-c4scnc4C)cc3)C(C)(C)C)CC2)ccc1Nc1ncc(Cl)c(Nc2ccccc2NS(C)(=O)=O)n1,[*:1]N1CCC(c2ccc(Nc3ncc(Cl)c(Nc4ccccc4NS(C)(=O)=O)n3)c(OC)c2)CC1,[*:2]CC(=O)NC(C(=O)N1CC(O)CC1C(=O)NC(C)c1ccc(-c2scnc2C)cc1)C(C)(C)C,[*:1]CCCC[*:2]
COc1cc(N2CCN(CCCCCC(=O)NC(C(=O)N3CC(O)CC3C(=O)NC(C)c3ccc(-c4scnc4C)cc3)C(C)(C)C)CC2)ccc1Nc1ncc(Cl)c(Nc2ccccc2P(C)(C)=O)n1,[*:1]N1CCN(c2ccc(Nc3ncc(Cl)c(Nc4ccccc4P(C)(C)=O)n3)c(OC)c2)CC1,[*:2]CC(=O)NC(C(=O)N1CC(O)CC1C(=O)NC(C)c1ccc(-c2scnc2C)cc1)C(C)(C)C,[*:1]CCCC[*:2]
COc1cc(N2CCN(CCCC(=O)NC(C(=O)N3CC(O)CC3C(=O)NC(C)c3ccc(-c4scnc4C)cc3)C(C)(C)C)CC2)ccc1Nc1ncc(Cl)c(Nc2ccccc2P(C)(C)=O)n1,[*:1]N1CCN(c2ccc(Nc3ncc(Cl)c(Nc4ccccc4P(C)(C)=O)n3)c(OC)c2)CC1,[*:2]CC(=O)NC(C(=O)N1CC(O)CC1C(=O)NC(C)c1ccc(-c2scnc2C)cc1)C(C)(C)C,[*:1]CC[*:2]
COc1cc(N2CCN(CCCCC(=O)NC(C(=O)N3CC(O)CC3C(=O)NC(C)c3ccc(-c4scnc4C)cc3)C(C)(C)C)CC2)ccc1Nc1ncc(Cl)c(Nc2ccccc2P(C)(C)=O)n1,[*:1]N1CCN(c2ccc(Nc3ncc(Cl)c(Nc4ccccc4P(C)(C)=O)n3)c(OC)c2)CC1,[*:2]CC(=O)NC(C(=O)N1CC(O)CC1C(=O)NC(C)c1ccc(-c2scnc2C)cc1)C(C)(C)C,[*:1]CCC[*:2]
COc1cc(N2CCN(CCCCCCC(=O)NC(C(=O)N3CC(O)CC3C(=O)NC(C)c3ccc(-c4scnc4C)cc3)C(C)(C)C)CC2)ccc1Nc1ncc(Cl)c(Nc2ccccc2P(C)(C)=O)n1,[*:1]N1CCN(c2ccc(Nc3ncc(Cl)c(Nc4ccccc4P(C)(C)=O)n3)c(OC)c2)CC1,[*:2]CC(=O)NC(C(=O)N1CC(O)CC1C(=O)NC(C)c1ccc(-c2scnc2C)cc1)C(C)(C)C,[*:1]CCCCC[*:2]
COc1cc(N2CCN(CCCCCCCC(=O)NC(C(=O)N3CC(O)CC3C(=O)NC(C)c3ccc(-c4scnc4C)cc3)C(C)(C)C)CC2)ccc1Nc1ncc(Cl)c(Nc2ccccc2P(C)(C)=O)n1,[*:1]N1CCN(c2ccc(Nc3ncc(Cl)c(Nc4ccccc4P(C)(C)=O)n3)c(OC)c2)CC1,[*:2]CC(=O)NC(C(=O)N1CC(O)CC1C(=O)NC(C)c1ccc(-c2scnc2C)cc1)C(C)(C)C,[*:1]CCCCCC[*:2]
COc1cc(N2CCN(CCCCCCCCC(=O)NC(C(=O)N3CC(O)CC3C(=O)NC(C)c3ccc(-c4scnc4C)cc3)C(C)(C)C)CC2)ccc1Nc1ncc(Cl)c(Nc2ccccc2P(C)(C)=O)n1,[*:1]N1CCN(c2ccc(Nc3ncc(Cl)c(Nc4ccccc4P(C)(C)=O)n3)c(OC)c2)CC1,[*:2]CC(=O)NC(C(=O)N1CC(O)CC1C(=O)NC(C)c1ccc(-c2scnc2C)cc1)C(C)(C)C,[*:1]CCCCCCC[*:2]
NC(=O)CCC(NC(=O)C1CCC2CCN(C(=O)CCCCCC#Cc3cccc4c3CN(C3CCC(=O)NC3=O)C4=O)CC(NC(=O)c3cc4cc(C(=O)P(=O)(O)O)ccc4[nH]3)C(=O)N21)C(=O)NC(c1ccccc1)c1ccccc1,[*:1]CC(=O)N1CCC2CCC(C(=O)NC(CCC(N)=O)C(=O)NC(c3ccccc3)c3ccccc3)N2C(=O)C(NC(=O)c2cc3cc(C(=O)P(=O)(O)O)ccc3[nH]2)C1,[*:2]#Cc1cccc2c1CN(C1CCC(=O)NC1=O)C2=O,[*:1]CCCCC#[*:2]
COc1cc(OC)c(Cl)c(NC(=O)N(C)c2cc(Nc3ccc(N4CCN(CCC(=O)NC(C(=O)N5CC(O)CC5C(=O)NC(C)c5ccc(-c6scnc6C)cc5)C(C)(C)C)CC4)cc3)ncn2)c1Cl,[*:1]CCN1CCN(c2ccc(Nc3cc(N(C)C(=O)Nc4c(Cl)c(OC)cc(OC)c4Cl)ncn3)cc2)CC1,[*:2]NC(C(=O)N1CC(O)CC1C(=O)NC(C)c1ccc(-c2scnc2C)cc1)C(C)(C)C,[*:1]C([*:2])=O
COc1cc(OC)c(Cl)c(NC(=O)N(C)c2cc(Nc3ccc(N4CCN(CCCC(=O)NC(C(=O)N5CC(O)CC5C(=O)NC(C)c5ccc(-c6scnc6C)cc5)C(C)(C)C)CC4)cc3)ncn2)c1Cl,[*:1]CCN1CCN(c2ccc(Nc3cc(N(C)C(=O)Nc4c(Cl)c(OC)cc(OC)c4Cl)ncn3)cc2)CC1,[*:2]NC(C(=O)N1CC(O)CC1C(=O)NC(C)c1ccc(-c2scnc2C)cc1)C(C)(C)C,[*:1]CC([*:2])=O
COc1cc(OC)c(Cl)c(NC(=O)N(C)c2cc(Nc3ccc(N4CCN(CCCCCC(=O)NC(C(=O)N5CC(O)CC5C(=O)NC(C)c5ccc(-c6scnc6C)cc5)C(C)(C)C)CC4)cc3)ncn2)c1Cl,[*:1]CCN1CCN(c2ccc(Nc3cc(N(C)C(=O)Nc4c(Cl)c(OC)cc(OC)c4Cl)ncn3)cc2)CC1,[*:2]CC(=O)NC(C(=O)N1CC(O)CC1C(=O)NC(C)c1ccc(-c2scnc2C)cc1)C(C)(C)C,[*:1]CC[*:2]
Cc1ncsc1-c1ccc(CNC(=O)C2CC(O)CN2C(=O)C(NC(=O)COCc2cn(CCOCCOCCOc3cc(C(=O)c4cc(Cl)ccc4NS(=O)(=O)c4ccc(C(C)(C)C)cc4)cc[n+]3[O-])nn2)C(C)(C)C)cc1,[*:1]c1cc(C(=O)c2cc(Cl)ccc2NS(=O)(=O)c2ccc(C(C)(C)C)cc2)cc[n+]1[O-],[*:2]CC(=O)NC(C(=O)N1CC(O)CC1C(=O)NCc1ccc(-c2scnc2C)cc1)C(C)(C)C,[*:1]OCCOCCOCCn1cc(CO[*:2])nn1
Cc1sc2c(c1C)C(c1ccc(Cl)cc1)=NC(CC(=O)NCc1cn(CCCCNC(=O)COc3cccc4c3C(=O)N(C3CCC(=O)NC3=O)C4=O)nn1)c1nnc(C)n1-2,[*:1]NC(=O)CC1N=C(c2ccc(Cl)cc2)c2c(sc(C)c2C)-n2c(C)nnc21,[*:2]c1cccc2c1C(=O)N(C1CCC(=O)NC1=O)C2=O,[*:1]Cc1cn(CCCCNC(=O)CO[*:2])nn1
Cc1sc2c(c1C)C(c1ccc(Cl)cc1)=NC(CC(=O)NCc1cn(CCCCNC(=O)CNc3cccc4c3C(=O)N(C3CCC(=O)NC3=O)C4=O)nn1)c1nnc(C)n1-2,[*:1]NC(=O)CC1N=C(c2ccc(Cl)cc2)c2c(sc(C)c2C)-n2c(C)nnc21,[*:2]Nc1cccc2c1C(=O)N(C1CCC(=O)NC1=O)C2=O,[*:1]Cc1cn(CCCCNC(=O)C[*:2])nn1
Cc1sc2c(c1C)C(c1ccc(Cl)cc1)=NC(CC(=O)NCc1cn(CCCCNC(=O)COc3ccc(C4CCC(=O)NC4=O)cc3)nn1)c1nnc(C)n1-2,[*:1]NC(=O)CC1N=C(c2ccc(Cl)cc2)c2c(sc(C)c2C)-n2c(C)nnc21,[*:2]c1ccc(C2CCC(=O)NC2=O)cc1,[*:1]Cc1cn(CCCCNC(=O)CO[*:2])nn1
Cc1sc2c(c1C)C(c1ccc(Cl)cc1)=NC(CC(=O)NCc1cn(CCCCNC(=O)CNc3ccc(C4CCC(=O)NC4=O)cc3)nn1)c1nnc(C)n1-2,[*:1]NC(=O)CC1N=C(c2ccc(Cl)cc2)c2c(sc(C)c2C)-n2c(C)nnc21,[*:2]c1ccc(C2CCC(=O)NC2=O)cc1,[*:1]Cc1cn(CCCCNC(=O)CN[*:2])nn1
Cc1sc2c(c1C)C(c1ccc(Cl)cc1)=NC(CC(=O)NCCCCNC(=O)COc1ccc(C3CCC(=O)NC3=O)cc1)c1nnc(C)n1-2,[*:1]NC(=O)CC1N=C(c2ccc(Cl)cc2)c2c(sc(C)c2C)-n2c(C)nnc21,[*:2]c1ccc(C2CCC(=O)NC2=O)cc1,[*:1]CCCCNC(=O)CO[*:2]
Cc1sc2c(c1C)C(c1ccc(Cl)cc1)=NC(CC(=O)NCCCCCNC(=O)COc1ccc(C3CCC(=O)NC3=O)cc1)c1nnc(C)n1-2,[*:1]NC(=O)CC1N=C(c2ccc(Cl)cc2)c2c(sc(C)c2C)-n2c(C)nnc21,[*:2]c1ccc(C2CCC(=O)NC2=O)cc1,[*:1]CCCCCNC(=O)CO[*:2]
Cc1sc2c(c1C)C(c1ccc(Cl)cc1)=NC(CC(=O)NCCCCNC(=O)COc1cccc(C3CCC(=O)NC3=O)c1)c1nnc(C)n1-2,[*:1]NC(=O)CC1N=C(c2ccc(Cl)cc2)c2c(sc(C)c2C)-n2c(C)nnc21,[*:2]c1cccc(C2CCC(=O)NC2=O)c1,[*:1]CCCCNC(=O)CO[*:2]
Cc1sc2c(c1C)C(c1ccc(Cl)cc1)=NC(CC(=O)NCCCCCNC(=O)COc1cccc(C3CCC(=O)NC3=O)c1)c1nnc(C)n1-2,[*:1]NC(=O)CC1N=C(c2ccc(Cl)cc2)c2c(sc(C)c2C)-n2c(C)nnc21,[*:2]c1cccc(C2CCC(=O)NC2=O)c1,[*:1]CCCCCNC(=O)CO[*:2]
CC1CCC2(C(=O)OCCOC(=O)CCOCCOCCOCCNc3cccc4c3C(=O)N(C3CCC(=O)NC3=O)C4=O)CCC3(C)C(=CCC4C5(C)CCC(O)C(C)(C)C5CCC43C)C2C1C,[*:1]OC(=O)C12CCC(C)C(C)C1C1=CCC3C4(C)CCC(O)C(C)(C)C4CCC3(C)C1(C)CC2,[*:2]Nc1cccc2c1C(=O)N(C1CCC(=O)NC1=O)C2=O,[*:1]CCOC(=O)CCOCCOCCOCC[*:2]
CC1CCC2(C(=O)OCCOC(=O)CCOCCOCCn3cc(CNc4cccc5c4C(=O)N(C4CCC(=O)NC4=O)C5=O)nn3)CCC3(C)C(=CCC4C5(C)CCC(O)C(C)(C)C5CCC43C)C2C1C,[*:1]OC(=O)C12CCC(C)C(C)C1C1=CCC3C4(C)CCC(O)C(C)(C)C4CCC3(C)C1(C)CC2,[*:2]Nc1cccc2c1C(=O)N(C1CCC(=O)NC1=O)C2=O,[*:1]CCOC(=O)CCOCCOCCn1cc(C[*:2])nn1
COc1cc(Cl)c(-c2cc(Cl)ccc2Cl)cc1C(=O)N1CCN(C(=O)C=CC(=O)NCCNc2cccc3c2C(=O)N(C2CCC(=O)NC2=O)C3=O)CC1,[*:1]C=CC(=O)N1CCN(C(=O)c2cc(-c3cc(Cl)ccc3Cl)c(Cl)cc2OC)CC1,[*:2]Nc1cccc2c1C(=O)N(C1CCC(=O)NC1=O)C2=O,[*:1]C(=O)NCC[*:2]
COc1cc(Cl)c(-c2cc(Cl)ccc2Cl)cc1C(=O)N1CCN(C(=O)C=CC(=O)NCCCNc2cccc3c2C(=O)N(C2CCC(=O)NC2=O)C3=O)CC1,[*:1]C=CC(=O)N1CCN(C(=O)c2cc(-c3cc(Cl)ccc3Cl)c(Cl)cc2OC)CC1,[*:2]Nc1cccc2c1C(=O)N(C1CCC(=O)NC1=O)C2=O,[*:1]C(=O)NCCC[*:2]
COc1cc(Cl)c(-c2cc(Cl)ccc2Cl)cc1C(=O)N1CCN(C(=O)C=CC(=O)NCCCCNc2cccc3c2C(=O)N(C2CCC(=O)NC2=O)C3=O)CC1,[*:1]C=CC(=O)N1CCN(C(=O)c2cc(-c3cc(Cl)ccc3Cl)c(Cl)cc2OC)CC1,[*:2]Nc1cccc2c1C(=O)N(C1CCC(=O)NC1=O)C2=O,[*:1]C(=O)NCCCC[*:2]
COc1cc(Cl)c(-c2cc(Cl)ccc2Cl)cc1C(=O)N1CCN(C(=O)C=CC(=O)NCCCCCCNc2cccc3c2C(=O)N(C2CCC(=O)NC2=O)C3=O)CC1,[*:1]C=CC(=O)N1CCN(C(=O)c2cc(-c3cc(Cl)ccc3Cl)c(Cl)cc2OC)CC1,[*:2]Nc1cccc2c1C(=O)N(C1CCC(=O)NC1=O)C2=O,[*:1]C(=O)NCCCCCC[*:2]
COc1cc(Cl)c(-c2cc(Cl)ccc2Cl)cc1C(=O)N1CCN(C(=O)C=CC(=O)N2CCN(CC(=O)NCCNc3cccc4c3C(=O)N(C3CCC(=O)NC3=O)C4=O)CC2)CC1,[*:1]C=CC(=O)N1CCN(C(=O)c2cc(-c3cc(Cl)ccc3Cl)c(Cl)cc2OC)CC1,[*:2]Nc1cccc2c1C(=O)N(C1CCC(=O)NC1=O)C2=O,[*:1]C(=O)N1CCN(CC(=O)NCC[*:2])CC1
COc1cc(Cl)c(-c2cc(Cl)ccc2Cl)cc1C(=O)N1CCN(C(=O)C=CC(=O)N2CCN(CC(=O)NCCCNc3cccc4c3C(=O)N(C3CCC(=O)NC3=O)C4=O)CC2)CC1,[*:1]C=CC(=O)N1CCN(C(=O)c2cc(-c3cc(Cl)ccc3Cl)c(Cl)cc2OC)CC1,[*:2]Nc1cccc2c1C(=O)N(C1CCC(=O)NC1=O)C2=O,[*:1]C(=O)N1CCN(CC(=O)NCCC[*:2])CC1
COc1cc(Cl)c(-c2cc(Cl)ccc2Cl)cc1C(=O)N1CCN(C(=O)C=CC(=O)N2CCN(CC(=O)NCCCCNc3cccc4c3C(=O)N(C3CCC(=O)NC3=O)C4=O)CC2)CC1,[*:1]C=CC(=O)N1CCN(C(=O)c2cc(-c3cc(Cl)ccc3Cl)c(Cl)cc2OC)CC1,[*:2]Nc1cccc2c1C(=O)N(C1CCC(=O)NC1=O)C2=O,[*:1]C(=O)N1CCN(CC(=O)NCCCC[*:2])CC1
COc1cc(Cl)c(-c2cc(Cl)ccc2Cl)cc1C(=O)N1CCN(C(=O)C=CC(=O)N2CCN(CC(=O)NCCCCCCNc3cccc4c3C(=O)N(C3CCC(=O)NC3=O)C4=O)CC2)CC1,[*:1]C=CC(=O)N1CCN(C(=O)c2cc(-c3cc(Cl)ccc3Cl)c(Cl)cc2OC)CC1,[*:2]Nc1cccc2c1C(=O)N(C1CCC(=O)NC1=O)C2=O,[*:1]C(=O)N1CCN(CC(=O)NCCCCCC[*:2])CC1
Cc1nc(N2CCC3(CC2)COC(C)C3N)c(CO)nc1-c1ccc(OCCOCCOCCOCCNC(=O)COc2cccc3c2C(=O)N(C2CCC(=O)NC2=O)C3=O)c(Cl)c1Cl,[*:1]c1ccc(-c2nc(CO)c(N3CCC4(CC3)COC(C)C4N)nc2C)c(Cl)c1Cl,[*:2]c1cccc2c1C(=O)N(C1CCC(=O)NC1=O)C2=O,[*:1]OCCOCCOCCOCCNC(=O)CO[*:2]
Cc1nc(N2CCC3(CC2)COC(C)C3N)c(CO)nc1-c1ccc(OCCOCCOCCOCCOCCOCCNC(=O)COc2cccc3c2C(=O)N(C2CCC(=O)NC2=O)C3=O)c(Cl)c1Cl,[*:1]c1ccc(-c2nc(CO)c(N3CCC4(CC3)COC(C)C4N)nc2C)c(Cl)c1Cl,[*:2]c1cccc2c1C(=O)N(C1CCC(=O)NC1=O)C2=O,[*:1]OCCOCCOCCOCCOCCOCCNC(=O)CO[*:2]
Cc1nc(N2CCC3(CC2)COC(C)C3N)c(CO)nc1-c1ccc(OCCOCCOCCOCCOCCOCCOCCOCCNC(=O)COc2cccc3c2C(=O)N(C2CCC(=O)NC2=O)C3=O)c(Cl)c1Cl,[*:1]c1ccc(-c2nc(CO)c(N3CCC4(CC3)COC(C)C4N)nc2C)c(Cl)c1Cl,[*:2]c1cccc2c1C(=O)N(C1CCC(=O)NC1=O)C2=O,[*:1]OCCOCCOCCOCCOCCOCCOCCOCCNC(=O)CO[*:2]
C=CCn1c(=O)c2cnc(Nc3ccc(N4CCN(CCCC(=O)NC(C(=O)N5CC(O)CC5C(=O)NCc5ccc(-c6scnc6C)cc5)C(C)(C)C)CC4)cc3)nc2n1-c1cccc(C(C)(C)O)n1,[*:1]CN1CCN(c2ccc(Nc3ncc4c(=O)n(CC=C)n(-c5cccc(C(C)(C)O)n5)c4n3)cc2)CC1,[*:2]CC(=O)NC(C(=O)N1CC(O)CC1C(=O)NCc1ccc(-c2scnc2C)cc1)C(C)(C)C,[*:1]C[*:2]
C=CCn1c(=O)c2cnc(Nc3ccc(N4CCN(CCCC(=O)NCCCC(=O)NC(C(=O)N5CC(O)CC5C(=O)NCc5ccc(-c6scnc6C)cc5)C(C)(C)C)CC4)cc3)nc2n1-c1cccc(C(C)(C)O)n1,[*:1]CN1CCN(c2ccc(Nc3ncc4c(=O)n(CC=C)n(-c5cccc(C(C)(C)O)n5)c4n3)cc2)CC1,[*:2]CC(=O)NC(C(=O)N1CC(O)CC1C(=O)NCc1ccc(-c2scnc2C)cc1)C(C)(C)C,[*:1]CCC(=O)NCC[*:2]
C=CCn1c(=O)c2cnc(Nc3ccc(N4CCN(CCCC(=O)NCCCCCC(=O)NC(C(=O)N5CC(O)CC5C(=O)NCc5ccc(-c6scnc6C)cc5)C(C)(C)C)CC4)cc3)nc2n1-c1cccc(C(C)(C)O)n1,[*:1]CN1CCN(c2ccc(Nc3ncc4c(=O)n(CC=C)n(-c5cccc(C(C)(C)O)n5)c4n3)cc2)CC1,[*:2]CC(=O)NC(C(=O)N1CC(O)CC1C(=O)NCc1ccc(-c2scnc2C)cc1)C(C)(C)C,[*:1]CCC(=O)NCCCC[*:2]
C=CCn1c(=O)c2cnc(Nc3ccc(N4CCN(CCCC(=O)NCCCCCCCC(=O)NC(C(=O)N5CC(O)CC5C(=O)NCc5ccc(-c6scnc6C)cc5)C(C)(C)C)CC4)cc3)nc2n1-c1cccc(C(C)(C)O)n1,[*:1]CN1CCN(c2ccc(Nc3ncc4c(=O)n(CC=C)n(-c5cccc(C(C)(C)O)n5)c4n3)cc2)CC1,[*:2]CC(=O)NC(C(=O)N1CC(O)CC1C(=O)NCc1ccc(-c2scnc2C)cc1)C(C)(C)C,[*:1]CCC(=O)NCCCCCC[*:2]
C=CCn1c(=O)c2cnc(Nc3ccc(N4CCN(CCCC(=O)NCCCCCCCCCCC(=O)NC(C(=O)N5CC(O)CC5C(=O)NCc5ccc(-c6scnc6C)cc5)C(C)(C)C)CC4)cc3)nc2n1-c1cccc(C(C)(C)O)n1,[*:1]CN1CCN(c2ccc(Nc3ncc4c(=O)n(CC=C)n(-c5cccc(C(C)(C)O)n5)c4n3)cc2)CC1,[*:2]CC(=O)NC(C(=O)N1CC(O)CC1C(=O)NCc1ccc(-c2scnc2C)cc1)C(C)(C)C,[*:1]CCC(=O)NCCCCCCCCC[*:2]
C=CCn1c(=O)c2cnc(Nc3ccc(N4CCN(CCCC(=O)NCCOCCOCCOCC(=O)NC(C(=O)N5CC(O)CC5C(=O)NCc5ccc(-c6scnc6C)cc5)C(C)(C)C)CC4)cc3)nc2n1-c1cccc(C(C)(C)O)n1,[*:1]CN1CCN(c2ccc(Nc3ncc4c(=O)n(CC=C)n(-c5cccc(C(C)(C)O)n5)c4n3)cc2)CC1,[*:2]CC(=O)NC(C(=O)N1CC(O)CC1C(=O)NCc1ccc(-c2scnc2C)cc1)C(C)(C)C,[*:1]CCC(=O)NCCOCCOCCO[*:2]
C=CCn1c(=O)c2cnc(Nc3ccc(N4CCN(CCCC(=O)NCCOCCOCCOCCOCCC(=O)NC(C(=O)N5CC(O)CC5C(=O)NCc5ccc(-c6scnc6C)cc5)C(C)(C)C)CC4)cc3)nc2n1-c1cccc(C(C)(C)O)n1,[*:1]CN1CCN(c2ccc(Nc3ncc4c(=O)n(CC=C)n(-c5cccc(C(C)(C)O)n5)c4n3)cc2)CC1,[*:2]CC(=O)NC(C(=O)N1CC(O)CC1C(=O)NCc1ccc(-c2scnc2C)cc1)C(C)(C)C,[*:1]CCC(=O)NCCOCCOCCOCCOC[*:2]
Cc1ncsc1-c1ccc(C(C)NC(=O)C2CC(O)CN2C(=O)C(NC(=O)CCOc2ccc(-c3csc(N4CCOCC4)n3)cc2)C(C)(C)C)cc1,[*:1]c1ccc(-c2csc(N3CCOCC3)n2)cc1,[*:2]CC(=O)NC(C(=O)N1CC(O)CC1C(=O)NC(C)c1ccc(-c2scnc2C)cc1)C(C)(C)C,[*:1]OC[*:2]
Cc1ncsc1-c1ccc(C(C)NC(=O)C2CC(O)CN2C(=O)C(NC(=O)CCCOc2ccc(-c3csc(N4CCOCC4)n3)cc2)C(C)(C)C)cc1,[*:1]c1ccc(-c2csc(N3CCOCC3)n2)cc1,[*:2]CC(=O)NC(C(=O)N1CC(O)CC1C(=O)NC(C)c1ccc(-c2scnc2C)cc1)C(C)(C)C,[*:1]OCC[*:2]
Cc1ncsc1-c1ccc(C(C)NC(=O)C2CC(O)CN2C(=O)C(NC(=O)COc2ccc(-c3csc(N4CCOCC4)n3)cc2)C(C)(C)C)cc1,[*:1]c1ccc(-c2csc(N3CCOCC3)n2)cc1,[*:2]CC(=O)NC(C(=O)N1CC(O)CC1C(=O)NC(C)c1ccc(-c2scnc2C)cc1)C(C)(C)C,[*:1]O[*:2]
Cc1ncsc1-c1ccc(C(C)NC(=O)C2CC(O)CN2C(=O)C(NC(=O)c2ccc(-c3csc(N4CCOCC4)n3)cc2)C(C)(C)C)cc1,[*:1]c1ccc(-c2csc(N3CCOCC3)n2)cc1,[*:2]NC(C(=O)N1CC(O)CC1C(=O)NC(C)c1ccc(-c2scnc2C)cc1)C(C)(C)C,[*:1]C([*:2])=O
Cc1ncsc1-c1ccc(C(C)NC(=O)C2CC(O)CN2C(=O)C(NC(=O)CCCCOc2ccc(-c3csc(N4CCOCC4)n3)cc2)C(C)(C)C)cc1,[*:1]c1ccc(-c2csc(N3CCOCC3)n2)cc1,[*:2]CC(=O)NC(C(=O)N1CC(O)CC1C(=O)NC(C)c1ccc(-c2scnc2C)cc1)C(C)(C)C,[*:1]OCCC[*:2]
Cc1ncsc1-c1ccc(C(C)NC(=O)C2CC(O)CN2C(=O)C(NC(=O)CCCCCOc2ccc(-c3csc(N4CCOCC4)n3)cc2)C(C)(C)C)cc1,[*:1]c1ccc(-c2csc(N3CCOCC3)n2)cc1,[*:2]CC(=O)NC(C(=O)N1CC(O)CC1C(=O)NC(C)c1ccc(-c2scnc2C)cc1)C(C)(C)C,[*:1]OCCCC[*:2]
Cc1ncsc1-c1ccc(CNC(=O)C2CC(O)CN2C(=O)C(NC(=O)C2(F)CC2)C(C)(C)C)c(OCCOc2ccc(-c3csc(N4CCOCC4)n3)cc2)c1,[*:1]c1ccc(-c2csc(N3CCOCC3)n2)cc1,[*:2]Oc1cc(-c2scnc2C)ccc1CNC(=O)C1CC(O)CN1C(=O)C(NC(=O)C1(F)CC1)C(C)(C)C,[*:1]OCC[*:2]
Cc1ncsc1-c1ccc(CNC(=O)C2CC(O)CN2C(=O)C(NC(=O)C2(F)CC2)C(C)(C)C)c(OCCCOc2ccc(-c3csc(N4CCOCC4)n3)cc2)c1,[*:1]c1ccc(-c2csc(N3CCOCC3)n2)cc1,[*:2]Oc1cc(-c2scnc2C)ccc1CNC(=O)C1CC(O)CN1C(=O)C(NC(=O)C1(F)CC1)C(C)(C)C,[*:1]OCCC[*:2]
Cc1ncsc1-c1ccc(CNC(=O)C2CC(O)CN2C(=O)C(NC(=O)C2(F)CC2)C(C)(C)C)c(OCCCCOc2ccc(-c3csc(N4CCOCC4)n3)cc2)c1,[*:1]c1ccc(-c2csc(N3CCOCC3)n2)cc1,[*:2]Oc1cc(-c2scnc2C)ccc1CNC(=O)C1CC(O)CN1C(=O)C(NC(=O)C1(F)CC1)C(C)(C)C,[*:1]OCCCC[*:2]
Cc1ncsc1-c1ccc(CNC(=O)C2CC(O)CN2C(=O)C(NC(=O)C2(F)CC2)C(C)(C)C)c(OCCCCCCOc2ccc(-c3csc(N4CCOCC4)n3)cc2)c1,[*:1]c1ccc(-c2csc(N3CCOCC3)n2)cc1,[*:2]Oc1cc(-c2scnc2C)ccc1CNC(=O)C1CC(O)CN1C(=O)C(NC(=O)C1(F)CC1)C(C)(C)C,[*:1]OCCCCCC[*:2]
Cc1ncsc1-c1ccc(CNC(=O)C2CC(O)CN2C(=O)C(NC(=O)C2(F)CC2)C(C)(C)C)c(OCCCCCCCCOc2ccc(-c3csc(N4CCOCC4)n3)cc2)c1,[*:1]c1ccc(-c2csc(N3CCOCC3)n2)cc1,[*:2]Oc1cc(-c2scnc2C)ccc1CNC(=O)C1CC(O)CN1C(=O)C(NC(=O)C1(F)CC1)C(C)(C)C,[*:1]OCCCCCCCC[*:2]
CC(C)CNc1ccnc(NCc2csc(-c3ccc(C(=O)NCCOCCOCCNC(=O)C(CC(C)C)NC(=O)C(O)C(N)Cc4ccccc4)cc3)n2)n1,[*:1]COCCNC(=O)c1ccc(-c2nc(CNc3nccc(NCC(C)C)n3)cs2)cc1,[*:2]CNC(=O)C(CC(C)C)NC(=O)C(O)C(N)Cc1ccccc1,[*:1]COC[*:2]
CC(C)CNc1ccnc(NCc2csc(-c3ccc(C(=O)NCCOCCOCCOCCNC(=O)C(CC(C)C)NC(=O)C(O)C(N)Cc4ccccc4)cc3)n2)n1,[*:1]COCCNC(=O)c1ccc(-c2nc(CNc3nccc(NCC(C)C)n3)cs2)cc1,[*:2]CNC(=O)C(CC(C)C)NC(=O)C(O)C(N)Cc1ccccc1,[*:1]COCCOC[*:2]
CNC(C)C(=O)NC(C(=O)N1CCCC1c1nc(C(=O)c2cccc(OCCOCCOCCNC(=O)c3ccc(-c4nc(CNc5nccc(NCC(C)C)n5)cs4)cc3)c2)cs1)C1CCCCC1,[*:1]COCCNC(=O)c1ccc(-c2nc(CNc3nccc(NCC(C)C)n3)cs2)cc1,[*:2]COc1cccc(C(=O)c2csc(C3CCCN3C(=O)C(NC(=O)C(C)NC)C3CCCCC3)n2)c1,[*:1]COC[*:2]
CNC(C)C(=O)NC(C(=O)N1CCCC1c1nc(C(=O)c2cccc(OCCOCCOCCOCCNC(=O)c3ccc(-c4nc(CNc5nccc(NCC(C)C)n5)cs4)cc3)c2)cs1)C1CCCCC1,[*:1]COCCNC(=O)c1ccc(-c2nc(CNc3nccc(NCC(C)C)n3)cs2)cc1,[*:2]COc1cccc(C(=O)c2csc(C3CCCN3C(=O)C(NC(=O)C(C)NC)C3CCCCC3)n2)c1,[*:1]COCCOC[*:2]
CNC(C)C(=O)NC(C(=O)N1CCCC1c1nc(C(=O)c2cccc(OCCOCCOCCOCCOCCNC(=O)c3ccc(-c4nc(CNc5nccc(NCC(C)C)n5)cs4)cc3)c2)cs1)C1CCCCC1,[*:1]COCCNC(=O)c1ccc(-c2nc(CNc3nccc(NCC(C)C)n3)cs2)cc1,[*:2]COc1cccc(C(=O)c2csc(C3CCCN3C(=O)C(NC(=O)C(C)NC)C3CCCCC3)n2)c1,[*:1]COCCOCCOC[*:2]
CNC(C)C(=O)NC(C(=O)N1CC(Oc2cccc(OCCOCCOCCNC(=O)c3ccc(-c4nc(CNc5nccc(NCC(C)C)n5)cs4)cc3)c2)CC1C(=O)NC1CCCc2ccccc21)C1CCCCC1,[*:1]COCCNC(=O)c1ccc(-c2nc(CNc3nccc(NCC(C)C)n3)cs2)cc1,[*:2]c1cccc(OC2CC(C(=O)NC3CCCc4ccccc43)N(C(=O)C(NC(=O)C(C)NC)C3CCCCC3)C2)c1,[*:1]COCCO[*:2]
CNC(C)C(=O)NC(C(=O)N1CC(Oc2cccc(OCCOCCOCCOCCNC(=O)c3ccc(-c4nc(CNc5nccc(NCC(C)C)n5)cs4)cc3)c2)CC1C(=O)NC1CCCc2ccccc21)C1CCCCC1,[*:1]COCCNC(=O)c1ccc(-c2nc(CNc3nccc(NCC(C)C)n3)cs2)cc1,[*:2]c1cccc(OC2CC(C(=O)NC3CCCc4ccccc43)N(C(=O)C(NC(=O)C(C)NC)C3CCCCC3)C2)c1,[*:1]COCCOCCO[*:2]
CNC(C)C(=O)NC(C(=O)N1CC(Oc2cccc(OCCOCCOCCOCCOCCNC(=O)c3ccc(-c4nc(CNc5nccc(NCC(C)C)n5)cs4)cc3)c2)CC1C(=O)NC1CCCc2ccccc21)C1CCCCC1,[*:1]COCCNC(=O)c1ccc(-c2nc(CNc3nccc(NCC(C)C)n3)cs2)cc1,[*:2]c1cccc(OC2CC(C(=O)NC3CCCc4ccccc43)N(C(=O)C(NC(=O)C(C)NC)C3CCCCC3)C2)c1,[*:1]COCCOCCOCCO[*:2]
CC1CC2(CCN(c3ccc(C(=O)N4CCC(CN5Cc6cc7c(cc6C5)C(=O)N(C5CCC(=O)NC5=O)C7=O)CC4)cc3)CC2)CN1c1ccc(C#N)c(Cl)c1,[*:1]N1CCC2(CC1)CC(C)N(c1ccc(C#N)c(Cl)c1)C2,[*:2]N1Cc2cc3c(cc2C1)C(=O)N(C1CCC(=O)NC1=O)C3=O,[*:1]c1ccc(C(=O)N2CCC(C[*:2])CC2)cc1
COC1(CN2Cc3cc4c(cc3C2)C(=O)N(C2CCC(=O)NC2=O)C4=O)CCN(C(=O)c2ccc(N3CCC4(CC3)CC(C)N(c3ccc(C#N)c(Cl)c3)C4)cc2)CC1,[*:1]N1CCC2(CC1)CC(C)N(c1ccc(C#N)c(Cl)c1)C2,[*:2]N1Cc2cc3c(cc2C1)C(=O)N(C1CCC(=O)NC1=O)C3=O,[*:1]c1ccc(C(=O)N2CCC(C[*:2])(OC)CC2)cc1
CCC1CC2(CCN(c3ccc(C(=O)N4CCC(N5Cc6cc7c(cc6C5)C(=O)N(C5CCC(=O)NC5=O)C7=O)CC4)cc3)CC2)CN1c1ccc(C#N)c(Cl)c1,[*:1]N1CCC2(CC1)CC(CC)N(c1ccc(C#N)c(Cl)c1)C2,[*:2]N1Cc2cc3c(cc2C1)C(=O)N(C1CCC(=O)NC1=O)C3=O,[*:1]c1ccc(C(=O)N2CCC([*:2])CC2)cc1
CCC1CC2(CCN(c3ccc(C(=O)N4CCN(C5CN(c6ccc7c(c6)C(=O)N(C6CCC(=O)NC6=O)C7=O)C5)CC4)cc3)CC2)CN1c1ccc(C#N)c(Cl)c1,[*:1]N1CCC2(CC1)CC(CC)N(c1ccc(C#N)c(Cl)c1)C2,[*:2]c1ccc2c(c1)C(=O)N(C1CCC(=O)NC1=O)C2=O,[*:1]c1ccc(C(=O)N2CCN(C3CN([*:2])C3)CC2)cc1
CC1CC2(CCN(c3ccc(C(=O)N4CC(CN5Cc6cc7c(cc6C5)C(=O)N(C5CCC(=O)NC5=O)C7=O)C4)cc3)CC2)CN1c1ccc(C#N)c(Cl)c1,[*:1]N1CCC2(CC1)CC(C)N(c1ccc(C#N)c(Cl)c1)C2,[*:2]N1Cc2cc3c(cc2C1)C(=O)N(C1CCC(=O)NC1=O)C3=O,[*:1]c1ccc(C(=O)N2CC(C[*:2])C2)cc1
CC1CC2(CCN(c3ccc(C(=O)N4CCC(F)(CN5Cc6cc7c(cc6C5)C(=O)N(C5CCC(=O)NC5=O)C7)CC4)cc3)CC2)CN1c1ccc(C#N)c(Cl)c1,[*:1]N1CCC2(CC1)CC(C)N(c1ccc(C#N)c(Cl)c1)C2,[*:2]N1Cc2cc3c(cc2C1)C(=O)N(C1CCC(=O)NC1=O)C3,[*:1]c1ccc(C(=O)N2CCC(F)(C[*:2])CC2)cc1
CC1CC2(CCN(c3ccc(C(=O)N4CCC5(CC4)CC(N4Cc6cc7c(cc6C4)C(=O)N(C4CCC(=O)NC4=O)C7=O)C5)cc3)CC2)CN1c1ccc(C#N)c(Cl)c1,[*:1]N1CCC2(CC1)CC(C)N(c1ccc(C#N)c(Cl)c1)C2,[*:2]N1Cc2cc3c(cc2C1)C(=O)N(C1CCC(=O)NC1=O)C3=O,[*:1]c1ccc(C(=O)N2CCC3(CC2)CC([*:2])C3)cc1
CC1CC2(CCN(c3ccc(C(=O)N4CCN(CC(=O)N5Cc6cc7c(cc6C5)C(=O)N(C5CCC(=O)NC5=O)C7=O)CC4)cc3)CC2)CN1c1ccc(C#N)c(Cl)c1,[*:1]CN1CCN(C(=O)c2ccc(N3CCC4(CC3)CC(C)N(c3ccc(C#N)c(Cl)c3)C4)cc2)CC1,[*:2]N1Cc2cc3c(cc2C1)C(=O)N(C1CCC(=O)NC1=O)C3=O,[*:1]C([*:2])=O
CC1CC2(CCN(c3ccc(C(=O)N4CCN(C(=O)CN5Cc6cc7c(cc6C5)C(=O)N(C5CCC(=O)NC5=O)C7=O)CC4)cc3)CC2)CN1c1ccc(C#N)c(Cl)c1,[*:1]N1CCC2(CC1)CC(C)N(c1ccc(C#N)c(Cl)c1)C2,[*:2]N1Cc2cc3c(cc2C1)C(=O)N(C1CCC(=O)NC1=O)C3=O,[*:1]c1ccc(C(=O)N2CCN(C(=O)C[*:2])CC2)cc1
CC1CC2(CCN(c3ccc(C(=O)N4CCN(C(=O)CN5Cc6cc7c(cc6C5)C(=O)N(C5CCC(=O)NC5=O)C7)CC4)cc3)CC2)CN1c1ccc(C#N)c(Cl)c1,[*:1]N1CCC2(CC1)CC(C)N(c1ccc(C#N)c(Cl)c1)C2,[*:2]N1Cc2cc3c(cc2C1)C(=O)N(C1CCC(=O)NC1=O)C3,[*:1]c1ccc(C(=O)N2CCN(C(=O)C[*:2])CC2)cc1
N#CCC(C1CCCC1)n1cc(-c2nc(Nc3ccc(C(=O)NCCCCNc4cccc5c4C(=O)N(C4CCC(=O)NC4=O)C5=O)cc3)nc3[nH]ccc23)cn1,[*:1]c1nc(-c2cnn(C(CC#N)C3CCCC3)c2)c2cc[nH]c2n1,[*:2]Nc1cccc2c1C(=O)N(C1CCC(=O)NC1=O)C2=O,[*:1]Nc1ccc(C(=O)NCCCC[*:2])cc1
CCCCn1cc(-c2ccc(OC3CCN(CC4CCN(C(=O)c5ccc(OC)c(N6CCC(=O)NC6=O)c5)CC4)CC3F)c(OC)c2)c2ccncc2c1=O,[*:1]Oc1ccc(-c2cn(CCCC)c(=O)c3cnccc23)cc1OC,[*:2]c1ccc(OC)c(N2CCC(=O)NC2=O)c1,[*:1]C1CCN(CC2CCN(C([*:2])=O)CC2)CC1F
CCCCn1cc(-c2cc(F)c(OC3CCN(CC4CCN(C(=O)c5ccc(OC)c(N6CCC(=O)NC6=O)c5)CC4)CC3F)c(F)c2)c2ccncc2c1=O,[*:1]Oc1c(F)cc(-c2cn(CCCC)c(=O)c3cnccc23)cc1F,[*:2]c1ccc(OC)c(N2CCC(=O)NC2=O)c1,[*:1]C1CCN(CC2CCN(C([*:2])=O)CC2)CC1F
Cc1ccc(C(=O)Nc2ccc(CN3CCN(CCOCCOCCNC(=O)C(CC(C)C)NC(=O)C(O)C(N)Cc4ccccc4)CC3)c(C(F)(F)F)c2)cc1C#Cc1cnc2[nH]ncc2c1,[*:1]CN1CCN(Cc2ccc(NC(=O)c3ccc(C)c(C#Cc4cnc5[nH]ncc5c4)c3)cc2C(F)(F)F)CC1,[*:2]CNC(=O)C(CC(C)C)NC(=O)C(O)C(N)Cc1ccccc1,[*:1]COCCOC[*:2]
Nc1ncnc2c1c(-c1ccc(Oc3ccccc3)cc1)nn2C1CCCN(C(=O)c2cn(CCOCCOCCOCCCc3cccc4c3CN(C3CCC(=O)NC3=O)C4=O)nn2)C1,[*:1]N1CCCC(n2nc(-c3ccc(Oc4ccccc4)cc3)c3c(N)ncnc32)C1,[*:2]Cc1cccc2c1CN(C1CCC(=O)NC1=O)C2=O,[*:1]C(=O)c1cn(CCOCCOCCOCC[*:2])nn1
Nc1ncnc2c1c(-c1ccc(Oc3ccccc3)cc1)nn2C1CCCN(C(=O)CCCCCNc2cccc3c2C(=O)N(C2CCC(=O)NC2=O)C3=O)C1,[*:1]N1CCCC(n2nc(-c3ccc(Oc4ccccc4)cc3)c3c(N)ncnc32)C1,[*:2]Nc1cccc2c1C(=O)N(C1CCC(=O)NC1=O)C2=O,[*:1]C(=O)CCCCC[*:2]
Nc1ncnc2c1c(-c1ccc(Oc3ccccc3)cc1)nn2C1CCCN(C(=O)CCCCCNc2ccc3c(c2)C(=O)N(C2CCC(=O)NC2=O)C3=O)C1,[*:1]N1CCCC(n2nc(-c3ccc(Oc4ccccc4)cc3)c3c(N)ncnc32)C1,[*:2]Nc1ccc2c(c1)C(=O)N(C1CCC(=O)NC1=O)C2=O,[*:1]C(=O)CCCCC[*:2]
Nc1ncnc2c1c(-c1ccc(Oc3ccccc3)cc1)nn2C1CCCN(C(=O)CCCCCCNc2cccc3c2C(=O)N(C2CCC(=O)NC2=O)C3=O)C1,[*:1]N1CCCC(n2nc(-c3ccc(Oc4ccccc4)cc3)c3c(N)ncnc32)C1,[*:2]Nc1cccc2c1C(=O)N(C1CCC(=O)NC1=O)C2=O,[*:1]C(=O)CCCCCC[*:2]
Nc1ncnc2c1c(-c1ccc(Oc3ccccc3)cc1)nn2C1CCCN(C(=O)CCCCCCNc2ccc3c(c2)C(=O)N(C2CCC(=O)NC2=O)C3=O)C1,[*:1]N1CCCC(n2nc(-c3ccc(Oc4ccccc4)cc3)c3c(N)ncnc32)C1,[*:2]Nc1ccc2c(c1)C(=O)N(C1CCC(=O)NC1=O)C2=O,[*:1]C(=O)CCCCCC[*:2]
Nc1ncnc2c1c(-c1ccc(Oc3ccccc3)cc1)nn2C1CCCN(C(=O)CCCCCCCNc2ccc3c(c2)C(=O)N(C2CCC(=O)NC2=O)C3=O)C1,[*:1]N1CCCC(n2nc(-c3ccc(Oc4ccccc4)cc3)c3c(N)ncnc32)C1,[*:2]Nc1ccc2c(c1)C(=O)N(C1CCC(=O)NC1=O)C2=O,[*:1]C(=O)CCCCCCC[*:2]
Nc1ncnc2c1c(-c1ccc(Oc3ccccc3)cc1)nn2C1CCCN(C(=O)CCCCCCCCNc2cccc3c2C(=O)N(C2CCC(=O)NC2=O)C3=O)C1,[*:1]N1CCCC(n2nc(-c3ccc(Oc4ccccc4)cc3)c3c(N)ncnc32)C1,[*:2]Nc1cccc2c1C(=O)N(C1CCC(=O)NC1=O)C2=O,[*:1]C(=O)CCCCCCCC[*:2]
Nc1ncnc2c1c(-c1ccc(Oc3ccccc3)cc1)nn2C1CCCN(C(=O)CCCCCCCCNc2ccc3c(c2)C(=O)N(C2CCC(=O)NC2=O)C3=O)C1,[*:1]N1CCCC(n2nc(-c3ccc(Oc4ccccc4)cc3)c3c(N)ncnc32)C1,[*:2]Nc1ccc2c(c1)C(=O)N(C1CCC(=O)NC1=O)C2=O,[*:1]C(=O)CCCCCCCC[*:2]
Nc1ncnc2c1c(-c1ccc(Oc3ccccc3)cc1)nn2C1CCCN(C(=O)CCCCCCCCCNc2cccc3c2C(=O)N(C2CCC(=O)NC2=O)C3=O)C1,[*:1]N1CCCC(n2nc(-c3ccc(Oc4ccccc4)cc3)c3c(N)ncnc32)C1,[*:2]Nc1cccc2c1C(=O)N(C1CCC(=O)NC1=O)C2=O,[*:1]C(=O)CCCCCCCCC[*:2]
Nc1ncnc2c1c(-c1ccc(Oc3ccccc3)cc1)nn2C1CCCN(C(=O)CCCCCCCCCNc2ccc3c(c2)C(=O)N(C2CCC(=O)NC2=O)C3=O)C1,[*:1]N1CCCC(n2nc(-c3ccc(Oc4ccccc4)cc3)c3c(N)ncnc32)C1,[*:2]Nc1ccc2c(c1)C(=O)N(C1CCC(=O)NC1=O)C2=O,[*:1]C(=O)CCCCCCCCC[*:2]
Nc1ncnc2c1c(-c1ccc(Oc3ccccc3)cc1)nn2C1CCCN(C(=O)CCCCCCCCCCNc2cccc3c2C(=O)N(C2CCC(=O)NC2=O)C3=O)C1,[*:1]N1CCCC(n2nc(-c3ccc(Oc4ccccc4)cc3)c3c(N)ncnc32)C1,[*:2]Nc1cccc2c1C(=O)N(C1CCC(=O)NC1=O)C2=O,[*:1]C(=O)CCCCCCCCCC[*:2]
Nc1ncnc2c1c(-c1ccc(Oc3ccccc3)cc1)nn2C1CCCN(C(=O)CCCCCCCCCCNc2ccc3c(c2)C(=O)N(C2CCC(=O)NC2=O)C3=O)C1,[*:1]N1CCCC(n2nc(-c3ccc(Oc4ccccc4)cc3)c3c(N)ncnc32)C1,[*:2]Nc1ccc2c(c1)C(=O)N(C1CCC(=O)NC1=O)C2=O,[*:1]C(=O)CCCCCCCCCC[*:2]
Nc1ncnc2c1c(-c1ccc(Oc3ccccc3)cc1)nn2C1CCCN(C(=O)CCCCCCCCCCCNc2cccc3c2C(=O)N(C2CCC(=O)NC2=O)C3=O)C1,[*:1]N1CCCC(n2nc(-c3ccc(Oc4ccccc4)cc3)c3c(N)ncnc32)C1,[*:2]Nc1cccc2c1C(=O)N(C1CCC(=O)NC1=O)C2=O,[*:1]C(=O)CCCCCCCCCCC[*:2]
Nc1ncnc2c1c(-c1ccc(Oc3ccccc3)cc1)nn2C1CCCN(C(=O)CCCCCCCCCCCNc2ccc3c(c2)C(=O)N(C2CCC(=O)NC2=O)C3=O)C1,[*:1]N1CCCC(n2nc(-c3ccc(Oc4ccccc4)cc3)c3c(N)ncnc32)C1,[*:2]Nc1ccc2c(c1)C(=O)N(C1CCC(=O)NC1=O)C2=O,[*:1]C(=O)CCCCCCCCCCC[*:2]
Nc1ncnc2c1c(-c1ccc(Oc3ccccc3)cc1)nn2C1CCCN(C(=O)CCOCCOCCNc2ccc3c(c2)C(=O)N(C2CCC(=O)NC2=O)C3=O)C1,[*:1]N1CCCC(n2nc(-c3ccc(Oc4ccccc4)cc3)c3c(N)ncnc32)C1,[*:2]Nc1ccc2c(c1)C(=O)N(C1CCC(=O)NC1=O)C2=O,[*:1]C(=O)CCOCCOCC[*:2]
Cc1ncsc1-c1ccc(C(C)NC(=O)C2CC(O)CN2C(=O)C(NC(=O)CCCC(=O)N2CCN(CC3(C)CCC(c4ccc(Cl)cc4)=C(CN4CCN(c5ccc(C(=O)NS(=O)(=O)c6ccc(NC(CCN7CCOCC7)CSc7ccccc7)c(S(=O)(=O)C(F)(F)F)c6)cc5)CC4)C3)CC2)C(C)(C)C)cc1,[*:1]CC1(C)CCC(c2ccc(Cl)cc2)=C(CN2CCN(c3ccc(C(=O)NS(=O)(=O)c4ccc(NC(CCN5CCOCC5)CSc5ccccc5)c(S(=O)(=O)C(F)(F)F)c4)cc3)CC2)C1,[*:2]CC(=O)NC(C(=O)N1CC(O)CC1C(=O)NC(C)c1ccc(-c2scnc2C)cc1)C(C)(C)C,[*:1]N1CCN(C(=O)CC[*:2])CC1
Cc1ncsc1-c1ccc(C(C)NC(=O)C2CC(O)CN2C(=O)C(NC(=O)CCCCC(=O)N2CCN(CC3(C)CCC(c4ccc(Cl)cc4)=C(CN4CCN(c5ccc(C(=O)NS(=O)(=O)c6ccc(NC(CCN7CCOCC7)CSc7ccccc7)c(S(=O)(=O)C(F)(F)F)c6)cc5)CC4)C3)CC2)C(C)(C)C)cc1,[*:1]CC1(C)CCC(c2ccc(Cl)cc2)=C(CN2CCN(c3ccc(C(=O)NS(=O)(=O)c4ccc(NC(CCN5CCOCC5)CSc5ccccc5)c(S(=O)(=O)C(F)(F)F)c4)cc3)CC2)C1,[*:2]CC(=O)NC(C(=O)N1CC(O)CC1C(=O)NC(C)c1ccc(-c2scnc2C)cc1)C(C)(C)C,[*:1]N1CCN(C(=O)CCC[*:2])CC1
Cc1ncsc1-c1ccc(C(C)NC(=O)C2CC(O)CN2C(=O)C(NC(=O)CCCCCC(=O)N2CCN(CC3(C)CCC(c4ccc(Cl)cc4)=C(CN4CCN(c5ccc(C(=O)NS(=O)(=O)c6ccc(NC(CCN7CCOCC7)CSc7ccccc7)c(S(=O)(=O)C(F)(F)F)c6)cc5)CC4)C3)CC2)C(C)(C)C)cc1,[*:1]CC1(C)CCC(c2ccc(Cl)cc2)=C(CN2CCN(c3ccc(C(=O)NS(=O)(=O)c4ccc(NC(CCN5CCOCC5)CSc5ccccc5)c(S(=O)(=O)C(F)(F)F)c4)cc3)CC2)C1,[*:2]CC(=O)NC(C(=O)N1CC(O)CC1C(=O)NC(C)c1ccc(-c2scnc2C)cc1)C(C)(C)C,[*:1]N1CCN(C(=O)CCCC[*:2])CC1
Cc1ncsc1-c1ccc(C(C)NC(=O)C2CC(O)CN2C(=O)C(NC(=O)CCCCCCC(=O)N2CCN(CC3(C)CCC(c4ccc(Cl)cc4)=C(CN4CCN(c5ccc(C(=O)NS(=O)(=O)c6ccc(NC(CCN7CCOCC7)CSc7ccccc7)c(S(=O)(=O)C(F)(F)F)c6)cc5)CC4)C3)CC2)C(C)(C)C)cc1,[*:1]CC1(C)CCC(c2ccc(Cl)cc2)=C(CN2CCN(c3ccc(C(=O)NS(=O)(=O)c4ccc(NC(CCN5CCOCC5)CSc5ccccc5)c(S(=O)(=O)C(F)(F)F)c4)cc3)CC2)C1,[*:2]CC(=O)NC(C(=O)N1CC(O)CC1C(=O)NC(C)c1ccc(-c2scnc2C)cc1)C(C)(C)C,[*:1]N1CCN(C(=O)CCCCC[*:2])CC1
Cc1ncsc1-c1ccc(C(C)NC(=O)C2CC(O)CN2C(=O)C(NC(=O)CCCCCCCC(=O)N2CCN(CC3(C)CCC(c4ccc(Cl)cc4)=C(CN4CCN(c5ccc(C(=O)NS(=O)(=O)c6ccc(NC(CCN7CCOCC7)CSc7ccccc7)c(S(=O)(=O)C(F)(F)F)c6)cc5)CC4)C3)CC2)C(C)(C)C)cc1,[*:1]CC1(C)CCC(c2ccc(Cl)cc2)=C(CN2CCN(c3ccc(C(=O)NS(=O)(=O)c4ccc(NC(CCN5CCOCC5)CSc5ccccc5)c(S(=O)(=O)C(F)(F)F)c4)cc3)CC2)C1,[*:2]CC(=O)NC(C(=O)N1CC(O)CC1C(=O)NC(C)c1ccc(-c2scnc2C)cc1)C(C)(C)C,[*:1]N1CCN(C(=O)CCCCCC[*:2])CC1
Cc1ncsc1-c1ccc(C(C)NC(=O)C2CC(O)CN2C(=O)C(NC(=O)CCCCCCCCC(=O)N2CCN(CC3(C)CCC(c4ccc(Cl)cc4)=C(CN4CCN(c5ccc(C(=O)NS(=O)(=O)c6ccc(NC(CCN7CCOCC7)CSc7ccccc7)c(S(=O)(=O)C(F)(F)F)c6)cc5)CC4)C3)CC2)C(C)(C)C)cc1,[*:1]CC1(C)CCC(c2ccc(Cl)cc2)=C(CN2CCN(c3ccc(C(=O)NS(=O)(=O)c4ccc(NC(CCN5CCOCC5)CSc5ccccc5)c(S(=O)(=O)C(F)(F)F)c4)cc3)CC2)C1,[*:2]CC(=O)NC(C(=O)N1CC(O)CC1C(=O)NC(C)c1ccc(-c2scnc2C)cc1)C(C)(C)C,[*:1]N1CCN(C(=O)CCCCCCC[*:2])CC1
Cc1ncsc1-c1ccc(C(C)NC(=O)C2CC(O)CN2C(=O)C(NC(=O)CCCCCCCCCC(=O)N2CCN(CC3(C)CCC(c4ccc(Cl)cc4)=C(CN4CCN(c5ccc(C(=O)NS(=O)(=O)c6ccc(NC(CCN7CCOCC7)CSc7ccccc7)c(S(=O)(=O)C(F)(F)F)c6)cc5)CC4)C3)CC2)C(C)(C)C)cc1,[*:1]CC1(C)CCC(c2ccc(Cl)cc2)=C(CN2CCN(c3ccc(C(=O)NS(=O)(=O)c4ccc(NC(CCN5CCOCC5)CSc5ccccc5)c(S(=O)(=O)C(F)(F)F)c4)cc3)CC2)C1,[*:2]CC(=O)NC(C(=O)N1CC(O)CC1C(=O)NC(C)c1ccc(-c2scnc2C)cc1)C(C)(C)C,[*:1]N1CCN(C(=O)CCCCCCCC[*:2])CC1
Cc1ncsc1-c1ccc(C(C)NC(=O)C2CC(O)CN2C(=O)C(NC(=O)CN2CCN(c3cc(-c4ccccc4O)nnc3N)CC2)C(C)(C)C)cc1,[*:1]N1CCN(c2cc(-c3ccccc3O)nnc2N)CC1,[*:2]NC(C(=O)N1CC(O)CC1C(=O)NC(C)c1ccc(-c2scnc2C)cc1)C(C)(C)C,[*:1]CC([*:2])=O
CC1CCCN1Cc1nc2ccc(NC(=O)c3ccc4c(cnn4CCCCCCCCNc4cccc5c4C(=O)N(C4CCC(=O)NC4=O)C5=O)c3)cc2[nH]1,[*:1]Cn1ncc2cc(C(=O)Nc3ccc4nc(CN5CCCC5C)[nH]c4c3)ccc21,[*:2]Nc1cccc2c1C(=O)N(C1CCC(=O)NC1=O)C2=O,[*:1]CCCCCCC[*:2]
CC1CCCN1Cc1nc2ccc(NC(=O)c3ccc4c(cnn4CCCCCCNc4cccc5c4C(=O)N(C4CCC(=O)NC4=O)C5=O)c3)cc2[nH]1,[*:1]Cn1ncc2cc(C(=O)Nc3ccc4nc(CN5CCCC5C)[nH]c4c3)ccc21,[*:2]Nc1cccc2c1C(=O)N(C1CCC(=O)NC1=O)C2=O,[*:1]CCCCC[*:2]
CC1CCCN1Cc1nc2ccc(NC(=O)c3ccc4c(cnn4CCCCNc4cccc5c4C(=O)N(C4CCC(=O)NC4=O)C5=O)c3)cc2[nH]1,[*:1]Cn1ncc2cc(C(=O)Nc3ccc4nc(CN5CCCC5C)[nH]c4c3)ccc21,[*:2]Nc1cccc2c1C(=O)N(C1CCC(=O)NC1=O)C2=O,[*:1]CCC[*:2]
N#Cc1ccc(OC2CCC(NC(=O)c3ccc(N4CCC(CN5CCN(c6cc7c(cc6F)C(=O)N(C6CCC(=O)NC6=O)C7=O)CC5)CC4)nn3)CC2)cc1Cl,[*:1]c1ccc(C(=O)NC2CCC(Oc3ccc(C#N)c(Cl)c3)CC2)nn1,[*:2]c1cc2c(cc1F)C(=O)N(C1CCC(=O)NC1=O)C2=O,[*:1]N1CCC(CN2CCN([*:2])CC2)CC1
NC(=O)CC[C@H](NC(=O)[C@@H]1CC[C@@H]2CCN(C(=O)CCCCCC#Cc3ccc4c(c3)CN(C3CCC(=O)NC3=O)C4=O)C[C@H](NC(=O)c3cc4cc(C(F)(F)P(=O)(O)O)ccc4[nH]3)C(=O)N21)C(=O)NC(c1ccccc1)c1ccccc1,[*:1]CC(=O)N1CC[C@H]2CC[C@@H](C(=O)N[C@@H](CCC(N)=O)C(=O)NC(c3ccccc3)c3ccccc3)N2C(=O)[C@@H](NC(=O)c2cc3cc(C(F)(F)P(=O)(O)O)ccc3[nH]2)C1,[*:2]c1ccc2c(c1)CN(C1CCC(=O)NC1=O)C2=O,[*:1]CCCCC#C[*:2]
O=C1CCC(N2Cc3cc(C#CCCCNC(=O)c4ccc(NC(=O)[C@@H]5NC6(CCCCC6)[C@@]6(C(=O)Nc7cc(Cl)ccc76)[C@H]5c5cccc(Cl)c5F)cc4)ccc3C2=O)C(=O)N1,[*:1]CNC(=O)c1ccc(NC(=O)[C@@H]2NC3(CCCCC3)[C@@]3(C(=O)Nc4cc(Cl)ccc43)[C@H]2c2cccc(Cl)c2F)cc1,[*:2]c1ccc2c(c1)CN(C1CCC(=O)NC1=O)C2=O,[*:1]CCC#C[*:2]
O=C1CCC(N2Cc3ccc(C#CCCCNC(=O)c4ccc(NC(=O)[C@@H]5NC6(CCCCC6)[C@@]6(C(=O)Nc7cc(Cl)ccc76)[C@H]5c5cccc(Cl)c5F)cc4)cc3C2=O)C(=O)N1,[*:1]CNC(=O)c1ccc(NC(=O)[C@@H]2NC3(CCCCC3)[C@@]3(C(=O)Nc4cc(Cl)ccc43)[C@H]2c2cccc(Cl)c2F)cc1,[*:2]c1ccc2c(c1)C(=O)N(C1CCC(=O)NC1=O)C2,[*:1]CCC#C[*:2]
COc1cc(/N=N/c2cccc3c2CN([C@H]2CCC(=O)NC2=O)C3=O)cc(OC)c1OCC(=O)NCCNC(=O)C[C@@H]1N=C(c2ccc(Cl)cc2)c2c(sc(C)c2C)-n2c(C)nnc21,[*:1]NC(=O)C[C@@H]1N=C(c2ccc(Cl)cc2)c2c(sc(C)c2C)-n2c(C)nnc21,[*:2]c1cccc2c1CN([C@H]1CCC(=O)NC1=O)C2=O,[*:1]CCNC(=O)COc1c(OC)cc(/N=N/[*:2])cc1OC
COc1cc(/N=N/c2cccc3c2CN(C2CCC(=O)NC2=O)C3=O)cc(OC)c1OCC(=O)NCCCNC(=O)C[C@@H]1N=C(c2ccc(Cl)cc2)c2c(sc(C)c2C)-n2c(C)nnc21,[*:1]NC(=O)C[C@@H]1N=C(c2ccc(Cl)cc2)c2c(sc(C)c2C)-n2c(C)nnc21,[*:2]c1cccc2c1CN(C1CCC(=O)NC1=O)C2=O,[*:1]CCCNC(=O)COc1c(OC)cc(/N=N/[*:2])cc1OC
COc1cc(/N=N/c2cccc3c2CN(C2CCC(=O)NC2=O)C3=O)cc(OC)c1OCC(=O)NCCCCNC(=O)C[C@@H]1N=C(c2ccc(Cl)cc2)c2c(sc(C)c2C)-n2c(C)nnc21,[*:1]NC(=O)C[C@@H]1N=C(c2ccc(Cl)cc2)c2c(sc(C)c2C)-n2c(C)nnc21,[*:2]c1cccc2c1CN(C1CCC(=O)NC1=O)C2=O,[*:1]CCCCNC(=O)COc1c(OC)cc(/N=N/[*:2])cc1OC
COc1cc(/N=N/c2cccc3c2CN(C2CCC(=O)NC2=O)C3=O)cc(OC)c1OCC(=O)NCCCCCNC(=O)C[C@@H]1N=C(c2ccc(Cl)cc2)c2c(sc(C)c2C)-n2c(C)nnc21,[*:1]NC(=O)C[C@@H]1N=C(c2ccc(Cl)cc2)c2c(sc(C)c2C)-n2c(C)nnc21,[*:2]c1cccc2c1CN(C1CCC(=O)NC1=O)C2=O,[*:1]CCCCCNC(=O)COc1c(OC)cc(/N=N/[*:2])cc1OC
COc1cc(/N=N/c2cccc3c2CN(C2CCC(=O)NC2=O)C3=O)cc(OC)c1OCC(=O)NCCCCCCNC(=O)C[C@@H]1N=C(c2ccc(Cl)cc2)c2c(sc(C)c2C)-n2c(C)nnc21,[*:1]NC(=O)C[C@@H]1N=C(c2ccc(Cl)cc2)c2c(sc(C)c2C)-n2c(C)nnc21,[*:2]c1cccc2c1CN(C1CCC(=O)NC1=O)C2=O,[*:1]CCCCCCNC(=O)COc1c(OC)cc(/N=N/[*:2])cc1OC
Cc1sc2c(c1C)C(c1ccc(Cl)cc1)=N[C@H](CC(=O)NCCNC(=O)COc1ccc(/N=N/c3cccc4c3CN(C3CCC(=O)NC3=O)C4=O)cc1)c1nnc(C)n1-2,[*:1]NC(=O)C[C@H]1N=C(c2ccc(Cl)cc2)c2c(sc(C)c2C)-n2c(C)nnc21,[*:2]c1cccc2c1CN(C1CCC(=O)NC1=O)C2=O,[*:1]CCNC(=O)COc1ccc(/N=N/[*:2])cc1
Cc1sc2c(c1C)C(c1ccc(Cl)cc1)=N[C@@H](CC(=O)NCCCCNC(=O)COc1ccc(/N=N/c3cccc4c3CN(C3CCC(=O)NC3=O)C4=O)cc1)c1nnc(C)n1-2,[*:1]NC(=O)C[C@@H]1N=C(c2ccc(Cl)cc2)c2c(sc(C)c2C)-n2c(C)nnc21,[*:2]c1cccc2c1CN(C1CCC(=O)NC1=O)C2=O,[*:1]CCCCNC(=O)COc1ccc(/N=N/[*:2])cc1
Cc1sc2c(c1C)C(c1ccc(Cl)cc1)=N[C@@H](CC(=O)NCCCCCCNC(=O)COc1ccc(/N=N/c3cccc4c3CN(C3CCC(=O)NC3=O)C4=O)cc1)c1nnc(C)n1-2,[*:1]NC(=O)C[C@@H]1N=C(c2ccc(Cl)cc2)c2c(sc(C)c2C)-n2c(C)nnc21,[*:2]c1cccc2c1CN(C1CCC(=O)NC1=O)C2=O,[*:1]CCCCCCNC(=O)COc1ccc(/N=N/[*:2])cc1
Nc1ncnc2c1c(-c1ccc(Oc3ccccc3)cc1)nn2C1CCN(CCOCCOCCOc2ccc3c(c2)CN(C2CCC(=O)NC2=O)C3=O)CC1,[*:1]N1CCC(n2nc(-c3ccc(Oc4ccccc4)cc3)c3c(N)ncnc32)CC1,[*:2]c1ccc2c(c1)CN(C1CCC(=O)NC1=O)C2=O,[*:1]CCOCCOCCO[*:2]
O=C(CCCCCCC(=O)N/N=C/c1ccc(-c2cccc3c2CN(C2CCC(=O)NC2=O)C3=O)cc1)NO,[*:1]C(=O)NO,[*:2]c1cccc2c1CN(C1CCC(=O)NC1=O)C2=O,[*:1]CCCCCCC(=O)N/N=C/c1ccc([*:2])cc1
CCCCN(Cc1ccc(C(=O)NO)cc1)C(=O)Nc1ccc(OCCn2cc(CNCc3ccc(-c4cccc5c4CN(C4CCC(=O)NC4=O)C5=O)cc3)nn2)cc1,[*:1]c1ccc(NC(=O)N(CCCC)Cc2ccc(C(=O)NO)cc2)cc1,[*:2]c1cccc2c1CN(C1CCC(=O)NC1=O)C2=O,[*:1]OCCn1cc(CNCc2ccc([*:2])cc2)nn1
CCCCN(Cc1ccc(C(=O)NO)cc1)C(=O)Nc1ccc(OCCCn2cc(CNCc3ccc(-c4cccc5c4CN(C4CCC(=O)NC4=O)C5=O)cc3)nn2)cc1,[*:1]c1ccc(NC(=O)N(CCCC)Cc2ccc(C(=O)NO)cc2)cc1,[*:2]c1cccc2c1CN(C1CCC(=O)NC1=O)C2=O,[*:1]OCCCn1cc(CNCc2ccc([*:2])cc2)nn1
CCCCN(Cc1ccc(C(=O)NO)cc1)C(=O)Nc1ccc(OCCCCn2cc(CNCc3ccc(-c4cccc5c4CN(C4CCC(=O)NC4=O)C5=O)cc3)nn2)cc1,[*:1]c1ccc(NC(=O)N(CCCC)Cc2ccc(C(=O)NO)cc2)cc1,[*:2]c1cccc2c1CN(C1CCC(=O)NC1=O)C2=O,[*:1]OCCCCn1cc(CNCc2ccc([*:2])cc2)nn1
CCCCN(Cc1ccc(C(=O)NO)cc1)C(=O)Nc1ccc(OCCCCCn2cc(CNCc3ccc(-c4cccc5c4CN(C4CCC(=O)NC4=O)C5=O)cc3)nn2)cc1,[*:1]c1ccc(NC(=O)N(CCCC)Cc2ccc(C(=O)NO)cc2)cc1,[*:2]c1cccc2c1CN(C1CCC(=O)NC1=O)C2=O,[*:1]OCCCCCn1cc(CNCc2ccc([*:2])cc2)nn1
CCCCN(Cc1ccc(C(=O)NO)cc1)C(=O)Nc1ccc(OCCCCCCn2cc(CNCc3ccc(-c4cccc5c4CN(C4CCC(=O)NC4=O)C5=O)cc3)nn2)cc1,[*:1]c1ccc(NC(=O)N(CCCC)Cc2ccc(C(=O)NO)cc2)cc1,[*:2]c1cccc2c1CN(C1CCC(=O)NC1=O)C2=O,[*:1]OCCCCCCn1cc(CNCc2ccc([*:2])cc2)nn1
CCCCN(Cc1ccc(C(=O)NO)cc1)C(=O)Nc1ccc(OCCCCCCCn2cc(CNCc3ccc(-c4cccc5c4CN(C4CCC(=O)NC4=O)C5=O)cc3)nn2)cc1,[*:1]c1ccc(NC(=O)N(CCCC)Cc2ccc(C(=O)NO)cc2)cc1,[*:2]c1cccc2c1CN(C1CCC(=O)NC1=O)C2=O,[*:1]OCCCCCCCn1cc(CNCc2ccc([*:2])cc2)nn1
CCC(=O)N1CCN(c2nc(NCCC(=O)N(C)CCOCCOCCOCCOCCOc3ccc4c(c3)CN(C3CCC(=O)NC3=O)C4=O)nc3c(F)c(-c4cc(O)cc5ccccc45)c(Cl)cc23)CC1,[*:1]c1nc(N2CCN(C(=O)CC)CC2)c2cc(Cl)c(-c3cc(O)cc4ccccc34)c(F)c2n1,[*:2]c1ccc2c(c1)CN(C1CCC(=O)NC1=O)C2=O,[*:1]NCCC(=O)N(C)CCOCCOCCOCCOCCO[*:2]
COc1cc(/N=N/c2cccc3c2CN(C2CCC(=O)NC2=O)C3=O)cc(OC)c1OCC(=O)NCCNC(=O)C[C@@H]1N=C(c2ccc(Cl)cc2)c2c(sc(C)c2C)-n2c(C)nnc21,[*:1]NC(=O)C[C@@H]1N=C(c2ccc(Cl)cc2)c2c(sc(C)c2C)-n2c(C)nnc21,[*:2]c1cccc2c1CN(C1CCC(=O)NC1=O)C2=O,[*:1]CCNC(=O)COc1c(OC)cc(/N=N/[*:2])cc1OC
Cc1sc2c(c1C)C(c1ccc(Cl)cc1)=N[C@@H](CC(=O)NCCNC(=O)COc1ccc(/N=N/c3cccc4c3CN(C3CCC(=O)NC3=O)C4=O)cc1)c1nnc(C)n1-2,[*:1]NC(=O)C[C@@H]1N=C(c2ccc(Cl)cc2)c2c(sc(C)c2C)-n2c(C)nnc21,[*:2]c1cccc2c1CN(C1CCC(=O)NC1=O)C2=O,[*:1]CCNC(=O)COc1ccc(/N=N/[*:2])cc1
CC(O)(COc1ccc(OCCOCCOCCOCCOc2cccc3c2CN([C@H]2CCC(=O)NC2=O)C3=O)cc1)C(=O)Nc1ccc(C#N)c(C(F)(F)F)c1,[*:1]Oc1ccc(OCC(C)(O)C(=O)Nc2ccc(C#N)c(C(F)(F)F)c2)cc1,[*:2]c1cccc2c1CN([C@H]1CCC(=O)NC1=O)C2=O,[*:1]CCOCCOCCOCCO[*:2]
CN1C(=O)N(c2ccc(C#N)c(C(F)(F)F)c2)C(=O)C1(C)c1ccc(OCCOCCOCCOCCOc2cccc3c2CN([C@H]2CCC(=O)NC2=O)C3=O)cc1,[*:1]Oc1ccc(C2(C)C(=O)N(c3ccc(C#N)c(C(F)(F)F)c3)C(=O)N2C)cc1,[*:2]c1cccc2c1CN([C@H]1CCC(=O)NC1=O)C2=O,[*:1]CCOCCOCCOCCO[*:2]
CC(C)c1cnn2c(NCc3ccc(NC(=O)CCCCCCCCCOc4cccc5c4CN(C4CCC(=O)NC4=O)C5=O)cc3)nc(OC3CCN(C)CC3)nc12,[*:1]c1ccc(CNc2nc(OC3CCN(C)CC3)nc3c(C(C)C)cnn23)cc1,[*:2]c1cccc2c1CN(C1CCC(=O)NC1=O)C2=O,[*:1]NC(=O)CCCCCCCCCO[*:2]
CC(C)c1cnn2c(NCc3ccc(NC(=O)CCCCCCCCOc4cccc5c4CN(C4CCC(=O)NC4=O)C5=O)cc3)nc(OC3CCN(C)CC3)nc12,[*:1]c1ccc(CNc2nc(OC3CCN(C)CC3)nc3c(C(C)C)cnn23)cc1,[*:2]c1cccc2c1CN(C1CCC(=O)NC1=O)C2=O,[*:1]NC(=O)CCCCCCCCO[*:2]
CC(C)c1cnn2c(NCc3ccc(NC(=O)CCCCCCCOc4cccc5c4CN(C4CCC(=O)NC4=O)C5=O)cc3)nc(OC3CCN(C)CC3)nc12,[*:1]c1ccc(CNc2nc(OC3CCN(C)CC3)nc3c(C(C)C)cnn23)cc1,[*:2]c1cccc2c1CN(C1CCC(=O)NC1=O)C2=O,[*:1]NC(=O)CCCCCCCO[*:2]
CC(C)c1cnn2c(NCc3ccc(NC(=O)CCCCCCOc4cccc5c4CN(C4CCC(=O)NC4=O)C5=O)cc3)nc(OC3CCN(C)CC3)nc12,[*:1]c1ccc(CNc2nc(OC3CCN(C)CC3)nc3c(C(C)C)cnn23)cc1,[*:2]c1cccc2c1CN(C1CCC(=O)NC1=O)C2=O,[*:1]NC(=O)CCCCCCO[*:2]
CC(C)c1cnn2c(NCc3ccc(NC(=O)CCCCCOc4cccc5c4CN(C4CCC(=O)NC4=O)C5=O)cc3)nc(OC3CCN(C)CC3)nc12,[*:1]c1ccc(CNc2nc(OC3CCN(C)CC3)nc3c(C(C)C)cnn23)cc1,[*:2]c1cccc2c1CN(C1CCC(=O)NC1=O)C2=O,[*:1]NC(=O)CCCCCO[*:2]
Cc1nnc2n1-c1ccc(-c3cnn(CCCCCCCN4CCC(c5cccc6c5CN(C5CCC(=O)NC5=O)C6=O)CC4)c3)cc1C(c1ccc(Cl)cc1)=NC21CC1,[*:1]n1cc(-c2ccc3c(c2)C(c2ccc(Cl)cc2)=NC2(CC2)c2nnc(C)n2-3)cn1,[*:2]c1cccc2c1CN(C1CCC(=O)NC1=O)C2=O,[*:1]CCCCCCCN1CCC([*:2])CC1
Nc1ccccc1NC(=O)c1ccc(COc2cccc3c2CN(C2CCC(=O)NC2=O)C3=O)cc1,[*:1]C(=O)Nc1ccccc1N,[*:2]c1cccc2c1CN(C1CCC(=O)NC1=O)C2=O,[*:1]c1ccc(CO[*:2])cc1
O=C1CCC(N2Cc3c(OCc4ccc(C(=O)NO)cc4)cccc3C2=O)C(=O)N1,[*:1]C(=O)NO,[*:2]c1cccc2c1CN(C1CCC(=O)NC1=O)C2=O,[*:1]c1ccc(CO[*:2])cc1
NC(=O)CCC(NC(=O)C1CCC2CCN(C(=O)CCCCCC#Cc3ccc4c(c3)CN(C3CCC(=O)NC3=O)C4=O)CC(NC(=O)c3cc4cc(C(F)(F)P(=O)(O)O)ccc4[nH]3)C(=O)N21)C(=O)NC(c1ccccc1)c1ccccc1,[*:1]CC(=O)N1CCC2CCC(C(=O)NC(CCC(N)=O)C(=O)NC(c3ccccc3)c3ccccc3)N2C(=O)C(NC(=O)c2cc3cc(C(F)(F)P(=O)(O)O)ccc3[nH]2)C1,[*:2]c1ccc2c(c1)CN(C1CCC(=O)NC1=O)C2=O,[*:1]CCCCC#C[*:2]
O=C1CCC(N2Cc3cc(C#CCCCNC(=O)c4ccc(NC(=O)C5NC6(CCCCC6)C6(C(=O)Nc7cc(Cl)ccc76)C5c5cccc(Cl)c5F)cc4)ccc3C2=O)C(=O)N1,[*:1]CNC(=O)c1ccc(NC(=O)C2NC3(CCCCC3)C3(C(=O)Nc4cc(Cl)ccc43)C2c2cccc(Cl)c2F)cc1,[*:2]c1ccc2c(c1)CN(C1CCC(=O)NC1=O)C2=O,[*:1]CCC#C[*:2]
O=C1CCC(N2Cc3ccc(C#CCCCNC(=O)c4ccc(NC(=O)C5NC6(CCCCC6)C6(C(=O)Nc7cc(Cl)ccc76)C5c5cccc(Cl)c5F)cc4)cc3C2=O)C(=O)N1,[*:1]CNC(=O)c1ccc(NC(=O)C2NC3(CCCCC3)C3(C(=O)Nc4cc(Cl)ccc43)C2c2cccc(Cl)c2F)cc1,[*:2]c1ccc2c(c1)C(=O)N(C1CCC(=O)NC1=O)C2,[*:1]CCC#C[*:2]
O=C(CCCCCCC(=O)NN=Cc1ccc(-c2cccc3c2CN(C2CCC(=O)NC2=O)C3=O)cc1)NO,[*:1]C(=O)NO,[*:2]c1cccc2c1CN(C1CCC(=O)NC1=O)C2=O,[*:1]CCCCCCC(=O)NN=Cc1ccc([*:2])cc1
CC(O)(COc1ccc(OCCOCCOCCOCCOc2cccc3c2CN(C2CCC(=O)NC2=O)C3=O)cc1)C(=O)Nc1ccc(C#N)c(C(F)(F)F)c1,[*:1]Oc1ccc(OCC(C)(O)C(=O)Nc2ccc(C#N)c(C(F)(F)F)c2)cc1,[*:2]c1cccc2c1CN(C1CCC(=O)NC1=O)C2=O,[*:1]CCOCCOCCOCCO[*:2]
CN1C(=O)N(c2ccc(C#N)c(C(F)(F)F)c2)C(=O)C1(C)c1ccc(OCCOCCOCCOCCOc2cccc3c2CN(C2CCC(=O)NC2=O)C3=O)cc1,[*:1]Oc1ccc(C2(C)C(=O)N(c3ccc(C#N)c(C(F)(F)F)c3)C(=O)N2C)cc1,[*:2]c1cccc2c1CN(C1CCC(=O)NC1=O)C2=O,[*:1]CCOCCOCCOCCO[*:2]
