SMILES,ID
Cc1ncsc1-c1ccc([C@H](C)NC(=O)[C@@H]2C[C@@H](O)CN2C(=O)[C@@H](NC(=O)CCCCCC(=O)N(C)CC[C@H](CSc2ccccc2)Nc2ccc(S(=O)(=O)NC(=O)c3ccc(N4CCN(CC5=C(c6ccc(Cl)cc6)CCC(C)(C)C5)CC4)cc3)cc2S(=O)(=O)C(F)(F)F)C(C)(C)C)cc1,15
C=CC(=O)Nc1cccc(-n2c(=O)cc(C)c3cnc(Nc4ccc(N5CCN(C(=O)CCCCCCCCCCC(=O)Nc6cccc7c6C(=O)N(C6CCC(=O)NC6=O)C7=O)CC5)cc4OC)nc32)c1,55
C=CC(=O)Nc1cccc(-n2c(=O)cc(C)c3cnc(Nc4ccc(N5CCN(C(=O)CCCCCCCCCCCNC(=O)[C@H](CC(C)C)NC(=O)[C@@H](O)[C@H](N)Cc6ccccc6)CC5)cc4OC)nc32)c1,56
C=CC(=O)Nc1cccc(-n2c(=O)cc(C)c3cnc(Nc4ccc(N5CCN(C(=O)CCCCCCCCCCCNC(=O)c6ccc(NC(=O)[C@@H]7N[C@@H](CC(C)(C)C)[C@](C#N)(c8ccc(Cl)cc8F)[C@H]7c7cccc(Cl)c7F)c(OC)c6)CC5)cc4OC)nc32)c1,57
C=CC(=O)Nc1cccc(-n2c(=O)cc(C)c3cnc(Nc4ccc(N5CCN(C(=O)CCCCCCCCCCC(=O)N[C@H](C(=O)N6C[C@H](O)C[C@H]6C(=O)NCc6ccc(-c7scnc7C)cc6)C(C)(C)C)CC5)cc4OC)nc32)c1,59
C=CC(=O)Nc1cccc(-n2c(=O)cc(C)c3cnc(Nc4ccc(N5CCN(C(=O)CCCCCCCCCNC(=O)c6ccc(NC(=O)[C@@H]7N[C@@H](CC(C)(C)C)[C@](C#N)(c8ccc(Cl)cc8F)[C@H]7c7cccc(Cl)c7F)c(OC)c6)CC5)cc4OC)nc32)c1,61
C=CC(=O)Nc1cccc(-n2c(=O)cc(C)c3cnc(Nc4ccc(N5CCN(C(=O)CCCCCCCNC(=O)c6ccc(NC(=O)[C@@H]7N[C@@H](CC(C)(C)C)[C@](C#N)(c8ccc(Cl)cc8F)[C@H]7c7cccc(Cl)c7F)c(OC)c6)CC5)cc4OC)nc32)c1,62
C=CC(=O)Nc1cccc(-n2c(=O)cc(C)c3cnc(Nc4ccc(N5CCN(C(=O)CCCCCNC(=O)c6ccc(NC(=O)[C@@H]7N[C@@H](CC(C)(C)C)[C@](C#N)(c8ccc(Cl)cc8F)[C@H]7c7cccc(Cl)c7F)c(OC)c6)CC5)cc4OC)nc32)c1,63
C=CC(=O)Nc1cccc(-n2c(=O)cc(C)c3cnc(Nc4ccc(N5CCN(C(=O)CCCCCCCCC(=O)N[C@H](C(=O)N6C[C@H](O)C[C@H]6C(=O)NCc6ccc(-c7scnc7C)cc6)C(C)(C)C)CC5)cc4OC)nc32)c1,64
C=CC(=O)Nc1cccc(-n2c(=O)cc(C)c3cnc(Nc4ccc(N5CCN(C(=O)CCCCCCC(=O)N[C@H](C(=O)N6C[C@H](O)C[C@H]6C(=O)NCc6ccc(-c7scnc7C)cc6)C(C)(C)C)CC5)cc4OC)nc32)c1,65
C=CC(=O)Nc1cccc(-n2c(=O)cc(C)c3cnc(Nc4ccc(N5CCN(C(=O)CCCCC(=O)N[C@H](C(=O)N6C[C@H](O)C[C@H]6C(=O)NCc6ccc(-c7scnc7C)cc6)C(C)(C)C)CC5)cc4OC)nc32)c1,66
Cc1nc(Nc2ncc(C(=O)Nc3c(C)cccc3Cl)s2)cc(N2CCN(C(=O)CCCCCOCCOCCOCCCCCC(=O)N[C@H](C(=O)N3C[C@H](O)C[C@H]3C(=O)NCc3ccc(-c4scnc4C)cc3)C(C)(C)C)CC2)n1,82
Cc1nc(Nc2ncc(C(=O)Nc3c(C)cccc3Cl)s2)cc(N2CCN(C(=O)CCOCCOCCOCCC(=O)N[C@H](C(=O)N3C[C@H](O)C[C@H]3C(=O)NCc3ccc(-c4scnc4C)cc3)C(C)(C)C)CC2)n1,85
Cc1nc(Nc2ncc(C(=O)Nc3c(C)cccc3Cl)s2)cc(N2CCN(C(=O)COCCOCC(=O)N[C@H](C(=O)N3C[C@H](O)C[C@H]3C(=O)NCc3ccc(-c4scnc4C)cc3)C(C)(C)C)CC2)n1,87
Cc1nc(Nc2ncc(C(=O)Nc3c(C)cccc3Cl)s2)cc(N2CCN(C(=O)CCCCCCCCCCCCCCC(=O)N[C@H](C(=O)N3C[C@H](O)C[C@H]3C(=O)NCc3ccc(-c4scnc4C)cc3)C(C)(C)C)CC2)n1,88
Cc1nc(Nc2ncc(C(=O)Nc3c(C)cccc3Cl)s2)cc(N2CCN(C(=O)CCCCCCCCCCCCC(=O)N[C@H](C(=O)N3C[C@H](O)C[C@H]3C(=O)NCc3ccc(-c4scnc4C)cc3)C(C)(C)C)CC2)n1,89
Cc1nc(Nc2ncc(C(=O)Nc3c(C)cccc3Cl)s2)cc(N2CCN(C(=O)CCCC(=O)N[C@H](C(=O)N3C[C@H](O)C[C@H]3C(=O)NCc3ccc(-c4scnc4C)cc3)C(C)(C)C)CC2)n1,95
Cc1nc(Nc2ncc(C(=O)Nc3c(C)cccc3Cl)s2)cc(N2CCN(C(=O)CCC(=O)N[C@H](C(=O)N3C[C@H](O)C[C@H]3C(=O)NCc3ccc(-c4scnc4C)cc3)C(C)(C)C)CC2)n1,96
Cc1nc(Nc2ncc(C(=O)Nc3c(C)cccc3Cl)s2)cc(N2CCN(C(=O)CCCc3cn(CCCC(=O)N[C@H](C(=O)N4C[C@H](O)C[C@H]4C(=O)NCc4ccc(-c5scnc5C)cc4)C(C)(C)C)nn3)CC2)n1,97
Cc1nc(Nc2ncc(C(=O)Nc3c(C)cccc3Cl)s2)cc(N2CCN(C(=O)CNC(=O)CCCC(=O)N[C@H](C(=O)N3C[C@H](O)C[C@H]3C(=O)NCc3ccc(-c4scnc4C)cc3)C(C)(C)C)CC2)n1,98
CN[C@@H](C)C(=O)N[C@H](C(=O)N1C[C@@H](NC(=O)COCCOCCOCCOCCN2CCN(CCCOc3ccc(-c4cnc5cccc(-c6cc(F)c(CN7CCS(=O)(=O)CC7)c(F)c6)c5n4)cc3OC)CC2)C[C@H]1C(=O)N[C@@H]1CCCc2ccccc21)C1CCCCC1,129
CN[C@H](C)C(=O)N[C@@H](C(=O)N1C[C@H](NC(=O)COCCOCCOCCOCCOCCOCCN2CCN(CCCOc3ccc(-c4cnc5cccc(-c6cc(F)c(CN7CCS(=O)(=O)CC7)c(F)c6)c5n4)cc3OC)CC2)C[C@@H]1C(=O)N[C@@H]1CCCc2ccccc21)C1CCCCC1,132
COc1cc(-c2cnc3cccc(-c4cc(F)c(CN5CCS(=O)(=O)CC5)c(F)c4)c3n2)ccc1OCCCN1CCN(CCOCCOCCOCCOCCOCCOCC(=O)N[C@@H](C(=O)N2C[C@@H](O)C[C@@H]2C(=O)NCc2ccc(-c3scnc3C)cc2)C(C)(C)C)CC1,133
O=C1CCC(N2Cc3c(NC(=O)CCCCCCCN4CCN(c5ccc(Nc6cc7c(N8CCC(CO)CC8)nc(Nc8ccc(F)cc8)nc7cn6)nc5)CC4)cccc3C2=O)C(=O)N1,135
O=C1CCC(N2Cc3c(NC(=O)CCCCCCN4CCN(c5ccc(Nc6cc7c(N8CCC(CO)CC8)nc(Nc8ccc(F)cc8)nc7cn6)nc5)CC4)cccc3C2=O)C(=O)N1,136
O=C1CCC(N2Cc3c(NC(=O)CCCCCN4CCN(c5ccc(Nc6cc7c(N8CCC(CO)CC8)nc(Nc8ccc(F)cc8)nc7cn6)nc5)CC4)cccc3C2=O)C(=O)N1,137
O=C1CCC(N2Cc3c(NC(=O)CCCCN4CCN(c5ccc(Nc6cc7c(N8CCC(CO)CC8)nc(Nc8ccc(F)cc8)nc7cn6)nc5)CC4)cccc3C2=O)C(=O)N1,138
Cc1ncsc1-c1ccc(CNC(=O)[C@@H]2C[C@@H](O)CN2C(=O)[C@@H](NC(=O)CCCCCCN2CCN(c3ccc(Nc4cc5c(N6CCC(CO)CC6)nc(Nc6ccc(F)cc6)nc5cn4)nc3)CC2)C(C)(C)C)cc1,143
Cc1ncsc1-c1ccc(CNC(=O)[C@@H]2C[C@@H](O)CN2C(=O)[C@@H](NC(=O)CCCCN2CCN(c3ccc(Nc4cc5c(N6CCC(CO)CC6)nc(Nc6ccc(F)cc6)nc5cn4)nc3)CC2)C(C)(C)C)cc1,144
Cc1ncsc1-c1ccc(CNC(=O)[C@@H]2C[C@@H](O)CN2C(=O)[C@@H](NCCOCCOCCOCCN2CCN(c3ccc(Nc4cc5c(N6CCC(CO)CC6)nc(Nc6ccc(F)cc6)nc5cn4)nc3)CC2)C(C)(C)C)cc1,145
Cc1ncsc1-c1ccc(CNC(=O)[C@@H]2C[C@@H](O)CN2C(=O)[C@@H](NCCOCCOCCn2cc(CN3CCN(c4ccc(Nc5cc6c(N7CCC(CO)CC7)nc(Nc7ccc(F)cc7)nc6cn5)nc4)CC3)nn2)C(C)(C)C)cc1,147
Cc1nc(Nc2ncc(C(=O)Nc3c(C)cccc3Cl)s2)cc(N2CCN(CCCCCCOCCOCC(=O)N[C@H](C(=O)N3C[C@H](O)C[C@H]3C(=O)NCc3ccc(-c4scnc4C)cc3)C(C)(C)C)CC2)n1,222
COc1cc(-c2cn(C)c(=O)c3cc(C(=N)NC4CCS(=O)(=O)CC4)sc23)ccc1OC(=O)NCCCCNC(=O)COc1cccc2c1C(=O)N(C1CCC(=O)NC1=O)C2=O,229
N#CC1(CNc2cccc(-c3cc(N[C@H]4CC[C@H](NCC(=O)NCCOCCOCCOCCCNc5cccc6c5C(=O)N(C5CCC(=O)NC5=O)C6=O)CC4)ncc3Cl)n2)CCOCC1,245
N#CC1(CNc2cccc(-c3cc(N[C@H]4CC[C@H](NCCCCCCNc5cccc6c5C(=O)C(C5CCC(=O)NC5=O)C6=O)CC4)ncc3Cl)n2)CCOCC1,246
N#CC1(CNc2cccc(-c3cc(N[C@H]4CC[C@H](NCCCCCCNC(=O)CNc5cccc6c5C(=O)N(C5CCC(=O)NC5=O)C6=O)CC4)ncc3Cl)n2)CCOCC1,247
N#CC1(CNc2cccc(-c3cc(N[C@H]4CC[C@H](NCCCC(=O)NCCCCOc5ccc6c(c5)C(=O)N(C5CCC(=O)NC5=O)C6=O)CC4)ncc3Cl)n2)CCOCC1,248
Cc1nn(C)c(COc2ccc(N3CCN(S(=O)(=O)N(C)C)CC3)cc2)c1-c1cccc2c(CCCOc3cccc4ccccc34)c(C(=O)O)n(CCN3CCN(C(=O)COc4cccc5c4C(=O)N(C4CCC(=O)NC4=O)C5=O)CC3)c12,250
Cc1nn(C)c(COc2ccc(N3CCN(S(=O)(=O)N(C)C)CC3)cc2)c1-c1cccc2c(CCCOc3cccc4ccccc34)c(C(=O)NCCCCNC(=O)COc3cccc4c3C(=O)N(C3CCC(=O)NC3=O)C4=O)n(CCN3CCOCC3)c12,251
Cc1nn(C)c(COc2ccc(N3CCN(C(=O)COc4cccc5c4C(=O)N(C4CCC(=O)NC4=O)C5=O)CC3)cc2)c1-c1cccc2c(CCCOc3cccc4ccccc34)c(C(=O)O)n(CCN3CCOCC3)c12,253
Cc1nn(C)c(COc2ccc(N3CCN(C(=O)CCCNC(=O)COc4cccc5c4C(=O)N(C4CCC(=O)NC4=O)C5=O)CC3)cc2)c1-c1cccc2c(CCCOc3cccc4ccccc34)c(C(=O)O)n(CCN3CCOCC3)c12,254
C[C@@H]1C[C@@H](O)c2ncnc(C3CCN(C(=O)[C@H](CNCCCCCCCCCCc4cccc5c4CN(C4CCC(=O)NC4=O)C5=O)c4ccc(Cl)cc4)CC3)c21,258
O=C(NC1CCNCC1)c1n[nH]cc1NC(=O)c1c(Cl)cccc1Cl,259
Cc1ncsc1-c1ccc(CNC(=O)[C@@H]2C[C@@H](O)CN2C(=O)[C@@H](NC(=O)CCNC(=O)c2ccc(-c3cnc(NCc4ccco4)n4cnnc34)cc2)C(C)(C)C)cc1,281
Cc1ncsc1-c1ccc(CNC(=O)[C@@H]2C[C@@H](O)CN2C(=O)[C@@H](NC(=O)CCCNC(=O)c2ccc(-c3cnc(NCc4ccco4)n4cnnc34)cc2)C(C)(C)C)cc1,282
Cc1ncsc1-c1ccc(CNC(=O)[C@@H]2C[C@@H](O)CN2C(=O)[C@@H](NC(=O)CCCCNC(=O)c2ccc(-c3cnc(NCc4ccco4)n4cnnc34)cc2)C(C)(C)C)cc1,283
Cc1ncsc1-c1ccc(CNC(=O)[C@@H]2C[C@@H](O)CN2C(=O)[C@@H](NC(=O)COCCOCCOCCNC(=O)c2ccc(-c3cnc(NCc4ccco4)n4cnnc34)cc2)C(C)(C)C)cc1,285
Cc1ncsc1-c1ccc(CNC(=O)[C@@H]2C[C@@H](O)CN2C(=O)[C@@H](NC(=O)CCOCCOCCOCCOCCNC(=O)c2ccc(-c3cnc(NCc4ccco4)n4cnnc34)cc2)C(C)(C)C)cc1,286
CC(=O)NC[C@H](C(=O)N1C[C@@H](O)C[C@@H]1C(=O)N[C@@H](CC(=O)N1CCC(N2CCC(C#Cc3ccc(C(=O)N[C@H]4C(C)(C)[C@H](Oc5ccc(C#N)c(Cl)c5)C4(C)C)cc3)CC2)CC1)c1ccccc1)C(C)C,298
CC/C(=C(\c1ccccc1)c1ccc(OCCN(CC)CCCCCC(=O)N[C@H](C(=O)N2C[C@H](O)C[C@H]2C(=O)N[C@@H](C)c2ccc(-c3scnc3C)cc2)C(C)(C)C)cc1)c1ccccc1,314
Cc1ncsc1-c1ccc(CNC(=O)[C@@H]2C[C@@H](O)CN2C(=O)[C@@H](NC(=O)COCCCCOc2ccc(-c3ccc(N4C(=S)N(c5ccc(C#N)c(C(F)(F)F)c5)C(=O)C4(C)C)cc3)cc2)C(C)(C)C)cc1,358
Cc1ncsc1-c1ccc(CNC(=O)[C@@H]2C[C@@H](O)CN2C(=O)[C@@H](NC(=O)COCCOc2ccc(Nc3ncc(C(F)(F)F)c(NCc4cccc(N(C)S(C)(=O)=O)c4)n3)cc2)C(C)(C)C)cc1,362
Cc1ncsc1-c1ccc(CNC(=O)[C@@H]2C[C@@H](O)CN2C(=O)[C@@H](NC(=O)COCCCOc2ccc(Nc3ncc(C(F)(F)F)c(NCc4cccc(N(C)S(C)(=O)=O)c4)n3)cc2)C(C)(C)C)cc1,363
Cc1ncsc1-c1ccc(CNC(=O)[C@@H]2C[C@@H](O)CN2C(=O)[C@@H](NC(=O)CCOCCOc2ccc(Nc3ncc(C(F)(F)F)c(NCc4cccc(N(C)S(C)(=O)=O)c4)n3)cc2)C(C)(C)C)cc1,364
Cc1ncsc1-c1ccc(CNC(=O)[C@@H]2C[C@@H](O)CN2C(=O)[C@@H](NC(=O)CCOCCCOc2ccc(Nc3ncc(C(F)(F)F)c(NCc4cccc(N(C)S(C)(=O)=O)c4)n3)cc2)C(C)(C)C)cc1,365
CN(c1cccc(CNc2nc(Nc3ccc(OCCCOCCC(=O)NCCOc4cccc5c4C(=O)N(C4CCC(=O)NC4=O)C5=O)cc3)ncc2C(F)(F)F)c1)S(C)(=O)=O,368
Cc1ncsc1-c1ccc2c(c1)OCCOCCOC[C@@H](NC(=O)C[C@@H]1N=C(c3ccc(Cl)cc3)c3c(sc(C)c3C)-n3c(C)nnc31)COCCOCCOCC(=O)N[C@@H](C(C)(C)C)C(=O)N1C[C@H](O)C[C@H]1C(=O)NC2,371
N#CC1=C(NCCC(=O)NCCNc2cccc3c2C(=O)N(C2CCC(=O)NC2=O)C3=O)c2ccc(Sc3ccc(Br)cc3)c3cccc(c23)C1=O,376
N#CC1=C(NCCC(=O)NCCCCNc2cccc3c2C(=O)N(C2CCC(=O)NC2=O)C3=O)c2ccc(Sc3ccc(Br)cc3)c3cccc(c23)C1=O,377
N#CC1=C(NCCC(=O)NCCCCCCNc2cccc3c2C(=O)N(C2CCC(=O)NC2=O)C3=O)c2ccc(Sc3ccc(Br)cc3)c3cccc(c23)C1=O,378
O=C(CCCCC(=O)NCCN1C(=O)c2cccc3c(Sc4ccc(Br)cc4)ccc(c23)C1=O)NCCNc1cccc2c1C(=O)N(C1CCC(=O)NC1=O)C2=O,381
O=C(CCCCC(=O)NCCN1C(=O)c2cccc3c(Sc4ccc(Br)cc4)ccc(c23)C1=O)NCCCCNc1cccc2c1C(=O)N(C1CCC(=O)NC1=O)C2=O,382
O=C(CCCCC(=O)NCCN1C(=O)c2cccc3c(Sc4ccc(Br)cc4)ccc(c23)C1=O)NCCCCCCNc1cccc2c1C(=O)N(C1CCC(=O)NC1=O)C2=O,383
O=C(CCCCC(=O)NCCN1C(=O)c2cccc3c(Sc4ccc(Br)cc4)ccc(c23)C1=O)NCCCCCCCCNc1cccc2c1C(=O)N(C1CCC(=O)NC1=O)C2=O,386
CCC(=O)N[C@@H](CCC(=O)NCCCCCCCCNc1cccc2c1C(=O)N(C1CCC(=O)NC1=O)C2=O)C(=O)Nc1cccc(Nc2ncc(NC(=O)c3cc(NC(=O)c4cccc(C)c4)ccc3C)cn2)c1,415
Cc1nc2c(F)cc(-c3nc(Nc4ccc(CN5CCN(c6cn(CCOCCNc7cccc8c7C(=O)N(C7CCC(=O)NC7=O)C8=O)nn6)CC5)cn4)ncc3F)cc2n1C(C)C,439
O=C1CCC(N2C(=O)c3cccc(NCCOCCOCCOCCOCCn4cc(CCCC(=O)N5CCN(C(=O)c6cc(Cc7n[nH]c(=O)c8ccccc78)ccc6F)CC5)nn4)c3C2=O)C(=O)N1,458
Cc1ncsc1-c1ccc([C@H](C)NC(=O)[C@@H]2C[C@@H](O)CN2C(=O)[C@@H](NC(=O)CCCCCCCN(C)CCOc2ccc(C(=O)c3c(-c4ccc(O)cc4)sc4cc(O)ccc34)cc2)C(C)(C)C)cc1,522
Cc1ncsc1-c1ccc([C@H](C)NC(=O)[C@@H]2C[C@@H](O)CN2C(=O)[C@@H](NC(=O)CCCCCCCN(CCOc2ccc(C(=O)c3c(-c4ccc(O)cc4)sc4cc(O)ccc34)cc2)C(C)C)C(C)(C)C)cc1,523
Cc1ncsc1-c1ccc([C@H](C)NC(=O)[C@@H]2C[C@@H](O)CN2C(=O)[C@@H](NC(=O)CCCCCCCN(CCOc2ccc(C(=O)c3c(-c4ccc(O)cc4)sc4cc(O)ccc34)cc2)C(C)(C)C)C(C)(C)C)cc1,524
Cc1ncsc1-c1ccc([C@H](C)NC(=O)[C@@H]2C[C@@H](O)CN2C(=O)[C@@H](NC(=O)CCCCCCCN(CCOc2ccc(C(=O)c3c(-c4ccc(O)cc4)sc4cc(O)ccc34)cc2)C2CC2)C(C)(C)C)cc1,525
Cc1ncsc1-c1ccc([C@H](C)NC(=O)[C@@H]2C[C@@H](O)CN2C(=O)[C@@H](NC(=O)CCCCCCCN(CCOc2ccc(C(=O)c3c(-c4ccc(O)cc4)sc4cc(O)ccc34)cc2)C2CCC2)C(C)(C)C)cc1,526
Cc1ncsc1-c1ccc([C@H](C)NC(=O)[C@@H]2C[C@@H](O)CN2C(=O)[C@@H](NC(=O)CCCCCCCN(CCOc2ccc(C(=O)c3c(-c4ccc(O)cc4)sc4cc(O)ccc34)cc2)C2CCCC2)C(C)(C)C)cc1,527
Cc1ncsc1-c1ccc([C@H](C)NC(=O)[C@@H]2C[C@@H](O)CN2C(=O)[C@@H](NC(=O)CCCCCCCN(CCOc2ccc(C(=O)c3c(-c4ccc(O)cc4)sc4cc(O)ccc34)cc2)C2CCCCC2)C(C)(C)C)cc1,528
Cc1ncsc1-c1ccc([C@H](C)NC(=O)[C@@H]2C[C@@H](O)CN2C(=O)[C@@H](NC(=O)CCCCCCCN(CCOc2ccc(C(=O)c3c(-c4ccc(O)cc4)sc4cc(O)ccc34)cc2)CC2CCC2)C(C)(C)C)cc1,529
CC/C(=C(\c1ccccc1)c1ccc(OCCN(CC)CCCCCCCC(=O)N[C@H](C(=O)N2C[C@H](O)C[C@H]2C(=O)N[C@@H](C)c2ccc(-c3scnc3C)cc2)C(C)(C)C)cc1)c1ccccc1,539
C#Cc1ccc([C@H](C)NC(=O)[C@@H]2C[C@@H](O)CN2C(=O)[C@@H](NC(=O)CCCCCCCN(CC)CCOc2ccc(C(=O)c3c(-c4ccc(O)cc4)sc4cc(O)ccc34)cc2)C(C)(C)C)cc1,545
Cc1ncsc1-c1ccc(CNC(=O)[C@@H]2C[C@@H](O)CN2C(=O)[C@@H](NC(=O)COCCOCCOc2ccc(-c3ccc4ncnc(Nc5ccc(OCc6cccc(F)c6)c(Cl)c5)c4c3)cc2)C(C)(C)C)cc1,566
COc1cc2ncnc(Nc3ccc(F)c(Cl)c3)c2cc1OCCCCCOCCOCCC(=O)N[C@H](C(=O)N1C[C@H](O)C[C@H]1C(=O)NCc1ccc(-c2scnc2C)cc1)C(C)(C)C,567
Cc1ncsc1-c1ccc(CNC(=O)[C@@H]2C[C@@H](O)CN2C(=O)[C@@H](NC(=O)COCCOCCOCCOc2ccc(-c3ccc4ncnc(Nc5ccc(OCc6cccc(F)c6)c(Cl)c5)c4c3)cc2)C(C)(C)C)cc1,569
COc1cc2c(Oc3ccc(N(C(=O)C4(C(N)=O)CC4)c4ccc(F)cc4)cc3F)ccnc2cc1OCCCOCCCOCCC(=O)N[C@H](C(=O)N1C[C@H](O)C[C@H]1C(=O)NCc1ccc(-c2scnc2C)cc1)C(C)(C)C,570
Cc1nnc2n1-c1sc(C#Cc3cnn(-c4cccc5c4C(=O)N(C4CCC(=O)NC4=O)C5=O)c3)c(Cc3ccccc3)c1COC2,571
CN[C@@H](C)C(=O)N[C@H](C(=O)N1C[C@@H](NC(=O)COCCOCCOCCOCCN2CCN(C/C=C/C(=O)N3CCC[C@@H](n4nc(-c5ccc(-c6ccccc6)cc5)c5c(N)ncnc54)C3)CC2)C[C@H]1C(=O)N[C@@H]1CCCc2ccccc21)C1CCCCC1,578
COc1cc(-c2cn(C)c(=O)c3cnccc23)cc(OC)c1CN1CCN(CCOCCOCC(=O)N[C@H](C(=O)N2C[C@H](O)C[C@H]2C(=O)NCc2ccc(-c3scnc3C)cc2)C(C)(C)C)CC1,583
COc1cc(-c2cn(C)c(=O)c3cnccc23)cc(OC)c1CN1CCN(CCOCCOCCOCCOCCOCC(=O)N[C@H](C(=O)N2C[C@H](O)C[C@H]2C(=O)NCc2ccc(-c3scnc3C)cc2)C(C)(C)C)CC1,585
COc1cc(-c2cn(C)c(=O)c3cnccc23)cc(OC)c1CN1CCN(CCCCCOCCOCC(=O)N[C@H](C(=O)N2C[C@H](O)C[C@H]2C(=O)NCc2ccc(-c3scnc3C)cc2)C(C)(C)C)CC1,586
COc1cc(-c2cn(C)c(=O)c3cnccc23)cc(OC)c1CN1CCN(CCOCCOc2cc(-c3scnc3C)ccc2CNC(=O)[C@@H]2C[C@@H](O)CN2C(=O)[C@@H](NC(=O)C2(F)CC2)C(C)(C)C)CC1,595
COc1cc(-c2cn(C)c(=O)c3cnccc23)c(OC)cc1CN1CCN(CCOCCOc2cc(-c3scnc3C)ccc2CNC(=O)[C@@H]2C[C@@H](O)CN2C(=O)[C@@H](NC(=O)C2(F)CC2)C(C)(C)C)CC1,596
COc1cc(-c2cn(C)c(=O)c3cnccc23)cc(OC)c1CN1CCN(CCCCCOc2cc(-c3scnc3C)ccc2CNC(=O)[C@@H]2C[C@@H](O)CN2C(=O)[C@@H](NC(=O)C2(F)CC2)C(C)(C)C)CC1,600
COc1cc(-c2cn(C)c(=O)c3cnccc23)c(OC)cc1CN1CCN(CCCCCOc2cc(-c3scnc3C)ccc2CNC(=O)[C@@H]2C[C@@H](O)CN2C(=O)[C@@H](NC(=O)C2(F)CC2)C(C)(C)C)CC1,601
COc1cc(-c2cn(C)c(=O)c3cnccc23)cc(OC)c1CN1CCN(CCCCCOCCOc2cc(-c3scnc3C)ccc2CNC(=O)[C@@H]2C[C@@H](O)CN2C(=O)[C@@H](NC(=O)C2(F)CC2)C(C)(C)C)CC1,602
COc1cc(-c2cn(C)c(=O)c3cnccc23)c(OC)cc1CN1CCN(CCCCCOCCOc2cc(-c3scnc3C)ccc2CNC(=O)[C@@H]2C[C@@H](O)CN2C(=O)[C@@H](NC(=O)C2(F)CC2)C(C)(C)C)CC1,603
COc1cc(-c2cn(C)c(=O)c3cnccc23)cc(OC)c1CN1CC(NC(=O)COCCOc2cc(-c3scnc3C)ccc2CNC(=O)[C@@H]2C[C@@H](O)CN2C(=O)[C@@H](NC(=O)C2(F)CC2)C(C)(C)C)C1,604
COc1cc(-c2cn(C)c(=O)c3cnccc23)c(OC)cc1CN1CC(NC(=O)COCCOc2cc(-c3scnc3C)ccc2CNC(=O)[C@@H]2C[C@@H](O)CN2C(=O)[C@@H](NC(=O)C2(F)CC2)C(C)(C)C)C1,605
COc1cc(-c2cn(C)c(=O)c3cnccc23)cc(OC)c1CN1CC(NC(=O)COCCOCCOc2cc(-c3scnc3C)ccc2CNC(=O)[C@@H]2C[C@@H](O)CN2C(=O)[C@@H](NC(=O)C2(F)CC2)C(C)(C)C)C1,606
COc1cc(-c2cn(C)c(=O)c3cnccc23)c(OC)cc1CN1CC(NC(=O)COCCOCCOc2cc(-c3scnc3C)ccc2CNC(=O)[C@@H]2C[C@@H](O)CN2C(=O)[C@@H](NC(=O)C2(F)CC2)C(C)(C)C)C1,607
COc1cc(-c2cn(C)c(=O)c3cnccc23)cc(OC)c1CN1CC(NC(=O)COCCOCCOCCOc2cc(-c3scnc3C)ccc2CNC(=O)[C@@H]2C[C@@H](O)CN2C(=O)[C@@H](NC(=O)C2(F)CC2)C(C)(C)C)C1,608
COc1cc(-c2cn(C)c(=O)c3cnccc23)c(OC)cc1CN1CC(NC(=O)COCCOCCOCCOc2cc(-c3scnc3C)ccc2CNC(=O)[C@@H]2C[C@@H](O)CN2C(=O)[C@@H](NC(=O)C2(F)CC2)C(C)(C)C)C1,609
COc1cc(-c2cn(C)c(=O)c3cnccc23)cc(OC)c1CN1CC(NC(=O)CCCCOc2cc(-c3scnc3C)ccc2CNC(=O)[C@@H]2C[C@@H](O)CN2C(=O)[C@@H](NC(=O)C2(F)CC2)C(C)(C)C)C1,610
COc1cc(-c2cn(C)c(=O)c3cnccc23)c(OC)cc1CN1CC(NC(=O)CCCCOc2cc(-c3scnc3C)ccc2CNC(=O)[C@@H]2C[C@@H](O)CN2C(=O)[C@@H](NC(=O)C2(F)CC2)C(C)(C)C)C1,611
COc1cc(-c2cn(C)c(=O)c3cnccc23)cc(OC)c1CN1CC(NC(=O)CCCCOCCOc2cc(-c3scnc3C)ccc2CNC(=O)[C@@H]2C[C@@H](O)CN2C(=O)[C@@H](NC(=O)C2(F)CC2)C(C)(C)C)C1,612
COc1cc(-c2cn(C)c(=O)c3cnccc23)c(OC)cc1CN1CC(NC(=O)CCCCOCCOc2cc(-c3scnc3C)ccc2CNC(=O)[C@@H]2C[C@@H](O)CN2C(=O)[C@@H](NC(=O)C2(F)CC2)C(C)(C)C)C1,613
Cc1ncsc1-c1ccc(CNC(=O)[C@@H]2C[C@@H](O)CN2C(=O)[C@@H](NC(=O)CCCCCCc2ccc(C#Cc3ccc(N4C(=S)N(c5ccc(C#N)c(C(F)(F)F)c5)C(=O)C4(C)C)cc3)cn2)C(C)(C)C)cc1,670
Cc1ncsc1-c1ccc(CNC(=O)[C@@H]2C[C@@H](O)CN2C(=O)[C@@H](NC(=O)CCCN2CCN(c3ccc(C#Cc4ccc(N5C(=S)N(c6ccc(C#N)c(C(F)(F)F)c6)C(=O)C5(C)C)cc4)cn3)CC2)C(C)(C)C)cc1,671
Cc1ncsc1-c1ccc([C@H](C)NC(=O)[C@@H]2C[C@@H](O)CN2C(=O)[C@@H](NC(=O)CCCN2CCN(c3ccc(C#Cc4ccc(N5C(=S)N(c6ccc(C#N)c(C(F)(F)F)c6)C(=O)C5(C)C)cc4)cn3)CC2)C(C)(C)C)cc1,672
Cc1ncsc1-c1ccc([C@H](C)NC(=O)[C@@H]2C[C@@H](O)CN2C(=O)[C@@H](NC(=O)CCN2CCN(c3ccc(C#Cc4ccc(N5C(=S)N(c6ccc(C#N)c(C(F)(F)F)c6)C(=O)C5(C)C)cc4)cn3)CC2)C(C)(C)C)cc1,674
Cc1ncsc1-c1ccc([C@H](C)NC(=O)[C@@H]2C[C@@H](O)CN2C(=O)[C@@H](NC(=O)CN2CCN(c3ccc(C#Cc4ccc(N5C(=S)N(c6ccc(C#N)c(C(F)(F)F)c6)C(=O)C5(C)C)cc4)cn3)CC2)C(C)(C)C)cc1,675
Cc1ncsc1-c1ccc([C@H](C)NC(=O)[C@@H]2C[C@@H](O)CN2C(=O)[C@@H](NC(=O)N2CCN(c3ccc(C#Cc4ccc(N5C(=S)N(c6ccc(C#N)c(C(F)(F)F)c6)C(=O)C5(C)C)cc4)cn3)CC2)C(C)(C)C)cc1,676
Cc1cc([C@H](C(=O)N2C[C@H](O)C[C@H]2C(=O)N[C@@H](CC(=O)N2CCN(c3ccc(C#Cc4ccc(N5C(=S)N(c6ccc(C#N)c(C(F)(F)F)c6)C(=O)C5(C)C)cc4)cn3)CC2)c2ccc(-c3scnc3C)cc2)C(C)C)on1,679
Cc1cc([C@H](C(=O)N2C[C@H](O)C[C@H]2C(=O)N[C@@H](CC(=O)N2CCC(N3CCC(C#Cc4ccc(N5C(=S)N(c6ccc(C#N)c(C(F)(F)F)c6)C(=O)C5(C)C)cc4)CC3)CC2)c2ccc(-c3scnc3C)cc2)C(C)C)on1,680
Cc1cc(Nc2nc(Nc3ccc(OCCOCCNc4cccc5c4C(=O)N(C4CCC(=O)NC4=O)C5=O)cc3)ncc2Cl)n[nH]1,760
Nc1ncnc2c1c(-c1ccc(Cl)cc1)nn2Cc1cn(CC(=O)Nc2ccc(OCCOCCNc3cccc4c3C(=O)N(C3CCC(=O)NC3=O)C4=O)cc2)nn1,761
O=C1CCC(N2Cc3c(NC(=O)COCCOCCNCCNc4nonc4/C(=N/O)Nc4ccc(F)c(Br)c4)cccc3C2=O)C(=O)N1,795
O=C1CCC(N2Cc3c(NC(=O)COCCOCCOCCNCCNc4nonc4/C(=N/O)Nc4ccc(F)c(Br)c4)cccc3C2=O)C(=O)N1,796
O=C1CCC(N2Cc3c(NC(=O)COCCOCCOCCOCCNCCNc4nonc4/C(=N/O)Nc4ccc(F)c(Br)c4)cccc3C2=O)C(=O)N1,797
O=C1CCC(N2C(=O)c3cccc(NC(=O)COCCOCCOCCNCCNc4nonc4/C(=N/O)Nc4ccc(F)c(Br)c4)c3C2=O)C(=O)N1,798
O=C1CCC(N2C(=O)c3cccc(NC(=O)COCCOCCOCCOCCOCCNCCNc4nonc4/C(=N/O)Nc4ccc(F)c(Br)c4)c3C2=O)C(=O)N1,799
O=C1CCC(N2C(=O)c3cccc(NC(=O)COCCOCCOCCOCCOCCOCCOCCNCCNc4nonc4/C(=N/O)Nc4ccc(F)c(Br)c4)c3C2=O)C(=O)N1,800
O=C1CCC(N2C(=O)c3cccc(NC(=O)COCCOCCOCCOCCOCCOCCOCCOCCOCCNCCNc4nonc4/C(=N/O)Nc4ccc(F)c(Br)c4)c3C2=O)C(=O)N1,801
O=C1CCC(N2C(=O)c3cccc(NCCCCCC4CCN(CCNC(=O)c5cc6c(o5)C(=O)c5ccccc5C6=O)CC4)c3C2=O)C(=O)N1,806
CC(=O)N1c2ccc(-c3ccc(C(=O)NCCOCCOCC(=O)N[C@H](C(=O)N4C[C@H](O)C[C@H]4C(=O)NCc4ccc(-c5scnc5C)cc4)C(C)(C)C)cc3)cc2[C@H](Nc2ccc(Cl)cc2)C[C@@H]1C,830
CC(=O)N1c2ccc(-c3ccc(C(=O)NCCOCCOCCOCC(=O)N[C@H](C(=O)N4C[C@H](O)C[C@H]4C(=O)NCc4ccc(-c5scnc5C)cc4)C(C)(C)C)cc3)cc2[C@H](Nc2ccc(Cl)cc2)C[C@@H]1C,831
CCC(C)(C)C(=O)C(=O)N1CCCC[C@H]1C(=O)O[C@H](CCc1ccc(OC)c(OC)c1)c1cccc(OCC(=O)NCCNC(=O)COc2ccc(/N=N\c3cccc4c3CN(C3CCC(=O)NC3=O)C4=O)cc2)c1,877
Cc1nc(Nc2ncc(C(=O)Nc3c(C)cccc3Cl)s2)cc(N2CCN(CCCCCCOc3ccc(/N=N/c4ccc(C(=O)Nc5cccc6c5CN(C5CCC(=O)NC5=O)C6=O)cc4)cc3)CC2)n1,882
Cc1cc(-c2ccc(C(=O)NCCOCCOCCOCCNC(=O)COc3cccc4c3C(=O)N(C3CCC(=O)NC3=O)C4=O)cc2N2CCC(c3[nH]cnc3C)CC2)ccc1F,902
Cc1cc(-c2ccc(C(=O)NCCOCCOCCNC(=O)COc3cccc4c3C(=O)N(C3CCC(=O)NC3=O)C4=O)cc2N2CCC(c3[nH]cnc3C)CC2)ccc1F,905
CN(c1nccnc1CNc1nc(Nc2ccc(NC(=O)c3cn(CCOCCNc4cccc5c4C(=O)N(C4CCC(=O)NC4=O)C5=O)nn3)cc2)ncc1C(F)(F)F)S(C)(=O)=O,940
CN(c1ncccc1CNc1nc(Nc2ccc(C(=O)NCc3cn(CCOCCNc4cccc5c4C(=O)N(C4CCC(=O)NC4=O)C5=O)nn3)cc2)ncc1C(F)(F)F)S(C)(=O)=O,943
CN(c1ncccc1CNc1nc(Nc2ccc(NC(=O)c3cn(CCOCCNc4cccc5c4C(=O)N(C4CCC(=O)NC4=O)C5=O)nn3)cc2)ncc1C(F)(F)F)S(C)(=O)=O,946
CN(c1ncccc1CNc1ncc(C(F)(F)F)c(Nc2ccc(NC(=O)c3cn(CCOCCNc4cccc5c4C(=O)N(C4CCC(=O)NC4=O)C5=O)nn3)cc2)n1)S(C)(=O)=O,956
CC1=C(/C=C/C(C)=C/C=C/C(C)=C/C(=O)O)C(C)(C)CC/C1=N\OCC(=O)NCCOCCOCCOC(=O)[C@H](CC(C)C)NC(=O)[C@@H](O)[C@H](N)Cc1ccccc1,979
CC1=C(/C=C/C(C)=C/C=C/C(C)=C/C(=O)O)C(C)(C)CC/C1=N\OCC(=O)NCCOCCOCCNC(=O)[C@H](CC(C)C)NC(=O)[C@@H](O)[C@H](N)Cc1ccccc1,980
CC1=C(/C=C/C(C)=C/C=C/C(C)=C/C(=O)O)C(C)(C)CC/C1=N\OCC(=O)NCCOCCOCCNC(=O)[C@H](CC(C)C)NC(=O)CCCc1ccccc1,981
CC(C)C[C@H](NC(=O)[C@@H](O)[C@H](N)Cc1ccccc1)C(=O)NCCOCCOCCNC(=O)CO/N=C1\CC[C@H]2[C@@H]3CCc4cc(O)ccc4[C@H]3CC[C@]12C,983
CN[C@@H](C)C(=O)N[C@H](C(=O)N1CCC[C@H]1C(=O)N[C@H](C(=O)NCCOCCOCCNC(=O)CO/N=C1\CCC(C)(C)C(/C=C/C(C)=C/C=C/C(C)=C/C(=O)O)=C1C)C(c1ccccc1)c1ccccc1)C1CCCCC1,988
O=C(CCC(=O)N1CCN(c2nc(N3CCOCC3)nc(-n3c(C(F)F)nc4ccccc43)n2)CC1)NCCCC(=O)Nc1cccc2c1C(=O)N(C1CCC(=O)NC1=O)C2=O,999
O=C(CCC(=O)N1CCN(c2nc(N3CCOCC3)nc(-n3c(C(F)F)nc4ccccc43)n2)CC1)NCCCCCC(=O)Nc1cccc2c1C(=O)N(C1CCC(=O)NC1=O)C2=O,1001
O=C1CCC(N2C(=O)c3cccc(NC(=O)CCCn4cc(CN5CCN(c6nc(N7CCOCC7)nc(-n7c(C(F)F)nc8ccccc87)n6)CC5)nn4)c3C2=O)C(=O)N1,1002
Nc1nc2c(c(=O)[nH]1)[n+](Cc1ccccc1)cn2[C@H]1O[C@@H](COP(=O)(O)NCCCCCC(=O)N[C@@H]2CCC=C3C(=O)N([C@H]4CCC(=O)NC4=O)CC32)[C@H](O)[C@@H]1O,1005
Nc1nc2c(c(=O)[nH]1)[n+](Cc1ccc(F)cc1)cn2[C@H]1O[C@@H](COP(=O)(O)NCCCCCC(=O)N[C@@H]2CCC=C3C(=O)N([C@H]4CCC(=O)NC4=O)CC32)[C@H](O)[C@@H]1O,1006
CCOc1cc(C(C)(C)C)ccc1C1=NC(c2ccc(Cl)cc2)C(c2ccc(Cl)cc2)N1C(=O)N1CCN(c2cccc3c2C(=O)N(C2CCC(=O)NC2=O)C3=O)CC1,1031
Cc1ccc(NC(=O)c2ccc(CN3CCN(C(=O)CCCc4cn(CCNc5cccc6c5C(=O)N(C5CCC(=O)NC5=O)C6=O)nn4)CC3)cc2)cc1Nc1nccc(-c2cccnc2)n1,1096
Cc1ccc(NC(=O)c2ccc(CN3CCN(C(=O)CCCc4cn(CCOCCNc5cccc6c5C(=O)N(C5CCC(=O)NC5=O)C6=O)nn4)CC3)cc2)cc1Nc1nccc(-c2cccnc2)n1,1097
Cc1ccc(NC(=O)c2ccc(CN3CCN(C(=O)CCCc4cn(CCOCCOCCNc5cccc6c5C(=O)N(C5CCC(=O)NC5=O)C6=O)nn4)CC3)cc2)cc1Nc1nccc(-c2cccnc2)n1,1098
Cc1ccc(NC(=O)c2ccc(CN3CCN(C(=O)CCCc4cn(CCOCCOCCOCCNc5cccc6c5C(=O)N(C5CCC(=O)NC5=O)C6=O)nn4)CC3)cc2)cc1Nc1nccc(-c2cccnc2)n1,1099
Cc1ccc(NC(=O)c2ccc(CN3CCN(C(=O)CCCc4cn(CCOCCOCCOCCOCCNc5cccc6c5C(=O)N(C5CCC(=O)NC5=O)C6=O)nn4)CC3)cc2)cc1Nc1nccc(-c2cccnc2)n1,1100
Cc1nc(Nc2ncc(C(=O)Nc3c(C)cccc3Cl)s2)cc(N2CCN(C(=O)CCCc3cn(CCNc4cccc5c4C(=O)N(C4CCC(=O)NC4=O)C5=O)nn3)CC2)n1,1101
Cc1nc(Nc2ncc(C(=O)Nc3c(C)cccc3Cl)s2)cc(N2CCN(C(=O)CCCc3cn(CCOCCNc4cccc5c4C(=O)N(C4CCC(=O)NC4=O)C5=O)nn3)CC2)n1,1102
Cc1nc(Nc2ncc(C(=O)Nc3c(C)cccc3Cl)s2)cc(N2CCN(C(=O)CCCc3cn(CCOCCOCCOCCNc4cccc5c4C(=O)N(C4CCC(=O)NC4=O)C5=O)nn3)CC2)n1,1104
Cc1nc(Nc2ncc(C(=O)Nc3c(C)cccc3Cl)s2)cc(N2CCN(C(=O)CCCc3cn(CCOCCOCCOCCOCCNc4cccc5c4C(=O)N(C4CCC(=O)NC4=O)C5=O)nn3)CC2)n1,1105
O=C1CCC(N2C(=O)c3cccc(NCCn4cc(CCCC(=O)N[C@@H]5CCN(c6ncc(C(=O)Nc7ccc(OC(F)(F)Cl)cc7)cc6-c6cc[nH]n6)C5)nn4)c3C2=O)C(=O)N1,1106
Cc1ccc(C(=O)Nc2ccc(CN3CCN(C(=O)CCCc4cn(CCNc5cccc6c5C(=O)N(C5CCC(=O)NC5=O)C6=O)nn4)CC3)c(C(F)(F)F)c2)cc1C#Cc1cnc2cccnn12,1111
Cc1ccc(C(=O)Nc2ccc(CN3CCN(C(=O)CCCc4cn(CCOCCNc5cccc6c5C(=O)N(C5CCC(=O)NC5=O)C6=O)nn4)CC3)c(C(F)(F)F)c2)cc1C#Cc1cnc2cccnn12,1112
Cc1ccc(C(=O)Nc2ccc(CN3CCN(C(=O)CCCc4cn(CCOCCOCCNc5cccc6c5C(=O)N(C5CCC(=O)NC5=O)C6=O)nn4)CC3)c(C(F)(F)F)c2)cc1C#Cc1cnc2cccnn12,1113
Cc1ccc(C(=O)Nc2ccc(CN3CCN(C(=O)CCCc4cn(CCOCCOCCOCCNc5cccc6c5C(=O)N(C5CCC(=O)NC5=O)C6=O)nn4)CC3)c(C(F)(F)F)c2)cc1C#Cc1cnc2cccnn12,1114
Cc1ccc(C(=O)Nc2ccc(CN3CCN(C(=O)CCCc4cn(CCOCCOCCOCCOCCNc5cccc6c5C(=O)N(C5CCC(=O)NC5=O)C6=O)nn4)CC3)c(C(F)(F)F)c2)cc1C#Cc1cnc2cccnn12,1115
Cc1cccc(/C=C/c2cnc(Nc3cc(N4CCN(C(=O)CCCc5cn(CCOCCOCCOCCOCCNc6cccc7c6C(=O)N(C6CCC(=O)NC6=O)C7=O)nn5)CC4)nc(C)n3)s2)c1,1116
Cc1c(COc2ccc(CN3CCCCC3C(=O)NCCNC(=O)CCCC(=O)Nc3cccc4c3C(=O)N(C3CCC(=O)NC3=O)C4=O)cc2Br)cccc1-c1ccccc1,1148
Cc1c(COc2ccc(CN3CCCCC3C(=O)N3CCN(C(=O)CCCC(=O)Nc4cccc5c4C(=O)N(C4CCC(=O)NC4=O)C5=O)CC3)cc2Br)cccc1-c1ccccc1,1149
Cc1c(COc2ccc(CN3CCCCC3C(=O)NCCCCNc3cccc4c3C(=O)N(C3CCC(=O)NC3=O)C4=O)cc2Br)cccc1-c1ccccc1,1150
Cc1c(COc2cc(OCc3cccc(C#N)c3)c(CN3CCCCC3C(=O)NCCNC(=O)CCCC(=O)Nc3cccc4c3C(=O)N(C3CCC(=O)NC3=O)C4=O)cc2Cl)cccc1-c1ccccc1,1151
Cc1c(COc2cc(OCc3cccc(C#N)c3)c(CN3CCCCC3C(=O)NCCCNC(=O)CCC(=O)Nc3cccc4c3C(=O)N(C3CCC(=O)NC3=O)C4=O)cc2Cl)cccc1-c1ccccc1,1153
Cc1c(COc2cc(OCc3cccc(C#N)c3)c(CN3CCCCC3C(=O)NCCNC(=O)CCCC(=O)Nc3ccc4c(c3)C(=O)N(C3CCC(=O)NC3=O)C4=O)cc2Cl)cccc1-c1ccccc1,1155
Cc1c(COc2cc(OCc3cccc(C#N)c3)c(CN3CCCCC3C(=O)N3CCN(C(=O)CCCC(=O)Nc4cccc5c4C(=O)N(C4CCC(=O)NC4=O)C5=O)CC3)cc2Cl)cccc1-c1ccccc1,1156
Cc1c(COc2cc(OCc3cccc(C#N)c3)c(CN3CCCCC3C(=O)N3CCN(C(=O)CCC(=O)Nc4cccc5c4C(=O)N(C4CCC(=O)NC4=O)C5=O)CC3)cc2Cl)cccc1-c1ccccc1,1157
Cc1c(COc2cc(OCc3cccc(C#N)c3)c(CN3CCCCC3C(=O)NCCNc3cccc4c3C(=O)N(C3CCC(=O)NC3=O)C4=O)cc2Cl)cccc1-c1ccccc1,1158
Cc1c(COc2cc(OCc3cccc(C#N)c3)c(CN3CCCCC3C(=O)NCCCNc3cccc4c3C(=O)N(C3CCC(=O)NC3=O)C4=O)cc2Cl)cccc1-c1ccccc1,1159
Cc1c(COc2cc(OCc3cccc(C#N)c3)c(CN3CCCCC3C(=O)NCCCCNc3cccc4c3C(=O)N(C3CCC(=O)NC3=O)C4=O)cc2Cl)cccc1-c1ccccc1,1160
Cc1c(COc2cc(OCc3cccc(C#N)c3)c(CN3CCCCC3C(=O)NCCCCCNc3cccc4c3C(=O)N(C3CCC(=O)NC3=O)C4=O)cc2Cl)cccc1-c1ccccc1,1161
Cc1c(COc2cc(OCc3cccc(C#N)c3)c(CN3CCCCC3C(=O)NCCCCCCNc3cccc4c3C(=O)N(C3CCC(=O)NC3=O)C4=O)cc2Cl)cccc1-c1ccccc1,1162
Cc1c(COc2cc(OCc3cccc(C#N)c3)c(CN3CCCCC3C(=O)NCCNC(=O)CCC(=O)Nc3cccc4c3C(=O)N(C3CCC(=O)NC3=O)C4=O)cc2Cl)cccc1-c1ccccc1,1163
Cc1c(COc2cc(OCc3cccc(C#N)c3)c(CN3CCCCC3C(=O)NCCNC(=O)COCC(=O)Nc3cccc4c3C(=O)N(C3CCC(=O)NC3=O)C4=O)cc2Cl)cccc1-c1ccccc1,1164
Cc1c(COc2cc(OCc3cccc(C#N)c3)c(CN3CCCCC3C(=O)NCCNC(=O)CCCC(=O)Nc3cccc4c3C(=O)N(C3CCC(=O)NC3=O)C4=O)cc2Cl)cccc1-c1ccc2c(c1)OCCO2,1165
Cc1c(COc2cc(OCc3cccc(C#N)c3)c(CN3CCCCC3C(=O)NCCNC(=O)CCCC(=O)Nc3ccc4c(c3)C(=O)N(C3CCC(=O)NC3=O)C4=O)cc2Cl)cccc1-c1ccc2c(c1)OCCO2,1166
Cc1c(COc2cc(OCc3cccc(C#N)c3)c(CN3CCCCC3C(=O)NCCNC(=O)COCC(=O)Nc3cccc4c3C(=O)N(C3CCC(=O)NC3=O)C4=O)cc2Cl)cccc1-c1ccc2c(c1)OCCO2,1167
Cc1c(COc2cc(OCc3cccc(C#N)c3)c(CN3CCCCC3C(=O)NCCNC(=O)CCC(=O)Nc3cccc4c3C(=O)N(C3CCC(=O)NC3=O)C4=O)cc2Cl)cccc1-c1ccc2c(c1)OCCO2,1168
Cc1c(COc2cc(OCc3cccc(C#N)c3)c(CN3CCCCC3C(=O)N3CCN(C(=O)CCCC(=O)Nc4cccc5c4C(=O)N(C4CCC(=O)NC4=O)C5=O)CC3)cc2Cl)cccc1-c1ccc2c(c1)OCCO2,1169
Cc1c(COc2cc(OCc3cccc(C#N)c3)c(CN3CCCCC3C(=O)N3CCN(C(=O)CCC(=O)Nc4cccc5c4C(=O)N(C4CCC(=O)NC4=O)C5=O)CC3)cc2Cl)cccc1-c1ccc2c(c1)OCCO2,1170
Cc1c(COc2cc(OCc3cccc(C#N)c3)c(CN3CCCCC3C(=O)NCCNc3cccc4c3C(=O)N(C3CCC(=O)NC3=O)C4=O)cc2Cl)cccc1-c1ccc2c(c1)OCCO2,1171
Cc1c(COc2cc(OCc3cccc(C#N)c3)c(CN3CCCCC3C(=O)NCCCNc3cccc4c3C(=O)N(C3CCC(=O)NC3=O)C4=O)cc2Cl)cccc1-c1ccc2c(c1)OCCO2,1172
Cc1c(COc2cc(OCc3cccc(C#N)c3)c(CN3CCCCC3C(=O)NCCCCNc3cccc4c3C(=O)N(C3CCC(=O)NC3=O)C4=O)cc2Cl)cccc1-c1ccc2c(c1)OCCO2,1173
Cc1c(COc2cc(OCc3cccc(C#N)c3)c(CN3CCCCC3C(=O)NCCCCCNc3cccc4c3C(=O)N(C3CCC(=O)NC3=O)C4=O)cc2Cl)cccc1-c1ccc2c(c1)OCCO2,1174
Cc1c(COc2cc(OCc3cccc(C#N)c3)c(CN3CCCCC3C(=O)NCCCCCCNc3cccc4c3C(=O)N(C3CCC(=O)NC3=O)C4=O)cc2Cl)cccc1-c1ccc2c(c1)OCCO2,1175
COc1cc(-c2cn(C)c(=O)c3cnccc23)cc(OC)c1CN1CCN(CCOCCOCC(=O)NCCNc2cccc3c2C(=O)N(C2CCC(=O)NC2=O)C3=O)CC1,1178
COc1cc(-c2cn(C)c(=O)c3cnccc23)cc(OC)c1CN1CCN(CCOCCOCC(=O)NCc2ccc(S(=O)(=O)Nc3cccc4c(Cl)c[nH]c34)cc2)CC1,1180
COc1cc(-c2cn(C)c(=O)c3cnccc23)cc(OC)c1CN1CCN(CCCCCOCCOCC(=O)N[C@@H](C(=O)N2C[C@@H](O)C[C@@H]2C(=O)NCc2ccc(-c3scnc3C)cc2)C(C)(C)C)CC1,1182
Cc1nnc2n1-c1sc(C#Cc3ccn(CCCCNc4cccc5c4CN(C4CCC(=O)NC4=O)C5=O)c3)c(Cc3ccccc3)c1COC2,1206
COC(=O)C[C@@H]1N=C(c2ccc(Cl)cc2)c2c(sc(C(=O)NCCCCCCCCNc3cccc4c3C(=O)N(C3CCC(=O)NC3=O)C4=O)c2C)-n2c(C)nnc21,1290
COC(=O)C[C@@H]1N=C(c2ccc(Cl)cc2)c2c(sc(C(=O)NCCCCCCCCNc3ccc4c(c3)C(=O)N(C3CCC(=O)NC3=O)C4=O)c2C)-n2c(C)nnc21,1291
COC(=O)C[C@@H]1N=C(c2ccc(Cl)cc2)c2c(sc(C(=O)NCCCCCCCCOc3cccc4c3C(=O)N(C3CCC(=O)NC3=O)C4=O)c2C)-n2c(C)nnc21,1293
COC(=O)C[C@@H]1N=C(c2ccc(Cl)cc2)c2c(sc(C(=O)NCCCCCCCCOc3ccc4c(c3)C(=O)N(C3CCC(=O)NC3=O)C4=O)c2C)-n2c(C)nnc21,1294
COC(=O)C[C@@H]1N=C(c2ccc(Cl)cc2)c2c(sc(C(=O)NCCCNc3cccc4c3C(=O)N(C3CCC(=O)NC3=O)C4=O)c2C)-n2c(C)nnc21,1295
COC(=O)C[C@@H]1N=C(c2ccc(Cl)cc2)c2c(sc(C(=O)NCCCCNc3cccc4c3C(=O)N(C3CCC(=O)NC3=O)C4=O)c2C)-n2c(C)nnc21,1296
COC(=O)C[C@@H]1N=C(c2ccc(Cl)cc2)c2c(sc(C(=O)NCCCCCNc3cccc4c3C(=O)N(C3CCC(=O)NC3=O)C4=O)c2C)-n2c(C)nnc21,1297
Cc1nc2c(F)cc(-c3nc(Nc4ccc(CN5CCN(Cc6cn(CCOCCNc7cccc8c7C(=O)N(C7CCC(=O)NC7=O)C8=O)nn6)CC5)cn4)ncc3F)cc2n1C(C)C,1326
Cc1nc2c(F)cc(-c3nc(Nc4ccc(CN5CCN(Cc6cn(CCOCCOCCOCCNc7cccc8c7C(=O)N(C7CCC(=O)NC7=O)C8=O)nn6)CC5)cn4)ncc3F)cc2n1C(C)C,1328
COC(=O)C[C@@H]1N=C(c2ccc(Cl)cc2)c2c(sc(C(=O)NCCNc3cccc4c3C(=O)N(C3CCC(=O)NC3=O)C4=O)c2C)-n2c(C)nnc21,1332
CCOc1cc(C(C)(C)C)ccc1C1=NC(c2ccc(Cl)cc2)C(c2ccc(Cl)cc2)N1C(=O)N1CCN(c2cccc3c2CN(C2CCC(=O)NC2=O)C3=O)CC1,1397
Nc1nc2c(ncn2[C@@H]2O[C@H](COP(=O)(O)NCCCCCC(=O)Nc3cccc4c3CN(C3CCC(=O)NC3=O)C4=O)[C@@H](O)[C@H]2O)c(=O)[nH]1,1461
CC1=C(/C=C/C(C)=C/C=C/C(C)=C/C(=O)O)C(C)(C)CC/C1=N\OCC(=O)NCCOCCOC(=O)[C@H](CC(C)C)NC(=O)[C@@H](O)[C@H](N)Cc1ccccc1,1474
CC1=C(/C=C/C(C)=C/C=C/C(C)=C/C(=O)O)C(C)(C)CC/C1=N\OCC(=O)NCCOCCOCCOCCOC(=O)[C@H](CC(C)C)NC(=O)[C@@H](O)[C@H](N)Cc1ccccc1,1475
Cc1ccc(NC(=O)c2ccc(CNC(=O)CCCCNC(=O)[C@H](CC(C)C)NC(=O)[C@@H](O)[C@H](N)Cc3ccccc3)cc2)cc1Nc1nccc(-c2cccnc2)n1,1492
Cc1ccc(NC(=O)c2ccc(CNC(=O)CCCCCCCCCCNC(=O)[C@H](CC(C)C)NC(=O)[C@@H](O)[C@H](N)Cc3ccccc3)cc2)cc1Nc1nccc(-c2cccnc2)n1,1494
CN[C@@H](C)C(=O)N[C@H](C(=O)N1C[C@@H](NC(=O)COCCOCCOCCOCCOCCOCCN2CCN(CCCOc3ccc(-c4cnc5cccc(-c6cc(F)c(CN7CCS(=O)(=O)CC7)c(F)c6)c5n4)cc3OC)CC2)C[C@H]1C(=O)N[C@@H]1CCCc2ccccc21)C1CCCCC1,1504
COc1cc(-c2cnc3cccc(-c4cc(F)c(CN5CCS(=O)(=O)CC5)c(F)c4)c3n2)ccc1OCCCN1CCN(CCOCCOCCOCCOCCOCCOCC(=O)N[C@H](C(=O)N2C[C@H](O)C[C@H]2C(=O)NCc2ccc(-c3scnc3C)cc2)C(C)(C)C)CC1,1505
N#CC1(CNc2cccc(-c3cc(N[C@H]4CC[C@H](NCC(=O)NCCOCCOCCOCCNc5cccc6c5C(=O)N(C5CCC(=O)NC5=O)C6=O)CC4)ncc3Cl)n2)CCOCC1,1512
N#CC1(CNc2cccc(-c3cc(N[C@H]4CC[C@H](NCCCCCCNc5cccc6c5C(=O)N(C5CCC(=O)NC5=O)C6=O)CC4)ncc3Cl)n2)CCOCC1,1513
CC1=C(/C=C/C(C)=C/C=C/C(C)=C/C(=O)O)C(C)(C)CC/C1=N\OCC(=O)NCCOCCOCCOCc1ccc(-c2cc(=O)c3c(ccc4ccccc43)o2)cc1,1520
CC1=C(/C=C/C(C)=C/C=C/C(C)=C/C(=O)O)C(C)(C)CC/C1=N\OCC(=O)NCCOCCOCCOCc1ccc(-c2cc(=O)c3ccc4ccccc4c3o2)cc1,1521
Cc1ncsc1-c1ccc([C@H](C)NC(=O)[C@@H]2C[C@@H](O)CN2C(=O)[C@@H](NC(=O)COc2ccc(/C=N/NC(=O)c3ccc(C(=O)c4c(-c5ccc(O)cc5)sc5cc(O)ccc45)cc3)cc2)C(C)(C)C)cc1,1524
Cc1ncsc1-c1ccc([C@H](C)NC(=O)[C@@H]2C[C@@H](O)CN2C(=O)[C@@H](NC(=O)CCCOc2ccc(/C=N/NC(=O)c3ccc(C(=O)c4c(-c5ccc(O)cc5)sc5cc(O)ccc45)cc3)cc2)C(C)(C)C)cc1,1525
Cc1ncsc1-c1ccc([C@H](C)NC(=O)[C@@H]2C[C@@H](O)CN2C(=O)[C@@H](NC(=O)CCCCOc2ccc(/C=N/NC(=O)c3ccc(C(=O)c4c(-c5ccc(O)cc5)sc5cc(O)ccc45)cc3)cc2)C(C)(C)C)cc1,1526
Cc1ncsc1-c1ccc([C@H](C)NC(=O)[C@@H]2C[C@@H](O)CN2C(=O)[C@@H](NC(=O)CCCCCOc2ccc(/C=N/NC(=O)c3ccc(C(=O)c4c(-c5ccc(O)cc5)sc5cc(O)ccc45)cc3)cc2)C(C)(C)C)cc1,1527
Cc1ncsc1-c1ccc([C@H](C)NC(=O)[C@@H]2C[C@@H](O)CN2C(=O)[C@@H](NC(=O)CCCCCCOc2ccc(/C=N/NC(=O)c3ccc(C(=O)c4c(-c5ccc(O)cc5)sc5cc(O)ccc45)cc3)cc2)C(C)(C)C)cc1,1528
Cc1ncsc1-c1ccc([C@H](C)NC(=O)[C@@H]2C[C@@H](O)CN2C(=O)[C@@H](NC(=O)COCCOCCOCCOCCOc2ccc(/C=N/NC(=O)c3ccc(C(=O)c4c(-c5ccc(O)cc5)sc5cc(O)ccc45)cc3)cc2)C(C)(C)C)cc1,1533
Cc1ncsc1-c1ccc([C@H](C)NC(=O)[C@@H]2C[C@@H](O)CN2C(=O)[C@@H](NC(=O)COCCOCCOCCOCCOCCOc2ccc(/C=N/NC(=O)c3ccc(C(=O)c4c(-c5ccc(O)cc5)sc5cc(O)ccc45)cc3)cc2)C(C)(C)C)cc1,1534
O=C(COc1ccc(/C=N/NC(=O)c2ccc(C(=O)c3c(-c4ccc(O)cc4)sc4cc(O)ccc34)cc2)cc1)NCC#Cc1cccc2c1CN(C1CCC(=O)NC1=O)C2=O,1536
O=C(CCCOc1ccc(/C=N/NC(=O)c2ccc(C(=O)c3c(-c4ccc(O)cc4)sc4cc(O)ccc34)cc2)cc1)NCC#Cc1cccc2c1CN(C1CCC(=O)NC1=O)C2=O,1537
O=C(CCCCOc1ccc(/C=N/NC(=O)c2ccc(C(=O)c3c(-c4ccc(O)cc4)sc4cc(O)ccc34)cc2)cc1)NCC#Cc1cccc2c1CN(C1CCC(=O)NC1=O)C2=O,1538
O=C(CCCCCOc1ccc(/C=N/NC(=O)c2ccc(C(=O)c3c(-c4ccc(O)cc4)sc4cc(O)ccc34)cc2)cc1)NCC#Cc1cccc2c1CN(C1CCC(=O)NC1=O)C2=O,1539
O=C(COCCOc1ccc(/C=N/NC(=O)c2ccc(C(=O)c3c(-c4ccc(O)cc4)sc4cc(O)ccc34)cc2)cc1)NCC#Cc1cccc2c1CN(C1CCC(=O)NC1=O)C2=O,1542
O=C(COCCOCCOCCOc1ccc(/C=N/NC(=O)c2ccc(C(=O)c3c(-c4ccc(O)cc4)sc4cc(O)ccc34)cc2)cc1)NCC#Cc1cccc2c1CN(C1CCC(=O)NC1=O)C2=O,1544
O=C(COCCOCCOCCOCCOCCOc1ccc(/C=N/NC(=O)c2ccc(C(=O)c3c(-c4ccc(O)cc4)sc4cc(O)ccc34)cc2)cc1)NCC#Cc1cccc2c1CN(C1CCC(=O)NC1=O)C2=O,1546
Cc1ncsc1-c1ccc([C@H](C)NC(=O)[C@@H]2C[C@@H](O)CN2C(=O)[C@@H](NC(=O)COc2ccc(/C=N/NC(=O)c3ccc(-c4c(-c5ccc(O)cc5)sc5cc(O)ccc45)cc3)cc2)C(C)(C)C)cc1,1548
Cc1ncsc1-c1ccc([C@H](C)NC(=O)[C@@H]2C[C@@H](O)CN2C(=O)[C@@H](NC(=O)CCCOc2ccc(/C=N/NC(=O)c3ccc(-c4c(-c5ccc(O)cc5)sc5cc(O)ccc45)cc3)cc2)C(C)(C)C)cc1,1549
Cc1ncsc1-c1ccc([C@H](C)NC(=O)[C@@H]2C[C@@H](O)CN2C(=O)[C@@H](NC(=O)CCCCOc2ccc(/C=N/NC(=O)c3ccc(-c4c(-c5ccc(O)cc5)sc5cc(O)ccc45)cc3)cc2)C(C)(C)C)cc1,1550
Cc1ncsc1-c1ccc([C@H](C)NC(=O)[C@@H]2C[C@@H](O)CN2C(=O)[C@@H](NC(=O)CCCCCOc2ccc(/C=N/NC(=O)c3ccc(-c4c(-c5ccc(O)cc5)sc5cc(O)ccc45)cc3)cc2)C(C)(C)C)cc1,1551
Cc1ncsc1-c1ccc([C@H](C)NC(=O)[C@@H]2C[C@@H](O)CN2C(=O)[C@@H](NC(=O)CCCCCCOc2ccc(/C=N/NC(=O)c3ccc(-c4c(-c5ccc(O)cc5)sc5cc(O)ccc45)cc3)cc2)C(C)(C)C)cc1,1552
Cc1ncsc1-c1ccc([C@H](C)NC(=O)[C@@H]2C[C@@H](O)CN2C(=O)[C@@H](NC(=O)COCCOCCOCCOc2ccc(/C=N/NC(=O)c3ccc(-c4c(-c5ccc(O)cc5)sc5cc(O)ccc45)cc3)cc2)C(C)(C)C)cc1,1556
Cc1ncsc1-c1ccc([C@H](C)NC(=O)[C@@H]2C[C@@H](O)CN2C(=O)[C@@H](NC(=O)COCCOCCOCCOCCOc2ccc(/C=N/NC(=O)c3ccc(-c4c(-c5ccc(O)cc5)sc5cc(O)ccc45)cc3)cc2)C(C)(C)C)cc1,1557
Cc1ncsc1-c1ccc([C@H](C)NC(=O)[C@@H]2C[C@@H](O)CN2C(=O)[C@@H](NC(=O)COc2ccc(/C=N/NC(=O)c3ccc(Oc4c(-c5ccc(O)cc5)sc5cc(O)ccc45)cc3)cc2)C(C)(C)C)cc1,1560
Cc1ncsc1-c1ccc([C@H](C)NC(=O)[C@@H]2C[C@@H](O)CN2C(=O)[C@@H](NC(=O)CCCOc2ccc(/C=N/NC(=O)c3ccc(Oc4c(-c5ccc(O)cc5)sc5cc(O)ccc45)cc3)cc2)C(C)(C)C)cc1,1561
Cc1ncsc1-c1ccc([C@H](C)NC(=O)[C@@H]2C[C@@H](O)CN2C(=O)[C@@H](NC(=O)CCCCOc2ccc(/C=N/NC(=O)c3ccc(Oc4c(-c5ccc(O)cc5)sc5cc(O)ccc45)cc3)cc2)C(C)(C)C)cc1,1562
Cc1ncsc1-c1ccc([C@H](C)NC(=O)[C@@H]2C[C@@H](O)CN2C(=O)[C@@H](NC(=O)CCCCCOc2ccc(/C=N/NC(=O)c3ccc(Oc4c(-c5ccc(O)cc5)sc5cc(O)ccc45)cc3)cc2)C(C)(C)C)cc1,1563
Cc1ncsc1-c1ccc([C@H](C)NC(=O)[C@@H]2C[C@@H](O)CN2C(=O)[C@@H](NC(=O)CCCCCCOc2ccc(/C=N/NC(=O)c3ccc(Oc4c(-c5ccc(O)cc5)sc5cc(O)ccc45)cc3)cc2)C(C)(C)C)cc1,1564
Cc1ncsc1-c1ccc([C@H](C)NC(=O)[C@@H]2C[C@@H](O)CN2C(=O)[C@@H](NC(=O)COCCOCCOCCOc2ccc(/C=N/NC(=O)c3ccc(Oc4c(-c5ccc(O)cc5)sc5cc(O)ccc45)cc3)cc2)C(C)(C)C)cc1,1568
Cc1ncsc1-c1ccc([C@H](C)NC(=O)[C@@H]2C[C@@H](O)CN2C(=O)[C@@H](NC(=O)COCCOCCOCCOCCOc2ccc(/C=N/NC(=O)c3ccc(Oc4c(-c5ccc(O)cc5)sc5cc(O)ccc45)cc3)cc2)C(C)(C)C)cc1,1569
Cc1ncsc1-c1ccc([C@H](C)NC(=O)[C@@H]2C[C@@H](O)CN2C(=O)[C@@H](NC(=O)COc2ccc(/C=N/NC(=O)c3cccc(C(=O)c4c(-c5ccc(O)cc5)sc5cc(O)ccc45)c3)cc2)C(C)(C)C)cc1,1572
Cc1ncsc1-c1ccc([C@H](C)NC(=O)[C@@H]2C[C@@H](O)CN2C(=O)[C@@H](NC(=O)CCCOc2ccc(/C=N/NC(=O)c3cccc(C(=O)c4c(-c5ccc(O)cc5)sc5cc(O)ccc45)c3)cc2)C(C)(C)C)cc1,1573
Cc1ncsc1-c1ccc([C@H](C)NC(=O)[C@@H]2C[C@@H](O)CN2C(=O)[C@@H](NC(=O)CCCCOc2ccc(/C=N/NC(=O)c3cccc(C(=O)c4c(-c5ccc(O)cc5)sc5cc(O)ccc45)c3)cc2)C(C)(C)C)cc1,1574
Cc1ncsc1-c1ccc([C@H](C)NC(=O)[C@@H]2C[C@@H](O)CN2C(=O)[C@@H](NC(=O)CCCCCOc2ccc(/C=N/NC(=O)c3cccc(C(=O)c4c(-c5ccc(O)cc5)sc5cc(O)ccc45)c3)cc2)C(C)(C)C)cc1,1575
Cc1ncsc1-c1ccc([C@H](C)NC(=O)[C@@H]2C[C@@H](O)CN2C(=O)[C@@H](NC(=O)CCCCCCOc2ccc(/C=N/NC(=O)c3cccc(C(=O)c4c(-c5ccc(O)cc5)sc5cc(O)ccc45)c3)cc2)C(C)(C)C)cc1,1576
Cc1ncsc1-c1ccc([C@H](C)NC(=O)[C@@H]2C[C@@H](O)CN2C(=O)[C@@H](NC(=O)COCCOc2ccc(/C=N/NC(=O)c3cccc(C(=O)c4c(-c5ccc(O)cc5)sc5cc(O)ccc45)c3)cc2)C(C)(C)C)cc1,1578
Cc1ncsc1-c1ccc([C@H](C)NC(=O)[C@@H]2C[C@@H](O)CN2C(=O)[C@@H](NC(=O)COCCOCCOCCOc2ccc(/C=N/NC(=O)c3cccc(C(=O)c4c(-c5ccc(O)cc5)sc5cc(O)ccc45)c3)cc2)C(C)(C)C)cc1,1580
Cc1ncsc1-c1ccc([C@H](C)NC(=O)[C@@H]2C[C@@H](O)CN2C(=O)[C@@H](NC(=O)COCCOCCOCCOCCOc2ccc(/C=N/NC(=O)c3cccc(C(=O)c4c(-c5ccc(O)cc5)sc5cc(O)ccc45)c3)cc2)C(C)(C)C)cc1,1581
Cc1ncsc1-c1ccc([C@H](C)NC(=O)[C@@H]2C[C@@H](O)CN2C(=O)[C@@H](NC(=O)COCCOCCOCCOCCOCCOc2ccc(/C=N/NC(=O)c3cccc(C(=O)c4c(-c5ccc(O)cc5)sc5cc(O)ccc45)c3)cc2)C(C)(C)C)cc1,1582
Cc1ncsc1-c1ccc([C@H](C)NC(=O)[C@@H]2C[C@@H](O)CN2C(=O)[C@@H](NC(=O)COCCOCCOCCOCCOCCOCCOc2ccc(/C=N/NC(=O)c3cccc(C(=O)c4c(-c5ccc(O)cc5)sc5cc(O)ccc45)c3)cc2)C(C)(C)C)cc1,1583
Cc1ncsc1-c1ccc([C@H](C)NC(=O)[C@@H]2C[C@@H](O)CN2C(=O)[C@@H](NC(=O)COc2ccc(/C=N/NC(=O)c3cccc(-c4c(-c5ccc(O)cc5)sc5cc(O)ccc45)c3)cc2)C(C)(C)C)cc1,1584
Cc1ncsc1-c1ccc([C@H](C)NC(=O)[C@@H]2C[C@@H](O)CN2C(=O)[C@@H](NC(=O)CCCOc2ccc(/C=N/NC(=O)c3cccc(-c4c(-c5ccc(O)cc5)sc5cc(O)ccc45)c3)cc2)C(C)(C)C)cc1,1585
Cc1ncsc1-c1ccc([C@H](C)NC(=O)[C@@H]2C[C@@H](O)CN2C(=O)[C@@H](NC(=O)CCCCOc2ccc(/C=N/NC(=O)c3cccc(-c4c(-c5ccc(O)cc5)sc5cc(O)ccc45)c3)cc2)C(C)(C)C)cc1,1586
Cc1ncsc1-c1ccc([C@H](C)NC(=O)[C@@H]2C[C@@H](O)CN2C(=O)[C@@H](NC(=O)CCCCCOc2ccc(/C=N/NC(=O)c3cccc(-c4c(-c5ccc(O)cc5)sc5cc(O)ccc45)c3)cc2)C(C)(C)C)cc1,1587
Cc1ncsc1-c1ccc([C@H](C)NC(=O)[C@@H]2C[C@@H](O)CN2C(=O)[C@@H](NC(=O)CCCCCCOc2ccc(/C=N/NC(=O)c3cccc(-c4c(-c5ccc(O)cc5)sc5cc(O)ccc45)c3)cc2)C(C)(C)C)cc1,1588
Cc1ncsc1-c1ccc([C@H](C)NC(=O)[C@@H]2C[C@@H](O)CN2C(=O)[C@@H](NC(=O)COCCOc2ccc(/C=N/NC(=O)c3cccc(-c4c(-c5ccc(O)cc5)sc5cc(O)ccc45)c3)cc2)C(C)(C)C)cc1,1590
Cc1ncsc1-c1ccc([C@H](C)NC(=O)[C@@H]2C[C@@H](O)CN2C(=O)[C@@H](NC(=O)COCCOCCOCCOCCOc2ccc(/C=N/NC(=O)c3cccc(-c4c(-c5ccc(O)cc5)sc5cc(O)ccc45)c3)cc2)C(C)(C)C)cc1,1593
Cc1ncsc1-c1ccc([C@H](C)NC(=O)[C@@H]2C[C@@H](O)CN2C(=O)[C@@H](NC(=O)COc2ccc(/C=N/NC(=O)c3cccc(Oc4c(-c5ccc(O)cc5)sc5cc(O)ccc45)c3)cc2)C(C)(C)C)cc1,1596
Cc1ncsc1-c1ccc([C@H](C)NC(=O)[C@@H]2C[C@@H](O)CN2C(=O)[C@@H](NC(=O)CCCOc2ccc(/C=N/NC(=O)c3cccc(Oc4c(-c5ccc(O)cc5)sc5cc(O)ccc45)c3)cc2)C(C)(C)C)cc1,1597
Cc1ncsc1-c1ccc([C@H](C)NC(=O)[C@@H]2C[C@@H](O)CN2C(=O)[C@@H](NC(=O)CCCCOc2ccc(/C=N/NC(=O)c3cccc(Oc4c(-c5ccc(O)cc5)sc5cc(O)ccc45)c3)cc2)C(C)(C)C)cc1,1598
Cc1ncsc1-c1ccc([C@H](C)NC(=O)[C@@H]2C[C@@H](O)CN2C(=O)[C@@H](NC(=O)CCCCCOc2ccc(/C=N/NC(=O)c3cccc(Oc4c(-c5ccc(O)cc5)sc5cc(O)ccc45)c3)cc2)C(C)(C)C)cc1,1599
Cc1ncsc1-c1ccc([C@H](C)NC(=O)[C@@H]2C[C@@H](O)CN2C(=O)[C@@H](NC(=O)CCCCCCOc2ccc(/C=N/NC(=O)c3cccc(Oc4c(-c5ccc(O)cc5)sc5cc(O)ccc45)c3)cc2)C(C)(C)C)cc1,1600
Cc1ncsc1-c1ccc([C@H](C)NC(=O)[C@@H]2C[C@@H](O)CN2C(=O)[C@@H](NC(=O)COCCOc2ccc(/C=N/NC(=O)c3cccc(Oc4c(-c5ccc(O)cc5)sc5cc(O)ccc45)c3)cc2)C(C)(C)C)cc1,1602
Cc1ncsc1-c1ccc([C@H](C)NC(=O)[C@@H]2C[C@@H](O)CN2C(=O)[C@@H](NC(=O)COCCOCCOCCOCCOc2ccc(/C=N/NC(=O)c3cccc(Oc4c(-c5ccc(O)cc5)sc5cc(O)ccc45)c3)cc2)C(C)(C)C)cc1,1605
Cc1ncsc1-c1ccc([C@H](C)NC(=O)[C@@H]2C[C@@H](O)CN2C(=O)[C@@H](NC(=O)COc2ccc(/C=N/NC(=O)c3c(-c4ccc(O)cc4)sc4cc(O)ccc34)cc2)C(C)(C)C)cc1,1608
Cc1ncsc1-c1ccc([C@H](C)NC(=O)[C@@H]2C[C@@H](O)CN2C(=O)[C@@H](NC(=O)CCCOc2ccc(/C=N/NC(=O)c3c(-c4ccc(O)cc4)sc4cc(O)ccc34)cc2)C(C)(C)C)cc1,1609
Cc1ncsc1-c1ccc([C@H](C)NC(=O)[C@@H]2C[C@@H](O)CN2C(=O)[C@@H](NC(=O)CCCCOc2ccc(/C=N/NC(=O)c3c(-c4ccc(O)cc4)sc4cc(O)ccc34)cc2)C(C)(C)C)cc1,1610
Cc1ncsc1-c1ccc([C@H](C)NC(=O)[C@@H]2C[C@@H](O)CN2C(=O)[C@@H](NC(=O)CCCCCOc2ccc(/C=N/NC(=O)c3c(-c4ccc(O)cc4)sc4cc(O)ccc34)cc2)C(C)(C)C)cc1,1611
Cc1ncsc1-c1ccc([C@H](C)NC(=O)[C@@H]2C[C@@H](O)CN2C(=O)[C@@H](NC(=O)CCCCCCOc2ccc(/C=N/NC(=O)c3c(-c4ccc(O)cc4)sc4cc(O)ccc34)cc2)C(C)(C)C)cc1,1612
Cc1ncsc1-c1ccc([C@H](C)NC(=O)[C@@H]2C[C@@H](O)CN2C(=O)[C@@H](NC(=O)COCCOCCOCCOc2ccc(/C=N/NC(=O)c3c(-c4ccc(O)cc4)sc4cc(O)ccc34)cc2)C(C)(C)C)cc1,1616
Cc1ncsc1-c1ccc([C@H](C)NC(=O)[C@@H]2C[C@@H](O)CN2C(=O)[C@@H](NC(=O)COCCOCCOCCOCCOc2ccc(/C=N/NC(=O)c3c(-c4ccc(O)cc4)sc4cc(O)ccc34)cc2)C(C)(C)C)cc1,1617
Cc1ncsc1-c1ccc([C@H](C)NC(=O)[C@@H]2C[C@@H](O)CN2C(=O)[C@@H](NC(=O)CCCOc2ccc(CCNC(=O)c3ccc(C(=O)c4c(-c5ccc(O)cc5)sc5cc(O)ccc45)cc3)cc2)C(C)(C)C)cc1,1620
Cc1ncsc1-c1ccc([C@H](C)NC(=O)[C@@H]2C[C@@H](O)CN2C(=O)[C@@H](NC(=O)CCCCOc2ccc(CCNC(=O)c3ccc(C(=O)c4c(-c5ccc(O)cc5)sc5cc(O)ccc45)cc3)cc2)C(C)(C)C)cc1,1621
Cc1ncsc1-c1ccc([C@H](C)NC(=O)[C@@H]2C[C@@H](O)CN2C(=O)[C@@H](NC(=O)CCCCCOc2ccc(CCNC(=O)c3ccc(C(=O)c4c(-c5ccc(O)cc5)sc5cc(O)ccc45)cc3)cc2)C(C)(C)C)cc1,1622
C[C@@H]1C[C@@H](O)c2ncnc(N3CCN(C(=O)[C@H](CNCCCCCCCCCCc4cccc5c4CN(C4CCC(=O)NC4=O)C5=O)c4ccc(Cl)cc4)CC3)c21,1624
Cc1ncsc1-c1ccc(CNC(=O)[C@@H]2C[C@@H](O)CN2C(=O)[C@@H](NC(=O)COCCOc2ccc(-c3cc(Nc4ccc(OC(F)(F)F)cc4)ncn3)cc2)C(C)(C)C)cc1,1628
Cc1ccc(NC(=O)c2ccc(CN3CCN(C(=O)COCCOCCOCCNC(=O)[C@H](CC(C)C)NC(=O)[C@@H](O)[C@H](N)Cc4ccccc4)CC3)cc2)cc1Nc1nccc(-c2cccnc2)n1,1657
CCN1CCN(Cc2ccc(NC(=O)c3cccc(-c4ccc5nc(NC(=O)COCCOCCOCCNC(=O)[C@H](CC(C)C)NC(=O)[C@@H](O)[C@H](N)Cc6ccccc6)sc5n4)c3)cc2C(F)(F)F)CC1,1659
Cc1nc(Nc2ncc(C(=O)Nc3c(C)cccc3Cl)s2)cc(N2CCN(C(=O)COCCOCCOCCNC(=O)[C@H](CC(C)C)NC(=O)[C@@H](O)[C@H](N)Cc3ccccc3)CC2)n1,1660
CN[C@@H](C)C(=O)N[C@H](C(=O)N1CCC[C@H]1C(=O)N[C@H](C(=O)NCCOCCOCCOCC(=O)N1CCN(Cc2ccc(C(=O)Nc3ccc(C)c(Nc4nccc(-c5cccnc5)n4)c3)cc2)CC1)C(c1ccccc1)c1ccccc1)C1CCCCC1,1661
CN[C@@H](C)C(=O)N[C@H](C(=O)N1CCC[C@H]1C(=O)N[C@H](C(=O)NCCOCCOCCOCCNC(=O)c1cccc(-c2cc(Nc3ccc(OC(F)(F)F)cc3)ncn2)c1)C(c1ccccc1)c1ccccc1)C1CCCCC1,1662
CCN1CCN(Cc2ccc(NC(=O)c3cccc(-c4ccc5nc(NC(=O)COCCOCCOCCNC(=O)[C@@H](NC(=O)[C@@H]6CCCN6C(=O)[C@@H](NC(=O)[C@H](C)NC)C6CCCCC6)C(c6ccccc6)c6ccccc6)sc5n4)c3)cc2C(F)(F)F)CC1,1663
CN[C@@H](C)C(=O)N[C@H](C(=O)N1CCC[C@H]1C(=O)N[C@H](C(=O)NCCOCCOCCOCC(=O)N1CCN(c2cc(Nc3ncc(C(=O)Nc4c(C)cccc4Cl)s3)nc(C)n2)CC1)C(c1ccccc1)c1ccccc1)C1CCCCC1,1664
CN[C@@H](C)C(=O)N[C@H](C(=O)N1CCC[C@H]1c1nc(C(=O)c2cccc(OCCOCCOCCOCC(=O)N3CCN(Cc4ccc(C(=O)Nc5ccc(C)c(Nc6nccc(-c7cccnc7)n6)c5)cc4)CC3)c2)cs1)C1CCCCC1,1665
CN[C@@H](C)C(=O)N[C@H](C(=O)N1CCC[C@H]1c1nc(C(=O)c2cccc(OCCOCC(=O)N3CCN(c4cc(Nc5ncc(C(=O)Nc6c(C)cccc6Cl)s5)nc(C)n4)CC3)c2)cs1)C1CCCCC1,1669
CN[C@@H](C)C(=O)N[C@H](C(=O)N1CCC[C@H]1c1nc(C(=O)c2cccc(OCCOCCOCC(=O)N3CCN(c4cc(Nc5ncc(C(=O)Nc6c(C)cccc6Cl)s5)nc(C)n4)CC3)c2)cs1)C1CCCCC1,1670
CN[C@@H](C)C(=O)N[C@H](C(=O)N1CCC[C@H]1c1nc(C(=O)c2cccc(OCCOCCOCCOCCOCC(=O)N3CCN(c4cc(Nc5ncc(C(=O)Nc6c(C)cccc6Cl)s5)nc(C)n4)CC3)c2)cs1)C1CCCCC1,1671
CN[C@@H](C)C(=O)N[C@H](C(=O)N1CCC[C@H]1c1nc(C(=O)c2cccc(OCCOCCOCCNC(=O)C3CCN(c4ncc(C(=O)Nc5ccc(OC(F)(F)Cl)cc5)cc4-c4ccn[nH]4)C3)c2)cs1)C1CCCCC1,1673
CC/C(=C(\c1ccc(O)cc1)c1ccc(OCCN(C)C(=O)COCCNC(=O)[C@@H](NC(=O)[C@@H]2CCCN2C(=O)[C@@H](NC(=O)[C@H](C)NC)C2CCCCC2)C(c2ccccc2)c2ccccc2)cc1)c1ccccc1,1683
CC/C(=C(\c1ccc(O)cc1)c1ccc(OCCN(C)C(=O)COCCOCCNC(=O)[C@@H](NC(=O)[C@@H]2CCCN2C(=O)[C@@H](NC(=O)[C@H](C)NC)C2CCCCC2)C(c2ccccc2)c2ccccc2)cc1)c1ccccc1,1684
CC/C(=C(\c1ccc(O)cc1)c1ccc(OCCN(C)C(=O)COCCOCCOCCNC(=O)[C@@H](NC(=O)[C@@H]2CCCN2C(=O)[C@@H](NC(=O)[C@H](C)NC)C2CCCCC2)C(c2ccccc2)c2ccccc2)cc1)c1ccccc1,1685
CC/C(=C(\c1ccc(O)cc1)c1ccc(OCCN(C)C(=O)COCCOCCOCCOCCNC(=O)[C@@H](NC(=O)[C@@H]2CCCN2C(=O)[C@@H](NC(=O)[C@H](C)NC)C2CCCCC2)C(c2ccccc2)c2ccccc2)cc1)c1ccccc1,1686
CN[C@@H](C)C(=O)N[C@H](C(=O)N1CCC[C@H]1C(=O)N[C@H](C(=O)NCCOCCOCCOCC(=O)N(C)CCOc1ccc(C(=O)c2c(-c3ccc(O)cc3)sc3cc(O)ccc23)cc1)C(c1ccccc1)c1ccccc1)C1CCCCC1,1687
CN[C@@H](C)C(=O)N[C@H](C(=O)N1CCC[C@H]1C(=O)N[C@H](C(=O)NCCOCCOCCOCCOCCCC[C@@H]1Cc2cc(O)ccc2[C@H]2CC[C@]3(C)[C@@H](O)CC[C@H]3[C@H]12)C(c1ccccc1)c1ccccc1)C1CCCCC1,1688
CN[C@@H](C)C(=O)N[C@H](C(=O)N1CCC[C@H]1C(=O)N[C@H](C(=O)NCCOCCOCCOCC(=O)N(C)CCOc1ccc([C@@H]2c3ccc(O)cc3CC[C@@H]2c2ccccc2)cc1)C(c1ccccc1)c1ccccc1)C1CCCCC1,1689
CC/C(=C(\c1ccc(O)cc1)c1ccc(OCCN(C)C(=O)COCCOCCOCCNC(=O)c2cc(-c3cncc([C@@H]4CCCN4C(=O)[C@@H](NC(=O)[C@H](C)NC)C4CCCCC4)c3)ccc2F)cc1)c1ccccc1,1691
CC/C(=C(\c1ccc(O)cc1)c1ccc(OCCN(C)C(=O)COCCOCCOCCOc2cccc(C(=O)c3cncc([C@@H]4CCCN4C(=O)[C@@H](NC(=O)[C@H](C)NC)C4CCCCC4)c3)c2)cc1)c1ccccc1,1698
CC/C(=C(\c1ccc(O)cc1)c1ccc(OCCN(C)C(=O)COCCOCCOCCOCC(=O)N2CCC([C@H](NC(=O)[C@H](C)NC)C(=O)N3CCC[C@H]3c3nc4c(-c5ccccc5)nccc4s3)CC2)cc1)c1ccccc1,1699
CCCS(=O)(=O)Nc1ccc(F)c(C(=O)c2c[nH]c3ncc(-c4ccc(CNC(=O)CCCCNc5ccc6c(c5)C(=O)N(C5CCC(=O)NC5=O)C6=O)cc4)cc23)c1F,1720
CCCS(=O)(=O)Nc1ccc(F)c(C(=O)c2c[nH]c3ncc(-c4ccc(CNC(=O)CCCNc5ccc6c(c5)C(=O)N(C5CCC(=O)NC5=O)C6=O)cc4)cc23)c1F,1722
CCCS(=O)(=O)Nc1ccc(F)c(C(=O)c2c[nH]c3ncc(-c4ccc(CNC(=O)CCCCCNc5ccc6c(c5)C(=O)N(C5CCC(=O)NC5=O)C6=O)cc4)cc23)c1F,1723
CCCS(=O)(=O)Nc1ccc(F)c(C(=O)c2c[nH]c3ncc(-c4ccc(CNC(=O)CCOCCNc5ccc6c(c5)C(=O)N(C5CCC(=O)NC5=O)C6=O)cc4)cc23)c1F,1724
CCCS(=O)(=O)Nc1ccc(F)c(C(=O)c2c[nH]c3ncc(-c4ccc(CNC(=O)CCOCCOCCNc5ccc6c(c5)C(=O)N(C5CCC(=O)NC5=O)C6=O)cc4)cc23)c1F,1727
CCCS(=O)(=O)Nc1ccc(F)c(C(=O)c2c[nH]c3ncc(-c4ccc(CNC(=O)CCOCCOCCOCCNc5ccc6c(c5)C(=O)N(C5CCC(=O)NC5=O)C6=O)cc4)cc23)c1F,1728
CCCS(=O)(=O)Nc1ccc(F)c(C(=O)c2c[nH]c3ncc(-c4ccc(CNC(=O)CCCC(=O)N[C@H](C(=O)N5C[C@H](O)C[C@H]5C(=O)NCc5ccc(-c6scnc6C)cc5)C(C)(C)C)cc4)cc23)c1F,1740
CCCS(=O)(=O)Nc1ccc(F)c(C(=O)c2c[nH]c3ncc(-c4ccc(CNC(=O)CCCCC(=O)N[C@H](C(=O)N5C[C@H](O)C[C@H]5C(=O)NCc5ccc(-c6scnc6C)cc5)C(C)(C)C)cc4)cc23)c1F,1741
CCCS(=O)(=O)Nc1ccc(F)c(C(=O)c2c[nH]c3ncc(-c4ccc(CNC(=O)CCOCCC(=O)N[C@H](C(=O)N5C[C@H](O)C[C@H]5C(=O)NCc5ccc(-c6scnc6C)cc5)C(C)(C)C)cc4)cc23)c1F,1742
Cc1ncsc1-c1ccc(CNC(=O)[C@@H]2C[C@@H](O)CN2C(=O)[C@@H](NC(=O)CCCCCCNCCCONC(=O)c2ccc(F)c(F)c2Nc2ccc(I)cc2F)C(C)(C)C)cc1,1749
Cc1ncsc1-c1ccc(CNC(=O)[C@@H]2C[C@@H](O)CN2C(=O)[C@@H](NC(=O)CCCCCCCCCCNCCCONC(=O)c2ccc(F)c(F)c2Nc2ccc(I)cc2F)C(C)(C)C)cc1,1750
Cc1ncsc1-c1ccc(CNC(=O)[C@@H]2C[C@@H](O)CN2C(=O)[C@@H](NC(=O)COCCOCCOCCNCCCONC(=O)c2ccc(F)c(F)c2Nc2ccc(I)cc2F)C(C)(C)C)cc1,1751
O=C1CCC(N2C(=O)c3cccc(NCCOCCNCCCONC(=O)c4ccc(F)c(F)c4Nc4ccc(I)cc4F)c3C2=O)C(=O)N1,1752
O=C1CCC(N2C(=O)c3cccc(NCCNCCCONC(=O)c4ccc(F)c(F)c4Nc4ccc(I)cc4F)c3C2=O)C(=O)N1,1753
Cc1ncsc1-c1ccc([C@H](C)NC(=O)[C@@H]2C[C@@H](O)CN2C(=O)[C@@H](NC(=O)CCCCCCCCCCNCCCONC(=O)c2ccc(F)c(F)c2Nc2ccc(I)cc2F)C(C)(C)C)cc1,1754
Cc1cc(-c2ccc(C(=O)NCCOCCOCCOCCOCCNc3cccc4c3C(=O)N(C3CCC(=O)NC3=O)C4=O)cc2N2CCC(c3[nH]cnc3C)CC2)ccc1F,1797
Cc1c(COc2cc(OCc3cccc(C#N)c3)c(CN3CCCCC3C(=O)NCCCNC(=O)CCCC(=O)Nc3cccc4c3C(=O)N(C3CCC(=O)NC3=O)C4=O)cc2Cl)cccc1-c1ccccc1,1800
Cc1ncsc1-c1ccc(CNC(=O)[C@@H]2C[C@@H](O)CN2C(=O)[C@@H](NC(=O)CCOCCOCCOCCn2cc(CCCCN(C)Cc3ccc(-c4[nH]c5cc(F)cc6c5c4CCNC6=O)cc3)nn2)C(C)(C)C)cc1,1830
Cc1ncsc1-c1ccc(CNC(=O)[C@@H]2C[C@@H](O)CN2C(=O)[C@@H](NC(=O)CCOCCOCCOCCOCCn2cc(CCCCN(C)Cc3ccc(-c4[nH]c5cc(F)cc6c5c4CCNC6=O)cc3)nn2)C(C)(C)C)cc1,1831
O=C1CCC(N2C(=O)c3cccc(NCCOCCOCCOCCOCC(=O)N4CCN(C(=O)c5cc(Cc6n[nH]c(=O)c7ccccc67)ccc5F)CC4)c3C2=O)C(=O)N1,1841
O=C1CCC(N2C(=O)c3cccc(NCCOCCOCCOCCOCCOCC(=O)N4CCN(C(=O)c5cc(Cc6n[nH]c(=O)c7ccccc67)ccc5F)CC4)c3C2=O)C(=O)N1,1842
O=C1CCC(N2C(=O)c3cccc(NCCOCCOCCOCCOCCOCCOCC(=O)N4CCN(C(=O)c5cc(Cc6n[nH]c(=O)c7ccccc67)ccc5F)CC4)c3C2=O)C(=O)N1,1843
CCCOc1cccc(Oc2cc3c(cc2NS(=O)(=O)c2cccc(C(=O)NCCOCCOCCOCC(=O)N[C@H](C(=O)N4C[C@H](O)C[C@H]4C(=O)NCc4ccc(-c5scnc5C)cc4)C(C)(C)C)c2)n(C)c(=O)n3C)c1,1844
CCCOc1cc(OCCCCN(C)C)cc(Oc2cc3c(cc2NS(=O)(=O)c2cccc(C(=O)NCCOCCOCCOCC(=O)N[C@H](C(=O)N4C[C@H](O)C[C@H]4C(=O)NCc4ccc(-c5scnc5C)cc4)C(C)(C)C)c2)n(C)c(=O)n3C)c1,1845
CC[C@H](C(=O)N1CCCC[C@H]1C(=O)O[C@H](CCc1ccc(OC)c(OC)c1)c1ccccc1OCC(=O)NCCCCCCOc1cccc2c1C(=O)N(C1CCC(=O)NC1=O)C2=O)c1cc(OC)c(OC)c(OC)c1,1847
CCC(=O)N[C@@H](CCC(=O)NCCCCCCCCNc1cccc2c1C(=O)N(C1CCC(=O)NC1=O)C2=O)C(=O)Nc1cccc(Nc2ncc(NC(=O)c3cc(NC(=O)c4cccc(C(F)(F)F)c4)ccc3C)cn2)c1,1895
CN(CCCCCCOCCOCCNc1cccc2c1C(=O)N(C1CCC(=O)NC1=O)C2=O)[C@H]1CC[C@@]2(C)C(CC[C@@H]3C2CC[C@]2(C)[C@@H](c4ccc5ccncc5c4)CC[C@@H]32)C1,1896
CN(C(=O)CCOCCOCCOCCOCCNc1cccc2c1C(=O)N(C1CCC(=O)NC1=O)C2=O)[C@H]1CC[C@@]2(C)C(CC[C@@H]3C2CC[C@]2(C)[C@@H](c4ccc5ccncc5c4)CC[C@@H]32)C1,1897
CN(C(=O)CCOCCOCCNc1cccc2c1C(=O)N(C1CCC(=O)NC1=O)C2=O)[C@H]1CC[C@@]2(C)C(CC[C@@H]3C2CC[C@]2(C)[C@@H](c4ccc5ccncc5c4)CC[C@@H]32)C1,1898
Cc1[nH]c(/C=C2\C(=O)Nc3ccc(S(=O)(=O)Cc4c(Cl)cccc4Cl)cc32)c(C)c1C(=O)NCCCCNc1cccc2c1C(=O)N(C1CCC(=O)NC1=O)C2=O,1914
Cc1[nH]c(/C=C2\C(=O)Nc3ccc(S(=O)(=O)Cc4c(Cl)cccc4Cl)cc32)c(C)c1C(=O)NCCCCCNc1cccc2c1C(=O)N(C1CCC(=O)NC1=O)C2=O,1915
Cc1[nH]c(/C=C2\C(=O)Nc3ccc(S(=O)(=O)Cc4c(Cl)cccc4Cl)cc32)c(C)c1C(=O)NCCCCCCNc1cccc2c1C(=O)N(C1CCC(=O)NC1=O)C2=O,1916
Cc1[nH]c(/C=C2\C(=O)Nc3ccc(S(=O)(=O)Cc4c(Cl)cccc4Cl)cc32)c(C)c1C(=O)NCCOCCNc1cccc2c1C(=O)N(C1CCC(=O)NC1=O)C2=O,1917
Cc1[nH]c(/C=C2\C(=O)Nc3ccc(S(=O)(=O)Cc4c(Cl)cccc4Cl)cc32)c(C)c1C(=O)NCCOCCOCCNc1cccc2c1C(=O)N(C1CCC(=O)NC1=O)C2=O,1918
Cc1[nH]c(/C=C2\C(=O)Nc3ccc(S(=O)(=O)Cc4c(Cl)cccc4Cl)cc32)c(C)c1C(=O)NCCCCNc1ccc2c(c1)C(=O)N(C1CCC(=O)NC1=O)C2=O,1919
Cc1[nH]c(/C=C2\C(=O)Nc3ccc(S(=O)(=O)Cc4c(Cl)cccc4Cl)cc32)c(C)c1C(=O)NCCCCCNc1ccc2c(c1)C(=O)N(C1CCC(=O)NC1=O)C2=O,1920
Cc1[nH]c(/C=C2\C(=O)Nc3ccc(S(=O)(=O)Cc4c(Cl)cccc4Cl)cc32)c(C)c1C(=O)NCCCCCCNc1ccc2c(c1)C(=O)N(C1CCC(=O)NC1=O)C2=O,1921
Cc1[nH]c(/C=C2\C(=O)Nc3ccc(S(=O)(=O)Cc4c(Cl)cccc4Cl)cc32)c(C)c1C(=O)NCCCCCCCCNc1ccc2c(c1)C(=O)N(C1CCC(=O)NC1=O)C2=O,1922
Cc1[nH]c(/C=C2\C(=O)Nc3ccc(S(=O)(=O)Cc4c(Cl)cccc4Cl)cc32)c(C)c1C(=O)NCCOCCNc1ccc2c(c1)C(=O)N(C1CCC(=O)NC1=O)C2=O,1923
Cc1[nH]c(/C=C2\C(=O)Nc3ccc(S(=O)(=O)Cc4c(Cl)cccc4Cl)cc32)c(C)c1C(=O)NCCOCCOCCNc1ccc2c(c1)C(=O)N(C1CCC(=O)NC1=O)C2=O,1924
Cc1[nH]c(/C=C2\C(=O)Nc3ccc(F)cc32)c(C)c1C(=O)NCCCCNC(=O)COc1cccc2c1C(=O)N(C1CCC(=O)NC1=O)C2=O,1925
Cc1[nH]c(/C=C2\C(=O)Nc3ccc(F)cc32)c(C)c1C(=O)NCCCCCCNc1cccc2c1C(=O)N(C1CCC(=O)NC1=O)C2=O,1928
Cc1[nH]c(/C=C2\C(=O)Nc3ccc(F)cc32)c(C)c1C(=O)NCCCCCCCCNc1cccc2c1C(=O)N(C1CCC(=O)NC1=O)C2=O,1929
Cc1[nH]c(/C=C2\C(=O)Nc3ccc(F)cc32)c(C)c1C(=O)NCCCCCCNC(=O)c1ccc2c(c1)C(=O)N(C1CCC(=O)NC1=O)C2=O,1932
Cc1[nH]c(/C=C2\C(=O)Nc3ccc(F)cc32)c(C)c1C(=O)NCCCCCCCCNC(=O)c1ccc2c(c1)C(=O)N(C1CCC(=O)NC1=O)C2=O,1933
Cc1[nH]c(/C=C2\C(=O)Nc3ccc(F)cc32)c(C)c1C(=O)NCCCCCNc1ccc2c(c1)C(=O)N(C1CCC(=O)NC1=O)C2=O,1934
Cc1[nH]c(/C=C2\C(=O)Nc3ccc(F)cc32)c(C)c1C(=O)NCCCCCCNc1ccc2c(c1)C(=O)N(C1CCC(=O)NC1=O)C2=O,1935
Cc1[nH]c(/C=C2\C(=O)Nc3ccc(F)cc32)c(C)c1C(=O)NCCCCCCCCNc1ccc2c(c1)C(=O)N(C1CCC(=O)NC1=O)C2=O,1936
Cc1[nH]c(/C=C2\C(=O)Nc3ccc(F)cc32)c(C)c1C(=O)NCCOCCNc1ccc2c(c1)C(=O)N(C1CCC(=O)NC1=O)C2=O,1938
Cc1[nH]c(/C=C2\C(=O)Nc3ccc(F)cc32)c(C)c1C(=O)NCCOCCOCCNc1ccc2c(c1)C(=O)N(C1CCC(=O)NC1=O)C2=O,1939
CC(C)(C)[C@H](NC(=O)COCCCCCOc1ccc(C(=O)N[C@H]2C(C)(C)[C@H](Oc3ccc(C#N)c(Cl)c3)C2(C)C)cc1)C(=O)N1C[C@H](O)C[C@H]1C(=O)NCc1ccc(-c2cncs2)cc1,1948
Cc1ncoc1-c1ccc(CNC(=O)[C@@H]2C[C@@H](O)CN2C(=O)[C@@H](NC(=O)COCc2ccc(OC(=O)N[C@H]3C(C)(C)[C@H](Oc4ccc(C#N)c(Cl)c4)C3(C)C)cc2)C(C)(C)C)cc1,1951
O=C(CCc1ccc2c(c1)[nH]c1ccncc12)NCCOCCNc1cccc2c1C(=O)N(C1CCC(=O)NC1=O)C2=O,1952
CC1(C)C(=O)N(c2ccc(C#N)c(C(F)(F)F)c2)C(=S)N1c1ccc(-c2ccc(OCCCCCNc3cccc4c3C(=O)N(C3CCC(=O)NC3=O)C4=O)cc2)cc1,1960
CN(CCOCCOCCCc1ccc2c(c1)C(=O)N(C1CCC(=O)NC1=O)C2=O)Cc1ccc(-n2cc(NC(=O)c3coc(-c4ccncc4)n3)c(C(N)=O)n2)cc1,1976
O=C1CCC(N2C(=O)c3ccc(OCCOCCOCCN4CCN(Cc5ccc6nc(NC(=O)c7cccc(C(F)(F)F)c7)n([C@H]7CC[C@@H](CO)CC7)c6c5)CC4)cc3C2=O)C(=O)N1,1978
O=C1CCC(N2C(=O)c3ccc(OCCOCCOCCOCCN4CCN(Cc5ccc6nc(NC(=O)c7cccc(C(F)(F)F)c7)n([C@H]7CC[C@@H](CO)CC7)c6c5)CC4)cc3C2=O)C(=O)N1,1979
O=C1CCC(N2C(=O)c3ccc(N4CCC(CN5CCN(Cc6ccc7nc(NC(=O)c8cccc(C(F)(F)F)c8)n([C@H]8CC[C@@H](CO)CC8)c7c6)CC5)CC4)cc3C2=O)C(=O)N1,1980
O=C1CCC(N2C(=O)c3ccc(OC4CCC(CN5CCN(Cc6ccc7nc(NC(=O)c8cccc(C(F)(F)F)c8)n([C@H]8CC[C@@H](CO)CC8)c7c6)CC5)CC4)cc3C2=O)C(=O)N1,1983
Cc1ncsc1-c1ccc([C@H](C)NC(=O)[C@@H]2C[C@@H](O)CN2C(=O)[C@@H](NC(=O)COCCOCCOCCOc2cc(F)c([C@@H]3c4[nH]c5ccccc5c4C[C@@H](C)N3CC(C)(C)F)c(F)c2)C(C)(C)C)cc1,1984
Cc1ncsc1-c1ccc(CNC(=O)[C@@H]2C[C@@H](O)CN2C(=O)[C@@H](NC(=O)COCCCOCCOc2cc(F)c([C@@H]3c4[nH]c5ccccc5c4C[C@@H](C)N3CC(C)(C)F)c(F)c2)C(C)(C)C)cc1,1985
Cc1ncsc1-c1ccc(CNC(=O)[C@@H]2C[C@@H](O)CN2C(=O)[C@@H](NC(=O)COCCOCCOCCOc2cc(F)c([C@@H]3c4[nH]c5ccccc5c4C[C@@H](C)N3CC(C)(C)F)c(F)c2)C(C)(C)C)cc1,1986
Cc1ncsc1-c1ccc(CNC(=O)[C@@H]2C[C@@H](O)CN2C(=O)[C@@H](NC(=O)COCCCOCCCOc2cc(F)c([C@@H]3c4[nH]c5ccccc5c4C[C@@H](C)N3CC(C)(C)F)c(F)c2)C(C)(C)C)cc1,1987
Cc1ncsc1-c1ccc(CNC(=O)[C@@H]2C[C@@H](O)CN2C(=O)[C@@H](NC(=O)COCCOCCC(F)(F)CCOc2cc(F)c([C@@H]3c4[nH]c5ccccc5c4C[C@@H](C)N3CC(C)(C)F)c(F)c2)C(C)(C)C)cc1,1988
Cc1ncsc1-c1ccc([C@H](C)NC(=O)[C@@H]2C[C@@H](O)CN2C(=O)[C@@H](NC(=O)COCCOCCCCCOc2cc(F)c([C@@H]3c4[nH]c5ccccc5c4C[C@@H](C)N3CC(C)(C)F)c(F)c2)C(C)(C)C)cc1,1989
Cc1ncsc1-c1ccc2c(c1)OCCOC[C@@H](NC(=O)C[C@@H]1N=C(c3ccc(Cl)cc3)c3c(sc(C)c3C)-n3c(C)nnc31)COCCOCCOCC(=O)N[C@@H](C(C)(C)C)C(=O)N1C[C@H](O)C[C@H]1C(=O)NC2,2027
Cc1ncsc1-c1ccc(CNC(=O)[C@@H]2C[C@@H](O)CN2C(=O)[C@@H](NC(=O)COCCCOc2ccc(-c3ccc(N4C(=S)N(c5ccc(C#N)c(C(F)(F)F)c5)C(=O)C4(C)C)cc3)cc2)C(C)(C)C)cc1,2040
Cc1ncsc1-c1ccc(CNC(=O)[C@@H]2C[C@@H](O)CN2C(=O)[C@@H](NC(=O)COCC(F)(F)COc2ccc(-c3ccc(N4C(=S)N(c5ccc(C#N)c(C(F)(F)F)c5)C(=O)C4(C)C)cc3)cc2)C(C)(C)C)cc1,2041
O=C1CCC(N2C(=O)c3ccc(N4CCN(CCCO[C@H]5C[C@H](Oc6ccc7c(c6)Sc6cc([N+](=O)[O-])ccc6N7)C5)CC4)cc3C2=O)C(=O)N1,2049
Cc1ncsc1-c1ccc([C@H](C)NC(=O)[C@@H]2C[C@@H](O)CN2C(=O)[C@@H](NC(=O)CN2CCN(CCN3CCC(O[C@H]4C[C@H](Oc5ccc6c(c5)Sc5cc([N+](=O)[O-])ccc5N6)C4)CC3)CC2)C(C)(C)C)cc1,2050
O=C1CCC(N2C(=O)c3cccc(NCCCC(=O)N4CCN(c5ccc(C(=O)Nc6n[nH]c7ccc(Cc8cc(F)cc(F)c8)cc67)c(NC6CCOCC6)c5)CC4)c3C2=O)C(=O)N1,2051
O=C(CN1CCN(c2cccc(-c3cnc4ccc(N5CCC[C@@H]5c5cccc(F)c5)nn34)n2)CC1)NCCNc1ccc2c(c1)C(=O)N(C1CCC(=O)NC1=O)C2=O,2053
O=C1CCC(N2C(=O)c3ccc(NCCN4CCN(c5cccc(-c6cnc7ccc(N8CCC[C@@H]8c8cccc(F)c8)nn67)n5)CC4)cc3C2=O)C(=O)N1,2054
O=C(CN1CCN(c2cccc(-c3cnc4ccc(N5CCC[C@@H]5c5cccc(F)c5)nn34)n2)CC1)NCCOCCNc1cccc2c1C(=O)N(C1CCC(=O)NC1=O)C2=O,2055
O=C(CN1CCN(c2cccc(-c3cnc4ccc(N5CCC[C@@H]5c5cccc(F)c5)nn34)n2)CC1)NCCOCCNc1ccc2c(c1)C(=O)N(C1CCC(=O)NC1=O)C2=O,2056
O=C1CCC(N2C(=O)c3ccc(NCCCCC(=O)N4CCN(c5cccc(-c6cnc7ccc(N8CCC[C@@H]8c8cccc(F)c8)nn67)n5)CC4)cc3C2=O)C(=O)N1,2057
O=C1CCC(N2C(=O)c3ccc(N4CC(C(=O)N5CCN(c6cccc(-c7cnc8ccc(N9CCC[C@@H]9c9cccc(F)c9)nn78)n6)CC5)C4)cc3C2=O)C(=O)N1,2058
Cc1ncsc1-c1ccc([C@H](C)NC(=O)[C@@H]2C[C@@H](O)CN2C(=O)[C@@H](NC(=O)COCCCOCCCCCOc2ccc(N3C(=S)N(c4ccc(C#N)c(C(F)(F)F)c4)C(=O)C3(C)C)cc2F)C(C)(C)C)cc1,2060
Cc1ncsc1-c1ccc(CNC(=O)[C@@H]2C[C@@H](O)CN2C(=O)[C@@H](NC(=O)COCCCOCCCCOc2ccc(N3C(=S)N(c4ccc(C#N)c(C(F)(F)F)c4)C(=O)C3(C)C)cc2F)C(C)(C)C)cc1,2062
COC(=O)C[C@H]1[C@]2(C)C3=C(C)[C@H](c4ccoc4-c4ccc(C(=O)NCCCN5CCN(c6cc(Nc7ncc(C(=O)Nc8c(C)cccc8Cl)s7)nc(C)n6)CC5)cc4)C[C@H]3O[C@@H]2[C@@H]2OC(=O)[C@]3(C)C=CC(=O)[C@@]1(C)[C@@H]23,2070
Cc1ccc(C(=O)NCCCCc2cn(CC[C@H]([NH3+])C(=O)NCCCCNc3cccc4c3C(=O)N(C3CCC(=O)NC3=O)C4=O)nn2)cc1-n1c(C)cc(OCc2ccc(F)cc2F)c(Br)c1=O.[Cl-],2072
Cc1ncsc1-c1ccc(CNC(=O)[C@@H]2C[C@@H](O)CN2C(=O)[C@@H](NC(=O)COCCNc2ncc(C(=O)Nc3ccc(OC(F)(F)Cl)cc3)cc2-c2ccn[nH]2)C(C)(C)C)cc1,2073
Cc1ncsc1-c1ccc(CNC(=O)[C@@H]2C[C@@H](O)CN2C(=O)[C@@H](NC(=O)CCOCCOCCOCCOCCOCCOCC#Cc2ccc(OCCCc3sc(N4CCc5cccc(C(=O)Nc6nc7ccccc7s6)c5C4)nc3C(=O)O)cc2)C(C)(C)C)cc1,2074
COc1cc(C(=O)NCCOCCOCCOCCC(=O)Nc2cccc3c2C(=O)N(C2CCC(=O)NC2=O)C3=O)ccc1Nc1ncc(C(F)(F)F)c(Oc2cccc3c2C(=O)CC3)n1,2076
COc1cc(C(=O)NCCOCCOCCOCC(=O)N[C@H](C(=O)N2C[C@H](O)C[C@H]2C(=O)NCc2ccc(-c3scnc3C)cc2)C(C)(C)C)ccc1Nc1ncc(C(F)(F)F)c(Oc2cccc3c2C(=O)CC3)n1,2077
O=C(CCCCC(=O)N1CCN(C(=O)c2cc(Cc3n[nH]c(=O)c4ccccc34)ccc2F)CC1)NCCNc1cccc2c1C(=O)N(C1CCC(=O)NC1=O)C2=O,2086
O=C(CCCCCCC(=O)N1CCN(C(=O)c2cc(Cc3n[nH]c(=O)c4ccccc34)ccc2F)CC1)NCCNc1cccc2c1C(=O)N(C1CCC(=O)NC1=O)C2=O,2087
O=C(CCCCCCCCCCC(=O)N1CCN(C(=O)c2cc(Cc3n[nH]c(=O)c4ccccc34)ccc2F)CC1)NCCNc1cccc2c1C(=O)N(C1CCC(=O)NC1=O)C2=O,2090
O=C(CCCCCCCCCCCC(=O)N1CCN(C(=O)c2cc(Cc3n[nH]c(=O)c4ccccc34)ccc2F)CC1)NCCNc1cccc2c1C(=O)N(C1CCC(=O)NC1=O)C2=O,2091
O=C(CCCCCCCCCCCCC(=O)N1CCN(C(=O)c2cc(Cc3n[nH]c(=O)c4ccccc34)ccc2F)CC1)NCCNc1cccc2c1C(=O)N(C1CCC(=O)NC1=O)C2=O,2092
O=C(CCCCCCCCCCC(=O)N1CCN(C(=O)c2cc(Cc3n[nH]c(=O)c4ccccc34)ccc2F)CC1)NCCCCNc1cccc2c1C(=O)N(C1CCC(=O)NC1=O)C2=O,2093
O=C(CCCCCCCCCCC(=O)N1CCN(C(=O)c2cc(Cc3n[nH]c(=O)c4ccccc34)ccc2F)CC1)NCCCCCCNc1cccc2c1C(=O)N(C1CCC(=O)NC1=O)C2=O,2094
O=C(CCCCCCCCCCC(=O)N1CCN(C(=O)c2cc(Cc3n[nH]c(=O)c4ccccc34)ccc2F)CC1)NCCOCCNc1cccc2c1C(=O)N(C1CCC(=O)NC1=O)C2=O,2095
O=C(CCCCCCCCCCC(=O)N1CCN(C(=O)c2cc(Cc3n[nH]c(=O)c4ccccc34)ccc2F)CC1)NCCNc1ccc2c(c1)C(=O)N(C1CCC(=O)NC1=O)C2=O,2098
O=C(CCCCCCCCCCC(=O)N1CCN(C(=O)c2cc(Cc3n[nH]c(=O)c4ccccc34)ccc2F)CC1)NCCNc1cccc2c1CN(C1CCC(=O)NC1=O)C2=O,2099
Cc1ncsc1-c1ccc(CNC(=O)[C@@H]2C[C@@H](O)CN2C(=O)[C@@H](NC(=O)CCCCCCCCCCC(=O)N2CCN(C(=O)c3cc(Cc4n[nH]c(=O)c5ccccc45)ccc3F)CC2)C(C)(C)C)cc1,2100
Cc1ncsc1-c1ccc(CNC(=O)[C@@H]2C[C@@H](O)CN2C(=O)[C@@H](NC(=O)CNC(=O)CCCCCCCCCCC(=O)N2CCN(C(=O)c3cc(Cc4n[nH]c(=O)c5ccccc45)ccc3F)CC2)C(C)(C)C)cc1,2101
Cc1ncsc1-c1ccc(CNC(=O)[C@@H]2C[C@@H](O)CN2C(=O)[C@@H](NC(=O)CCCNC(=O)CCCCCCCCCCC(=O)N2CCN(C(=O)c3cc(Cc4n[nH]c(=O)c5ccccc45)ccc3F)CC2)C(C)(C)C)cc1,2102
Cc1ncsc1-c1ccc(CNC(=O)[C@@H]2C[C@@H](O)CN2C(=O)[C@@H](NC(=O)CCCCCNC(=O)CCCCCCCCCCC(=O)N2CCN(C(=O)c3cc(Cc4n[nH]c(=O)c5ccccc45)ccc3F)CC2)C(C)(C)C)cc1,2103
O=C1CCC(N2C(=O)c3cccc(NCC(=O)N4CCN(c5cccc(-c6cnc7ccc(N8CCC[C@@H]8c8cccc(F)c8)nn67)n5)CC4)c3C2=O)C(=O)N1,2104
O=C1CCC(N2C(=O)c3cccc(NCCC(=O)N4CCN(c5cccc(-c6cnc7ccc(N8CCC[C@@H]8c8cccc(F)c8)nn67)n5)CC4)c3C2=O)C(=O)N1,2105
O=C1CCC(N2C(=O)c3cccc(NCCCC(=O)N4CCN(c5cccc(-c6cnc7ccc(N8CCC[C@@H]8c8cccc(F)c8)nn67)n5)CC4)c3C2=O)C(=O)N1,2106
O=C1CCC(N2C(=O)c3cccc(NCCCCC(=O)N4CCN(c5cccc(-c6cnc7ccc(N8CCC[C@@H]8c8cccc(F)c8)nn67)n5)CC4)c3C2=O)C(=O)N1,2107
O=C1CCC(N2C(=O)c3cccc(NCCOCCOCCOCCC(=O)N4CCN(c5cccc(-c6cnc7ccc(N8CCC[C@@H]8c8cccc(F)c8)nn67)n5)CC4)c3C2=O)C(=O)N1,2113
Cc1ncsc1-c1ccc(CNC(=O)[C@@H]2C[C@@H](O)CN2C(=O)[C@@H](NC(=O)COCCOCCOCCOCC(=O)N2CCN([C@H]3CC[C@@H](Nc4ncnn5ccc(C(C)C)c45)CC3)CC2)C(C)(C)C)cc1,2115
Cc1ncsc1-c1ccc(CNC(=O)[C@@H]2C[C@@H](O)CN2C(=O)[C@@H](NC(=O)COCCOCCOCCOCCOCC(=O)N2CCN([C@H]3CC[C@@H](Nc4ncnn5ccc(C(C)C)c45)CC3)CC2)C(C)(C)C)cc1,2116
Cc1ncsc1-c1ccc(CNC(=O)[C@@H]2C[C@@H](O)CN2C(=O)[C@@H](NC(=O)COCCOCCOCCOCCOCCOCC(=O)N2CCN([C@H]3CC[C@@H](Nc4ncnn5ccc(C(C)C)c45)CC3)CC2)C(C)(C)C)cc1,2117
Cc1ncsc1-c1ccc(CNC(=O)[C@@H]2C[C@@H](O)CN2C(=O)[C@@H](NC(=O)COCCOCCNC(=O)CCC(=O)N2CCN([C@H]3CC[C@@H](Nc4ncnn5ccc(C(C)C)c45)CC3)CC2)C(C)(C)C)cc1,2121
Cc1ncsc1-c1ccc(CNC(=O)[C@@H]2C[C@@H](O)CN2C(=O)[C@@H](NC(=O)COCCOCCOCCNC(=O)CCC(=O)N2CCN([C@H]3CC[C@@H](Nc4ncnn5ccc(C(C)C)c45)CC3)CC2)C(C)(C)C)cc1,2122
Cc1ncsc1-c1ccc(CNC(=O)[C@@H]2C[C@@H](O)CN2C(=O)[C@@H](NC(=O)COCCOCCOCCOCCNC(=O)CCC(=O)N2CCN([C@H]3CC[C@@H](Nc4ncnn5ccc(C(C)C)c45)CC3)CC2)C(C)(C)C)cc1,2123
Cc1ncsc1-c1ccc(CNC(=O)[C@@H]2C[C@@H](O)CN2C(=O)[C@@H](NC(=O)CCCNC(=O)CCC(=O)N2CCN([C@H]3CC[C@@H](Nc4ncnn5ccc(C(C)C)c45)CC3)CC2)C(C)(C)C)cc1,2124
Cc1ncsc1-c1ccc(CNC(=O)[C@@H]2C[C@@H](O)CN2C(=O)[C@@H](NC(=O)CCCCCCNC(=O)CCC(=O)N2CCN([C@H]3CC[C@@H](Nc4ncnn5ccc(C(C)C)c45)CC3)CC2)C(C)(C)C)cc1,2125
Cc1ncsc1-c1ccc(CNC(=O)[C@@H]2C[C@@H](O)CN2C(=O)[C@@H](NC(=O)CNCCCONC(=O)c2ccc(F)c(F)c2Nc2ccc(I)cc2F)C(C)(C)C)cc1,2133
Cc1ncsc1-c1ccc(CNC(=O)[C@@H]2C[C@@H](O)CN2C(=O)[C@@H](NC(=O)CCNCCCONC(=O)c2ccc(F)c(F)c2Nc2ccc(I)cc2F)C(C)(C)C)cc1,2134
Cc1ncsc1-c1ccc(CNC(=O)[C@@H]2C[C@@H](O)CN2C(=O)[C@@H](NC(=O)CCCNCCCONC(=O)c2ccc(F)c(F)c2Nc2ccc(I)cc2F)C(C)(C)C)cc1,2135
Cc1ncsc1-c1ccc(CNC(=O)[C@@H]2C[C@@H](O)CN2C(=O)[C@@H](NC(=O)CCCCNCCCONC(=O)c2ccc(F)c(F)c2Nc2ccc(I)cc2F)C(C)(C)C)cc1,2136
Cc1ncsc1-c1ccc(CNC(=O)[C@@H]2C[C@@H](O)CN2C(=O)[C@@H](NC(=O)CCCCCNCCCONC(=O)c2ccc(F)c(F)c2Nc2ccc(I)cc2F)C(C)(C)C)cc1,2137
Cc1ncsc1-c1ccc(CNC(=O)[C@@H]2C[C@@H](O)CN2C(=O)[C@@H](NC(=O)CCCCCCCNCCCONC(=O)c2ccc(F)c(F)c2Nc2ccc(I)cc2F)C(C)(C)C)cc1,2138
Cc1ncsc1-c1ccc(CNC(=O)[C@@H]2C[C@@H](O)CN2C(=O)[C@@H](NC(=O)CCCCCCCCNCCCONC(=O)c2ccc(F)c(F)c2Nc2ccc(I)cc2F)C(C)(C)C)cc1,2139
Cc1ncsc1-c1ccc(CNC(=O)[C@@H]2C[C@@H](O)CN2C(=O)[C@@H](NC(=O)CCCCCCCCCNCCCONC(=O)c2ccc(F)c(F)c2Nc2ccc(I)cc2F)C(C)(C)C)cc1,2140
Cc1ncsc1-c1ccc(CNC(=O)[C@@H]2C[C@@H](O)CN2C(=O)[C@@H](NC(=O)COCCNCCCONC(=O)c2ccc(F)c(F)c2Nc2ccc(I)cc2F)C(C)(C)C)cc1,2141
Cc1ncsc1-c1ccc(CNC(=O)[C@@H]2C[C@@H](O)CN2C(=O)[C@@H](NC(=O)CCOCCNCCCONC(=O)c2ccc(F)c(F)c2Nc2ccc(I)cc2F)C(C)(C)C)cc1,2142
Cc1ncsc1-c1ccc(CNC(=O)[C@@H]2C[C@@H](O)CN2C(=O)[C@@H](NC(=O)COCCOCCNCCCONC(=O)c2ccc(F)c(F)c2Nc2ccc(I)cc2F)C(C)(C)C)cc1,2143
Cc1ncsc1-c1ccc(CNC(=O)[C@@H]2C[C@@H](O)CN2C(=O)[C@@H](NC(=O)CCOCCOCCNCCCONC(=O)c2ccc(F)c(F)c2Nc2ccc(I)cc2F)C(C)(C)C)cc1,2144
Cc1ncsc1-c1ccc(CNC(=O)[C@@H]2C[C@@H](O)CN2C(=O)[C@@H](NC(=O)CCOCCOCCOCCNCCCONC(=O)c2ccc(F)c(F)c2Nc2ccc(I)cc2F)C(C)(C)C)cc1,2145
Cc1ncsc1-c1ccc(CNC(=O)[C@@H]2C[C@@H](O)CN2C(=O)[C@@H](NC(=O)CCOCCOCCOCCOCCNCCCONC(=O)c2ccc(F)c(F)c2Nc2ccc(I)cc2F)C(C)(C)C)cc1,2146
Cc1ncsc1-c1ccc([C@H](C)NC(=O)[C@@H]2C[C@@H](O)CN2C(=O)[C@@H](NC(=O)CCCCCCCCCNCCCONC(=O)c2ccc(F)c(F)c2Nc2ccc(I)cc2F)C(C)(C)C)cc1,2147
Cc1ncsc1-c1ccc([C@H](C)NC(=O)[C@@H]2C[C@@H](O)CN2C(=O)[C@@H](NC(=O)CCCCCCCCCCCNCCCONC(=O)c2ccc(F)c(F)c2Nc2ccc(I)cc2F)C(C)(C)C)cc1,2148
Cc1ncsc1-c1ccc([C@H](C)NC(=O)[C@@H]2C[C@@H](O)CN2C(=O)[C@@H](NC(=O)CCCCCCCCCCN(C)CCCONC(=O)c2ccc(F)c(F)c2Nc2ccc(I)cc2F)C(C)(C)C)cc1,2149
Cc1ncsc1-c1ccc([C@H](C)NC(=O)[C@@H]2C[C@@H](O)CN2C(=O)[C@@H](NC(=O)CCCCCCCCCNCCCCONC(=O)c2ccc(F)c(F)c2Nc2ccc(I)cc2F)C(C)(C)C)cc1,2150
Cc1ncsc1-c1ccc([C@H](C)NC(=O)[C@@H]2C[C@@H](O)CN2C(=O)[C@@H](NC(=O)CCCCCCCCCCNCCCCONC(=O)c2ccc(F)c(F)c2Nc2ccc(I)cc2F)C(C)(C)C)cc1,2151
O=C1CCC(N2C(=O)c3cccc(NCCCNCCCONC(=O)c4ccc(F)c(F)c4Nc4ccc(I)cc4F)c3C2=O)C(=O)N1,2153
O=C1CCC(N2C(=O)c3cccc(NCCCCNCCCONC(=O)c4ccc(F)c(F)c4Nc4ccc(I)cc4F)c3C2=O)C(=O)N1,2154
O=C1CCC(N2C(=O)c3cccc(NCCCCCNCCCONC(=O)c4ccc(F)c(F)c4Nc4ccc(I)cc4F)c3C2=O)C(=O)N1,2155
O=C1CCC(N2C(=O)c3cccc(NCCCCCCNCCCONC(=O)c4ccc(F)c(F)c4Nc4ccc(I)cc4F)c3C2=O)C(=O)N1,2156
O=C1CCC(N2C(=O)c3cccc(NCCCCCCCNCCCONC(=O)c4ccc(F)c(F)c4Nc4ccc(I)cc4F)c3C2=O)C(=O)N1,2157
O=C1CCC(N2C(=O)c3ccc(NCCCNCCCONC(=O)c4ccc(F)c(F)c4Nc4ccc(I)cc4F)cc3C2=O)C(=O)N1,2163
O=C1CCC(N2C(=O)c3ccc(NCCCCNCCCONC(=O)c4ccc(F)c(F)c4Nc4ccc(I)cc4F)cc3C2=O)C(=O)N1,2164
O=C1CCC(N2C(=O)c3ccc(NCCCCCNCCCONC(=O)c4ccc(F)c(F)c4Nc4ccc(I)cc4F)cc3C2=O)C(=O)N1,2165
O=C1CCC(N2C(=O)c3ccc(NCCCCCCNCCCONC(=O)c4ccc(F)c(F)c4Nc4ccc(I)cc4F)cc3C2=O)C(=O)N1,2166
O=C1CCC(N2C(=O)c3ccc(NCCCCCCCNCCCONC(=O)c4ccc(F)c(F)c4Nc4ccc(I)cc4F)cc3C2=O)C(=O)N1,2167
O=C1CCC(N2C(=O)c3ccc(NCCCCCCCCNCCCONC(=O)c4ccc(F)c(F)c4Nc4ccc(I)cc4F)cc3C2=O)C(=O)N1,2168
O=C1CCC(N2C(=O)c3ccc(NCCOCCNCCCONC(=O)c4ccc(F)c(F)c4Nc4ccc(I)cc4F)cc3C2=O)C(=O)N1,2169
O=C1CCC(N2C(=O)c3ccc(NCCOCCOCCNCCCONC(=O)c4ccc(F)c(F)c4Nc4ccc(I)cc4F)cc3C2=O)C(=O)N1,2170
CCN(c1cc(-c2ccc(CN3CCN(CCCCOc4cccc5c4C(=O)N(C4CCC(=O)NC4=O)C5=O)CC3)cc2)cc(C(=O)NCc2c(C)cc(C)[nH]c2=O)c1C)C1CCOCC1,2183
CCN(c1cc(-c2ccc(CN3CCN(CCCCCOc4cccc5c4C(=O)N(C4CCC(=O)NC4=O)C5=O)CC3)cc2)cc(C(=O)NCc2c(C)cc(C)[nH]c2=O)c1C)C1CCOCC1,2184
CCN(c1cc(-c2ccc(CN3CCN(CCCCCCOc4cccc5c4C(=O)N(C4CCC(=O)NC4=O)C5=O)CC3)cc2)cc(C(=O)NCc2c(C)cc(C)[nH]c2=O)c1C)C1CCOCC1,2185
CCN(c1cc(-c2ccc(CN3CCN(CCCCCCCCOc4cccc5c4C(=O)N(C4CCC(=O)NC4=O)C5=O)CC3)cc2)cc(C(=O)NCc2c(C)cc(C)[nH]c2=O)c1C)C1CCOCC1,2187
Cc1ncsc1-c1ccc(CNC(=O)[C@@H]2C[C@@H](O)CN2C(=O)[C@@H](NC(=O)COCC(=O)N2CC(Nc3cc(C(=O)NC[C@H](O)CN4CCc5ccccc5C4)ncn3)C2)C(C)(C)C)cc1,2192
Cc1ncsc1-c1ccc(CNC(=O)[C@@H]2C[C@@H](O)CN2C(=O)[C@@H](NC(=O)CCOCCOCCC(=O)N2CC(Nc3cc(C(=O)NC[C@H](O)CN4CCc5ccccc5C4)ncn3)C2)C(C)(C)C)cc1,2193
Cc1ncsc1-c1ccc(CNC(=O)[C@@H]2C[C@@H](O)CN2C(=O)[C@@H](NC(=O)CCOCCOCCOCCC(=O)N2CC(Nc3cc(C(=O)NC[C@H](O)CN4CCc5ccccc5C4)ncn3)C2)C(C)(C)C)cc1,2194
Cc1ncsc1-c1ccc(CNC(=O)[C@@H]2C[C@@H](O)CN2C(=O)[C@@H](NC(=O)CCCCCCCCCC(=O)N2CC(Nc3cc(C(=O)NC[C@H](O)CN4CCc5ccccc5C4)ncn3)C2)C(C)(C)C)cc1,2195
Cc1ncsc1-c1ccc(CNC(=O)[C@@H]2C[C@@H](O)CN2C(=O)[C@@H](NC(=O)COCCOCCOCCOCCOCC(=O)N2CC(Nc3cc(C(=O)NC[C@H](O)CN4CCc5ccccc5C4)ncn3)C2)C(C)(C)C)cc1,2196
Cc1ncsc1-c1ccc([C@H](C)NC(=O)[C@@H]2C[C@@H](O)CN2C(=O)[C@@H](NC(=O)COCCOCCOCCOCCOCC(=O)N2CC(Nc3cc(C(=O)NC[C@H](O)CN4CCc5ccccc5C4)ncn3)C2)C(C)(C)C)cc1,2197
Cc1ncsc1-c1ccc(CNC(=O)[C@@H]2C[C@@H](O)CN2C(=O)[C@@H](NC(=O)COCCOCCOCCNC(=O)c2cc3c(cc2CS(C)(=O)=O)-c2cn(C)c(=O)c4[nH]cc(c24)CN3c2ncc(F)cc2F)C(C)(C)C)c(OC2CCNCC2)c1,2200
Cc1ncsc1-c1ccc(CNC(=O)[C@@H]2C[C@@H](O)CN2C(=O)[C@@H](NC(=O)CCCCCCCCCCNC(=O)c2cc3c(cc2CS(C)(=O)=O)-c2cn(C)c(=O)c4[nH]cc(c24)CN3c2ncc(F)cc2F)C(C)(C)C)c(OC2CCNCC2)c1,2201
Cc1ncsc1-c1ccc(CNC(=O)[C@@H]2C[C@@H](O)CN2C(=O)[C@@H](NC(=O)COCCOCCOCCNC(=O)C[C@@H]2N=C(c3ccc(N)cc3)c3c(sc(C)c3C)-n3c(C)nnc32)C(C)(C)C)cc1,2204
Cc1ncsc1-c1ccc(CNC(=O)[C@@H]2C[C@@H](O)CN2C(=O)[C@@H](NC(=O)COCCOCCOCCNC(=O)C[C@@H]2N=C(c3ccc(C#CCN)cc3)c3c(sc(C)c3C)-n3c(C)nnc32)C(C)(C)C)cc1,2205
Cc1ncsc1-c1ccc(CNC(=O)[C@@H]2C[C@@H](O)CN2C(=O)[C@@H](NC(=O)COCCOCCOCCNC(=O)C[C@@H]2N=C(c3ccc(Cl)cc3)c3c(sc(C)c3C)-n3c(C)nnc32)C(C)(C)C)c(OC2CCNCC2)c1,2207
CCOc1cc2nc(CCC(C)(C)C(=O)NCCNc3cccc4c3C(=O)N(C3CCC(=O)NC3=O)C4=O)n(C)c2cc1NC(=O)c1cccc(C(F)(F)F)n1,2213
CCOc1cc2nc(CCC(C)(C)C(=O)NCCCNc3cccc4c3C(=O)N(C3CCC(=O)NC3=O)C4=O)n(C)c2cc1NC(=O)c1cccc(C(F)(F)F)n1,2214
CCOc1cc2nc(CCC(C)(C)C(=O)NCCCCNc3cccc4c3C(=O)N(C3CCC(=O)NC3=O)C4=O)n(C)c2cc1NC(=O)c1cccc(C(F)(F)F)n1,2215
CCOc1cc2nc(CCC(C)(C)C(=O)NCCCCCNc3cccc4c3C(=O)N(C3CCC(=O)NC3=O)C4=O)n(C)c2cc1NC(=O)c1cccc(C(F)(F)F)n1,2216
CCOc1cc2nc(CCC(C)(C)C(=O)NCCCCCCNc3cccc4c3C(=O)N(C3CCC(=O)NC3=O)C4=O)n(C)c2cc1NC(=O)c1cccc(C(F)(F)F)n1,2217
CCOc1cc2nc(CCC(C)(C)C(=O)NCCCCCCCNc3cccc4c3C(=O)N(C3CCC(=O)NC3=O)C4=O)n(C)c2cc1NC(=O)c1cccc(C(F)(F)F)n1,2218
CCOc1cc2nc(CCC(C)(C)C(=O)NCCOCCNc3cccc4c3C(=O)N(C3CCC(=O)NC3=O)C4=O)n(C)c2cc1NC(=O)c1cccc(C(F)(F)F)n1,2219
CCOc1cc2nc(CCC(C)(C)C(=O)NCCOCCOCCNc3cccc4c3C(=O)N(C3CCC(=O)NC3=O)C4=O)n(C)c2cc1NC(=O)c1cccc(C(F)(F)F)n1,2220
CCCCCCCCCCCCCC(=S)NCCCC[C@H](NC(=O)CCOCCOCNc1cccc2c1C(=O)N(C1CCC(=O)NC1=O)C2=O)C(=O)Nc1ccccc1,2221
CCCCCCCCCCCCCC(=S)NCCCC[C@H](NC(=O)CCOCCOCCOCCOCNc1cccc2c1C(=O)N(C1CCC(=O)NC1=O)C2=O)C(=O)Nc1ccccc1,2222
CN[C@@H](C)C(=O)N[C@H](C(=O)N1CCC[C@H]1c1nc(C(=O)c2cccc(OCCOCCOCC(=O)N3CCN(C(=O)C4CCN(c5ccc(NC(=O)c6cnc(Oc7ccccc7)nc6)cc5)CC4)CC3)c2)cs1)C1CCCCC1,2224
O=C1CCC(N2Cc3c(NC(=O)COCCOCCNCCNc4nonc4/C(=N\O)Nc4ccc(F)c(Br)c4)cccc3C2=O)C(=O)N1,2225
O=C1CCC(N2Cc3c(NC(=O)COCCOCCOCCNCCNc4nonc4/C(=N\O)Nc4ccc(F)c(Br)c4)cccc3C2=O)C(=O)N1,2226
O=C1CCC(N2Cc3c(NC(=O)COCCOCCOCCOCCNCCNc4nonc4/C(=N\O)Nc4ccc(F)c(Br)c4)cccc3C2=O)C(=O)N1,2227
O=C1CCC(N2C(=O)c3cccc(NCCOCCOCCOCCNCCNc4nonc4/C(=N\O)Nc4ccc(F)c(Br)c4)c3C2=O)C(=O)N1,2228
O=C1CCC(N2C(=O)c3cccc(NCCOCCOCCOCCOCCOCCNCCNc4nonc4/C(=N\O)Nc4ccc(F)c(Br)c4)c3C2=O)C(=O)N1,2229
O=C1CCC(N2C(=O)c3cccc(NCCOCCOCCOCCOCCOCCOCCOCCNCCNc4nonc4/C(=N\O)Nc4ccc(F)c(Br)c4)c3C2=O)C(=O)N1,2230
O=C1CCC(N2C(=O)c3cccc(NCCOCCOCCOCCOCCOCCOCCOCCOCCOCCNCCNc4nonc4/C(=N\O)Nc4ccc(F)c(Br)c4)c3C2=O)C(=O)N1,2231
COc1cc2nc(N3CCN(C(=O)c4cn(CCOCC(=O)Nc5cccc6c5C(=O)N(C5CCC(=O)NC5=O)C6=O)nn4)CC3)nc(N)c2cc1OC,2236
COc1cc2nc(N3CCN(C(=O)c4cn(CCOCCOCC(=O)Nc5cccc6c5C(=O)N(C5CCC(=O)NC5=O)C6=O)nn4)CC3)nc(N)c2cc1OC,2237
COc1cc2nc(N3CCN(C(=O)c4cn(CCOCCOCCOCC(=O)Nc5cccc6c5C(=O)N(C5CCC(=O)NC5=O)C6=O)nn4)CC3)nc(N)c2cc1OC,2238
CNC(=O)c1sc(-c2ccnc(NC(=O)C3CC3)c2)nc1OCCC#Cc1cccc2c1CN(C1CCC(=O)NC1=O)C2=O,2297
CNC(=O)c1sc(-c2ccnc(NC(=O)C3CC3)c2)nc1OCCCC#Cc1cccc2c1CN(C1CCC(=O)NC1=O)C2=O,2298
CNC(=O)c1sc(-c2ccnc(NC(=O)C3CC3)c2)nc1OCCOCC#Cc1cccc2c1CN(C1CCC(=O)NC1=O)C2=O,2299
CNC(=O)c1sc(-c2ccnc(NC(=O)C3CC3)c2)nc1OCCCC#Cc1ccc2c(c1)C(=O)N(C1CCC(=O)NC1=O)C2=O,2302
CNC(=O)c1sc(-c2ccnc(NC(=O)C3CC3)c2)nc1OCCOCC#Cc1ccc2c(c1)C(=O)N(C1CCC(=O)NC1=O)C2=O,2304
CNC(=O)c1sc(-c2ccnc(NC(=O)C3CC3)c2)nc1OCCCCCCOc1cccc2c1C(=O)N(C1CCC(=O)NC1=O)C2=O,2305
CNC(=O)c1sc(-c2ccnc(NC(=O)C3CC3)c2)nc1OCCCCCCCCOc1cccc2c1C(=O)N(C1CCC(=O)NC1=O)C2=O,2306
CNC(=O)c1sc(-c2ccnc(NC(=O)C3CC3)c2)nc1OCCCCCCCCCCOc1cccc2c1C(=O)N(C1CCC(=O)NC1=O)C2=O,2307
CNC(=O)c1sc(-c2ccnc(NC(=O)C3CC3)c2)nc1OCCCCCCCCCCCCOc1cccc2c1C(=O)N(C1CCC(=O)NC1=O)C2=O,2308
CNC(=O)c1sc(-c2ccnc(NC(=O)C3CC3)c2)nc1OCCOCCOCCOc1cccc2c1C(=O)N(C1CCC(=O)NC1=O)C2=O,2309
CN(C)C(=O)c1cn(C2CCCC2)c2nc(Nc3ccc(C(=O)NCCNC(=O)COc4cccc5c4C(=O)N(C4CCC(=O)NC4=O)C5=O)cc3)ncc12,2329
CC(C)Nc1cc(-n2ccc3cc(C#N)cnc32)ncc1C(=O)N[C@H]1CC[C@H](C(=O)NCCNC(=O)COc2cccc3c2C(=O)N(C2CCC(=O)NC2=O)C3=O)CC1,2376
CC(C)Nc1cc(-n2ccc3cc(C#N)cnc32)ncc1C(=O)N[C@H]1CC[C@H](C(=O)NCCCNC(=O)COc2cccc3c2C(=O)N(C2CCC(=O)NC2=O)C3=O)CC1,2377
CC(C)Nc1cc(-n2ccc3cc(C#N)cnc32)ncc1C(=O)N[C@H]1CC[C@H](C(=O)NCCCCNC(=O)COc2cccc3c2C(=O)N(C2CCC(=O)NC2=O)C3=O)CC1,2378
CC(C)Nc1cc(-n2ccc3cc(C#N)cnc32)ncc1C(=O)N[C@H]1CC[C@H](C(=O)NCCCCCNC(=O)COc2cccc3c2C(=O)N(C2CCC(=O)NC2=O)C3=O)CC1,2379
CC(C)Nc1cc(-n2ccc3cc(C#N)cnc32)ncc1C(=O)N[C@H]1CC[C@H](C(=O)NCCOCCNC(=O)COc2cccc3c2C(=O)N(C2CCC(=O)NC2=O)C3=O)CC1,2380
CC(C)Nc1cc(-n2ccc3cc(C#N)cnc32)ncc1C(=O)N[C@H]1CC[C@H](C(=O)NCCOCCOCCNC(=O)COc2cccc3c2C(=O)N(C2CCC(=O)NC2=O)C3=O)CC1,2381
CC(C)Nc1cc(-n2ccc3cc(C#N)cnc32)ncc1C(=O)N[C@H]1CC[C@H](C(=O)NCCOCCOCCOCCNC(=O)COc2cccc3c2C(=O)N(C2CCC(=O)NC2=O)C3=O)CC1,2382
CC(C)Nc1cc(-n2ccc3cc(C#N)cnc32)ncc1C(=O)N[C@H]1CC[C@H](C(=O)NCCOCCOCCOCCOCCNC(=O)COc2cccc3c2C(=O)N(C2CCC(=O)NC2=O)C3=O)CC1,2383
CCCNNC(=O)c1ccc(-c2ccc(NC(=O)COCCOCCNc3cccc4c3C(=O)N(C3CCC(=O)NC3=O)C4=O)cc2)cc1,2384
CCCNNC(=O)c1ccc(-c2ccc(NC(=O)CCC(=O)N[C@H](C(=O)N3C[C@H](O)C[C@H]3C(=O)N[C@@H](C)c3ccc(-c4scnc4C)cc3)C(C)(C)C)cc2)cc1,2387
CCCNNC(=O)c1ccc(-c2ccc(NC(=O)CCCCC(=O)N[C@H](C(=O)N3C[C@H](O)C[C@H]3C(=O)N[C@@H](C)c3ccc(-c4scnc4C)cc3)C(C)(C)C)cc2)cc1,2388
CCCNNC(=O)c1ccc(-c2ccc(NC(=O)CCCCCCC(=O)N[C@H](C(=O)N3C[C@H](O)C[C@H]3C(=O)N[C@@H](C)c3ccc(-c4scnc4C)cc3)C(C)(C)C)cc2)cc1,2389
CCCNNC(=O)c1ccc(-c2ccc(NC(=O)CCCCCCCCC(=O)N[C@H](C(=O)N3C[C@H](O)C[C@H]3C(=O)N[C@@H](C)c3ccc(-c4scnc4C)cc3)C(C)(C)C)cc2)cc1,2390
COc1cc(Nc2ncc3c(n2)-c2ccc(Cl)cc2C(c2c(F)cccc2OC)=NC3)ccc1C(=O)NCCCNC(=O)COc1cccc2c1C(=O)N(C1CCC(=O)NC1=O)C2=O,2414
COc1cc(Nc2ncc3c(n2)-c2ccc(Cl)cc2C(c2c(F)cccc2OC)=NC3)ccc1C(=O)NCCCCCNC(=O)COc1cccc2c1C(=O)N(C1CCC(=O)NC1=O)C2=O,2415
COc1cc(Nc2ncc3c(n2)-c2ccc(Cl)cc2C(c2c(F)cccc2OC)=NC3)ccc1C(=O)NCCOCCOCCNC(=O)COc1cccc2c1C(=O)N(C1CCC(=O)NC1=O)C2=O,2416
COc1cc(Nc2ncc3c(n2)-c2ccc(Cl)cc2C(c2c(F)cccc2OC)=NC3)ccc1C(=O)NCCOCCNC(=O)COc1cccc2c1C(=O)N(C1CCC(=O)NC1=O)C2=O,2417
COc1cc(Nc2ncc3c(n2)-c2ccc(Cl)cc2C(c2c(F)cccc2OC)=NC3)ccc1C(=O)NCCOCCOCCC(=O)N[C@H](C(=O)N1C[C@H](O)C[C@H]1C(=O)NCc1ccc(-c2scnc2C)cc1)C(C)(C)C,2418
COc1cc(Nc2ncc3c(n2)-c2ccc(Cl)cc2C(c2c(F)cccc2OC)=NC3)ccc1C(=O)NCCOCCOCCOCCOCCC(=O)N[C@H](C(=O)N1C[C@H](O)C[C@H]1C(=O)NCc1ccc(-c2scnc2C)cc1)C(C)(C)C,2419
CCCS(=O)(=O)Nc1ccc(F)c(C(=O)c2c[nH]c3ncc(-c4ccc(N5CCN(CC(=O)N[C@H](C(=O)N6C[C@H](O)C[C@H]6C(=O)NCc6ccc(-c7scnc7C)cc6)C(C)(C)C)CC5)cc4)cc23)c1F,2445
CCCS(=O)(=O)Nc1ccc(F)c(C(=O)c2c[nH]c3ncc(-c4ccc(OCCCC(=O)N[C@H](C(=O)N5C[C@H](O)C[C@H]5C(=O)NCc5ccc(-c6scnc6C)cc5)C(C)(C)C)cc4)cc23)c1F,2446
CCCS(=O)(=O)Nc1ccc(F)c(C(=O)c2c[nH]c3ncc(-c4ccc(OCCOCC(=O)N[C@H](C(=O)N5C[C@H](O)C[C@H]5C(=O)NCc5ccc(-c6scnc6C)cc5)C(C)(C)C)cc4)cc23)c1F,2447
CCCNc1nc(Nc2ccc(C#N)cc2)ncc1C#CCCCNC(=O)[C@H](C)N(C)C(=O)CCCN(C)CCCNC(=O)CCNc1cccc2c1C(=O)N(C1CCC(=O)NC1=O)C2=O,2467
CC[C@H](C(=O)N1CCCC[C@H]1C(=O)O[C@H](CCc1ccc(OC)c(OC)c1)c1ccccc1OCC(=O)NCCCCCCC(=O)N[C@H](C(=O)N1C[C@H](O)C[C@H]1C(=O)N[C@@H](C)c1ccc(-c2scnc2C)cc1)C(C)(C)C)c1cc(OC)c(OC)c(OC)c1,2469
CC[C@H](C(=O)N1CCCC[C@H]1C(=O)O[C@H](CCc1ccc(OC)c(OC)c1)c1ccccc1OCC(=O)NCCOCCOCCOCC(=O)N[C@H](C(=O)N1C[C@H](O)C[C@H]1C(=O)N[C@@H](C)c1ccc(-c2scnc2C)cc1)C(C)(C)C)c1cc(OC)c(OC)c(OC)c1,2470
O=C1CCC(N2Cc3c(NC(=O)CCCCCCCNC(=O)c4cc(Cc5n[nH]c(=O)c6ccccc56)ccc4F)cccc3C2=O)C(=O)N1,2471
O=C1CCC(N2Cc3c(NC(=O)CCCCCCCCCCNC(=O)c4cc(Cc5n[nH]c(=O)c6ccccc56)ccc4F)cccc3C2=O)C(=O)N1,2472
O=C1CCC(N2Cc3c(NC(=O)CCCCCCCCCCCNC(=O)c4cc(Cc5n[nH]c(=O)c6ccccc56)ccc4F)cccc3C2=O)C(=O)N1,2473
Cc1ncsc1-c1ccc([C@H](C)NC(=O)[C@@H]2C[C@@H](O)CN2C(=O)[C@@H](NC(=O)CCCCNC(=O)COc2c(-c3csc(N4CCOCC4)n3)ccc(F)c2F)C(C)(C)C)cc1,2474
CNC(=O)c1ccccc1Nc1cc(Nc2ccc(N3CCN(CCCCCCNC(=O)COc4cccc5c4C(=O)N(C4CCC(=O)NC4=O)C5=O)CC3)cc2OC)ncc1C(F)(F)F,2485
CNC(=O)c1ccccc1Nc1cc(Nc2ccc(N3CCN(CCCCCCCCNC(=O)CNc4cccc5c4C(=O)N(C4CCC(=O)NC4=O)C5=O)CC3)cc2OC)ncc1C(F)(F)F,2487
CNC(=O)c1ccccc1Nc1cc(Nc2ccc(N3CCN(CCCCCCCCNc4cccc5c4C(=O)N(C4CCC(=O)NC4=O)C5=O)CC3)cc2OC)ncc1C(F)(F)F,2488
C[C@@H]1Cc2c([nH]c3ccccc23)[C@@H](c2cnc(N3CCC(CCN4CCN(c5ccc6c(c5)CN(C5CCC(=O)NC5=O)C6=O)CC4)CC3)nc2)N1CC(C)(C)F,2491
C[C@@H]1Cc2c([nH]c3ccccc23)[C@@H](c2cnc(N3CCC(OCCN4CCN(c5ccc6c(c5)CN(C5CCC(=O)NC5=O)C6=O)CC4)CC3)nc2)N1CC(C)(C)F,2492
C[C@@H]1Cc2c([nH]c3ccccc23)[C@@H](c2c(F)cc(OCCCCCN3CCN(c4ccc5c(c4)CN(C4CCC(=O)NC4=O)C5=O)CC3)cc2F)N1CC(C)(C)F,2493
COc1cc(N2CCN(CCC3CCN(c4ncc([C@@H]5c6[nH]c7ccccc7c6C[C@@H](C)N5CC(C)(C)F)cn4)CC3)CC2)cc2c1C(=O)N(C1CCC(=O)NC1=O)C2,2497
COc1cc(N2CCN(CC3CCN(c4ncc([C@@H]5c6[nH]c7ccccc7c6C[C@@H](C)N5CC(C)(C)F)cn4)CC3)CC2)cc2c1C(=O)N(C1CCC(=O)NC1=O)C2,2501
Cc1ncsc1-c1ccc([C@H](C)NC(=O)[C@@H]2C[C@@H](O)CN2C(=O)[C@@H](NC(=O)CCCCCCCC(=O)N2CC[C@H](NC3=Nc4cc(F)ccc4N(CC(F)F)c4ccc(Cl)cc43)C2)C(C)(C)C)cc1,2510
Cc1ccc(NC(=O)c2cccc(C(F)(F)F)c2)cc1N1Cc2cnc(Nc3ccc(N4CCN(CCOc5cccc6c5C(=O)N(C5CCC(=O)NC5=O)C6=O)CC4)nc3)nc2N(C)C1=O,2518
Cc1ccc(NC(=O)c2cccc(C(F)(F)F)c2)cc1N1Cc2cnc(Nc3ccc(N4CCN(CCCOc5cccc6c5C(=O)N(C5CCC(=O)NC5=O)C6=O)CC4)nc3)nc2N(C)C1=O,2519
Cc1ccc(NC(=O)c2cccc(C(F)(F)F)c2)cc1N1Cc2cnc(Nc3ccc(N4CCN(CCCCCCOc5cccc6c5C(=O)N(C5CCC(=O)NC5=O)C6=O)CC4)nc3)nc2N(C)C1=O,2520
Cc1ccc(NC(=O)c2cccc(C(F)(F)F)c2)cc1N1Cc2cnc(Nc3ccc(N4CCN(CCCCC(=O)N[C@H](C(=O)N5C[C@H](O)C[C@H]5C(=O)N[C@@H](C)c5ccc(-c6scnc6C)cc5)C(C)(C)C)CC4)nc3)nc2N(C)C1=O,2521
Cc1ccc(NC(=O)c2cccc(C(F)(F)F)c2)cc1N1Cc2cnc(Nc3ccc(N4CCN(CCCCCC(=O)N[C@H](C(=O)N5C[C@H](O)C[C@H]5C(=O)N[C@@H](C)c5ccc(-c6scnc6C)cc5)C(C)(C)C)CC4)nc3)nc2N(C)C1=O,2522
Cc1ncsc1-c1ccc([C@H](C)NC(=O)[C@@H]2C[C@@H](O)CN2C(=O)[C@@H](NC(=O)CCOCCCNC[C@@H](C(=O)N2CCN(c3ncnc4c3[C@H](C)CC4)CC2)c2ccc(Cl)cc2)C(C)(C)C)cc1,2538
CNc1cc(Nc2cc(C)cc(OCCOCCOCCOCCC(=O)N[C@H](C(=O)N3C[C@H](O)C[C@H]3C(=O)N[C@@H](C)c3ccc(-c4scnc4C)cc3)C(C)(C)C)c2)nn2c(C(N)=O)cnc12,2540
Cc1ncsc1-c1ccc([C@H](C)NC(=O)[C@@H]2C[C@@H](O)CN2C(=O)[C@@H](NC(=O)CCCCCCc2ccc(Nc3ncc4c(n3)-c3ccccc3NC(=O)N4)cc2)C(C)(C)C)cc1,2548
Nc1ncnc2c1c(-c1ccc(Oc3ccccc3)cc1)nn2[C@H]1CC[C@H](N2CCN(CCOCCNC(=O)CNc3cccc4c3C(=O)N(C3CCC(=O)NC3=O)C4=O)CC2)CC1,2554
Nc1ncnc2c1c(-c1ccc(Oc3ccccc3)cc1)nn2[C@H]1CC[C@H](N2CCN(CCCCCCNC(=O)COc3cccc4c3C(=O)N(C3CCC(=O)NC3=O)C4=O)CC2)CC1,2559
O=C(COc1cccc2c1C(=O)N(C1CCC(=O)NC1=O)C2=O)NCCC(=O)Nc1ccc(C(=O)Nc2cccc(Nc3cc(-c4c[nH]c5ccccc45)ncn3)c2)cc1,2566
CCc1cc2c(cc1N1CCC(N3CCN(C(=O)CCCCC(=O)N[C@H](C(=O)N4C[C@H](O)C[C@H]4C(=O)NCc4ccc(-c5scnc5C)cc4)C(C)(C)C)CC3)CC1)C(C)(C)c1[nH]c3cc(C#N)ccc3c1C2=O,2574
CCc1cc2c(cc1N1CCC(N3CCN(C(=O)CCCCCCCCC(=O)N[C@H](C(=O)N4C[C@H](O)C[C@H]4C(=O)NCc4ccc(-c5scnc5C)cc4)C(C)(C)C)CC3)CC1)C(C)(C)c1[nH]c3cc(C#N)ccc3c1C2=O,2575
CCc1cc2c(cc1N1CCN(C(=O)CCOCCOCCNc3cccc4c3C(=O)N(C3CCC(=O)NC3=O)C4=O)CC1)C(C)(C)c1[nH]c3cc(C#N)ccc3c1C2=O,2576
CCc1cc2c(cc1N1CCC(NC(=O)CCOCCOCCNc3cccc4c3C(=O)N(C3CCC(=O)NC3=O)C4=O)CC1)C(C)(C)c1[nH]c3cc(C#N)ccc3c1C2=O,2578
CCc1cc2c(cc1N1CCC(NC(=O)CCOCCOCCOCCOCCNc3cccc4c3C(=O)N(C3CCC(=O)NC3=O)C4=O)CC1)C(C)(C)c1[nH]c3cc(C#N)ccc3c1C2=O,2579
CCc1cc2c(cc1N1CCN(C(=O)CNc3cccc4c3C(=O)N(C3CCC(=O)NC3=O)C4=O)CC1)C(C)(C)c1[nH]c3cc(C#N)ccc3c1C2=O,2580
CCc1cc2c(cc1N1CCN(C(=O)CCCNc3cccc4c3C(=O)N(C3CCC(=O)NC3=O)C4=O)CC1)C(C)(C)c1[nH]c3cc(C#N)ccc3c1C2=O,2581
CCc1cc2c(cc1N1CCN(C(=O)CCCCCNc3cccc4c3C(=O)N(C3CCC(=O)NC3=O)C4=O)CC1)C(C)(C)c1[nH]c3cc(C#N)ccc3c1C2=O,2582
CCc1cc2c(cc1N1CCC(NC(=O)CNc3cccc4c3C(=O)N(C3CCC(=O)NC3=O)C4=O)CC1)C(C)(C)c1[nH]c3cc(C#N)ccc3c1C2=O,2583
CCc1cc2c(cc1N1CCC(NC(=O)CCCNc3cccc4c3C(=O)N(C3CCC(=O)NC3=O)C4=O)CC1)C(C)(C)c1[nH]c3cc(C#N)ccc3c1C2=O,2584
CCc1cc2c(cc1N1CCC(NC(=O)CCCCCNc3cccc4c3C(=O)N(C3CCC(=O)NC3=O)C4=O)CC1)C(C)(C)c1[nH]c3cc(C#N)ccc3c1C2=O,2585
CCc1cc2c(cc1N1CCC(N3CCN(C(=O)CCCCCCNc4cccc5c4CN(C4CCC(=O)NC4=O)C5=O)CC3)CC1)C(C)(C)c1[nH]c3cc(C#N)ccc3c1C2=O,2592
CCc1cc2c(cc1N1CCC(N3CCN(CCCC#Cc4cccc5c4CN(C4CCC(=O)NC4=O)C5=O)CC3)CC1)C(C)(C)c1[nH]c3cc(C#N)ccc3c1C2=O,2593
CCc1cc2c(cc1N1CCC(N3CCN(CCCCC#Cc4cccc5c4CN(C4CCC(=O)NC4=O)C5=O)CC3)CC1)C(C)(C)c1[nH]c3cc(C#N)ccc3c1C2=O,2594
CCc1cc2c(cc1N1CCC(N3CCN(CCCCCCCC#Cc4cccc5c4CN(C4CCC(=O)NC4=O)C5=O)CC3)CC1)C(C)(C)c1[nH]c3cc(C#N)ccc3c1C2=O,2597
C=CC(=O)Nc1cc2c(Nc3ccc(F)c(Cl)c3)ncnc2cc1OCCCN1CCN(C(=O)CNc2cccc3c2C(=O)N(C2CCC(=O)NC2=O)C3=O)CC1,2598
C=CC(=O)Nc1cc2c(Nc3ccc(F)c(Cl)c3)ncnc2cc1OCCCN1CCN(C(=O)CCNc2cccc3c2C(=O)N(C2CCC(=O)NC2=O)C3=O)CC1,2599
C=CC(=O)Nc1cc2c(Nc3ccc(F)c(Cl)c3)ncnc2cc1OCCCN1CCN(C(=O)CCCNc2cccc3c2C(=O)N(C2CCC(=O)NC2=O)C3=O)CC1,2600
C=CC(=O)Nc1cc2c(Nc3ccc(F)c(Cl)c3)ncnc2cc1OCCCN1CCN(C(=O)CCCCCCNc2cccc3c2C(=O)N(C2CCC(=O)NC2=O)C3=O)CC1,2603
C[C@@H]1CCC2(CCN(c3cnc(Sc4cccc(NC(=O)CCC(=O)NCCOCCNc5ccc6c(c5)C(=O)N(C5CCC(=O)NC5=O)C6=O)c4Cl)c(N)n3)CC2)[C@@H]1N,2608
O=C(COc1cccc2c1C(=O)N(C1CCC(=O)NC1=O)C2=O)NCCCCN1CCC[C@@H](Nc2ncc(Cl)c(-c3c[nH]c4ccccc34)n2)C1,2619
O=C(COc1cccc2c1C(=O)N(C1CCC(=O)NC1=O)C2=O)NCCCCCN1CCC[C@@H](Nc2ncc(Cl)c(-c3c[nH]c4ccccc34)n2)C1,2620
O=C(COc1cccc2c1C(=O)N(C1CCC(=O)NC1=O)C2=O)NCCCCCCN1CCC[C@@H](Nc2ncc(Cl)c(-c3c[nH]c4ccccc34)n2)C1,2621
O=C(COc1cccc2c1C(=O)N(C1CCC(=O)NC1=O)C2=O)NCCCCCCCN1CCC[C@@H](Nc2ncc(Cl)c(-c3c[nH]c4ccccc34)n2)C1,2622
O=C(COc1cccc2c1C(=O)N(C1CCC(=O)NC1=O)C2=O)NCCOCCOCCN1CCC[C@@H](Nc2ncc(Cl)c(-c3c[nH]c4ccccc34)n2)C1,2623
O=C(COc1cccc2c1C(=O)N(C1CCC(=O)NC1=O)C2=O)NCCOCCOCCOCCN1CCC[C@@H](Nc2ncc(Cl)c(-c3c[nH]c4ccccc34)n2)C1,2624
O=C(COc1cccc2c1C(=O)N(C1CCC(=O)NC1=O)C2=O)NCCCCCC(=O)N1CCC[C@@H](Nc2ncc(Cl)c(-c3c[nH]c4ccccc34)n2)C1,2625
CCC(C)(C)C(=O)C(=O)N1CCCC[C@H]1C(=O)O[C@H](CCc1ccc(OC)c(OC)c1)c1cccc(OCC(=O)NCCCOCCOCCOCCCN(C(=O)CCl)C(C(=O)NCc2ccccc2)c2ccc(Cl)cc2)c1,2628
Nc1c(-c2nc3cc(N4CCN(C(=O)CCCCNc5cccc6c5C(=O)N(C5CCC(=O)NC5=O)C6=O)CC4)ccc3[nH]2)c(=O)[nH]c2cccc(F)c12,2630
Nc1c(-c2nc3cc(N4CCN(C(=O)CCC#Cc5cccc6c5C(=O)N(C5CCC(=O)NC5=O)C6=O)CC4)ccc3[nH]2)c(=O)[nH]c2cccc(F)c12,2642
Nc1c(-c2nc3cc(N4CCN(C(=O)CCCC#Cc5cccc6c5C(=O)N(C5CCC(=O)NC5=O)C6=O)CC4)ccc3[nH]2)c(=O)[nH]c2cccc(F)c12,2643
Nc1c(-c2nc3cc(N4CCN(C(=O)CCCCC#Cc5cccc6c5C(=O)N(C5CCC(=O)NC5=O)C6=O)CC4)ccc3[nH]2)c(=O)[nH]c2cccc(F)c12,2644
CN1CCN(c2ccc(-c3ccc(C(=O)NCCOCCNc4cccc5c4C(=O)N(C4CCC(=O)NC4=O)C5=O)cc3)cc2NC(=O)c2c[nH]c(=O)cc2C(F)(F)F)CC1,2646
CN1CCN(c2ccc(-c3ccc(C(=O)NCc4ccc(CNc5cccc6c5C(=O)N(C5CCC(=O)NC5=O)C6=O)cc4)cc3)cc2NC(=O)c2c[nH]c(=O)cc2C(F)(F)F)CC1,2650
Cc1ncsc1-c1ccc(CNC(=O)[C@@H]2C[C@@H](O)CN2C(=O)[C@@H](NC(=O)CCOCCNC(=O)c2ccc(-c3ccc(N4CCN(C)CC4)c(NC(=O)c4c[nH]c(=O)cc4C(F)(F)F)c3)cc2)C(C)(C)C)cc1,2651
Cc1ncsc1-c1ccc(CNC(=O)[C@@H]2C[C@@H](O)CN2C(=O)[C@@H](NC(=O)CCOCCOCCOCCOCCNC(=O)c2ccc(-c3ccc(N4CCN(C)CC4)c(NC(=O)c4c[nH]c(=O)cc4C(F)(F)F)c3)cc2)C(C)(C)C)cc1,2653
Cc1ncsc1-c1ccc(CNC(=O)[C@@H]2C[C@@H](O)CN2C(=O)[C@@H](NC(=O)c2ccc(-c3ccc(N4CCN(C)CC4)c(NC(=O)c4c[nH]c(=O)cc4C(F)(F)F)c3)cc2)C(C)(C)C)cc1,2654
Cc1ncsc1-c1ccc(CNC(=O)[C@@H]2C[C@@H](O)CN2C(=O)[C@@H](NC(=O)CCNC(=O)c2ccc(-c3ccc(N4CCN(C)CC4)c(NC(=O)c4c[nH]c(=O)cc4C(F)(F)F)c3)cc2)C(C)(C)C)cc1,2655
Cc1ncsc1-c1ccc(CNC(=O)[C@@H]2C[C@@H](O)CN2C(=O)[C@@H](NC(=O)CCCNC(=O)c2ccc(-c3ccc(N4CCN(C)CC4)c(NC(=O)c4c[nH]c(=O)cc4C(F)(F)F)c3)cc2)C(C)(C)C)cc1,2656
Cc1ncsc1-c1ccc(CNC(=O)[C@@H]2C[C@@H](O)CN2C(=O)[C@@H](NC(=O)CCCCNC(=O)c2ccc(-c3ccc(N4CCN(C)CC4)c(NC(=O)c4c[nH]c(=O)cc4C(F)(F)F)c3)cc2)C(C)(C)C)cc1,2657
Cc1ncsc1-c1ccc(CNC(=O)[C@@H]2C[C@@H](O)CN2C(=O)[C@@H](NC(=O)CCCCCNC(=O)c2ccc(-c3ccc(N4CCN(C)CC4)c(NC(=O)c4c[nH]c(=O)cc4C(F)(F)F)c3)cc2)C(C)(C)C)cc1,2658
Cc1ncsc1-c1ccc(CNC(=O)[C@@H]2C[C@@H](O)CN2C(=O)[C@@H](NC(=O)CCCCCCNC(=O)c2ccc(-c3ccc(N4CCN(C)CC4)c(NC(=O)c4c[nH]c(=O)cc4C(F)(F)F)c3)cc2)C(C)(C)C)cc1,2659
Cc1ncsc1-c1ccc(CNC(=O)[C@@H]2C[C@@H](O)CN2C(=O)[C@@H](NC(=O)Cc2ccc(CNC(=O)c3ccc(-c4ccc(N5CCN(C)CC5)c(NC(=O)c5c[nH]c(=O)cc5C(F)(F)F)c4)cc3)cc2)C(C)(C)C)cc1,2660
COc1cc(C(=O)NCCOCCNC(=O)c2ccc(-c3ccc(N4CCN(C)CC4)c(NC(=O)c4c[nH]c(=O)cc4C(F)(F)F)c3)cc2)ccc1NC(=O)[C@@H]1N[C@@H](CC(C)(C)C)[C@](C#N)(c2ccc(Cl)cc2F)[C@H]1c1cccc(Cl)c1F,2661
COc1cc(C(=O)NCCOCCOCCOCCOCCOCCOCCOCCNC(=O)c2ccc(-c3ccc(N4CCN(C)CC4)c(NC(=O)c4c[nH]c(=O)cc4C(F)(F)F)c3)cc2)ccc1NC(=O)[C@@H]1N[C@@H](CC(C)(C)C)[C@](C#N)(c2ccc(Cl)cc2F)[C@H]1c1cccc(Cl)c1F,2662
COc1cc(C(=O)NCc2ccc(CNC(=O)c3ccc(-c4ccc(N5CCN(C)CC5)c(NC(=O)c5c[nH]c(=O)cc5C(F)(F)F)c4)cc3)cc2)ccc1NC(=O)[C@@H]1N[C@@H](CC(C)(C)C)[C@](C#N)(c2ccc(Cl)cc2F)[C@H]1c1cccc(Cl)c1F,2663
CC1(C)[C@@H](NC(=O)c2ccc(N3CCN(CC4CCN(c5ccc6c(c5)C(=O)N(C5CCC(=O)NC5=O)C6=O)CC4)CC3)cc2)C[C@@H]1Oc1ccc(C#N)c(Cl)c1,2704
N#Cc1ccc(O[C@H]2C[C@H](NC(=O)c3ccc(N4CCN(CC5CCN(c6ccc7c(c6)C(=O)N(C6CCC(=O)NC6=O)C7=O)CC5)CC4)cc3)C2)cc1Cl,2705
CC1(C)[C@H](NC(=O)c2ccc(N3CCN(CC4CCN(c5ccc6c(c5)C(=O)N(C5CCC(=O)NC5=O)C6=O)CC4)CC3)cc2)C(C)(C)[C@H]1Oc1ccc(C#N)c(F)c1,2706
CC1(C)[C@H](NC(=O)c2ccc(N3CCN(CC4CCN(c5ccc6c(c5)C(=O)N(C5CCC(=O)NC5=O)C6=O)CC4)CC3)cc2)C(C)(C)[C@H]1Oc1ccc(C#N)c(C(F)(F)F)c1,2707
CC1(C)[C@H](NC(=O)c2ccc(N3CCN(CC4CCN(c5ccc6c(c5)C(=O)N(C5CCC(=O)NC5=O)C6=O)CC4)CC3)cc2)C(C)(C)[C@H]1Oc1cnc(C#N)c(C(F)(F)F)c1,2708
CCC(=O)N[C@H]1CC[C@@H](n2c(=O)cc(C)c3cnc(Nc4ccc(N5CCN(C(=O)CCCC#Cc6cccc7c6CN(C6CCC(=O)NC6=O)C7=O)CC5)cc4OC)nc32)CC1,2719
CCC(=O)N[C@H]1CC[C@@H](n2c(=O)cc(C)c3cnc(Nc4ccc(N5CCN(C(=O)CCCCCC#Cc6cccc7c6CN(C6CCC(=O)NC6=O)C7=O)CC5)cc4OC)nc32)CC1,2720
CCC(=O)N[C@H]1CC[C@@H](n2c(=O)cc(C)c3cnc(Nc4ccc(N5CCN(C(=O)CCCCCCCC#Cc6cccc7c6CN(C6CCC(=O)NC6=O)C7=O)CC5)cc4OC)nc32)CC1,2721
CCC(=O)N[C@H]1CC[C@@H](n2c(=O)cc(C)c3cnc(Nc4ccc(N5CCN(C(=O)CCCCCCCCCC#Cc6cccc7c6CN(C6CCC(=O)NC6=O)C7=O)CC5)cc4OC)nc32)CC1,2722
CCC(=O)N[C@H]1CC[C@@H](n2c(=O)cc(C)c3cnc(Nc4ccc(N5CCN(C(=O)CCCC#Cc6ccc7c(c6)CN(C6CCC(=O)NC6=O)C7=O)CC5)cc4OC)nc32)CC1,2723
CCC(=O)N[C@H]1CC[C@@H](n2c(=O)cc(C)c3cnc(Nc4ccc(N5CCN(C(=O)CCCCCC#Cc6ccc7c(c6)CN(C6CCC(=O)NC6=O)C7=O)CC5)cc4OC)nc32)CC1,2724
CCC(=O)N[C@H]1CC[C@@H](n2c(=O)cc(C)c3cnc(Nc4ccc(N5CCN(C(=O)CCCCCCCC#Cc6ccc7c(c6)CN(C6CCC(=O)NC6=O)C7=O)CC5)cc4OC)nc32)CC1,2725
CCC(=O)N[C@H]1CC[C@@H](n2c(=O)cc(C)c3cnc(Nc4ccc(N5CCN(C(=O)CCCCCCCCCC#Cc6ccc7c(c6)CN(C6CCC(=O)NC6=O)C7=O)CC5)cc4OC)nc32)CC1,2726
CCC(=O)N[C@H]1CC[C@@H](n2c(=O)cc(C)c3cnc(Nc4ccc(N5CCN(C(=O)CCCC#Cc6ccc7c(c6)C(=O)N(C6CCC(=O)NC6=O)C7)CC5)cc4OC)nc32)CC1,2727
CCC(=O)N[C@H]1CC[C@@H](n2c(=O)cc(C)c3cnc(Nc4ccc(N5CCN(C(=O)CCCCCC#Cc6ccc7c(c6)C(=O)N(C6CCC(=O)NC6=O)C7)CC5)cc4OC)nc32)CC1,2728
CCC(=O)N[C@H]1CC[C@@H](n2c(=O)cc(C)c3cnc(Nc4ccc(N5CCN(C(=O)CCCCCCCC#Cc6ccc7c(c6)C(=O)N(C6CCC(=O)NC6=O)C7)CC5)cc4OC)nc32)CC1,2729
CCC(=O)N[C@H]1CC[C@@H](n2c(=O)cc(C)c3cnc(Nc4ccc(N5CCN(C(=O)CCCCCCCCCC#Cc6ccc7c(c6)C(=O)N(C6CCC(=O)NC6=O)C7)CC5)cc4OC)nc32)CC1,2730
CCC(=O)N[C@H]1CC[C@@H](n2c(=O)cc(C)c3cnc(Nc4ccc(N5CCN(C(=O)CCCC#Cc6cccc7c6C(=O)N(C6CCC(=O)NC6=O)C7)CC5)cc4OC)nc32)CC1,2731
CCC(=O)N[C@H]1CC[C@@H](n2c(=O)cc(C)c3cnc(Nc4ccc(N5CCN(C(=O)CCCCCC#Cc6cccc7c6C(=O)N(C6CCC(=O)NC6=O)C7)CC5)cc4OC)nc32)CC1,2732
CCC(=O)N[C@H]1CC[C@@H](n2c(=O)cc(C)c3cnc(Nc4ccc(N5CCN(C(=O)CCCCCCCC#Cc6cccc7c6C(=O)N(C6CCC(=O)NC6=O)C7)CC5)cc4OC)nc32)CC1,2733
CCC(=O)N[C@H]1CC[C@@H](n2c(=O)cc(C)c3cnc(Nc4ccc(N5CCN(C(=O)CCCCCCCCCC#Cc6cccc7c6C(=O)N(C6CCC(=O)NC6=O)C7)CC5)cc4OC)nc32)CC1,2734
CN[C@@H](C)C(=O)N[C@H](C(=O)N1CCC[C@H]1c1nc(C(=O)c2ccc(F)cc2)cs1)C1CCN(C(=O)COCCOCCOCCOCCOc2cc3nccc(Nc4ccc5scnc5c4)c3cc2S(=O)(=O)C(C)(C)C)CC1,2736
CN[C@@H](C)C(=O)N[C@H](C(=O)N1CCC[C@H]1c1nc(C(=O)c2ccc(F)cc2)cs1)C1CCN(C(=O)COCCOCCOCCOCCOc2cc3ncnc(Nc4n[nH]c(C)c4C)c3cc2S(=O)(=O)C(C)(C)C)CC1,2738
CN[C@@H](C)C(=O)N[C@H](C(=O)N1CCC[C@H]1c1nc(C(=O)c2ccc(F)cc2)cs1)C1CCN(C(=O)c2ccc(N3CCN(CCCOc4cc5ncnc(Nc6n[nH]c(C)c6C)c5cc4S(=O)(=O)C(C)(C)C)CC3)cc2)CC1,2743
CN[C@@H](C)C(=O)N[C@H](C(=O)N1CCC[C@H]1c1nc(C(=O)c2ccc(F)cc2)cs1)C1CCN(C(=O)c2cnc(N3CCN(CCCOc4cc5ncnc(Nc6n[nH]c(C)c6C)c5cc4S(=O)(=O)C(C)(C)C)CC3)cn2)CC1,2747
CN[C@@H](C)C(=O)N[C@H]1CN(C(=O)c2cnc(N3CCN(CCCOc4cc5ncnc(Nc6n[nH]c(C)c6C)c5cc4S(=O)(=O)C(C)(C)C)CC3)cn2)CC[C@H]2CC[C@@H](C(=O)N[C@@H]3CCCc4ccccc43)N2C1=O,2749
Cc1n[nH]c(Nc2ncnc3cc(OCCCN4CCN(C(=O)c5cnc(N6CCN(C[C@H]7CN[C@H](C)CN7CC(=O)N7CC(C)(C)c8c7cc(Cc7ccc(F)cc7)c(=O)n8C)[C@H](C)C6)nc5)CC4)c(S(=O)(=O)C(C)(C)C)cc23)c1C,2750
Cc1n[nH]c(Nc2ncnc3cc(OCCCN4CCN(C(=O)c5cnc(N6CCN(C[C@H]7CN[C@H](C)CN7CC(=O)N7CC(C)(C)c8ncc(Cc9ccc(F)cc9)cc87)[C@H](C)C6)nc5)CC4)c(S(=O)(=O)C(C)(C)C)cc23)c1C,2751
CCN(c1cc(-c2ccc(C(=O)NCCCCNc3cccc4c3C(=O)N(C3CCC(=O)OC3=O)C4=O)cc2)cc(C(=O)NCc2c(C)cc(C)[nH]c2=O)c1C)C1CCOCC1,2813
CCN(c1cc(-c2ccc(C(=O)NCCOCCNc3cccc4c3C(=O)N(C3CCC(=O)OC3=O)C4=O)cc2)cc(C(=O)NCc2c(C)cc(C)[nH]c2=O)c1C)C1CCOCC1,2814
CCN(c1cc(-c2ccc(OCCOCC(=O)N[C@H](C(=O)N3C[C@H](O)C[C@H]3C(=O)NCc3ccc(-c4scnc4C)cc3)C(C)(C)C)cc2)cc(C(=O)NCc2c(C)cc(C)[nH]c2=O)c1C)C1CCOCC1,2819
CCN(c1cc(-c2ccc(OCCCOCC(=O)N[C@H](C(=O)N3C[C@H](O)C[C@H]3C(=O)NCc3ccc(-c4scnc4C)cc3)C(C)(C)C)cc2)cc(C(=O)NCc2c(C)cc(C)[nH]c2=O)c1C)C1CCOCC1,2820
CCN(c1cc(-c2ccc(OCCOCCOCC(=O)N[C@H](C(=O)N3C[C@H](O)C[C@H]3C(=O)NCc3ccc(-c4scnc4C)cc3)C(C)(C)C)cc2)cc(C(=O)NCc2c(C)cc(C)[nH]c2=O)c1C)C1CCOCC1,2821
CCN(c1cc(-c2ccc(C(=O)NCCOCCOCC(=O)N[C@H](C(=O)N3C[C@H](O)C[C@H]3C(=O)NCc3ccc(-c4scnc4C)cc3)C(C)(C)C)cc2)cc(C(=O)NCc2c(C)cc(C)[nH]c2=O)c1C)C1CCOCC1,2822
CCN(c1cc(-c2ccc(OCCOCCOCCOCC(=O)N[C@H](C(=O)N3C[C@H](O)C[C@H]3C(=O)NCc3ccc(-c4scnc4C)cc3)C(C)(C)C)cc2)cc(C(=O)NCc2c(C)cc(C)[nH]c2=O)c1C)C1CCOCC1,2823
CCN(c1cc(-c2ccc(C(=O)NCCOCCOCCOCCOCCC(=O)N[C@H](C(=O)N3C[C@H](O)C[C@H]3C(=O)NCc3ccc(-c4scnc4C)cc3)C(C)(C)C)cc2)cc(C(=O)NCc2c(C)cc(C)[nH]c2=O)c1C)C1CCOCC1,2825
N#Cc1ccc(O[C@H]2CC[C@H](NC(=O)c3ccc(NCCCNc4ccc5c(c4)C(=O)N(C4CCC(=O)NC4=O)C5=O)cc3)CC2)cc1Cl,2866
N#Cc1ccc(O[C@H]2CC[C@H](NC(=O)c3ccc(NCCCCNc4ccc5c(c4)C(=O)N(C4CCC(=O)NC4=O)C5=O)cc3)CC2)cc1Cl,2867
N#Cc1ccc(O[C@H]2CC[C@H](NC(=O)c3ccc(NCCCCCNc4ccc5c(c4)C(=O)N(C4CCC(=O)NC4=O)C5=O)cc3)CC2)cc1Cl,2868
N#Cc1ccc(O[C@H]2CC[C@H](NC(=O)c3ccc(NCCCCCCNc4ccc5c(c4)C(=O)N(C4CCC(=O)NC4=O)C5=O)cc3)CC2)cc1Cl,2869
N#Cc1ccc(O[C@H]2CC[C@H](NC(=O)c3ccc(NCCCCCCCNc4ccc5c(c4)C(=O)N(C4CCC(=O)NC4=O)C5=O)cc3)CC2)cc1Cl,2870
N#Cc1ccc(O[C@H]2CC[C@H](NC(=O)c3ccc(NCCCCCCCCNc4ccc5c(c4)C(=O)N(C4CCC(=O)NC4=O)C5=O)cc3)CC2)cc1Cl,2871
N#Cc1ccc(O[C@H]2CC[C@H](NC(=O)c3ccc(NCCCCCCCCCNc4ccc5c(c4)C(=O)N(C4CCC(=O)NC4=O)C5=O)cc3)CC2)cc1Cl,2872
N#Cc1ccc(O[C@H]2CC[C@H](NC(=O)c3ccc(NCCCCCCCCCCNc4ccc5c(c4)C(=O)N(C4CCC(=O)NC4=O)C5=O)cc3)CC2)cc1Cl,2873
N#Cc1ccc(O[C@H]2CC[C@H](NC(=O)c3ccc(NCCCCCCCCCCCNc4ccc5c(c4)C(=O)N(C4CCC(=O)NC4=O)C5=O)cc3)CC2)cc1Cl,2874
N#Cc1ccc(O[C@H]2CC[C@H](NC(=O)c3ccc(N4CCN(CCNc5ccc6c(c5)C(=O)N(C5CCC(=O)NC5=O)C6=O)CC4)cc3)CC2)cc1Cl,2875
N#Cc1ccc(O[C@H]2CC[C@H](NC(=O)c3ccc(N4CCN(CCCNc5ccc6c(c5)C(=O)N(C5CCC(=O)NC5=O)C6=O)CC4)cc3)CC2)cc1Cl,2876
N#Cc1ccc(O[C@H]2CC[C@H](NC(=O)c3ccc(N4CCN(CCCCNc5ccc6c(c5)C(=O)N(C5CCC(=O)NC5=O)C6=O)CC4)cc3)CC2)cc1Cl,2877
N#Cc1ccc(O[C@H]2CC[C@H](NC(=O)c3ccc(N4CCN(CCCCCNc5ccc6c(c5)C(=O)N(C5CCC(=O)NC5=O)C6=O)CC4)cc3)CC2)cc1Cl,2878
N#Cc1ccc(O[C@H]2CC[C@H](NC(=O)c3ccc(N4CCN(CC5CCN(c6ccc7c(c6)C(=O)N(C6CCC(=O)NC6=O)C7=O)CC5)CC4)cc3)CC2)cc1Cl,2879
N#Cc1ccc(O[C@H]2CC[C@H](NC(=O)c3ccc(N4CCN(C5CCN(c6ccc7c(c6)C(=O)N(C6CCC(=O)NC6=O)C7=O)CC5)CC4)cc3)CC2)cc1Cl,2880
N#Cc1ccc(O[C@H]2CC[C@H](NC(=O)c3ccc(N4CCC(N5CCN(c6ccc7c(c6)C(=O)N(C6CCC(=O)NC6=O)C7=O)CC5)CC4)cc3)CC2)cc1Cl,2881
N#Cc1ccc(O[C@H]2CC[C@H](NC(=O)c3ccc(N4CCN(CC5CN(c6ccc7c(c6)C(=O)N(C6CCC(=O)NC6=O)C7=O)C5)CC4)cc3)CC2)cc1Cl,2882
N#Cc1ccc(O[C@H]2CC[C@H](NC(=O)c3ccc(N4CCN(C5CN(c6ccc7c(c6)C(=O)N(C6CCC(=O)NC6=O)C7=O)C5)CC4)cc3)CC2)cc1Cl,2883
N#Cc1ccc(O[C@H]2CCC[C@@H](NC(=O)c3ccc(N4CCC(N5CCN(c6ccc7c(c6)C(=O)N(C6CCC(=O)NC6=O)C7=O)CC5)CC4)cc3)CCC2)cc1Cl,2886
N#Cc1ccc(N[C@H]2CC[C@H](NC(=O)c3ccc(N4CCC(N5CCN(c6ccc7c(c6)C(=O)N(C6CCC(=O)NC6=O)C7=O)CC5)CC4)cc3)CC2)cc1Cl,2889
CN(c1ccc(C#N)c(Cl)c1)[C@H]1CC[C@H](NC(=O)c2ccc(N3CCC(N4CCN(c5ccc6c(c5)C(=O)N(C5CCC(=O)NC5=O)C6=O)CC4)CC3)cc2)CC1,2890
CCN(c1ccc(C#N)c(Cl)c1)[C@H]1CC[C@H](NC(=O)c2ccc(N3CCC(N4CCN(c5ccc6c(c5)C(=O)N(C5CCC(=O)NC5=O)C6=O)CC4)CC3)cc2)CC1,2891
CCCN(c1ccc(C#N)c(Cl)c1)[C@H]1CC[C@H](NC(=O)c2ccc(N3CCC(N4CCN(c5ccc6c(c5)C(=O)N(C5CCC(=O)NC5=O)C6=O)CC4)CC3)cc2)CC1,2892
CN(c1ccc(C#N)c(Cl)c1)[C@H]1CC[C@H](NC(=O)c2ccc(N3CCN(CC4CCN(c5ccc6c(c5)C(=O)N(C5CCC(=O)NC5=O)C6=O)CC4)CC3)cc2)CC1,2893
CN(c1ccc(C#N)c(Cl)c1)[C@H]1CC[C@H](NC(=O)c2ccc(N3CCC(CN4CCN(c5ccc6c(c5)C(=O)N(C5CCC(=O)NC5=O)C6=O)CC4)CC3)cc2)CC1,2894
CN(c1ccc(C#N)c(Cl)c1)[C@H]1CC[C@H](NC(=O)c2ccc(N3CCN(C4CCN(c5ccc6c(c5)C(=O)N(C5CCC(=O)NC5=O)C6=O)CC4)CC3)cc2)CC1,2895
CN(c1ccc(C#N)c(Cl)c1)[C@H]1CC[C@H](NC(=O)c2ccc(N3CCN(CC4CN(c5ccc6c(c5)C(=O)N(C5CCC(=O)NC5=O)C6=O)C4)CC3)cc2)CC1,2896
CN(c1ccc(C#N)c(Cl)c1)[C@H]1CC[C@H](NC(=O)c2ccc(N3CCN(C4CN(c5ccc6c(c5)C(=O)N(C5CCC(=O)NC5=O)C6=O)C4)CC3)cc2)CC1,2897
CN(c1ccc(C#N)c(Cl)c1)[C@H]1CC[C@H](NC(=O)c2ccc(N3CC(CN4CCN(c5ccc6c(c5)C(=O)N(C5CCC(=O)NC5=O)C6=O)CC4)C3)cc2)CC1,2898
CN(c1ccc(C#N)c(Cl)c1)[C@H]1CC[C@H](NC(=O)c2ccc(N3CC(N4CCN(c5ccc6c(c5)C(=O)N(C5CCC(=O)NC5=O)C6=O)CC4)C3)cc2)CC1,2899
CC(O)(CS(=O)(=O)c1ccc(N2CCN(C3CCN(c4ccc5c(c4)C(=O)N(C4CCC(=O)NC4=O)C5=O)CC3)CC2)cc1)C(=O)Nc1ccc(C#N)c(C(F)(F)F)c1,2900
N#Cc1ncc(N2C(=O)C3(CCC3)N(c3ccc(C(=O)N4CCN(C5CCN(c6ccc7c(c6)C(=O)N(C6CCC(=O)NC6=O)C7=O)CC5)CC4)c(F)c3)C2=S)cc1C(F)(F)F,2902
CCc1cc2c(cc1N1CCN(c3cccc4c3C(=O)N(C3CCC(=O)NC3=O)C4=O)CC1)C(C)(C)c1[nH]c3cc(C#N)ccc3c1C2=O,2903
CCc1cc2c(cc1N1CCN(CC(=O)NCCNc3cccc4c3C(=O)N(C3CCC(=O)NC3=O)C4=O)CC1)C(C)(C)c1[nH]c3cc(C#N)ccc3c1C2=O,2904
CCc1cc2c(cc1N1CCN(CC(=O)NCCCCNc3cccc4c3C(=O)N(C3CCC(=O)NC3=O)C4=O)CC1)C(C)(C)c1[nH]c3cc(C#N)ccc3c1C2=O,2905
CCc1cc2c(cc1N1CCN(CC(=O)NCCCCCCNc3cccc4c3C(=O)N(C3CCC(=O)NC3=O)C4=O)CC1)C(C)(C)c1[nH]c3cc(C#N)ccc3c1C2=O,2906
CCc1cc2c(cc1N1CCC(N3CCN(c4cccc5c4C(=O)N(C4CCC(=O)NC4=O)C5=O)CC3)CC1)C(C)(C)c1[nH]c3cc(C#N)ccc3c1C2=O,2907
CCc1cc2c(cc1N1CCC(N3CCN(CC(=O)NCCNc4cccc5c4C(=O)N(C4CCC(=O)NC4=O)C5=O)CC3)CC1)C(C)(C)c1[nH]c3cc(C#N)ccc3c1C2=O,2908
O=C1CCC(N2C(=O)c3cccc(NCCOCCC(=O)N4CCN(C(=O)C5CCN(c6ccc(NC(=O)c7cnc(Oc8ccccc8)nc7)cc6)CC5)CC4)c3C2=O)C(=O)N1,2914
O=C1CCC(N2C(=O)c3cccc(NCCNC(=O)C4CCN(c5ccc(NC(=O)c6cnc(Oc7ccccc7)nc6)cc5)CC4)c3C2=O)C(=O)N1,2917
Cc1ncsc1-c1ccc(CNC(=O)[C@@H]2C[C@@H](O)CN2C(=O)[C@@H](NC(=O)CNC(=O)C2CCN(c3ccc(NC(=O)c4cnc(Oc5ccccc5)nc4)cc3)CC2)C(C)(C)C)cc1,2918
Cc1ncsc1-c1ccc(CNC(=O)[C@@H]2C[C@@H](O)CN2C(=O)[C@@H](NC(=O)COCCNC(=O)CCNC[C@@H](C(=O)N2CCN(c3ncnc4c3[C@H](C)C[C@H]4O)CC2)c2ccc(Cl)cc2)C(C)(C)C)cc1,2919
Cc1ncsc1-c1ccc(CNC(=O)[C@@H]2C[C@@H](O)CN2C(=O)[C@@H](NC(=O)COCCOCCNC(=O)CCNC[C@@H](C(=O)N2CCN(c3ncnc4c3[C@H](C)C[C@H]4O)CC2)c2ccc(Cl)cc2)C(C)(C)C)cc1,2920
Cc1ncsc1-c1ccc(CNC(=O)[C@@H]2C[C@@H](O)CN2C(=O)[C@@H](NC(=O)CCCCNC(=O)CCNC[C@@H](C(=O)N2CCN(c3ncnc4c3[C@H](C)C[C@H]4O)CC2)c2ccc(Cl)cc2)C(C)(C)C)cc1,2922
Cc1ncsc1-c1ccc(CNC(=O)[C@@H]2C[C@@H](O)CN2C(=O)[C@@H](NC(=O)CCCCCNC(=O)CCNC[C@@H](C(=O)N2CCN(c3ncnc4c3[C@H](C)C[C@H]4O)CC2)c2ccc(Cl)cc2)C(C)(C)C)cc1,2923
Cc1ncsc1-c1ccc(CNC(=O)[C@@H]2C[C@@H](O)CN2C(=O)[C@@H](NC(=O)CCCCCCNC(=O)CCNC[C@@H](C(=O)N2CCN(c3ncnc4c3[C@H](C)C[C@H]4O)CC2)c2ccc(Cl)cc2)C(C)(C)C)cc1,2924
Cc1ncsc1-c1ccc(CNC(=O)[C@@H]2C[C@@H](O)CN2C(=O)[C@@H](NC(=O)CCCCCCCCNC(=O)CCNC[C@@H](C(=O)N2CCN(c3ncnc4c3[C@H](C)C[C@H]4O)CC2)c2ccc(Cl)cc2)C(C)(C)C)cc1,2925
Cc1ncsc1-c1ccc(CNC(=O)[C@@H]2C[C@@H](O)CN2C(=O)[C@@H](NC(=O)CCCCCCCCCNC(=O)CCNC[C@@H](C(=O)N2CCN(c3ncnc4c3[C@H](C)C[C@H]4O)CC2)c2ccc(Cl)cc2)C(C)(C)C)cc1,2926
Cc1ncsc1-c1ccc(CNC(=O)[C@@H]2C[C@@H](O)CN2C(=O)[C@@H](NC(=O)CCCCCCCCCCNC(=O)CCNC[C@@H](C(=O)N2CCN(c3ncnc4c3[C@H](C)C[C@H]4O)CC2)c2ccc(Cl)cc2)C(C)(C)C)cc1,2927
Cc1ncsc1-c1ccc([C@H](C)NC(=O)[C@@H]2C[C@@H](O)CN2C(=O)[C@@H](NC(=O)CCCCCCCCCCNC(=O)CCNC[C@@H](C(=O)N2CCN(c3ncnc4c3[C@H](C)C[C@H]4O)CC2)c2ccc(Cl)cc2)C(C)(C)C)cc1,2928
Cc1ncsc1-c1ccc([C@H](C)NC(=O)[C@@H]2C[C@@H](O)CN2C(=O)[C@@H](NC(=O)CCCCCCCCCCC(=O)NCCNC[C@@H](C(=O)N2CCN(c3ncnc4c3[C@H](C)C[C@H]4O)CC2)c2ccc(Cl)cc2)C(C)(C)C)cc1,2929
C[C@@H]1C[C@@H](O)c2ncnc(N3CCN(C(=O)[C@H](CNCCC(=O)NCCOCCNc4cccc5c4C(=O)N(C4CCC(=O)NC4=O)C5=O)c4ccc(Cl)cc4)CC3)c21,2930
C[C@@H]1C[C@@H](O)c2ncnc(N3CCN(C(=O)[C@H](CNCCC(=O)NCCNc4cccc5c4C(=O)N(C4CCC(=O)NC4=O)C5=O)c4ccc(Cl)cc4)CC3)c21,2935
C[C@@H]1C[C@@H](O)c2ncnc(N3CCN(C(=O)[C@H](CNCCC(=O)NCCCNc4cccc5c4C(=O)N(C4CCC(=O)NC4=O)C5=O)c4ccc(Cl)cc4)CC3)c21,2936
C[C@@H]1C[C@@H](O)c2ncnc(N3CCN(C(=O)[C@H](CNCCC(=O)NCCCCNc4cccc5c4C(=O)N(C4CCC(=O)NC4=O)C5=O)c4ccc(Cl)cc4)CC3)c21,2937
C[C@@H]1C[C@@H](O)c2ncnc(N3CCN(C(=O)[C@H](CNCCC(=O)NCCCCCNc4cccc5c4C(=O)N(C4CCC(=O)NC4=O)C5=O)c4ccc(Cl)cc4)CC3)c21,2938
C[C@@H]1C[C@@H](O)c2ncnc(N3CCN(C(=O)[C@H](CNCCC(=O)NCCCCCCNc4cccc5c4C(=O)N(C4CCC(=O)NC4=O)C5=O)c4ccc(Cl)cc4)CC3)c21,2939
C[C@@H]1C[C@@H](O)c2ncnc(N3CCN(C(=O)[C@H](CNCCC(=O)NCCCCCCCNc4cccc5c4C(=O)N(C4CCC(=O)NC4=O)C5=O)c4ccc(Cl)cc4)CC3)c21,2940
CCn1c(-c2nonc2N)nc2c(C#CC(C)(C)O)ncc(OCCCNCCCC(=O)NCCOCC(=O)N[C@H](C(=O)N3C[C@H](O)C[C@H]3C(=O)NCc3ccc(-c4scnc4C)cc3)C(C)(C)C)c21,2946
CCn1c(-c2nonc2N)nc2c(C#CC(C)(C)O)ncc(OCCCNCCCC(=O)NCCOCCOCC(=O)N[C@H](C(=O)N3C[C@H](O)C[C@H]3C(=O)NCc3ccc(-c4scnc4C)cc3)C(C)(C)C)c21,2948
CCn1c(-c2nonc2N)nc2c(C#CC(C)(C)O)ncc(OCCCNCCCC(=O)NCCOCCOCCOCC(=O)N[C@H](C(=O)N3C[C@H](O)C[C@H]3C(=O)NCc3ccc(-c4scnc4C)cc3)C(C)(C)C)c21,2950
CCn1c(-c2nonc2N)nc2c(C#CC(C)(C)O)ncc(OCCCNCCCC(=O)NCC(=O)N[C@H](C(=O)N3C[C@H](O)C[C@H]3C(=O)NCc3ccc(-c4scnc4C)cc3)C(C)(C)C)c21,2954
CCn1c(-c2nonc2N)nc2c(C#CC(C)(C)O)ncc(OCCCNCCCC(=O)NCCC(=O)N[C@H](C(=O)N3C[C@H](O)C[C@H]3C(=O)NCc3ccc(-c4scnc4C)cc3)C(C)(C)C)c21,2955
CCn1c(-c2nonc2N)nc2c(C#CC(C)(C)O)ncc(OCCCNCCCC(=O)NCCCC(=O)N[C@H](C(=O)N3C[C@H](O)C[C@H]3C(=O)NCc3ccc(-c4scnc4C)cc3)C(C)(C)C)c21,2956
CCn1c(-c2nonc2N)nc2c(C#CC(C)(C)O)ncc(OCCCNCCCC(=O)NCCCCC(=O)N[C@H](C(=O)N3C[C@H](O)C[C@H]3C(=O)NCc3ccc(-c4scnc4C)cc3)C(C)(C)C)c21,2957
CCn1c(-c2nonc2N)nc2c(C#CC(C)(C)O)ncc(OCCCNCCCC(=O)NCCCCCC(=O)N[C@H](C(=O)N3C[C@H](O)C[C@H]3C(=O)NCc3ccc(-c4scnc4C)cc3)C(C)(C)C)c21,2958
CCn1c(-c2nonc2N)nc2c(C#CC(C)(C)O)ncc(OCCCNCCCC(=O)NCCCCCCC(=O)N[C@H](C(=O)N3C[C@H](O)C[C@H]3C(=O)NCc3ccc(-c4scnc4C)cc3)C(C)(C)C)c21,2959
CCn1c(-c2nonc2N)nc2c(C#CC(C)(C)O)ncc(OCCCNCCCC(=O)NCCCCCCCC(=O)N[C@H](C(=O)N3C[C@H](O)C[C@H]3C(=O)NCc3ccc(-c4scnc4C)cc3)C(C)(C)C)c21,2960
CCn1c(-c2nonc2N)nc2c(C#CC(C)(C)O)ncc(OCCCNCCCC(=O)NCCCCCCCCC(=O)N[C@H](C(=O)N3C[C@H](O)C[C@H]3C(=O)NCc3ccc(-c4scnc4C)cc3)C(C)(C)C)c21,2961
CCn1c(-c2nonc2N)nc2c(C#CC(C)(C)O)ncc(OCCCNCCCC(=O)NCCCCCCCCCC(=O)N[C@H](C(=O)N3C[C@H](O)C[C@H]3C(=O)NCc3ccc(-c4scnc4C)cc3)C(C)(C)C)c21,2962
CCn1c(-c2nonc2N)nc2c(C#CC(C)(C)O)ncc(OCCCNCCCC(=O)NCCCCCCCCCCC(=O)N[C@H](C(=O)N3C[C@H](O)C[C@H]3C(=O)NCc3ccc(-c4scnc4C)cc3)C(C)(C)C)c21,2963
CCn1c(-c2nonc2N)nc2c(C#CC(C)(C)O)ncc(OCCCNCCCC(=O)NCCNc3cccc4c3C(=O)N(C3CCC(=O)NC3=O)C4=O)c21,2969
CCn1c(-c2nonc2N)nc2c(C#CC(C)(C)O)ncc(OCCCNCCCC(=O)NCCCNc3cccc4c3C(=O)N(C3CCC(=O)NC3=O)C4=O)c21,2970
Cn1cc(-c2ccccc2Oc2ccccc2)c2cc(C(=O)NCCCCNc3cccc4c3C(=O)N(C3CCC(=O)NC3=O)C4=O)[nH]c2c1=O,3014
Cn1cc(-c2ccccc2Oc2ccccc2)c2cc(C(=O)NCCCCCCNc3cccc4c3C(=O)N(C3CCC(=O)NC3=O)C4=O)[nH]c2c1=O,3015
Cn1cc(-c2ccccc2Oc2ccccc2)c2cc(C(=O)NCCCCC(=O)NCCCCNc3cccc4c3C(=O)N(C3CCC(=O)NC3=O)C4=O)[nH]c2c1=O,3016
Cn1cc(-c2ccccc2Oc2ccccc2)c2cc(C(=O)NCCCCCC(=O)NCCCCNc3cccc4c3C(=O)N(C3CCC(=O)NC3=O)C4=O)[nH]c2c1=O,3017
O=C1CCC(N2C(=O)c3cccc(NCCCCNC(=O)/C(Cc4ccccc4[N+](=O)[O-])=N/Nc4nc(-c5ccc(-c6ccccc6)cc5)cs4)c3C2=O)C(=O)N1,3031
C/C(=N\Nc1nc(-c2ccc(Cl)c(Cl)c2)c(CC(=O)NCCNc2cccc3c2C(=O)N(C2CCC(=O)NC2=O)C3=O)s1)C(=O)OCOC(=O)C(C)(C)C,3034
O=C1CCC(N2C(=O)c3cccc(NCCOCCOCCOCCn4cc(CO[C@H]5CC[C@H](NC(=O)c6n[nH]cc6NC(=O)c6c(F)cccc6F)CC5)nn4)c3C2=O)C(=O)N1,3051
Cc1ncsc1-c1ccc(CNC(=O)[C@@H]2C[C@@H](O)CN2C(=O)[C@@H](NC(=O)COCCn2cc(CO[C@H]3CC[C@H](NC(=O)c4n[nH]cc4NC(=O)c4c(F)cccc4F)CC3)nn2)C(C)(C)C)cc1,3052
CC[C@@H]1c2nnc(C)n2-c2cnc(Nc3ccc(C(=O)NC4CCN(C(=O)COc5cccc6c5C(=O)N(C5CCC(=O)NC5=O)C6=O)CC4)cc3OC)nc2N1CC1CCCCC1,3061
CC[C@@H]1c2nnc(C)n2-c2cnc(Nc3ccc(C(=O)NC4CCN(C(=O)CCCOc5cccc6c5C(=O)N(C5CCC(=O)NC5=O)C6=O)CC4)cc3OC)nc2N1CC1CCCCC1,3062
CC[C@@H]1c2nnc(C)n2-c2cnc(Nc3ccc(C(=O)NC4CCN(C(=O)CCCCOc5cccc6c5C(=O)N(C5CCC(=O)NC5=O)C6=O)CC4)cc3OC)nc2N1CC1CCCCC1,3063
CC[C@@H]1c2nnc(C)n2-c2cnc(Nc3ccc(C(=O)NC4CCN(C(=O)CCCCCOc5cccc6c5C(=O)N(C5CCC(=O)NC5=O)C6=O)CC4)cc3OC)nc2N1CC1CCCCC1,3064
CC[C@@H]1c2nnc(C)n2-c2cnc(Nc3ccc(C(=O)NC4CCN(C(=O)CCCCCCOc5cccc6c5C(=O)N(C5CCC(=O)NC5=O)C6=O)CC4)cc3OC)nc2N1CC1CCCCC1,3065
CC[C@@H]1c2nnc(C)n2-c2cnc(Nc3ccc(C(=O)NC4CCN(C(=O)CNc5cccc6c5CN(C5CCC(=O)NC5=O)C6=O)CC4)cc3OC)nc2N1CC1CCCCC1,3066
CC[C@@H]1c2nnc(C)n2-c2cnc(Nc3ccc(C(=O)NC4CCN(C(=O)CCCCNc5cccc6c5CN(C5CCC(=O)NC5=O)C6=O)CC4)cc3OC)nc2N1CC1CCCCC1,3067
CC[C@@H]1c2nnc(C)n2-c2cnc(Nc3ccc(C(=O)NC4CCN(C(=O)CCCCCNc5cccc6c5CN(C5CCC(=O)NC5=O)C6=O)CC4)cc3OC)nc2N1CC1CCCCC1,3068
CC[C@@H]1c2nnc(C)n2-c2cnc(Nc3ccc(C(=O)NC4CCN(C(=O)CCCCCCC(=O)Nc5cccc6c5CN(C5CCC(=O)NC5=O)C6=O)CC4)cc3OC)nc2N1CC1CCCCC1,3069
Cc1nc(Nc2ncc(C(=O)Nc3c(C)cccc3Cl)s2)cc(N2CCN(C(=O)CCOCCNc3cccc4c3C(=O)N(C3CCC(=O)NC3=O)C4=O)CC2)n1,3070
Cc1nc(Nc2ncc(C(=O)Nc3c(C)cccc3Cl)s2)cc(N2CCN(C(=O)CCOCCOCCOCCNc3cccc4c3C(=O)N(C3CCC(=O)NC3=O)C4=O)CC2)n1,3072
Cc1nc(Nc2ncc(C(=O)Nc3c(C)cccc3Cl)s2)cc(N2CCN(C(=O)CCCNc3cccc4c3C(=O)N(C3CCC(=O)NC3=O)C4=O)CC2)n1,3075
Cc1nc(Nc2ncc(C(=O)Nc3c(C)cccc3Cl)s2)cc(N2CCN(C(=O)CCCCNc3cccc4c3C(=O)N(C3CCC(=O)NC3=O)C4=O)CC2)n1,3076
Cc1nc(Nc2ncc(C(=O)Nc3c(C)cccc3Cl)s2)cc(N2CCN(C(=O)CSc3cccc4c3C(=O)N(C3CCC(=O)NC3=O)C4=O)CC2)n1,3078
Cc1nc(Nc2ncc(C(=O)Nc3c(C)cccc3Cl)s2)cc(N2CCN(C(=O)CNc3cccc4c3C(=O)N(C3CCC(=O)NC3=O)C4=O)CC2)n1,3079
Cc1nc(Nc2ncc(C(=O)Nc3c(C)cccc3Cl)s2)cc(N2CCN(C(=O)COc3cccc4c3C(=O)N(C3CCC(=O)NC3=O)C4=O)CC2)n1,3080
Cc1nc(Nc2ncc(C(=O)Nc3c(C)cccc3Cl)s2)cc(N2CCN(C(=O)CCc3cccc4c3C(=O)N(C3CCC(=O)NC3=O)C4=O)CC2)n1,3081
Cc1nc(Nc2ncc(C(=O)Nc3c(C)cccc3Cl)s2)cc(N2CCN(C(=O)CS(=O)(=O)c3cccc4c3C(=O)N(C3CCC(=O)NC3=O)C4=O)CC2)n1,3082
Cc1nc(Nc2ncc(C(=O)Nc3c(C)cccc3Cl)s2)cc(N2CCN(CCSc3cccc4c3C(=O)N(C3CCC(=O)NC3=O)C4=O)CC2)n1,3083
Cc1nc(Nc2ncc(C(=O)Nc3c(C)cccc3Cl)s2)cc(N2CCN(C(=O)CSc3cccc4c3CN(C3CCC(=O)NC3=O)C4=O)CC2)n1,3084
Cc1nc(Nc2ncc(C(=O)Nc3c(C)cccc3Cl)s2)cc(N2CCN(CCSc3cccc4c3CN(C3CCC(=O)NC3=O)C4=O)CC2)n1,3085
Cc1nc(Nc2ncc(C(=O)Nc3c(C)cccc3Cl)s2)cc(N2CCN(CCCCNc3cccc4c3C(=O)N(C3CCC(=O)NC3=O)C4=O)CC2)n1,3086
Cc1nc(Nc2ncc(C(=O)Nc3c(C)cccc3Cl)s2)cc(N2CCN(CCCCC(=O)Nc3cccc4c3C(=O)N(C3CCC(=O)NC3=O)C4=O)CC2)n1,3087
Cc1nc(Nc2ncc(C(=O)Nc3c(C)cccc3Cl)s2)cc(N2CCN(C(=O)CCCCNc3cccc4c3CN(C3CCC(=O)NC3=O)C4=O)CC2)n1,3088
COc1c(C)cnc(Cn2cc(C#CCNc3cccc4c3C(=O)N(C3CCC(=O)NC3=O)C4=O)c3c(Cl)nc(N)nc32)c1C,3090
COc1c(C)cnc(Cn2cc(C#CCCNc3cccc4c3C(=O)N(C3CCC(=O)NC3=O)C4=O)c3c(Cl)nc(N)nc32)c1C,3091
COc1c(C)cnc(Cn2cc(C#CCCCNc3cccc4c3C(=O)N(C3CCC(=O)NC3=O)C4=O)c3c(Cl)nc(N)nc32)c1C,3092
COc1c(C)cnc(Cn2cc(C#CCCCCNc3cccc4c3C(=O)N(C3CCC(=O)NC3=O)C4=O)c3c(Cl)nc(N)nc32)c1C,3093
COc1c(C)cnc(Cn2cc(C#CCOCCNc3cccc4c3C(=O)N(C3CCC(=O)NC3=O)C4=O)c3c(Cl)nc(N)nc32)c1C,3094
COc1c(C)cnc(Cn2cc(C#CCOCCOCCNc3cccc4c3C(=O)N(C3CCC(=O)NC3=O)C4=O)c3c(Cl)nc(N)nc32)c1C,3095
COc1c(C)cnc(Cn2cc(C#CCOCCOCCOCCNc3cccc4c3C(=O)N(C3CCC(=O)NC3=O)C4=O)c3c(Cl)nc(N)nc32)c1C,3096
COc1cc(C(=O)NCC#Cc2cn(Cc3ncc(C)c(OC)c3C)c3nc(N)nc(Cl)c23)ccc1NC(=O)[C@@H]1N[C@@H](CC(C)(C)C)[C@](C#N)(c2ccc(Cl)cc2F)[C@H]1c1cccc(Cl)c1F,3100
COc1cc(C(=O)NCCC#Cc2cn(Cc3ncc(C)c(OC)c3C)c3nc(N)nc(Cl)c23)ccc1NC(=O)[C@@H]1N[C@@H](CC(C)(C)C)[C@](C#N)(c2ccc(Cl)cc2F)[C@H]1c1cccc(Cl)c1F,3101
COc1cc(C(=O)NCCCC#Cc2cn(Cc3ncc(C)c(OC)c3C)c3nc(N)nc(Cl)c23)ccc1NC(=O)[C@@H]1N[C@@H](CC(C)(C)C)[C@](C#N)(c2ccc(Cl)cc2F)[C@H]1c1cccc(Cl)c1F,3102
COc1cc(C(=O)NCCCCC#Cc2cn(Cc3ncc(C)c(OC)c3C)c3nc(N)nc(Cl)c23)ccc1NC(=O)[C@@H]1N[C@@H](CC(C)(C)C)[C@](C#N)(c2ccc(Cl)cc2F)[C@H]1c1cccc(Cl)c1F,3103
COc1cc(C(=O)NCCOCC#Cc2cn(Cc3ncc(C)c(OC)c3C)c3nc(N)nc(Cl)c23)ccc1NC(=O)[C@@H]1N[C@@H](CC(C)(C)C)[C@](C#N)(c2ccc(Cl)cc2F)[C@H]1c1cccc(Cl)c1F,3104
COc1cc(C(=O)NCCOCCOCC#Cc2cn(Cc3ncc(C)c(OC)c3C)c3nc(N)nc(Cl)c23)ccc1NC(=O)[C@@H]1N[C@@H](CC(C)(C)C)[C@](C#N)(c2ccc(Cl)cc2F)[C@H]1c1cccc(Cl)c1F,3105
COc1cc(C(=O)NCCOCCOCCOCC#Cc2cn(Cc3ncc(C)c(OC)c3C)c3nc(N)nc(Cl)c23)ccc1NC(=O)[C@@H]1N[C@@H](CC(C)(C)C)[C@](C#N)(c2ccc(Cl)cc2F)[C@H]1c1cccc(Cl)c1F,3106
COc1cc(C(=O)NCCOCCOCCOCCOCC#Cc2cn(Cc3ncc(C)c(OC)c3C)c3nc(N)nc(Cl)c23)ccc1NC(=O)[C@@H]1N[C@@H](CC(C)(C)C)[C@](C#N)(c2ccc(Cl)cc2F)[C@H]1c1cccc(Cl)c1F,3107
COc1cc(C(=O)NCCOCCOCCOCCOCCOCC#Cc2cn(Cc3ncc(C)c(OC)c3C)c3nc(N)nc(Cl)c23)ccc1NC(=O)[C@@H]1N[C@@H](CC(C)(C)C)[C@](C#N)(c2ccc(Cl)cc2F)[C@H]1c1cccc(Cl)c1F,3108
COc1cc(C(=O)NCCOCCOCCOCCOCCOCCOCC#Cc2cn(Cc3ncc(C)c(OC)c3C)c3nc(N)nc(Cl)c23)ccc1NC(=O)[C@@H]1N[C@@H](CC(C)(C)C)[C@](C#N)(c2ccc(Cl)cc2F)[C@H]1c1cccc(Cl)c1F,3109
CC(C)n1cnc2c(NCc3nc4cc(F)c(NCCCCCCNC(=O)COc5cccc6c5C(=O)N(C5CCC(=O)NC5=O)C6=O)cc4[nH]3)nc(N3CCOCC3)nc21,3110
COc1ccc(-c2ocnc2C(=O)NCCCn2cc(CCCCC(=O)N[C@@H](C(=O)N3C[C@H](O)C[C@H]3C(=O)NCc3ccc(-c4scnc4C)cc3)C(C)(C)C)nn2)cc1Cl,3117
Nc1nc(NCCNC(=O)CCCNc2cccc3c2CN(C2CCC(=O)NC2=O)C3=O)nn1-c1ccc(-c2ccccc2)nn1,3144
Nc1nc(NCCNC(=O)CCCCNc2cccc3c2CN(C2CCC(=O)NC2=O)C3=O)nn1-c1ccc(-c2ccccc2)nn1,3145
Nc1nc(NCCNC(=O)CCCCCNc2cccc3c2CN(C2CCC(=O)NC2=O)C3=O)nn1-c1ccc(-c2ccccc2)nn1,3146
Nc1nc(NCCNC(=O)CCCCCCNc2cccc3c2CN(C2CCC(=O)NC2=O)C3=O)nn1-c1ccc(-c2ccccc2)nn1,3147
Nc1nc(NCCNC(=O)CCCCCCCNc2cccc3c2CN(C2CCC(=O)NC2=O)C3=O)nn1-c1ccc(-c2ccccc2)nn1,3148
Nc1nc(Nc2ccc(CNC(=O)CCCNc3cccc4c3CN(C3CCC(=O)NC3=O)C4=O)cc2)nn1-c1ccc(-c2ccccc2)nn1,3149
Nc1nc(NCCNC(=O)CCCNc2cccc3c2CN(C2CCC(=O)NC2=O)C3=O)nn1-c1cc2c(nn1)-c1ccccc1CCC2,3154
Nc1nc(NCCNC(=O)CCCCNc2cccc3c2CN(C2CCC(=O)NC2=O)C3=O)nn1-c1cc2c(nn1)-c1ccccc1CCC2,3155
Nc1nc(NCCNC(=O)CCCCCNc2cccc3c2CN(C2CCC(=O)NC2=O)C3=O)nn1-c1cc2c(nn1)-c1ccccc1CCC2,3156
Nc1nc(NCCNC(=O)CCCCCCNc2cccc3c2CN(C2CCC(=O)NC2=O)C3=O)nn1-c1cc2c(nn1)-c1ccccc1CCC2,3157
Nc1nc(NCCNC(=O)CCCCCCCNc2cccc3c2CN(C2CCC(=O)NC2=O)C3=O)nn1-c1cc2c(nn1)-c1ccccc1CCC2,3158
Nc1nc(Nc2ccc(CNC(=O)CCCNc3cccc4c3CN(C3CCC(=O)NC3=O)C4=O)cc2)nn1-c1cc2c(nn1)-c1ccccc1CCC2,3159
CC(C)(C)NC(=O)C(c1c(C(=O)O)[nH]c2cc(Cl)ccc12)N(Cc1cc(F)c(F)c(F)c1)C(=O)CCCCC#Cc1cccc2c1CN(C1CCC(=O)NC1=O)C2=O,3177
CCNC(=O)c1[nH]c2cc(Cl)ccc2c1C(C(=O)NC(C)(C)C)N(Cc1cc(F)c(F)c(F)c1)C(=O)CCCCC#Cc1cccc2c1CN(C1CCC(=O)NC1=O)C2=O,3178
CCOC(=O)c1[nH]c2cc(Cl)ccc2c1C(C(=O)NC(C)(C)C)N(CC)C(=O)CCCCC#Cc1cccc2c1CN(C1CCC(=O)NC1=O)C2=O,3193
CC(C)C(C(=O)NC(C)(C)C)N(Cc1cc(F)c(F)c(F)c1)C(=O)CCCCC#Cc1cccc2c1CN(C1CCC(=O)NC1=O)C2=O,3196
CC(C)(C)NC(=O)C(C1CCCCC1)N(Cc1cc(F)c(F)c(F)c1)C(=O)CCCCC#Cc1cccc2c1CN(C1CCC(=O)NC1=O)C2=O,3197
CCOC(=O)c1[nH]c2cc(Cl)ccc2c1CN(Cc1cc(F)c(F)c(F)c1)C(=O)CCCCC#Cc1cccc2c1CN(C1CCC(=O)NC1=O)C2=O,3198
O=C(CNc1ncnc2[nH]cc(C(=O)c3ccc(Oc4ccccc4)cc3Cl)c12)NCCNc1cccc2c1C(=O)N(C1CCC(=O)NC1=O)C2=O,3201
O=C(CNc1ncnc2[nH]cc(C(=O)c3ccc(Oc4ccccc4)cc3Cl)c12)NCCCCNc1cccc2c1C(=O)N(C1CCC(=O)NC1=O)C2=O,3202
O=C(CNc1ncnc2[nH]cc(C(=O)c3ccc(Oc4ccccc4)cc3Cl)c12)NCCOCCOCCNc1cccc2c1C(=O)N(C1CCC(=O)NC1=O)C2=O,3203
COc1cc(C2CCN(CCCCCC(=O)N[C@H](C(=O)N3C[C@H](O)C[C@H]3C(=O)N[C@@H](C)c3ccc(-c4scnc4C)cc3)C(C)(C)C)CC2)ccc1Nc1ncc(Cl)c(Nc2ccccc2N(C)S(C)(=O)=O)n1,3232
COc1cc(N2CCN(CCCCCC(=O)N[C@H](C(=O)N3C[C@H](O)C[C@H]3C(=O)N[C@@H](C)c3ccc(-c4scnc4C)cc3)C(C)(C)C)CC2)ccc1Nc1ncc(Cl)c(Nc2ccccc2S(=O)(=O)C(C)C)n1,3234
COc1cc(OC)c(Cl)c(NC(=O)N(C)c2cc(Nc3ccc(N4CCN(CC(=O)N[C@H](C(=O)N5C[C@H](O)C[C@H]5C(=O)N[C@@H](C)c5ccc(-c6scnc6C)cc5)C(C)(C)C)CC4)cc3)ncn2)c1Cl,3249
COc1cc(OC)c(Cl)c(NC(=O)N(C)c2cc(Nc3ccc(N4CCN(CC(=O)NCCC(=O)N[C@H](C(=O)N5C[C@H](O)C[C@H]5C(=O)N[C@@H](C)c5ccc(-c6scnc6C)cc5)C(C)(C)C)CC4)cc3)ncn2)c1Cl,3253
COc1cc(OC)c(Cl)c(NC(=O)N(C)c2cc(Nc3ccc(N4CCN(C(=O)NCCOCCC(=O)N[C@H](C(=O)N5C[C@H](O)C[C@H]5C(=O)N[C@@H](C)c5ccc(-c6scnc6C)cc5)C(C)(C)C)CC4)cc3)ncn2)c1Cl,3254
CNC(=O)c1ccccc1Nc1cc(Nc2ccc(N3CCN(CCOCCOCCOCCOCC(=O)N[C@H](C(=O)N4C[C@H](O)C[C@H]4C(=O)N[C@@H](C)c4ccc(-c5scnc5C)cc4)C(C)(C)C)CC3)cc2OC)ncc1C(F)(F)F,3258
CNC(=O)c1ccccc1Nc1cc(Nc2ccc(N3CCN(CCCCCCCCCCC(=O)N[C@H](C(=O)N4C[C@H](O)C[C@H]4C(=O)N[C@@H](C)c4ccc(-c5scnc5C)cc4)C(C)(C)C)CC3)cc2OC)ncc1C(F)(F)F,3259
CNC(=O)c1ccccc1Nc1cc(Nc2ccc(N3CCN(CCOCCOCC(=O)N[C@H](C(=O)N4C[C@H](O)C[C@H]4C(=O)N[C@@H](C)c4ccc(-c5scnc5C)cc4)C(C)(C)C)CC3)cc2OC)ncc1C(F)(F)F,3260
CNC(=O)c1ccccc1Nc1cc(Nc2ccc(N3CCN(CCOCC(=O)N[C@H](C(=O)N4C[C@H](O)C[C@H]4C(=O)N[C@@H](C)c4ccc(-c5scnc5C)cc4)C(C)(C)C)CC3)cc2OC)ncc1C(F)(F)F,3261
CNC(=O)c1ccccc1Nc1cc(Nc2ccc(N3CCN(CCC(=O)N[C@H](C(=O)N4C[C@H](O)C[C@H]4C(=O)N[C@@H](C)c4ccc(-c5scnc5C)cc4)C(C)(C)C)CC3)cc2OC)ncc1C(F)(F)F,3262
CNC(=O)c1ccccc1Nc1cc(Nc2ccc(N3CCN(CC(=O)N[C@H](C(=O)N4C[C@H](O)C[C@H]4C(=O)N[C@@H](C)c4ccc(-c5scnc5C)cc4)C(C)(C)C)CC3)cc2OC)ncc1C(F)(F)F,3263
O=C1CCC(N2C(=O)c3cccc(NCc4cn(CC(=O)Nc5ccc(-c6cc7ccc(O)cc7oc6=O)cc5)nn4)c3C2=O)C(=O)N1,3272
O=C1CCC(N2C(=O)c3cccc(NC(=O)CCc4cn(CC(=O)Nc5ccc(-c6cc7ccc(O)cc7oc6=O)cc5)nn4)c3C2=O)C(=O)N1,3273
O=C1CCC(N2C(=O)c3cccc(NCCCCC(=O)Nc4ccc(N5Cc6ccc(O)cc6OC5=O)cc4)c3C2=O)C(=O)N1,3278
O=C1CCC(N2C(=O)c3cccc(NCc4cn(CCC(=O)Nc5ccc(N6Cc7ccc(O)cc7OC6=O)cc5)nn4)c3C2=O)C(=O)N1,3281
COc1ncc(-c2ccc3ncc(-c4nnc(-c5ccccc5C(=O)N[C@H](C(=O)N5C[C@H](O)C[C@H]5C(=O)NCc5ccc(-c6scnc6C)cc5)C(C)(C)C)o4)n3c2)cc1NS(=O)(=O)c1ccc(F)cc1F,3285
COc1ncc(-c2ccc3ncc(-c4nnc(-c5ccccc5C(=O)NCCC(=O)N[C@H](C(=O)N5C[C@H](O)C[C@H]5C(=O)NCc5ccc(-c6scnc6C)cc5)C(C)(C)C)o4)n3c2)cc1NS(=O)(=O)c1ccc(F)cc1F,3286
COc1ncc(-c2ccc3ncc(-c4nnc(-c5ccccc5C(=O)NCCCC(=O)N[C@H](C(=O)N5C[C@H](O)C[C@H]5C(=O)NCc5ccc(-c6scnc6C)cc5)C(C)(C)C)o4)n3c2)cc1NS(=O)(=O)c1ccc(F)cc1F,3287
COc1ncc(-c2ccc3ncc(-c4nnc(-c5ccccc5C(=O)NCCCCC(=O)N[C@H](C(=O)N5C[C@H](O)C[C@H]5C(=O)NCc5ccc(-c6scnc6C)cc5)C(C)(C)C)o4)n3c2)cc1NS(=O)(=O)c1ccc(F)cc1F,3288
COc1ncc(-c2ccc3ncc(-c4nnc(-c5ccccc5C(=O)NCCCCCC(=O)N[C@H](C(=O)N5C[C@H](O)C[C@H]5C(=O)NCc5ccc(-c6scnc6C)cc5)C(C)(C)C)o4)n3c2)cc1NS(=O)(=O)c1ccc(F)cc1F,3289
COc1ncc(-c2ccc3ncc(-c4nnc(-c5ccccc5C(=O)NCCCCCCC(=O)N[C@H](C(=O)N5C[C@H](O)C[C@H]5C(=O)NCc5ccc(-c6scnc6C)cc5)C(C)(C)C)o4)n3c2)cc1NS(=O)(=O)c1ccc(F)cc1F,3290
COc1ncc(-c2ccc3ncc(-c4nnc(-c5ccccc5C(=O)NCCOCC(=O)N[C@H](C(=O)N5C[C@H](O)C[C@H]5C(=O)NCc5ccc(-c6scnc6C)cc5)C(C)(C)C)o4)n3c2)cc1NS(=O)(=O)c1ccc(F)cc1F,3292
CC(C)c1ccc(/C=C2\SC(=S)N(CCCCCCCCNC(=O)c3ccc4c(c3)C(=O)N(C3CCC(=O)NC3=O)C4=O)C2=O)cc1,3316
COc1cc(OCc2cccc(-c3ccccc3)c2C)cc(OC)c1CNCCCCNc1cccc2c1C(=O)N(C1CCC(=O)NC1=O)C2=O,3323
COc1cc(OCc2cccc(-c3ccccc3)c2C)cc(OC)c1CNCCCCCNc1cccc2c1C(=O)N(C1CCC(=O)NC1=O)C2=O,3324
COc1cc(OCc2cccc(-c3ccccc3)c2C)cc(OC)c1CNCCCCCCNc1cccc2c1C(=O)N(C1CCC(=O)NC1=O)C2=O,3325
COc1cc(OCc2cccc(-c3ccccc3)c2C)cc(OC)c1CNCCCCCCCNc1cccc2c1C(=O)N(C1CCC(=O)NC1=O)C2=O,3326
COc1cc(OCc2cccc(-c3ccccc3)c2C)cc(OC)c1CNCCCCCCCCNc1cccc2c1C(=O)N(C1CCC(=O)NC1=O)C2=O,3327
COc1cc(OCc2cccc(-c3ccccc3)c2C)cc(OC)c1CNCCCCCCCCCNc1cccc2c1C(=O)N(C1CCC(=O)NC1=O)C2=O,3328
COc1cc(OCc2ccc(-c3ccccc3)cc2C)cc(OC)c1CNCCNC(=O)CCC#Cc1ccc2c(c1)C(=O)N(C1CCC(=O)NC1=O)C2=O,3329
COc1cc(OCc2ccc(-c3ccccc3)cc2C)cc(OC)c1CNCCNC(=O)CCC#Cc1cccc2c1C(=O)N(C1CCC(=O)NC1=O)C2=O,3332
COc1cc(OCc2cccc(-c3ccccc3)c2C)cc(OC)c1CNCC(=O)NCCNC(=O)COc1cccc2c1C(=O)N(C1CCC(=O)NC1=O)C2=O,3335
COc1cc(OCc2ccc(-c3ccccc3)c(C)c2)cc(OC)c1CNCC(=O)NCCCNC(=O)COc1cccc2c1C(=O)N(C1CCC(=O)NC1=O)C2=O,3336
COc1cc(OCc2cccc(-c3ccccc3)c2C)cc(OC)c1CNCCC(=O)NCCCNC(=O)COc1cccc2c1C(=O)N(C1CCC(=O)NC1=O)C2=O,3339
COc1cc(Cl)c(-c2cc(Cl)ccc2Cl)cc1C(=O)N1CCN(C(=O)CCC(=O)NCCNc2cccc3c2C(=O)N(C2CCC(=O)NC2=O)C3=O)CC1,3342
COc1cc(Cl)c(-c2cc(Cl)ccc2Cl)cc1C(=O)N1CCN(C(=O)CCC(=O)NCCCNc2cccc3c2C(=O)N(C2CCC(=O)NC2=O)C3=O)CC1,3343
COc1cc(Cl)c(-c2cc(Cl)ccc2Cl)cc1C(=O)N1CCN(C(=O)CCC(=O)NCCCCNc2cccc3c2C(=O)N(C2CCC(=O)NC2=O)C3=O)CC1,3344
COc1cc(Cl)c(-c2cc(Cl)ccc2Cl)cc1C(=O)N1CCN(C(=O)CCC(=O)NCCCCCNc2cccc3c2C(=O)N(C2CCC(=O)NC2=O)C3=O)CC1,3345
COc1cc(Cl)c(-c2cc(Cl)ccc2Cl)cc1C(=O)N1CCN(C(=O)CCC(=O)NCCCCCCNc2cccc3c2C(=O)N(C2CCC(=O)NC2=O)C3=O)CC1,3346
COc1cc(Cl)c(-c2cc(Cl)ccc2Cl)cc1C(=O)N1CCN(C(=O)CCC(=O)N2CCN(CC(=O)NCCNc3cccc4c3C(=O)N(C3CCC(=O)NC3=O)C4=O)CC2)CC1,3347
COc1cc(Cl)c(-c2cc(Cl)ccc2Cl)cc1C(=O)N1CCN(C(=O)CCC(=O)N2CCN(CC(=O)NCCCNc3cccc4c3C(=O)N(C3CCC(=O)NC3=O)C4=O)CC2)CC1,3348
Cc1ncsc1-c1ccc([C@H](C)NC(=O)[C@@H]2C[C@@H](O)CN2C(=O)[C@@H](NC(=O)CCCCOc2ccc(-c3csc(N4CCOC(C)C4)n3)cc2)C(C)(C)C)cc1,3393
Cc1ncsc1-c1ccc([C@H](C)NC(=O)[C@@H]2C[C@@H](O)CN2C(=O)[C@@H](NC(=O)CCCCOc2ccc(-c3csc(N4CCOCC4C)n3)cc2)C(C)(C)C)cc1,3394
Cc1ncsc1-c1ccc([C@H](C)NC(=O)[C@@H]2C[C@@H](O)CN2C(=O)[C@@H](NC(=O)CCCCOc2ccc(-c3csc(N4CC(C)OC(C)C4)n3)cc2)C(C)(C)C)cc1,3395
Cc1ncsc1-c1ccc([C@H](C)NC(=O)[C@@H]2C[C@@H](O)CN2C(=O)[C@@H](NC(=O)CCCCOc2ccc(-c3csc(N4CC(C)OCC4C)n3)cc2)C(C)(C)C)cc1,3396
Cc1ncsc1-c1ccc([C@H](C)NC(=O)[C@@H]2C[C@@H](O)CN2C(=O)[C@@H](NC(=O)CCCCOc2ccc(-c3csc(N4CCOC(C)(C)C4)n3)cc2)C(C)(C)C)cc1,3397
CCC1COCCN1c1nc(-c2ccc(OCCCCC(=O)N[C@H](C(=O)N3C[C@H](O)C[C@H]3C(=O)N[C@@H](C)c3ccc(-c4scnc4C)cc3)C(C)(C)C)cc2)cs1,3398
Cc1ncsc1-c1ccc([C@H](C)NC(=O)[C@@H]2C[C@@H](O)CN2C(=O)[C@@H](NC(=O)CCCCOc2ccc(-c3csc(N4CC5CCC(C4)O5)n3)cc2)C(C)(C)C)cc1,3399
Cc1ncsc1-c1ccc([C@H](C)NC(=O)[C@@H]2C[C@@H](O)CN2C(=O)[C@@H](NC(=O)CCCCOc2ccc(-c3csc(N4CC5(COC5)C4)n3)cc2)C(C)(C)C)cc1,3400
Cc1ncsc1-c1ccc([C@H](C)NC(=O)[C@@H]2C[C@@H](O)CN2C(=O)[C@@H](NC(=O)CCCCOc2ccc(-c3csc(N4CCC5(COC5)C4)n3)cc2)C(C)(C)C)cc1,3401
Cc1ncsc1-c1ccc([C@H](C)NC(=O)[C@@H]2C[C@@H](O)CN2C(=O)[C@@H](NC(=O)CCCCOc2ccc(-c3csc(N4CC5(CCOCC5)C4)n3)cc2)C(C)(C)C)cc1,3402
Cc1ncsc1-c1ccc([C@H](C)NC(=O)[C@@H]2C[C@@H](O)CN2C(=O)[C@@H](NC(=O)CCCCOc2ccc(-c3csc(N4CCOCC4)n3)cc2F)C(C)(C)C)cc1,3403
Cc1ncsc1-c1ccc([C@H](C)NC(=O)[C@@H]2C[C@@H](O)CN2C(=O)[C@@H](NC(=O)CCCCOc2ccc(-c3csc(N4CCOCC4)n3)c(F)c2)C(C)(C)C)cc1,3404
COc1c(-c2csc(N3CCOCC3)n2)ccc(OCCCCC(=O)N[C@H](C(=O)N2C[C@H](O)C[C@H]2C(=O)N[C@@H](C)c2ccc(-c3scnc3C)cc2)C(C)(C)C)c1F,3405
Cc1cc(OCCCCC(=O)N[C@H](C(=O)N2C[C@H](O)C[C@H]2C(=O)N[C@@H](C)c2ccc(-c3scnc3C)cc2)C(C)(C)C)ccc1-c1csc(N2CCOCC2)n1,3406
Cc1ncsc1-c1ccc([C@H](C)NC(=O)[C@@H]2C[C@@H](O)CN2C(=O)[C@@H](NC(=O)CCCCOc2ccc(-c3csc(N4CCOCC4)n3)cc2[N+](=O)[O-])C(C)(C)C)cc1,3407
Cc1ncsc1-c1ccc([C@H](C)NC(=O)[C@@H]2C[C@@H](O)CN2C(=O)[C@@H](NC(=O)CCCCOc2ccc(-c3csc(N4CCOCC4)n3)cc2N)C(C)(C)C)cc1,3408
COc1cc(N2CCC(OCC(=O)N[C@H](C(=O)N3C[C@H](O)C[C@H]3C(=O)NCc3ccc(-c4scnc4C)cc3)C(C)(C)C)CC2)ccc1NC(=O)c1cccc(-c2ccn[nH]2)n1,3435
COc1cc(N2CCC(OCC(=O)N[C@H](C(=O)N3C[C@H](O)C[C@H]3C(=O)N[C@@H](C)c3ccc(-c4scnc4C)cc3)C(C)(C)C)CC2)ccc1NC(=O)c1cccc(-c2ccn[nH]2)n1,3436
COc1cc(N2CCN(C(=O)OCC(=O)N[C@H](C(=O)N3C[C@H](O)C[C@H]3C(=O)NCc3ccc(-c4scnc4C)cc3)C(C)(C)C)CC2)ccc1NC(=O)c1cccc(-c2ccn[nH]2)n1,3437
COc1cc(N2CCN(C(=O)OCC(=O)N[C@H](C(=O)N3C[C@H](O)C[C@H]3C(=O)N[C@@H](C)c3ccc(-c4scnc4C)cc3)C(C)(C)C)CC2)ccc1NC(=O)c1cccc(-c2ccn[nH]2)n1,3438
COc1cc(N2CCC(OCC(=O)N[C@H](C(=O)N3C[C@H](O)C[C@H]3C(=O)NCc3ccc(-c4scnc4C)cc3F)C(C)(C)C)CC2)ccc1NC(=O)c1cccc(-c2ccn[nH]2)n1,3439
COc1cc(N2CC[C@@H](OCC(=O)N[C@H](C(=O)N3C[C@H](O)C[C@H]3C(=O)N[C@@H](C)c3ccc(-c4scnc4C)cc3)C(C)(C)C)C[C@@H]2C)ccc1NC(=O)c1cccc(-c2ccn[nH]2)n1,3440
COc1cc(N2CC[C@@H](OCC(=O)N[C@H](C(=O)N3C[C@H](O)C[C@H]3C(=O)N[C@@H](C)c3ccc(-c4scnc4C)cc3)C(C)(C)C)[C@H](C)C2)ccc1NC(=O)c1cccc(-c2ccn[nH]2)n1,3441
COc1cc(N2CC[C@H](OCC(=O)N[C@H](C(=O)N3C[C@H](O)C[C@H]3C(=O)N[C@@H](C)c3ccc(-c4scnc4C)cc3)C(C)(C)C)[C@@H](C)C2)ccc1NC(=O)c1cccc(-c2ccn[nH]2)n1,3442
NC(=O)c1c(-c2ccc(Oc3ccccc3)cc2)nn2c1NCC[C@H]2C1CCN(C(=O)c2cn(CCOCCOCCOCCOCCNc3cccc4c3C(=O)N(C3CCC(=O)NC3=O)C4=O)nn2)CC1,3453
NC(=O)c1c(-c2ccc(Oc3ccccc3)cc2)nn2c1NCC[C@H]2C1CCN(C(=O)c2cn(CCOCCOCCOCCOCCOCCNc3ccc4c(c3)C(=O)N(C3CCC(=O)NC3=O)C4=O)nn2)CC1,3454
NC(=O)c1c(-c2ccc(Oc3ccccc3)cc2)nn2c1NCC[C@H]2C1CCN(C(=O)c2cn(CCOCCOCCOCCOCCOCCNc3cccc4c3C(=O)N(C3CCC(=O)NC3=O)C4=O)nn2)CC1,3455
NC(=O)c1c(-c2ccc(Oc3ccccc3)cc2)nn2c1NCC[C@H]2C1CCN(C(=O)c2cn(CCOCCOCCOCCOCCOCCOCCNc3cccc4c3C(=O)N(C3CCC(=O)NC3=O)C4=O)nn2)CC1,3456
NC(=O)c1c(-c2ccc(Oc3ccccc3)cc2)nn2c1NCC[C@H]2C1CCN(C(=O)c2cn(CCOCCOCC(=O)Nc3ccc4c(c3)C(=O)N(C3CCC(=O)NC3=O)C4=O)nn2)CC1,3457
NC(=O)c1c(-c2ccc(Oc3ccccc3)cc2)nn2c1NCC[C@H]2C1CCN(C(=O)CCc2ccc(N3CCN(c4ccc5c(c4)C(=O)N(C4CCC(=O)NC4=O)C5=O)CC3)cc2)CC1,3458
NC(=O)c1c(-c2ccc(Oc3ccccc3)cc2)nn2c1NCC[C@H]2C1CCN(C(=O)CCCc2ccc(NC(=O)CNc3ccc4c(c3)C(=O)N(C3CCC(=O)NC3=O)C4=O)cc2)CC1,3459
NC(=O)c1c(-c2ccc(Oc3ccccc3)cc2)nn2c1NCC[C@H]2C1CCN(C(=O)CCN2CCN(C(=O)CNc3ccc4c(c3)C(=O)N(C3CCC(=O)NC3=O)C4=O)CC2)CC1,3460
CN(CCC(=O)N1CCC([C@@H]2CCNc3c(C(N)=O)c(-c4ccc(Oc5ccccc5)cc4)nn32)CC1)CC1CCN(c2ccc3c(c2)C(=O)N(C2CCC(=O)NC2=O)C3=O)CC1,3461
NC(=O)c1c(-c2ccc(Oc3ccccc3)cc2)nn2c1NCC[C@H]2C1CCN(C(=O)CCC2CCC(N3CCN(c4ccc5c(c4)C(=O)N(C4CCC(=O)NC4=O)C5=O)CC3)CC2)CC1,3462
NC(=O)c1c(-c2ccc(Oc3ccccc3)cc2)nn2c1NCC[C@H]2C1CCN(C(=O)CCCN2CCN(C(=O)CNc3ccc4c(c3)C(=O)N(C3CCC(=O)NC3=O)C4=O)CC2)CC1,3463
CN(CC1CCN(C(=O)c2ccc(N3CCC(=O)NC3=O)cc2)CC1)C1CC(C(=O)N2CCC([C@@H]3CCNc4c(C(N)=O)c(-c5ccc(Oc6ccccc6)cc5)nn43)CC2)C1,3464
CCN(C)S(=O)(=O)Nc1ccc(F)c(C(=O)c2c[nH]c3ncc(-c4ccc(N5CCN(C(=O)CCCNc6cccc7c6C(=O)N(C6CCC(=O)NC6=O)C7=O)CC5)nc4)cc23)c1F,3477
CCN(C)S(=O)(=O)Nc1ccc(F)c(C(=O)c2c[nH]c3ncc(-c4ccc(N5CCN(C(=O)[C@H]6C[C@H](Nc7cccc8c7C(=O)N(C7CCC(=O)NC7=O)C8=O)C6)CC5)nc4)cc23)c1F,3478
CCN(C)S(=O)(=O)Nc1ccc(F)c(C(=O)c2c[nH]c3ncc(-c4ccc(N5CCN(C(=O)CCCOc6cccc7c6CN(C6CCC(=O)NC6=O)C7=O)CC5)nc4)cc23)c1F,3479
CCN(C)S(=O)(=O)Nc1ccc(F)c(C(=O)c2c[nH]c3ncc(-c4cnc(N5CCN(C(=O)CCCOc6cccc7c6CN(C6CCC(=O)NC6=O)C7=O)CC5)nc4)cc23)c1F,3480
CCN(C)S(=O)(=O)Nc1ccc(F)c(C(=O)c2c[nH]c3ncc(-c4ccc(N5CCN(C(=O)[C@H]6C[C@H](Nc7cccc8c7C(=O)N(C7CCC(=O)NC7=O)C8=O)C6)CC5)cc4)cc23)c1F,3481
CCN(C)S(=O)(=O)Nc1ccc(F)c(C(=O)c2c[nH]c3ncc(-c4ccc(N5CCN(C(=O)CCCOc6cccc7c6CN(C6CCC(=O)NC6=O)C7=O)CC5)cc4)cc23)c1F,3482
CCOc1cc(C(C)(C)C)ccc1C1=NC(c2ccc(Cl)cc2)C(c2ccc(Cl)cc2)N1C(=O)N1CCN(C(=O)CCCCCC(=O)N2CCN(C(=O)N3C(c4ccc(C(C)(C)C)cc4OCC)=NC(c4ccc(Cl)cc4)C3c3ccc(Cl)cc3)CC2)CC1,3484
CCOc1cc(C(C)(C)C)ccc1C1=NC(c2ccc(Cl)cc2)C(c2ccc(Cl)cc2)N1C(=O)N1CCN(C(=O)CCCCCCCCCCCCCCC(=O)N2CCN(C(=O)N3C(c4ccc(C(C)(C)C)cc4OCC)=NC(c4ccc(Cl)cc4)C3c3ccc(Cl)cc3)CC2)CC1,3487
CCOc1cc(C(C)(C)C)ccc1C1=NC(c2ccc(Cl)cc2)C(c2ccc(Cl)cc2)N1C(=O)N1CCN(C(=O)COCCOCC(=O)N2CCN(C(=O)N3C(c4ccc(C(C)(C)C)cc4OCC)=NC(c4ccc(Cl)cc4)C3c3ccc(Cl)cc3)CC2)CC1,3488
CCOc1cc(C(C)(C)C)ccc1C1=NC(c2ccc(Cl)cc2)C(c2ccc(Cl)cc2)N1C(=O)N1CCN(CC(=O)NCCOCCOCCOCCNC(=O)CN2CCN(C(=O)N3C(c4ccc(C(C)(C)C)cc4OCC)=NC(c4ccc(Cl)cc4)C3c3ccc(Cl)cc3)CC2=O)C(=O)C1,3490
CCOc1cc(C(C)(C)C)ccc1C1=NC(c2ccc(Cl)cc2)C(c2ccc(Cl)cc2)N1C(=O)N1CCN(CC(=O)NCCOCCOCCNC(=O)CN2CCN(C(=O)N3C(c4ccc(C(C)(C)C)cc4OCC)=NC(c4ccc(Cl)cc4)C3c3ccc(Cl)cc3)CC2=O)C(=O)C1,3491
CCOc1cc(C(C)(C)C)ccc1C1=NC(c2ccc(Cl)cc2)C(c2ccc(Cl)cc2)N1C(=O)N1CCN(CC(=O)NCCOCCNC(=O)CN2CCN(C(=O)N3C(c4ccc(C(C)(C)C)cc4OCC)=NC(c4ccc(Cl)cc4)C3c3ccc(Cl)cc3)CC2=O)C(=O)C1,3492
CCOc1cc(C(C)(C)C)ccc1C1=N[C@@H](c2ccc(Cl)cc2)[C@@H](c2ccc(Cl)cc2)N1C(=O)N1CCN(CC(=O)NCCOCCOCCOCCNC(=O)CN2CCN(C(=O)N3C(c4ccc(C(C)(C)C)cc4OCC)=N[C@@H](c4ccc(Cl)cc4)[C@H]3c3ccc(Cl)cc3)CC2=O)C(=O)C1,3493
CCOc1cc(C(C)(C)C)ccc1C1=N[C@H](c2ccc(Cl)cc2)[C@H](c2ccc(Cl)cc2)N1C(=O)N1CCN(CC(=O)NCCOCCOCCOCCNC(=O)CN2CCN(C(=O)N3C(c4ccc(C(C)(C)C)cc4OCC)=N[C@H](c4ccc(Cl)cc4)[C@@H]3c3ccc(Cl)cc3)CC2=O)C(=O)C1,3494
CCOc1cc(C(C)(C)C)ccc1C1=N[C@@H](c2ccc(Cl)cc2)[C@@H](c2ccc(Cl)cc2)N1C(=O)N1CCN(CC(=O)NCCOCCOCCOCCNC(=O)CN2CCN(C(=O)N3C(c4ccc(C(C)(C)C)cc4OCC)=N[C@H](c4ccc(Cl)cc4)[C@@H]3c3ccc(Cl)cc3)CC2=O)C(=O)C1,3495
Cc1ccc(C(=O)Nc2ccc(CN3CCN(CCOCCOCCC(=O)N[C@H](C(=O)C4C[C@H](O)C[C@H]4C(=O)NCc4ccc(-c5scnc5C)cc4)C(C)(C)C)CC3)c(C(F)(F)F)c2)cc1C#Cc1cnc2[nH]ncc2c1,3499
C[C@H]1C=C2C=C[C@H](C)[C@H](CC[C@@H]3C[C@@H](O)CC(=O)O3)[C@H]2[C@@H](OC(=O)NCCOCCOCCNc2cccc3c2C(=O)N(C2CCC(=O)NC2=O)C3=O)C1,3515
C[C@H]1C=C2C=C[C@H](C)[C@H](CC[C@@H]3C[C@@H](O)CC(=O)O3)[C@H]2[C@@H](OC(=O)NCCCNc2cccc3c2C(=O)N(C2CCC(=O)NC2=O)C3=O)C1,3516
Cc1ncsc1-c1ccc(CNC(=O)[C@@H]2C[C@@H](O)CN2C(=O)[C@@H](NC(=O)CCCCCCCNC(=O)O[C@H]2C[C@@H](C)C=C3C=C[C@H](C)[C@H](CC[C@@H]4C[C@@H](O)CC(=O)O4)[C@H]32)C(C)(C)C)cc1,3517
Cc1ncsc1-c1ccc(CNC(=O)[C@@H]2C[C@@H](O)CN2C(=O)[C@@H](NC(=O)CCCCCCCCCCNC(=O)O[C@H]2C[C@@H](C)C=C3C=C[C@H](C)[C@H](CC[C@@H]4C[C@@H](O)CC(=O)O4)[C@H]32)C(C)(C)C)cc1,3518
Cc1ncsc1-c1ccc(CNC(=O)[C@@H]2C[C@@H](O)CN2C(=O)[C@@H](NC(=O)CCCCCCCCCCNC(=O)O[C@H]2C[C@@H](C)C=C3C=C[C@H](C)[C@H](CCC(O)C[C@@H](O)CC(=O)O)[C@H]32)C(C)(C)C)cc1,3519
CC1(C)C(=O)N(c2ccc(C#N)c(C(F)(F)F)c2)C(=S)N1c1ccc(-c2ccc(OCCCCCCNc3cccc4c3C(=O)N(C3CCC(=O)NC3=O)C4=O)cc2)cc1,3531
CC1(C)C(=O)N(c2ccc(C#N)c(C(F)(F)F)c2)C(=S)N1c1ccc(-c2ccc(O[C@@H]3CCN(C(=O)C4CCN(c5ccc6c(c5)C(=O)N(C5CCC(=O)NC5=O)C6=O)CC4)C3)cc2)cc1,3541
CC1(C)C(=O)N(c2ccc(C#N)c(C(F)(F)F)c2)C(=S)N1c1ccc(-c2ccc(O[C@H]3CCN(C(=O)C4CCN(c5ccc6c(c5)C(=O)N(C5CCC(=O)NC5=O)C6=O)CC4)C3)cc2)cc1,3542
O=C(CCc1ccc2c(c1)[nH]c1ccncc12)NCCCCCCNc1cccc2c1C(=O)N(C1CCC(=O)NC1=O)C2=O,3566
O=C(CCc1ccc2c(c1)[nH]c1ccncc12)NCCCCCOc1cccc2c1C(=O)N(C1CCC(=O)NC1=O)C2=O,3570
O=C(CCc1ccc2c(c1)[nH]c1ccncc12)NCCCCCCOc1cccc2c1C(=O)N(C1CCC(=O)NC1=O)C2=O,3571
Cc1ncsc1-c1ccc([C@H](C)NC(=O)[C@@H]2C[C@@H](O)CN2C(=O)[C@@H](NC(=O)CCOCCOCCNC(=O)CCc2ccc3c(c2)[nH]c2ccncc23)C(C)(C)C)cc1,3572
Cc1ncsc1-c1ccc([C@H](C)NC(=O)C2C[C@@H](O)CN2C(=O)[C@@H](NC(=O)CCCCCCCNC(=O)CCc2ccc3c(c2)[nH]c2ccncc23)C(C)(C)C)cc1,3575
Cc1ncsc1-c1ccc(CNC(=O)[C@@H]2C[C@@H](O)CN2C(=O)[C@@H](NC(=O)COCCOCCOCCNC(=O)Cc2cccc(OCCCN(Cc3cccc(C(F)(F)F)c3Cl)CC(c3ccccc3)c3ccccc3)c2)C(C)(C)C)cc1,3576
Cc1ncsc1-c1ccc(CNC(=O)[C@@H]2C[C@@H](O)CN2C(=O)[C@@H](NC(=O)COCCOCCOCCOCCNC(=O)Cc2cccc(OCCCN(Cc3cccc(C(F)(F)F)c3Cl)CC(c3ccccc3)c3ccccc3)c2)C(C)(C)C)cc1,3577
Cc1ncsc1-c1ccc(CNC(=O)[C@@H]2C[C@@H](O)CN2C(=O)[C@@H](NC(=O)COCCOCCOCCOCCOCCNC(=O)Cc2cccc(OCCCN(Cc3cccc(C(F)(F)F)c3Cl)CC(c3ccccc3)c3ccccc3)c2)C(C)(C)C)cc1,3578
Cc1ncsc1-c1ccc(CNC(=O)[C@@H]2C[C@@H](O)CN2C(=O)[C@@H](NC(=O)COCCOCCOCCOCCOCCOCCNC(=O)Cc2cccc(OCCCN(Cc3cccc(C(F)(F)F)c3Cl)CC(c3ccccc3)c3ccccc3)c2)C(C)(C)C)cc1,3579
Cc1ncsc1-c1ccc(CNC(=O)[C@@H]2C[C@@H](O)CN2C(=O)[C@@H](NC(=O)CCOCCOCCC(=O)NCCN2CCN(Cc3cccc(-c4ccc(N5CCN(C)CC5)c(NC(=O)c5c[nH]c(=O)cc5C(F)(F)F)c4)c3)CC2)C(C)(C)C)cc1,3608
Cc1ncsc1-c1ccc(CNC(=O)[C@@H]2C[C@@H](O)CN2C(=O)[C@@H](NC(=O)CCOCCOCCOCCC(=O)NCCN2CCN(Cc3cccc(-c4ccc(N5CCN(C)CC5)c(NC(=O)c5c[nH]c(=O)cc5C(F)(F)F)c4)c3)CC2)C(C)(C)C)cc1,3609
Cc1ncsc1-c1ccc(CNC(=O)[C@@H]2C[C@@H](O)CN2C(=O)[C@@H](NC(=O)CCOCCOCCOCCOCCC(=O)NCCN2CCN(Cc3cccc(-c4ccc(N5CCN(C)CC5)c(NC(=O)c5c[nH]c(=O)cc5C(F)(F)F)c4)c3)CC2)C(C)(C)C)cc1,3610
Cc1ncsc1-c1ccc(CNC(=O)[C@@H]2C[C@@H](O)CN2C(=O)[C@@H](NC(=O)CCOCCOCCOCCOCCOCCC(=O)NCCN2CCN(Cc3cccc(-c4ccc(N5CCN(C)CC5)c(NC(=O)c5c[nH]c(=O)cc5C(F)(F)F)c4)c3)CC2)C(C)(C)C)cc1,3611
Cc1ncsc1-c1ccc(CNC(=O)[C@@H]2C[C@@H](O)CN2C(=O)[C@@H](NC(=O)CCCCCCC(=O)NCCN2CCN(Cc3cccc(-c4ccc(N5CCN(C)CC5)c(NC(=O)c5c[nH]c(=O)cc5C(F)(F)F)c4)c3)CC2)C(C)(C)C)cc1,3612
Cc1ncsc1-c1ccc(CNC(=O)[C@@H]2C[C@@H](O)CN2C(=O)[C@@H](NC(=O)CCCCCCCC(=O)NCCN2CCN(Cc3cccc(-c4ccc(N5CCN(C)CC5)c(NC(=O)c5c[nH]c(=O)cc5C(F)(F)F)c4)c3)CC2)C(C)(C)C)cc1,3613
Cc1ncsc1-c1ccc(CNC(=O)[C@@H]2C[C@@H](O)CN2C(=O)[C@@H](NC(=O)CCCCCCCCC(=O)NCCN2CCN(Cc3cccc(-c4ccc(N5CCN(C)CC5)c(NC(=O)c5c[nH]c(=O)cc5C(F)(F)F)c4)c3)CC2)C(C)(C)C)cc1,3614
Cc1ncsc1-c1ccc(CNC(=O)[C@@H]2C[C@@H](O)CN2C(=O)[C@@H](NC(=O)CCCCCCCCCC(=O)NCCN2CCN(Cc3cccc(-c4ccc(N5CCN(C)CC5)c(NC(=O)c5c[nH]c(=O)cc5C(F)(F)F)c4)c3)CC2)C(C)(C)C)cc1,3615
Cc1ncsc1-c1ccc(CNC(=O)[C@@H]2C[C@@H](O)CN2C(=O)[C@@H](NC(=O)CCCCCCCCCCC(=O)NCCN2CCN(Cc3cccc(-c4ccc(N5CCN(C)CC5)c(NC(=O)c5c[nH]c(=O)cc5C(F)(F)F)c4)c3)CC2)C(C)(C)C)cc1,3616
CN1CCN(c2ccc(-c3cccc(CN4CCN(CCNC(=O)CCCCNc5cccc6c5C(=O)N(C5CCC(=O)NC5=O)C6=O)CC4)c3)cc2NC(=O)c2c[nH]c(=O)cc2C(F)(F)F)CC1,3617
CN1CCN(c2ccc(-c3cccc(CN4CCN(CCNC(=O)CCOCCOCCOCCOCCNc5cccc6c5C(=O)N(C5CCC(=O)NC5=O)C6=O)CC4)c3)cc2NC(=O)c2c[nH]c(=O)cc2C(F)(F)F)CC1,3618
Cc1ncsc1-c1ccc(CNC(=O)[C@@H]2C[C@@H](O)CN2C(=O)[C@@H](NC(=O)CCC(=O)N2CCN(Cc3cccc(-c4ccc(N5CCN(C)CC5)c(NC(=O)c5c[nH]c(=O)cc5C(F)(F)F)c4)c3)CC2)C(C)(C)C)cc1,3619
Cc1ncsc1-c1ccc(CNC(=O)[C@@H]2C[C@@H](O)CN2C(=O)[C@@H](NC(=O)CNC(=O)c2cccc(-c3ccc(N4CCN(C)CC4)c(NC(=O)c4c[nH]c(=O)cc4C(F)(F)F)c3)c2)C(C)(C)C)cc1,3620
Cc1ncsc1-c1ccc([C@H](C)NC(=O)[C@@H]2C[C@@H](O)CN2C(=O)[C@@H](NC(=O)CNC(=O)c2cccc(-c3ccc(N4CCN(C)CC4)c(NC(=O)c4c[nH]c(=O)cc4C(F)(F)F)c3)c2)C(C)(C)C)cc1,3621
Cc1ncsc1-c1ccc(CNC(=O)[C@@H]2C[C@@H](O)CN2C(=O)[C@@H](NC(=O)CNC(=O)c2ccc(F)c(-c3ccc(N4CCN(C)CC4)c(NC(=O)c4c[nH]c(=O)cc4C(F)(F)F)c3)c2)C(C)(C)C)cc1,3622
Cc1ncsc1-c1ccc(CNC(=O)[C@@H]2C[C@@H](O)CN2C(=O)[C@@H](NC(=O)CNC(=O)c2cccc(-c3ccc(N4C[C@@H](C)N(C)[C@@H](C)C4)c(NC(=O)c4c[nH]c(=O)cc4C(F)(F)F)c3)c2)C(C)(C)C)cc1,3623
Cc1ncsc1-c1ccc(CNC(=O)[C@@H]2C[C@@H](O)CN2C(=O)[C@@H](NC(=O)CNC(=O)c2ccc(F)c(-c3ccc(N4C[C@@H](C)N(C)[C@@H](C)C4)c(NC(=O)c4c[nH]c(=O)cc4C(F)(F)F)c3)c2)C(C)(C)C)cc1,3624
Cc1ncsc1-c1ccc([C@H](C)NC(=O)[C@@H]2C[C@@H](O)CN2C(=O)[C@@H](NC(=O)CNC(=O)c2ccc(F)c(-c3ccc(N4C[C@@H](C)N(C)[C@@H](C)C4)c(NC(=O)c4c[nH]c(=O)cc4C(F)(F)F)c3)c2)C(C)(C)C)cc1,3625
CC(=O)N1CCCN(c2nc(NCCc3cccs3)nc(N(C)CC(=O)NCCOCCOCCOCC(=O)N[C@H](C(=O)N3C[C@@H](O)C[C@@H]3C(=O)NCc3ccc(-c4scnc4C)cc3)C(C)(C)C)n2)CC1,3626
Cc1nc(Nc2ncc(C(=O)Nc3c(C)cccc3Cl)s2)cc(N2CCN(CCCCCNC(=O)CN3CCOc4cc(N(CCC#N)C(=O)CCl)ccc43)CC2)n1,3637
N#Cc1ccc(O[C@H]2CC[C@H](NC(=O)c3ccc(N4CCC(CN5CCN(c6cc7c(cc6F)C(=O)N(C6CCC(=O)NC6=O)C7=O)CC5)CC4)nn3)CC2)cc1Cl,3640
Cc1ncsc1-c1ccc(C(C)NC(=O)C2CC(O)CN2C(=O)C(NC(=O)CCCCCC(=O)N(C)CCC(CSc2ccccc2)Nc2ccc(S(=O)(=O)NC(=O)c3ccc(N4CCN(CC5=C(c6ccc(Cl)cc6)CCC(C)(C)C5)CC4)cc3)cc2S(=O)(=O)C(F)(F)F)C(C)(C)C)cc1,15
C=CC(=O)Nc1cccc(-n2c(=O)cc(C)c3cnc(Nc4ccc(N5CCN(C(=O)CCCCCCCCCCCNC(=O)C(CC(C)C)NC(=O)C(O)C(N)Cc6ccccc6)CC5)cc4OC)nc32)c1,56
C=CC(=O)Nc1cccc(-n2c(=O)cc(C)c3cnc(Nc4ccc(N5CCN(C(=O)CCCCCCCCCCCNC(=O)c6ccc(NC(=O)C7NC(CC(C)(C)C)C(C#N)(c8ccc(Cl)cc8F)C7c7cccc(Cl)c7F)c(OC)c6)CC5)cc4OC)nc32)c1,57
C=CC(=O)Nc1cccc(-n2c(=O)cc(C)c3cnc(Nc4ccc(N5CCN(C(=O)CCCCCCCCCCC(=O)NC(C(=O)N6CC(O)CC6C(=O)NCc6ccc(-c7scnc7C)cc6)C(C)(C)C)CC5)cc4OC)nc32)c1,59
C=CC(=O)Nc1cccc(-n2c(=O)cc(C)c3cnc(Nc4ccc(N5CCN(C(=O)CCCCCCCCCNC(=O)c6ccc(NC(=O)C7NC(CC(C)(C)C)C(C#N)(c8ccc(Cl)cc8F)C7c7cccc(Cl)c7F)c(OC)c6)CC5)cc4OC)nc32)c1,61
C=CC(=O)Nc1cccc(-n2c(=O)cc(C)c3cnc(Nc4ccc(N5CCN(C(=O)CCCCCCCNC(=O)c6ccc(NC(=O)C7NC(CC(C)(C)C)C(C#N)(c8ccc(Cl)cc8F)C7c7cccc(Cl)c7F)c(OC)c6)CC5)cc4OC)nc32)c1,62
C=CC(=O)Nc1cccc(-n2c(=O)cc(C)c3cnc(Nc4ccc(N5CCN(C(=O)CCCCCNC(=O)c6ccc(NC(=O)C7NC(CC(C)(C)C)C(C#N)(c8ccc(Cl)cc8F)C7c7cccc(Cl)c7F)c(OC)c6)CC5)cc4OC)nc32)c1,63
C=CC(=O)Nc1cccc(-n2c(=O)cc(C)c3cnc(Nc4ccc(N5CCN(C(=O)CCCCCCCCC(=O)NC(C(=O)N6CC(O)CC6C(=O)NCc6ccc(-c7scnc7C)cc6)C(C)(C)C)CC5)cc4OC)nc32)c1,64
C=CC(=O)Nc1cccc(-n2c(=O)cc(C)c3cnc(Nc4ccc(N5CCN(C(=O)CCCCCCC(=O)NC(C(=O)N6CC(O)CC6C(=O)NCc6ccc(-c7scnc7C)cc6)C(C)(C)C)CC5)cc4OC)nc32)c1,65
C=CC(=O)Nc1cccc(-n2c(=O)cc(C)c3cnc(Nc4ccc(N5CCN(C(=O)CCCCC(=O)NC(C(=O)N6CC(O)CC6C(=O)NCc6ccc(-c7scnc7C)cc6)C(C)(C)C)CC5)cc4OC)nc32)c1,66
Cc1nc(Nc2ncc(C(=O)Nc3c(C)cccc3Cl)s2)cc(N2CCN(C(=O)CCCCCOCCOCCOCCCCCC(=O)NC(C(=O)N3CC(O)CC3C(=O)NCc3ccc(-c4scnc4C)cc3)C(C)(C)C)CC2)n1,82
Cc1nc(Nc2ncc(C(=O)Nc3c(C)cccc3Cl)s2)cc(N2CCN(C(=O)CCOCCOCCOCCC(=O)NC(C(=O)N3CC(O)CC3C(=O)NCc3ccc(-c4scnc4C)cc3)C(C)(C)C)CC2)n1,85
Cc1nc(Nc2ncc(C(=O)Nc3c(C)cccc3Cl)s2)cc(N2CCN(C(=O)COCCOCC(=O)NC(C(=O)N3CC(O)CC3C(=O)NCc3ccc(-c4scnc4C)cc3)C(C)(C)C)CC2)n1,87
Cc1nc(Nc2ncc(C(=O)Nc3c(C)cccc3Cl)s2)cc(N2CCN(C(=O)CCCCCCCCCCCCCCC(=O)NC(C(=O)N3CC(O)CC3C(=O)NCc3ccc(-c4scnc4C)cc3)C(C)(C)C)CC2)n1,88
Cc1nc(Nc2ncc(C(=O)Nc3c(C)cccc3Cl)s2)cc(N2CCN(C(=O)CCCCCCCCCCCCC(=O)NC(C(=O)N3CC(O)CC3C(=O)NCc3ccc(-c4scnc4C)cc3)C(C)(C)C)CC2)n1,89
Cc1nc(Nc2ncc(C(=O)Nc3c(C)cccc3Cl)s2)cc(N2CCN(C(=O)CCCC(=O)NC(C(=O)N3CC(O)CC3C(=O)NCc3ccc(-c4scnc4C)cc3)C(C)(C)C)CC2)n1,95
Cc1nc(Nc2ncc(C(=O)Nc3c(C)cccc3Cl)s2)cc(N2CCN(C(=O)CCC(=O)NC(C(=O)N3CC(O)CC3C(=O)NCc3ccc(-c4scnc4C)cc3)C(C)(C)C)CC2)n1,96
Cc1nc(Nc2ncc(C(=O)Nc3c(C)cccc3Cl)s2)cc(N2CCN(C(=O)CCCc3cn(CCCC(=O)NC(C(=O)N4CC(O)CC4C(=O)NCc4ccc(-c5scnc5C)cc4)C(C)(C)C)nn3)CC2)n1,97
Cc1nc(Nc2ncc(C(=O)Nc3c(C)cccc3Cl)s2)cc(N2CCN(C(=O)CNC(=O)CCCC(=O)NC(C(=O)N3CC(O)CC3C(=O)NCc3ccc(-c4scnc4C)cc3)C(C)(C)C)CC2)n1,98
CNC(C)C(=O)NC(C(=O)N1CC(NC(=O)CCCCCCCCCN2CCN(CCCOc3ccc(-c4cnc5cccc(-c6cc(F)c(CN7CCS(=O)(=O)CC7)c(F)c6)c5n4)cc3OC)CC2)CC1C(=O)NC1CCCc2ccccc21)C1CCCCC1,126
CNC(C)C(=O)NC(C(=O)N1CC(NC(=O)COCCOCCOCCOCCOCCOCCN2CCN(CCCOc3ccc(-c4cnc5cccc(-c6cc(F)c(CN7CCS(=O)(=O)CC7)c(F)c6)c5n4)cc3OC)CC2)CC1C(=O)NC1CCCc2ccccc21)C1CCCCC1,132
COc1cc(-c2cnc3cccc(-c4cc(F)c(CN5CCS(=O)(=O)CC5)c(F)c4)c3n2)ccc1OCCCN1CCN(CCOCCOCCOCCOCCOCCOCC(=O)NC(C(=O)N2CC(O)CC2C(=O)NCc2ccc(-c3scnc3C)cc2)C(C)(C)C)CC1,133
Cc1ncsc1-c1ccc(CNC(=O)C2CC(O)CN2C(=O)C(NC(=O)CCCCCCN2CCN(c3ccc(Nc4cc5c(N6CCC(CO)CC6)nc(Nc6ccc(F)cc6)nc5cn4)nc3)CC2)C(C)(C)C)cc1,143
Cc1ncsc1-c1ccc(CNC(=O)C2CC(O)CN2C(=O)C(NC(=O)CCCCN2CCN(c3ccc(Nc4cc5c(N6CCC(CO)CC6)nc(Nc6ccc(F)cc6)nc5cn4)nc3)CC2)C(C)(C)C)cc1,144
Cc1ncsc1-c1ccc(CNC(=O)C2CC(O)CN2C(=O)C(NCCOCCOCCOCCN2CCN(c3ccc(Nc4cc5c(N6CCC(CO)CC6)nc(Nc6ccc(F)cc6)nc5cn4)nc3)CC2)C(C)(C)C)cc1,145
Cc1nc(Nc2ncc(C(=O)Nc3c(C)cccc3Cl)s2)cc(N2CCN(CCCCCCOCCOCC(=O)NC(C(=O)N3CC(O)CC3C(=O)NCc3ccc(-c4scnc4C)cc3)C(C)(C)C)CC2)n1,222
N#CC1(CNc2cccc(-c3cc(NC4CCC(NCCCCCCNc5cccc6c5C(=O)C(C5CCC(=O)NC5=O)C6=O)CC4)ncc3Cl)n2)CCOCC1,246
N#CC1(CNc2cccc(-c3cc(NC4CCC(NCCCCCCNC(=O)CNc5cccc6c5C(=O)N(C5CCC(=O)NC5=O)C6=O)CC4)ncc3Cl)n2)CCOCC1,247
N#CC1(CNc2cccc(-c3cc(NC4CCC(NCCCC(=O)NCCCCOc5ccc6c(c5)C(=O)N(C5CCC(=O)NC5=O)C6=O)CC4)ncc3Cl)n2)CCOCC1,248
CC1CC(O)c2ncnc(C3CCN(C(=O)C(CNCCCCCCCCCCc4cccc5c4CN(C4CCC(=O)NC4=O)C5=O)c4ccc(Cl)cc4)CC3)c21,258
Cc1ncsc1-c1ccc(CNC(=O)C2CC(O)CN2C(=O)C(NC(=O)CCNC(=O)c2ccc(-c3cnc(NCc4ccco4)n4cnnc34)cc2)C(C)(C)C)cc1,281
Cc1ncsc1-c1ccc(CNC(=O)C2CC(O)CN2C(=O)C(NC(=O)CCCNC(=O)c2ccc(-c3cnc(NCc4ccco4)n4cnnc34)cc2)C(C)(C)C)cc1,282
Cc1ncsc1-c1ccc(CNC(=O)C2CC(O)CN2C(=O)C(NC(=O)CCCCNC(=O)c2ccc(-c3cnc(NCc4ccco4)n4cnnc34)cc2)C(C)(C)C)cc1,283
Cc1ncsc1-c1ccc(CNC(=O)C2CC(O)CN2C(=O)C(NC(=O)COCCOCCOCCNC(=O)c2ccc(-c3cnc(NCc4ccco4)n4cnnc34)cc2)C(C)(C)C)cc1,285
Cc1ncsc1-c1ccc(CNC(=O)C2CC(O)CN2C(=O)C(NC(=O)CCOCCOCCOCCOCCNC(=O)c2ccc(-c3cnc(NCc4ccco4)n4cnnc34)cc2)C(C)(C)C)cc1,286
CCC(=C(c1ccccc1)c1ccc(OCCN(CC)CCCCCC(=O)NC(C(=O)N2CC(O)CC2C(=O)NC(C)c2ccc(-c3scnc3C)cc2)C(C)(C)C)cc1)c1ccccc1,314
Cc1ncsc1-c1ccc(CNC(=O)C2CC(O)CN2C(=O)C(NC(=O)COCCCCOc2ccc(-c3ccc(N4C(=S)N(c5ccc(C#N)c(C(F)(F)F)c5)C(=O)C4(C)C)cc3)cc2)C(C)(C)C)cc1,358
Cc1ncsc1-c1ccc(CNC(=O)C2CC(O)CN2C(=O)C(NC(=O)COCCOc2ccc(Nc3ncc(C(F)(F)F)c(NCc4cccc(N(C)S(C)(=O)=O)c4)n3)cc2)C(C)(C)C)cc1,362
Cc1ncsc1-c1ccc(CNC(=O)C2CC(O)CN2C(=O)C(NC(=O)COCCCOc2ccc(Nc3ncc(C(F)(F)F)c(NCc4cccc(N(C)S(C)(=O)=O)c4)n3)cc2)C(C)(C)C)cc1,363
Cc1ncsc1-c1ccc(CNC(=O)C2CC(O)CN2C(=O)C(NC(=O)CCOCCOc2ccc(Nc3ncc(C(F)(F)F)c(NCc4cccc(N(C)S(C)(=O)=O)c4)n3)cc2)C(C)(C)C)cc1,364
Cc1ncsc1-c1ccc(CNC(=O)C2CC(O)CN2C(=O)C(NC(=O)CCOCCCOc2ccc(Nc3ncc(C(F)(F)F)c(NCc4cccc(N(C)S(C)(=O)=O)c4)n3)cc2)C(C)(C)C)cc1,365
Cc1ncsc1-c1ccc2c(c1)OCCOCCOCC(NC(=O)CC1N=C(c3ccc(Cl)cc3)c3c(sc(C)c3C)-n3c(C)nnc31)COCCOCCOCC(=O)NC(C(C)(C)C)C(=O)N1CC(O)CC1C(=O)NC2,371
CCC(=O)NC(CCC(=O)NCCCCCCCCNc1cccc2c1C(=O)N(C1CCC(=O)NC1=O)C2=O)C(=O)Nc1cccc(Nc2ncc(NC(=O)c3cc(NC(=O)c4cccc(C)c4)ccc3C)cn2)c1,415
Cc1ncsc1-c1ccc(C(C)NC(=O)C2CC(O)CN2C(=O)C(NC(=O)CCCCCCCN(C)CCOc2ccc(C(=O)c3c(-c4ccc(O)cc4)sc4cc(O)ccc34)cc2)C(C)(C)C)cc1,522
Cc1ncsc1-c1ccc(C(C)NC(=O)C2CC(O)CN2C(=O)C(NC(=O)CCCCCCCN(CCOc2ccc(C(=O)c3c(-c4ccc(O)cc4)sc4cc(O)ccc34)cc2)C(C)C)C(C)(C)C)cc1,523
Cc1ncsc1-c1ccc(C(C)NC(=O)C2CC(O)CN2C(=O)C(NC(=O)CCCCCCCN(CCOc2ccc(C(=O)c3c(-c4ccc(O)cc4)sc4cc(O)ccc34)cc2)C(C)(C)C)C(C)(C)C)cc1,524
Cc1ncsc1-c1ccc(C(C)NC(=O)C2CC(O)CN2C(=O)C(NC(=O)CCCCCCCN(CCOc2ccc(C(=O)c3c(-c4ccc(O)cc4)sc4cc(O)ccc34)cc2)C2CC2)C(C)(C)C)cc1,525
Cc1ncsc1-c1ccc(C(C)NC(=O)C2CC(O)CN2C(=O)C(NC(=O)CCCCCCCN(CCOc2ccc(C(=O)c3c(-c4ccc(O)cc4)sc4cc(O)ccc34)cc2)C2CCC2)C(C)(C)C)cc1,526
Cc1ncsc1-c1ccc(C(C)NC(=O)C2CC(O)CN2C(=O)C(NC(=O)CCCCCCCN(CCOc2ccc(C(=O)c3c(-c4ccc(O)cc4)sc4cc(O)ccc34)cc2)C2CCCC2)C(C)(C)C)cc1,527
Cc1ncsc1-c1ccc(C(C)NC(=O)C2CC(O)CN2C(=O)C(NC(=O)CCCCCCCN(CCOc2ccc(C(=O)c3c(-c4ccc(O)cc4)sc4cc(O)ccc34)cc2)C2CCCCC2)C(C)(C)C)cc1,528
Cc1ncsc1-c1ccc(C(C)NC(=O)C2CC(O)CN2C(=O)C(NC(=O)CCCCCCCN(CCOc2ccc(C(=O)c3c(-c4ccc(O)cc4)sc4cc(O)ccc34)cc2)CC2CCC2)C(C)(C)C)cc1,529
CCC(=C(c1ccccc1)c1ccc(OCCN(CC)CCCCCCCC(=O)NC(C(=O)N2CC(O)CC2C(=O)NC(C)c2ccc(-c3scnc3C)cc2)C(C)(C)C)cc1)c1ccccc1,539
C#Cc1ccc(C(C)NC(=O)C2CC(O)CN2C(=O)C(NC(=O)CCCCCCCN(CC)CCOc2ccc(C(=O)c3c(-c4ccc(O)cc4)sc4cc(O)ccc34)cc2)C(C)(C)C)cc1,545
Cc1ncsc1-c1ccc(CNC(=O)C2CC(O)CN2C(=O)C(NC(=O)COCCOCCOc2ccc(-c3ccc4ncnc(Nc5ccc(OCc6cccc(F)c6)c(Cl)c5)c4c3)cc2)C(C)(C)C)cc1,566
COc1cc2ncnc(Nc3ccc(F)c(Cl)c3)c2cc1OCCCCCOCCOCCC(=O)NC(C(=O)N1CC(O)CC1C(=O)NCc1ccc(-c2scnc2C)cc1)C(C)(C)C,567
Cc1ncsc1-c1ccc(CNC(=O)C2CC(O)CN2C(=O)C(NC(=O)COCCOCCOCCOc2ccc(-c3ccc4ncnc(Nc5ccc(OCc6cccc(F)c6)c(Cl)c5)c4c3)cc2)C(C)(C)C)cc1,569
COc1cc2c(Oc3ccc(N(C(=O)C4(C(N)=O)CC4)c4ccc(F)cc4)cc3F)ccnc2cc1OCCCOCCCOCCC(=O)NC(C(=O)N1CC(O)CC1C(=O)NCc1ccc(-c2scnc2C)cc1)C(C)(C)C,570
CNC(C)C(=O)NC(C(=O)N1CC(NC(=O)COCCOCCOCCOCCN2CCN(CC=CC(=O)N3CCCC(n4nc(-c5ccc(-c6ccccc6)cc5)c5c(N)ncnc54)C3)CC2)CC1C(=O)NC1CCCc2ccccc21)C1CCCCC1,578
COc1cc(-c2cn(C)c(=O)c3cnccc23)cc(OC)c1CN1CCN(CCOCCOCC(=O)NC(C(=O)N2CC(O)CC2C(=O)NCc2ccc(-c3scnc3C)cc2)C(C)(C)C)CC1,583
COc1cc(-c2cn(C)c(=O)c3cnccc23)cc(OC)c1CN1CCN(CCOCCOCCOCCOCCOCC(=O)NC(C(=O)N2CC(O)CC2C(=O)NCc2ccc(-c3scnc3C)cc2)C(C)(C)C)CC1,585
COc1cc(-c2cn(C)c(=O)c3cnccc23)cc(OC)c1CN1CCN(CCCCCOCCOCC(=O)NC(C(=O)N2CC(O)CC2C(=O)NCc2ccc(-c3scnc3C)cc2)C(C)(C)C)CC1,586
COc1cc(-c2cn(C)c(=O)c3cnccc23)cc(OC)c1CN1CCN(CCOCCOc2cc(-c3scnc3C)ccc2CNC(=O)C2CC(O)CN2C(=O)C(NC(=O)C2(F)CC2)C(C)(C)C)CC1,595
COc1cc(-c2cn(C)c(=O)c3cnccc23)c(OC)cc1CN1CCN(CCOCCOc2cc(-c3scnc3C)ccc2CNC(=O)C2CC(O)CN2C(=O)C(NC(=O)C2(F)CC2)C(C)(C)C)CC1,596
COc1cc(-c2cn(C)c(=O)c3cnccc23)cc(OC)c1CN1CCN(CCCCCOc2cc(-c3scnc3C)ccc2CNC(=O)C2CC(O)CN2C(=O)C(NC(=O)C2(F)CC2)C(C)(C)C)CC1,600
COc1cc(-c2cn(C)c(=O)c3cnccc23)c(OC)cc1CN1CCN(CCCCCOc2cc(-c3scnc3C)ccc2CNC(=O)C2CC(O)CN2C(=O)C(NC(=O)C2(F)CC2)C(C)(C)C)CC1,601
COc1cc(-c2cn(C)c(=O)c3cnccc23)cc(OC)c1CN1CCN(CCCCCOCCOc2cc(-c3scnc3C)ccc2CNC(=O)C2CC(O)CN2C(=O)C(NC(=O)C2(F)CC2)C(C)(C)C)CC1,602
COc1cc(-c2cn(C)c(=O)c3cnccc23)c(OC)cc1CN1CCN(CCCCCOCCOc2cc(-c3scnc3C)ccc2CNC(=O)C2CC(O)CN2C(=O)C(NC(=O)C2(F)CC2)C(C)(C)C)CC1,603
COc1cc(-c2cn(C)c(=O)c3cnccc23)cc(OC)c1CN1CC(NC(=O)COCCOc2cc(-c3scnc3C)ccc2CNC(=O)C2CC(O)CN2C(=O)C(NC(=O)C2(F)CC2)C(C)(C)C)C1,604
COc1cc(-c2cn(C)c(=O)c3cnccc23)c(OC)cc1CN1CC(NC(=O)COCCOc2cc(-c3scnc3C)ccc2CNC(=O)C2CC(O)CN2C(=O)C(NC(=O)C2(F)CC2)C(C)(C)C)C1,605
COc1cc(-c2cn(C)c(=O)c3cnccc23)cc(OC)c1CN1CC(NC(=O)COCCOCCOc2cc(-c3scnc3C)ccc2CNC(=O)C2CC(O)CN2C(=O)C(NC(=O)C2(F)CC2)C(C)(C)C)C1,606
COc1cc(-c2cn(C)c(=O)c3cnccc23)c(OC)cc1CN1CC(NC(=O)COCCOCCOc2cc(-c3scnc3C)ccc2CNC(=O)C2CC(O)CN2C(=O)C(NC(=O)C2(F)CC2)C(C)(C)C)C1,607
COc1cc(-c2cn(C)c(=O)c3cnccc23)cc(OC)c1CN1CC(NC(=O)COCCOCCOCCOc2cc(-c3scnc3C)ccc2CNC(=O)C2CC(O)CN2C(=O)C(NC(=O)C2(F)CC2)C(C)(C)C)C1,608
COc1cc(-c2cn(C)c(=O)c3cnccc23)c(OC)cc1CN1CC(NC(=O)COCCOCCOCCOc2cc(-c3scnc3C)ccc2CNC(=O)C2CC(O)CN2C(=O)C(NC(=O)C2(F)CC2)C(C)(C)C)C1,609
COc1cc(-c2cn(C)c(=O)c3cnccc23)cc(OC)c1CN1CC(NC(=O)CCCCOc2cc(-c3scnc3C)ccc2CNC(=O)C2CC(O)CN2C(=O)C(NC(=O)C2(F)CC2)C(C)(C)C)C1,610
COc1cc(-c2cn(C)c(=O)c3cnccc23)c(OC)cc1CN1CC(NC(=O)CCCCOc2cc(-c3scnc3C)ccc2CNC(=O)C2CC(O)CN2C(=O)C(NC(=O)C2(F)CC2)C(C)(C)C)C1,611
COc1cc(-c2cn(C)c(=O)c3cnccc23)cc(OC)c1CN1CC(NC(=O)CCCCOCCOc2cc(-c3scnc3C)ccc2CNC(=O)C2CC(O)CN2C(=O)C(NC(=O)C2(F)CC2)C(C)(C)C)C1,612
COc1cc(-c2cn(C)c(=O)c3cnccc23)c(OC)cc1CN1CC(NC(=O)CCCCOCCOc2cc(-c3scnc3C)ccc2CNC(=O)C2CC(O)CN2C(=O)C(NC(=O)C2(F)CC2)C(C)(C)C)C1,613
Cc1ncsc1-c1ccc(CNC(=O)C2CC(O)CN2C(=O)C(NC(=O)CCCCCCc2ccc(C#Cc3ccc(N4C(=S)N(c5ccc(C#N)c(C(F)(F)F)c5)C(=O)C4(C)C)cc3)cn2)C(C)(C)C)cc1,670
Cc1ncsc1-c1ccc(CNC(=O)C2CC(O)CN2C(=O)C(NC(=O)CCCN2CCN(c3ccc(C#Cc4ccc(N5C(=S)N(c6ccc(C#N)c(C(F)(F)F)c6)C(=O)C5(C)C)cc4)cn3)CC2)C(C)(C)C)cc1,671
Cc1ncsc1-c1ccc(C(C)NC(=O)C2CC(O)CN2C(=O)C(NC(=O)CCCN2CCN(c3ccc(C#Cc4ccc(N5C(=S)N(c6ccc(C#N)c(C(F)(F)F)c6)C(=O)C5(C)C)cc4)cn3)CC2)C(C)(C)C)cc1,672
Cc1ncsc1-c1ccc(C(C)NC(=O)C2CC(O)CN2C(=O)C(NC(=O)CCN2CCN(c3ccc(C#Cc4ccc(N5C(=S)N(c6ccc(C#N)c(C(F)(F)F)c6)C(=O)C5(C)C)cc4)cn3)CC2)C(C)(C)C)cc1,674
Cc1ncsc1-c1ccc(C(C)NC(=O)C2CC(O)CN2C(=O)C(NC(=O)CN2CCN(c3ccc(C#Cc4ccc(N5C(=S)N(c6ccc(C#N)c(C(F)(F)F)c6)C(=O)C5(C)C)cc4)cn3)CC2)C(C)(C)C)cc1,675
Cc1ncsc1-c1ccc(C(C)NC(=O)C2CC(O)CN2C(=O)C(NC(=O)N2CCN(c3ccc(C#Cc4ccc(N5C(=S)N(c6ccc(C#N)c(C(F)(F)F)c6)C(=O)C5(C)C)cc4)cn3)CC2)C(C)(C)C)cc1,676
Cc1cc(C(C(=O)N2CC(O)CC2C(=O)NC(CC(=O)N2CCN(c3ccc(C#Cc4ccc(N5C(=S)N(c6ccc(C#N)c(C(F)(F)F)c6)C(=O)C5(C)C)cc4)cn3)CC2)c2ccc(-c3scnc3C)cc2)C(C)C)on1,679
CC(=O)N1c2ccc(-c3ccc(C(=O)NCCOCCOCC(=O)NC(C(=O)N4CC(O)CC4C(=O)NCc4ccc(-c5scnc5C)cc4)C(C)(C)C)cc3)cc2C(Nc2ccc(Cl)cc2)CC1C,830
CC(=O)N1c2ccc(-c3ccc(C(=O)NCCOCCOCCOCC(=O)NC(C(=O)N4CC(O)CC4C(=O)NCc4ccc(-c5scnc5C)cc4)C(C)(C)C)cc3)cc2C(Nc2ccc(Cl)cc2)CC1C,831
CC(C)CC(NC(=O)C(O)C(N)Cc1ccccc1)C(=O)NCCOCCOCCNC(=O)CON=C1CCC2C3CCc4cc(O)ccc4C3CCC12C,983
CNC(C)C(=O)NC(C(=O)N1CCCC1C(=O)NC(C(=O)NCCOCCOCCNC(=O)CON=C1CCC(C)(C)C(C=CC(C)=CC=CC(C)=CC(=O)O)=C1C)C(c1ccccc1)c1ccccc1)C1CCCCC1,988
Nc1nc2c(c(=O)[nH]1)[n+](Cc1ccccc1)cn2C1OC(COP(=O)(O)NCCCCCC(=O)NC2CCC=C3C(=O)N(C4CCC(=O)NC4=O)CC32)C(O)C1O,1005
Nc1nc2c(c(=O)[nH]1)[n+](Cc1ccc(F)cc1)cn2C1OC(COP(=O)(O)NCCCCCC(=O)NC2CCC=C3C(=O)N(C4CCC(=O)NC4=O)CC32)C(O)C1O,1006
Cc1cccc(C=Cc2cnc(Nc3cc(N4CCN(C(=O)CCCc5cn(CCOCCOCCOCCOCCNc6cccc7c6C(=O)N(C6CCC(=O)NC6=O)C7=O)nn5)CC4)nc(C)n3)s2)c1,1116
COC(=O)CC1N=C(c2ccc(Cl)cc2)c2c(sc(C(=O)NCCCCCCCCNc3cccc4c3C(=O)N(C3CCC(=O)NC3=O)C4=O)c2C)-n2c(C)nnc21,1290
COC(=O)CC1N=C(c2ccc(Cl)cc2)c2c(sc(C(=O)NCCCCCCCCNc3ccc4c(c3)C(=O)N(C3CCC(=O)NC3=O)C4=O)c2C)-n2c(C)nnc21,1291
COC(=O)CC1N=C(c2ccc(Cl)cc2)c2c(sc(C(=O)NCCCCCCCCOc3cccc4c3C(=O)N(C3CCC(=O)NC3=O)C4=O)c2C)-n2c(C)nnc21,1293
COC(=O)CC1N=C(c2ccc(Cl)cc2)c2c(sc(C(=O)NCCCCCCCCOc3ccc4c(c3)C(=O)N(C3CCC(=O)NC3=O)C4=O)c2C)-n2c(C)nnc21,1294
COC(=O)CC1N=C(c2ccc(Cl)cc2)c2c(sc(C(=O)NCCCNc3cccc4c3C(=O)N(C3CCC(=O)NC3=O)C4=O)c2C)-n2c(C)nnc21,1295
COC(=O)CC1N=C(c2ccc(Cl)cc2)c2c(sc(C(=O)NCCCCNc3cccc4c3C(=O)N(C3CCC(=O)NC3=O)C4=O)c2C)-n2c(C)nnc21,1296
COC(=O)CC1N=C(c2ccc(Cl)cc2)c2c(sc(C(=O)NCCCCCNc3cccc4c3C(=O)N(C3CCC(=O)NC3=O)C4=O)c2C)-n2c(C)nnc21,1297
COC(=O)CC1N=C(c2ccc(Cl)cc2)c2c(sc(C(=O)NCCNc3cccc4c3C(=O)N(C3CCC(=O)NC3=O)C4=O)c2C)-n2c(C)nnc21,1332
Nc1nc2c(ncn2C2OC(COP(=O)(O)NCCCCCC(=O)Nc3cccc4c3CN(C3CCC(=O)NC3=O)C4=O)C(O)C2O)c(=O)[nH]1,1461
Cc1ccc(NC(=O)c2ccc(CNC(=O)CCCCNC(=O)C(CC(C)C)NC(=O)C(O)C(N)Cc3ccccc3)cc2)cc1Nc1nccc(-c2cccnc2)n1,1492
Cc1ccc(NC(=O)c2ccc(CNC(=O)CCCCCCCCCCNC(=O)C(CC(C)C)NC(=O)C(O)C(N)Cc3ccccc3)cc2)cc1Nc1nccc(-c2cccnc2)n1,1494
N#CC1(CNc2cccc(-c3cc(NC4CCC(NCCCCCCNc5cccc6c5C(=O)N(C5CCC(=O)NC5=O)C6=O)CC4)ncc3Cl)n2)CCOCC1,1513
Cc1ncsc1-c1ccc(C(C)NC(=O)C2CC(O)CN2C(=O)C(NC(=O)COc2ccc(C=NNC(=O)c3ccc(C(=O)c4c(-c5ccc(O)cc5)sc5cc(O)ccc45)cc3)cc2)C(C)(C)C)cc1,1524
Cc1ncsc1-c1ccc(C(C)NC(=O)C2CC(O)CN2C(=O)C(NC(=O)CCCOc2ccc(C=NNC(=O)c3ccc(C(=O)c4c(-c5ccc(O)cc5)sc5cc(O)ccc45)cc3)cc2)C(C)(C)C)cc1,1525
Cc1ncsc1-c1ccc(C(C)NC(=O)C2CC(O)CN2C(=O)C(NC(=O)CCCCOc2ccc(C=NNC(=O)c3ccc(C(=O)c4c(-c5ccc(O)cc5)sc5cc(O)ccc45)cc3)cc2)C(C)(C)C)cc1,1526
Cc1ncsc1-c1ccc(C(C)NC(=O)C2CC(O)CN2C(=O)C(NC(=O)CCCCCOc2ccc(C=NNC(=O)c3ccc(C(=O)c4c(-c5ccc(O)cc5)sc5cc(O)ccc45)cc3)cc2)C(C)(C)C)cc1,1527
Cc1ncsc1-c1ccc(C(C)NC(=O)C2CC(O)CN2C(=O)C(NC(=O)CCCCCCOc2ccc(C=NNC(=O)c3ccc(C(=O)c4c(-c5ccc(O)cc5)sc5cc(O)ccc45)cc3)cc2)C(C)(C)C)cc1,1528
Cc1ncsc1-c1ccc(C(C)NC(=O)C2CC(O)CN2C(=O)C(NC(=O)COc2ccc(C=NNC(=O)c3ccc(-c4c(-c5ccc(O)cc5)sc5cc(O)ccc45)cc3)cc2)C(C)(C)C)cc1,1548
Cc1ncsc1-c1ccc(C(C)NC(=O)C2CC(O)CN2C(=O)C(NC(=O)CCCOc2ccc(C=NNC(=O)c3ccc(-c4c(-c5ccc(O)cc5)sc5cc(O)ccc45)cc3)cc2)C(C)(C)C)cc1,1549
Cc1ncsc1-c1ccc(C(C)NC(=O)C2CC(O)CN2C(=O)C(NC(=O)CCCCOc2ccc(C=NNC(=O)c3ccc(-c4c(-c5ccc(O)cc5)sc5cc(O)ccc45)cc3)cc2)C(C)(C)C)cc1,1550
Cc1ncsc1-c1ccc(C(C)NC(=O)C2CC(O)CN2C(=O)C(NC(=O)CCCCCOc2ccc(C=NNC(=O)c3ccc(-c4c(-c5ccc(O)cc5)sc5cc(O)ccc45)cc3)cc2)C(C)(C)C)cc1,1551
Cc1ncsc1-c1ccc(C(C)NC(=O)C2CC(O)CN2C(=O)C(NC(=O)CCCCCCOc2ccc(C=NNC(=O)c3ccc(-c4c(-c5ccc(O)cc5)sc5cc(O)ccc45)cc3)cc2)C(C)(C)C)cc1,1552
Cc1ncsc1-c1ccc(C(C)NC(=O)C2CC(O)CN2C(=O)C(NC(=O)COc2ccc(C=NNC(=O)c3ccc(Oc4c(-c5ccc(O)cc5)sc5cc(O)ccc45)cc3)cc2)C(C)(C)C)cc1,1560
Cc1ncsc1-c1ccc(C(C)NC(=O)C2CC(O)CN2C(=O)C(NC(=O)CCCOc2ccc(C=NNC(=O)c3ccc(Oc4c(-c5ccc(O)cc5)sc5cc(O)ccc45)cc3)cc2)C(C)(C)C)cc1,1561
Cc1ncsc1-c1ccc(C(C)NC(=O)C2CC(O)CN2C(=O)C(NC(=O)CCCCOc2ccc(C=NNC(=O)c3ccc(Oc4c(-c5ccc(O)cc5)sc5cc(O)ccc45)cc3)cc2)C(C)(C)C)cc1,1562
Cc1ncsc1-c1ccc(C(C)NC(=O)C2CC(O)CN2C(=O)C(NC(=O)CCCCCOc2ccc(C=NNC(=O)c3ccc(Oc4c(-c5ccc(O)cc5)sc5cc(O)ccc45)cc3)cc2)C(C)(C)C)cc1,1563
Cc1ncsc1-c1ccc(C(C)NC(=O)C2CC(O)CN2C(=O)C(NC(=O)CCCCCCOc2ccc(C=NNC(=O)c3ccc(Oc4c(-c5ccc(O)cc5)sc5cc(O)ccc45)cc3)cc2)C(C)(C)C)cc1,1564
Cc1ncsc1-c1ccc(C(C)NC(=O)C2CC(O)CN2C(=O)C(NC(=O)COc2ccc(C=NNC(=O)c3cccc(C(=O)c4c(-c5ccc(O)cc5)sc5cc(O)ccc45)c3)cc2)C(C)(C)C)cc1,1572
Cc1ncsc1-c1ccc(C(C)NC(=O)C2CC(O)CN2C(=O)C(NC(=O)CCCOc2ccc(C=NNC(=O)c3cccc(C(=O)c4c(-c5ccc(O)cc5)sc5cc(O)ccc45)c3)cc2)C(C)(C)C)cc1,1573
Cc1ncsc1-c1ccc(C(C)NC(=O)C2CC(O)CN2C(=O)C(NC(=O)CCCCOc2ccc(C=NNC(=O)c3cccc(C(=O)c4c(-c5ccc(O)cc5)sc5cc(O)ccc45)c3)cc2)C(C)(C)C)cc1,1574
Cc1ncsc1-c1ccc(C(C)NC(=O)C2CC(O)CN2C(=O)C(NC(=O)CCCCCOc2ccc(C=NNC(=O)c3cccc(C(=O)c4c(-c5ccc(O)cc5)sc5cc(O)ccc45)c3)cc2)C(C)(C)C)cc1,1575
Cc1ncsc1-c1ccc(C(C)NC(=O)C2CC(O)CN2C(=O)C(NC(=O)CCCCCCOc2ccc(C=NNC(=O)c3cccc(C(=O)c4c(-c5ccc(O)cc5)sc5cc(O)ccc45)c3)cc2)C(C)(C)C)cc1,1576
Cc1ncsc1-c1ccc(C(C)NC(=O)C2CC(O)CN2C(=O)C(NC(=O)COc2ccc(C=NNC(=O)c3cccc(-c4c(-c5ccc(O)cc5)sc5cc(O)ccc45)c3)cc2)C(C)(C)C)cc1,1584
Cc1ncsc1-c1ccc(C(C)NC(=O)C2CC(O)CN2C(=O)C(NC(=O)CCCOc2ccc(C=NNC(=O)c3cccc(-c4c(-c5ccc(O)cc5)sc5cc(O)ccc45)c3)cc2)C(C)(C)C)cc1,1585
Cc1ncsc1-c1ccc(C(C)NC(=O)C2CC(O)CN2C(=O)C(NC(=O)CCCCOc2ccc(C=NNC(=O)c3cccc(-c4c(-c5ccc(O)cc5)sc5cc(O)ccc45)c3)cc2)C(C)(C)C)cc1,1586
Cc1ncsc1-c1ccc(C(C)NC(=O)C2CC(O)CN2C(=O)C(NC(=O)CCCCCOc2ccc(C=NNC(=O)c3cccc(-c4c(-c5ccc(O)cc5)sc5cc(O)ccc45)c3)cc2)C(C)(C)C)cc1,1587
Cc1ncsc1-c1ccc(C(C)NC(=O)C2CC(O)CN2C(=O)C(NC(=O)CCCCCCOc2ccc(C=NNC(=O)c3cccc(-c4c(-c5ccc(O)cc5)sc5cc(O)ccc45)c3)cc2)C(C)(C)C)cc1,1588
Cc1ncsc1-c1ccc(C(C)NC(=O)C2CC(O)CN2C(=O)C(NC(=O)COc2ccc(C=NNC(=O)c3cccc(Oc4c(-c5ccc(O)cc5)sc5cc(O)ccc45)c3)cc2)C(C)(C)C)cc1,1596
Cc1ncsc1-c1ccc(C(C)NC(=O)C2CC(O)CN2C(=O)C(NC(=O)CCCOc2ccc(C=NNC(=O)c3cccc(Oc4c(-c5ccc(O)cc5)sc5cc(O)ccc45)c3)cc2)C(C)(C)C)cc1,1597
Cc1ncsc1-c1ccc(C(C)NC(=O)C2CC(O)CN2C(=O)C(NC(=O)CCCCOc2ccc(C=NNC(=O)c3cccc(Oc4c(-c5ccc(O)cc5)sc5cc(O)ccc45)c3)cc2)C(C)(C)C)cc1,1598
Cc1ncsc1-c1ccc(C(C)NC(=O)C2CC(O)CN2C(=O)C(NC(=O)CCCCCOc2ccc(C=NNC(=O)c3cccc(Oc4c(-c5ccc(O)cc5)sc5cc(O)ccc45)c3)cc2)C(C)(C)C)cc1,1599
Cc1ncsc1-c1ccc(C(C)NC(=O)C2CC(O)CN2C(=O)C(NC(=O)CCCCCCOc2ccc(C=NNC(=O)c3cccc(Oc4c(-c5ccc(O)cc5)sc5cc(O)ccc45)c3)cc2)C(C)(C)C)cc1,1600
Cc1ncsc1-c1ccc(C(C)NC(=O)C2CC(O)CN2C(=O)C(NC(=O)COc2ccc(C=NNC(=O)c3c(-c4ccc(O)cc4)sc4cc(O)ccc34)cc2)C(C)(C)C)cc1,1608
Cc1ncsc1-c1ccc(C(C)NC(=O)C2CC(O)CN2C(=O)C(NC(=O)CCCOc2ccc(C=NNC(=O)c3c(-c4ccc(O)cc4)sc4cc(O)ccc34)cc2)C(C)(C)C)cc1,1609
Cc1ncsc1-c1ccc(C(C)NC(=O)C2CC(O)CN2C(=O)C(NC(=O)CCCCOc2ccc(C=NNC(=O)c3c(-c4ccc(O)cc4)sc4cc(O)ccc34)cc2)C(C)(C)C)cc1,1610
Cc1ncsc1-c1ccc(C(C)NC(=O)C2CC(O)CN2C(=O)C(NC(=O)CCCCCOc2ccc(C=NNC(=O)c3c(-c4ccc(O)cc4)sc4cc(O)ccc34)cc2)C(C)(C)C)cc1,1611
Cc1ncsc1-c1ccc(C(C)NC(=O)C2CC(O)CN2C(=O)C(NC(=O)CCCCCCOc2ccc(C=NNC(=O)c3c(-c4ccc(O)cc4)sc4cc(O)ccc34)cc2)C(C)(C)C)cc1,1612
Cc1ncsc1-c1ccc(C(C)NC(=O)C2CC(O)CN2C(=O)C(NC(=O)CCCOc2ccc(CCNC(=O)c3ccc(C(=O)c4c(-c5ccc(O)cc5)sc5cc(O)ccc45)cc3)cc2)C(C)(C)C)cc1,1620
Cc1ncsc1-c1ccc(C(C)NC(=O)C2CC(O)CN2C(=O)C(NC(=O)CCCCOc2ccc(CCNC(=O)c3ccc(C(=O)c4c(-c5ccc(O)cc5)sc5cc(O)ccc45)cc3)cc2)C(C)(C)C)cc1,1621
Cc1ncsc1-c1ccc(C(C)NC(=O)C2CC(O)CN2C(=O)C(NC(=O)CCCCCOc2ccc(CCNC(=O)c3ccc(C(=O)c4c(-c5ccc(O)cc5)sc5cc(O)ccc45)cc3)cc2)C(C)(C)C)cc1,1622
CC1CC(O)c2ncnc(N3CCN(C(=O)C(CNCCCCCCCCCCc4cccc5c4CN(C4CCC(=O)NC4=O)C5=O)c4ccc(Cl)cc4)CC3)c21,1624
Cc1ncsc1-c1ccc(CNC(=O)C2CC(O)CN2C(=O)C(NC(=O)COCCOc2ccc(-c3cc(Nc4ccc(OC(F)(F)F)cc4)ncn3)cc2)C(C)(C)C)cc1,1628
Cc1ccc(NC(=O)c2ccc(CN3CCN(C(=O)COCCOCCOCCNC(=O)C(CC(C)C)NC(=O)C(O)C(N)Cc4ccccc4)CC3)cc2)cc1Nc1nccc(-c2cccnc2)n1,1657
CCN1CCN(Cc2ccc(NC(=O)c3cccc(-c4ccc5nc(NC(=O)COCCOCCOCCNC(=O)C(CC(C)C)NC(=O)C(O)C(N)Cc6ccccc6)sc5n4)c3)cc2C(F)(F)F)CC1,1659
Cc1nc(Nc2ncc(C(=O)Nc3c(C)cccc3Cl)s2)cc(N2CCN(C(=O)COCCOCCOCCNC(=O)C(CC(C)C)NC(=O)C(O)C(N)Cc3ccccc3)CC2)n1,1660
CNC(C)C(=O)NC(C(=O)N1CCCC1C(=O)NC(C(=O)NCCOCCOCCOCC(=O)N1CCN(Cc2ccc(C(=O)Nc3ccc(C)c(Nc4nccc(-c5cccnc5)n4)c3)cc2)CC1)C(c1ccccc1)c1ccccc1)C1CCCCC1,1661
CNC(C)C(=O)NC(C(=O)N1CCCC1C(=O)NC(C(=O)NCCOCCOCCOCCNC(=O)c1cccc(-c2cc(Nc3ccc(OC(F)(F)F)cc3)ncn2)c1)C(c1ccccc1)c1ccccc1)C1CCCCC1,1662
CCN1CCN(Cc2ccc(NC(=O)c3cccc(-c4ccc5nc(NC(=O)COCCOCCOCCNC(=O)C(NC(=O)C6CCCN6C(=O)C(NC(=O)C(C)NC)C6CCCCC6)C(c6ccccc6)c6ccccc6)sc5n4)c3)cc2C(F)(F)F)CC1,1663
CNC(C)C(=O)NC(C(=O)N1CCCC1C(=O)NC(C(=O)NCCOCCOCCOCC(=O)N1CCN(c2cc(Nc3ncc(C(=O)Nc4c(C)cccc4Cl)s3)nc(C)n2)CC1)C(c1ccccc1)c1ccccc1)C1CCCCC1,1664
CNC(C)C(=O)NC(C(=O)N1CCCC1c1nc(C(=O)c2cccc(OCCOCCOCCOCC(=O)N3CCN(Cc4ccc(C(=O)Nc5ccc(C)c(Nc6nccc(-c7cccnc7)n6)c5)cc4)CC3)c2)cs1)C1CCCCC1,1665
CNC(C)C(=O)NC(C(=O)N1CCCC1c1nc(C(=O)c2cccc(OCCOCC(=O)N3CCN(c4cc(Nc5ncc(C(=O)Nc6c(C)cccc6Cl)s5)nc(C)n4)CC3)c2)cs1)C1CCCCC1,1669
CNC(C)C(=O)NC(C(=O)N1CCCC1c1nc(C(=O)c2cccc(OCCOCCOCC(=O)N3CCN(c4cc(Nc5ncc(C(=O)Nc6c(C)cccc6Cl)s5)nc(C)n4)CC3)c2)cs1)C1CCCCC1,1670
CNC(C)C(=O)NC(C(=O)N1CCCC1c1nc(C(=O)c2cccc(OCCOCCOCCOCCOCC(=O)N3CCN(c4cc(Nc5ncc(C(=O)Nc6c(C)cccc6Cl)s5)nc(C)n4)CC3)c2)cs1)C1CCCCC1,1671
CNC(C)C(=O)NC(C(=O)N1CCCC1c1nc(C(=O)c2cccc(OCCOCCOCCNC(=O)C3CCN(c4ncc(C(=O)Nc5ccc(OC(F)(F)Cl)cc5)cc4-c4ccn[nH]4)C3)c2)cs1)C1CCCCC1,1673
CCC(=C(c1ccc(O)cc1)c1ccc(OCCN(C)C(=O)COCCNC(=O)C(NC(=O)C2CCCN2C(=O)C(NC(=O)C(C)NC)C2CCCCC2)C(c2ccccc2)c2ccccc2)cc1)c1ccccc1,1683
CCC(=C(c1ccc(O)cc1)c1ccc(OCCN(C)C(=O)COCCOCCNC(=O)C(NC(=O)C2CCCN2C(=O)C(NC(=O)C(C)NC)C2CCCCC2)C(c2ccccc2)c2ccccc2)cc1)c1ccccc1,1684
CCC(=C(c1ccc(O)cc1)c1ccc(OCCN(C)C(=O)COCCOCCOCCNC(=O)C(NC(=O)C2CCCN2C(=O)C(NC(=O)C(C)NC)C2CCCCC2)C(c2ccccc2)c2ccccc2)cc1)c1ccccc1,1685
CCC(=C(c1ccc(O)cc1)c1ccc(OCCN(C)C(=O)COCCOCCOCCOCCNC(=O)C(NC(=O)C2CCCN2C(=O)C(NC(=O)C(C)NC)C2CCCCC2)C(c2ccccc2)c2ccccc2)cc1)c1ccccc1,1686
CNC(C)C(=O)NC(C(=O)N1CCCC1C(=O)NC(C(=O)NCCOCCOCCOCC(=O)N(C)CCOc1ccc(C(=O)c2c(-c3ccc(O)cc3)sc3cc(O)ccc23)cc1)C(c1ccccc1)c1ccccc1)C1CCCCC1,1687
CNC(C)C(=O)NC(C(=O)N1CCCC1C(=O)NC(C(=O)NCCOCCOCCOCCOCCCCC1Cc2cc(O)ccc2C2CCC3(C)C(O)CCC3C12)C(c1ccccc1)c1ccccc1)C1CCCCC1,1688
CNC(C)C(=O)NC(C(=O)N1CCCC1C(=O)NC(C(=O)NCCOCCOCCOCC(=O)N(C)CCOc1ccc(C2c3ccc(O)cc3CCC2c2ccccc2)cc1)C(c1ccccc1)c1ccccc1)C1CCCCC1,1689
CCC(=C(c1ccc(O)cc1)c1ccc(OCCN(C)C(=O)COCCOCCOCCNC(=O)c2cc(-c3cncc(C4CCCN4C(=O)C(NC(=O)C(C)NC)C4CCCCC4)c3)ccc2F)cc1)c1ccccc1,1691
CCC(=C(c1ccc(O)cc1)c1ccc(OCCN(C)C(=O)COCCOCCOCCOc2cccc(C(=O)c3cncc(C4CCCN4C(=O)C(NC(=O)C(C)NC)C4CCCCC4)c3)c2)cc1)c1ccccc1,1698
CCC(=C(c1ccc(O)cc1)c1ccc(OCCN(C)C(=O)COCCOCCOCCOCC(=O)N2CCC(C(NC(=O)C(C)NC)C(=O)N3CCCC3c3nc4c(-c5ccccc5)nccc4s3)CC2)cc1)c1ccccc1,1699
CCCS(=O)(=O)Nc1ccc(F)c(C(=O)c2c[nH]c3ncc(-c4ccc(CNC(=O)CCCC(=O)NC(C(=O)N5CC(O)CC5C(=O)NCc5ccc(-c6scnc6C)cc5)C(C)(C)C)cc4)cc23)c1F,1740
CCCS(=O)(=O)Nc1ccc(F)c(C(=O)c2c[nH]c3ncc(-c4ccc(CNC(=O)CCCCC(=O)NC(C(=O)N5CC(O)CC5C(=O)NCc5ccc(-c6scnc6C)cc5)C(C)(C)C)cc4)cc23)c1F,1741
CCCS(=O)(=O)Nc1ccc(F)c(C(=O)c2c[nH]c3ncc(-c4ccc(CNC(=O)CCOCCC(=O)NC(C(=O)N5CC(O)CC5C(=O)NCc5ccc(-c6scnc6C)cc5)C(C)(C)C)cc4)cc23)c1F,1742
Cc1ncsc1-c1ccc(CNC(=O)C2CC(O)CN2C(=O)C(NC(=O)CCCCCCNCCCONC(=O)c2ccc(F)c(F)c2Nc2ccc(I)cc2F)C(C)(C)C)cc1,1749
Cc1ncsc1-c1ccc(CNC(=O)C2CC(O)CN2C(=O)C(NC(=O)CCCCCCCCCCNCCCONC(=O)c2ccc(F)c(F)c2Nc2ccc(I)cc2F)C(C)(C)C)cc1,1750
Cc1ncsc1-c1ccc(CNC(=O)C2CC(O)CN2C(=O)C(NC(=O)COCCOCCOCCNCCCONC(=O)c2ccc(F)c(F)c2Nc2ccc(I)cc2F)C(C)(C)C)cc1,1751
Cc1ncsc1-c1ccc(C(C)NC(=O)C2CC(O)CN2C(=O)C(NC(=O)CCCCCCCCCCNCCCONC(=O)c2ccc(F)c(F)c2Nc2ccc(I)cc2F)C(C)(C)C)cc1,1754
Cc1ncsc1-c1ccc(CNC(=O)C2CC(O)CN2C(=O)C(NC(=O)CCOCCOCCOCCn2cc(CCCCN(C)Cc3ccc(-c4[nH]c5cc(F)cc6c5c4CCNC6=O)cc3)nn2)C(C)(C)C)cc1,1830
Cc1ncsc1-c1ccc(CNC(=O)C2CC(O)CN2C(=O)C(NC(=O)CCOCCOCCOCCOCCn2cc(CCCCN(C)Cc3ccc(-c4[nH]c5cc(F)cc6c5c4CCNC6=O)cc3)nn2)C(C)(C)C)cc1,1831
CCCOc1cccc(Oc2cc3c(cc2NS(=O)(=O)c2cccc(C(=O)NCCOCCOCCOCC(=O)NC(C(=O)N4CC(O)CC4C(=O)NCc4ccc(-c5scnc5C)cc4)C(C)(C)C)c2)n(C)c(=O)n3C)c1,1844
CCCOc1cc(OCCCCN(C)C)cc(Oc2cc3c(cc2NS(=O)(=O)c2cccc(C(=O)NCCOCCOCCOCC(=O)NC(C(=O)N4CC(O)CC4C(=O)NCc4ccc(-c5scnc5C)cc4)C(C)(C)C)c2)n(C)c(=O)n3C)c1,1845
CCC(C(=O)N1CCCCC1C(=O)OC(CCc1ccc(OC)c(OC)c1)c1ccccc1OCC(=O)NCCCCCCOc1cccc2c1C(=O)N(C1CCC(=O)NC1=O)C2=O)c1cc(OC)c(OC)c(OC)c1,1847
CCC(=O)NC(CCC(=O)NCCCCCCCCNc1cccc2c1C(=O)N(C1CCC(=O)NC1=O)C2=O)C(=O)Nc1cccc(Nc2ncc(NC(=O)c3cc(NC(=O)c4cccc(C(F)(F)F)c4)ccc3C)cn2)c1,1895
CN(CCCCCCOCCOCCNc1cccc2c1C(=O)N(C1CCC(=O)NC1=O)C2=O)C1CCC2(C)C(CCC3C2CCC2(C)C(c4ccc5ccncc5c4)CCC32)C1,1896
CN(C(=O)CCOCCOCCOCCOCCNc1cccc2c1C(=O)N(C1CCC(=O)NC1=O)C2=O)C1CCC2(C)C(CCC3C2CCC2(C)C(c4ccc5ccncc5c4)CCC32)C1,1897
CN(C(=O)CCOCCOCCNc1cccc2c1C(=O)N(C1CCC(=O)NC1=O)C2=O)C1CCC2(C)C(CCC3C2CCC2(C)C(c4ccc5ccncc5c4)CCC32)C1,1898
Cc1[nH]c(C=C2C(=O)Nc3ccc(S(=O)(=O)Cc4c(Cl)cccc4Cl)cc32)c(C)c1C(=O)NCCCCNc1cccc2c1C(=O)N(C1CCC(=O)NC1=O)C2=O,1914
Cc1[nH]c(C=C2C(=O)Nc3ccc(S(=O)(=O)Cc4c(Cl)cccc4Cl)cc32)c(C)c1C(=O)NCCCCCNc1cccc2c1C(=O)N(C1CCC(=O)NC1=O)C2=O,1915
Cc1[nH]c(C=C2C(=O)Nc3ccc(S(=O)(=O)Cc4c(Cl)cccc4Cl)cc32)c(C)c1C(=O)NCCCCCCNc1cccc2c1C(=O)N(C1CCC(=O)NC1=O)C2=O,1916
Cc1[nH]c(C=C2C(=O)Nc3ccc(S(=O)(=O)Cc4c(Cl)cccc4Cl)cc32)c(C)c1C(=O)NCCOCCNc1cccc2c1C(=O)N(C1CCC(=O)NC1=O)C2=O,1917
Cc1[nH]c(C=C2C(=O)Nc3ccc(S(=O)(=O)Cc4c(Cl)cccc4Cl)cc32)c(C)c1C(=O)NCCOCCOCCNc1cccc2c1C(=O)N(C1CCC(=O)NC1=O)C2=O,1918
Cc1[nH]c(C=C2C(=O)Nc3ccc(S(=O)(=O)Cc4c(Cl)cccc4Cl)cc32)c(C)c1C(=O)NCCCCNc1ccc2c(c1)C(=O)N(C1CCC(=O)NC1=O)C2=O,1919
Cc1[nH]c(C=C2C(=O)Nc3ccc(S(=O)(=O)Cc4c(Cl)cccc4Cl)cc32)c(C)c1C(=O)NCCCCCNc1ccc2c(c1)C(=O)N(C1CCC(=O)NC1=O)C2=O,1920
Cc1[nH]c(C=C2C(=O)Nc3ccc(S(=O)(=O)Cc4c(Cl)cccc4Cl)cc32)c(C)c1C(=O)NCCCCCCNc1ccc2c(c1)C(=O)N(C1CCC(=O)NC1=O)C2=O,1921
Cc1[nH]c(C=C2C(=O)Nc3ccc(S(=O)(=O)Cc4c(Cl)cccc4Cl)cc32)c(C)c1C(=O)NCCCCCCCCNc1ccc2c(c1)C(=O)N(C1CCC(=O)NC1=O)C2=O,1922
Cc1[nH]c(C=C2C(=O)Nc3ccc(S(=O)(=O)Cc4c(Cl)cccc4Cl)cc32)c(C)c1C(=O)NCCOCCNc1ccc2c(c1)C(=O)N(C1CCC(=O)NC1=O)C2=O,1923
Cc1[nH]c(C=C2C(=O)Nc3ccc(S(=O)(=O)Cc4c(Cl)cccc4Cl)cc32)c(C)c1C(=O)NCCOCCOCCNc1ccc2c(c1)C(=O)N(C1CCC(=O)NC1=O)C2=O,1924
Cc1[nH]c(C=C2C(=O)Nc3ccc(F)cc32)c(C)c1C(=O)NCCCCNC(=O)COc1cccc2c1C(=O)N(C1CCC(=O)NC1=O)C2=O,1925
Cc1[nH]c(C=C2C(=O)Nc3ccc(F)cc32)c(C)c1C(=O)NCCCCCCNc1cccc2c1C(=O)N(C1CCC(=O)NC1=O)C2=O,1928
Cc1[nH]c(C=C2C(=O)Nc3ccc(F)cc32)c(C)c1C(=O)NCCCCCCCCNc1cccc2c1C(=O)N(C1CCC(=O)NC1=O)C2=O,1929
Cc1[nH]c(C=C2C(=O)Nc3ccc(F)cc32)c(C)c1C(=O)NCCCCCCNC(=O)c1ccc2c(c1)C(=O)N(C1CCC(=O)NC1=O)C2=O,1932
Cc1[nH]c(C=C2C(=O)Nc3ccc(F)cc32)c(C)c1C(=O)NCCCCCCCCNC(=O)c1ccc2c(c1)C(=O)N(C1CCC(=O)NC1=O)C2=O,1933
Cc1[nH]c(C=C2C(=O)Nc3ccc(F)cc32)c(C)c1C(=O)NCCCCCNc1ccc2c(c1)C(=O)N(C1CCC(=O)NC1=O)C2=O,1934
Cc1[nH]c(C=C2C(=O)Nc3ccc(F)cc32)c(C)c1C(=O)NCCCCCCNc1ccc2c(c1)C(=O)N(C1CCC(=O)NC1=O)C2=O,1935
Cc1[nH]c(C=C2C(=O)Nc3ccc(F)cc32)c(C)c1C(=O)NCCCCCCCCNc1ccc2c(c1)C(=O)N(C1CCC(=O)NC1=O)C2=O,1936
Cc1[nH]c(C=C2C(=O)Nc3ccc(F)cc32)c(C)c1C(=O)NCCOCCNc1ccc2c(c1)C(=O)N(C1CCC(=O)NC1=O)C2=O,1938
Cc1[nH]c(C=C2C(=O)Nc3ccc(F)cc32)c(C)c1C(=O)NCCOCCOCCNc1ccc2c(c1)C(=O)N(C1CCC(=O)NC1=O)C2=O,1939
CC(C)(C)C(NC(=O)COCCCCCOc1ccc(C(=O)NC2C(C)(C)C(Oc3ccc(C#N)c(Cl)c3)C2(C)C)cc1)C(=O)N1CC(O)CC1C(=O)NCc1ccc(-c2cncs2)cc1,1948
Cc1ncoc1-c1ccc(CNC(=O)C2CC(O)CN2C(=O)C(NC(=O)COCc2ccc(OC(=O)NC3C(C)(C)C(Oc4ccc(C#N)c(Cl)c4)C3(C)C)cc2)C(C)(C)C)cc1,1951
O=C1CCC(N2C(=O)c3ccc(N4CCC(CN5CCN(Cc6ccc7nc(NC(=O)c8cccc(C(F)(F)F)c8)n(C8CCC(CO)CC8)c7c6)CC5)CC4)cc3C2=O)C(=O)N1,1980
Cc1ncsc1-c1ccc(C(C)NC(=O)C2CC(O)CN2C(=O)C(NC(=O)COCCOCCOCCOc2cc(F)c(C3c4[nH]c5ccccc5c4CC(C)N3CC(C)(C)F)c(F)c2)C(C)(C)C)cc1,1984
Cc1ncsc1-c1ccc(CNC(=O)C2CC(O)CN2C(=O)C(NC(=O)COCCCOCCOc2cc(F)c(C3c4[nH]c5ccccc5c4CC(C)N3CC(C)(C)F)c(F)c2)C(C)(C)C)cc1,1985
Cc1ncsc1-c1ccc(CNC(=O)C2CC(O)CN2C(=O)C(NC(=O)COCCOCCOCCOc2cc(F)c(C3c4[nH]c5ccccc5c4CC(C)N3CC(C)(C)F)c(F)c2)C(C)(C)C)cc1,1986
Cc1ncsc1-c1ccc(CNC(=O)C2CC(O)CN2C(=O)C(NC(=O)COCCCOCCCOc2cc(F)c(C3c4[nH]c5ccccc5c4CC(C)N3CC(C)(C)F)c(F)c2)C(C)(C)C)cc1,1987
Cc1ncsc1-c1ccc(CNC(=O)C2CC(O)CN2C(=O)C(NC(=O)COCCOCCC(F)(F)CCOc2cc(F)c(C3c4[nH]c5ccccc5c4CC(C)N3CC(C)(C)F)c(F)c2)C(C)(C)C)cc1,1988
Cc1ncsc1-c1ccc(C(C)NC(=O)C2CC(O)CN2C(=O)C(NC(=O)COCCOCCCCCOc2cc(F)c(C3c4[nH]c5ccccc5c4CC(C)N3CC(C)(C)F)c(F)c2)C(C)(C)C)cc1,1989
Cc1ncsc1-c1ccc2c(c1)OCCOCC(NC(=O)CC1N=C(c3ccc(Cl)cc3)c3c(sc(C)c3C)-n3c(C)nnc31)COCCOCCOCC(=O)NC(C(C)(C)C)C(=O)N1CC(O)CC1C(=O)NC2,2027
Cc1ncsc1-c1ccc(CNC(=O)C2CC(O)CN2C(=O)C(NC(=O)COCCCOc2ccc(-c3ccc(N4C(=S)N(c5ccc(C#N)c(C(F)(F)F)c5)C(=O)C4(C)C)cc3)cc2)C(C)(C)C)cc1,2040
O=C(CN1CCN(c2cccc(-c3cnc4ccc(N5CCCC5c5cccc(F)c5)nn34)n2)CC1)NCCNc1ccc2c(c1)C(=O)N(C1CCC(=O)NC1=O)C2=O,2053
O=C1CCC(N2C(=O)c3ccc(NCCN4CCN(c5cccc(-c6cnc7ccc(N8CCCC8c8cccc(F)c8)nn67)n5)CC4)cc3C2=O)C(=O)N1,2054
O=C(CN1CCN(c2cccc(-c3cnc4ccc(N5CCCC5c5cccc(F)c5)nn34)n2)CC1)NCCOCCNc1cccc2c1C(=O)N(C1CCC(=O)NC1=O)C2=O,2055
O=C(CN1CCN(c2cccc(-c3cnc4ccc(N5CCCC5c5cccc(F)c5)nn34)n2)CC1)NCCOCCNc1ccc2c(c1)C(=O)N(C1CCC(=O)NC1=O)C2=O,2056
O=C1CCC(N2C(=O)c3ccc(NCCCCC(=O)N4CCN(c5cccc(-c6cnc7ccc(N8CCCC8c8cccc(F)c8)nn67)n5)CC4)cc3C2=O)C(=O)N1,2057
O=C1CCC(N2C(=O)c3ccc(N4CC(C(=O)N5CCN(c6cccc(-c7cnc8ccc(N9CCCC9c9cccc(F)c9)nn78)n6)CC5)C4)cc3C2=O)C(=O)N1,2058
Cc1ncsc1-c1ccc(C(C)NC(=O)C2CC(O)CN2C(=O)C(NC(=O)COCCCOCCCCCOc2ccc(N3C(=S)N(c4ccc(C#N)c(C(F)(F)F)c4)C(=O)C3(C)C)cc2F)C(C)(C)C)cc1,2060
Cc1ncsc1-c1ccc(CNC(=O)C2CC(O)CN2C(=O)C(NC(=O)COCCCOCCCCOc2ccc(N3C(=S)N(c4ccc(C#N)c(C(F)(F)F)c4)C(=O)C3(C)C)cc2F)C(C)(C)C)cc1,2062
COC(=O)CC1C2(C)C3=C(C)C(c4ccoc4-c4ccc(C(=O)NCCCN5CCN(c6cc(Nc7ncc(C(=O)Nc8c(C)cccc8Cl)s7)nc(C)n6)CC5)cc4)CC3OC2C2OC(=O)C3(C)C=CC(=O)C1(C)C23,2070
Cc1ncsc1-c1ccc(CNC(=O)C2CC(O)CN2C(=O)C(NC(=O)COCCNc2ncc(C(=O)Nc3ccc(OC(F)(F)Cl)cc3)cc2-c2ccn[nH]2)C(C)(C)C)cc1,2073
Cc1ncsc1-c1ccc(CNC(=O)C2CC(O)CN2C(=O)C(NC(=O)CCOCCOCCOCCOCCOCCOCC#Cc2ccc(OCCCc3sc(N4CCc5cccc(C(=O)Nc6nc7ccccc7s6)c5C4)nc3C(=O)O)cc2)C(C)(C)C)cc1,2074
COc1cc(C(=O)NCCOCCOCCOCC(=O)NC(C(=O)N2CC(O)CC2C(=O)NCc2ccc(-c3scnc3C)cc2)C(C)(C)C)ccc1Nc1ncc(C(F)(F)F)c(Oc2cccc3c2C(=O)CC3)n1,2077
Cc1ncsc1-c1ccc(CNC(=O)C2CC(O)CN2C(=O)C(NC(=O)CCCCCCCCCCC(=O)N2CCN(C(=O)c3cc(Cc4n[nH]c(=O)c5ccccc45)ccc3F)CC2)C(C)(C)C)cc1,2100
Cc1ncsc1-c1ccc(CNC(=O)C2CC(O)CN2C(=O)C(NC(=O)CNC(=O)CCCCCCCCCCC(=O)N2CCN(C(=O)c3cc(Cc4n[nH]c(=O)c5ccccc45)ccc3F)CC2)C(C)(C)C)cc1,2101
Cc1ncsc1-c1ccc(CNC(=O)C2CC(O)CN2C(=O)C(NC(=O)CCCNC(=O)CCCCCCCCCCC(=O)N2CCN(C(=O)c3cc(Cc4n[nH]c(=O)c5ccccc45)ccc3F)CC2)C(C)(C)C)cc1,2102
Cc1ncsc1-c1ccc(CNC(=O)C2CC(O)CN2C(=O)C(NC(=O)CCCCCNC(=O)CCCCCCCCCCC(=O)N2CCN(C(=O)c3cc(Cc4n[nH]c(=O)c5ccccc45)ccc3F)CC2)C(C)(C)C)cc1,2103
O=C1CCC(N2C(=O)c3cccc(NCC(=O)N4CCN(c5cccc(-c6cnc7ccc(N8CCCC8c8cccc(F)c8)nn67)n5)CC4)c3C2=O)C(=O)N1,2104
O=C1CCC(N2C(=O)c3cccc(NCCC(=O)N4CCN(c5cccc(-c6cnc7ccc(N8CCCC8c8cccc(F)c8)nn67)n5)CC4)c3C2=O)C(=O)N1,2105
O=C1CCC(N2C(=O)c3cccc(NCCCC(=O)N4CCN(c5cccc(-c6cnc7ccc(N8CCCC8c8cccc(F)c8)nn67)n5)CC4)c3C2=O)C(=O)N1,2106
O=C1CCC(N2C(=O)c3cccc(NCCCCC(=O)N4CCN(c5cccc(-c6cnc7ccc(N8CCCC8c8cccc(F)c8)nn67)n5)CC4)c3C2=O)C(=O)N1,2107
O=C1CCC(N2C(=O)c3cccc(NCCOCCOCCOCCC(=O)N4CCN(c5cccc(-c6cnc7ccc(N8CCCC8c8cccc(F)c8)nn67)n5)CC4)c3C2=O)C(=O)N1,2113
Cc1ncsc1-c1ccc(CNC(=O)C2CC(O)CN2C(=O)C(NC(=O)CNCCCONC(=O)c2ccc(F)c(F)c2Nc2ccc(I)cc2F)C(C)(C)C)cc1,2133
Cc1ncsc1-c1ccc(CNC(=O)C2CC(O)CN2C(=O)C(NC(=O)CCNCCCONC(=O)c2ccc(F)c(F)c2Nc2ccc(I)cc2F)C(C)(C)C)cc1,2134
Cc1ncsc1-c1ccc(CNC(=O)C2CC(O)CN2C(=O)C(NC(=O)CCCNCCCONC(=O)c2ccc(F)c(F)c2Nc2ccc(I)cc2F)C(C)(C)C)cc1,2135
Cc1ncsc1-c1ccc(CNC(=O)C2CC(O)CN2C(=O)C(NC(=O)CCCCNCCCONC(=O)c2ccc(F)c(F)c2Nc2ccc(I)cc2F)C(C)(C)C)cc1,2136
Cc1ncsc1-c1ccc(CNC(=O)C2CC(O)CN2C(=O)C(NC(=O)CCCCCNCCCONC(=O)c2ccc(F)c(F)c2Nc2ccc(I)cc2F)C(C)(C)C)cc1,2137
Cc1ncsc1-c1ccc(CNC(=O)C2CC(O)CN2C(=O)C(NC(=O)CCCCCCCNCCCONC(=O)c2ccc(F)c(F)c2Nc2ccc(I)cc2F)C(C)(C)C)cc1,2138
Cc1ncsc1-c1ccc(CNC(=O)C2CC(O)CN2C(=O)C(NC(=O)CCCCCCCCNCCCONC(=O)c2ccc(F)c(F)c2Nc2ccc(I)cc2F)C(C)(C)C)cc1,2139
Cc1ncsc1-c1ccc(CNC(=O)C2CC(O)CN2C(=O)C(NC(=O)CCCCCCCCCNCCCONC(=O)c2ccc(F)c(F)c2Nc2ccc(I)cc2F)C(C)(C)C)cc1,2140
Cc1ncsc1-c1ccc(CNC(=O)C2CC(O)CN2C(=O)C(NC(=O)COCCNCCCONC(=O)c2ccc(F)c(F)c2Nc2ccc(I)cc2F)C(C)(C)C)cc1,2141
Cc1ncsc1-c1ccc(CNC(=O)C2CC(O)CN2C(=O)C(NC(=O)CCOCCNCCCONC(=O)c2ccc(F)c(F)c2Nc2ccc(I)cc2F)C(C)(C)C)cc1,2142
Cc1ncsc1-c1ccc(CNC(=O)C2CC(O)CN2C(=O)C(NC(=O)COCCOCCNCCCONC(=O)c2ccc(F)c(F)c2Nc2ccc(I)cc2F)C(C)(C)C)cc1,2143
Cc1ncsc1-c1ccc(CNC(=O)C2CC(O)CN2C(=O)C(NC(=O)CCOCCOCCNCCCONC(=O)c2ccc(F)c(F)c2Nc2ccc(I)cc2F)C(C)(C)C)cc1,2144
Cc1ncsc1-c1ccc(CNC(=O)C2CC(O)CN2C(=O)C(NC(=O)CCOCCOCCOCCNCCCONC(=O)c2ccc(F)c(F)c2Nc2ccc(I)cc2F)C(C)(C)C)cc1,2145
Cc1ncsc1-c1ccc(CNC(=O)C2CC(O)CN2C(=O)C(NC(=O)CCOCCOCCOCCOCCNCCCONC(=O)c2ccc(F)c(F)c2Nc2ccc(I)cc2F)C(C)(C)C)cc1,2146
Cc1ncsc1-c1ccc(C(C)NC(=O)C2CC(O)CN2C(=O)C(NC(=O)CCCCCCCCCNCCCONC(=O)c2ccc(F)c(F)c2Nc2ccc(I)cc2F)C(C)(C)C)cc1,2147
Cc1ncsc1-c1ccc(C(C)NC(=O)C2CC(O)CN2C(=O)C(NC(=O)CCCCCCCCCCCNCCCONC(=O)c2ccc(F)c(F)c2Nc2ccc(I)cc2F)C(C)(C)C)cc1,2148
Cc1ncsc1-c1ccc(C(C)NC(=O)C2CC(O)CN2C(=O)C(NC(=O)CCCCCCCCCCN(C)CCCONC(=O)c2ccc(F)c(F)c2Nc2ccc(I)cc2F)C(C)(C)C)cc1,2149
Cc1ncsc1-c1ccc(C(C)NC(=O)C2CC(O)CN2C(=O)C(NC(=O)CCCCCCCCCNCCCCONC(=O)c2ccc(F)c(F)c2Nc2ccc(I)cc2F)C(C)(C)C)cc1,2150
Cc1ncsc1-c1ccc(C(C)NC(=O)C2CC(O)CN2C(=O)C(NC(=O)CCCCCCCCCCNCCCCONC(=O)c2ccc(F)c(F)c2Nc2ccc(I)cc2F)C(C)(C)C)cc1,2151
Cc1ncsc1-c1ccc(C(C)NC(=O)C2CC(O)CN2C(=O)C(NC(=O)CCCCCCCCCCCNCCCCONC(=O)c2ccc(F)c(F)c2Nc2ccc(I)cc2F)C(C)(C)C)cc1,2152
Cc1ncsc1-c1ccc(CNC(=O)C2CC(O)CN2C(=O)C(NC(=O)COCC(=O)N2CC(Nc3cc(C(=O)NCC(O)CN4CCc5ccccc5C4)ncn3)C2)C(C)(C)C)cc1,2192
Cc1ncsc1-c1ccc(CNC(=O)C2CC(O)CN2C(=O)C(NC(=O)CCOCCOCCC(=O)N2CC(Nc3cc(C(=O)NCC(O)CN4CCc5ccccc5C4)ncn3)C2)C(C)(C)C)cc1,2193
Cc1ncsc1-c1ccc(CNC(=O)C2CC(O)CN2C(=O)C(NC(=O)CCOCCOCCOCCC(=O)N2CC(Nc3cc(C(=O)NCC(O)CN4CCc5ccccc5C4)ncn3)C2)C(C)(C)C)cc1,2194
Cc1ncsc1-c1ccc(CNC(=O)C2CC(O)CN2C(=O)C(NC(=O)CCCCCCCCCC(=O)N2CC(Nc3cc(C(=O)NCC(O)CN4CCc5ccccc5C4)ncn3)C2)C(C)(C)C)cc1,2195
Cc1ncsc1-c1ccc(CNC(=O)C2CC(O)CN2C(=O)C(NC(=O)COCCOCCOCCOCCOCC(=O)N2CC(Nc3cc(C(=O)NCC(O)CN4CCc5ccccc5C4)ncn3)C2)C(C)(C)C)cc1,2196
Cc1ncsc1-c1ccc(C(C)NC(=O)C2CC(O)CN2C(=O)C(NC(=O)COCCOCCOCCOCCOCC(=O)N2CC(Nc3cc(C(=O)NCC(O)CN4CCc5ccccc5C4)ncn3)C2)C(C)(C)C)cc1,2197
Cc1ncsc1-c1ccc(CNC(=O)C2CC(O)CN2C(=O)C(NC(=O)COCCOCCOCCNC(=O)c2cc3c(cc2CS(C)(=O)=O)-c2cn(C)c(=O)c4[nH]cc(c24)CN3c2ncc(F)cc2F)C(C)(C)C)c(OC2CCNCC2)c1,2200
Cc1ncsc1-c1ccc(CNC(=O)C2CC(O)CN2C(=O)C(NC(=O)CCCCCCCCCCNC(=O)c2cc3c(cc2CS(C)(=O)=O)-c2cn(C)c(=O)c4[nH]cc(c24)CN3c2ncc(F)cc2F)C(C)(C)C)c(OC2CCNCC2)c1,2201
Cc1ncsc1-c1ccc(CNC(=O)C2CC(O)CN2C(=O)C(NC(=O)COCCOCCOCCNC(=O)CC2N=C(c3ccc(N)cc3)c3c(sc(C)c3C)-n3c(C)nnc32)C(C)(C)C)cc1,2204
Cc1ncsc1-c1ccc(CNC(=O)C2CC(O)CN2C(=O)C(NC(=O)COCCOCCOCCNC(=O)CC2N=C(c3ccc(C#CCN)cc3)c3c(sc(C)c3C)-n3c(C)nnc32)C(C)(C)C)cc1,2205
Cc1ncsc1-c1ccc(CNC(=O)C2CC(O)CN2C(=O)C(NC(=O)COCCOCCOCCNC(=O)CC2N=C(c3ccc(Cl)cc3)c3c(sc(C)c3C)-n3c(C)nnc32)C(C)(C)C)c(OC2CCNCC2)c1,2207
CCCCCCCCCCCCCC(=S)NCCCCC(NC(=O)CCOCCOCNc1cccc2c1C(=O)N(C1CCC(=O)NC1=O)C2=O)C(=O)Nc1ccccc1,2221
CCCCCCCCCCCCCC(=S)NCCCCC(NC(=O)CCOCCOCCOCCOCNc1cccc2c1C(=O)N(C1CCC(=O)NC1=O)C2=O)C(=O)Nc1ccccc1,2222
CNC(C)C(=O)NC(C(=O)N1CCCC1c1nc(C(=O)c2cccc(OCCOCCOCC(=O)N3CCN(C(=O)C4CCN(c5ccc(NC(=O)c6cnc(Oc7ccccc7)nc6)cc5)CC4)CC3)c2)cs1)C1CCCCC1,2224
CC(C)Nc1cc(-n2ccc3cc(C#N)cnc32)ncc1C(=O)NC1CCC(C(=O)NCCNC(=O)COc2cccc3c2C(=O)N(C2CCC(=O)NC2=O)C3=O)CC1,2376
CC(C)Nc1cc(-n2ccc3cc(C#N)cnc32)ncc1C(=O)NC1CCC(C(=O)NCCCNC(=O)COc2cccc3c2C(=O)N(C2CCC(=O)NC2=O)C3=O)CC1,2377
CC(C)Nc1cc(-n2ccc3cc(C#N)cnc32)ncc1C(=O)NC1CCC(C(=O)NCCCCNC(=O)COc2cccc3c2C(=O)N(C2CCC(=O)NC2=O)C3=O)CC1,2378
CC(C)Nc1cc(-n2ccc3cc(C#N)cnc32)ncc1C(=O)NC1CCC(C(=O)NCCCCCNC(=O)COc2cccc3c2C(=O)N(C2CCC(=O)NC2=O)C3=O)CC1,2379
CC(C)Nc1cc(-n2ccc3cc(C#N)cnc32)ncc1C(=O)NC1CCC(C(=O)NCCOCCNC(=O)COc2cccc3c2C(=O)N(C2CCC(=O)NC2=O)C3=O)CC1,2380
CC(C)Nc1cc(-n2ccc3cc(C#N)cnc32)ncc1C(=O)NC1CCC(C(=O)NCCOCCOCCNC(=O)COc2cccc3c2C(=O)N(C2CCC(=O)NC2=O)C3=O)CC1,2381
CC(C)Nc1cc(-n2ccc3cc(C#N)cnc32)ncc1C(=O)NC1CCC(C(=O)NCCOCCOCCOCCNC(=O)COc2cccc3c2C(=O)N(C2CCC(=O)NC2=O)C3=O)CC1,2382
CCCNNC(=O)c1ccc(-c2ccc(NC(=O)CCC(=O)NC(C(=O)N3CC(O)CC3C(=O)NC(C)c3ccc(-c4scnc4C)cc3)C(C)(C)C)cc2)cc1,2387
CCCNNC(=O)c1ccc(-c2ccc(NC(=O)CCCCC(=O)NC(C(=O)N3CC(O)CC3C(=O)NC(C)c3ccc(-c4scnc4C)cc3)C(C)(C)C)cc2)cc1,2388
CCCNNC(=O)c1ccc(-c2ccc(NC(=O)CCCCCCC(=O)NC(C(=O)N3CC(O)CC3C(=O)NC(C)c3ccc(-c4scnc4C)cc3)C(C)(C)C)cc2)cc1,2389
CCCNNC(=O)c1ccc(-c2ccc(NC(=O)CCCCCCCCC(=O)NC(C(=O)N3CC(O)CC3C(=O)NC(C)c3ccc(-c4scnc4C)cc3)C(C)(C)C)cc2)cc1,2390
COc1cc(Nc2ncc3c(n2)-c2ccc(Cl)cc2C(c2c(F)cccc2OC)=NC3)ccc1C(=O)NCCOCCOCCC(=O)NC(C(=O)N1CC(O)CC1C(=O)NCc1ccc(-c2scnc2C)cc1)C(C)(C)C,2418
COc1cc(Nc2ncc3c(n2)-c2ccc(Cl)cc2C(c2c(F)cccc2OC)=NC3)ccc1C(=O)NCCOCCOCCOCCOCCC(=O)NC(C(=O)N1CC(O)CC1C(=O)NCc1ccc(-c2scnc2C)cc1)C(C)(C)C,2419
CCCS(=O)(=O)Nc1ccc(F)c(C(=O)c2c[nH]c3ncc(-c4ccc(N5CCN(CC(=O)NC(C(=O)N6CC(O)CC6C(=O)NCc6ccc(-c7scnc7C)cc6)C(C)(C)C)CC5)cc4)cc23)c1F,2445
CCCS(=O)(=O)Nc1ccc(F)c(C(=O)c2c[nH]c3ncc(-c4ccc(OCCCC(=O)NC(C(=O)N5CC(O)CC5C(=O)NCc5ccc(-c6scnc6C)cc5)C(C)(C)C)cc4)cc23)c1F,2446
CCCS(=O)(=O)Nc1ccc(F)c(C(=O)c2c[nH]c3ncc(-c4ccc(OCCOCC(=O)NC(C(=O)N5CC(O)CC5C(=O)NCc5ccc(-c6scnc6C)cc5)C(C)(C)C)cc4)cc23)c1F,2447
CCCNc1nc(Nc2ccc(C#N)cc2)ncc1C#CCCCNC(=O)C(C)N(C)C(=O)CCCN(C)CCCNC(=O)CCNc1cccc2c1C(=O)N(C1CCC(=O)NC1=O)C2=O,2467
CCC(C(=O)N1CCCCC1C(=O)OC(CCc1ccc(OC)c(OC)c1)c1ccccc1OCC(=O)NCCCCCCC(=O)NC(C(=O)N1CC(O)CC1C(=O)NC(C)c1ccc(-c2scnc2C)cc1)C(C)(C)C)c1cc(OC)c(OC)c(OC)c1,2469
CCC(C(=O)N1CCCCC1C(=O)OC(CCc1ccc(OC)c(OC)c1)c1ccccc1OCC(=O)NCCOCCOCCOCC(=O)NC(C(=O)N1CC(O)CC1C(=O)NC(C)c1ccc(-c2scnc2C)cc1)C(C)(C)C)c1cc(OC)c(OC)c(OC)c1,2470
Cc1ncsc1-c1ccc(C(C)NC(=O)C2CC(O)CN2C(=O)C(NC(=O)CCCCNC(=O)COc2c(-c3csc(N4CCOCC4)n3)ccc(F)c2F)C(C)(C)C)cc1,2474
CC1Cc2c([nH]c3ccccc23)C(c2cnc(N3CCC(CCN4CCN(c5ccc6c(c5)CN(C5CCC(=O)NC5=O)C6=O)CC4)CC3)nc2)N1CC(C)(C)F,2491
CC1Cc2c([nH]c3ccccc23)C(c2cnc(N3CCC(OCCN4CCN(c5ccc6c(c5)CN(C5CCC(=O)NC5=O)C6=O)CC4)CC3)nc2)N1CC(C)(C)F,2492
CC1Cc2c([nH]c3ccccc23)C(c2c(F)cc(OCCCCCN3CCN(c4ccc5c(c4)CN(C4CCC(=O)NC4=O)C5=O)CC3)cc2F)N1CC(C)(C)F,2493
COc1cc(N2CCN(CCC3CCN(c4ncc(C5c6[nH]c7ccccc7c6CC(C)N5CC(C)(C)F)cn4)CC3)CC2)cc2c1C(=O)N(C1CCC(=O)NC1=O)C2,2497
COc1cc(N2CCN(CC3CCN(c4ncc(C5c6[nH]c7ccccc7c6CC(C)N5CC(C)(C)F)cn4)CC3)CC2)cc2c1C(=O)N(C1CCC(=O)NC1=O)C2,2501
Cc1ncsc1-c1ccc(C(C)NC(=O)C2CC(O)CN2C(=O)C(NC(=O)CCCCCCCC(=O)N2CCC(NC3=Nc4cc(F)ccc4N(CC(F)F)c4ccc(Cl)cc43)C2)C(C)(C)C)cc1,2510
Cc1ccc(NC(=O)c2cccc(C(F)(F)F)c2)cc1N1Cc2cnc(Nc3ccc(N4CCN(CCCCC(=O)NC(C(=O)N5CC(O)CC5C(=O)NC(C)c5ccc(-c6scnc6C)cc5)C(C)(C)C)CC4)nc3)nc2N(C)C1=O,2521
Cc1ccc(NC(=O)c2cccc(C(F)(F)F)c2)cc1N1Cc2cnc(Nc3ccc(N4CCN(CCCCCC(=O)NC(C(=O)N5CC(O)CC5C(=O)NC(C)c5ccc(-c6scnc6C)cc5)C(C)(C)C)CC4)nc3)nc2N(C)C1=O,2522
Cc1ncsc1-c1ccc(C(C)NC(=O)C2CC(O)CN2C(=O)C(NC(=O)CCOCCCNCC(C(=O)N2CCN(c3ncnc4c3C(C)CC4)CC2)c2ccc(Cl)cc2)C(C)(C)C)cc1,2538
CNc1cc(Nc2cc(C)cc(OCCOCCOCCOCCC(=O)NC(C(=O)N3CC(O)CC3C(=O)NC(C)c3ccc(-c4scnc4C)cc3)C(C)(C)C)c2)nn2c(C(N)=O)cnc12,2540
Cc1ncsc1-c1ccc(C(C)NC(=O)C2CC(O)CN2C(=O)C(NC(=O)CCCCCCc2ccc(Nc3ncc4c(n3)-c3ccccc3NC(=O)N4)cc2)C(C)(C)C)cc1,2548
Nc1ncnc2c1c(-c1ccc(Oc3ccccc3)cc1)nn2C1CCC(N2CCN(CCOCCNC(=O)CNc3cccc4c3C(=O)N(C3CCC(=O)NC3=O)C4=O)CC2)CC1,2554
Nc1ncnc2c1c(-c1ccc(Oc3ccccc3)cc1)nn2C1CCC(N2CCN(CCCCCCNC(=O)COc3cccc4c3C(=O)N(C3CCC(=O)NC3=O)C4=O)CC2)CC1,2559
CCc1cc2c(cc1N1CCC(N3CCN(C(=O)CCCCC(=O)NC(C(=O)N4CC(O)CC4C(=O)NCc4ccc(-c5scnc5C)cc4)C(C)(C)C)CC3)CC1)C(C)(C)c1[nH]c3cc(C#N)ccc3c1C2=O,2574
CCc1cc2c(cc1N1CCC(N3CCN(C(=O)CCCCCCCCC(=O)NC(C(=O)N4CC(O)CC4C(=O)NCc4ccc(-c5scnc5C)cc4)C(C)(C)C)CC3)CC1)C(C)(C)c1[nH]c3cc(C#N)ccc3c1C2=O,2575
CC1CCC2(CCN(c3cnc(Sc4cccc(NC(=O)CCC(=O)NCCOCCNc5ccc6c(c5)C(=O)N(C5CCC(=O)NC5=O)C6=O)c4Cl)c(N)n3)CC2)C1N,2608
O=C(COc1cccc2c1C(=O)N(C1CCC(=O)NC1=O)C2=O)NCCCCN1CCCC(Nc2ncc(Cl)c(-c3c[nH]c4ccccc34)n2)C1,2619
O=C(COc1cccc2c1C(=O)N(C1CCC(=O)NC1=O)C2=O)NCCCCCN1CCCC(Nc2ncc(Cl)c(-c3c[nH]c4ccccc34)n2)C1,2620
O=C(COc1cccc2c1C(=O)N(C1CCC(=O)NC1=O)C2=O)NCCCCCCN1CCCC(Nc2ncc(Cl)c(-c3c[nH]c4ccccc34)n2)C1,2621
O=C(COc1cccc2c1C(=O)N(C1CCC(=O)NC1=O)C2=O)NCCCCCCCN1CCCC(Nc2ncc(Cl)c(-c3c[nH]c4ccccc34)n2)C1,2622
O=C(COc1cccc2c1C(=O)N(C1CCC(=O)NC1=O)C2=O)NCCOCCOCCN1CCCC(Nc2ncc(Cl)c(-c3c[nH]c4ccccc34)n2)C1,2623
O=C(COc1cccc2c1C(=O)N(C1CCC(=O)NC1=O)C2=O)NCCOCCOCCOCCN1CCCC(Nc2ncc(Cl)c(-c3c[nH]c4ccccc34)n2)C1,2624
O=C(COc1cccc2c1C(=O)N(C1CCC(=O)NC1=O)C2=O)NCCCCCC(=O)N1CCCC(Nc2ncc(Cl)c(-c3c[nH]c4ccccc34)n2)C1,2625
CCC(C)(C)C(=O)C(=O)N1CCCCC1C(=O)OC(CCc1ccc(OC)c(OC)c1)c1cccc(OCC(=O)NCCCOCCOCCOCCCN(C(=O)CCl)C(C(=O)NCc2ccccc2)c2ccc(Cl)cc2)c1,2628
Cc1ncsc1-c1ccc(CNC(=O)C2CC(O)CN2C(=O)C(NC(=O)CCCCC(=O)N2CCN(c3ccc4[nH]c(-c5c(N)c6c(F)cccc6[nH]c5=O)nc4c3)CC2)C(C)(C)C)cc1,2645
Cc1ncsc1-c1ccc(CNC(=O)C2CC(O)CN2C(=O)C(NC(=O)CCOCCNC(=O)c2ccc(-c3ccc(N4CCN(C)CC4)c(NC(=O)c4c[nH]c(=O)cc4C(F)(F)F)c3)cc2)C(C)(C)C)cc1,2651
Cc1ncsc1-c1ccc(CNC(=O)C2CC(O)CN2C(=O)C(NC(=O)CCOCCOCCOCCOCCNC(=O)c2ccc(-c3ccc(N4CCN(C)CC4)c(NC(=O)c4c[nH]c(=O)cc4C(F)(F)F)c3)cc2)C(C)(C)C)cc1,2653
Cc1ncsc1-c1ccc(CNC(=O)C2CC(O)CN2C(=O)C(NC(=O)c2ccc(-c3ccc(N4CCN(C)CC4)c(NC(=O)c4c[nH]c(=O)cc4C(F)(F)F)c3)cc2)C(C)(C)C)cc1,2654
Cc1ncsc1-c1ccc(CNC(=O)C2CC(O)CN2C(=O)C(NC(=O)CCNC(=O)c2ccc(-c3ccc(N4CCN(C)CC4)c(NC(=O)c4c[nH]c(=O)cc4C(F)(F)F)c3)cc2)C(C)(C)C)cc1,2655
Cc1ncsc1-c1ccc(CNC(=O)C2CC(O)CN2C(=O)C(NC(=O)CCCNC(=O)c2ccc(-c3ccc(N4CCN(C)CC4)c(NC(=O)c4c[nH]c(=O)cc4C(F)(F)F)c3)cc2)C(C)(C)C)cc1,2656
Cc1ncsc1-c1ccc(CNC(=O)C2CC(O)CN2C(=O)C(NC(=O)CCCCNC(=O)c2ccc(-c3ccc(N4CCN(C)CC4)c(NC(=O)c4c[nH]c(=O)cc4C(F)(F)F)c3)cc2)C(C)(C)C)cc1,2657
Cc1ncsc1-c1ccc(CNC(=O)C2CC(O)CN2C(=O)C(NC(=O)CCCCCNC(=O)c2ccc(-c3ccc(N4CCN(C)CC4)c(NC(=O)c4c[nH]c(=O)cc4C(F)(F)F)c3)cc2)C(C)(C)C)cc1,2658
Cc1ncsc1-c1ccc(CNC(=O)C2CC(O)CN2C(=O)C(NC(=O)CCCCCCNC(=O)c2ccc(-c3ccc(N4CCN(C)CC4)c(NC(=O)c4c[nH]c(=O)cc4C(F)(F)F)c3)cc2)C(C)(C)C)cc1,2659
Cc1ncsc1-c1ccc(CNC(=O)C2CC(O)CN2C(=O)C(NC(=O)Cc2ccc(CNC(=O)c3ccc(-c4ccc(N5CCN(C)CC5)c(NC(=O)c5c[nH]c(=O)cc5C(F)(F)F)c4)cc3)cc2)C(C)(C)C)cc1,2660
COc1cc(C(=O)NCCOCCNC(=O)c2ccc(-c3ccc(N4CCN(C)CC4)c(NC(=O)c4c[nH]c(=O)cc4C(F)(F)F)c3)cc2)ccc1NC(=O)C1NC(CC(C)(C)C)C(C#N)(c2ccc(Cl)cc2F)C1c1cccc(Cl)c1F,2661
COc1cc(C(=O)NCCOCCOCCOCCOCCOCCOCCOCCNC(=O)c2ccc(-c3ccc(N4CCN(C)CC4)c(NC(=O)c4c[nH]c(=O)cc4C(F)(F)F)c3)cc2)ccc1NC(=O)C1NC(CC(C)(C)C)C(C#N)(c2ccc(Cl)cc2F)C1c1cccc(Cl)c1F,2662
COc1cc(C(=O)NCc2ccc(CNC(=O)c3ccc(-c4ccc(N5CCN(C)CC5)c(NC(=O)c5c[nH]c(=O)cc5C(F)(F)F)c4)cc3)cc2)ccc1NC(=O)C1NC(CC(C)(C)C)C(C#N)(c2ccc(Cl)cc2F)C1c1cccc(Cl)c1F,2663
CC1(C)C(NC(=O)c2ccc(N3CCN(CC4CCN(c5ccc6c(c5)C(=O)N(C5CCC(=O)NC5=O)C6=O)CC4)CC3)cc2)CC1Oc1ccc(C#N)c(Cl)c1,2704
N#Cc1ccc(OC2CC(NC(=O)c3ccc(N4CCN(CC5CCN(c6ccc7c(c6)C(=O)N(C6CCC(=O)NC6=O)C7=O)CC5)CC4)cc3)C2)cc1Cl,2705
CC1(C)C(NC(=O)c2ccc(N3CCN(CC4CCN(c5ccc6c(c5)C(=O)N(C5CCC(=O)NC5=O)C6=O)CC4)CC3)cc2)C(C)(C)C1Oc1ccc(C#N)c(F)c1,2706
CC1(C)C(NC(=O)c2ccc(N3CCN(CC4CCN(c5ccc6c(c5)C(=O)N(C5CCC(=O)NC5=O)C6=O)CC4)CC3)cc2)C(C)(C)C1Oc1ccc(C#N)c(C(F)(F)F)c1,2707
CC1(C)C(NC(=O)c2ccc(N3CCN(CC4CCN(c5ccc6c(c5)C(=O)N(C5CCC(=O)NC5=O)C6=O)CC4)CC3)cc2)C(C)(C)C1Oc1cnc(C#N)c(C(F)(F)F)c1,2708
CCC(=O)NC1CCC(n2c(=O)cc(C)c3cnc(Nc4ccc(N5CCN(C(=O)CCCC#Cc6cccc7c6CN(C6CCC(=O)NC6=O)C7=O)CC5)cc4OC)nc32)CC1,2719
CCC(=O)NC1CCC(n2c(=O)cc(C)c3cnc(Nc4ccc(N5CCN(C(=O)CCCCCC#Cc6cccc7c6CN(C6CCC(=O)NC6=O)C7=O)CC5)cc4OC)nc32)CC1,2720
CCC(=O)NC1CCC(n2c(=O)cc(C)c3cnc(Nc4ccc(N5CCN(C(=O)CCCCCCCC#Cc6cccc7c6CN(C6CCC(=O)NC6=O)C7=O)CC5)cc4OC)nc32)CC1,2721
CCC(=O)NC1CCC(n2c(=O)cc(C)c3cnc(Nc4ccc(N5CCN(C(=O)CCCCCCCCCC#Cc6cccc7c6CN(C6CCC(=O)NC6=O)C7=O)CC5)cc4OC)nc32)CC1,2722
CCC(=O)NC1CCC(n2c(=O)cc(C)c3cnc(Nc4ccc(N5CCN(C(=O)CCCC#Cc6ccc7c(c6)CN(C6CCC(=O)NC6=O)C7=O)CC5)cc4OC)nc32)CC1,2723
CCC(=O)NC1CCC(n2c(=O)cc(C)c3cnc(Nc4ccc(N5CCN(C(=O)CCCCCC#Cc6ccc7c(c6)CN(C6CCC(=O)NC6=O)C7=O)CC5)cc4OC)nc32)CC1,2724
CCC(=O)NC1CCC(n2c(=O)cc(C)c3cnc(Nc4ccc(N5CCN(C(=O)CCCCCCCC#Cc6ccc7c(c6)CN(C6CCC(=O)NC6=O)C7=O)CC5)cc4OC)nc32)CC1,2725
CCC(=O)NC1CCC(n2c(=O)cc(C)c3cnc(Nc4ccc(N5CCN(C(=O)CCCCCCCCCC#Cc6ccc7c(c6)CN(C6CCC(=O)NC6=O)C7=O)CC5)cc4OC)nc32)CC1,2726
CCC(=O)NC1CCC(n2c(=O)cc(C)c3cnc(Nc4ccc(N5CCN(C(=O)CCCC#Cc6ccc7c(c6)C(=O)N(C6CCC(=O)NC6=O)C7)CC5)cc4OC)nc32)CC1,2727
CCC(=O)NC1CCC(n2c(=O)cc(C)c3cnc(Nc4ccc(N5CCN(C(=O)CCCCCC#Cc6ccc7c(c6)C(=O)N(C6CCC(=O)NC6=O)C7)CC5)cc4OC)nc32)CC1,2728
CCC(=O)NC1CCC(n2c(=O)cc(C)c3cnc(Nc4ccc(N5CCN(C(=O)CCCCCCCC#Cc6ccc7c(c6)C(=O)N(C6CCC(=O)NC6=O)C7)CC5)cc4OC)nc32)CC1,2729
CCC(=O)NC1CCC(n2c(=O)cc(C)c3cnc(Nc4ccc(N5CCN(C(=O)CCCCCCCCCC#Cc6ccc7c(c6)C(=O)N(C6CCC(=O)NC6=O)C7)CC5)cc4OC)nc32)CC1,2730
CCC(=O)NC1CCC(n2c(=O)cc(C)c3cnc(Nc4ccc(N5CCN(C(=O)CCCC#Cc6cccc7c6C(=O)N(C6CCC(=O)NC6=O)C7)CC5)cc4OC)nc32)CC1,2731
CCC(=O)NC1CCC(n2c(=O)cc(C)c3cnc(Nc4ccc(N5CCN(C(=O)CCCCCC#Cc6cccc7c6C(=O)N(C6CCC(=O)NC6=O)C7)CC5)cc4OC)nc32)CC1,2732
CCC(=O)NC1CCC(n2c(=O)cc(C)c3cnc(Nc4ccc(N5CCN(C(=O)CCCCCCCC#Cc6cccc7c6C(=O)N(C6CCC(=O)NC6=O)C7)CC5)cc4OC)nc32)CC1,2733
CCC(=O)NC1CCC(n2c(=O)cc(C)c3cnc(Nc4ccc(N5CCN(C(=O)CCCCCCCCCC#Cc6cccc7c6C(=O)N(C6CCC(=O)NC6=O)C7)CC5)cc4OC)nc32)CC1,2734
CNC(C)C(=O)NC(C(=O)N1CCCC1c1nc(C(=O)c2ccc(F)cc2)cs1)C1CCN(C(=O)COCCOCCOCCOCCOc2cc3nccc(Nc4ccc5scnc5c4)c3cc2S(=O)(=O)C(C)(C)C)CC1,2736
CNC(C)C(=O)NC(C(=O)N1CCCC1c1nc(C(=O)c2ccc(F)cc2)cs1)C1CCN(C(=O)COCCOCCOCCOCCOc2cc3ncnc(Nc4n[nH]c(C)c4C)c3cc2S(=O)(=O)C(C)(C)C)CC1,2738
CNC(C)C(=O)NC(C(=O)N1CCCC1c1nc(C(=O)c2ccc(F)cc2)cs1)C1CCN(C(=O)c2ccc(N3CCN(CCCOc4cc5ncnc(Nc6n[nH]c(C)c6C)c5cc4S(=O)(=O)C(C)(C)C)CC3)cc2)CC1,2743
CNC(C)C(=O)NC(C(=O)N1CCCC1c1nc(C(=O)c2ccc(F)cc2)cs1)C1CCN(C(=O)c2cnc(N3CCN(CCCOc4cc5ncnc(Nc6n[nH]c(C)c6C)c5cc4S(=O)(=O)C(C)(C)C)CC3)cn2)CC1,2747
CNC(C)C(=O)NC1CN(C(=O)c2cnc(N3CCN(CCCOc4cc5ncnc(Nc6n[nH]c(C)c6C)c5cc4S(=O)(=O)C(C)(C)C)CC3)cn2)CCC2CCC(C(=O)NC3CCCc4ccccc43)N2C1=O,2749
Cc1n[nH]c(Nc2ncnc3cc(OCCCN4CCN(C(=O)c5cnc(N6CCN(CC7CNC(C)CN7CC(=O)N7CC(C)(C)c8c7cc(Cc7ccc(F)cc7)c(=O)n8C)C(C)C6)nc5)CC4)c(S(=O)(=O)C(C)(C)C)cc23)c1C,2750
Cc1n[nH]c(Nc2ncnc3cc(OCCCN4CCN(C(=O)c5cnc(N6CCN(CC7CNC(C)CN7CC(=O)N7CC(C)(C)c8ncc(Cc9ccc(F)cc9)cc87)C(C)C6)nc5)CC4)c(S(=O)(=O)C(C)(C)C)cc23)c1C,2751
CCN(c1cc(-c2ccc(OCCOCC(=O)NC(C(=O)N3CC(O)CC3C(=O)NCc3ccc(-c4scnc4C)cc3)C(C)(C)C)cc2)cc(C(=O)NCc2c(C)cc(C)[nH]c2=O)c1C)C1CCOCC1,2819
CCN(c1cc(-c2ccc(OCCCOCC(=O)NC(C(=O)N3CC(O)CC3C(=O)NCc3ccc(-c4scnc4C)cc3)C(C)(C)C)cc2)cc(C(=O)NCc2c(C)cc(C)[nH]c2=O)c1C)C1CCOCC1,2820
CCN(c1cc(-c2ccc(OCCOCCOCC(=O)NC(C(=O)N3CC(O)CC3C(=O)NCc3ccc(-c4scnc4C)cc3)C(C)(C)C)cc2)cc(C(=O)NCc2c(C)cc(C)[nH]c2=O)c1C)C1CCOCC1,2821
CCN(c1cc(-c2ccc(C(=O)NCCOCCOCC(=O)NC(C(=O)N3CC(O)CC3C(=O)NCc3ccc(-c4scnc4C)cc3)C(C)(C)C)cc2)cc(C(=O)NCc2c(C)cc(C)[nH]c2=O)c1C)C1CCOCC1,2822
CCN(c1cc(-c2ccc(OCCOCCOCCOCC(=O)NC(C(=O)N3CC(O)CC3C(=O)NCc3ccc(-c4scnc4C)cc3)C(C)(C)C)cc2)cc(C(=O)NCc2c(C)cc(C)[nH]c2=O)c1C)C1CCOCC1,2823
CCN(c1cc(-c2ccc(C(=O)NCCOCCOCCOCCOCCC(=O)NC(C(=O)N3CC(O)CC3C(=O)NCc3ccc(-c4scnc4C)cc3)C(C)(C)C)cc2)cc(C(=O)NCc2c(C)cc(C)[nH]c2=O)c1C)C1CCOCC1,2825
Cc1ncsc1-c1ccc(CNC(=O)C2CC(O)CN2C(=O)C(NC(=O)CNC(=O)C2CCN(c3ccc(NC(=O)c4cnc(Oc5ccccc5)nc4)cc3)CC2)C(C)(C)C)cc1,2918
Cc1ncsc1-c1ccc(CNC(=O)C2CC(O)CN2C(=O)C(NC(=O)COCCNC(=O)CCNCC(C(=O)N2CCN(c3ncnc4c3C(C)CC4O)CC2)c2ccc(Cl)cc2)C(C)(C)C)cc1,2919
Cc1ncsc1-c1ccc(CNC(=O)C2CC(O)CN2C(=O)C(NC(=O)COCCOCCNC(=O)CCNCC(C(=O)N2CCN(c3ncnc4c3C(C)CC4O)CC2)c2ccc(Cl)cc2)C(C)(C)C)cc1,2920
Cc1ncsc1-c1ccc(CNC(=O)C2CC(O)CN2C(=O)C(NC(=O)CCCCNC(=O)CCNCC(C(=O)N2CCN(c3ncnc4c3C(C)CC4O)CC2)c2ccc(Cl)cc2)C(C)(C)C)cc1,2922
Cc1ncsc1-c1ccc(CNC(=O)C2CC(O)CN2C(=O)C(NC(=O)CCCCCNC(=O)CCNCC(C(=O)N2CCN(c3ncnc4c3C(C)CC4O)CC2)c2ccc(Cl)cc2)C(C)(C)C)cc1,2923
Cc1ncsc1-c1ccc(CNC(=O)C2CC(O)CN2C(=O)C(NC(=O)CCCCCCCCCNC(=O)CCNCC(C(=O)N2CCN(c3ncnc4c3C(C)CC4O)CC2)c2ccc(Cl)cc2)C(C)(C)C)cc1,2926
Cc1ncsc1-c1ccc(CNC(=O)C2CC(O)CN2C(=O)C(NC(=O)CCCCCCCCCCNC(=O)CCNCC(C(=O)N2CCN(c3ncnc4c3C(C)CC4O)CC2)c2ccc(Cl)cc2)C(C)(C)C)cc1,2927
Cc1ncsc1-c1ccc(C(C)NC(=O)C2CC(O)CN2C(=O)C(NC(=O)CCCCCCCCCCNC(=O)CCNCC(C(=O)N2CCN(c3ncnc4c3C(C)CC4O)CC2)c2ccc(Cl)cc2)C(C)(C)C)cc1,2928
Cc1ncsc1-c1ccc(C(C)NC(=O)C2CC(O)CN2C(=O)C(NC(=O)CCCCCCCCCCC(=O)NCCNCC(C(=O)N2CCN(c3ncnc4c3C(C)CC4O)CC2)c2ccc(Cl)cc2)C(C)(C)C)cc1,2929
CC1CC(O)c2ncnc(N3CCN(C(=O)C(CNCCC(=O)NCCOCCNc4cccc5c4C(=O)N(C4CCC(=O)NC4=O)C5=O)c4ccc(Cl)cc4)CC3)c21,2930
CC1CC(O)c2ncnc(N3CCN(C(=O)C(CNCCC(=O)NCCNc4cccc5c4C(=O)N(C4CCC(=O)NC4=O)C5=O)c4ccc(Cl)cc4)CC3)c21,2935
CC1CC(O)c2ncnc(N3CCN(C(=O)C(CNCCC(=O)NCCCNc4cccc5c4C(=O)N(C4CCC(=O)NC4=O)C5=O)c4ccc(Cl)cc4)CC3)c21,2936
CC1CC(O)c2ncnc(N3CCN(C(=O)C(CNCCC(=O)NCCCCNc4cccc5c4C(=O)N(C4CCC(=O)NC4=O)C5=O)c4ccc(Cl)cc4)CC3)c21,2937
CC1CC(O)c2ncnc(N3CCN(C(=O)C(CNCCC(=O)NCCCCCNc4cccc5c4C(=O)N(C4CCC(=O)NC4=O)C5=O)c4ccc(Cl)cc4)CC3)c21,2938
CC1CC(O)c2ncnc(N3CCN(C(=O)C(CNCCC(=O)NCCCCCCNc4cccc5c4C(=O)N(C4CCC(=O)NC4=O)C5=O)c4ccc(Cl)cc4)CC3)c21,2939
CC1CC(O)c2ncnc(N3CCN(C(=O)C(CNCCC(=O)NCCCCCCCNc4cccc5c4C(=O)N(C4CCC(=O)NC4=O)C5=O)c4ccc(Cl)cc4)CC3)c21,2940
CC1CC(O)c2ncnc(N3CCN(C(=O)C(CNCCNC(=O)CCCCCCCCNc4cccc5c4C(=O)N(C4CCC(=O)NC4=O)C5=O)c4ccc(Cl)cc4)CC3)c21,2942
CCn1c(-c2nonc2N)nc2c(C#CC(C)(C)O)ncc(OCCCNCCCC(=O)NCCOCC(=O)NC(C(=O)N3CC(O)CC3C(=O)NCc3ccc(-c4scnc4C)cc3)C(C)(C)C)c21,2946
CCn1c(-c2nonc2N)nc2c(C#CC(C)(C)O)ncc(OCCCNCCCC(=O)NCCOCCOCC(=O)NC(C(=O)N3CC(O)CC3C(=O)NCc3ccc(-c4scnc4C)cc3)C(C)(C)C)c21,2948
CCn1c(-c2nonc2N)nc2c(C#CC(C)(C)O)ncc(OCCCNCCCC(=O)NCCOCCOCCOCC(=O)NC(C(=O)N3CC(O)CC3C(=O)NCc3ccc(-c4scnc4C)cc3)C(C)(C)C)c21,2950
CCn1c(-c2nonc2N)nc2c(C#CC(C)(C)O)ncc(OCCCNCCCC(=O)NCC(=O)NC(C(=O)N3CC(O)CC3C(=O)NCc3ccc(-c4scnc4C)cc3)C(C)(C)C)c21,2954
CCn1c(-c2nonc2N)nc2c(C#CC(C)(C)O)ncc(OCCCNCCCC(=O)NCCC(=O)NC(C(=O)N3CC(O)CC3C(=O)NCc3ccc(-c4scnc4C)cc3)C(C)(C)C)c21,2955
CCn1c(-c2nonc2N)nc2c(C#CC(C)(C)O)ncc(OCCCNCCCC(=O)NCCCC(=O)NC(C(=O)N3CC(O)CC3C(=O)NCc3ccc(-c4scnc4C)cc3)C(C)(C)C)c21,2956
CCn1c(-c2nonc2N)nc2c(C#CC(C)(C)O)ncc(OCCCNCCCC(=O)NCCCCC(=O)NC(C(=O)N3CC(O)CC3C(=O)NCc3ccc(-c4scnc4C)cc3)C(C)(C)C)c21,2957
CCn1c(-c2nonc2N)nc2c(C#CC(C)(C)O)ncc(OCCCNCCCC(=O)NCCCCCC(=O)NC(C(=O)N3CC(O)CC3C(=O)NCc3ccc(-c4scnc4C)cc3)C(C)(C)C)c21,2958
CCn1c(-c2nonc2N)nc2c(C#CC(C)(C)O)ncc(OCCCNCCCC(=O)NCCCCCCC(=O)NC(C(=O)N3CC(O)CC3C(=O)NCc3ccc(-c4scnc4C)cc3)C(C)(C)C)c21,2959
CCn1c(-c2nonc2N)nc2c(C#CC(C)(C)O)ncc(OCCCNCCCC(=O)NCCCCCCCC(=O)NC(C(=O)N3CC(O)CC3C(=O)NCc3ccc(-c4scnc4C)cc3)C(C)(C)C)c21,2960
CCn1c(-c2nonc2N)nc2c(C#CC(C)(C)O)ncc(OCCCNCCCC(=O)NCCCCCCCCC(=O)NC(C(=O)N3CC(O)CC3C(=O)NCc3ccc(-c4scnc4C)cc3)C(C)(C)C)c21,2961
CCn1c(-c2nonc2N)nc2c(C#CC(C)(C)O)ncc(OCCCNCCCC(=O)NCCCCCCCCCC(=O)NC(C(=O)N3CC(O)CC3C(=O)NCc3ccc(-c4scnc4C)cc3)C(C)(C)C)c21,2962
CCn1c(-c2nonc2N)nc2c(C#CC(C)(C)O)ncc(OCCCNCCCC(=O)NCCCCCCCCCCC(=O)NC(C(=O)N3CC(O)CC3C(=O)NCc3ccc(-c4scnc4C)cc3)C(C)(C)C)c21,2963
O=C1CCC(N2C(=O)c3cccc(NCCCCNC(=O)C(Cc4ccccc4[N+](=O)[O-])=NNc4nc(-c5ccc(-c6ccccc6)cc5)cs4)c3C2=O)C(=O)N1,3031
CC(=NNc1nc(-c2ccc(Cl)c(Cl)c2)c(CC(=O)NCCNc2cccc3c2C(=O)N(C2CCC(=O)NC2=O)C3=O)s1)C(=O)OCOC(=O)C(C)(C)C,3034
CCC1c2nnc(C)n2-c2cnc(Nc3ccc(C(=O)NC4CCN(C(=O)COc5cccc6c5C(=O)N(C5CCC(=O)NC5=O)C6=O)CC4)cc3OC)nc2N1CC1CCCCC1,3061
CCC1c2nnc(C)n2-c2cnc(Nc3ccc(C(=O)NC4CCN(C(=O)CCCOc5cccc6c5C(=O)N(C5CCC(=O)NC5=O)C6=O)CC4)cc3OC)nc2N1CC1CCCCC1,3062
CCC1c2nnc(C)n2-c2cnc(Nc3ccc(C(=O)NC4CCN(C(=O)CCCCOc5cccc6c5C(=O)N(C5CCC(=O)NC5=O)C6=O)CC4)cc3OC)nc2N1CC1CCCCC1,3063
CCC1c2nnc(C)n2-c2cnc(Nc3ccc(C(=O)NC4CCN(C(=O)CCCCCOc5cccc6c5C(=O)N(C5CCC(=O)NC5=O)C6=O)CC4)cc3OC)nc2N1CC1CCCCC1,3064
CCC1c2nnc(C)n2-c2cnc(Nc3ccc(C(=O)NC4CCN(C(=O)CCCCCCOc5cccc6c5C(=O)N(C5CCC(=O)NC5=O)C6=O)CC4)cc3OC)nc2N1CC1CCCCC1,3065
CCC1c2nnc(C)n2-c2cnc(Nc3ccc(C(=O)NC4CCN(C(=O)CNc5cccc6c5CN(C5CCC(=O)NC5=O)C6=O)CC4)cc3OC)nc2N1CC1CCCCC1,3066
CCC1c2nnc(C)n2-c2cnc(Nc3ccc(C(=O)NC4CCN(C(=O)CCCCNc5cccc6c5CN(C5CCC(=O)NC5=O)C6=O)CC4)cc3OC)nc2N1CC1CCCCC1,3067
CCC1c2nnc(C)n2-c2cnc(Nc3ccc(C(=O)NC4CCN(C(=O)CCCCCNc5cccc6c5CN(C5CCC(=O)NC5=O)C6=O)CC4)cc3OC)nc2N1CC1CCCCC1,3068
CCC1c2nnc(C)n2-c2cnc(Nc3ccc(C(=O)NC4CCN(C(=O)CCCCCCC(=O)Nc5cccc6c5CN(C5CCC(=O)NC5=O)C6=O)CC4)cc3OC)nc2N1CC1CCCCC1,3069
COc1cc(C(=O)NCC#Cc2cn(Cc3ncc(C)c(OC)c3C)c3nc(N)nc(Cl)c23)ccc1NC(=O)C1NC(CC(C)(C)C)C(C#N)(c2ccc(Cl)cc2F)C1c1cccc(Cl)c1F,3100
COc1cc(C(=O)NCCC#Cc2cn(Cc3ncc(C)c(OC)c3C)c3nc(N)nc(Cl)c23)ccc1NC(=O)C1NC(CC(C)(C)C)C(C#N)(c2ccc(Cl)cc2F)C1c1cccc(Cl)c1F,3101
COc1cc(C(=O)NCCCC#Cc2cn(Cc3ncc(C)c(OC)c3C)c3nc(N)nc(Cl)c23)ccc1NC(=O)C1NC(CC(C)(C)C)C(C#N)(c2ccc(Cl)cc2F)C1c1cccc(Cl)c1F,3102
COc1cc(C(=O)NCCCCC#Cc2cn(Cc3ncc(C)c(OC)c3C)c3nc(N)nc(Cl)c23)ccc1NC(=O)C1NC(CC(C)(C)C)C(C#N)(c2ccc(Cl)cc2F)C1c1cccc(Cl)c1F,3103
COc1cc(C(=O)NCCOCC#Cc2cn(Cc3ncc(C)c(OC)c3C)c3nc(N)nc(Cl)c23)ccc1NC(=O)C1NC(CC(C)(C)C)C(C#N)(c2ccc(Cl)cc2F)C1c1cccc(Cl)c1F,3104
COc1cc(C(=O)NCCOCCOCC#Cc2cn(Cc3ncc(C)c(OC)c3C)c3nc(N)nc(Cl)c23)ccc1NC(=O)C1NC(CC(C)(C)C)C(C#N)(c2ccc(Cl)cc2F)C1c1cccc(Cl)c1F,3105
COc1cc(C(=O)NCCOCCOCCOCC#Cc2cn(Cc3ncc(C)c(OC)c3C)c3nc(N)nc(Cl)c23)ccc1NC(=O)C1NC(CC(C)(C)C)C(C#N)(c2ccc(Cl)cc2F)C1c1cccc(Cl)c1F,3106
COc1cc(C(=O)NCCOCCOCCOCCOCC#Cc2cn(Cc3ncc(C)c(OC)c3C)c3nc(N)nc(Cl)c23)ccc1NC(=O)C1NC(CC(C)(C)C)C(C#N)(c2ccc(Cl)cc2F)C1c1cccc(Cl)c1F,3107
COc1cc(C(=O)NCCOCCOCCOCCOCCOCC#Cc2cn(Cc3ncc(C)c(OC)c3C)c3nc(N)nc(Cl)c23)ccc1NC(=O)C1NC(CC(C)(C)C)C(C#N)(c2ccc(Cl)cc2F)C1c1cccc(Cl)c1F,3108
COc1cc(C(=O)NCCOCCOCCOCCOCCOCCOCC#Cc2cn(Cc3ncc(C)c(OC)c3C)c3nc(N)nc(Cl)c23)ccc1NC(=O)C1NC(CC(C)(C)C)C(C#N)(c2ccc(Cl)cc2F)C1c1cccc(Cl)c1F,3109
COc1ccc(-c2ocnc2C(=O)NCCCn2cc(CCCCC(=O)NC(C(=O)N3CC(O)CC3C(=O)NCc3ccc(-c4scnc4C)cc3)C(C)(C)C)nn2)cc1Cl,3117
COc1cc(C2CCN(CCCCCC(=O)NC(C(=O)N3CC(O)CC3C(=O)NC(C)c3ccc(-c4scnc4C)cc3)C(C)(C)C)CC2)ccc1Nc1ncc(Cl)c(Nc2ccccc2N(C)S(C)(=O)=O)n1,3232
COc1cc(N2CCN(CCCCCC(=O)NC(C(=O)N3CC(O)CC3C(=O)NC(C)c3ccc(-c4scnc4C)cc3)C(C)(C)C)CC2)ccc1Nc1ncc(Cl)c(Nc2ccccc2S(=O)(=O)C(C)C)n1,3234
COc1cc(OC)c(Cl)c(NC(=O)N(C)c2cc(Nc3ccc(N4CCN(CC(=O)NC(C(=O)N5CC(O)CC5C(=O)NC(C)c5ccc(-c6scnc6C)cc5)C(C)(C)C)CC4)cc3)ncn2)c1Cl,3249
COc1cc(OC)c(Cl)c(NC(=O)N(C)c2cc(Nc3ccc(N4CCN(CC(=O)NCCC(=O)NC(C(=O)N5CC(O)CC5C(=O)NC(C)c5ccc(-c6scnc6C)cc5)C(C)(C)C)CC4)cc3)ncn2)c1Cl,3253
COc1cc(OC)c(Cl)c(NC(=O)N(C)c2cc(Nc3ccc(N4CCN(C(=O)NCCOCCC(=O)NC(C(=O)N5CC(O)CC5C(=O)NC(C)c5ccc(-c6scnc6C)cc5)C(C)(C)C)CC4)cc3)ncn2)c1Cl,3254
CNC(=O)c1ccccc1Nc1cc(Nc2ccc(N3CCN(CCOCCOCCOCCOCC(=O)NC(C(=O)N4CC(O)CC4C(=O)NC(C)c4ccc(-c5scnc5C)cc4)C(C)(C)C)CC3)cc2OC)ncc1C(F)(F)F,3258
CNC(=O)c1ccccc1Nc1cc(Nc2ccc(N3CCN(CCCCCCCCCCC(=O)NC(C(=O)N4CC(O)CC4C(=O)NC(C)c4ccc(-c5scnc5C)cc4)C(C)(C)C)CC3)cc2OC)ncc1C(F)(F)F,3259
CNC(=O)c1ccccc1Nc1cc(Nc2ccc(N3CCN(CCOCCOCC(=O)NC(C(=O)N4CC(O)CC4C(=O)NC(C)c4ccc(-c5scnc5C)cc4)C(C)(C)C)CC3)cc2OC)ncc1C(F)(F)F,3260
CNC(=O)c1ccccc1Nc1cc(Nc2ccc(N3CCN(CCOCC(=O)NC(C(=O)N4CC(O)CC4C(=O)NC(C)c4ccc(-c5scnc5C)cc4)C(C)(C)C)CC3)cc2OC)ncc1C(F)(F)F,3261
CNC(=O)c1ccccc1Nc1cc(Nc2ccc(N3CCN(CCC(=O)NC(C(=O)N4CC(O)CC4C(=O)NC(C)c4ccc(-c5scnc5C)cc4)C(C)(C)C)CC3)cc2OC)ncc1C(F)(F)F,3262
CNC(=O)c1ccccc1Nc1cc(Nc2ccc(N3CCN(CC(=O)NC(C(=O)N4CC(O)CC4C(=O)NC(C)c4ccc(-c5scnc5C)cc4)C(C)(C)C)CC3)cc2OC)ncc1C(F)(F)F,3263
COc1ncc(-c2ccc3ncc(-c4nnc(-c5ccccc5C(=O)NC(C(=O)N5CC(O)CC5C(=O)NCc5ccc(-c6scnc6C)cc5)C(C)(C)C)o4)n3c2)cc1NS(=O)(=O)c1ccc(F)cc1F,3285
COc1ncc(-c2ccc3ncc(-c4nnc(-c5ccccc5C(=O)NCCC(=O)NC(C(=O)N5CC(O)CC5C(=O)NCc5ccc(-c6scnc6C)cc5)C(C)(C)C)o4)n3c2)cc1NS(=O)(=O)c1ccc(F)cc1F,3286
COc1ncc(-c2ccc3ncc(-c4nnc(-c5ccccc5C(=O)NCCCC(=O)NC(C(=O)N5CC(O)CC5C(=O)NCc5ccc(-c6scnc6C)cc5)C(C)(C)C)o4)n3c2)cc1NS(=O)(=O)c1ccc(F)cc1F,3287
COc1ncc(-c2ccc3ncc(-c4nnc(-c5ccccc5C(=O)NCCCCC(=O)NC(C(=O)N5CC(O)CC5C(=O)NCc5ccc(-c6scnc6C)cc5)C(C)(C)C)o4)n3c2)cc1NS(=O)(=O)c1ccc(F)cc1F,3288
COc1ncc(-c2ccc3ncc(-c4nnc(-c5ccccc5C(=O)NCCCCCC(=O)NC(C(=O)N5CC(O)CC5C(=O)NCc5ccc(-c6scnc6C)cc5)C(C)(C)C)o4)n3c2)cc1NS(=O)(=O)c1ccc(F)cc1F,3289
COc1ncc(-c2ccc3ncc(-c4nnc(-c5ccccc5C(=O)NCCCCCCC(=O)NC(C(=O)N5CC(O)CC5C(=O)NCc5ccc(-c6scnc6C)cc5)C(C)(C)C)o4)n3c2)cc1NS(=O)(=O)c1ccc(F)cc1F,3290
COc1ncc(-c2ccc3ncc(-c4nnc(-c5ccccc5C(=O)NCCOCC(=O)NC(C(=O)N5CC(O)CC5C(=O)NCc5ccc(-c6scnc6C)cc5)C(C)(C)C)o4)n3c2)cc1NS(=O)(=O)c1ccc(F)cc1F,3292
CC(C)c1ccc(C=C2SC(=S)N(CCCCCCCCNC(=O)c3ccc4c(c3)C(=O)N(C3CCC(=O)NC3=O)C4=O)C2=O)cc1,3316
Cc1ncsc1-c1ccc(C(C)NC(=O)C2CC(O)CN2C(=O)C(NC(=O)CCCCOc2ccc(-c3csc(N4CCOC(C)C4)n3)cc2)C(C)(C)C)cc1,3393
Cc1ncsc1-c1ccc(C(C)NC(=O)C2CC(O)CN2C(=O)C(NC(=O)CCCCOc2ccc(-c3csc(N4CCOCC4C)n3)cc2)C(C)(C)C)cc1,3394
Cc1ncsc1-c1ccc(C(C)NC(=O)C2CC(O)CN2C(=O)C(NC(=O)CCCCOc2ccc(-c3csc(N4CC(C)OC(C)C4)n3)cc2)C(C)(C)C)cc1,3395
Cc1ncsc1-c1ccc(C(C)NC(=O)C2CC(O)CN2C(=O)C(NC(=O)CCCCOc2ccc(-c3csc(N4CC(C)OCC4C)n3)cc2)C(C)(C)C)cc1,3396
Cc1ncsc1-c1ccc(C(C)NC(=O)C2CC(O)CN2C(=O)C(NC(=O)CCCCOc2ccc(-c3csc(N4CCOC(C)(C)C4)n3)cc2)C(C)(C)C)cc1,3397
CCC1COCCN1c1nc(-c2ccc(OCCCCC(=O)NC(C(=O)N3CC(O)CC3C(=O)NC(C)c3ccc(-c4scnc4C)cc3)C(C)(C)C)cc2)cs1,3398
Cc1ncsc1-c1ccc(C(C)NC(=O)C2CC(O)CN2C(=O)C(NC(=O)CCCCOc2ccc(-c3csc(N4CC5CCC(C4)O5)n3)cc2)C(C)(C)C)cc1,3399
Cc1ncsc1-c1ccc(C(C)NC(=O)C2CC(O)CN2C(=O)C(NC(=O)CCCCOc2ccc(-c3csc(N4CC5(COC5)C4)n3)cc2)C(C)(C)C)cc1,3400
Cc1ncsc1-c1ccc(C(C)NC(=O)C2CC(O)CN2C(=O)C(NC(=O)CCCCOc2ccc(-c3csc(N4CCC5(COC5)C4)n3)cc2)C(C)(C)C)cc1,3401
Cc1ncsc1-c1ccc(C(C)NC(=O)C2CC(O)CN2C(=O)C(NC(=O)CCCCOc2ccc(-c3csc(N4CC5(CCOCC5)C4)n3)cc2)C(C)(C)C)cc1,3402
Cc1ncsc1-c1ccc(C(C)NC(=O)C2CC(O)CN2C(=O)C(NC(=O)CCCCOc2ccc(-c3csc(N4CCOCC4)n3)cc2F)C(C)(C)C)cc1,3403
Cc1ncsc1-c1ccc(C(C)NC(=O)C2CC(O)CN2C(=O)C(NC(=O)CCCCOc2ccc(-c3csc(N4CCOCC4)n3)c(F)c2)C(C)(C)C)cc1,3404
COc1c(-c2csc(N3CCOCC3)n2)ccc(OCCCCC(=O)NC(C(=O)N2CC(O)CC2C(=O)NC(C)c2ccc(-c3scnc3C)cc2)C(C)(C)C)c1F,3405
Cc1cc(OCCCCC(=O)NC(C(=O)N2CC(O)CC2C(=O)NC(C)c2ccc(-c3scnc3C)cc2)C(C)(C)C)ccc1-c1csc(N2CCOCC2)n1,3406
Cc1ncsc1-c1ccc(C(C)NC(=O)C2CC(O)CN2C(=O)C(NC(=O)CCCCOc2ccc(-c3csc(N4CCOCC4)n3)cc2[N+](=O)[O-])C(C)(C)C)cc1,3407
Cc1ncsc1-c1ccc(C(C)NC(=O)C2CC(O)CN2C(=O)C(NC(=O)CCCCOc2ccc(-c3csc(N4CCOCC4)n3)cc2N)C(C)(C)C)cc1,3408
COc1cc(N2CCC(OCC(=O)NC(C(=O)N3CC(O)CC3C(=O)NCc3ccc(-c4scnc4C)cc3)C(C)(C)C)CC2)ccc1NC(=O)c1cccc(-c2ccn[nH]2)n1,3435
COc1cc(N2CCC(OCC(=O)NC(C(=O)N3CC(O)CC3C(=O)NC(C)c3ccc(-c4scnc4C)cc3)C(C)(C)C)CC2)ccc1NC(=O)c1cccc(-c2ccn[nH]2)n1,3436
COc1cc(N2CCN(C(=O)OCC(=O)NC(C(=O)N3CC(O)CC3C(=O)NCc3ccc(-c4scnc4C)cc3)C(C)(C)C)CC2)ccc1NC(=O)c1cccc(-c2ccn[nH]2)n1,3437
COc1cc(N2CCN(C(=O)OCC(=O)NC(C(=O)N3CC(O)CC3C(=O)NC(C)c3ccc(-c4scnc4C)cc3)C(C)(C)C)CC2)ccc1NC(=O)c1cccc(-c2ccn[nH]2)n1,3438
COc1cc(N2CCC(OCC(=O)NC(C(=O)N3CC(O)CC3C(=O)NCc3ccc(-c4scnc4C)cc3F)C(C)(C)C)CC2)ccc1NC(=O)c1cccc(-c2ccn[nH]2)n1,3439
COc1cc(N2CCC(OCC(=O)NC(C(=O)N3CC(O)CC3C(=O)NC(C)c3ccc(-c4scnc4C)cc3)C(C)(C)C)CC2C)ccc1NC(=O)c1cccc(-c2ccn[nH]2)n1,3440
COc1cc(N2CCC(OCC(=O)NC(C(=O)N3CC(O)CC3C(=O)NC(C)c3ccc(-c4scnc4C)cc3)C(C)(C)C)C(C)C2)ccc1NC(=O)c1cccc(-c2ccn[nH]2)n1,3441
NC(=O)c1c(-c2ccc(Oc3ccccc3)cc2)nn2c1NCCC2C1CCN(C(=O)c2cn(CCOCCOCCOCCOCCNc3cccc4c3C(=O)N(C3CCC(=O)NC3=O)C4=O)nn2)CC1,3453
NC(=O)c1c(-c2ccc(Oc3ccccc3)cc2)nn2c1NCCC2C1CCN(C(=O)c2cn(CCOCCOCCOCCOCCOCCNc3ccc4c(c3)C(=O)N(C3CCC(=O)NC3=O)C4=O)nn2)CC1,3454
NC(=O)c1c(-c2ccc(Oc3ccccc3)cc2)nn2c1NCCC2C1CCN(C(=O)c2cn(CCOCCOCCOCCOCCOCCNc3cccc4c3C(=O)N(C3CCC(=O)NC3=O)C4=O)nn2)CC1,3455
NC(=O)c1c(-c2ccc(Oc3ccccc3)cc2)nn2c1NCCC2C1CCN(C(=O)c2cn(CCOCCOCCOCCOCCOCCOCCNc3cccc4c3C(=O)N(C3CCC(=O)NC3=O)C4=O)nn2)CC1,3456
NC(=O)c1c(-c2ccc(Oc3ccccc3)cc2)nn2c1NCCC2C1CCN(C(=O)c2cn(CCOCCOCC(=O)Nc3ccc4c(c3)C(=O)N(C3CCC(=O)NC3=O)C4=O)nn2)CC1,3457
NC(=O)c1c(-c2ccc(Oc3ccccc3)cc2)nn2c1NCCC2C1CCN(C(=O)CCc2ccc(N3CCN(c4ccc5c(c4)C(=O)N(C4CCC(=O)NC4=O)C5=O)CC3)cc2)CC1,3458
NC(=O)c1c(-c2ccc(Oc3ccccc3)cc2)nn2c1NCCC2C1CCN(C(=O)CCCc2ccc(NC(=O)CNc3ccc4c(c3)C(=O)N(C3CCC(=O)NC3=O)C4=O)cc2)CC1,3459
NC(=O)c1c(-c2ccc(Oc3ccccc3)cc2)nn2c1NCCC2C1CCN(C(=O)CCN2CCN(C(=O)CNc3ccc4c(c3)C(=O)N(C3CCC(=O)NC3=O)C4=O)CC2)CC1,3460
CN(CCC(=O)N1CCC(C2CCNc3c(C(N)=O)c(-c4ccc(Oc5ccccc5)cc4)nn32)CC1)CC1CCN(c2ccc3c(c2)C(=O)N(C2CCC(=O)NC2=O)C3=O)CC1,3461
NC(=O)c1c(-c2ccc(Oc3ccccc3)cc2)nn2c1NCCC2C1CCN(C(=O)CCC2CCC(N3CCN(c4ccc5c(c4)C(=O)N(C4CCC(=O)NC4=O)C5=O)CC3)CC2)CC1,3462
NC(=O)c1c(-c2ccc(Oc3ccccc3)cc2)nn2c1NCCC2C1CCN(C(=O)CCCN2CCN(C(=O)CNc3ccc4c(c3)C(=O)N(C3CCC(=O)NC3=O)C4=O)CC2)CC1,3463
CN(CC1CCN(C(=O)c2ccc(N3CCC(=O)NC3=O)cc2)CC1)C1CC(C(=O)N2CCC(C3CCNc4c(C(N)=O)c(-c5ccc(Oc6ccccc6)cc5)nn43)CC2)C1,3464
CCN(C)S(=O)(=O)Nc1ccc(F)c(C(=O)c2c[nH]c3ncc(-c4ccc(N5CCN(C(=O)C6CC(Nc7cccc8c7C(=O)N(C7CCC(=O)NC7=O)C8=O)C6)CC5)nc4)cc23)c1F,3478
CCN(C)S(=O)(=O)Nc1ccc(F)c(C(=O)c2c[nH]c3ncc(-c4ccc(N5CCN(C(=O)C6CC(Nc7cccc8c7C(=O)N(C7CCC(=O)NC7=O)C8=O)C6)CC5)cc4)cc23)c1F,3481
Cc1ccc(C(=O)Nc2ccc(CN3CCN(CCOCCOCCC(=O)NC(C(=O)C4CC(O)CC4C(=O)NCc4ccc(-c5scnc5C)cc4)C(C)(C)C)CC3)c(C(F)(F)F)c2)cc1C#Cc1cnc2[nH]ncc2c1,3499
CC1C=C2C=CC(C)C(CCC3CC(O)CC(=O)O3)C2C(OC(=O)NCCOCCOCCNc2cccc3c2C(=O)N(C2CCC(=O)NC2=O)C3=O)C1,3515
CC1C=C2C=CC(C)C(CCC3CC(O)CC(=O)O3)C2C(OC(=O)NCCCNc2cccc3c2C(=O)N(C2CCC(=O)NC2=O)C3=O)C1,3516
Cc1ncsc1-c1ccc(CNC(=O)C2CC(O)CN2C(=O)C(NC(=O)CCCCCCCNC(=O)OC2CC(C)C=C3C=CC(C)C(CCC4CC(O)CC(=O)O4)C32)C(C)(C)C)cc1,3517
Cc1ncsc1-c1ccc(CNC(=O)C2CC(O)CN2C(=O)C(NC(=O)CCCCCCCCCCNC(=O)OC2CC(C)C=C3C=CC(C)C(CCC4CC(O)CC(=O)O4)C32)C(C)(C)C)cc1,3518
Cc1ncsc1-c1ccc(CNC(=O)C2CC(O)CN2C(=O)C(NC(=O)CCCCCCCCCCNC(=O)OC2CC(C)C=C3C=CC(C)C(CCC(O)CC(O)CC(=O)O)C32)C(C)(C)C)cc1,3519
Cc1ncsc1-c1ccc(C(C)NC(=O)C2CC(O)CN2C(=O)C(NC(=O)CCOCCOCCNC(=O)CCc2ccc3c(c2)[nH]c2ccncc23)C(C)(C)C)cc1,3572
Cc1ncsc1-c1ccc(C(C)NC(=O)C2CC(O)CN2C(=O)C(NC(=O)CCCCCCCNC(=O)CCc2ccc3c(c2)[nH]c2ccncc23)C(C)(C)C)cc1,3575
Cc1ncsc1-c1ccc(CNC(=O)C2CC(O)CN2C(=O)C(NC(=O)COCCOCCOCCNC(=O)Cc2cccc(OCCCN(Cc3cccc(C(F)(F)F)c3Cl)CC(c3ccccc3)c3ccccc3)c2)C(C)(C)C)cc1,3576
Cc1ncsc1-c1ccc(CNC(=O)C2CC(O)CN2C(=O)C(NC(=O)COCCOCCOCCOCCNC(=O)Cc2cccc(OCCCN(Cc3cccc(C(F)(F)F)c3Cl)CC(c3ccccc3)c3ccccc3)c2)C(C)(C)C)cc1,3577
Cc1ncsc1-c1ccc(CNC(=O)C2CC(O)CN2C(=O)C(NC(=O)COCCOCCOCCOCCOCCOCCNC(=O)Cc2cccc(OCCCN(Cc3cccc(C(F)(F)F)c3Cl)CC(c3ccccc3)c3ccccc3)c2)C(C)(C)C)cc1,3579
Cc1ncsc1-c1ccc(CNC(=O)C2CC(O)CN2C(=O)C(NC(=O)CCOCCOCCC(=O)NCCN2CCN(Cc3cccc(-c4ccc(N5CCN(C)CC5)c(NC(=O)c5c[nH]c(=O)cc5C(F)(F)F)c4)c3)CC2)C(C)(C)C)cc1,3608
Cc1ncsc1-c1ccc(CNC(=O)C2CC(O)CN2C(=O)C(NC(=O)CCOCCOCCOCCC(=O)NCCN2CCN(Cc3cccc(-c4ccc(N5CCN(C)CC5)c(NC(=O)c5c[nH]c(=O)cc5C(F)(F)F)c4)c3)CC2)C(C)(C)C)cc1,3609
Cc1ncsc1-c1ccc(CNC(=O)C2CC(O)CN2C(=O)C(NC(=O)CCOCCOCCOCCOCCC(=O)NCCN2CCN(Cc3cccc(-c4ccc(N5CCN(C)CC5)c(NC(=O)c5c[nH]c(=O)cc5C(F)(F)F)c4)c3)CC2)C(C)(C)C)cc1,3610
Cc1ncsc1-c1ccc(CNC(=O)C2CC(O)CN2C(=O)C(NC(=O)CCOCCOCCOCCOCCOCCC(=O)NCCN2CCN(Cc3cccc(-c4ccc(N5CCN(C)CC5)c(NC(=O)c5c[nH]c(=O)cc5C(F)(F)F)c4)c3)CC2)C(C)(C)C)cc1,3611
Cc1ncsc1-c1ccc(CNC(=O)C2CC(O)CN2C(=O)C(NC(=O)CCCCCCC(=O)NCCN2CCN(Cc3cccc(-c4ccc(N5CCN(C)CC5)c(NC(=O)c5c[nH]c(=O)cc5C(F)(F)F)c4)c3)CC2)C(C)(C)C)cc1,3612
Cc1ncsc1-c1ccc(CNC(=O)C2CC(O)CN2C(=O)C(NC(=O)CCCCCCCC(=O)NCCN2CCN(Cc3cccc(-c4ccc(N5CCN(C)CC5)c(NC(=O)c5c[nH]c(=O)cc5C(F)(F)F)c4)c3)CC2)C(C)(C)C)cc1,3613
Cc1ncsc1-c1ccc(CNC(=O)C2CC(O)CN2C(=O)C(NC(=O)CCCCCCCCC(=O)NCCN2CCN(Cc3cccc(-c4ccc(N5CCN(C)CC5)c(NC(=O)c5c[nH]c(=O)cc5C(F)(F)F)c4)c3)CC2)C(C)(C)C)cc1,3614
Cc1ncsc1-c1ccc(CNC(=O)C2CC(O)CN2C(=O)C(NC(=O)CCCCCCCCCC(=O)NCCN2CCN(Cc3cccc(-c4ccc(N5CCN(C)CC5)c(NC(=O)c5c[nH]c(=O)cc5C(F)(F)F)c4)c3)CC2)C(C)(C)C)cc1,3615
Cc1ncsc1-c1ccc(CNC(=O)C2CC(O)CN2C(=O)C(NC(=O)CCCCCCCCCCC(=O)NCCN2CCN(Cc3cccc(-c4ccc(N5CCN(C)CC5)c(NC(=O)c5c[nH]c(=O)cc5C(F)(F)F)c4)c3)CC2)C(C)(C)C)cc1,3616
Cc1ncsc1-c1ccc(CNC(=O)C2CC(O)CN2C(=O)C(NC(=O)CCC(=O)N2CCN(Cc3cccc(-c4ccc(N5CCN(C)CC5)c(NC(=O)c5c[nH]c(=O)cc5C(F)(F)F)c4)c3)CC2)C(C)(C)C)cc1,3619
Cc1ncsc1-c1ccc(CNC(=O)C2CC(O)CN2C(=O)C(NC(=O)CNC(=O)c2cccc(-c3ccc(N4CCN(C)CC4)c(NC(=O)c4c[nH]c(=O)cc4C(F)(F)F)c3)c2)C(C)(C)C)cc1,3620
Cc1ncsc1-c1ccc(C(C)NC(=O)C2CC(O)CN2C(=O)C(NC(=O)CNC(=O)c2cccc(-c3ccc(N4CCN(C)CC4)c(NC(=O)c4c[nH]c(=O)cc4C(F)(F)F)c3)c2)C(C)(C)C)cc1,3621
Cc1ncsc1-c1ccc(CNC(=O)C2CC(O)CN2C(=O)C(NC(=O)CNC(=O)c2ccc(F)c(-c3ccc(N4CCN(C)CC4)c(NC(=O)c4c[nH]c(=O)cc4C(F)(F)F)c3)c2)C(C)(C)C)cc1,3622
Cc1ncsc1-c1ccc(CNC(=O)C2CC(O)CN2C(=O)C(NC(=O)CNC(=O)c2cccc(-c3ccc(N4CC(C)N(C)C(C)C4)c(NC(=O)c4c[nH]c(=O)cc4C(F)(F)F)c3)c2)C(C)(C)C)cc1,3623
Cc1ncsc1-c1ccc(CNC(=O)C2CC(O)CN2C(=O)C(NC(=O)CNC(=O)c2ccc(F)c(-c3ccc(N4CC(C)N(C)C(C)C4)c(NC(=O)c4c[nH]c(=O)cc4C(F)(F)F)c3)c2)C(C)(C)C)cc1,3624
Cc1ncsc1-c1ccc(C(C)NC(=O)C2CC(O)CN2C(=O)C(NC(=O)CNC(=O)c2ccc(F)c(-c3ccc(N4CC(C)N(C)C(C)C4)c(NC(=O)c4c[nH]c(=O)cc4C(F)(F)F)c3)c2)C(C)(C)C)cc1,3625
CC(=O)N1CCCN(c2nc(NCCc3cccs3)nc(N(C)CC(=O)NCCOCCOCCOCC(=O)NC(C(=O)N3CC(O)CC3C(=O)NCc3ccc(-c4scnc4C)cc3)C(C)(C)C)n2)CC1,3626
